--------------------------------------------------------
-- Archivo creado  - martes-febrero-04-2020   
--------------------------------------------------------
REM INSERTING into T_GEND_ARCHIVO
SET DEFINE OFF;
REM INSERTING into T_GEND_DETALLE_INICIATIVA
SET DEFINE OFF;
Insert into T_GEND_DETALLE_INICIATIVA (ID_DETALLE_INICIATIVA,ID_INICIATIVA,ID_REMITENTE,ID_DESTINO,DESC_INICIATIVA,ID_ETAPA,ID_ESTADO,OBSERVACIONES,FECHA_DERIVACION,FECHA_RECEPCION) values ('410','225','81',null,null,'1','2',null,to_date('31/01/20','DD/MM/RR'),null);
Insert into T_GEND_DETALLE_INICIATIVA (ID_DETALLE_INICIATIVA,ID_INICIATIVA,ID_REMITENTE,ID_DESTINO,DESC_INICIATIVA,ID_ETAPA,ID_ESTADO,OBSERVACIONES,FECHA_DERIVACION,FECHA_RECEPCION) values ('446','227','105','81','REGISTRO INICIATIVA','1','1',null,to_date('03/02/20','DD/MM/RR'),null);
Insert into T_GEND_DETALLE_INICIATIVA (ID_DETALLE_INICIATIVA,ID_INICIATIVA,ID_REMITENTE,ID_DESTINO,DESC_INICIATIVA,ID_ETAPA,ID_ESTADO,OBSERVACIONES,FECHA_DERIVACION,FECHA_RECEPCION) values ('402','221','102','81','REGISTRO INICIATIVA','1','1',null,to_date('31/01/20','DD/MM/RR'),null);
Insert into T_GEND_DETALLE_INICIATIVA (ID_DETALLE_INICIATIVA,ID_INICIATIVA,ID_REMITENTE,ID_DESTINO,DESC_INICIATIVA,ID_ETAPA,ID_ESTADO,OBSERVACIONES,FECHA_DERIVACION,FECHA_RECEPCION) values ('403','222','102','81','REGISTRO INICIATIVA','1','1',null,to_date('31/01/20','DD/MM/RR'),null);
Insert into T_GEND_DETALLE_INICIATIVA (ID_DETALLE_INICIATIVA,ID_INICIATIVA,ID_REMITENTE,ID_DESTINO,DESC_INICIATIVA,ID_ETAPA,ID_ESTADO,OBSERVACIONES,FECHA_DERIVACION,FECHA_RECEPCION) values ('404','223','102','81','REGISTRO INICIATIVA','1','1',null,to_date('31/01/20','DD/MM/RR'),null);
Insert into T_GEND_DETALLE_INICIATIVA (ID_DETALLE_INICIATIVA,ID_INICIATIVA,ID_REMITENTE,ID_DESTINO,DESC_INICIATIVA,ID_ETAPA,ID_ESTADO,OBSERVACIONES,FECHA_DERIVACION,FECHA_RECEPCION) values ('405','224','106','81','REGISTRO INICIATIVA','1','1',null,to_date('31/01/20','DD/MM/RR'),null);
Insert into T_GEND_DETALLE_INICIATIVA (ID_DETALLE_INICIATIVA,ID_INICIATIVA,ID_REMITENTE,ID_DESTINO,DESC_INICIATIVA,ID_ETAPA,ID_ESTADO,OBSERVACIONES,FECHA_DERIVACION,FECHA_RECEPCION) values ('406','223','81',null,null,'1','2',null,to_date('31/01/20','DD/MM/RR'),null);
Insert into T_GEND_DETALLE_INICIATIVA (ID_DETALLE_INICIATIVA,ID_INICIATIVA,ID_REMITENTE,ID_DESTINO,DESC_INICIATIVA,ID_ETAPA,ID_ESTADO,OBSERVACIONES,FECHA_DERIVACION,FECHA_RECEPCION) values ('407','223','102','81','REGISTRO DE INICIATIVA','1','1',null,to_date('31/01/20','DD/MM/RR'),null);
Insert into T_GEND_DETALLE_INICIATIVA (ID_DETALLE_INICIATIVA,ID_INICIATIVA,ID_REMITENTE,ID_DESTINO,DESC_INICIATIVA,ID_ETAPA,ID_ESTADO,OBSERVACIONES,FECHA_DERIVACION,FECHA_RECEPCION) values ('409','224','81',null,null,'2','3',null,to_date('31/01/20','DD/MM/RR'),null);
Insert into T_GEND_DETALLE_INICIATIVA (ID_DETALLE_INICIATIVA,ID_INICIATIVA,ID_REMITENTE,ID_DESTINO,DESC_INICIATIVA,ID_ETAPA,ID_ESTADO,OBSERVACIONES,FECHA_DERIVACION,FECHA_RECEPCION) values ('414','192','102',null,'REGISTRAR DETALLE INDICADOR','3','1',null,to_date('31/01/20','DD/MM/RR'),null);
Insert into T_GEND_DETALLE_INICIATIVA (ID_DETALLE_INICIATIVA,ID_INICIATIVA,ID_REMITENTE,ID_DESTINO,DESC_INICIATIVA,ID_ETAPA,ID_ESTADO,OBSERVACIONES,FECHA_DERIVACION,FECHA_RECEPCION) values ('424','221','81',null,null,'1','2',null,to_date('01/02/20','DD/MM/RR'),null);
Insert into T_GEND_DETALLE_INICIATIVA (ID_DETALLE_INICIATIVA,ID_INICIATIVA,ID_REMITENTE,ID_DESTINO,DESC_INICIATIVA,ID_ETAPA,ID_ESTADO,OBSERVACIONES,FECHA_DERIVACION,FECHA_RECEPCION) values ('425','221','102','81','REGISTRO DE INICIATIVA','1','1',null,to_date('01/02/20','DD/MM/RR'),null);
Insert into T_GEND_DETALLE_INICIATIVA (ID_DETALLE_INICIATIVA,ID_INICIATIVA,ID_REMITENTE,ID_DESTINO,DESC_INICIATIVA,ID_ETAPA,ID_ESTADO,OBSERVACIONES,FECHA_DERIVACION,FECHA_RECEPCION) values ('426','190','102',null,null,'3','2',null,to_date('01/02/20','DD/MM/RR'),null);
Insert into T_GEND_DETALLE_INICIATIVA (ID_DETALLE_INICIATIVA,ID_INICIATIVA,ID_REMITENTE,ID_DESTINO,DESC_INICIATIVA,ID_ETAPA,ID_ESTADO,OBSERVACIONES,FECHA_DERIVACION,FECHA_RECEPCION) values ('438','203','107',null,null,'6','3',null,to_date('01/02/20','DD/MM/RR'),null);
Insert into T_GEND_DETALLE_INICIATIVA (ID_DETALLE_INICIATIVA,ID_INICIATIVA,ID_REMITENTE,ID_DESTINO,DESC_INICIATIVA,ID_ETAPA,ID_ESTADO,OBSERVACIONES,FECHA_DERIVACION,FECHA_RECEPCION) values ('453','228','105','81','REGISTRO INICIATIVA','1','1',null,to_date('03/02/20','DD/MM/RR'),null);
Insert into T_GEND_DETALLE_INICIATIVA (ID_DETALLE_INICIATIVA,ID_INICIATIVA,ID_REMITENTE,ID_DESTINO,DESC_INICIATIVA,ID_ETAPA,ID_ESTADO,OBSERVACIONES,FECHA_DERIVACION,FECHA_RECEPCION) values ('454','228','81',null,null,'2','3',null,to_date('03/02/20','DD/MM/RR'),null);
Insert into T_GEND_DETALLE_INICIATIVA (ID_DETALLE_INICIATIVA,ID_INICIATIVA,ID_REMITENTE,ID_DESTINO,DESC_INICIATIVA,ID_ETAPA,ID_ESTADO,OBSERVACIONES,FECHA_DERIVACION,FECHA_RECEPCION) values ('455','228','105',null,'REGISTRAR DETALLE INDICADOR','3','1',null,to_date('03/02/20','DD/MM/RR'),null);
Insert into T_GEND_DETALLE_INICIATIVA (ID_DETALLE_INICIATIVA,ID_INICIATIVA,ID_REMITENTE,ID_DESTINO,DESC_INICIATIVA,ID_ETAPA,ID_ESTADO,OBSERVACIONES,FECHA_DERIVACION,FECHA_RECEPCION) values ('456','228','81',null,null,'4','3',null,to_date('03/02/20','DD/MM/RR'),null);
Insert into T_GEND_DETALLE_INICIATIVA (ID_DETALLE_INICIATIVA,ID_INICIATIVA,ID_REMITENTE,ID_DESTINO,DESC_INICIATIVA,ID_ETAPA,ID_ESTADO,OBSERVACIONES,FECHA_DERIVACION,FECHA_RECEPCION) values ('457','228','22',null,null,'4','2',null,to_date('03/02/20','DD/MM/RR'),null);
Insert into T_GEND_DETALLE_INICIATIVA (ID_DETALLE_INICIATIVA,ID_INICIATIVA,ID_REMITENTE,ID_DESTINO,DESC_INICIATIVA,ID_ETAPA,ID_ESTADO,OBSERVACIONES,FECHA_DERIVACION,FECHA_RECEPCION) values ('458','228','81',null,null,'3','2',null,to_date('03/02/20','DD/MM/RR'),null);
Insert into T_GEND_DETALLE_INICIATIVA (ID_DETALLE_INICIATIVA,ID_INICIATIVA,ID_REMITENTE,ID_DESTINO,DESC_INICIATIVA,ID_ETAPA,ID_ESTADO,OBSERVACIONES,FECHA_DERIVACION,FECHA_RECEPCION) values ('408','225','103','81','REGISTRO INICIATIVA','1','1',null,to_date('31/01/20','DD/MM/RR'),null);
Insert into T_GEND_DETALLE_INICIATIVA (ID_DETALLE_INICIATIVA,ID_INICIATIVA,ID_REMITENTE,ID_DESTINO,DESC_INICIATIVA,ID_ETAPA,ID_ESTADO,OBSERVACIONES,FECHA_DERIVACION,FECHA_RECEPCION) values ('416','225','103',null,'REGISTRAR DETALLE INDICADOR','3','1',null,to_date('31/01/20','DD/MM/RR'),null);
Insert into T_GEND_DETALLE_INICIATIVA (ID_DETALLE_INICIATIVA,ID_INICIATIVA,ID_REMITENTE,ID_DESTINO,DESC_INICIATIVA,ID_ETAPA,ID_ESTADO,OBSERVACIONES,FECHA_DERIVACION,FECHA_RECEPCION) values ('417','200','81',null,null,'2','3',null,to_date('31/01/20','DD/MM/RR'),null);
Insert into T_GEND_DETALLE_INICIATIVA (ID_DETALLE_INICIATIVA,ID_INICIATIVA,ID_REMITENTE,ID_DESTINO,DESC_INICIATIVA,ID_ETAPA,ID_ESTADO,OBSERVACIONES,FECHA_DERIVACION,FECHA_RECEPCION) values ('418','199','81',null,null,'2','3',null,to_date('31/01/20','DD/MM/RR'),null);
Insert into T_GEND_DETALLE_INICIATIVA (ID_DETALLE_INICIATIVA,ID_INICIATIVA,ID_REMITENTE,ID_DESTINO,DESC_INICIATIVA,ID_ETAPA,ID_ESTADO,OBSERVACIONES,FECHA_DERIVACION,FECHA_RECEPCION) values ('419','200','103',null,'REGISTRAR DETALLE INDICADOR','3','1',null,to_date('31/01/20','DD/MM/RR'),null);
Insert into T_GEND_DETALLE_INICIATIVA (ID_DETALLE_INICIATIVA,ID_INICIATIVA,ID_REMITENTE,ID_DESTINO,DESC_INICIATIVA,ID_ETAPA,ID_ESTADO,OBSERVACIONES,FECHA_DERIVACION,FECHA_RECEPCION) values ('435','226','121',null,'REGISTRAR DETALLE INDICADOR','3','1',null,to_date('01/02/20','DD/MM/RR'),null);
Insert into T_GEND_DETALLE_INICIATIVA (ID_DETALLE_INICIATIVA,ID_INICIATIVA,ID_REMITENTE,ID_DESTINO,DESC_INICIATIVA,ID_ETAPA,ID_ESTADO,OBSERVACIONES,FECHA_DERIVACION,FECHA_RECEPCION) values ('448','227','105',null,'REGISTRAR DETALLE INDICADOR','3','1',null,to_date('03/02/20','DD/MM/RR'),null);
Insert into T_GEND_DETALLE_INICIATIVA (ID_DETALLE_INICIATIVA,ID_INICIATIVA,ID_REMITENTE,ID_DESTINO,DESC_INICIATIVA,ID_ETAPA,ID_ESTADO,OBSERVACIONES,FECHA_DERIVACION,FECHA_RECEPCION) values ('449','227','81',null,null,'4','3',null,to_date('03/02/20','DD/MM/RR'),null);
Insert into T_GEND_DETALLE_INICIATIVA (ID_DETALLE_INICIATIVA,ID_INICIATIVA,ID_REMITENTE,ID_DESTINO,DESC_INICIATIVA,ID_ETAPA,ID_ESTADO,OBSERVACIONES,FECHA_DERIVACION,FECHA_RECEPCION) values ('451','227','107',null,null,'6','3',null,to_date('03/02/20','DD/MM/RR'),null);
Insert into T_GEND_DETALLE_INICIATIVA (ID_DETALLE_INICIATIVA,ID_INICIATIVA,ID_REMITENTE,ID_DESTINO,DESC_INICIATIVA,ID_ETAPA,ID_ESTADO,OBSERVACIONES,FECHA_DERIVACION,FECHA_RECEPCION) values ('401','206','105',null,'REGISTRAR DETALLE INDICADOR','3','1',null,to_date('31/01/20','DD/MM/RR'),null);
Insert into T_GEND_DETALLE_INICIATIVA (ID_DETALLE_INICIATIVA,ID_INICIATIVA,ID_REMITENTE,ID_DESTINO,DESC_INICIATIVA,ID_ETAPA,ID_ESTADO,OBSERVACIONES,FECHA_DERIVACION,FECHA_RECEPCION) values ('411','225','103',null,'GUARDAR AVANCE','1','0',null,to_date('31/01/20','DD/MM/RR'),null);
Insert into T_GEND_DETALLE_INICIATIVA (ID_DETALLE_INICIATIVA,ID_INICIATIVA,ID_REMITENTE,ID_DESTINO,DESC_INICIATIVA,ID_ETAPA,ID_ESTADO,OBSERVACIONES,FECHA_DERIVACION,FECHA_RECEPCION) values ('412','225','103','81','REGISTRO DE INICIATIVA','1','1',null,to_date('31/01/20','DD/MM/RR'),null);
Insert into T_GEND_DETALLE_INICIATIVA (ID_DETALLE_INICIATIVA,ID_INICIATIVA,ID_REMITENTE,ID_DESTINO,DESC_INICIATIVA,ID_ETAPA,ID_ESTADO,OBSERVACIONES,FECHA_DERIVACION,FECHA_RECEPCION) values ('413','225','81',null,null,'2','3',null,to_date('31/01/20','DD/MM/RR'),null);
Insert into T_GEND_DETALLE_INICIATIVA (ID_DETALLE_INICIATIVA,ID_INICIATIVA,ID_REMITENTE,ID_DESTINO,DESC_INICIATIVA,ID_ETAPA,ID_ESTADO,OBSERVACIONES,FECHA_DERIVACION,FECHA_RECEPCION) values ('420','199','103',null,'REGISTRAR DETALLE INDICADOR','3','1',null,to_date('31/01/20','DD/MM/RR'),null);
Insert into T_GEND_DETALLE_INICIATIVA (ID_DETALLE_INICIATIVA,ID_INICIATIVA,ID_REMITENTE,ID_DESTINO,DESC_INICIATIVA,ID_ETAPA,ID_ESTADO,OBSERVACIONES,FECHA_DERIVACION,FECHA_RECEPCION) values ('421','194','81',null,null,'2','3',null,to_date('31/01/20','DD/MM/RR'),null);
Insert into T_GEND_DETALLE_INICIATIVA (ID_DETALLE_INICIATIVA,ID_INICIATIVA,ID_REMITENTE,ID_DESTINO,DESC_INICIATIVA,ID_ETAPA,ID_ESTADO,OBSERVACIONES,FECHA_DERIVACION,FECHA_RECEPCION) values ('422','207','81',null,null,'2','3',null,to_date('31/01/20','DD/MM/RR'),null);
Insert into T_GEND_DETALLE_INICIATIVA (ID_DETALLE_INICIATIVA,ID_INICIATIVA,ID_REMITENTE,ID_DESTINO,DESC_INICIATIVA,ID_ETAPA,ID_ESTADO,OBSERVACIONES,FECHA_DERIVACION,FECHA_RECEPCION) values ('423','194','103',null,'REGISTRAR DETALLE INDICADOR','3','1',null,to_date('31/01/20','DD/MM/RR'),null);
Insert into T_GEND_DETALLE_INICIATIVA (ID_DETALLE_INICIATIVA,ID_INICIATIVA,ID_REMITENTE,ID_DESTINO,DESC_INICIATIVA,ID_ETAPA,ID_ESTADO,OBSERVACIONES,FECHA_DERIVACION,FECHA_RECEPCION) values ('429','226','121','81','REGISTRO INICIATIVA','1','1',null,to_date('01/02/20','DD/MM/RR'),null);
Insert into T_GEND_DETALLE_INICIATIVA (ID_DETALLE_INICIATIVA,ID_INICIATIVA,ID_REMITENTE,ID_DESTINO,DESC_INICIATIVA,ID_ETAPA,ID_ESTADO,OBSERVACIONES,FECHA_DERIVACION,FECHA_RECEPCION) values ('430','226','81',null,null,'1','2',null,to_date('01/02/20','DD/MM/RR'),null);
Insert into T_GEND_DETALLE_INICIATIVA (ID_DETALLE_INICIATIVA,ID_INICIATIVA,ID_REMITENTE,ID_DESTINO,DESC_INICIATIVA,ID_ETAPA,ID_ESTADO,OBSERVACIONES,FECHA_DERIVACION,FECHA_RECEPCION) values ('431','226','121','81','REGISTRO DE INICIATIVA','1','1',null,to_date('01/02/20','DD/MM/RR'),null);
Insert into T_GEND_DETALLE_INICIATIVA (ID_DETALLE_INICIATIVA,ID_INICIATIVA,ID_REMITENTE,ID_DESTINO,DESC_INICIATIVA,ID_ETAPA,ID_ESTADO,OBSERVACIONES,FECHA_DERIVACION,FECHA_RECEPCION) values ('432','226','81',null,null,'2','3',null,to_date('01/02/20','DD/MM/RR'),null);
Insert into T_GEND_DETALLE_INICIATIVA (ID_DETALLE_INICIATIVA,ID_INICIATIVA,ID_REMITENTE,ID_DESTINO,DESC_INICIATIVA,ID_ETAPA,ID_ESTADO,OBSERVACIONES,FECHA_DERIVACION,FECHA_RECEPCION) values ('436','226','81',null,null,'3','2',null,to_date('01/02/20','DD/MM/RR'),null);
Insert into T_GEND_DETALLE_INICIATIVA (ID_DETALLE_INICIATIVA,ID_INICIATIVA,ID_REMITENTE,ID_DESTINO,DESC_INICIATIVA,ID_ETAPA,ID_ESTADO,OBSERVACIONES,FECHA_DERIVACION,FECHA_RECEPCION) values ('437','226','121',null,null,'3','5',null,to_date('01/02/20','DD/MM/RR'),null);
Insert into T_GEND_DETALLE_INICIATIVA (ID_DETALLE_INICIATIVA,ID_INICIATIVA,ID_REMITENTE,ID_DESTINO,DESC_INICIATIVA,ID_ETAPA,ID_ESTADO,OBSERVACIONES,FECHA_DERIVACION,FECHA_RECEPCION) values ('439','192','81',null,null,'4','3',null,to_date('01/02/20','DD/MM/RR'),null);
Insert into T_GEND_DETALLE_INICIATIVA (ID_DETALLE_INICIATIVA,ID_INICIATIVA,ID_REMITENTE,ID_DESTINO,DESC_INICIATIVA,ID_ETAPA,ID_ESTADO,OBSERVACIONES,FECHA_DERIVACION,FECHA_RECEPCION) values ('440','194','81',null,null,'4','3',null,to_date('01/02/20','DD/MM/RR'),null);
Insert into T_GEND_DETALLE_INICIATIVA (ID_DETALLE_INICIATIVA,ID_INICIATIVA,ID_REMITENTE,ID_DESTINO,DESC_INICIATIVA,ID_ETAPA,ID_ESTADO,OBSERVACIONES,FECHA_DERIVACION,FECHA_RECEPCION) values ('441','199','81',null,null,'4','3',null,to_date('01/02/20','DD/MM/RR'),null);
Insert into T_GEND_DETALLE_INICIATIVA (ID_DETALLE_INICIATIVA,ID_INICIATIVA,ID_REMITENTE,ID_DESTINO,DESC_INICIATIVA,ID_ETAPA,ID_ESTADO,OBSERVACIONES,FECHA_DERIVACION,FECHA_RECEPCION) values ('447','227','81',null,null,'2','3',null,to_date('03/02/20','DD/MM/RR'),null);
Insert into T_GEND_DETALLE_INICIATIVA (ID_DETALLE_INICIATIVA,ID_INICIATIVA,ID_REMITENTE,ID_DESTINO,DESC_INICIATIVA,ID_ETAPA,ID_ESTADO,OBSERVACIONES,FECHA_DERIVACION,FECHA_RECEPCION) values ('450','227','22',null,null,'5','3',null,to_date('03/02/20','DD/MM/RR'),null);
Insert into T_GEND_DETALLE_INICIATIVA (ID_DETALLE_INICIATIVA,ID_INICIATIVA,ID_REMITENTE,ID_DESTINO,DESC_INICIATIVA,ID_ETAPA,ID_ESTADO,OBSERVACIONES,FECHA_DERIVACION,FECHA_RECEPCION) values ('352','197','103',null,'GUARDAR AVANCE','1','0',null,to_date('30/01/20','DD/MM/RR'),null);
Insert into T_GEND_DETALLE_INICIATIVA (ID_DETALLE_INICIATIVA,ID_INICIATIVA,ID_REMITENTE,ID_DESTINO,DESC_INICIATIVA,ID_ETAPA,ID_ESTADO,OBSERVACIONES,FECHA_DERIVACION,FECHA_RECEPCION) values ('345','194','81',null,null,'1','2',null,to_date('29/01/20','DD/MM/RR'),null);
Insert into T_GEND_DETALLE_INICIATIVA (ID_DETALLE_INICIATIVA,ID_INICIATIVA,ID_REMITENTE,ID_DESTINO,DESC_INICIATIVA,ID_ETAPA,ID_ESTADO,OBSERVACIONES,FECHA_DERIVACION,FECHA_RECEPCION) values ('347','194','81',null,null,'1','2',null,to_date('29/01/20','DD/MM/RR'),null);
Insert into T_GEND_DETALLE_INICIATIVA (ID_DETALLE_INICIATIVA,ID_INICIATIVA,ID_REMITENTE,ID_DESTINO,DESC_INICIATIVA,ID_ETAPA,ID_ESTADO,OBSERVACIONES,FECHA_DERIVACION,FECHA_RECEPCION) values ('370','203','81',null,null,'2','3',null,to_date('30/01/20','DD/MM/RR'),null);
Insert into T_GEND_DETALLE_INICIATIVA (ID_DETALLE_INICIATIVA,ID_INICIATIVA,ID_REMITENTE,ID_DESTINO,DESC_INICIATIVA,ID_ETAPA,ID_ESTADO,OBSERVACIONES,FECHA_DERIVACION,FECHA_RECEPCION) values ('340','195','103','81','REGISTRO INICIATIVA','1','1',null,to_date('29/01/20','DD/MM/RR'),null);
Insert into T_GEND_DETALLE_INICIATIVA (ID_DETALLE_INICIATIVA,ID_INICIATIVA,ID_REMITENTE,ID_DESTINO,DESC_INICIATIVA,ID_ETAPA,ID_ESTADO,OBSERVACIONES,FECHA_DERIVACION,FECHA_RECEPCION) values ('348','197','103',null,'GUARDAR AVANCE','1','0',null,to_date('30/01/20','DD/MM/RR'),null);
Insert into T_GEND_DETALLE_INICIATIVA (ID_DETALLE_INICIATIVA,ID_INICIATIVA,ID_REMITENTE,ID_DESTINO,DESC_INICIATIVA,ID_ETAPA,ID_ESTADO,OBSERVACIONES,FECHA_DERIVACION,FECHA_RECEPCION) values ('349','197','103',null,'GUARDAR AVANCE','1','0',null,to_date('30/01/20','DD/MM/RR'),null);
Insert into T_GEND_DETALLE_INICIATIVA (ID_DETALLE_INICIATIVA,ID_INICIATIVA,ID_REMITENTE,ID_DESTINO,DESC_INICIATIVA,ID_ETAPA,ID_ESTADO,OBSERVACIONES,FECHA_DERIVACION,FECHA_RECEPCION) values ('334','189','102','81','REGISTRO INICIATIVA','1','1',null,to_date('29/01/20','DD/MM/RR'),null);
Insert into T_GEND_DETALLE_INICIATIVA (ID_DETALLE_INICIATIVA,ID_INICIATIVA,ID_REMITENTE,ID_DESTINO,DESC_INICIATIVA,ID_ETAPA,ID_ESTADO,OBSERVACIONES,FECHA_DERIVACION,FECHA_RECEPCION) values ('339','193','103','81','REGISTRO INICIATIVA','1','1',null,to_date('29/01/20','DD/MM/RR'),null);
Insert into T_GEND_DETALLE_INICIATIVA (ID_DETALLE_INICIATIVA,ID_INICIATIVA,ID_REMITENTE,ID_DESTINO,DESC_INICIATIVA,ID_ETAPA,ID_ESTADO,OBSERVACIONES,FECHA_DERIVACION,FECHA_RECEPCION) values ('350','197','103',null,'GUARDAR AVANCE','1','0',null,to_date('30/01/20','DD/MM/RR'),null);
Insert into T_GEND_DETALLE_INICIATIVA (ID_DETALLE_INICIATIVA,ID_INICIATIVA,ID_REMITENTE,ID_DESTINO,DESC_INICIATIVA,ID_ETAPA,ID_ESTADO,OBSERVACIONES,FECHA_DERIVACION,FECHA_RECEPCION) values ('351','197','103',null,'GUARDAR AVANCE','1','0',null,to_date('30/01/20','DD/MM/RR'),null);
Insert into T_GEND_DETALLE_INICIATIVA (ID_DETALLE_INICIATIVA,ID_INICIATIVA,ID_REMITENTE,ID_DESTINO,DESC_INICIATIVA,ID_ETAPA,ID_ESTADO,OBSERVACIONES,FECHA_DERIVACION,FECHA_RECEPCION) values ('382','198','103',null,'GUARDAR AVANCE DETALLE OBSERVACION','3','6',null,to_date('31/01/20','DD/MM/RR'),null);
Insert into T_GEND_DETALLE_INICIATIVA (ID_DETALLE_INICIATIVA,ID_INICIATIVA,ID_REMITENTE,ID_DESTINO,DESC_INICIATIVA,ID_ETAPA,ID_ESTADO,OBSERVACIONES,FECHA_DERIVACION,FECHA_RECEPCION) values ('383','198','103',null,null,'3','5',null,to_date('31/01/20','DD/MM/RR'),null);
Insert into T_GEND_DETALLE_INICIATIVA (ID_DETALLE_INICIATIVA,ID_INICIATIVA,ID_REMITENTE,ID_DESTINO,DESC_INICIATIVA,ID_ETAPA,ID_ESTADO,OBSERVACIONES,FECHA_DERIVACION,FECHA_RECEPCION) values ('384','204','103',null,'REGISTRAR DETALLE INDICADOR','3','1',null,to_date('31/01/20','DD/MM/RR'),null);
Insert into T_GEND_DETALLE_INICIATIVA (ID_DETALLE_INICIATIVA,ID_INICIATIVA,ID_REMITENTE,ID_DESTINO,DESC_INICIATIVA,ID_ETAPA,ID_ESTADO,OBSERVACIONES,FECHA_DERIVACION,FECHA_RECEPCION) values ('385','207','103','81','REGISTRO INICIATIVA','1','1',null,to_date('31/01/20','DD/MM/RR'),null);
Insert into T_GEND_DETALLE_INICIATIVA (ID_DETALLE_INICIATIVA,ID_INICIATIVA,ID_REMITENTE,ID_DESTINO,DESC_INICIATIVA,ID_ETAPA,ID_ESTADO,OBSERVACIONES,FECHA_DERIVACION,FECHA_RECEPCION) values (null,'196','103',null,null,'3','1',null,to_date('29/01/20','DD/MM/RR'),null);
Insert into T_GEND_DETALLE_INICIATIVA (ID_DETALLE_INICIATIVA,ID_INICIATIVA,ID_REMITENTE,ID_DESTINO,DESC_INICIATIVA,ID_ETAPA,ID_ESTADO,OBSERVACIONES,FECHA_DERIVACION,FECHA_RECEPCION) values ('353','197','103',null,'GUARDAR AVANCE','1','0',null,to_date('30/01/20','DD/MM/RR'),null);
Insert into T_GEND_DETALLE_INICIATIVA (ID_DETALLE_INICIATIVA,ID_INICIATIVA,ID_REMITENTE,ID_DESTINO,DESC_INICIATIVA,ID_ETAPA,ID_ESTADO,OBSERVACIONES,FECHA_DERIVACION,FECHA_RECEPCION) values ('354','197','103',null,'GUARDAR AVANCE','1','0',null,to_date('30/01/20','DD/MM/RR'),null);
Insert into T_GEND_DETALLE_INICIATIVA (ID_DETALLE_INICIATIVA,ID_INICIATIVA,ID_REMITENTE,ID_DESTINO,DESC_INICIATIVA,ID_ETAPA,ID_ESTADO,OBSERVACIONES,FECHA_DERIVACION,FECHA_RECEPCION) values ('355','197','103',null,'GUARDAR AVANCE','1','0',null,to_date('30/01/20','DD/MM/RR'),null);
Insert into T_GEND_DETALLE_INICIATIVA (ID_DETALLE_INICIATIVA,ID_INICIATIVA,ID_REMITENTE,ID_DESTINO,DESC_INICIATIVA,ID_ETAPA,ID_ESTADO,OBSERVACIONES,FECHA_DERIVACION,FECHA_RECEPCION) values ('356','197','103','81','CORRECCION INICIATIVA','1','1',null,to_date('30/01/20','DD/MM/RR'),null);
Insert into T_GEND_DETALLE_INICIATIVA (ID_DETALLE_INICIATIVA,ID_INICIATIVA,ID_REMITENTE,ID_DESTINO,DESC_INICIATIVA,ID_ETAPA,ID_ESTADO,OBSERVACIONES,FECHA_DERIVACION,FECHA_RECEPCION) values ('357','198','103','81','REGISTRO INICIATIVA','1','1',null,to_date('30/01/20','DD/MM/RR'),null);
Insert into T_GEND_DETALLE_INICIATIVA (ID_DETALLE_INICIATIVA,ID_INICIATIVA,ID_REMITENTE,ID_DESTINO,DESC_INICIATIVA,ID_ETAPA,ID_ESTADO,OBSERVACIONES,FECHA_DERIVACION,FECHA_RECEPCION) values ('358','198','81',null,null,'2','3',null,to_date('30/01/20','DD/MM/RR'),null);
Insert into T_GEND_DETALLE_INICIATIVA (ID_DETALLE_INICIATIVA,ID_INICIATIVA,ID_REMITENTE,ID_DESTINO,DESC_INICIATIVA,ID_ETAPA,ID_ESTADO,OBSERVACIONES,FECHA_DERIVACION,FECHA_RECEPCION) values ('341','196','81',null,null,'2','3',null,to_date('29/01/20','DD/MM/RR'),null);
Insert into T_GEND_DETALLE_INICIATIVA (ID_DETALLE_INICIATIVA,ID_INICIATIVA,ID_REMITENTE,ID_DESTINO,DESC_INICIATIVA,ID_ETAPA,ID_ESTADO,OBSERVACIONES,FECHA_DERIVACION,FECHA_RECEPCION) values ('342','194','81',null,null,'1','2',null,to_date('29/01/20','DD/MM/RR'),null);
Insert into T_GEND_DETALLE_INICIATIVA (ID_DETALLE_INICIATIVA,ID_INICIATIVA,ID_REMITENTE,ID_DESTINO,DESC_INICIATIVA,ID_ETAPA,ID_ESTADO,OBSERVACIONES,FECHA_DERIVACION,FECHA_RECEPCION) values ('359','199','103','81','REGISTRO INICIATIVA','1','1',null,to_date('30/01/20','DD/MM/RR'),null);
Insert into T_GEND_DETALLE_INICIATIVA (ID_DETALLE_INICIATIVA,ID_INICIATIVA,ID_REMITENTE,ID_DESTINO,DESC_INICIATIVA,ID_ETAPA,ID_ESTADO,OBSERVACIONES,FECHA_DERIVACION,FECHA_RECEPCION) values ('360','200','103','81','REGISTRO INICIATIVA','1','1',null,to_date('30/01/20','DD/MM/RR'),null);
Insert into T_GEND_DETALLE_INICIATIVA (ID_DETALLE_INICIATIVA,ID_INICIATIVA,ID_REMITENTE,ID_DESTINO,DESC_INICIATIVA,ID_ETAPA,ID_ESTADO,OBSERVACIONES,FECHA_DERIVACION,FECHA_RECEPCION) values ('361','201','103','81','REGISTRO INICIATIVA','1','1',null,to_date('30/01/20','DD/MM/RR'),null);
Insert into T_GEND_DETALLE_INICIATIVA (ID_DETALLE_INICIATIVA,ID_INICIATIVA,ID_REMITENTE,ID_DESTINO,DESC_INICIATIVA,ID_ETAPA,ID_ESTADO,OBSERVACIONES,FECHA_DERIVACION,FECHA_RECEPCION) values ('362','202','103','81','REGISTRO INICIATIVA','1','1',null,to_date('30/01/20','DD/MM/RR'),null);
Insert into T_GEND_DETALLE_INICIATIVA (ID_DETALLE_INICIATIVA,ID_INICIATIVA,ID_REMITENTE,ID_DESTINO,DESC_INICIATIVA,ID_ETAPA,ID_ESTADO,OBSERVACIONES,FECHA_DERIVACION,FECHA_RECEPCION) values ('363','198','103',null,null,'3','1',null,to_date('30/01/20','DD/MM/RR'),null);
Insert into T_GEND_DETALLE_INICIATIVA (ID_DETALLE_INICIATIVA,ID_INICIATIVA,ID_REMITENTE,ID_DESTINO,DESC_INICIATIVA,ID_ETAPA,ID_ESTADO,OBSERVACIONES,FECHA_DERIVACION,FECHA_RECEPCION) values ('364','198','81',null,null,'3','2',null,to_date('30/01/20','DD/MM/RR'),null);
Insert into T_GEND_DETALLE_INICIATIVA (ID_DETALLE_INICIATIVA,ID_INICIATIVA,ID_REMITENTE,ID_DESTINO,DESC_INICIATIVA,ID_ETAPA,ID_ESTADO,OBSERVACIONES,FECHA_DERIVACION,FECHA_RECEPCION) values ('365','202','81',null,null,'2','3',null,to_date('30/01/20','DD/MM/RR'),null);
Insert into T_GEND_DETALLE_INICIATIVA (ID_DETALLE_INICIATIVA,ID_INICIATIVA,ID_REMITENTE,ID_DESTINO,DESC_INICIATIVA,ID_ETAPA,ID_ESTADO,OBSERVACIONES,FECHA_DERIVACION,FECHA_RECEPCION) values ('366','201','81',null,null,'2','3',null,to_date('30/01/20','DD/MM/RR'),null);
Insert into T_GEND_DETALLE_INICIATIVA (ID_DETALLE_INICIATIVA,ID_INICIATIVA,ID_REMITENTE,ID_DESTINO,DESC_INICIATIVA,ID_ETAPA,ID_ESTADO,OBSERVACIONES,FECHA_DERIVACION,FECHA_RECEPCION) values ('367','202','103',null,null,'3','1',null,to_date('30/01/20','DD/MM/RR'),null);
Insert into T_GEND_DETALLE_INICIATIVA (ID_DETALLE_INICIATIVA,ID_INICIATIVA,ID_REMITENTE,ID_DESTINO,DESC_INICIATIVA,ID_ETAPA,ID_ESTADO,OBSERVACIONES,FECHA_DERIVACION,FECHA_RECEPCION) values ('368','201','103',null,null,'3','1',null,to_date('30/01/20','DD/MM/RR'),null);
Insert into T_GEND_DETALLE_INICIATIVA (ID_DETALLE_INICIATIVA,ID_INICIATIVA,ID_REMITENTE,ID_DESTINO,DESC_INICIATIVA,ID_ETAPA,ID_ESTADO,OBSERVACIONES,FECHA_DERIVACION,FECHA_RECEPCION) values ('369','203','103','81','REGISTRO INICIATIVA','1','1',null,to_date('30/01/20','DD/MM/RR'),null);
Insert into T_GEND_DETALLE_INICIATIVA (ID_DETALLE_INICIATIVA,ID_INICIATIVA,ID_REMITENTE,ID_DESTINO,DESC_INICIATIVA,ID_ETAPA,ID_ESTADO,OBSERVACIONES,FECHA_DERIVACION,FECHA_RECEPCION) values ('372','204','103','81','REGISTRO INICIATIVA','1','1',null,to_date('30/01/20','DD/MM/RR'),null);
Insert into T_GEND_DETALLE_INICIATIVA (ID_DETALLE_INICIATIVA,ID_INICIATIVA,ID_REMITENTE,ID_DESTINO,DESC_INICIATIVA,ID_ETAPA,ID_ESTADO,OBSERVACIONES,FECHA_DERIVACION,FECHA_RECEPCION) values ('373','204','81',null,null,'2','3',null,to_date('30/01/20','DD/MM/RR'),null);
Insert into T_GEND_DETALLE_INICIATIVA (ID_DETALLE_INICIATIVA,ID_INICIATIVA,ID_REMITENTE,ID_DESTINO,DESC_INICIATIVA,ID_ETAPA,ID_ESTADO,OBSERVACIONES,FECHA_DERIVACION,FECHA_RECEPCION) values ('374','205','105','81','REGISTRO INICIATIVA','1','1',null,to_date('30/01/20','DD/MM/RR'),null);
Insert into T_GEND_DETALLE_INICIATIVA (ID_DETALLE_INICIATIVA,ID_INICIATIVA,ID_REMITENTE,ID_DESTINO,DESC_INICIATIVA,ID_ETAPA,ID_ESTADO,OBSERVACIONES,FECHA_DERIVACION,FECHA_RECEPCION) values ('375','205','81',null,null,'2','3',null,to_date('30/01/20','DD/MM/RR'),null);
Insert into T_GEND_DETALLE_INICIATIVA (ID_DETALLE_INICIATIVA,ID_INICIATIVA,ID_REMITENTE,ID_DESTINO,DESC_INICIATIVA,ID_ETAPA,ID_ESTADO,OBSERVACIONES,FECHA_DERIVACION,FECHA_RECEPCION) values ('376','205','105',null,null,'3','1',null,to_date('30/01/20','DD/MM/RR'),null);
Insert into T_GEND_DETALLE_INICIATIVA (ID_DETALLE_INICIATIVA,ID_INICIATIVA,ID_REMITENTE,ID_DESTINO,DESC_INICIATIVA,ID_ETAPA,ID_ESTADO,OBSERVACIONES,FECHA_DERIVACION,FECHA_RECEPCION) values ('377','205','81',null,null,'4','3',null,to_date('30/01/20','DD/MM/RR'),null);
Insert into T_GEND_DETALLE_INICIATIVA (ID_DETALLE_INICIATIVA,ID_INICIATIVA,ID_REMITENTE,ID_DESTINO,DESC_INICIATIVA,ID_ETAPA,ID_ESTADO,OBSERVACIONES,FECHA_DERIVACION,FECHA_RECEPCION) values ('378','206','105','81','REGISTRO INICIATIVA','1','1',null,to_date('30/01/20','DD/MM/RR'),null);
Insert into T_GEND_DETALLE_INICIATIVA (ID_DETALLE_INICIATIVA,ID_INICIATIVA,ID_REMITENTE,ID_DESTINO,DESC_INICIATIVA,ID_ETAPA,ID_ESTADO,OBSERVACIONES,FECHA_DERIVACION,FECHA_RECEPCION) values ('380','203','81',null,null,'4','3',null,to_date('30/01/20','DD/MM/RR'),null);
Insert into T_GEND_DETALLE_INICIATIVA (ID_DETALLE_INICIATIVA,ID_INICIATIVA,ID_REMITENTE,ID_DESTINO,DESC_INICIATIVA,ID_ETAPA,ID_ESTADO,OBSERVACIONES,FECHA_DERIVACION,FECHA_RECEPCION) values ('381','201','81',null,null,'4','3',null,to_date('30/01/20','DD/MM/RR'),null);
Insert into T_GEND_DETALLE_INICIATIVA (ID_DETALLE_INICIATIVA,ID_INICIATIVA,ID_REMITENTE,ID_DESTINO,DESC_INICIATIVA,ID_ETAPA,ID_ESTADO,OBSERVACIONES,FECHA_DERIVACION,FECHA_RECEPCION) values ('337','191','102','81','REGISTRO INICIATIVA','1','1',null,to_date('29/01/20','DD/MM/RR'),null);
Insert into T_GEND_DETALLE_INICIATIVA (ID_DETALLE_INICIATIVA,ID_INICIATIVA,ID_REMITENTE,ID_DESTINO,DESC_INICIATIVA,ID_ETAPA,ID_ESTADO,OBSERVACIONES,FECHA_DERIVACION,FECHA_RECEPCION) values ('338','192','81',null,null,'2','3',null,to_date('29/01/20','DD/MM/RR'),null);
Insert into T_GEND_DETALLE_INICIATIVA (ID_DETALLE_INICIATIVA,ID_INICIATIVA,ID_REMITENTE,ID_DESTINO,DESC_INICIATIVA,ID_ETAPA,ID_ESTADO,OBSERVACIONES,FECHA_DERIVACION,FECHA_RECEPCION) values ('343','194','81',null,null,'1','2',null,to_date('29/01/20','DD/MM/RR'),null);
Insert into T_GEND_DETALLE_INICIATIVA (ID_DETALLE_INICIATIVA,ID_INICIATIVA,ID_REMITENTE,ID_DESTINO,DESC_INICIATIVA,ID_ETAPA,ID_ESTADO,OBSERVACIONES,FECHA_DERIVACION,FECHA_RECEPCION) values ('344','194','81',null,null,'1','2',null,to_date('29/01/20','DD/MM/RR'),null);
Insert into T_GEND_DETALLE_INICIATIVA (ID_DETALLE_INICIATIVA,ID_INICIATIVA,ID_REMITENTE,ID_DESTINO,DESC_INICIATIVA,ID_ETAPA,ID_ESTADO,OBSERVACIONES,FECHA_DERIVACION,FECHA_RECEPCION) values ('346','194','81',null,null,'1','2',null,to_date('29/01/20','DD/MM/RR'),null);
Insert into T_GEND_DETALLE_INICIATIVA (ID_DETALLE_INICIATIVA,ID_INICIATIVA,ID_REMITENTE,ID_DESTINO,DESC_INICIATIVA,ID_ETAPA,ID_ESTADO,OBSERVACIONES,FECHA_DERIVACION,FECHA_RECEPCION) values ('371','203','103',null,null,'3','1',null,to_date('30/01/20','DD/MM/RR'),null);
Insert into T_GEND_DETALLE_INICIATIVA (ID_DETALLE_INICIATIVA,ID_INICIATIVA,ID_REMITENTE,ID_DESTINO,DESC_INICIATIVA,ID_ETAPA,ID_ESTADO,OBSERVACIONES,FECHA_DERIVACION,FECHA_RECEPCION) values ('379','206','81',null,null,'2','3',null,to_date('30/01/20','DD/MM/RR'),null);
Insert into T_GEND_DETALLE_INICIATIVA (ID_DETALLE_INICIATIVA,ID_INICIATIVA,ID_REMITENTE,ID_DESTINO,DESC_INICIATIVA,ID_ETAPA,ID_ESTADO,OBSERVACIONES,FECHA_DERIVACION,FECHA_RECEPCION) values ('335','190','81',null,null,'2','3',null,to_date('29/01/20','DD/MM/RR'),null);
Insert into T_GEND_DETALLE_INICIATIVA (ID_DETALLE_INICIATIVA,ID_INICIATIVA,ID_REMITENTE,ID_DESTINO,DESC_INICIATIVA,ID_ETAPA,ID_ESTADO,OBSERVACIONES,FECHA_DERIVACION,FECHA_RECEPCION) values ('336','190','102',null,null,'3','1',null,to_date('29/01/20','DD/MM/RR'),null);
Insert into T_GEND_DETALLE_INICIATIVA (ID_DETALLE_INICIATIVA,ID_INICIATIVA,ID_REMITENTE,ID_DESTINO,DESC_INICIATIVA,ID_ETAPA,ID_ESTADO,OBSERVACIONES,FECHA_DERIVACION,FECHA_RECEPCION) values ('415','196','81',null,null,'3','2',null,to_date('31/01/20','DD/MM/RR'),null);
Insert into T_GEND_DETALLE_INICIATIVA (ID_DETALLE_INICIATIVA,ID_INICIATIVA,ID_REMITENTE,ID_DESTINO,DESC_INICIATIVA,ID_ETAPA,ID_ESTADO,OBSERVACIONES,FECHA_DERIVACION,FECHA_RECEPCION) values ('427','205','22',null,null,'4','2',null,to_date('01/02/20','DD/MM/RR'),null);
Insert into T_GEND_DETALLE_INICIATIVA (ID_DETALLE_INICIATIVA,ID_INICIATIVA,ID_REMITENTE,ID_DESTINO,DESC_INICIATIVA,ID_ETAPA,ID_ESTADO,OBSERVACIONES,FECHA_DERIVACION,FECHA_RECEPCION) values ('428','205','0',null,null,'3','2',null,to_date('01/02/20','DD/MM/RR'),null);
Insert into T_GEND_DETALLE_INICIATIVA (ID_DETALLE_INICIATIVA,ID_INICIATIVA,ID_REMITENTE,ID_DESTINO,DESC_INICIATIVA,ID_ETAPA,ID_ESTADO,OBSERVACIONES,FECHA_DERIVACION,FECHA_RECEPCION) values ('433','201','22',null,null,'6','3',null,to_date('01/02/20','DD/MM/RR'),null);
Insert into T_GEND_DETALLE_INICIATIVA (ID_DETALLE_INICIATIVA,ID_INICIATIVA,ID_REMITENTE,ID_DESTINO,DESC_INICIATIVA,ID_ETAPA,ID_ESTADO,OBSERVACIONES,FECHA_DERIVACION,FECHA_RECEPCION) values ('434','203','22',null,null,'5','3',null,to_date('01/02/20','DD/MM/RR'),null);
Insert into T_GEND_DETALLE_INICIATIVA (ID_DETALLE_INICIATIVA,ID_INICIATIVA,ID_REMITENTE,ID_DESTINO,DESC_INICIATIVA,ID_ETAPA,ID_ESTADO,OBSERVACIONES,FECHA_DERIVACION,FECHA_RECEPCION) values ('442','192','22',null,null,'5','3',null,to_date('01/02/20','DD/MM/RR'),null);
Insert into T_GEND_DETALLE_INICIATIVA (ID_DETALLE_INICIATIVA,ID_INICIATIVA,ID_REMITENTE,ID_DESTINO,DESC_INICIATIVA,ID_ETAPA,ID_ESTADO,OBSERVACIONES,FECHA_DERIVACION,FECHA_RECEPCION) values ('443','192','107',null,null,'5','2',null,to_date('01/02/20','DD/MM/RR'),null);
Insert into T_GEND_DETALLE_INICIATIVA (ID_DETALLE_INICIATIVA,ID_INICIATIVA,ID_REMITENTE,ID_DESTINO,DESC_INICIATIVA,ID_ETAPA,ID_ESTADO,OBSERVACIONES,FECHA_DERIVACION,FECHA_RECEPCION) values ('444','192','22',null,null,'5','3',null,to_date('01/02/20','DD/MM/RR'),null);
Insert into T_GEND_DETALLE_INICIATIVA (ID_DETALLE_INICIATIVA,ID_INICIATIVA,ID_REMITENTE,ID_DESTINO,DESC_INICIATIVA,ID_ETAPA,ID_ESTADO,OBSERVACIONES,FECHA_DERIVACION,FECHA_RECEPCION) values ('445','192','107',null,null,'6','3',null,to_date('01/02/20','DD/MM/RR'),null);
Insert into T_GEND_DETALLE_INICIATIVA (ID_DETALLE_INICIATIVA,ID_INICIATIVA,ID_REMITENTE,ID_DESTINO,DESC_INICIATIVA,ID_ETAPA,ID_ESTADO,OBSERVACIONES,FECHA_DERIVACION,FECHA_RECEPCION) values ('452','227','123',null,null,'7','3',null,to_date('03/02/20','DD/MM/RR'),null);
REM INSERTING into T_GEND_ENFOQUE_FACTOR
SET DEFINE OFF;
Insert into T_GEND_ENFOQUE_FACTOR (ID_ENFOQUE_FACTOR,ID_ENFOQUE,ID_FACTOR,FLAG_ESTADO,ORDEN) values ('1','1','1','1',null);
Insert into T_GEND_ENFOQUE_FACTOR (ID_ENFOQUE_FACTOR,ID_ENFOQUE,ID_FACTOR,FLAG_ESTADO,ORDEN) values ('2','2','2','1',null);
Insert into T_GEND_ENFOQUE_FACTOR (ID_ENFOQUE_FACTOR,ID_ENFOQUE,ID_FACTOR,FLAG_ESTADO,ORDEN) values ('3','2','3','1',null);
REM INSERTING into T_GEND_ENFOQUE_VARIABLE
SET DEFINE OFF;
Insert into T_GEND_ENFOQUE_VARIABLE (ID_ENFOQUE_VARIABLE,ID_ENFOQUE,ID_VARIABLE,FLAG_ESTADO,ORDEN) values ('1','1','1','1','3');
Insert into T_GEND_ENFOQUE_VARIABLE (ID_ENFOQUE_VARIABLE,ID_ENFOQUE,ID_VARIABLE,FLAG_ESTADO,ORDEN) values ('2','1','2','1','4');
Insert into T_GEND_ENFOQUE_VARIABLE (ID_ENFOQUE_VARIABLE,ID_ENFOQUE,ID_VARIABLE,FLAG_ESTADO,ORDEN) values ('3','2','3','1','3');
REM INSERTING into T_GEND_ENFOQUE_VARIANTE
SET DEFINE OFF;
Insert into T_GEND_ENFOQUE_VARIANTE (ID_ENFOQUE_VARIANTE,ID_ENFOQUE,ID_VARIANTE,FLAG_ESTADO,ORDEN) values ('1','1','1','1','1');
Insert into T_GEND_ENFOQUE_VARIANTE (ID_ENFOQUE_VARIANTE,ID_ENFOQUE,ID_VARIANTE,FLAG_ESTADO,ORDEN) values ('2','1','2','1','2');
Insert into T_GEND_ENFOQUE_VARIANTE (ID_ENFOQUE_VARIANTE,ID_ENFOQUE,ID_VARIANTE,FLAG_ESTADO,ORDEN) values ('3','1','3','1','5');
Insert into T_GEND_ENFOQUE_VARIANTE (ID_ENFOQUE_VARIANTE,ID_ENFOQUE,ID_VARIANTE,FLAG_ESTADO,ORDEN) values ('4','2','1','1','1');
Insert into T_GEND_ENFOQUE_VARIANTE (ID_ENFOQUE_VARIANTE,ID_ENFOQUE,ID_VARIANTE,FLAG_ESTADO,ORDEN) values ('5','2','2','1','2');
Insert into T_GEND_ENFOQUE_VARIANTE (ID_ENFOQUE_VARIANTE,ID_ENFOQUE,ID_VARIANTE,FLAG_ESTADO,ORDEN) values ('6','2','3','1','5');
REM INSERTING into T_GEND_FACTOR_VALOR
SET DEFINE OFF;
REM INSERTING into T_GEND_INDICADOR
SET DEFINE OFF;
Insert into T_GEND_INDICADOR (ID_INDICADOR,ID_INICIATIVA,ID_MEDMIT,ANNO_BASE,ID_TIPO_VEHICULO_BASE,ID_TIPO_COMBUSTIBLE_BASE,KRV_BASE,CANT_BASE,TOTAL_GEI_BASE,ANNO_INIMIT,ID_TIPO_VEHICULO_INIMIT,ID_TIPO_FUENTE_INIMIT,KRV_INIMIT,CANT_INIMIT,TOTAL_GEI_INIMIT,TOTAL_GEI_REDUCIDO,ID_ADJUNTO,FLG_ESTADO,FECHA_REGISTRO,ID_ETAPA,F_RENDIMIENTO,ADJUNTO,ADJUNTO_BASE) values ('182','192',null,'2018','2','1','12','5','0,0464','2018','2','1','12','5','0,014','0,0323',null,'1',null,null,'1,1',null,null);
Insert into T_GEND_INDICADOR (ID_INDICADOR,ID_INICIATIVA,ID_MEDMIT,ANNO_BASE,ID_TIPO_VEHICULO_BASE,ID_TIPO_COMBUSTIBLE_BASE,KRV_BASE,CANT_BASE,TOTAL_GEI_BASE,ANNO_INIMIT,ID_TIPO_VEHICULO_INIMIT,ID_TIPO_FUENTE_INIMIT,KRV_INIMIT,CANT_INIMIT,TOTAL_GEI_INIMIT,TOTAL_GEI_REDUCIDO,ID_ADJUNTO,FLG_ESTADO,FECHA_REGISTRO,ID_ETAPA,F_RENDIMIENTO,ADJUNTO,ADJUNTO_BASE) values ('192','228',null,'2018','1','3','57600','100','1030,6604','2018','1','1','57600','100','31,5573','999,1031',null,'1',null,null,'0,1629',null,null);
Insert into T_GEND_INDICADOR (ID_INDICADOR,ID_INICIATIVA,ID_MEDMIT,ANNO_BASE,ID_TIPO_VEHICULO_BASE,ID_TIPO_COMBUSTIBLE_BASE,KRV_BASE,CANT_BASE,TOTAL_GEI_BASE,ANNO_INIMIT,ID_TIPO_VEHICULO_INIMIT,ID_TIPO_FUENTE_INIMIT,KRV_INIMIT,CANT_INIMIT,TOTAL_GEI_INIMIT,TOTAL_GEI_REDUCIDO,ID_ADJUNTO,FLG_ESTADO,FECHA_REGISTRO,ID_ETAPA,F_RENDIMIENTO,ADJUNTO,ADJUNTO_BASE) values ('183','225',null,'2018','1','3','500020','20','1789,4125','2018','1','1','500020','20','54,7891','1734,6233',null,'1',null,null,'0,1629',null,null);
Insert into T_GEND_INDICADOR (ID_INDICADOR,ID_INICIATIVA,ID_MEDMIT,ANNO_BASE,ID_TIPO_VEHICULO_BASE,ID_TIPO_COMBUSTIBLE_BASE,KRV_BASE,CANT_BASE,TOTAL_GEI_BASE,ANNO_INIMIT,ID_TIPO_VEHICULO_INIMIT,ID_TIPO_FUENTE_INIMIT,KRV_INIMIT,CANT_INIMIT,TOTAL_GEI_INIMIT,TOTAL_GEI_REDUCIDO,ID_ADJUNTO,FLG_ESTADO,FECHA_REGISTRO,ID_ETAPA,F_RENDIMIENTO,ADJUNTO,ADJUNTO_BASE) values ('184','200',null,'2018','1','2','50000','20','174,6961','2018','1','1','50000','20','5,4786','169,2174',null,'1',null,null,'0,1629',null,null);
Insert into T_GEND_INDICADOR (ID_INDICADOR,ID_INICIATIVA,ID_MEDMIT,ANNO_BASE,ID_TIPO_VEHICULO_BASE,ID_TIPO_COMBUSTIBLE_BASE,KRV_BASE,CANT_BASE,TOTAL_GEI_BASE,ANNO_INIMIT,ID_TIPO_VEHICULO_INIMIT,ID_TIPO_FUENTE_INIMIT,KRV_INIMIT,CANT_INIMIT,TOTAL_GEI_INIMIT,TOTAL_GEI_REDUCIDO,ID_ADJUNTO,FLG_ESTADO,FECHA_REGISTRO,ID_ETAPA,F_RENDIMIENTO,ADJUNTO,ADJUNTO_BASE) values ('187','226',null,'2018','2','4','500','100','29,7728','2018','2','1','500','100','11,7152','18,0576',null,'1',null,null,'1,1',null,null);
Insert into T_GEND_INDICADOR (ID_INDICADOR,ID_INICIATIVA,ID_MEDMIT,ANNO_BASE,ID_TIPO_VEHICULO_BASE,ID_TIPO_COMBUSTIBLE_BASE,KRV_BASE,CANT_BASE,TOTAL_GEI_BASE,ANNO_INIMIT,ID_TIPO_VEHICULO_INIMIT,ID_TIPO_FUENTE_INIMIT,KRV_INIMIT,CANT_INIMIT,TOTAL_GEI_INIMIT,TOTAL_GEI_REDUCIDO,ID_ADJUNTO,FLG_ESTADO,FECHA_REGISTRO,ID_ETAPA,F_RENDIMIENTO,ADJUNTO,ADJUNTO_BASE) values ('188','226',null,'2018','3','1','600','200','157,8513','2018','3','1','600','200','31,6547','126,1966',null,'1',null,null,'1,1765',null,null);
Insert into T_GEND_INDICADOR (ID_INDICADOR,ID_INICIATIVA,ID_MEDMIT,ANNO_BASE,ID_TIPO_VEHICULO_BASE,ID_TIPO_COMBUSTIBLE_BASE,KRV_BASE,CANT_BASE,TOTAL_GEI_BASE,ANNO_INIMIT,ID_TIPO_VEHICULO_INIMIT,ID_TIPO_FUENTE_INIMIT,KRV_INIMIT,CANT_INIMIT,TOTAL_GEI_INIMIT,TOTAL_GEI_REDUCIDO,ID_ADJUNTO,FLG_ESTADO,FECHA_REGISTRO,ID_ETAPA,F_RENDIMIENTO,ADJUNTO,ADJUNTO_BASE) values ('190','227',null,'2018','1','3','57600','100','1030,6604','2018','1','1','57600','100','31,5573','999,1031',null,'1',null,null,'0,1629',null,null);
Insert into T_GEND_INDICADOR (ID_INDICADOR,ID_INICIATIVA,ID_MEDMIT,ANNO_BASE,ID_TIPO_VEHICULO_BASE,ID_TIPO_COMBUSTIBLE_BASE,KRV_BASE,CANT_BASE,TOTAL_GEI_BASE,ANNO_INIMIT,ID_TIPO_VEHICULO_INIMIT,ID_TIPO_FUENTE_INIMIT,KRV_INIMIT,CANT_INIMIT,TOTAL_GEI_INIMIT,TOTAL_GEI_REDUCIDO,ID_ADJUNTO,FLG_ESTADO,FECHA_REGISTRO,ID_ETAPA,F_RENDIMIENTO,ADJUNTO,ADJUNTO_BASE) values ('191','227',null,'2018','3','4','60000','20','1153,9322','2018','3','1','60000','20','316,547','837,3851',null,'1',null,null,'1,1765',null,null);
Insert into T_GEND_INDICADOR (ID_INDICADOR,ID_INICIATIVA,ID_MEDMIT,ANNO_BASE,ID_TIPO_VEHICULO_BASE,ID_TIPO_COMBUSTIBLE_BASE,KRV_BASE,CANT_BASE,TOTAL_GEI_BASE,ANNO_INIMIT,ID_TIPO_VEHICULO_INIMIT,ID_TIPO_FUENTE_INIMIT,KRV_INIMIT,CANT_INIMIT,TOTAL_GEI_INIMIT,TOTAL_GEI_REDUCIDO,ID_ADJUNTO,FLG_ESTADO,FECHA_REGISTRO,ID_ETAPA,F_RENDIMIENTO,ADJUNTO,ADJUNTO_BASE) values ('181','206',null,'2018','1','3','57600','100','1030,6604','2018','1','1','57600','100','31,5573','999,1031',null,'1',null,null,'0,1629',null,null);
Insert into T_GEND_INDICADOR (ID_INDICADOR,ID_INICIATIVA,ID_MEDMIT,ANNO_BASE,ID_TIPO_VEHICULO_BASE,ID_TIPO_COMBUSTIBLE_BASE,KRV_BASE,CANT_BASE,TOTAL_GEI_BASE,ANNO_INIMIT,ID_TIPO_VEHICULO_INIMIT,ID_TIPO_FUENTE_INIMIT,KRV_INIMIT,CANT_INIMIT,TOTAL_GEI_INIMIT,TOTAL_GEI_REDUCIDO,ID_ADJUNTO,FLG_ESTADO,FECHA_REGISTRO,ID_ETAPA,F_RENDIMIENTO,ADJUNTO,ADJUNTO_BASE) values ('185','199',null,'2018','2','1','1','1','0,0007','2018','2','1','1','1','0,0002','0,0005',null,'1',null,null,'1,1',null,null);
Insert into T_GEND_INDICADOR (ID_INDICADOR,ID_INICIATIVA,ID_MEDMIT,ANNO_BASE,ID_TIPO_VEHICULO_BASE,ID_TIPO_COMBUSTIBLE_BASE,KRV_BASE,CANT_BASE,TOTAL_GEI_BASE,ANNO_INIMIT,ID_TIPO_VEHICULO_INIMIT,ID_TIPO_FUENTE_INIMIT,KRV_INIMIT,CANT_INIMIT,TOTAL_GEI_INIMIT,TOTAL_GEI_REDUCIDO,ID_ADJUNTO,FLG_ESTADO,FECHA_REGISTRO,ID_ETAPA,F_RENDIMIENTO,ADJUNTO,ADJUNTO_BASE) values ('186','194',null,'2018','1','1','5555','22','22,897','2018','1','1','5555','22','0,6695','22,2274',null,'1',null,null,'0,1629',null,null);
Insert into T_GEND_INDICADOR (ID_INDICADOR,ID_INICIATIVA,ID_MEDMIT,ANNO_BASE,ID_TIPO_VEHICULO_BASE,ID_TIPO_COMBUSTIBLE_BASE,KRV_BASE,CANT_BASE,TOTAL_GEI_BASE,ANNO_INIMIT,ID_TIPO_VEHICULO_INIMIT,ID_TIPO_FUENTE_INIMIT,KRV_INIMIT,CANT_INIMIT,TOTAL_GEI_INIMIT,TOTAL_GEI_REDUCIDO,ID_ADJUNTO,FLG_ESTADO,FECHA_REGISTRO,ID_ETAPA,F_RENDIMIENTO,ADJUNTO,ADJUNTO_BASE) values ('189','226',null,'2018','4','4','700','300','326,5861','2018','4','1','700','300','23,26','303,326',null,'1',null,null,'0,76',null,null);
Insert into T_GEND_INDICADOR (ID_INDICADOR,ID_INICIATIVA,ID_MEDMIT,ANNO_BASE,ID_TIPO_VEHICULO_BASE,ID_TIPO_COMBUSTIBLE_BASE,KRV_BASE,CANT_BASE,TOTAL_GEI_BASE,ANNO_INIMIT,ID_TIPO_VEHICULO_INIMIT,ID_TIPO_FUENTE_INIMIT,KRV_INIMIT,CANT_INIMIT,TOTAL_GEI_INIMIT,TOTAL_GEI_REDUCIDO,ID_ADJUNTO,FLG_ESTADO,FECHA_REGISTRO,ID_ETAPA,F_RENDIMIENTO,ADJUNTO,ADJUNTO_BASE) values ('173','198',null,'2018','1','1','50000','100','936,7905','2018','1','1','50000','100','27,3934','909,397',null,'1',null,null,'0,1629',null,null);
Insert into T_GEND_INDICADOR (ID_INDICADOR,ID_INICIATIVA,ID_MEDMIT,ANNO_BASE,ID_TIPO_VEHICULO_BASE,ID_TIPO_COMBUSTIBLE_BASE,KRV_BASE,CANT_BASE,TOTAL_GEI_BASE,ANNO_INIMIT,ID_TIPO_VEHICULO_INIMIT,ID_TIPO_FUENTE_INIMIT,KRV_INIMIT,CANT_INIMIT,TOTAL_GEI_INIMIT,TOTAL_GEI_REDUCIDO,ID_ADJUNTO,FLG_ESTADO,FECHA_REGISTRO,ID_ETAPA,F_RENDIMIENTO,ADJUNTO,ADJUNTO_BASE) values ('174','198',null,'2018','1','1','50000','100','936,7905','2018','1','1','50000','100','27,3934','909,397',null,'1',null,null,'0,1629',null,null);
Insert into T_GEND_INDICADOR (ID_INDICADOR,ID_INICIATIVA,ID_MEDMIT,ANNO_BASE,ID_TIPO_VEHICULO_BASE,ID_TIPO_COMBUSTIBLE_BASE,KRV_BASE,CANT_BASE,TOTAL_GEI_BASE,ANNO_INIMIT,ID_TIPO_VEHICULO_INIMIT,ID_TIPO_FUENTE_INIMIT,KRV_INIMIT,CANT_INIMIT,TOTAL_GEI_INIMIT,TOTAL_GEI_REDUCIDO,ID_ADJUNTO,FLG_ESTADO,FECHA_REGISTRO,ID_ETAPA,F_RENDIMIENTO,ADJUNTO,ADJUNTO_BASE) values ('175','204',null,'2018','1','3','57600','100','1030,6604','2018','1','1','57600','100','31,5573','999,1031',null,'1',null,null,'0,1629',null,null);
Insert into T_GEND_INDICADOR (ID_INDICADOR,ID_INICIATIVA,ID_MEDMIT,ANNO_BASE,ID_TIPO_VEHICULO_BASE,ID_TIPO_COMBUSTIBLE_BASE,KRV_BASE,CANT_BASE,TOTAL_GEI_BASE,ANNO_INIMIT,ID_TIPO_VEHICULO_INIMIT,ID_TIPO_FUENTE_INIMIT,KRV_INIMIT,CANT_INIMIT,TOTAL_GEI_INIMIT,TOTAL_GEI_REDUCIDO,ID_ADJUNTO,FLG_ESTADO,FECHA_REGISTRO,ID_ETAPA,F_RENDIMIENTO,ADJUNTO,ADJUNTO_BASE) values ('176','204',null,'2018','1','1','60000','20','224,8297','2018','1','1','60000','20','6,5744','218,2552',null,'1',null,null,'0,1629',null,null);
Insert into T_GEND_INDICADOR (ID_INDICADOR,ID_INICIATIVA,ID_MEDMIT,ANNO_BASE,ID_TIPO_VEHICULO_BASE,ID_TIPO_COMBUSTIBLE_BASE,KRV_BASE,CANT_BASE,TOTAL_GEI_BASE,ANNO_INIMIT,ID_TIPO_VEHICULO_INIMIT,ID_TIPO_FUENTE_INIMIT,KRV_INIMIT,CANT_INIMIT,TOTAL_GEI_INIMIT,TOTAL_GEI_REDUCIDO,ID_ADJUNTO,FLG_ESTADO,FECHA_REGISTRO,ID_ETAPA,F_RENDIMIENTO,ADJUNTO,ADJUNTO_BASE) values ('164','196',null,'2018','2','4','90000','25','1339,78','2018','2','1','90000','25','527,186','812,5939',null,'1',null,null,'1,1',null,null);
Insert into T_GEND_INDICADOR (ID_INDICADOR,ID_INICIATIVA,ID_MEDMIT,ANNO_BASE,ID_TIPO_VEHICULO_BASE,ID_TIPO_COMBUSTIBLE_BASE,KRV_BASE,CANT_BASE,TOTAL_GEI_BASE,ANNO_INIMIT,ID_TIPO_VEHICULO_INIMIT,ID_TIPO_FUENTE_INIMIT,KRV_INIMIT,CANT_INIMIT,TOTAL_GEI_INIMIT,TOTAL_GEI_REDUCIDO,ID_ADJUNTO,FLG_ESTADO,FECHA_REGISTRO,ID_ETAPA,F_RENDIMIENTO,ADJUNTO,ADJUNTO_BASE) values ('166','196',null,'2018','6','3','125000','1200','9661,455','2018','6','1','125000','1200','22,7858','9638,6691',null,'1',null,null,'0,0271',null,null);
Insert into T_GEND_INDICADOR (ID_INDICADOR,ID_INICIATIVA,ID_MEDMIT,ANNO_BASE,ID_TIPO_VEHICULO_BASE,ID_TIPO_COMBUSTIBLE_BASE,KRV_BASE,CANT_BASE,TOTAL_GEI_BASE,ANNO_INIMIT,ID_TIPO_VEHICULO_INIMIT,ID_TIPO_FUENTE_INIMIT,KRV_INIMIT,CANT_INIMIT,TOTAL_GEI_INIMIT,TOTAL_GEI_REDUCIDO,ID_ADJUNTO,FLG_ESTADO,FECHA_REGISTRO,ID_ETAPA,F_RENDIMIENTO,ADJUNTO,ADJUNTO_BASE) values ('167','198',null,'2018','1','3','57600','20','206,132','2018','1','1','57600','20','6,3114','199,8206',null,'1',null,null,'0,1629',null,null);
Insert into T_GEND_INDICADOR (ID_INDICADOR,ID_INICIATIVA,ID_MEDMIT,ANNO_BASE,ID_TIPO_VEHICULO_BASE,ID_TIPO_COMBUSTIBLE_BASE,KRV_BASE,CANT_BASE,TOTAL_GEI_BASE,ANNO_INIMIT,ID_TIPO_VEHICULO_INIMIT,ID_TIPO_FUENTE_INIMIT,KRV_INIMIT,CANT_INIMIT,TOTAL_GEI_INIMIT,TOTAL_GEI_REDUCIDO,ID_ADJUNTO,FLG_ESTADO,FECHA_REGISTRO,ID_ETAPA,F_RENDIMIENTO,ADJUNTO,ADJUNTO_BASE) values ('168','202',null,'2018','1','1','345','4','0,2585','2018','1','1','345','4','0,0075','0,2509',null,'1',null,null,'0,1629',null,null);
Insert into T_GEND_INDICADOR (ID_INDICADOR,ID_INICIATIVA,ID_MEDMIT,ANNO_BASE,ID_TIPO_VEHICULO_BASE,ID_TIPO_COMBUSTIBLE_BASE,KRV_BASE,CANT_BASE,TOTAL_GEI_BASE,ANNO_INIMIT,ID_TIPO_VEHICULO_INIMIT,ID_TIPO_FUENTE_INIMIT,KRV_INIMIT,CANT_INIMIT,TOTAL_GEI_INIMIT,TOTAL_GEI_REDUCIDO,ID_ADJUNTO,FLG_ESTADO,FECHA_REGISTRO,ID_ETAPA,F_RENDIMIENTO,ADJUNTO,ADJUNTO_BASE) values ('169','201',null,'2018','1','3','57600','100','1030,6604','2018','1','1','57600','100','31,5573','999,1031',null,'1',null,null,'0,1629',null,null);
Insert into T_GEND_INDICADOR (ID_INDICADOR,ID_INICIATIVA,ID_MEDMIT,ANNO_BASE,ID_TIPO_VEHICULO_BASE,ID_TIPO_COMBUSTIBLE_BASE,KRV_BASE,CANT_BASE,TOTAL_GEI_BASE,ANNO_INIMIT,ID_TIPO_VEHICULO_INIMIT,ID_TIPO_FUENTE_INIMIT,KRV_INIMIT,CANT_INIMIT,TOTAL_GEI_INIMIT,TOTAL_GEI_REDUCIDO,ID_ADJUNTO,FLG_ESTADO,FECHA_REGISTRO,ID_ETAPA,F_RENDIMIENTO,ADJUNTO,ADJUNTO_BASE) values ('171','205',null,'2018','1','3','57600','100','1030,6604','2018','1','1','57600','100','31,5573','999,1031',null,'1',null,null,'0,1629',null,null);
Insert into T_GEND_INDICADOR (ID_INDICADOR,ID_INICIATIVA,ID_MEDMIT,ANNO_BASE,ID_TIPO_VEHICULO_BASE,ID_TIPO_COMBUSTIBLE_BASE,KRV_BASE,CANT_BASE,TOTAL_GEI_BASE,ANNO_INIMIT,ID_TIPO_VEHICULO_INIMIT,ID_TIPO_FUENTE_INIMIT,KRV_INIMIT,CANT_INIMIT,TOTAL_GEI_INIMIT,TOTAL_GEI_REDUCIDO,ID_ADJUNTO,FLG_ESTADO,FECHA_REGISTRO,ID_ETAPA,F_RENDIMIENTO,ADJUNTO,ADJUNTO_BASE) values ('172','205',null,'2018','3','4','60000','20','1153,9322','2018','3','1','60000','20','316,547','837,3851',null,'1',null,null,'1,1765',null,null);
Insert into T_GEND_INDICADOR (ID_INDICADOR,ID_INICIATIVA,ID_MEDMIT,ANNO_BASE,ID_TIPO_VEHICULO_BASE,ID_TIPO_COMBUSTIBLE_BASE,KRV_BASE,CANT_BASE,TOTAL_GEI_BASE,ANNO_INIMIT,ID_TIPO_VEHICULO_INIMIT,ID_TIPO_FUENTE_INIMIT,KRV_INIMIT,CANT_INIMIT,TOTAL_GEI_INIMIT,TOTAL_GEI_REDUCIDO,ID_ADJUNTO,FLG_ESTADO,FECHA_REGISTRO,ID_ETAPA,F_RENDIMIENTO,ADJUNTO,ADJUNTO_BASE) values ('162','190',null,'2018','1','3','57600','100','1030,6604','2018','1','1','57600','100','31,5573','999,1031',null,'1',null,null,'0,1629',null,null);
Insert into T_GEND_INDICADOR (ID_INDICADOR,ID_INICIATIVA,ID_MEDMIT,ANNO_BASE,ID_TIPO_VEHICULO_BASE,ID_TIPO_COMBUSTIBLE_BASE,KRV_BASE,CANT_BASE,TOTAL_GEI_BASE,ANNO_INIMIT,ID_TIPO_VEHICULO_INIMIT,ID_TIPO_FUENTE_INIMIT,KRV_INIMIT,CANT_INIMIT,TOTAL_GEI_INIMIT,TOTAL_GEI_REDUCIDO,ID_ADJUNTO,FLG_ESTADO,FECHA_REGISTRO,ID_ETAPA,F_RENDIMIENTO,ADJUNTO,ADJUNTO_BASE) values ('170','203',null,'2018','1','1','234','12','0,5261','2018','1','1','234','12','0,0153','0,5107',null,'1',null,null,'0,1629',null,null);
REM INSERTING into T_GEND_INDICADOR_ENFOQUE
SET DEFINE OFF;
Insert into T_GEND_INDICADOR_ENFOQUE (ID_INDICADOR_ENFOQUE,ID_INDICADOR,ID_ENFOQUE,FLAG_ESTADO) values ('1','1','1','1');
Insert into T_GEND_INDICADOR_ENFOQUE (ID_INDICADOR_ENFOQUE,ID_INDICADOR,ID_ENFOQUE,FLAG_ESTADO) values ('2','1','2','0');
REM INSERTING into T_GEND_INICIATIVA_ARCHIVO
SET DEFINE OFF;
REM INSERTING into T_GEND_INICIATIVA_COMP
SET DEFINE OFF;
REM INSERTING into T_GEND_INICIATIVA_ENERG
SET DEFINE OFF;
Insert into T_GEND_INICIATIVA_ENERG (ID_INICIATIVA_ENERG,ID_INICIATIVA,ID_ENERG,FLAG_ESTADO) values ('229','227','1','1');
Insert into T_GEND_INICIATIVA_ENERG (ID_INICIATIVA_ENERG,ID_INICIATIVA,ID_ENERG,FLAG_ESTADO) values ('230','227','2','1');
Insert into T_GEND_INICIATIVA_ENERG (ID_INICIATIVA_ENERG,ID_INICIATIVA,ID_ENERG,FLAG_ESTADO) values ('221','221','1','1');
Insert into T_GEND_INICIATIVA_ENERG (ID_INICIATIVA_ENERG,ID_INICIATIVA,ID_ENERG,FLAG_ESTADO) values ('222','222','1','1');
Insert into T_GEND_INICIATIVA_ENERG (ID_INICIATIVA_ENERG,ID_INICIATIVA,ID_ENERG,FLAG_ESTADO) values ('223','222','2','1');
Insert into T_GEND_INICIATIVA_ENERG (ID_INICIATIVA_ENERG,ID_INICIATIVA,ID_ENERG,FLAG_ESTADO) values ('224','223','1','1');
Insert into T_GEND_INICIATIVA_ENERG (ID_INICIATIVA_ENERG,ID_INICIATIVA,ID_ENERG,FLAG_ESTADO) values ('225','224','1','1');
Insert into T_GEND_INICIATIVA_ENERG (ID_INICIATIVA_ENERG,ID_INICIATIVA,ID_ENERG,FLAG_ESTADO) values ('231','228','1','1');
Insert into T_GEND_INICIATIVA_ENERG (ID_INICIATIVA_ENERG,ID_INICIATIVA,ID_ENERG,FLAG_ESTADO) values ('232','228','2','1');
Insert into T_GEND_INICIATIVA_ENERG (ID_INICIATIVA_ENERG,ID_INICIATIVA,ID_ENERG,FLAG_ESTADO) values ('226','225','1','1');
Insert into T_GEND_INICIATIVA_ENERG (ID_INICIATIVA_ENERG,ID_INICIATIVA,ID_ENERG,FLAG_ESTADO) values ('227','226','1','1');
Insert into T_GEND_INICIATIVA_ENERG (ID_INICIATIVA_ENERG,ID_INICIATIVA,ID_ENERG,FLAG_ESTADO) values ('228','226','2','1');
Insert into T_GEND_INICIATIVA_ENERG (ID_INICIATIVA_ENERG,ID_INICIATIVA,ID_ENERG,FLAG_ESTADO) values ('205','194','2','1');
Insert into T_GEND_INICIATIVA_ENERG (ID_INICIATIVA_ENERG,ID_INICIATIVA,ID_ENERG,FLAG_ESTADO) values ('206','196','1','1');
Insert into T_GEND_INICIATIVA_ENERG (ID_INICIATIVA_ENERG,ID_INICIATIVA,ID_ENERG,FLAG_ESTADO) values ('201','190','1','1');
Insert into T_GEND_INICIATIVA_ENERG (ID_INICIATIVA_ENERG,ID_INICIATIVA,ID_ENERG,FLAG_ESTADO) values ('204','194','1','1');
Insert into T_GEND_INICIATIVA_ENERG (ID_INICIATIVA_ENERG,ID_INICIATIVA,ID_ENERG,FLAG_ESTADO) values ('220','207','1','1');
Insert into T_GEND_INICIATIVA_ENERG (ID_INICIATIVA_ENERG,ID_INICIATIVA,ID_ENERG,FLAG_ESTADO) values ('207','197','1','1');
Insert into T_GEND_INICIATIVA_ENERG (ID_INICIATIVA_ENERG,ID_INICIATIVA,ID_ENERG,FLAG_ESTADO) values ('208','198','1','1');
Insert into T_GEND_INICIATIVA_ENERG (ID_INICIATIVA_ENERG,ID_INICIATIVA,ID_ENERG,FLAG_ESTADO) values ('209','199','1','1');
Insert into T_GEND_INICIATIVA_ENERG (ID_INICIATIVA_ENERG,ID_INICIATIVA,ID_ENERG,FLAG_ESTADO) values ('210','200','1','1');
Insert into T_GEND_INICIATIVA_ENERG (ID_INICIATIVA_ENERG,ID_INICIATIVA,ID_ENERG,FLAG_ESTADO) values ('211','201','2','1');
Insert into T_GEND_INICIATIVA_ENERG (ID_INICIATIVA_ENERG,ID_INICIATIVA,ID_ENERG,FLAG_ESTADO) values ('212','202','1','1');
Insert into T_GEND_INICIATIVA_ENERG (ID_INICIATIVA_ENERG,ID_INICIATIVA,ID_ENERG,FLAG_ESTADO) values ('213','203','1','1');
Insert into T_GEND_INICIATIVA_ENERG (ID_INICIATIVA_ENERG,ID_INICIATIVA,ID_ENERG,FLAG_ESTADO) values ('214','204','1','1');
Insert into T_GEND_INICIATIVA_ENERG (ID_INICIATIVA_ENERG,ID_INICIATIVA,ID_ENERG,FLAG_ESTADO) values ('215','204','2','1');
Insert into T_GEND_INICIATIVA_ENERG (ID_INICIATIVA_ENERG,ID_INICIATIVA,ID_ENERG,FLAG_ESTADO) values ('216','205','1','1');
Insert into T_GEND_INICIATIVA_ENERG (ID_INICIATIVA_ENERG,ID_INICIATIVA,ID_ENERG,FLAG_ESTADO) values ('217','205','2','1');
Insert into T_GEND_INICIATIVA_ENERG (ID_INICIATIVA_ENERG,ID_INICIATIVA,ID_ENERG,FLAG_ESTADO) values ('218','206','1','1');
Insert into T_GEND_INICIATIVA_ENERG (ID_INICIATIVA_ENERG,ID_INICIATIVA,ID_ENERG,FLAG_ESTADO) values ('219','206','2','1');
Insert into T_GEND_INICIATIVA_ENERG (ID_INICIATIVA_ENERG,ID_INICIATIVA,ID_ENERG,FLAG_ESTADO) values ('202','192','1','1');
Insert into T_GEND_INICIATIVA_ENERG (ID_INICIATIVA_ENERG,ID_INICIATIVA,ID_ENERG,FLAG_ESTADO) values ('203','192','2','1');
REM INSERTING into T_GEND_INICIATIVA_GEI
SET DEFINE OFF;
Insert into T_GEND_INICIATIVA_GEI (ID_INICIATIVA_GEI,ID_INICIATIVA,ID_GEI,FLAG_ESTADO) values ('314','227','1','1');
Insert into T_GEND_INICIATIVA_GEI (ID_INICIATIVA_GEI,ID_INICIATIVA,ID_GEI,FLAG_ESTADO) values ('315','227','2','1');
Insert into T_GEND_INICIATIVA_GEI (ID_INICIATIVA_GEI,ID_INICIATIVA,ID_GEI,FLAG_ESTADO) values ('316','227','3','1');
Insert into T_GEND_INICIATIVA_GEI (ID_INICIATIVA_GEI,ID_INICIATIVA,ID_GEI,FLAG_ESTADO) values ('301','221','1','1');
Insert into T_GEND_INICIATIVA_GEI (ID_INICIATIVA_GEI,ID_INICIATIVA,ID_GEI,FLAG_ESTADO) values ('302','221','2','1');
Insert into T_GEND_INICIATIVA_GEI (ID_INICIATIVA_GEI,ID_INICIATIVA,ID_GEI,FLAG_ESTADO) values ('303','222','1','1');
Insert into T_GEND_INICIATIVA_GEI (ID_INICIATIVA_GEI,ID_INICIATIVA,ID_GEI,FLAG_ESTADO) values ('304','222','2','1');
Insert into T_GEND_INICIATIVA_GEI (ID_INICIATIVA_GEI,ID_INICIATIVA,ID_GEI,FLAG_ESTADO) values ('305','223','1','1');
Insert into T_GEND_INICIATIVA_GEI (ID_INICIATIVA_GEI,ID_INICIATIVA,ID_GEI,FLAG_ESTADO) values ('306','223','2','1');
Insert into T_GEND_INICIATIVA_GEI (ID_INICIATIVA_GEI,ID_INICIATIVA,ID_GEI,FLAG_ESTADO) values ('307','224','1','1');
Insert into T_GEND_INICIATIVA_GEI (ID_INICIATIVA_GEI,ID_INICIATIVA,ID_GEI,FLAG_ESTADO) values ('308','224','2','1');
Insert into T_GEND_INICIATIVA_GEI (ID_INICIATIVA_GEI,ID_INICIATIVA,ID_GEI,FLAG_ESTADO) values ('317','228','1','1');
Insert into T_GEND_INICIATIVA_GEI (ID_INICIATIVA_GEI,ID_INICIATIVA,ID_GEI,FLAG_ESTADO) values ('318','228','2','1');
Insert into T_GEND_INICIATIVA_GEI (ID_INICIATIVA_GEI,ID_INICIATIVA,ID_GEI,FLAG_ESTADO) values ('319','228','3','1');
Insert into T_GEND_INICIATIVA_GEI (ID_INICIATIVA_GEI,ID_INICIATIVA,ID_GEI,FLAG_ESTADO) values ('309','225','1','1');
Insert into T_GEND_INICIATIVA_GEI (ID_INICIATIVA_GEI,ID_INICIATIVA,ID_GEI,FLAG_ESTADO) values ('310','225','2','1');
Insert into T_GEND_INICIATIVA_GEI (ID_INICIATIVA_GEI,ID_INICIATIVA,ID_GEI,FLAG_ESTADO) values ('311','226','1','1');
Insert into T_GEND_INICIATIVA_GEI (ID_INICIATIVA_GEI,ID_INICIATIVA,ID_GEI,FLAG_ESTADO) values ('312','226','2','1');
Insert into T_GEND_INICIATIVA_GEI (ID_INICIATIVA_GEI,ID_INICIATIVA,ID_GEI,FLAG_ESTADO) values ('313','226','3','1');
Insert into T_GEND_INICIATIVA_GEI (ID_INICIATIVA_GEI,ID_INICIATIVA,ID_GEI,FLAG_ESTADO) values ('265','194','3','1');
Insert into T_GEND_INICIATIVA_GEI (ID_INICIATIVA_GEI,ID_INICIATIVA,ID_GEI,FLAG_ESTADO) values ('266','196','1','1');
Insert into T_GEND_INICIATIVA_GEI (ID_INICIATIVA_GEI,ID_INICIATIVA,ID_GEI,FLAG_ESTADO) values ('267','196','3','1');
Insert into T_GEND_INICIATIVA_GEI (ID_INICIATIVA_GEI,ID_INICIATIVA,ID_GEI,FLAG_ESTADO) values ('261','190','1','1');
Insert into T_GEND_INICIATIVA_GEI (ID_INICIATIVA_GEI,ID_INICIATIVA,ID_GEI,FLAG_ESTADO) values ('264','194','2','1');
Insert into T_GEND_INICIATIVA_GEI (ID_INICIATIVA_GEI,ID_INICIATIVA,ID_GEI,FLAG_ESTADO) values ('294','207','1','1');
Insert into T_GEND_INICIATIVA_GEI (ID_INICIATIVA_GEI,ID_INICIATIVA,ID_GEI,FLAG_ESTADO) values ('295','207','2','1');
Insert into T_GEND_INICIATIVA_GEI (ID_INICIATIVA_GEI,ID_INICIATIVA,ID_GEI,FLAG_ESTADO) values ('268','197','1','1');
Insert into T_GEND_INICIATIVA_GEI (ID_INICIATIVA_GEI,ID_INICIATIVA,ID_GEI,FLAG_ESTADO) values ('269','197','2','1');
Insert into T_GEND_INICIATIVA_GEI (ID_INICIATIVA_GEI,ID_INICIATIVA,ID_GEI,FLAG_ESTADO) values ('270','198','1','1');
Insert into T_GEND_INICIATIVA_GEI (ID_INICIATIVA_GEI,ID_INICIATIVA,ID_GEI,FLAG_ESTADO) values ('271','198','2','1');
Insert into T_GEND_INICIATIVA_GEI (ID_INICIATIVA_GEI,ID_INICIATIVA,ID_GEI,FLAG_ESTADO) values ('272','198','3','1');
Insert into T_GEND_INICIATIVA_GEI (ID_INICIATIVA_GEI,ID_INICIATIVA,ID_GEI,FLAG_ESTADO) values ('273','199','1','1');
Insert into T_GEND_INICIATIVA_GEI (ID_INICIATIVA_GEI,ID_INICIATIVA,ID_GEI,FLAG_ESTADO) values ('274','199','2','1');
Insert into T_GEND_INICIATIVA_GEI (ID_INICIATIVA_GEI,ID_INICIATIVA,ID_GEI,FLAG_ESTADO) values ('275','200','1','1');
Insert into T_GEND_INICIATIVA_GEI (ID_INICIATIVA_GEI,ID_INICIATIVA,ID_GEI,FLAG_ESTADO) values ('276','200','2','1');
Insert into T_GEND_INICIATIVA_GEI (ID_INICIATIVA_GEI,ID_INICIATIVA,ID_GEI,FLAG_ESTADO) values ('277','200','3','1');
Insert into T_GEND_INICIATIVA_GEI (ID_INICIATIVA_GEI,ID_INICIATIVA,ID_GEI,FLAG_ESTADO) values ('278','201','2','1');
Insert into T_GEND_INICIATIVA_GEI (ID_INICIATIVA_GEI,ID_INICIATIVA,ID_GEI,FLAG_ESTADO) values ('279','201','3','1');
Insert into T_GEND_INICIATIVA_GEI (ID_INICIATIVA_GEI,ID_INICIATIVA,ID_GEI,FLAG_ESTADO) values ('280','202','1','1');
Insert into T_GEND_INICIATIVA_GEI (ID_INICIATIVA_GEI,ID_INICIATIVA,ID_GEI,FLAG_ESTADO) values ('281','202','2','1');
Insert into T_GEND_INICIATIVA_GEI (ID_INICIATIVA_GEI,ID_INICIATIVA,ID_GEI,FLAG_ESTADO) values ('282','202','3','1');
Insert into T_GEND_INICIATIVA_GEI (ID_INICIATIVA_GEI,ID_INICIATIVA,ID_GEI,FLAG_ESTADO) values ('283','203','1','1');
Insert into T_GEND_INICIATIVA_GEI (ID_INICIATIVA_GEI,ID_INICIATIVA,ID_GEI,FLAG_ESTADO) values ('284','203','2','1');
Insert into T_GEND_INICIATIVA_GEI (ID_INICIATIVA_GEI,ID_INICIATIVA,ID_GEI,FLAG_ESTADO) values ('285','204','1','1');
Insert into T_GEND_INICIATIVA_GEI (ID_INICIATIVA_GEI,ID_INICIATIVA,ID_GEI,FLAG_ESTADO) values ('286','204','2','1');
Insert into T_GEND_INICIATIVA_GEI (ID_INICIATIVA_GEI,ID_INICIATIVA,ID_GEI,FLAG_ESTADO) values ('287','204','3','1');
Insert into T_GEND_INICIATIVA_GEI (ID_INICIATIVA_GEI,ID_INICIATIVA,ID_GEI,FLAG_ESTADO) values ('288','205','1','1');
Insert into T_GEND_INICIATIVA_GEI (ID_INICIATIVA_GEI,ID_INICIATIVA,ID_GEI,FLAG_ESTADO) values ('289','205','2','1');
Insert into T_GEND_INICIATIVA_GEI (ID_INICIATIVA_GEI,ID_INICIATIVA,ID_GEI,FLAG_ESTADO) values ('290','205','3','1');
Insert into T_GEND_INICIATIVA_GEI (ID_INICIATIVA_GEI,ID_INICIATIVA,ID_GEI,FLAG_ESTADO) values ('291','206','1','1');
Insert into T_GEND_INICIATIVA_GEI (ID_INICIATIVA_GEI,ID_INICIATIVA,ID_GEI,FLAG_ESTADO) values ('292','206','2','1');
Insert into T_GEND_INICIATIVA_GEI (ID_INICIATIVA_GEI,ID_INICIATIVA,ID_GEI,FLAG_ESTADO) values ('293','206','3','1');
Insert into T_GEND_INICIATIVA_GEI (ID_INICIATIVA_GEI,ID_INICIATIVA,ID_GEI,FLAG_ESTADO) values ('263','192','2','1');
Insert into T_GEND_INICIATIVA_GEI (ID_INICIATIVA_GEI,ID_INICIATIVA,ID_GEI,FLAG_ESTADO) values ('262','192','1','1');
REM INSERTING into T_GEND_INICIATIVA_SUSTENTA
SET DEFINE OFF;
Insert into T_GEND_INICIATIVA_SUSTENTA (ID_INICIATIVA_SUSTENTATORIO,ID_INICIATIVA,ADJUNTO,FLAG_ESTADO,ADJUNTO_BASE) values ('22','192','745a1e86-eff9-46e9-930e-0975f5419977.docx','1',null);
Insert into T_GEND_INICIATIVA_SUSTENTA (ID_INICIATIVA_SUSTENTATORIO,ID_INICIATIVA,ADJUNTO,FLAG_ESTADO,ADJUNTO_BASE) values ('33','228','c4a46de5-50e4-4f57-a8ab-5a76c916bd20.pdf','1',null);
Insert into T_GEND_INICIATIVA_SUSTENTA (ID_INICIATIVA_SUSTENTATORIO,ID_INICIATIVA,ADJUNTO,FLAG_ESTADO,ADJUNTO_BASE) values ('23','225','1bcbf56c-d03b-4346-bd28-a70e4335eb40.xlsx','1',null);
Insert into T_GEND_INICIATIVA_SUSTENTA (ID_INICIATIVA_SUSTENTATORIO,ID_INICIATIVA,ADJUNTO,FLAG_ESTADO,ADJUNTO_BASE) values ('24','200','3000dc3b-be5f-4adb-96ee-f92b772bfd42.xlsx','1',null);
Insert into T_GEND_INICIATIVA_SUSTENTA (ID_INICIATIVA_SUSTENTATORIO,ID_INICIATIVA,ADJUNTO,FLAG_ESTADO,ADJUNTO_BASE) values ('25','200','27cb3b12-9af0-47bd-b78b-e6bb60477be7.xlsx','1',null);
Insert into T_GEND_INICIATIVA_SUSTENTA (ID_INICIATIVA_SUSTENTATORIO,ID_INICIATIVA,ADJUNTO,FLAG_ESTADO,ADJUNTO_BASE) values ('26','200','4315acbc-7a5f-41f0-ba41-a8a447376d40.pdf','1',null);
Insert into T_GEND_INICIATIVA_SUSTENTA (ID_INICIATIVA_SUSTENTATORIO,ID_INICIATIVA,ADJUNTO,FLAG_ESTADO,ADJUNTO_BASE) values ('32','227','b15b934c-2572-4d61-83f6-32a4792e0683.pdf','1',null);
Insert into T_GEND_INICIATIVA_SUSTENTA (ID_INICIATIVA_SUSTENTATORIO,ID_INICIATIVA,ADJUNTO,FLAG_ESTADO,ADJUNTO_BASE) values ('21','206','67f0e1ab-bb7f-4dd1-b063-74f982aac559.pdf','1',null);
Insert into T_GEND_INICIATIVA_SUSTENTA (ID_INICIATIVA_SUSTENTATORIO,ID_INICIATIVA,ADJUNTO,FLAG_ESTADO,ADJUNTO_BASE) values ('27','199','a3b7032f-a10b-46d8-8d33-77e7421d0210.xlsx','1',null);
Insert into T_GEND_INICIATIVA_SUSTENTA (ID_INICIATIVA_SUSTENTATORIO,ID_INICIATIVA,ADJUNTO,FLAG_ESTADO,ADJUNTO_BASE) values ('28','194','01e3b7f0-d3ff-4788-b29d-968cebc14b85.jpg','1',null);
Insert into T_GEND_INICIATIVA_SUSTENTA (ID_INICIATIVA_SUSTENTATORIO,ID_INICIATIVA,ADJUNTO,FLAG_ESTADO,ADJUNTO_BASE) values ('29','194','3d9499d2-eefb-49da-9e7d-5f39f899dd1f.xlsx','1',null);
Insert into T_GEND_INICIATIVA_SUSTENTA (ID_INICIATIVA_SUSTENTATORIO,ID_INICIATIVA,ADJUNTO,FLAG_ESTADO,ADJUNTO_BASE) values ('30','194','3d77d49d-7702-469d-9efc-7af98b620adf.xlsx','1',null);
Insert into T_GEND_INICIATIVA_SUSTENTA (ID_INICIATIVA_SUSTENTATORIO,ID_INICIATIVA,ADJUNTO,FLAG_ESTADO,ADJUNTO_BASE) values ('31','226','63525693-acee-47d8-8130-6de38b9c2b9c.jpg','1',null);
Insert into T_GEND_INICIATIVA_SUSTENTA (ID_INICIATIVA_SUSTENTATORIO,ID_INICIATIVA,ADJUNTO,FLAG_ESTADO,ADJUNTO_BASE) values ('12','196','221efc19-186d-4f9a-bb6f-2bcd7542b02e.txt','1',null);
Insert into T_GEND_INICIATIVA_SUSTENTA (ID_INICIATIVA_SUSTENTATORIO,ID_INICIATIVA,ADJUNTO,FLAG_ESTADO,ADJUNTO_BASE) values ('13','196','42c21c35-0e29-40af-8784-98036d92a276.txt','1',null);
Insert into T_GEND_INICIATIVA_SUSTENTA (ID_INICIATIVA_SUSTENTATORIO,ID_INICIATIVA,ADJUNTO,FLAG_ESTADO,ADJUNTO_BASE) values ('10','196','875eeecf-055b-4dff-a846-67b02fcd8a45.pdf','1',null);
Insert into T_GEND_INICIATIVA_SUSTENTA (ID_INICIATIVA_SUSTENTATORIO,ID_INICIATIVA,ADJUNTO,FLAG_ESTADO,ADJUNTO_BASE) values ('11','196','0269d627-5380-4461-97b4-f538fb5e8441.pdf','1',null);
Insert into T_GEND_INICIATIVA_SUSTENTA (ID_INICIATIVA_SUSTENTATORIO,ID_INICIATIVA,ADJUNTO,FLAG_ESTADO,ADJUNTO_BASE) values ('14','196','94d11aa1-b32c-4913-8894-857d59141501.txt','1',null);
Insert into T_GEND_INICIATIVA_SUSTENTA (ID_INICIATIVA_SUSTENTATORIO,ID_INICIATIVA,ADJUNTO,FLAG_ESTADO,ADJUNTO_BASE) values ('15','198','eb8f3e86-9e5f-4423-8f85-e8a32d962e50.docx','1',null);
Insert into T_GEND_INICIATIVA_SUSTENTA (ID_INICIATIVA_SUSTENTATORIO,ID_INICIATIVA,ADJUNTO,FLAG_ESTADO,ADJUNTO_BASE) values ('16','202','c0bf3416-21d4-4495-a383-9eed9fdb0d55.docx','1',null);
Insert into T_GEND_INICIATIVA_SUSTENTA (ID_INICIATIVA_SUSTENTATORIO,ID_INICIATIVA,ADJUNTO,FLAG_ESTADO,ADJUNTO_BASE) values ('17','201','51700db7-e561-4341-970e-d79da0798931.docx','1',null);
Insert into T_GEND_INICIATIVA_SUSTENTA (ID_INICIATIVA_SUSTENTATORIO,ID_INICIATIVA,ADJUNTO,FLAG_ESTADO,ADJUNTO_BASE) values ('19','205','471a471b-89b1-4c7f-b501-c2d11e17774c.pdf','1',null);
Insert into T_GEND_INICIATIVA_SUSTENTA (ID_INICIATIVA_SUSTENTATORIO,ID_INICIATIVA,ADJUNTO,FLAG_ESTADO,ADJUNTO_BASE) values ('9','190','2c9a357e-c227-4e33-9aac-29d965117a8e.pdf','1',null);
Insert into T_GEND_INICIATIVA_SUSTENTA (ID_INICIATIVA_SUSTENTATORIO,ID_INICIATIVA,ADJUNTO,FLAG_ESTADO,ADJUNTO_BASE) values ('18','203','f4f068e8-6e82-4dfe-8b74-7e9f939664a1.docx','1',null);
REM INSERTING into T_GEND_INICIATIVA_UBICACION
SET DEFINE OFF;
Insert into T_GEND_INICIATIVA_UBICACION (ID_INICIATIVA_UBICACION,ID_INICIATIVA,ID_UBICACION,FLAG_ESTADO) values ('352','227','15','1');
Insert into T_GEND_INICIATIVA_UBICACION (ID_INICIATIVA_UBICACION,ID_INICIATIVA,ID_UBICACION,FLAG_ESTADO) values ('321','221','1','1');
Insert into T_GEND_INICIATIVA_UBICACION (ID_INICIATIVA_UBICACION,ID_INICIATIVA,ID_UBICACION,FLAG_ESTADO) values ('322','222','1','1');
Insert into T_GEND_INICIATIVA_UBICACION (ID_INICIATIVA_UBICACION,ID_INICIATIVA,ID_UBICACION,FLAG_ESTADO) values ('323','223','1','1');
Insert into T_GEND_INICIATIVA_UBICACION (ID_INICIATIVA_UBICACION,ID_INICIATIVA,ID_UBICACION,FLAG_ESTADO) values ('324','224','1','1');
Insert into T_GEND_INICIATIVA_UBICACION (ID_INICIATIVA_UBICACION,ID_INICIATIVA,ID_UBICACION,FLAG_ESTADO) values ('353','228','7','1');
Insert into T_GEND_INICIATIVA_UBICACION (ID_INICIATIVA_UBICACION,ID_INICIATIVA,ID_UBICACION,FLAG_ESTADO) values ('325','225','1','1');
Insert into T_GEND_INICIATIVA_UBICACION (ID_INICIATIVA_UBICACION,ID_INICIATIVA,ID_UBICACION,FLAG_ESTADO) values ('326','225','2','1');
Insert into T_GEND_INICIATIVA_UBICACION (ID_INICIATIVA_UBICACION,ID_INICIATIVA,ID_UBICACION,FLAG_ESTADO) values ('327','226','1','1');
Insert into T_GEND_INICIATIVA_UBICACION (ID_INICIATIVA_UBICACION,ID_INICIATIVA,ID_UBICACION,FLAG_ESTADO) values ('328','226','2','1');
Insert into T_GEND_INICIATIVA_UBICACION (ID_INICIATIVA_UBICACION,ID_INICIATIVA,ID_UBICACION,FLAG_ESTADO) values ('329','226','3','1');
Insert into T_GEND_INICIATIVA_UBICACION (ID_INICIATIVA_UBICACION,ID_INICIATIVA,ID_UBICACION,FLAG_ESTADO) values ('330','226','4','1');
Insert into T_GEND_INICIATIVA_UBICACION (ID_INICIATIVA_UBICACION,ID_INICIATIVA,ID_UBICACION,FLAG_ESTADO) values ('331','226','5','1');
Insert into T_GEND_INICIATIVA_UBICACION (ID_INICIATIVA_UBICACION,ID_INICIATIVA,ID_UBICACION,FLAG_ESTADO) values ('332','226','6','1');
Insert into T_GEND_INICIATIVA_UBICACION (ID_INICIATIVA_UBICACION,ID_INICIATIVA,ID_UBICACION,FLAG_ESTADO) values ('333','226','7','1');
Insert into T_GEND_INICIATIVA_UBICACION (ID_INICIATIVA_UBICACION,ID_INICIATIVA,ID_UBICACION,FLAG_ESTADO) values ('334','226','8','1');
Insert into T_GEND_INICIATIVA_UBICACION (ID_INICIATIVA_UBICACION,ID_INICIATIVA,ID_UBICACION,FLAG_ESTADO) values ('335','226','9','1');
Insert into T_GEND_INICIATIVA_UBICACION (ID_INICIATIVA_UBICACION,ID_INICIATIVA,ID_UBICACION,FLAG_ESTADO) values ('336','226','10','1');
Insert into T_GEND_INICIATIVA_UBICACION (ID_INICIATIVA_UBICACION,ID_INICIATIVA,ID_UBICACION,FLAG_ESTADO) values ('337','226','11','1');
Insert into T_GEND_INICIATIVA_UBICACION (ID_INICIATIVA_UBICACION,ID_INICIATIVA,ID_UBICACION,FLAG_ESTADO) values ('338','226','12','1');
Insert into T_GEND_INICIATIVA_UBICACION (ID_INICIATIVA_UBICACION,ID_INICIATIVA,ID_UBICACION,FLAG_ESTADO) values ('339','226','13','1');
Insert into T_GEND_INICIATIVA_UBICACION (ID_INICIATIVA_UBICACION,ID_INICIATIVA,ID_UBICACION,FLAG_ESTADO) values ('340','226','14','1');
Insert into T_GEND_INICIATIVA_UBICACION (ID_INICIATIVA_UBICACION,ID_INICIATIVA,ID_UBICACION,FLAG_ESTADO) values ('341','226','15','1');
Insert into T_GEND_INICIATIVA_UBICACION (ID_INICIATIVA_UBICACION,ID_INICIATIVA,ID_UBICACION,FLAG_ESTADO) values ('342','226','16','1');
Insert into T_GEND_INICIATIVA_UBICACION (ID_INICIATIVA_UBICACION,ID_INICIATIVA,ID_UBICACION,FLAG_ESTADO) values ('343','226','17','1');
Insert into T_GEND_INICIATIVA_UBICACION (ID_INICIATIVA_UBICACION,ID_INICIATIVA,ID_UBICACION,FLAG_ESTADO) values ('344','226','18','1');
Insert into T_GEND_INICIATIVA_UBICACION (ID_INICIATIVA_UBICACION,ID_INICIATIVA,ID_UBICACION,FLAG_ESTADO) values ('345','226','19','1');
Insert into T_GEND_INICIATIVA_UBICACION (ID_INICIATIVA_UBICACION,ID_INICIATIVA,ID_UBICACION,FLAG_ESTADO) values ('346','226','20','1');
Insert into T_GEND_INICIATIVA_UBICACION (ID_INICIATIVA_UBICACION,ID_INICIATIVA,ID_UBICACION,FLAG_ESTADO) values ('347','226','21','1');
Insert into T_GEND_INICIATIVA_UBICACION (ID_INICIATIVA_UBICACION,ID_INICIATIVA,ID_UBICACION,FLAG_ESTADO) values ('348','226','22','1');
Insert into T_GEND_INICIATIVA_UBICACION (ID_INICIATIVA_UBICACION,ID_INICIATIVA,ID_UBICACION,FLAG_ESTADO) values ('349','226','23','1');
Insert into T_GEND_INICIATIVA_UBICACION (ID_INICIATIVA_UBICACION,ID_INICIATIVA,ID_UBICACION,FLAG_ESTADO) values ('350','226','24','1');
Insert into T_GEND_INICIATIVA_UBICACION (ID_INICIATIVA_UBICACION,ID_INICIATIVA,ID_UBICACION,FLAG_ESTADO) values ('351','226','25','1');
Insert into T_GEND_INICIATIVA_UBICACION (ID_INICIATIVA_UBICACION,ID_INICIATIVA,ID_UBICACION,FLAG_ESTADO) values ('285','194','12','1');
Insert into T_GEND_INICIATIVA_UBICACION (ID_INICIATIVA_UBICACION,ID_INICIATIVA,ID_UBICACION,FLAG_ESTADO) values ('286','194','20','1');
Insert into T_GEND_INICIATIVA_UBICACION (ID_INICIATIVA_UBICACION,ID_INICIATIVA,ID_UBICACION,FLAG_ESTADO) values ('281','190','1','1');
Insert into T_GEND_INICIATIVA_UBICACION (ID_INICIATIVA_UBICACION,ID_INICIATIVA,ID_UBICACION,FLAG_ESTADO) values ('282','190','2','1');
Insert into T_GEND_INICIATIVA_UBICACION (ID_INICIATIVA_UBICACION,ID_INICIATIVA,ID_UBICACION,FLAG_ESTADO) values ('287','196','3','1');
Insert into T_GEND_INICIATIVA_UBICACION (ID_INICIATIVA_UBICACION,ID_INICIATIVA,ID_UBICACION,FLAG_ESTADO) values ('288','196','19','1');
Insert into T_GEND_INICIATIVA_UBICACION (ID_INICIATIVA_UBICACION,ID_INICIATIVA,ID_UBICACION,FLAG_ESTADO) values ('289','196','20','1');
Insert into T_GEND_INICIATIVA_UBICACION (ID_INICIATIVA_UBICACION,ID_INICIATIVA,ID_UBICACION,FLAG_ESTADO) values ('290','197','2','0');
Insert into T_GEND_INICIATIVA_UBICACION (ID_INICIATIVA_UBICACION,ID_INICIATIVA,ID_UBICACION,FLAG_ESTADO) values ('291','197','1','1');
Insert into T_GEND_INICIATIVA_UBICACION (ID_INICIATIVA_UBICACION,ID_INICIATIVA,ID_UBICACION,FLAG_ESTADO) values ('292','197','3','1');
Insert into T_GEND_INICIATIVA_UBICACION (ID_INICIATIVA_UBICACION,ID_INICIATIVA,ID_UBICACION,FLAG_ESTADO) values ('305','207','1','1');
Insert into T_GEND_INICIATIVA_UBICACION (ID_INICIATIVA_UBICACION,ID_INICIATIVA,ID_UBICACION,FLAG_ESTADO) values ('306','207','2','1');
Insert into T_GEND_INICIATIVA_UBICACION (ID_INICIATIVA_UBICACION,ID_INICIATIVA,ID_UBICACION,FLAG_ESTADO) values ('293','198','2','1');
Insert into T_GEND_INICIATIVA_UBICACION (ID_INICIATIVA_UBICACION,ID_INICIATIVA,ID_UBICACION,FLAG_ESTADO) values ('294','198','15','1');
Insert into T_GEND_INICIATIVA_UBICACION (ID_INICIATIVA_UBICACION,ID_INICIATIVA,ID_UBICACION,FLAG_ESTADO) values ('295','199','1','1');
Insert into T_GEND_INICIATIVA_UBICACION (ID_INICIATIVA_UBICACION,ID_INICIATIVA,ID_UBICACION,FLAG_ESTADO) values ('296','199','2','1');
Insert into T_GEND_INICIATIVA_UBICACION (ID_INICIATIVA_UBICACION,ID_INICIATIVA,ID_UBICACION,FLAG_ESTADO) values ('297','200','1','1');
Insert into T_GEND_INICIATIVA_UBICACION (ID_INICIATIVA_UBICACION,ID_INICIATIVA,ID_UBICACION,FLAG_ESTADO) values ('298','201','1','1');
Insert into T_GEND_INICIATIVA_UBICACION (ID_INICIATIVA_UBICACION,ID_INICIATIVA,ID_UBICACION,FLAG_ESTADO) values ('299','202','1','1');
Insert into T_GEND_INICIATIVA_UBICACION (ID_INICIATIVA_UBICACION,ID_INICIATIVA,ID_UBICACION,FLAG_ESTADO) values ('300','203','1','1');
Insert into T_GEND_INICIATIVA_UBICACION (ID_INICIATIVA_UBICACION,ID_INICIATIVA,ID_UBICACION,FLAG_ESTADO) values ('301','204','1','1');
Insert into T_GEND_INICIATIVA_UBICACION (ID_INICIATIVA_UBICACION,ID_INICIATIVA,ID_UBICACION,FLAG_ESTADO) values ('302','205','7','1');
Insert into T_GEND_INICIATIVA_UBICACION (ID_INICIATIVA_UBICACION,ID_INICIATIVA,ID_UBICACION,FLAG_ESTADO) values ('303','205','15','1');
Insert into T_GEND_INICIATIVA_UBICACION (ID_INICIATIVA_UBICACION,ID_INICIATIVA,ID_UBICACION,FLAG_ESTADO) values ('304','206','7','1');
Insert into T_GEND_INICIATIVA_UBICACION (ID_INICIATIVA_UBICACION,ID_INICIATIVA,ID_UBICACION,FLAG_ESTADO) values ('284','192','2','1');
Insert into T_GEND_INICIATIVA_UBICACION (ID_INICIATIVA_UBICACION,ID_INICIATIVA,ID_UBICACION,FLAG_ESTADO) values ('283','192','1','1');
REM INSERTING into T_GEND_INI_TIPDOCAVAL
SET DEFINE OFF;
REM INSERTING into T_GEND_MEDMIT_GEI
SET DEFINE OFF;
REM INSERTING into T_GEND_VARIABLE_VALOR
SET DEFINE OFF;
REM INSERTING into T_GEND_VARIANTE_ATRIBUTO
SET DEFINE OFF;
REM INSERTING into T_GEND_VARIANTE_VALOR
SET DEFINE OFF;
REM INSERTING into T_GENM_AYUDA
SET DEFINE OFF;
REM INSERTING into T_GENM_BLOCKCHAIN
SET DEFINE OFF;
REM INSERTING into T_GENM_ENFOQUE
SET DEFINE OFF;
Insert into T_GENM_ENFOQUE (ID_ENFOQUE,ID_MEDMIT,DESCRIPCION) values ('1','12','ENFOQUE 1 VEHICULOS ELECTRICOS (KRV,Cant)');
Insert into T_GENM_ENFOQUE (ID_ENFOQUE,ID_MEDMIT,DESCRIPCION) values ('2','12','ENFOQUE 2 VEHICULOS ELECTRICOS (Electricidad)');
REM INSERTING into T_GENM_ESCENARIO
SET DEFINE OFF;
Insert into T_GENM_ESCENARIO (ID_ESCENARIO,ID_MEDMIT,ANNO,BAU_EMISION,MIT_EMISION,REDUCCION,VALOR_SOFTWARE,EXPOST,META_ANUAL,FLAG_ESTADO) values ('1','7','2010','317,5','189,2',null,null,null,null,'1');
Insert into T_GENM_ESCENARIO (ID_ESCENARIO,ID_MEDMIT,ANNO,BAU_EMISION,MIT_EMISION,REDUCCION,VALOR_SOFTWARE,EXPOST,META_ANUAL,FLAG_ESTADO) values ('2','7','2011','330,2','199,6',null,null,null,null,'1');
Insert into T_GENM_ESCENARIO (ID_ESCENARIO,ID_MEDMIT,ANNO,BAU_EMISION,MIT_EMISION,REDUCCION,VALOR_SOFTWARE,EXPOST,META_ANUAL,FLAG_ESTADO) values ('3','7','2012','681','411,6',null,null,null,null,'1');
Insert into T_GENM_ESCENARIO (ID_ESCENARIO,ID_MEDMIT,ANNO,BAU_EMISION,MIT_EMISION,REDUCCION,VALOR_SOFTWARE,EXPOST,META_ANUAL,FLAG_ESTADO) values ('4','7','2013','653,8','395,2',null,null,null,null,'1');
Insert into T_GENM_ESCENARIO (ID_ESCENARIO,ID_MEDMIT,ANNO,BAU_EMISION,MIT_EMISION,REDUCCION,VALOR_SOFTWARE,EXPOST,META_ANUAL,FLAG_ESTADO) values ('5','7','2014','734','444',null,null,null,null,'1');
Insert into T_GENM_ESCENARIO (ID_ESCENARIO,ID_MEDMIT,ANNO,BAU_EMISION,MIT_EMISION,REDUCCION,VALOR_SOFTWARE,EXPOST,META_ANUAL,FLAG_ESTADO) values ('6','7','2015','445,7','165,2',null,null,null,null,'1');
Insert into T_GENM_ESCENARIO (ID_ESCENARIO,ID_MEDMIT,ANNO,BAU_EMISION,MIT_EMISION,REDUCCION,VALOR_SOFTWARE,EXPOST,META_ANUAL,FLAG_ESTADO) values ('7','7','2016','387,1','193,5',null,null,null,null,'1');
Insert into T_GENM_ESCENARIO (ID_ESCENARIO,ID_MEDMIT,ANNO,BAU_EMISION,MIT_EMISION,REDUCCION,VALOR_SOFTWARE,EXPOST,META_ANUAL,FLAG_ESTADO) values ('8','7','2017','245,1','50,5',null,null,null,null,'1');
Insert into T_GENM_ESCENARIO (ID_ESCENARIO,ID_MEDMIT,ANNO,BAU_EMISION,MIT_EMISION,REDUCCION,VALOR_SOFTWARE,EXPOST,META_ANUAL,FLAG_ESTADO) values ('9','7','2018','262,3','54',null,null,null,null,'1');
Insert into T_GENM_ESCENARIO (ID_ESCENARIO,ID_MEDMIT,ANNO,BAU_EMISION,MIT_EMISION,REDUCCION,VALOR_SOFTWARE,EXPOST,META_ANUAL,FLAG_ESTADO) values ('10','7','2019','280,6','57,8',null,null,null,null,'1');
Insert into T_GENM_ESCENARIO (ID_ESCENARIO,ID_MEDMIT,ANNO,BAU_EMISION,MIT_EMISION,REDUCCION,VALOR_SOFTWARE,EXPOST,META_ANUAL,FLAG_ESTADO) values ('11','7','2020','300,3','61,8',null,'214,5',null,null,'1');
Insert into T_GENM_ESCENARIO (ID_ESCENARIO,ID_MEDMIT,ANNO,BAU_EMISION,MIT_EMISION,REDUCCION,VALOR_SOFTWARE,EXPOST,META_ANUAL,FLAG_ESTADO) values ('12','7','2021','717,4','68',null,'527,6',null,null,'1');
Insert into T_GENM_ESCENARIO (ID_ESCENARIO,ID_MEDMIT,ANNO,BAU_EMISION,MIT_EMISION,REDUCCION,VALOR_SOFTWARE,EXPOST,META_ANUAL,FLAG_ESTADO) values ('23','7','2022','608,5','74,8',null,'548,4',null,null,'1');
Insert into T_GENM_ESCENARIO (ID_ESCENARIO,ID_MEDMIT,ANNO,BAU_EMISION,MIT_EMISION,REDUCCION,VALOR_SOFTWARE,EXPOST,META_ANUAL,FLAG_ESTADO) values ('24','7','2023','661,9','82,3',null,'572,4',null,null,'1');
Insert into T_GENM_ESCENARIO (ID_ESCENARIO,ID_MEDMIT,ANNO,BAU_EMISION,MIT_EMISION,REDUCCION,VALOR_SOFTWARE,EXPOST,META_ANUAL,FLAG_ESTADO) values ('25','7','2024','740,3','94,7',null,'664,8',null,null,'1');
Insert into T_GENM_ESCENARIO (ID_ESCENARIO,ID_MEDMIT,ANNO,BAU_EMISION,MIT_EMISION,REDUCCION,VALOR_SOFTWARE,EXPOST,META_ANUAL,FLAG_ESTADO) values ('26','7','2025','828,8','108,9',null,'703,1',null,null,'1');
Insert into T_GENM_ESCENARIO (ID_ESCENARIO,ID_MEDMIT,ANNO,BAU_EMISION,MIT_EMISION,REDUCCION,VALOR_SOFTWARE,EXPOST,META_ANUAL,FLAG_ESTADO) values ('27','7','2026','938,2','125,2',null,'824,6',null,null,'1');
Insert into T_GENM_ESCENARIO (ID_ESCENARIO,ID_MEDMIT,ANNO,BAU_EMISION,MIT_EMISION,REDUCCION,VALOR_SOFTWARE,EXPOST,META_ANUAL,FLAG_ESTADO) values ('28','7','2028','1520,1','181,4',null,'1278,3',null,null,'1');
Insert into T_GENM_ESCENARIO (ID_ESCENARIO,ID_MEDMIT,ANNO,BAU_EMISION,MIT_EMISION,REDUCCION,VALOR_SOFTWARE,EXPOST,META_ANUAL,FLAG_ESTADO) values ('29','7','2029','1772,3','219,5',null,'1521,4',null,null,'1');
Insert into T_GENM_ESCENARIO (ID_ESCENARIO,ID_MEDMIT,ANNO,BAU_EMISION,MIT_EMISION,REDUCCION,VALOR_SOFTWARE,EXPOST,META_ANUAL,FLAG_ESTADO) values ('30','7','2027','1479,8','150,2',null,'1023,7',null,null,'1');
Insert into T_GENM_ESCENARIO (ID_ESCENARIO,ID_MEDMIT,ANNO,BAU_EMISION,MIT_EMISION,REDUCCION,VALOR_SOFTWARE,EXPOST,META_ANUAL,FLAG_ESTADO) values ('31','7','2030','2122,2','273,8',null,'1931,7',null,null,'1');
REM INSERTING into T_GENM_FACTOR
SET DEFINE OFF;
Insert into T_GENM_FACTOR (ID_FACTOR,DESCRIPCION,SIGLA,FUNCION) values ('1','Factor Emision Base','F_BAU',null);
Insert into T_GENM_FACTOR (ID_FACTOR,DESCRIPCION,SIGLA,FUNCION) values ('2','Factor Electrico','F_ELE',null);
Insert into T_GENM_FACTOR (ID_FACTOR,DESCRIPCION,SIGLA,FUNCION) values ('3','Factor Emision Base','F_BAU',null);
REM INSERTING into T_GENM_INICIATIVA
SET DEFINE OFF;
Insert into T_GENM_INICIATIVA (ID_INICIATIVA,ID_MEDMIT,ID_USUARIO,NOMBRE_INICIATIVA,DESC_INICIATIVA,ID_ESTADO,PRIVACIDAD_INICIATIVA,INVERSION_INICIATIVA,ID_MONEDA,FECHA_CREA_INICIATIVA,FECHA_IMPLE_INICIATIVA,ID_ETAPA,USUARIO_REGISTRO,FECHA_REGISTRO,IP_REGISTRO,USUARIO_MODIFICA,FECHA_MODIFICA,IP_MODIFICA,FLG_ESTADO,PRIVACIDAD_INVERSION,FECHA_FIN_INICIATIVA) values ('227','12','105','10 Taxis Electricos para el Centro Historico','10 Taxis Electricos para el Centro Historico','3','1','190000','2',to_date('03/02/20','DD/MM/RR'),to_date('01/01/18','DD/MM/RR'),'7',null,to_date('03/02/20','DD/MM/RR'),null,null,null,null,null,'1',to_date('31/12/30','DD/MM/RR'));
Insert into T_GENM_INICIATIVA (ID_INICIATIVA,ID_MEDMIT,ID_USUARIO,NOMBRE_INICIATIVA,DESC_INICIATIVA,ID_ESTADO,PRIVACIDAD_INICIATIVA,INVERSION_INICIATIVA,ID_MONEDA,FECHA_CREA_INICIATIVA,FECHA_IMPLE_INICIATIVA,ID_ETAPA,USUARIO_REGISTRO,FECHA_REGISTRO,IP_REGISTRO,USUARIO_MODIFICA,FECHA_MODIFICA,IP_MODIFICA,FLG_ESTADO,PRIVACIDAD_INVERSION,FECHA_FIN_INICIATIVA) values ('221','12','102','#15 iniciativa autos','Autos electricos','1','0','10000','2',to_date('31/01/20','DD/MM/RR'),to_date('21/01/18','DD/MM/RR'),'1',null,to_date('31/01/20','DD/MM/RR'),null,null,null,null,null,'0',to_date('21/02/18','DD/MM/RR'));
Insert into T_GENM_INICIATIVA (ID_INICIATIVA,ID_MEDMIT,ID_USUARIO,NOMBRE_INICIATIVA,DESC_INICIATIVA,ID_ESTADO,PRIVACIDAD_INICIATIVA,INVERSION_INICIATIVA,ID_MONEDA,FECHA_CREA_INICIATIVA,FECHA_IMPLE_INICIATIVA,ID_ETAPA,USUARIO_REGISTRO,FECHA_REGISTRO,IP_REGISTRO,USUARIO_MODIFICA,FECHA_MODIFICA,IP_MODIFICA,FLG_ESTADO,PRIVACIDAD_INVERSION,FECHA_FIN_INICIATIVA) values ('222','12','102','carrito','carrito chocones','1','0','12000','1',to_date('31/01/20','DD/MM/RR'),to_date('21/03/18','DD/MM/RR'),'1',null,to_date('31/01/20','DD/MM/RR'),null,null,null,null,null,'0',to_date('22/04/18','DD/MM/RR'));
Insert into T_GENM_INICIATIVA (ID_INICIATIVA,ID_MEDMIT,ID_USUARIO,NOMBRE_INICIATIVA,DESC_INICIATIVA,ID_ESTADO,PRIVACIDAD_INICIATIVA,INVERSION_INICIATIVA,ID_MONEDA,FECHA_CREA_INICIATIVA,FECHA_IMPLE_INICIATIVA,ID_ETAPA,USUARIO_REGISTRO,FECHA_REGISTRO,IP_REGISTRO,USUARIO_MODIFICA,FECHA_MODIFICA,IP_MODIFICA,FLG_ESTADO,PRIVACIDAD_INVERSION,FECHA_FIN_INICIATIVA) values ('223','12','102','flota de autos electricos de 12 m','toda la flota completa y placas par','1','0','12000','2',to_date('31/01/20','DD/MM/RR'),to_date('02/02/18','DD/MM/RR'),'1',null,to_date('31/01/20','DD/MM/RR'),null,null,null,null,null,'0',to_date('02/03/18','DD/MM/RR'));
Insert into T_GENM_INICIATIVA (ID_INICIATIVA,ID_MEDMIT,ID_USUARIO,NOMBRE_INICIATIVA,DESC_INICIATIVA,ID_ESTADO,PRIVACIDAD_INICIATIVA,INVERSION_INICIATIVA,ID_MONEDA,FECHA_CREA_INICIATIVA,FECHA_IMPLE_INICIATIVA,ID_ETAPA,USUARIO_REGISTRO,FECHA_REGISTRO,IP_REGISTRO,USUARIO_MODIFICA,FECHA_MODIFICA,IP_MODIFICA,FLG_ESTADO,PRIVACIDAD_INVERSION,FECHA_FIN_INICIATIVA) values ('224','12','106','Carritos electricos','Los carros seran todos balncos','3','1','12000','1',to_date('31/01/20','DD/MM/RR'),to_date('03/02/18','DD/MM/RR'),'2',null,to_date('31/01/20','DD/MM/RR'),null,null,null,null,null,'0',to_date('03/03/18','DD/MM/RR'));
Insert into T_GENM_INICIATIVA (ID_INICIATIVA,ID_MEDMIT,ID_USUARIO,NOMBRE_INICIATIVA,DESC_INICIATIVA,ID_ESTADO,PRIVACIDAD_INICIATIVA,INVERSION_INICIATIVA,ID_MONEDA,FECHA_CREA_INICIATIVA,FECHA_IMPLE_INICIATIVA,ID_ETAPA,USUARIO_REGISTRO,FECHA_REGISTRO,IP_REGISTRO,USUARIO_MODIFICA,FECHA_MODIFICA,IP_MODIFICA,FLG_ESTADO,PRIVACIDAD_INVERSION,FECHA_FIN_INICIATIVA) values ('228','12','105','5 Buses Electricos para Swiss Hotel','5 Buses Electricos para Swiss Hotel','2','1','250000','2',to_date('03/02/20','DD/MM/RR'),to_date('01/01/19','DD/MM/RR'),'3',null,to_date('03/02/20','DD/MM/RR'),null,null,null,null,null,'1',to_date('31/12/30','DD/MM/RR'));
Insert into T_GENM_INICIATIVA (ID_INICIATIVA,ID_MEDMIT,ID_USUARIO,NOMBRE_INICIATIVA,DESC_INICIATIVA,ID_ESTADO,PRIVACIDAD_INICIATIVA,INVERSION_INICIATIVA,ID_MONEDA,FECHA_CREA_INICIATIVA,FECHA_IMPLE_INICIATIVA,ID_ETAPA,USUARIO_REGISTRO,FECHA_REGISTRO,IP_REGISTRO,USUARIO_MODIFICA,FECHA_MODIFICA,IP_MODIFICA,FLG_ESTADO,PRIVACIDAD_INVERSION,FECHA_FIN_INICIATIVA) values ('225','12','103','Flota 110 autos carbono','Flota 110 autos carbono','1','1','3400000','2',to_date('31/01/20','DD/MM/RR'),to_date('10/12/20','DD/MM/RR'),'3',null,to_date('31/01/20','DD/MM/RR'),null,null,null,null,null,'1',to_date('11/10/21','DD/MM/RR'));
Insert into T_GENM_INICIATIVA (ID_INICIATIVA,ID_MEDMIT,ID_USUARIO,NOMBRE_INICIATIVA,DESC_INICIATIVA,ID_ESTADO,PRIVACIDAD_INICIATIVA,INVERSION_INICIATIVA,ID_MONEDA,FECHA_CREA_INICIATIVA,FECHA_IMPLE_INICIATIVA,ID_ETAPA,USUARIO_REGISTRO,FECHA_REGISTRO,IP_REGISTRO,USUARIO_MODIFICA,FECHA_MODIFICA,IP_MODIFICA,FLG_ESTADO,PRIVACIDAD_INVERSION,FECHA_FIN_INICIATIVA) values ('226','12','121','iniciativa 01 gz corp','descripcion iniciativa 01 gz corp - ediatado / corregido','5','1','100000','1',to_date('01/02/20','DD/MM/RR'),to_date('01/01/18','DD/MM/RR'),'3',null,to_date('01/02/20','DD/MM/RR'),null,null,null,null,null,'1',to_date('01/01/30','DD/MM/RR'));
Insert into T_GENM_INICIATIVA (ID_INICIATIVA,ID_MEDMIT,ID_USUARIO,NOMBRE_INICIATIVA,DESC_INICIATIVA,ID_ESTADO,PRIVACIDAD_INICIATIVA,INVERSION_INICIATIVA,ID_MONEDA,FECHA_CREA_INICIATIVA,FECHA_IMPLE_INICIATIVA,ID_ETAPA,USUARIO_REGISTRO,FECHA_REGISTRO,IP_REGISTRO,USUARIO_MODIFICA,FECHA_MODIFICA,IP_MODIFICA,FLG_ESTADO,PRIVACIDAD_INVERSION,FECHA_FIN_INICIATIVA) values ('194','12','103','INICIATIVA #1','DESCRIPCION DE INICIATIVA #1, LEVANTAMOS OBS 6','3','1','25000','2',to_date('29/01/20','DD/MM/RR'),to_date('15/10/18','DD/MM/RR'),'4',null,to_date('29/01/20','DD/MM/RR'),null,null,null,null,null,'1',null);
Insert into T_GENM_INICIATIVA (ID_INICIATIVA,ID_MEDMIT,ID_USUARIO,NOMBRE_INICIATIVA,DESC_INICIATIVA,ID_ESTADO,PRIVACIDAD_INICIATIVA,INVERSION_INICIATIVA,ID_MONEDA,FECHA_CREA_INICIATIVA,FECHA_IMPLE_INICIATIVA,ID_ETAPA,USUARIO_REGISTRO,FECHA_REGISTRO,IP_REGISTRO,USUARIO_MODIFICA,FECHA_MODIFICA,IP_MODIFICA,FLG_ESTADO,PRIVACIDAD_INVERSION,FECHA_FIN_INICIATIVA) values ('190','12','102','Flota 20 autos','Flota 20 autos','2','1','300000','2',to_date('29/01/20','DD/MM/RR'),to_date('12/10/20','DD/MM/RR'),'3',null,to_date('29/01/20','DD/MM/RR'),null,null,null,null,null,'1',null);
Insert into T_GENM_INICIATIVA (ID_INICIATIVA,ID_MEDMIT,ID_USUARIO,NOMBRE_INICIATIVA,DESC_INICIATIVA,ID_ESTADO,PRIVACIDAD_INICIATIVA,INVERSION_INICIATIVA,ID_MONEDA,FECHA_CREA_INICIATIVA,FECHA_IMPLE_INICIATIVA,ID_ETAPA,USUARIO_REGISTRO,FECHA_REGISTRO,IP_REGISTRO,USUARIO_MODIFICA,FECHA_MODIFICA,IP_MODIFICA,FLG_ESTADO,PRIVACIDAD_INVERSION,FECHA_FIN_INICIATIVA) values ('196','12','103','INICIATIVA # 2','DESCRIPCION DE INICIATIVA # 2','2','1','26000','2',to_date('29/01/20','DD/MM/RR'),to_date('11/11/18','DD/MM/RR'),'3',null,to_date('29/01/20','DD/MM/RR'),null,null,null,null,null,'1',null);
Insert into T_GENM_INICIATIVA (ID_INICIATIVA,ID_MEDMIT,ID_USUARIO,NOMBRE_INICIATIVA,DESC_INICIATIVA,ID_ESTADO,PRIVACIDAD_INICIATIVA,INVERSION_INICIATIVA,ID_MONEDA,FECHA_CREA_INICIATIVA,FECHA_IMPLE_INICIATIVA,ID_ETAPA,USUARIO_REGISTRO,FECHA_REGISTRO,IP_REGISTRO,USUARIO_MODIFICA,FECHA_MODIFICA,IP_MODIFICA,FLG_ESTADO,PRIVACIDAD_INVERSION,FECHA_FIN_INICIATIVA) values ('197','12','103','Flota de 68 autos huella de carbono','Flota de 68 autos huella de carbono','1','1','4500000','2',to_date('30/01/20','DD/MM/RR'),to_date('10/12/20','DD/MM/RR'),'1',null,to_date('30/01/20','DD/MM/RR'),null,null,null,null,null,'0',to_date('09/11/21','DD/MM/RR'));
Insert into T_GENM_INICIATIVA (ID_INICIATIVA,ID_MEDMIT,ID_USUARIO,NOMBRE_INICIATIVA,DESC_INICIATIVA,ID_ESTADO,PRIVACIDAD_INICIATIVA,INVERSION_INICIATIVA,ID_MONEDA,FECHA_CREA_INICIATIVA,FECHA_IMPLE_INICIATIVA,ID_ETAPA,USUARIO_REGISTRO,FECHA_REGISTRO,IP_REGISTRO,USUARIO_MODIFICA,FECHA_MODIFICA,IP_MODIFICA,FLG_ESTADO,PRIVACIDAD_INVERSION,FECHA_FIN_INICIATIVA) values ('207','12','103','Flota 10 autos carbono','Flota 10 autos carbono','3','1','350000','3',to_date('31/01/20','DD/MM/RR'),to_date('10/11/21','DD/MM/RR'),'2',null,to_date('31/01/20','DD/MM/RR'),null,null,null,null,null,'1',to_date('10/11/22','DD/MM/RR'));
Insert into T_GENM_INICIATIVA (ID_INICIATIVA,ID_MEDMIT,ID_USUARIO,NOMBRE_INICIATIVA,DESC_INICIATIVA,ID_ESTADO,PRIVACIDAD_INICIATIVA,INVERSION_INICIATIVA,ID_MONEDA,FECHA_CREA_INICIATIVA,FECHA_IMPLE_INICIATIVA,ID_ETAPA,USUARIO_REGISTRO,FECHA_REGISTRO,IP_REGISTRO,USUARIO_MODIFICA,FECHA_MODIFICA,IP_MODIFICA,FLG_ESTADO,PRIVACIDAD_INVERSION,FECHA_FIN_INICIATIVA) values ('198','12','103','Iniciativa #4','agrega autos','5','0','20000','1',to_date('30/01/20','DD/MM/RR'),to_date('21/02/18','DD/MM/RR'),'3',null,to_date('30/01/20','DD/MM/RR'),null,null,null,null,null,'0',to_date('21/03/18','DD/MM/RR'));
Insert into T_GENM_INICIATIVA (ID_INICIATIVA,ID_MEDMIT,ID_USUARIO,NOMBRE_INICIATIVA,DESC_INICIATIVA,ID_ESTADO,PRIVACIDAD_INICIATIVA,INVERSION_INICIATIVA,ID_MONEDA,FECHA_CREA_INICIATIVA,FECHA_IMPLE_INICIATIVA,ID_ETAPA,USUARIO_REGISTRO,FECHA_REGISTRO,IP_REGISTRO,USUARIO_MODIFICA,FECHA_MODIFICA,IP_MODIFICA,FLG_ESTADO,PRIVACIDAD_INVERSION,FECHA_FIN_INICIATIVA) values ('199','8','103','iniciativa coccion #1','la coccion sera limpia','3','1','10000','1',to_date('30/01/20','DD/MM/RR'),to_date('21/03/19','DD/MM/RR'),'4',null,to_date('30/01/20','DD/MM/RR'),null,null,null,null,null,'0',to_date('21/05/19','DD/MM/RR'));
Insert into T_GENM_INICIATIVA (ID_INICIATIVA,ID_MEDMIT,ID_USUARIO,NOMBRE_INICIATIVA,DESC_INICIATIVA,ID_ESTADO,PRIVACIDAD_INICIATIVA,INVERSION_INICIATIVA,ID_MONEDA,FECHA_CREA_INICIATIVA,FECHA_IMPLE_INICIATIVA,ID_ETAPA,USUARIO_REGISTRO,FECHA_REGISTRO,IP_REGISTRO,USUARIO_MODIFICA,FECHA_MODIFICA,IP_MODIFICA,FLG_ESTADO,PRIVACIDAD_INVERSION,FECHA_FIN_INICIATIVA) values ('200','12','103','iniciativa elctrico #6','sern todos elctricos ','1','0','5000','3',to_date('30/01/20','DD/MM/RR'),to_date('30/07/19','DD/MM/RR'),'3',null,to_date('30/01/20','DD/MM/RR'),null,null,null,null,null,'0',to_date('31/08/19','DD/MM/RR'));
Insert into T_GENM_INICIATIVA (ID_INICIATIVA,ID_MEDMIT,ID_USUARIO,NOMBRE_INICIATIVA,DESC_INICIATIVA,ID_ESTADO,PRIVACIDAD_INICIATIVA,INVERSION_INICIATIVA,ID_MONEDA,FECHA_CREA_INICIATIVA,FECHA_IMPLE_INICIATIVA,ID_ETAPA,USUARIO_REGISTRO,FECHA_REGISTRO,IP_REGISTRO,USUARIO_MODIFICA,FECHA_MODIFICA,IP_MODIFICA,FLG_ESTADO,PRIVACIDAD_INVERSION,FECHA_FIN_INICIATIVA) values ('201','12','103','iniciativa # 7 ','Asi es todo','3','0','5000','2',to_date('30/01/20','DD/MM/RR'),to_date('21/09/19','DD/MM/RR'),'8',null,to_date('30/01/20','DD/MM/RR'),null,null,null,null,null,'0',to_date('10/11/19','DD/MM/RR'));
Insert into T_GENM_INICIATIVA (ID_INICIATIVA,ID_MEDMIT,ID_USUARIO,NOMBRE_INICIATIVA,DESC_INICIATIVA,ID_ESTADO,PRIVACIDAD_INICIATIVA,INVERSION_INICIATIVA,ID_MONEDA,FECHA_CREA_INICIATIVA,FECHA_IMPLE_INICIATIVA,ID_ETAPA,USUARIO_REGISTRO,FECHA_REGISTRO,IP_REGISTRO,USUARIO_MODIFICA,FECHA_MODIFICA,IP_MODIFICA,FLG_ESTADO,PRIVACIDAD_INVERSION,FECHA_FIN_INICIATIVA) values ('202','8','103','Iniciativa coccin #3','todas las cocinas','1','0','134958','1',to_date('30/01/20','DD/MM/RR'),to_date('02/02/20','DD/MM/RR'),'3',null,to_date('30/01/20','DD/MM/RR'),null,null,null,null,null,'0',to_date('02/03/20','DD/MM/RR'));
Insert into T_GENM_INICIATIVA (ID_INICIATIVA,ID_MEDMIT,ID_USUARIO,NOMBRE_INICIATIVA,DESC_INICIATIVA,ID_ESTADO,PRIVACIDAD_INICIATIVA,INVERSION_INICIATIVA,ID_MONEDA,FECHA_CREA_INICIATIVA,FECHA_IMPLE_INICIATIVA,ID_ETAPA,USUARIO_REGISTRO,FECHA_REGISTRO,IP_REGISTRO,USUARIO_MODIFICA,FECHA_MODIFICA,IP_MODIFICA,FLG_ESTADO,PRIVACIDAD_INVERSION,FECHA_FIN_INICIATIVA) values ('203','12','103','# 8 iniciativa','registro de carros ','3','0','100000','1',to_date('30/01/20','DD/MM/RR'),to_date('21/02/19','DD/MM/RR'),'6',null,to_date('30/01/20','DD/MM/RR'),null,null,null,null,null,'0',to_date('25/03/19','DD/MM/RR'));
Insert into T_GENM_INICIATIVA (ID_INICIATIVA,ID_MEDMIT,ID_USUARIO,NOMBRE_INICIATIVA,DESC_INICIATIVA,ID_ESTADO,PRIVACIDAD_INICIATIVA,INVERSION_INICIATIVA,ID_MONEDA,FECHA_CREA_INICIATIVA,FECHA_IMPLE_INICIATIVA,ID_ETAPA,USUARIO_REGISTRO,FECHA_REGISTRO,IP_REGISTRO,USUARIO_MODIFICA,FECHA_MODIFICA,IP_MODIFICA,FLG_ESTADO,PRIVACIDAD_INVERSION,FECHA_FIN_INICIATIVA) values ('204','12','103','#10 autos nuevos','nuevos electricos ','1','0','100000','1',to_date('30/01/20','DD/MM/RR'),to_date('12/03/20','DD/MM/RR'),'3',null,to_date('30/01/20','DD/MM/RR'),null,null,null,null,null,'0',to_date('15/04/20','DD/MM/RR'));
Insert into T_GENM_INICIATIVA (ID_INICIATIVA,ID_MEDMIT,ID_USUARIO,NOMBRE_INICIATIVA,DESC_INICIATIVA,ID_ESTADO,PRIVACIDAD_INICIATIVA,INVERSION_INICIATIVA,ID_MONEDA,FECHA_CREA_INICIATIVA,FECHA_IMPLE_INICIATIVA,ID_ETAPA,USUARIO_REGISTRO,FECHA_REGISTRO,IP_REGISTRO,USUARIO_MODIFICA,FECHA_MODIFICA,IP_MODIFICA,FLG_ESTADO,PRIVACIDAD_INVERSION,FECHA_FIN_INICIATIVA) values ('205','12','105','2 Vehiculos Electricos para Aeropuerto Jorge Chavez','2 Vehiculos Electricos para Aeropuerto Jorge Chavez','2','1','150000','2',to_date('30/01/20','DD/MM/RR'),to_date('01/01/18','DD/MM/RR'),'3',null,to_date('30/01/20','DD/MM/RR'),null,null,null,null,null,'1',to_date('31/12/30','DD/MM/RR'));
Insert into T_GENM_INICIATIVA (ID_INICIATIVA,ID_MEDMIT,ID_USUARIO,NOMBRE_INICIATIVA,DESC_INICIATIVA,ID_ESTADO,PRIVACIDAD_INICIATIVA,INVERSION_INICIATIVA,ID_MONEDA,FECHA_CREA_INICIATIVA,FECHA_IMPLE_INICIATIVA,ID_ETAPA,USUARIO_REGISTRO,FECHA_REGISTRO,IP_REGISTRO,USUARIO_MODIFICA,FECHA_MODIFICA,IP_MODIFICA,FLG_ESTADO,PRIVACIDAD_INVERSION,FECHA_FIN_INICIATIVA) values ('206','12','105','4 Buses Electricos','4 Buses Electricos','1','1','500000','1',to_date('30/01/20','DD/MM/RR'),to_date('01/01/19','DD/MM/RR'),'3',null,to_date('30/01/20','DD/MM/RR'),null,null,null,null,null,'1',to_date('01/01/30','DD/MM/RR'));
Insert into T_GENM_INICIATIVA (ID_INICIATIVA,ID_MEDMIT,ID_USUARIO,NOMBRE_INICIATIVA,DESC_INICIATIVA,ID_ESTADO,PRIVACIDAD_INICIATIVA,INVERSION_INICIATIVA,ID_MONEDA,FECHA_CREA_INICIATIVA,FECHA_IMPLE_INICIATIVA,ID_ETAPA,USUARIO_REGISTRO,FECHA_REGISTRO,IP_REGISTRO,USUARIO_MODIFICA,FECHA_MODIFICA,IP_MODIFICA,FLG_ESTADO,PRIVACIDAD_INVERSION,FECHA_FIN_INICIATIVA) values ('192','12','102','Flota 25 vehculos','Flota 25 vehculos','3','1','350000','2',to_date('29/01/20','DD/MM/RR'),to_date('10/12/20','DD/MM/RR'),'6',null,to_date('29/01/20','DD/MM/RR'),null,null,null,null,null,'1',null);
REM INSERTING into T_GENM_INSTITUCION
SET DEFINE OFF;
Insert into T_GENM_INSTITUCION (ID_INSTITUCION,ID_SECTOR_INSTITUCION,RUC_INSTITUCION,NOMBRE_INSTITUCION,DIRECCION_INSTITUCION,FLAG_ESTADO) values ('222','2','20123456789','GZ CORP','Av. Caminos del Inca 999',null);
Insert into T_GENM_INSTITUCION (ID_INSTITUCION,ID_SECTOR_INSTITUCION,RUC_INSTITUCION,NOMBRE_INSTITUCION,DIRECCION_INSTITUCION,FLAG_ESTADO) values ('224','1','20589897745','PNUD','Av. Prez Aranbar N 750  Magdalena del Mar, Lima 17',null);
Insert into T_GENM_INSTITUCION (ID_INSTITUCION,ID_SECTOR_INSTITUCION,RUC_INSTITUCION,NOMBRE_INSTITUCION,DIRECCION_INSTITUCION,FLAG_ESTADO) values ('223','1','20521818229','MINAM','Av. Javier Prado Oeste N 1440  San Isidro ',null);
Insert into T_GENM_INSTITUCION (ID_INSTITUCION,ID_SECTOR_INSTITUCION,RUC_INSTITUCION,NOMBRE_INSTITUCION,DIRECCION_INSTITUCION,FLAG_ESTADO) values ('221','2','20521718227','Logical Per S.A.C.','Av. Mariano Arredondo 2551 Lima',null);
Insert into T_GENM_INSTITUCION (ID_INSTITUCION,ID_SECTOR_INSTITUCION,RUC_INSTITUCION,NOMBRE_INSTITUCION,DIRECCION_INSTITUCION,FLAG_ESTADO) values ('225','2','21987654321','GZ CORP','AV. Caminos del Inca 999',null);
Insert into T_GENM_INSTITUCION (ID_INSTITUCION,ID_SECTOR_INSTITUCION,RUC_INSTITUCION,NOMBRE_INSTITUCION,DIRECCION_INSTITUCION,FLAG_ESTADO) values ('190','1','20364567891','MINEDU','Av . Las palmeras',null);
Insert into T_GENM_INSTITUCION (ID_INSTITUCION,ID_SECTOR_INSTITUCION,RUC_INSTITUCION,NOMBRE_INSTITUCION,DIRECCION_INSTITUCION,FLAG_ESTADO) values ('189','2','20100257963','FULL TRAFICO .NET','CALLE LIMA SUR 2019',null);
Insert into T_GENM_INSTITUCION (ID_INSTITUCION,ID_SECTOR_INSTITUCION,RUC_INSTITUCION,NOMBRE_INSTITUCION,DIRECCION_INSTITUCION,FLAG_ESTADO) values ('202','2','20456789654','Grupo Vinifan','Av. Alfredo mendiola',null);
Insert into T_GENM_INSTITUCION (ID_INSTITUCION,ID_SECTOR_INSTITUCION,RUC_INSTITUCION,NOMBRE_INSTITUCION,DIRECCION_INSTITUCION,FLAG_ESTADO) values ('203','1','20123456781','Grupo zuiga','av. los incas 440',null);
Insert into T_GENM_INSTITUCION (ID_INSTITUCION,ID_SECTOR_INSTITUCION,RUC_INSTITUCION,NOMBRE_INSTITUCION,DIRECCION_INSTITUCION,FLAG_ESTADO) values ('188','2','20877785554','Grupo Zuiga','Av Caminos del Inca',null);
Insert into T_GENM_INSTITUCION (ID_INSTITUCION,ID_SECTOR_INSTITUCION,RUC_INSTITUCION,NOMBRE_INSTITUCION,DIRECCION_INSTITUCION,FLAG_ESTADO) values ('201','2','20521718229','Informatica el Corte Ingles S.A.C.','Av. Angamos Oeste 3678 Miraflores',null);
Insert into T_GENM_INSTITUCION (ID_INSTITUCION,ID_SECTOR_INSTITUCION,RUC_INSTITUCION,NOMBRE_INSTITUCION,DIRECCION_INSTITUCION,FLAG_ESTADO) values ('42','1','20131368829','MINISTERIO DE ENERGIA Y MINAS','Av. De Las Artes Sur 260, San Borja 15036',null);
REM INSERTING into T_GENM_NOTIFICACION
SET DEFINE OFF;
Insert into T_GENM_NOTIFICACION (ID_NOTIFICACION,ID_INICIATIVA,ID_ETAPA,ID_ESTADO,FECHA_REGISTRO,ID_ROL,ID_USUARIO,FLG_VISTO,FECHA_VISTO,ID_USUARIO_VISTO,DESCRIPCION,ID_ESTADO_NOTIFICACION,ID_USUARIO_REMITENTE) values ('241','197','1','1',to_date('30/01/20','DD/MM/RR'),'2','81','0',null,null,'La iniciativa de la entidad FULL TRAFICO .NET ha sido registrado correctamente y requiere su revisin','0',null);
Insert into T_GENM_NOTIFICACION (ID_NOTIFICACION,ID_INICIATIVA,ID_ETAPA,ID_ESTADO,FECHA_REGISTRO,ID_ROL,ID_USUARIO,FLG_VISTO,FECHA_VISTO,ID_USUARIO_VISTO,DESCRIPCION,ID_ESTADO_NOTIFICACION,ID_USUARIO_REMITENTE) values ('242','198','1','1',to_date('30/01/20','DD/MM/RR'),'2','81','0',null,null,'La iniciativa de la entidad FULL TRAFICO .NET ha sido registrado correctamente y requiere su revisin','0',null);
Insert into T_GENM_NOTIFICACION (ID_NOTIFICACION,ID_INICIATIVA,ID_ETAPA,ID_ESTADO,FECHA_REGISTRO,ID_ROL,ID_USUARIO,FLG_VISTO,FECHA_VISTO,ID_USUARIO_VISTO,DESCRIPCION,ID_ESTADO_NOTIFICACION,ID_USUARIO_REMITENTE) values ('243','198','2','3',to_date('30/01/20','DD/MM/RR'),'1','103','0',null,null,'Su iniciativa fue revisada y aprobada','3',null);
Insert into T_GENM_NOTIFICACION (ID_NOTIFICACION,ID_INICIATIVA,ID_ETAPA,ID_ESTADO,FECHA_REGISTRO,ID_ROL,ID_USUARIO,FLG_VISTO,FECHA_VISTO,ID_USUARIO_VISTO,DESCRIPCION,ID_ESTADO_NOTIFICACION,ID_USUARIO_REMITENTE) values ('244','199','1','1',to_date('30/01/20','DD/MM/RR'),'2','81','0',null,null,'La iniciativa de la entidad FULL TRAFICO .NET ha sido registrado correctamente y requiere su revisin','0',null);
Insert into T_GENM_NOTIFICACION (ID_NOTIFICACION,ID_INICIATIVA,ID_ETAPA,ID_ESTADO,FECHA_REGISTRO,ID_ROL,ID_USUARIO,FLG_VISTO,FECHA_VISTO,ID_USUARIO_VISTO,DESCRIPCION,ID_ESTADO_NOTIFICACION,ID_USUARIO_REMITENTE) values ('245','200','1','1',to_date('30/01/20','DD/MM/RR'),'2','81','0',null,null,'La iniciativa de la entidad FULL TRAFICO .NET ha sido registrado correctamente y requiere su revisin','0',null);
Insert into T_GENM_NOTIFICACION (ID_NOTIFICACION,ID_INICIATIVA,ID_ETAPA,ID_ESTADO,FECHA_REGISTRO,ID_ROL,ID_USUARIO,FLG_VISTO,FECHA_VISTO,ID_USUARIO_VISTO,DESCRIPCION,ID_ESTADO_NOTIFICACION,ID_USUARIO_REMITENTE) values ('246','201','1','1',to_date('30/01/20','DD/MM/RR'),'2','81','0',null,null,'La iniciativa de la entidad FULL TRAFICO .NET ha sido registrado correctamente y requiere su revisin','0',null);
Insert into T_GENM_NOTIFICACION (ID_NOTIFICACION,ID_INICIATIVA,ID_ETAPA,ID_ESTADO,FECHA_REGISTRO,ID_ROL,ID_USUARIO,FLG_VISTO,FECHA_VISTO,ID_USUARIO_VISTO,DESCRIPCION,ID_ESTADO_NOTIFICACION,ID_USUARIO_REMITENTE) values ('224','196','2','3',to_date('29/01/20','DD/MM/RR'),'1','103','0',null,null,'Su iniciativa fue revisada y aprobada','3',null);
Insert into T_GENM_NOTIFICACION (ID_NOTIFICACION,ID_INICIATIVA,ID_ETAPA,ID_ESTADO,FECHA_REGISTRO,ID_ROL,ID_USUARIO,FLG_VISTO,FECHA_VISTO,ID_USUARIO_VISTO,DESCRIPCION,ID_ESTADO_NOTIFICACION,ID_USUARIO_REMITENTE) values ('225','194','1','2',to_date('29/01/20','DD/MM/RR'),'1','81','0',null,null,'esta mal','1',null);
Insert into T_GENM_NOTIFICACION (ID_NOTIFICACION,ID_INICIATIVA,ID_ETAPA,ID_ESTADO,FECHA_REGISTRO,ID_ROL,ID_USUARIO,FLG_VISTO,FECHA_VISTO,ID_USUARIO_VISTO,DESCRIPCION,ID_ESTADO_NOTIFICACION,ID_USUARIO_REMITENTE) values ('247','202','1','1',to_date('30/01/20','DD/MM/RR'),'2','81','0',null,null,'La iniciativa de la entidad FULL TRAFICO .NET ha sido registrado correctamente y requiere su revisin','0',null);
Insert into T_GENM_NOTIFICACION (ID_NOTIFICACION,ID_INICIATIVA,ID_ETAPA,ID_ESTADO,FECHA_REGISTRO,ID_ROL,ID_USUARIO,FLG_VISTO,FECHA_VISTO,ID_USUARIO_VISTO,DESCRIPCION,ID_ESTADO_NOTIFICACION,ID_USUARIO_REMITENTE) values ('248','198','3','1',to_date('30/01/20','DD/MM/RR'),'2','81','0',null,null,'El usuario de la entidad FULL TRAFICO .NETha registrado el/los detalle(s) de la Iniciativa (Iniciativa #4), en espera de su revisin','0',null);
Insert into T_GENM_NOTIFICACION (ID_NOTIFICACION,ID_INICIATIVA,ID_ETAPA,ID_ESTADO,FECHA_REGISTRO,ID_ROL,ID_USUARIO,FLG_VISTO,FECHA_VISTO,ID_USUARIO_VISTO,DESCRIPCION,ID_ESTADO_NOTIFICACION,ID_USUARIO_REMITENTE) values ('249','198','3','2',to_date('30/01/20','DD/MM/RR'),'1',null,'0',null,null,'eh','1',null);
Insert into T_GENM_NOTIFICACION (ID_NOTIFICACION,ID_INICIATIVA,ID_ETAPA,ID_ESTADO,FECHA_REGISTRO,ID_ROL,ID_USUARIO,FLG_VISTO,FECHA_VISTO,ID_USUARIO_VISTO,DESCRIPCION,ID_ESTADO_NOTIFICACION,ID_USUARIO_REMITENTE) values ('250','202','2','3',to_date('30/01/20','DD/MM/RR'),'1','103','0',null,null,'Su iniciativa fue revisada y aprobada','3',null);
Insert into T_GENM_NOTIFICACION (ID_NOTIFICACION,ID_INICIATIVA,ID_ETAPA,ID_ESTADO,FECHA_REGISTRO,ID_ROL,ID_USUARIO,FLG_VISTO,FECHA_VISTO,ID_USUARIO_VISTO,DESCRIPCION,ID_ESTADO_NOTIFICACION,ID_USUARIO_REMITENTE) values ('251','201','2','3',to_date('30/01/20','DD/MM/RR'),'1','103','0',null,null,'Su iniciativa fue revisada y aprobada','3',null);
Insert into T_GENM_NOTIFICACION (ID_NOTIFICACION,ID_INICIATIVA,ID_ETAPA,ID_ESTADO,FECHA_REGISTRO,ID_ROL,ID_USUARIO,FLG_VISTO,FECHA_VISTO,ID_USUARIO_VISTO,DESCRIPCION,ID_ESTADO_NOTIFICACION,ID_USUARIO_REMITENTE) values ('252','202','3','1',to_date('30/01/20','DD/MM/RR'),'2','81','0',null,null,'El usuario de la entidad FULL TRAFICO .NETha registrado el/los detalle(s) de la Iniciativa (Iniciativa coccin #3), en espera de su revisin','0',null);
Insert into T_GENM_NOTIFICACION (ID_NOTIFICACION,ID_INICIATIVA,ID_ETAPA,ID_ESTADO,FECHA_REGISTRO,ID_ROL,ID_USUARIO,FLG_VISTO,FECHA_VISTO,ID_USUARIO_VISTO,DESCRIPCION,ID_ESTADO_NOTIFICACION,ID_USUARIO_REMITENTE) values ('253','201','3','1',to_date('30/01/20','DD/MM/RR'),'2','81','0',null,null,'El usuario de la entidad FULL TRAFICO .NETha registrado el/los detalle(s) de la Iniciativa (iniciativa # 7 ), en espera de su revisin','0',null);
Insert into T_GENM_NOTIFICACION (ID_NOTIFICACION,ID_INICIATIVA,ID_ETAPA,ID_ESTADO,FECHA_REGISTRO,ID_ROL,ID_USUARIO,FLG_VISTO,FECHA_VISTO,ID_USUARIO_VISTO,DESCRIPCION,ID_ESTADO_NOTIFICACION,ID_USUARIO_REMITENTE) values ('254','203','1','1',to_date('30/01/20','DD/MM/RR'),'2','81','0',null,null,'La iniciativa de la entidad FULL TRAFICO .NET ha sido registrado correctamente y requiere su revisin','0',null);
Insert into T_GENM_NOTIFICACION (ID_NOTIFICACION,ID_INICIATIVA,ID_ETAPA,ID_ESTADO,FECHA_REGISTRO,ID_ROL,ID_USUARIO,FLG_VISTO,FECHA_VISTO,ID_USUARIO_VISTO,DESCRIPCION,ID_ESTADO_NOTIFICACION,ID_USUARIO_REMITENTE) values ('257','204','1','1',to_date('30/01/20','DD/MM/RR'),'2','81','0',null,null,'La iniciativa de la entidad FULL TRAFICO .NET ha sido registrado correctamente y requiere su revisin','0',null);
Insert into T_GENM_NOTIFICACION (ID_NOTIFICACION,ID_INICIATIVA,ID_ETAPA,ID_ESTADO,FECHA_REGISTRO,ID_ROL,ID_USUARIO,FLG_VISTO,FECHA_VISTO,ID_USUARIO_VISTO,DESCRIPCION,ID_ESTADO_NOTIFICACION,ID_USUARIO_REMITENTE) values ('258','204','2','3',to_date('30/01/20','DD/MM/RR'),'1','103','0',null,null,'Su iniciativa fue revisada y aprobada','3',null);
Insert into T_GENM_NOTIFICACION (ID_NOTIFICACION,ID_INICIATIVA,ID_ETAPA,ID_ESTADO,FECHA_REGISTRO,ID_ROL,ID_USUARIO,FLG_VISTO,FECHA_VISTO,ID_USUARIO_VISTO,DESCRIPCION,ID_ESTADO_NOTIFICACION,ID_USUARIO_REMITENTE) values ('259','205','1','1',to_date('30/01/20','DD/MM/RR'),'2','81','0',null,null,'La iniciativa de la entidad Informatica el Corte Ingles S.A.C. ha sido registrado correctamente y requiere su revisin','0',null);
Insert into T_GENM_NOTIFICACION (ID_NOTIFICACION,ID_INICIATIVA,ID_ETAPA,ID_ESTADO,FECHA_REGISTRO,ID_ROL,ID_USUARIO,FLG_VISTO,FECHA_VISTO,ID_USUARIO_VISTO,DESCRIPCION,ID_ESTADO_NOTIFICACION,ID_USUARIO_REMITENTE) values ('260','205','2','3',to_date('30/01/20','DD/MM/RR'),'1','105','0',null,null,'Su iniciativa fue revisada y aprobada','3',null);
Insert into T_GENM_NOTIFICACION (ID_NOTIFICACION,ID_INICIATIVA,ID_ETAPA,ID_ESTADO,FECHA_REGISTRO,ID_ROL,ID_USUARIO,FLG_VISTO,FECHA_VISTO,ID_USUARIO_VISTO,DESCRIPCION,ID_ESTADO_NOTIFICACION,ID_USUARIO_REMITENTE) values ('261','205','3','1',to_date('30/01/20','DD/MM/RR'),'2','81','0',null,null,'El usuario de la entidad Informatica el Corte Ingles S.A.C.ha registrado el/los detalle(s) de la Iniciativa (2 Vehiculos Electricos para Aeropuerto Jorge Chavez), en espera de su revisin','0',null);
Insert into T_GENM_NOTIFICACION (ID_NOTIFICACION,ID_INICIATIVA,ID_ETAPA,ID_ESTADO,FECHA_REGISTRO,ID_ROL,ID_USUARIO,FLG_VISTO,FECHA_VISTO,ID_USUARIO_VISTO,DESCRIPCION,ID_ESTADO_NOTIFICACION,ID_USUARIO_REMITENTE) values ('262','205','4','3',to_date('30/01/20','DD/MM/RR'),'1','105','0',null,null,'Los detalles de indicadores de su iniciativa fueron revisadas y aprobadas','3',null);
Insert into T_GENM_NOTIFICACION (ID_NOTIFICACION,ID_INICIATIVA,ID_ETAPA,ID_ESTADO,FECHA_REGISTRO,ID_ROL,ID_USUARIO,FLG_VISTO,FECHA_VISTO,ID_USUARIO_VISTO,DESCRIPCION,ID_ESTADO_NOTIFICACION,ID_USUARIO_REMITENTE) values ('263','206','1','1',to_date('30/01/20','DD/MM/RR'),'2','81','0',null,null,'La iniciativa de la entidad Informatica el Corte Ingles S.A.C. ha sido registrado correctamente y requiere su revisin','0',null);
Insert into T_GENM_NOTIFICACION (ID_NOTIFICACION,ID_INICIATIVA,ID_ETAPA,ID_ESTADO,FECHA_REGISTRO,ID_ROL,ID_USUARIO,FLG_VISTO,FECHA_VISTO,ID_USUARIO_VISTO,DESCRIPCION,ID_ESTADO_NOTIFICACION,ID_USUARIO_REMITENTE) values ('265','203','4','3',to_date('30/01/20','DD/MM/RR'),'1','103','0',null,null,'Los detalles de indicadores de su iniciativa fueron revisadas y aprobadas','3',null);
Insert into T_GENM_NOTIFICACION (ID_NOTIFICACION,ID_INICIATIVA,ID_ETAPA,ID_ESTADO,FECHA_REGISTRO,ID_ROL,ID_USUARIO,FLG_VISTO,FECHA_VISTO,ID_USUARIO_VISTO,DESCRIPCION,ID_ESTADO_NOTIFICACION,ID_USUARIO_REMITENTE) values ('266','201','4','3',to_date('30/01/20','DD/MM/RR'),'1','103','0',null,null,'Los detalles de indicadores de su iniciativa fueron revisadas y aprobadas','3',null);
Insert into T_GENM_NOTIFICACION (ID_NOTIFICACION,ID_INICIATIVA,ID_ETAPA,ID_ESTADO,FECHA_REGISTRO,ID_ROL,ID_USUARIO,FLG_VISTO,FECHA_VISTO,ID_USUARIO_VISTO,DESCRIPCION,ID_ESTADO_NOTIFICACION,ID_USUARIO_REMITENTE) values ('218','190','2','3',to_date('29/01/20','DD/MM/RR'),'1','102','0',null,null,'Su iniciativa fue revisada y aprobada','3',null);
Insert into T_GENM_NOTIFICACION (ID_NOTIFICACION,ID_INICIATIVA,ID_ETAPA,ID_ESTADO,FECHA_REGISTRO,ID_ROL,ID_USUARIO,FLG_VISTO,FECHA_VISTO,ID_USUARIO_VISTO,DESCRIPCION,ID_ESTADO_NOTIFICACION,ID_USUARIO_REMITENTE) values ('219','190','3','1',to_date('29/01/20','DD/MM/RR'),'2','0','0',null,null,'El usuario de la entidad Grupo Zuigaha registrado el/los detalle(s) de la Iniciativa (Flota 20 autos), en espera de su revisin','0',null);
Insert into T_GENM_NOTIFICACION (ID_NOTIFICACION,ID_INICIATIVA,ID_ETAPA,ID_ESTADO,FECHA_REGISTRO,ID_ROL,ID_USUARIO,FLG_VISTO,FECHA_VISTO,ID_USUARIO_VISTO,DESCRIPCION,ID_ESTADO_NOTIFICACION,ID_USUARIO_REMITENTE) values ('220','191','1','1',to_date('29/01/20','DD/MM/RR'),'2','0','0',null,null,'La iniciativa de la entidad Grupo Zuiga ha sido registrado correctamente y requiere su revisin','0',null);
Insert into T_GENM_NOTIFICACION (ID_NOTIFICACION,ID_INICIATIVA,ID_ETAPA,ID_ESTADO,FECHA_REGISTRO,ID_ROL,ID_USUARIO,FLG_VISTO,FECHA_VISTO,ID_USUARIO_VISTO,DESCRIPCION,ID_ESTADO_NOTIFICACION,ID_USUARIO_REMITENTE) values ('221','192','2','3',to_date('29/01/20','DD/MM/RR'),'1','102','0',null,null,'Su iniciativa fue revisada y aprobada','3',null);
Insert into T_GENM_NOTIFICACION (ID_NOTIFICACION,ID_INICIATIVA,ID_ETAPA,ID_ESTADO,FECHA_REGISTRO,ID_ROL,ID_USUARIO,FLG_VISTO,FECHA_VISTO,ID_USUARIO_VISTO,DESCRIPCION,ID_ESTADO_NOTIFICACION,ID_USUARIO_REMITENTE) values ('227','194','1','2',to_date('29/01/20','DD/MM/RR'),'1','103','0',null,null,'corregir','1',null);
Insert into T_GENM_NOTIFICACION (ID_NOTIFICACION,ID_INICIATIVA,ID_ETAPA,ID_ESTADO,FECHA_REGISTRO,ID_ROL,ID_USUARIO,FLG_VISTO,FECHA_VISTO,ID_USUARIO_VISTO,DESCRIPCION,ID_ESTADO_NOTIFICACION,ID_USUARIO_REMITENTE) values ('229','194','1','2',to_date('29/01/20','DD/MM/RR'),'1','103','0',null,null,'Corregir 2','1',null);
Insert into T_GENM_NOTIFICACION (ID_NOTIFICACION,ID_INICIATIVA,ID_ETAPA,ID_ESTADO,FECHA_REGISTRO,ID_ROL,ID_USUARIO,FLG_VISTO,FECHA_VISTO,ID_USUARIO_VISTO,DESCRIPCION,ID_ESTADO_NOTIFICACION,ID_USUARIO_REMITENTE) values ('232','194','1','1',to_date('29/01/20','DD/MM/RR'),'2','103','0',null,null,'La iniciativa de la entidad FULL TRAFICO .NET ha sido registrado correctamente y requiere su revisin','0',null);
Insert into T_GENM_NOTIFICACION (ID_NOTIFICACION,ID_INICIATIVA,ID_ETAPA,ID_ESTADO,FECHA_REGISTRO,ID_ROL,ID_USUARIO,FLG_VISTO,FECHA_VISTO,ID_USUARIO_VISTO,DESCRIPCION,ID_ESTADO_NOTIFICACION,ID_USUARIO_REMITENTE) values ('233','194','1','2',to_date('29/01/20','DD/MM/RR'),'1','103','0',null,null,'Esta mal','1',null);
Insert into T_GENM_NOTIFICACION (ID_NOTIFICACION,ID_INICIATIVA,ID_ETAPA,ID_ESTADO,FECHA_REGISTRO,ID_ROL,ID_USUARIO,FLG_VISTO,FECHA_VISTO,ID_USUARIO_VISTO,DESCRIPCION,ID_ESTADO_NOTIFICACION,ID_USUARIO_REMITENTE) values ('235','194','1','1',to_date('29/01/20','DD/MM/RR'),'2','103','0',null,null,'La iniciativa de la entidad FULL TRAFICO .NET ha sido registrado correctamente y requiere su revisin','0',null);
Insert into T_GENM_NOTIFICACION (ID_NOTIFICACION,ID_INICIATIVA,ID_ETAPA,ID_ESTADO,FECHA_REGISTRO,ID_ROL,ID_USUARIO,FLG_VISTO,FECHA_VISTO,ID_USUARIO_VISTO,DESCRIPCION,ID_ESTADO_NOTIFICACION,ID_USUARIO_REMITENTE) values ('237','194','1','1',to_date('29/01/20','DD/MM/RR'),'2','81','0',null,null,'La iniciativa de la entidad FULL TRAFICO .NET ha sido registrado correctamente y requiere su revisin','0',null);
Insert into T_GENM_NOTIFICACION (ID_NOTIFICACION,ID_INICIATIVA,ID_ETAPA,ID_ESTADO,FECHA_REGISTRO,ID_ROL,ID_USUARIO,FLG_VISTO,FECHA_VISTO,ID_USUARIO_VISTO,DESCRIPCION,ID_ESTADO_NOTIFICACION,ID_USUARIO_REMITENTE) values ('256','203','3','1',to_date('30/01/20','DD/MM/RR'),'2','81','0',null,null,'El usuario de la entidad FULL TRAFICO .NETha registrado el/los detalle(s) de la Iniciativa (# 8 iniciativa), en espera de su revisin','0',null);
Insert into T_GENM_NOTIFICACION (ID_NOTIFICACION,ID_INICIATIVA,ID_ETAPA,ID_ESTADO,FECHA_REGISTRO,ID_ROL,ID_USUARIO,FLG_VISTO,FECHA_VISTO,ID_USUARIO_VISTO,DESCRIPCION,ID_ESTADO_NOTIFICACION,ID_USUARIO_REMITENTE) values ('264','206','2','3',to_date('30/01/20','DD/MM/RR'),'1','105','0',null,null,'Su iniciativa fue revisada y aprobada','3',null);
Insert into T_GENM_NOTIFICACION (ID_NOTIFICACION,ID_INICIATIVA,ID_ETAPA,ID_ESTADO,FECHA_REGISTRO,ID_ROL,ID_USUARIO,FLG_VISTO,FECHA_VISTO,ID_USUARIO_VISTO,DESCRIPCION,ID_ESTADO_NOTIFICACION,ID_USUARIO_REMITENTE) values ('294','196','3','2',to_date('31/01/20','DD/MM/RR'),'1',null,'0',null,null,'no esta bien ','1',null);
Insert into T_GENM_NOTIFICACION (ID_NOTIFICACION,ID_INICIATIVA,ID_ETAPA,ID_ESTADO,FECHA_REGISTRO,ID_ROL,ID_USUARIO,FLG_VISTO,FECHA_VISTO,ID_USUARIO_VISTO,DESCRIPCION,ID_ESTADO_NOTIFICACION,ID_USUARIO_REMITENTE) values ('306','205','4','2',to_date('01/02/20','DD/MM/RR'),'2','81','0',null,null,'Corregir datos','1',null);
Insert into T_GENM_NOTIFICACION (ID_NOTIFICACION,ID_INICIATIVA,ID_ETAPA,ID_ESTADO,FECHA_REGISTRO,ID_ROL,ID_USUARIO,FLG_VISTO,FECHA_VISTO,ID_USUARIO_VISTO,DESCRIPCION,ID_ESTADO_NOTIFICACION,ID_USUARIO_REMITENTE) values ('307','205','3','2',to_date('01/02/20','DD/MM/RR'),'1','105','0',null,null,'Corregir sus datos por favor','1',null);
Insert into T_GENM_NOTIFICACION (ID_NOTIFICACION,ID_INICIATIVA,ID_ETAPA,ID_ESTADO,FECHA_REGISTRO,ID_ROL,ID_USUARIO,FLG_VISTO,FECHA_VISTO,ID_USUARIO_VISTO,DESCRIPCION,ID_ESTADO_NOTIFICACION,ID_USUARIO_REMITENTE) values ('318','192','5','2',to_date('01/02/20','DD/MM/RR'),'3','22','0',null,null,'Corregir Admin rapido','1',null);
Insert into T_GENM_NOTIFICACION (ID_NOTIFICACION,ID_INICIATIVA,ID_ETAPA,ID_ESTADO,FECHA_REGISTRO,ID_ROL,ID_USUARIO,FLG_VISTO,FECHA_VISTO,ID_USUARIO_VISTO,DESCRIPCION,ID_ESTADO_NOTIFICACION,ID_USUARIO_REMITENTE) values ('325','227','7','3',to_date('03/02/20','DD/MM/RR'),'4','107','0',null,null,'Los detalles de indicadores y la iniciativa fueron revisados y aprobadas por el Verificador Externo','3',null);
Insert into T_GENM_NOTIFICACION (ID_NOTIFICACION,ID_INICIATIVA,ID_ETAPA,ID_ESTADO,FECHA_REGISTRO,ID_ROL,ID_USUARIO,FLG_VISTO,FECHA_VISTO,ID_USUARIO_VISTO,DESCRIPCION,ID_ESTADO_NOTIFICACION,ID_USUARIO_REMITENTE) values ('290','225','1','2',to_date('31/01/20','DD/MM/RR'),'1','103','0',null,null,'Corregir Flota','1',null);
Insert into T_GENM_NOTIFICACION (ID_NOTIFICACION,ID_INICIATIVA,ID_ETAPA,ID_ESTADO,FECHA_REGISTRO,ID_ROL,ID_USUARIO,FLG_VISTO,FECHA_VISTO,ID_USUARIO_VISTO,DESCRIPCION,ID_ESTADO_NOTIFICACION,ID_USUARIO_REMITENTE) values ('319','227','1','1',to_date('03/02/20','DD/MM/RR'),'2','81','0',null,null,'La iniciativa de la entidad Informatica el Corte Ingles S.A.C. ha sido registrado correctamente y requiere su revisin','0',null);
Insert into T_GENM_NOTIFICACION (ID_NOTIFICACION,ID_INICIATIVA,ID_ETAPA,ID_ESTADO,FECHA_REGISTRO,ID_ROL,ID_USUARIO,FLG_VISTO,FECHA_VISTO,ID_USUARIO_VISTO,DESCRIPCION,ID_ESTADO_NOTIFICACION,ID_USUARIO_REMITENTE) values ('282','221','1','1',to_date('31/01/20','DD/MM/RR'),'2','81','0',null,null,'La iniciativa de la entidad Grupo Zuiga ha sido registrado correctamente y requiere su revisin','0',null);
Insert into T_GENM_NOTIFICACION (ID_NOTIFICACION,ID_INICIATIVA,ID_ETAPA,ID_ESTADO,FECHA_REGISTRO,ID_ROL,ID_USUARIO,FLG_VISTO,FECHA_VISTO,ID_USUARIO_VISTO,DESCRIPCION,ID_ESTADO_NOTIFICACION,ID_USUARIO_REMITENTE) values ('283','222','1','1',to_date('31/01/20','DD/MM/RR'),'2','81','0',null,null,'La iniciativa de la entidad Grupo Zuiga ha sido registrado correctamente y requiere su revisin','0',null);
Insert into T_GENM_NOTIFICACION (ID_NOTIFICACION,ID_INICIATIVA,ID_ETAPA,ID_ESTADO,FECHA_REGISTRO,ID_ROL,ID_USUARIO,FLG_VISTO,FECHA_VISTO,ID_USUARIO_VISTO,DESCRIPCION,ID_ESTADO_NOTIFICACION,ID_USUARIO_REMITENTE) values ('284','223','1','1',to_date('31/01/20','DD/MM/RR'),'2','81','0',null,null,'La iniciativa de la entidad Grupo Zuiga ha sido registrado correctamente y requiere su revisin','0',null);
Insert into T_GENM_NOTIFICACION (ID_NOTIFICACION,ID_INICIATIVA,ID_ETAPA,ID_ESTADO,FECHA_REGISTRO,ID_ROL,ID_USUARIO,FLG_VISTO,FECHA_VISTO,ID_USUARIO_VISTO,DESCRIPCION,ID_ESTADO_NOTIFICACION,ID_USUARIO_REMITENTE) values ('285','224','1','1',to_date('31/01/20','DD/MM/RR'),'2','81','0',null,null,'La iniciativa de la entidad Grupo Vinifan ha sido registrado correctamente y requiere su revisin','0',null);
Insert into T_GENM_NOTIFICACION (ID_NOTIFICACION,ID_INICIATIVA,ID_ETAPA,ID_ESTADO,FECHA_REGISTRO,ID_ROL,ID_USUARIO,FLG_VISTO,FECHA_VISTO,ID_USUARIO_VISTO,DESCRIPCION,ID_ESTADO_NOTIFICACION,ID_USUARIO_REMITENTE) values ('286','223','1','2',to_date('31/01/20','DD/MM/RR'),'1','102','0',null,null,'no esta bien','1',null);
Insert into T_GENM_NOTIFICACION (ID_NOTIFICACION,ID_INICIATIVA,ID_ETAPA,ID_ESTADO,FECHA_REGISTRO,ID_ROL,ID_USUARIO,FLG_VISTO,FECHA_VISTO,ID_USUARIO_VISTO,DESCRIPCION,ID_ESTADO_NOTIFICACION,ID_USUARIO_REMITENTE) values ('287','223','1','1',to_date('31/01/20','DD/MM/RR'),'2','81','0',null,null,'La iniciativa de la entidad Grupo Zuiga ha sido registrado correctamente y requiere su revisin','0',null);
Insert into T_GENM_NOTIFICACION (ID_NOTIFICACION,ID_INICIATIVA,ID_ETAPA,ID_ESTADO,FECHA_REGISTRO,ID_ROL,ID_USUARIO,FLG_VISTO,FECHA_VISTO,ID_USUARIO_VISTO,DESCRIPCION,ID_ESTADO_NOTIFICACION,ID_USUARIO_REMITENTE) values ('289','224','2','3',to_date('31/01/20','DD/MM/RR'),'1','106','0',null,null,'Su iniciativa fue revisada y aprobada','3',null);
Insert into T_GENM_NOTIFICACION (ID_NOTIFICACION,ID_INICIATIVA,ID_ETAPA,ID_ESTADO,FECHA_REGISTRO,ID_ROL,ID_USUARIO,FLG_VISTO,FECHA_VISTO,ID_USUARIO_VISTO,DESCRIPCION,ID_ESTADO_NOTIFICACION,ID_USUARIO_REMITENTE) values ('293','192','3','1',to_date('31/01/20','DD/MM/RR'),'2','81','0',null,null,'El usuario de la entidad Grupo Zuigaha registrado el/los detalle(s) de la Iniciativa (Flota 25 vehculos), en espera de su revisin','0',null);
Insert into T_GENM_NOTIFICACION (ID_NOTIFICACION,ID_INICIATIVA,ID_ETAPA,ID_ESTADO,FECHA_REGISTRO,ID_ROL,ID_USUARIO,FLG_VISTO,FECHA_VISTO,ID_USUARIO_VISTO,DESCRIPCION,ID_ESTADO_NOTIFICACION,ID_USUARIO_REMITENTE) values ('303','221','1','2',to_date('01/02/20','DD/MM/RR'),'1','102','0',null,null,'mal','1',null);
Insert into T_GENM_NOTIFICACION (ID_NOTIFICACION,ID_INICIATIVA,ID_ETAPA,ID_ESTADO,FECHA_REGISTRO,ID_ROL,ID_USUARIO,FLG_VISTO,FECHA_VISTO,ID_USUARIO_VISTO,DESCRIPCION,ID_ESTADO_NOTIFICACION,ID_USUARIO_REMITENTE) values ('304','221','1','1',to_date('01/02/20','DD/MM/RR'),'2','81','0',null,null,'La iniciativa de la entidad Grupo Zuiga ha sido registrado correctamente y requiere su revisin','0',null);
Insert into T_GENM_NOTIFICACION (ID_NOTIFICACION,ID_INICIATIVA,ID_ETAPA,ID_ESTADO,FECHA_REGISTRO,ID_ROL,ID_USUARIO,FLG_VISTO,FECHA_VISTO,ID_USUARIO_VISTO,DESCRIPCION,ID_ESTADO_NOTIFICACION,ID_USUARIO_REMITENTE) values ('305','190','3','2',to_date('01/02/20','DD/MM/RR'),'1',null,'0',null,null,'mla','1',null);
Insert into T_GENM_NOTIFICACION (ID_NOTIFICACION,ID_INICIATIVA,ID_ETAPA,ID_ESTADO,FECHA_REGISTRO,ID_ROL,ID_USUARIO,FLG_VISTO,FECHA_VISTO,ID_USUARIO_VISTO,DESCRIPCION,ID_ESTADO_NOTIFICACION,ID_USUARIO_REMITENTE) values ('326','228','1','1',to_date('03/02/20','DD/MM/RR'),'2','81','0',null,null,'La iniciativa de la entidad Informatica el Corte Ingles S.A.C. ha sido registrado correctamente y requiere su revisin','0',null);
Insert into T_GENM_NOTIFICACION (ID_NOTIFICACION,ID_INICIATIVA,ID_ETAPA,ID_ESTADO,FECHA_REGISTRO,ID_ROL,ID_USUARIO,FLG_VISTO,FECHA_VISTO,ID_USUARIO_VISTO,DESCRIPCION,ID_ESTADO_NOTIFICACION,ID_USUARIO_REMITENTE) values ('327','228','2','3',to_date('03/02/20','DD/MM/RR'),'1','105','0',null,null,'Su iniciativa fue revisada y aprobada','3',null);
Insert into T_GENM_NOTIFICACION (ID_NOTIFICACION,ID_INICIATIVA,ID_ETAPA,ID_ESTADO,FECHA_REGISTRO,ID_ROL,ID_USUARIO,FLG_VISTO,FECHA_VISTO,ID_USUARIO_VISTO,DESCRIPCION,ID_ESTADO_NOTIFICACION,ID_USUARIO_REMITENTE) values ('328','228','3','1',to_date('03/02/20','DD/MM/RR'),'2','81','0',null,null,'El usuario de la entidad Informatica el Corte Ingles S.A.C.ha registrado el/los detalle(s) de la Iniciativa (5 Buses Electricos para Swiss Hotel), en espera de su revisin','0',null);
Insert into T_GENM_NOTIFICACION (ID_NOTIFICACION,ID_INICIATIVA,ID_ETAPA,ID_ESTADO,FECHA_REGISTRO,ID_ROL,ID_USUARIO,FLG_VISTO,FECHA_VISTO,ID_USUARIO_VISTO,DESCRIPCION,ID_ESTADO_NOTIFICACION,ID_USUARIO_REMITENTE) values ('329','228','4','3',to_date('03/02/20','DD/MM/RR'),'1','105','0',null,null,'Los detalles de indicadores de su iniciativa fueron revisadas y aprobadas','3',null);
Insert into T_GENM_NOTIFICACION (ID_NOTIFICACION,ID_INICIATIVA,ID_ETAPA,ID_ESTADO,FECHA_REGISTRO,ID_ROL,ID_USUARIO,FLG_VISTO,FECHA_VISTO,ID_USUARIO_VISTO,DESCRIPCION,ID_ESTADO_NOTIFICACION,ID_USUARIO_REMITENTE) values ('330','228','4','2',to_date('03/02/20','DD/MM/RR'),'2','81','0',null,null,'Debe corregirse el monto de inversion, no es valido, no concuerda','1',null);
Insert into T_GENM_NOTIFICACION (ID_NOTIFICACION,ID_INICIATIVA,ID_ETAPA,ID_ESTADO,FECHA_REGISTRO,ID_ROL,ID_USUARIO,FLG_VISTO,FECHA_VISTO,ID_USUARIO_VISTO,DESCRIPCION,ID_ESTADO_NOTIFICACION,ID_USUARIO_REMITENTE) values ('331','228','3','2',to_date('03/02/20','DD/MM/RR'),'1','105','0',null,null,'Corregir monto debe ser 500K USS','1',null);
Insert into T_GENM_NOTIFICACION (ID_NOTIFICACION,ID_INICIATIVA,ID_ETAPA,ID_ESTADO,FECHA_REGISTRO,ID_ROL,ID_USUARIO,FLG_VISTO,FECHA_VISTO,ID_USUARIO_VISTO,DESCRIPCION,ID_ESTADO_NOTIFICACION,ID_USUARIO_REMITENTE) values ('288','225','1','1',to_date('31/01/20','DD/MM/RR'),'2','81','0',null,null,'La iniciativa de la entidad FULL TRAFICO .NET ha sido registrado correctamente y requiere su revisin','0',null);
Insert into T_GENM_NOTIFICACION (ID_NOTIFICACION,ID_INICIATIVA,ID_ETAPA,ID_ESTADO,FECHA_REGISTRO,ID_ROL,ID_USUARIO,FLG_VISTO,FECHA_VISTO,ID_USUARIO_VISTO,DESCRIPCION,ID_ESTADO_NOTIFICACION,ID_USUARIO_REMITENTE) values ('295','225','3','1',to_date('31/01/20','DD/MM/RR'),'2','81','0',null,null,'El usuario de la entidad FULL TRAFICO .NETha registrado el/los detalle(s) de la Iniciativa (Flota 110 autos carbono), en espera de su revisin','0',null);
Insert into T_GENM_NOTIFICACION (ID_NOTIFICACION,ID_INICIATIVA,ID_ETAPA,ID_ESTADO,FECHA_REGISTRO,ID_ROL,ID_USUARIO,FLG_VISTO,FECHA_VISTO,ID_USUARIO_VISTO,DESCRIPCION,ID_ESTADO_NOTIFICACION,ID_USUARIO_REMITENTE) values ('296','200','2','3',to_date('31/01/20','DD/MM/RR'),'1','103','0',null,null,'Su iniciativa fue revisada y aprobada','3',null);
Insert into T_GENM_NOTIFICACION (ID_NOTIFICACION,ID_INICIATIVA,ID_ETAPA,ID_ESTADO,FECHA_REGISTRO,ID_ROL,ID_USUARIO,FLG_VISTO,FECHA_VISTO,ID_USUARIO_VISTO,DESCRIPCION,ID_ESTADO_NOTIFICACION,ID_USUARIO_REMITENTE) values ('297','199','2','3',to_date('31/01/20','DD/MM/RR'),'1','103','0',null,null,'Su iniciativa fue revisada y aprobada','3',null);
Insert into T_GENM_NOTIFICACION (ID_NOTIFICACION,ID_INICIATIVA,ID_ETAPA,ID_ESTADO,FECHA_REGISTRO,ID_ROL,ID_USUARIO,FLG_VISTO,FECHA_VISTO,ID_USUARIO_VISTO,DESCRIPCION,ID_ESTADO_NOTIFICACION,ID_USUARIO_REMITENTE) values ('298','200','3','1',to_date('31/01/20','DD/MM/RR'),'2','81','0',null,null,'El usuario de la entidad FULL TRAFICO .NETha registrado el/los detalle(s) de la Iniciativa (iniciativa elctrico #6), en espera de su revisin','0',null);
Insert into T_GENM_NOTIFICACION (ID_NOTIFICACION,ID_INICIATIVA,ID_ETAPA,ID_ESTADO,FECHA_REGISTRO,ID_ROL,ID_USUARIO,FLG_VISTO,FECHA_VISTO,ID_USUARIO_VISTO,DESCRIPCION,ID_ESTADO_NOTIFICACION,ID_USUARIO_REMITENTE) values ('312','226','3','1',to_date('01/02/20','DD/MM/RR'),'2','124','0',null,null,'El usuario de la entidad GZ CORPha registrado el/los detalle(s) de la Iniciativa (iniciativa 01 gz corp), en espera de su revisin','0',null);
Insert into T_GENM_NOTIFICACION (ID_NOTIFICACION,ID_INICIATIVA,ID_ETAPA,ID_ESTADO,FECHA_REGISTRO,ID_ROL,ID_USUARIO,FLG_VISTO,FECHA_VISTO,ID_USUARIO_VISTO,DESCRIPCION,ID_ESTADO_NOTIFICACION,ID_USUARIO_REMITENTE) values ('321','227','3','1',to_date('03/02/20','DD/MM/RR'),'2','81','0',null,null,'El usuario de la entidad Informatica el Corte Ingles S.A.C.ha registrado el/los detalle(s) de la Iniciativa (10 Taxis Electricos para el Centro Historico), en espera de su revisin','0',null);
Insert into T_GENM_NOTIFICACION (ID_NOTIFICACION,ID_INICIATIVA,ID_ETAPA,ID_ESTADO,FECHA_REGISTRO,ID_ROL,ID_USUARIO,FLG_VISTO,FECHA_VISTO,ID_USUARIO_VISTO,DESCRIPCION,ID_ESTADO_NOTIFICACION,ID_USUARIO_REMITENTE) values ('322','227','4','3',to_date('03/02/20','DD/MM/RR'),'1','105','0',null,null,'Los detalles de indicadores de su iniciativa fueron revisadas y aprobadas','3',null);
Insert into T_GENM_NOTIFICACION (ID_NOTIFICACION,ID_INICIATIVA,ID_ETAPA,ID_ESTADO,FECHA_REGISTRO,ID_ROL,ID_USUARIO,FLG_VISTO,FECHA_VISTO,ID_USUARIO_VISTO,DESCRIPCION,ID_ESTADO_NOTIFICACION,ID_USUARIO_REMITENTE) values ('324','227','5','3',to_date('03/02/20','DD/MM/RR'),'3','22','0',null,null,'Los detalles de indicadores y la iniciativa fueron revisados y aprobadas por el Evaluador MINAM','3',null);
Insert into T_GENM_NOTIFICACION (ID_NOTIFICACION,ID_INICIATIVA,ID_ETAPA,ID_ESTADO,FECHA_REGISTRO,ID_ROL,ID_USUARIO,FLG_VISTO,FECHA_VISTO,ID_USUARIO_VISTO,DESCRIPCION,ID_ESTADO_NOTIFICACION,ID_USUARIO_REMITENTE) values ('281','206','3','1',to_date('31/01/20','DD/MM/RR'),'2','81','0',null,null,'El usuario de la entidad Informatica el Corte Ingles S.A.C.ha registrado el/los detalle(s) de la Iniciativa (4 Buses Electricos), en espera de su revisin','0',null);
Insert into T_GENM_NOTIFICACION (ID_NOTIFICACION,ID_INICIATIVA,ID_ETAPA,ID_ESTADO,FECHA_REGISTRO,ID_ROL,ID_USUARIO,FLG_VISTO,FECHA_VISTO,ID_USUARIO_VISTO,DESCRIPCION,ID_ESTADO_NOTIFICACION,ID_USUARIO_REMITENTE) values ('291','225','1','1',to_date('31/01/20','DD/MM/RR'),'2','81','0',null,null,'La iniciativa de la entidad FULL TRAFICO .NET ha sido registrado correctamente y requiere su revisin','0',null);
Insert into T_GENM_NOTIFICACION (ID_NOTIFICACION,ID_INICIATIVA,ID_ETAPA,ID_ESTADO,FECHA_REGISTRO,ID_ROL,ID_USUARIO,FLG_VISTO,FECHA_VISTO,ID_USUARIO_VISTO,DESCRIPCION,ID_ESTADO_NOTIFICACION,ID_USUARIO_REMITENTE) values ('292','225','2','3',to_date('31/01/20','DD/MM/RR'),'1','103','0',null,null,'Su iniciativa fue revisada y aprobada','3',null);
Insert into T_GENM_NOTIFICACION (ID_NOTIFICACION,ID_INICIATIVA,ID_ETAPA,ID_ESTADO,FECHA_REGISTRO,ID_ROL,ID_USUARIO,FLG_VISTO,FECHA_VISTO,ID_USUARIO_VISTO,DESCRIPCION,ID_ESTADO_NOTIFICACION,ID_USUARIO_REMITENTE) values ('299','199','3','1',to_date('31/01/20','DD/MM/RR'),'2','81','0',null,null,'El usuario de la entidad FULL TRAFICO .NETha registrado el/los detalle(s) de la Iniciativa (iniciativa coccion #1), en espera de su revisin','0',null);
Insert into T_GENM_NOTIFICACION (ID_NOTIFICACION,ID_INICIATIVA,ID_ETAPA,ID_ESTADO,FECHA_REGISTRO,ID_ROL,ID_USUARIO,FLG_VISTO,FECHA_VISTO,ID_USUARIO_VISTO,DESCRIPCION,ID_ESTADO_NOTIFICACION,ID_USUARIO_REMITENTE) values ('300','194','2','3',to_date('31/01/20','DD/MM/RR'),'1','103','0',null,null,'Su iniciativa fue revisada y aprobada','3',null);
Insert into T_GENM_NOTIFICACION (ID_NOTIFICACION,ID_INICIATIVA,ID_ETAPA,ID_ESTADO,FECHA_REGISTRO,ID_ROL,ID_USUARIO,FLG_VISTO,FECHA_VISTO,ID_USUARIO_VISTO,DESCRIPCION,ID_ESTADO_NOTIFICACION,ID_USUARIO_REMITENTE) values ('301','207','2','3',to_date('31/01/20','DD/MM/RR'),'1','103','0',null,null,'Su iniciativa fue revisada y aprobada','3',null);
Insert into T_GENM_NOTIFICACION (ID_NOTIFICACION,ID_INICIATIVA,ID_ETAPA,ID_ESTADO,FECHA_REGISTRO,ID_ROL,ID_USUARIO,FLG_VISTO,FECHA_VISTO,ID_USUARIO_VISTO,DESCRIPCION,ID_ESTADO_NOTIFICACION,ID_USUARIO_REMITENTE) values ('302','194','3','1',to_date('31/01/20','DD/MM/RR'),'2','81','0',null,null,'El usuario de la entidad FULL TRAFICO .NETha registrado el/los detalle(s) de la Iniciativa (INICIATIVA #1), en espera de su revisin','0',null);
Insert into T_GENM_NOTIFICACION (ID_NOTIFICACION,ID_INICIATIVA,ID_ETAPA,ID_ESTADO,FECHA_REGISTRO,ID_ROL,ID_USUARIO,FLG_VISTO,FECHA_VISTO,ID_USUARIO_VISTO,DESCRIPCION,ID_ESTADO_NOTIFICACION,ID_USUARIO_REMITENTE) values ('308','226','1','1',to_date('01/02/20','DD/MM/RR'),'2','124','0',null,null,'La iniciativa de la entidad GZ CORP ha sido registrado correctamente y requiere su revisin','0',null);
Insert into T_GENM_NOTIFICACION (ID_NOTIFICACION,ID_INICIATIVA,ID_ETAPA,ID_ESTADO,FECHA_REGISTRO,ID_ROL,ID_USUARIO,FLG_VISTO,FECHA_VISTO,ID_USUARIO_VISTO,DESCRIPCION,ID_ESTADO_NOTIFICACION,ID_USUARIO_REMITENTE) values ('309','226','1','2',to_date('01/02/20','DD/MM/RR'),'1','121','0',null,null,'corrija esta iniciativa','1',null);
Insert into T_GENM_NOTIFICACION (ID_NOTIFICACION,ID_INICIATIVA,ID_ETAPA,ID_ESTADO,FECHA_REGISTRO,ID_ROL,ID_USUARIO,FLG_VISTO,FECHA_VISTO,ID_USUARIO_VISTO,DESCRIPCION,ID_ESTADO_NOTIFICACION,ID_USUARIO_REMITENTE) values ('310','226','1','1',to_date('01/02/20','DD/MM/RR'),'2','124','0',null,null,'La iniciativa de la entidad GZ CORP ha sido registrado correctamente y requiere su revisin','0',null);
Insert into T_GENM_NOTIFICACION (ID_NOTIFICACION,ID_INICIATIVA,ID_ETAPA,ID_ESTADO,FECHA_REGISTRO,ID_ROL,ID_USUARIO,FLG_VISTO,FECHA_VISTO,ID_USUARIO_VISTO,DESCRIPCION,ID_ESTADO_NOTIFICACION,ID_USUARIO_REMITENTE) values ('311','226','2','3',to_date('01/02/20','DD/MM/RR'),'1','121','0',null,null,'Su iniciativa fue revisada y aprobada','3',null);
Insert into T_GENM_NOTIFICACION (ID_NOTIFICACION,ID_INICIATIVA,ID_ETAPA,ID_ESTADO,FECHA_REGISTRO,ID_ROL,ID_USUARIO,FLG_VISTO,FECHA_VISTO,ID_USUARIO_VISTO,DESCRIPCION,ID_ESTADO_NOTIFICACION,ID_USUARIO_REMITENTE) values ('313','226','3','2',to_date('01/02/20','DD/MM/RR'),'1','121','0',null,null,'error no corresponde llos detalles ','2',null);
Insert into T_GENM_NOTIFICACION (ID_NOTIFICACION,ID_INICIATIVA,ID_ETAPA,ID_ESTADO,FECHA_REGISTRO,ID_ROL,ID_USUARIO,FLG_VISTO,FECHA_VISTO,ID_USUARIO_VISTO,DESCRIPCION,ID_ESTADO_NOTIFICACION,ID_USUARIO_REMITENTE) values ('314','226','3','1',to_date('01/02/20','DD/MM/RR'),'2','121','0',null,null,'La entidad GZ CORP ha corregido el detalle de indicadores correctamente y requiere su revisin','0',null);
Insert into T_GENM_NOTIFICACION (ID_NOTIFICACION,ID_INICIATIVA,ID_ETAPA,ID_ESTADO,FECHA_REGISTRO,ID_ROL,ID_USUARIO,FLG_VISTO,FECHA_VISTO,ID_USUARIO_VISTO,DESCRIPCION,ID_ESTADO_NOTIFICACION,ID_USUARIO_REMITENTE) values ('315','192','4','3',to_date('01/02/20','DD/MM/RR'),'1','102','0',null,null,'Los detalles de indicadores de su iniciativa fueron revisadas y aprobadas','3',null);
Insert into T_GENM_NOTIFICACION (ID_NOTIFICACION,ID_INICIATIVA,ID_ETAPA,ID_ESTADO,FECHA_REGISTRO,ID_ROL,ID_USUARIO,FLG_VISTO,FECHA_VISTO,ID_USUARIO_VISTO,DESCRIPCION,ID_ESTADO_NOTIFICACION,ID_USUARIO_REMITENTE) values ('316','194','4','3',to_date('01/02/20','DD/MM/RR'),'1','103','0',null,null,'Los detalles de indicadores de su iniciativa fueron revisadas y aprobadas','3',null);
Insert into T_GENM_NOTIFICACION (ID_NOTIFICACION,ID_INICIATIVA,ID_ETAPA,ID_ESTADO,FECHA_REGISTRO,ID_ROL,ID_USUARIO,FLG_VISTO,FECHA_VISTO,ID_USUARIO_VISTO,DESCRIPCION,ID_ESTADO_NOTIFICACION,ID_USUARIO_REMITENTE) values ('317','199','4','3',to_date('01/02/20','DD/MM/RR'),'1','103','0',null,null,'Los detalles de indicadores de su iniciativa fueron revisadas y aprobadas','3',null);
Insert into T_GENM_NOTIFICACION (ID_NOTIFICACION,ID_INICIATIVA,ID_ETAPA,ID_ESTADO,FECHA_REGISTRO,ID_ROL,ID_USUARIO,FLG_VISTO,FECHA_VISTO,ID_USUARIO_VISTO,DESCRIPCION,ID_ESTADO_NOTIFICACION,ID_USUARIO_REMITENTE) values ('320','227','2','3',to_date('03/02/20','DD/MM/RR'),'1','105','0',null,null,'Su iniciativa fue revisada y aprobada','3',null);
Insert into T_GENM_NOTIFICACION (ID_NOTIFICACION,ID_INICIATIVA,ID_ETAPA,ID_ESTADO,FECHA_REGISTRO,ID_ROL,ID_USUARIO,FLG_VISTO,FECHA_VISTO,ID_USUARIO_VISTO,DESCRIPCION,ID_ESTADO_NOTIFICACION,ID_USUARIO_REMITENTE) values ('323','227','5','3',to_date('03/02/20','DD/MM/RR'),'2','81','0',null,null,'Los detalles de indicadores y la iniciativa fueron revisados y aprobadas por el Administrador MINEM','3',null);
Insert into T_GENM_NOTIFICACION (ID_NOTIFICACION,ID_INICIATIVA,ID_ETAPA,ID_ESTADO,FECHA_REGISTRO,ID_ROL,ID_USUARIO,FLG_VISTO,FECHA_VISTO,ID_USUARIO_VISTO,DESCRIPCION,ID_ESTADO_NOTIFICACION,ID_USUARIO_REMITENTE) values ('231','194','1','2',to_date('29/01/20','DD/MM/RR'),'1','103','0',null,null,'esta mal','1',null);
Insert into T_GENM_NOTIFICACION (ID_NOTIFICACION,ID_INICIATIVA,ID_ETAPA,ID_ESTADO,FECHA_REGISTRO,ID_ROL,ID_USUARIO,FLG_VISTO,FECHA_VISTO,ID_USUARIO_VISTO,DESCRIPCION,ID_ESTADO_NOTIFICACION,ID_USUARIO_REMITENTE) values ('236','194','1','2',to_date('29/01/20','DD/MM/RR'),'1','103','0',null,null,'POR FAVOR CORREGIR LA INICIATIVA xXx','1',null);
Insert into T_GENM_NOTIFICACION (ID_NOTIFICACION,ID_INICIATIVA,ID_ETAPA,ID_ESTADO,FECHA_REGISTRO,ID_ROL,ID_USUARIO,FLG_VISTO,FECHA_VISTO,ID_USUARIO_VISTO,DESCRIPCION,ID_ESTADO_NOTIFICACION,ID_USUARIO_REMITENTE) values ('228','194','1','1',to_date('29/01/20','DD/MM/RR'),'2','103','0',null,null,'La iniciativa de la entidad FULL TRAFICO .NET ha sido registrado correctamente y requiere su revisin','0',null);
Insert into T_GENM_NOTIFICACION (ID_NOTIFICACION,ID_INICIATIVA,ID_ETAPA,ID_ESTADO,FECHA_REGISTRO,ID_ROL,ID_USUARIO,FLG_VISTO,FECHA_VISTO,ID_USUARIO_VISTO,DESCRIPCION,ID_ESTADO_NOTIFICACION,ID_USUARIO_REMITENTE) values ('230','194','1','1',to_date('29/01/20','DD/MM/RR'),'2','103','0',null,null,'La iniciativa de la entidad FULL TRAFICO .NET ha sido registrado correctamente y requiere su revisin','0',null);
Insert into T_GENM_NOTIFICACION (ID_NOTIFICACION,ID_INICIATIVA,ID_ETAPA,ID_ESTADO,FECHA_REGISTRO,ID_ROL,ID_USUARIO,FLG_VISTO,FECHA_VISTO,ID_USUARIO_VISTO,DESCRIPCION,ID_ESTADO_NOTIFICACION,ID_USUARIO_REMITENTE) values ('255','203','2','3',to_date('30/01/20','DD/MM/RR'),'1','103','0',null,null,'Su iniciativa fue revisada y aprobada','3',null);
Insert into T_GENM_NOTIFICACION (ID_NOTIFICACION,ID_INICIATIVA,ID_ETAPA,ID_ESTADO,FECHA_REGISTRO,ID_ROL,ID_USUARIO,FLG_VISTO,FECHA_VISTO,ID_USUARIO_VISTO,DESCRIPCION,ID_ESTADO_NOTIFICACION,ID_USUARIO_REMITENTE) values ('223','196','1','1',to_date('29/01/20','DD/MM/RR'),'2','81','0',null,null,'La iniciativa de la entidad FULL TRAFICO .NET ha sido registrado correctamente y requiere su revisin','0',null);
Insert into T_GENM_NOTIFICACION (ID_NOTIFICACION,ID_INICIATIVA,ID_ETAPA,ID_ESTADO,FECHA_REGISTRO,ID_ROL,ID_USUARIO,FLG_VISTO,FECHA_VISTO,ID_USUARIO_VISTO,DESCRIPCION,ID_ESTADO_NOTIFICACION,ID_USUARIO_REMITENTE) values ('226','194','1','1',to_date('29/01/20','DD/MM/RR'),'2',null,'0',null,null,'La iniciativa de la entidad FULL TRAFICO .NET ha sido registrado correctamente y requiere su revisin','0',null);
Insert into T_GENM_NOTIFICACION (ID_NOTIFICACION,ID_INICIATIVA,ID_ETAPA,ID_ESTADO,FECHA_REGISTRO,ID_ROL,ID_USUARIO,FLG_VISTO,FECHA_VISTO,ID_USUARIO_VISTO,DESCRIPCION,ID_ESTADO_NOTIFICACION,ID_USUARIO_REMITENTE) values ('267','198','3','1',to_date('31/01/20','DD/MM/RR'),'2','103','0',null,null,'La entidad FULL TRAFICO .NET ha corregido el detalle de indicadores correctamente y requiere su revisin','0',null);
Insert into T_GENM_NOTIFICACION (ID_NOTIFICACION,ID_INICIATIVA,ID_ETAPA,ID_ESTADO,FECHA_REGISTRO,ID_ROL,ID_USUARIO,FLG_VISTO,FECHA_VISTO,ID_USUARIO_VISTO,DESCRIPCION,ID_ESTADO_NOTIFICACION,ID_USUARIO_REMITENTE) values ('268','204','3','1',to_date('31/01/20','DD/MM/RR'),'2','81','0',null,null,'El usuario de la entidad FULL TRAFICO .NETha registrado el/los detalle(s) de la Iniciativa (#10 autos nuevos), en espera de su revisin','0',null);
Insert into T_GENM_NOTIFICACION (ID_NOTIFICACION,ID_INICIATIVA,ID_ETAPA,ID_ESTADO,FECHA_REGISTRO,ID_ROL,ID_USUARIO,FLG_VISTO,FECHA_VISTO,ID_USUARIO_VISTO,DESCRIPCION,ID_ESTADO_NOTIFICACION,ID_USUARIO_REMITENTE) values ('269','207','1','1',to_date('31/01/20','DD/MM/RR'),'2','81','0',null,null,'La iniciativa de la entidad FULL TRAFICO .NET ha sido registrado correctamente y requiere su revisin','0',null);
Insert into T_GENM_NOTIFICACION (ID_NOTIFICACION,ID_INICIATIVA,ID_ETAPA,ID_ESTADO,FECHA_REGISTRO,ID_ROL,ID_USUARIO,FLG_VISTO,FECHA_VISTO,ID_USUARIO_VISTO,DESCRIPCION,ID_ESTADO_NOTIFICACION,ID_USUARIO_REMITENTE) values ('217','189','1','1',to_date('29/01/20','DD/MM/RR'),'2','0','0',null,null,'La iniciativa de la entidad Grupo Zuiga ha sido registrado correctamente y requiere su revisin','0',null);
Insert into T_GENM_NOTIFICACION (ID_NOTIFICACION,ID_INICIATIVA,ID_ETAPA,ID_ESTADO,FECHA_REGISTRO,ID_ROL,ID_USUARIO,FLG_VISTO,FECHA_VISTO,ID_USUARIO_VISTO,DESCRIPCION,ID_ESTADO_NOTIFICACION,ID_USUARIO_REMITENTE) values ('222','194','1','1',to_date('29/01/20','DD/MM/RR'),'2','81','0',null,null,'La iniciativa de la entidad FULL TRAFICO .NET ha sido registrado correctamente y requiere su revisin','0',null);
Insert into T_GENM_NOTIFICACION (ID_NOTIFICACION,ID_INICIATIVA,ID_ETAPA,ID_ESTADO,FECHA_REGISTRO,ID_ROL,ID_USUARIO,FLG_VISTO,FECHA_VISTO,ID_USUARIO_VISTO,DESCRIPCION,ID_ESTADO_NOTIFICACION,ID_USUARIO_REMITENTE) values ('234','196','3','1',to_date('29/01/20','DD/MM/RR'),'2','81','0',null,null,'El usuario de la entidad FULL TRAFICO .NETha registrado el/los detalle(s) de la Iniciativa (INICIATIVA # 2), en espera de su revisin','0',null);
REM INSERTING into T_GENM_USUARIO
SET DEFINE OFF;
Insert into T_GENM_USUARIO (ID_USUARIO,NOMBRES_USUARIO,APELLIDOS_USUARIO,ID_INSTITUCION,PASSWORD_USUARIO,EMAIL_USUARIO,ID_ESTADO_USUARIO,TELEFONO_USUARIO,CELULAR_USUARIO,FLG_ESTADO,ID_TERMINOS,FLG_TERMINOS,ANEXO_USUARIO) values ('121','Maycol              ','Zambrano','222','AMt+mo5Rl5P0BODGTJX93jAvUekZtieq/tA/jz7TfDcpCDKhuJUVlV5TOpaARxTjnA==','maycol.zambrano@grupo-zuniga.com','1','7654321','987654321','1','1','1','6543');
Insert into T_GENM_USUARIO (ID_USUARIO,NOMBRES_USUARIO,APELLIDOS_USUARIO,ID_INSTITUCION,PASSWORD_USUARIO,EMAIL_USUARIO,ID_ESTADO_USUARIO,TELEFONO_USUARIO,CELULAR_USUARIO,FLG_ESTADO,ID_TERMINOS,FLG_TERMINOS,ANEXO_USUARIO) values ('123','Pedro               ','Renteros','224','AFihvwgHkbotkctDlCAGQgCHP4zaP2I+vsl+WVJlMsjYkmwatDirxzVyqTsW32vTLw==','pedro@grupo-zuniga.com','1','56787787','99658758','1','1','1','101');
Insert into T_GENM_USUARIO (ID_USUARIO,NOMBRES_USUARIO,APELLIDOS_USUARIO,ID_INSTITUCION,PASSWORD_USUARIO,EMAIL_USUARIO,ID_ESTADO_USUARIO,TELEFONO_USUARIO,CELULAR_USUARIO,FLG_ESTADO,ID_TERMINOS,FLG_TERMINOS,ANEXO_USUARIO) values ('122','Juan                ','Soto','223','AGvx68LiEwWrs1QWnWBQimo+IEfuMJ+H9ka9aQDQimLfMXhsIX5MGgihogws08K7/w==','juan@grupo-zuniga.com','1','993578700','99357865','1','1','1','101');
Insert into T_GENM_USUARIO (ID_USUARIO,NOMBRES_USUARIO,APELLIDOS_USUARIO,ID_INSTITUCION,PASSWORD_USUARIO,EMAIL_USUARIO,ID_ESTADO_USUARIO,TELEFONO_USUARIO,CELULAR_USUARIO,FLG_ESTADO,ID_TERMINOS,FLG_TERMINOS,ANEXO_USUARIO) values ('124','Maycol              ','Zambrano','225','ABi6xvw2DiO5SN5Er/t9PBwAJIHJOfzJA1mp9vAkMb3mSwA3Zq0DUDxQAk+l3zbS7w==','maycol630@gmail.com','1','987654321','7654321','1','1','1','6543');
Insert into T_GENM_USUARIO (ID_USUARIO,NOMBRES_USUARIO,APELLIDOS_USUARIO,ID_INSTITUCION,PASSWORD_USUARIO,EMAIL_USUARIO,ID_ESTADO_USUARIO,TELEFONO_USUARIO,CELULAR_USUARIO,FLG_ESTADO,ID_TERMINOS,FLG_TERMINOS,ANEXO_USUARIO) values ('104','Alfredo             ','Trelles Jimenez','190','ANPfj5tg8AGr+ZunKqtXzhOKI86wBc7CAVJrTN7+WoK44fDcXZjVdhTKH9QcZ9GYlw==','alfredotrelles97@gmail.com','1','1234567','984390531','1','1','1','1234');
Insert into T_GENM_USUARIO (ID_USUARIO,NOMBRES_USUARIO,APELLIDOS_USUARIO,ID_INSTITUCION,PASSWORD_USUARIO,EMAIL_USUARIO,ID_ESTADO_USUARIO,TELEFONO_USUARIO,CELULAR_USUARIO,FLG_ESTADO,ID_TERMINOS,FLG_TERMINOS,ANEXO_USUARIO) values ('103','Eduardo             ','Ch. G.','189','ANpq38qeITt540DLf8WhCYk3hvxe52kGt/QlL9VjLBhJrP+yAr1Y3e4wVkTFtrX4NQ==','echapi@gmail.com','1','41536845','987456321','1','1','1',null);
Insert into T_GENM_USUARIO (ID_USUARIO,NOMBRES_USUARIO,APELLIDOS_USUARIO,ID_INSTITUCION,PASSWORD_USUARIO,EMAIL_USUARIO,ID_ESTADO_USUARIO,TELEFONO_USUARIO,CELULAR_USUARIO,FLG_ESTADO,ID_TERMINOS,FLG_TERMINOS,ANEXO_USUARIO) values ('106','Margarita Orin     ','Fernndez Mirn','202','AIcZOzzTT6Qp0yTRblQEIaGtYsWNOleEJ/nrnE7uCffRhYwfIj5LMfpRZpnbbK+v7A==','grupozu31@gmail.com','1','98765432','3454','1','1','1','1234');
Insert into T_GENM_USUARIO (ID_USUARIO,NOMBRES_USUARIO,APELLIDOS_USUARIO,ID_INSTITUCION,PASSWORD_USUARIO,EMAIL_USUARIO,ID_ESTADO_USUARIO,TELEFONO_USUARIO,CELULAR_USUARIO,FLG_ESTADO,ID_TERMINOS,FLG_TERMINOS,ANEXO_USUARIO) values ('105','Anibal              ','Roman','201','AK8t5GdOXUQh+FvkZQCjwTC4NLBIeBmlliolk+41Mdw0VugxAG8UtZfa7eqR4JB6fA==','anibal.roman@gmail.com','1','993578700','963353610','1','1','1','101');
Insert into T_GENM_USUARIO (ID_USUARIO,NOMBRES_USUARIO,APELLIDOS_USUARIO,ID_INSTITUCION,PASSWORD_USUARIO,EMAIL_USUARIO,ID_ESTADO_USUARIO,TELEFONO_USUARIO,CELULAR_USUARIO,FLG_ESTADO,ID_TERMINOS,FLG_TERMINOS,ANEXO_USUARIO) values ('102','Juan                ','Soto','188','AByTDzIVX4UokM5bmcGmydqGnR579/zSNhhfWgA8uJKOhBabBnWXtgkkp6EC3Ceuzw==','juancarlossotoc1990@gmail.com','1','7894534','906745129','1','1','1','100');
Insert into T_GENM_USUARIO (ID_USUARIO,NOMBRES_USUARIO,APELLIDOS_USUARIO,ID_INSTITUCION,PASSWORD_USUARIO,EMAIL_USUARIO,ID_ESTADO_USUARIO,TELEFONO_USUARIO,CELULAR_USUARIO,FLG_ESTADO,ID_TERMINOS,FLG_TERMINOS,ANEXO_USUARIO) values ('22','Carlos              ','Galdos','42','AK6/N7RQH5kHaUb1RDlVFzBkupiWnfger8B3053UodvdNnMdZqCWYcQs17U2i9Cujw==','carlos@grupo-zuniga.com','1','8976665','990765476','1','1','1',null);
Insert into T_GENM_USUARIO (ID_USUARIO,NOMBRES_USUARIO,APELLIDOS_USUARIO,ID_INSTITUCION,PASSWORD_USUARIO,EMAIL_USUARIO,ID_ESTADO_USUARIO,TELEFONO_USUARIO,CELULAR_USUARIO,FLG_ESTADO,ID_TERMINOS,FLG_TERMINOS,ANEXO_USUARIO) values ('81','Alfonso             ','Cordova','42','AHB0Z/3ESyTwQJBkBoUbmYWOys08nT5nXmhRiovGBB0dvSL6W6d/BlVFy2tyM/rflQ==','alfonso@grupo-zuniga.com','1','93578701','965488888','1','1','1','565601');
REM INSERTING into T_GENM_VARIABLE
SET DEFINE OFF;
Insert into T_GENM_VARIABLE (ID_VARIABLE,DESCRIPCION,SIGLA) values ('1','Kilometros Recorridos Vehiculo (base)','KRV');
Insert into T_GENM_VARIABLE (ID_VARIABLE,DESCRIPCION,SIGLA) values ('2','Numero de Vehiculos','N');
Insert into T_GENM_VARIABLE (ID_VARIABLE,DESCRIPCION,SIGLA) values ('3','Consumo de Electricidad','E');
REM INSERTING into T_GENM_VARIANTE
SET DEFINE OFF;
Insert into T_GENM_VARIANTE (ID_VARIANTE,DESCRIPCION,SIGLA) values ('1','Tipo de Vehiculos','TipoVeh');
Insert into T_GENM_VARIANTE (ID_VARIANTE,DESCRIPCION,SIGLA) values ('2','Tipo de Combustible','TipoCombus');
Insert into T_GENM_VARIANTE (ID_VARIANTE,DESCRIPCION,SIGLA) values ('3','Ao Iniciativa','Anno');
Insert into T_GENM_VARIANTE (ID_VARIANTE,DESCRIPCION,SIGLA) values ('4','Tipo de Vehiculos','Tipo_Vehic');
Insert into T_GENM_VARIANTE (ID_VARIANTE,DESCRIPCION,SIGLA) values ('5','Tipo de Combustible','Tipo_Combus');
Insert into T_GENM_VARIANTE (ID_VARIANTE,DESCRIPCION,SIGLA) values ('6','Ao Iniciativa','Ao');
REM INSERTING into T_MAE_ENERG
SET DEFINE OFF;
Insert into T_MAE_ENERG (ID_ENERG,DESCRIPCION,FLAG_ESTADO) values ('1','COMBUSTIBLES FOSILES',null);
Insert into T_MAE_ENERG (ID_ENERG,DESCRIPCION,FLAG_ESTADO) values ('2','ELECTRICIDAD',null);
REM INSERTING into T_MAE_ESTADO
SET DEFINE OFF;
Insert into T_MAE_ESTADO (ID_ESTADO,DESCRIPCION) values ('5','CORREGIDO');
Insert into T_MAE_ESTADO (ID_ESTADO,DESCRIPCION) values ('0','INCOMPLETO');
Insert into T_MAE_ESTADO (ID_ESTADO,DESCRIPCION) values ('1','COMPLETO');
Insert into T_MAE_ESTADO (ID_ESTADO,DESCRIPCION) values ('2','OBSERVADO');
Insert into T_MAE_ESTADO (ID_ESTADO,DESCRIPCION) values ('3','APROBADO');
Insert into T_MAE_ESTADO (ID_ESTADO,DESCRIPCION) values ('4','RECHAZADO');
Insert into T_MAE_ESTADO (ID_ESTADO,DESCRIPCION) values ('6','AVANCE');
REM INSERTING into T_MAE_ESTADO_USUARIO
SET DEFINE OFF;
Insert into T_MAE_ESTADO_USUARIO (ID_ESTADO_USUARIO,DESCRIPCION) values ('0','REGISTRADO');
Insert into T_MAE_ESTADO_USUARIO (ID_ESTADO_USUARIO,DESCRIPCION) values ('1','APROBADO');
Insert into T_MAE_ESTADO_USUARIO (ID_ESTADO_USUARIO,DESCRIPCION) values ('2','NO APROBADO');
REM INSERTING into T_MAE_ETAPA
SET DEFINE OFF;
Insert into T_MAE_ETAPA (ID_ETAPA,DESCRIPCION) values ('8','Aprobacin Iniciativa y Detalle Derivado');
Insert into T_MAE_ETAPA (ID_ETAPA,DESCRIPCION) values ('1','Registro de Iniciativa Mitigacin');
Insert into T_MAE_ETAPA (ID_ETAPA,DESCRIPCION) values ('2','Aprobacin de Iniciativa Mitigacin');
Insert into T_MAE_ETAPA (ID_ETAPA,DESCRIPCION) values ('3','Registro de Detalle de Indicadores');
Insert into T_MAE_ETAPA (ID_ETAPA,DESCRIPCION) values ('4','Aprobacin de Detalle de Indicadores');
Insert into T_MAE_ETAPA (ID_ETAPA,DESCRIPCION) values ('5','Aprobacin Iniciativa y Detalle');
Insert into T_MAE_ETAPA (ID_ETAPA,DESCRIPCION) values ('6','Aprobacin de Evaluacin Iniciativa Detalle');
Insert into T_MAE_ETAPA (ID_ETAPA,DESCRIPCION) values ('7','Aprobacin de Verificacin Iniciativa Detalle');
REM INSERTING into T_MAE_FAQ
SET DEFINE OFF;
Insert into T_MAE_FAQ (ID_FAQ,ID_MEDMIT,PREGUNTA,RESPUESTA) values ('1',null,'Como registro una nueva Iniciativa?','Usted, debera primero Registrarse como usuario de una Institucion');
Insert into T_MAE_FAQ (ID_FAQ,ID_MEDMIT,PREGUNTA,RESPUESTA) values ('2',null,'Que significa GEI?','Son las siglas de Gases de Efecto Invernadero');
REM INSERTING into T_MAE_F_BAU
SET DEFINE OFF;
Insert into T_MAE_F_BAU (ID_F_BAU,ID_TIPO_VEHICULO,ID_TIPO_COMBUSTIBLE,ANNO,FACTOR) values ('1','1','1','2018','187,3581');
Insert into T_MAE_F_BAU (ID_F_BAU,ID_TIPO_VEHICULO,ID_TIPO_COMBUSTIBLE,ANNO,FACTOR) values ('2','1','2','2018','174,6961');
Insert into T_MAE_F_BAU (ID_F_BAU,ID_TIPO_VEHICULO,ID_TIPO_COMBUSTIBLE,ANNO,FACTOR) values ('3','1','3','2018','178,9341');
Insert into T_MAE_F_BAU (ID_F_BAU,ID_TIPO_VEHICULO,ID_TIPO_COMBUSTIBLE,ANNO,FACTOR) values ('4','2','1','2018','773,781');
Insert into T_MAE_F_BAU (ID_F_BAU,ID_TIPO_VEHICULO,ID_TIPO_COMBUSTIBLE,ANNO,FACTOR) values ('5','2','4','2018','595,4578');
Insert into T_MAE_F_BAU (ID_F_BAU,ID_TIPO_VEHICULO,ID_TIPO_COMBUSTIBLE,ANNO,FACTOR) values ('6','3','1','2018','1315,4277');
Insert into T_MAE_F_BAU (ID_F_BAU,ID_TIPO_VEHICULO,ID_TIPO_COMBUSTIBLE,ANNO,FACTOR) values ('7','3','4','2018','961,6102');
Insert into T_MAE_F_BAU (ID_F_BAU,ID_TIPO_VEHICULO,ID_TIPO_COMBUSTIBLE,ANNO,FACTOR) values ('8','4','1','2018','1897,9984');
Insert into T_MAE_F_BAU (ID_F_BAU,ID_TIPO_VEHICULO,ID_TIPO_COMBUSTIBLE,ANNO,FACTOR) values ('9','4','4','2018','1555,1723');
Insert into T_MAE_F_BAU (ID_F_BAU,ID_TIPO_VEHICULO,ID_TIPO_COMBUSTIBLE,ANNO,FACTOR) values ('10','5','3','2018','96,6146');
Insert into T_MAE_F_BAU (ID_F_BAU,ID_TIPO_VEHICULO,ID_TIPO_COMBUSTIBLE,ANNO,FACTOR) values ('11','6','3','2018','64,4097');
REM INSERTING into T_MAE_F_MIT
SET DEFINE OFF;
Insert into T_MAE_F_MIT (ID_F_MIT,ID_TIPO_VEHICULO,ID_TIPO_FUENTE,ANNO,FACTOR) values ('1','1','1','2018','0,03');
Insert into T_MAE_F_MIT (ID_F_MIT,ID_TIPO_VEHICULO,ID_TIPO_FUENTE,ANNO,FACTOR) values ('2','1','1','2019','0,03');
Insert into T_MAE_F_MIT (ID_F_MIT,ID_TIPO_VEHICULO,ID_TIPO_FUENTE,ANNO,FACTOR) values ('3','3','1','2018','0,2');
Insert into T_MAE_F_MIT (ID_F_MIT,ID_TIPO_VEHICULO,ID_TIPO_FUENTE,ANNO,FACTOR) values ('4','3','1','2019','0,2');
Insert into T_MAE_F_MIT (ID_F_MIT,ID_TIPO_VEHICULO,ID_TIPO_FUENTE,ANNO,FACTOR) values ('5','4','1','2018','0,13');
Insert into T_MAE_F_MIT (ID_F_MIT,ID_TIPO_VEHICULO,ID_TIPO_FUENTE,ANNO,FACTOR) values ('6','4','1','2019','0,13');
Insert into T_MAE_F_MIT (ID_F_MIT,ID_TIPO_VEHICULO,ID_TIPO_FUENTE,ANNO,FACTOR) values ('7','5','1','2018','0,01');
Insert into T_MAE_F_MIT (ID_F_MIT,ID_TIPO_VEHICULO,ID_TIPO_FUENTE,ANNO,FACTOR) values ('8','5','1','2019','0,01');
Insert into T_MAE_F_MIT (ID_F_MIT,ID_TIPO_VEHICULO,ID_TIPO_FUENTE,ANNO,FACTOR) values ('9','6','1','2018','0,005');
Insert into T_MAE_F_MIT (ID_F_MIT,ID_TIPO_VEHICULO,ID_TIPO_FUENTE,ANNO,FACTOR) values ('10','6','1','2019','0,005');
Insert into T_MAE_F_MIT (ID_F_MIT,ID_TIPO_VEHICULO,ID_TIPO_FUENTE,ANNO,FACTOR) values ('11','2','1','2018','0,19');
Insert into T_MAE_F_MIT (ID_F_MIT,ID_TIPO_VEHICULO,ID_TIPO_FUENTE,ANNO,FACTOR) values ('12','2','1','2019','0,19');
REM INSERTING into T_MAE_F_PER
SET DEFINE OFF;
Insert into T_MAE_F_PER (ID_F_PER,ANNO,FACTOR) values ('1','2010','0,104');
Insert into T_MAE_F_PER (ID_F_PER,ANNO,FACTOR) values ('3','2011','0,108');
Insert into T_MAE_F_PER (ID_F_PER,ANNO,FACTOR) values ('4','2012','0,109');
Insert into T_MAE_F_PER (ID_F_PER,ANNO,FACTOR) values ('5','2013','0,109');
Insert into T_MAE_F_PER (ID_F_PER,ANNO,FACTOR) values ('6','2014','0,058');
Insert into T_MAE_F_PER (ID_F_PER,ANNO,FACTOR) values ('7','2015','0,113');
Insert into T_MAE_F_PER (ID_F_PER,ANNO,FACTOR) values ('8','2016','0,109');
Insert into T_MAE_F_PER (ID_F_PER,ANNO,FACTOR) values ('9','2017','0,108');
Insert into T_MAE_F_PER (ID_F_PER,ANNO,FACTOR) values ('10','2018','0,108');
REM INSERTING into T_MAE_F_REN
SET DEFINE OFF;
Insert into T_MAE_F_REN (ID_F_REN,ID_TIPO_VEHICULO,ID_TIPO_FUENTE,FACTOR) values ('1','1','1','0,1629');
Insert into T_MAE_F_REN (ID_F_REN,ID_TIPO_VEHICULO,ID_TIPO_FUENTE,FACTOR) values ('2','2','1','1,1');
Insert into T_MAE_F_REN (ID_F_REN,ID_TIPO_VEHICULO,ID_TIPO_FUENTE,FACTOR) values ('3','3','1','1,1765');
Insert into T_MAE_F_REN (ID_F_REN,ID_TIPO_VEHICULO,ID_TIPO_FUENTE,FACTOR) values ('4','4','1','0,76');
Insert into T_MAE_F_REN (ID_F_REN,ID_TIPO_VEHICULO,ID_TIPO_FUENTE,FACTOR) values ('5','5','1','0,0543');
Insert into T_MAE_F_REN (ID_F_REN,ID_TIPO_VEHICULO,ID_TIPO_FUENTE,FACTOR) values ('6','6','1','0,0271');
REM INSERTING into T_MAE_GEI
SET DEFINE OFF;
Insert into T_MAE_GEI (ID_GEI,DESCRIPCION,FLAG_ESTADO,AR2,AR4,AR5) values ('1','CO2','1','1','1','1');
Insert into T_MAE_GEI (ID_GEI,DESCRIPCION,FLAG_ESTADO,AR2,AR4,AR5) values ('2','CH4','1','21','25','30');
Insert into T_MAE_GEI (ID_GEI,DESCRIPCION,FLAG_ESTADO,AR2,AR4,AR5) values ('3','N2O','1','310','298','265');
REM INSERTING into T_MAE_LISTA
SET DEFINE OFF;
REM INSERTING into T_MAE_MEDMIT
SET DEFINE OFF;
Insert into T_MAE_MEDMIT (ID_MEDMIT,NUMERO_MEDMIT,NOMBRE_MEDMIT,DESCRIPCION_MEDMIT,ID_NAMA,OBJETIVO_MEDMIT,IPSC_MEDMIT,FLAG_ESTADO,GEI_TOTAL,GEI_PUBLICO,GEI_PRIVADO,CANT_TOTAL,CANT_PUBLICO,CANT_PRIVADO,ASOCIADO) values ('12','4.1','4.1 Promocin de vehculos elctricos a nivel nacional','Medida que propone reemplazar la matriz energtica utilizada en el transporte, la cual utiliza predominantemente combustibles fsiles (gasolina, disel, gas licuado de petrleo y gas natural vehicular), mediante una mayor participacin de vehculos elctricos en el parque vehicular, contribuyendo al cumplimiento del Plan Energtico Nacional 2014-2025 y reduciendo las emisiones de gases de efecto invernadero (GEI) gracias al reemplazo o al desplazamiento de vehculos que consumen gasolina o disel por nuevos vehculos elctricos. La meta trazada para esta medida de mitigacin en una primera etapa se da bajo 2 acciones: i) la introduccin de mnibus elctricos y ii) introduccin de vehculos livianos elctricos.','4','Reemplazar la matriz energtica utilizada de manera predominante en el transporte (gasolina, disel, GLP, GNV), a vehculos elctricos. ','Energa - Combustin mvil','1','2369','1890','479','6','4','2','81');
Insert into T_MAE_MEDMIT (ID_MEDMIT,NUMERO_MEDMIT,NOMBRE_MEDMIT,DESCRIPCION_MEDMIT,ID_NAMA,OBJETIVO_MEDMIT,IPSC_MEDMIT,FLAG_ESTADO,GEI_TOTAL,GEI_PUBLICO,GEI_PRIVADO,CANT_TOTAL,CANT_PUBLICO,CANT_PRIVADO,ASOCIADO) values ('1','1.1','1.1 Etiquetado de Eficiencia Energtico','Esta medida propone que los equipos que requieran suministros energticos incluyan en sus etiquetas, envases, empaques y publicidad, una etiqueta de eficiencia energtica a travs de la cual el consumidor pueda conocer el consumo de energa y la eficiencia energtica del producto para la toma de decisin de consumo, reduciendo as las emisiones de GEI debido a la reduccin del consumo de energa asociada a la mejora de eficiencia de los nuevos equipos a ser adquiridos por los consumidores. La medida se enmarca en el Reglamento Tcnico sobre el etiquetado de eficiencia energtica para equipos energticos, aprobado mediante Decreto Supremo N009-2017-EM.','1','Dar cumplimiento al Reglamento Tcnico sobre el etiquetado de eficiencia energtica para equipos energticos, aprobado mediante Decreto Supremo N009-2017-EM. Puede incluir aparatos de refrigeracin, calderas, motores elctricos, lavadoras, secadoras, equipos de aire acondicionado y calentadores de agua. No incluye luminarias. ','Energa - Combustin estacionaria','1','318','180','138','4','2','2','0');
Insert into T_MAE_MEDMIT (ID_MEDMIT,NUMERO_MEDMIT,NOMBRE_MEDMIT,DESCRIPCION_MEDMIT,ID_NAMA,OBJETIVO_MEDMIT,IPSC_MEDMIT,FLAG_ESTADO,GEI_TOTAL,GEI_PUBLICO,GEI_PRIVADO,CANT_TOTAL,CANT_PUBLICO,CANT_PRIVADO,ASOCIADO) values ('2','1.2','1.2 Eficiencia energtica en el sector industrial','Esta medida de mitigacin, propuesta por el Ministerio de Energa y Minas, propone la implementacin de medidas de eficiencia energtica en empresas del sector industrial fomentando la competitividad de la economa nacional y reduciendo el impacto ambiental negativo del uso y consumo de los energticos como la reduccin de emisiones de GEI. Esta medida se enmarca en la Ley de Promocin del Uso Eficiente de la Energa, Ley N27345, y su Reglamento aprobado por Decreto Supremo N053-2007-EM. As, se prev considerar el recambio de motores y calderas, una vez que se viabilice el Fondo de Financiamiento a la Eficiencia Energtica (FOFEE)','1','Fomentar la competitividad de la economa nacional y reducir el impacto ambiental negativo del uso y consumo de los energticos mediante la Ley de Promocin del Uso Eficiente de la Energa  Ley N27345 y su Reglamento, aprobado por Decreto Supremo N053-2007-EM.','Energa - Combustin estacionaria','1','1605','1200','405','6','3','3','0');
Insert into T_MAE_MEDMIT (ID_MEDMIT,NUMERO_MEDMIT,NOMBRE_MEDMIT,DESCRIPCION_MEDMIT,ID_NAMA,OBJETIVO_MEDMIT,IPSC_MEDMIT,FLAG_ESTADO,GEI_TOTAL,GEI_PUBLICO,GEI_PRIVADO,CANT_TOTAL,CANT_PUBLICO,CANT_PRIVADO,ASOCIADO) values ('3','1.3','1.3 Eficiencia energtica en el sector comercial','Medida que propone promover la racionalizacin del consumo de energa en el sector comercial de servicios.','1','Promover la racionalizacin del consumo de energa en el sector comercial de servicios, a travs de: a) reemplazo de lmparas de baja eficiencia por lmparas LED de 10W y b) instalacin de sensores de ocupacin hotelera, con el objetivo de controlar las unidades de aire acondicionado.','Energa - Combustin estacionaria','1','313','250','63','9','5','4','0');
Insert into T_MAE_MEDMIT (ID_MEDMIT,NUMERO_MEDMIT,NOMBRE_MEDMIT,DESCRIPCION_MEDMIT,ID_NAMA,OBJETIVO_MEDMIT,IPSC_MEDMIT,FLAG_ESTADO,GEI_TOTAL,GEI_PUBLICO,GEI_PRIVADO,CANT_TOTAL,CANT_PUBLICO,CANT_PRIVADO,ASOCIADO) values ('4','1.4','1.4 Auditoras energticas en el sector pblico','Medida que propone implementar acciones que contribuyan a reducir el consumo de energa sin que estas acciones afecten la calidad de los servicios prestados y recibidos en las entidades del sector pblico cuya facturacin mensual por consumo de energa elctrica sea mayor de cuatro (4) unidades impositivas tributarias (UIT), reduciendo as las emisiones de GEI debido a la reduccin del consumo energtico. Asimismo, prev que en un futuro las auditoras energticas puedan desarrollarse para el sector privado, bajo el mecanismo de un fondo de eficiencia energtica.','1','Implementar acciones que contribuyan a reducir el consumo de energa sin que estas acciones afecten la calidad de los servicios prestados y recibidos en las entidades del sector pblico. Incluye todo equipo que consuma electricidad (con y sin fichas de homologacin) con excepcin de lmparas con fichas.','Energa - Combustin estacionaria','1','811','600','211','6','2','4','104');
Insert into T_MAE_MEDMIT (ID_MEDMIT,NUMERO_MEDMIT,NOMBRE_MEDMIT,DESCRIPCION_MEDMIT,ID_NAMA,OBJETIVO_MEDMIT,IPSC_MEDMIT,FLAG_ESTADO,GEI_TOTAL,GEI_PUBLICO,GEI_PRIVADO,CANT_TOTAL,CANT_PUBLICO,CANT_PRIVADO,ASOCIADO) values ('5','1.5','1.5 Transformacin del mercado de iluminacin en el sector residencial','Medida que promueve la sustitucin de lmparas de baja eficiencia por tecnologas ms eficientes de iluminacin, reduciendo las emisiones de GEI debido al menor uso de energa, y generando la transformacin hacia un mercado de iluminacin ms eficiente, cuyo principal objetivo es promover el uso de lmparas que permitan un uso eficiente de la energa en el pas, sin menoscabar la calidad de la iluminacin, considerando los beneficios econmicos, ambientales y sociales que se tendran en el pas. La medida de mitigacin propone dos fases: i) el programa de distribucin de un milln y medio de lmparas energticamente ms eficientes a hogares de menores ingresos como meta al 2019, en el marco del Programa Anual de Promociones 2018, aprobado mediante Resolucin Ministerial N 021-2018-MINEM/DM, de acuerdo a lo establecido en el Plan de Acceso Universal a la Energa 2013-2022, aprobado con Resolucin Ministerial N 203-2013-MINEM-DM; y ii) la Estrategia de Iluminacin del Per, cuyo objetivo es incrementar la participacin de las lmparas eficientes en el mercado de iluminacin nacional, reduciendo el consumo de energa y por ende tambin reduciendo las emisiones de gases de efecto invernadero (como el CO2).','1','Promover el uso de lmparas que permitan un uso eficiente de la energa en el pas, sin menoscabar la calidad de la iluminacin, considerando los beneficios econmicos, ambientales y sociales que se tendran en el pas. Aplica para lmparas LED.','Energa - Combustin estacionaria','1','486','400','86','1','1','0','0');
Insert into T_MAE_MEDMIT (ID_MEDMIT,NUMERO_MEDMIT,NOMBRE_MEDMIT,DESCRIPCION_MEDMIT,ID_NAMA,OBJETIVO_MEDMIT,IPSC_MEDMIT,FLAG_ESTADO,GEI_TOTAL,GEI_PUBLICO,GEI_PRIVADO,CANT_TOTAL,CANT_PUBLICO,CANT_PRIVADO,ASOCIADO) values ('6','1.6','1.6 Reemplazo de lmparas de baja eficiencia por lmparas LED en el sector pblico','Reemplazo de lmparas de baja eficiencia por lmparas LED en el sector pblico reduciendo as el consumo de energa y por ende reduciendo tambin las emisiones de GEI, con el objetivo de impulsar el uso de lmparas y otros equipos de iluminacin LED en todas las instituciones pblicas. La medida se implementa a travs de las fichas de homologacin de tecnologa LED, aprobadas por el MINEM, y que son instrumentos que permiten el reemplazo de luminarias menos eficientes por lmparas y otros equipos de iluminacin LED en los procesos de compras pblicas, lo que permite adems la inclusin de estas tecnologas en la implementacin de nuevos establecimientos estatales.'',''1'',''Impulsar el uso de lmparas eficientes en el sector pblico a travs de las Fichas de Homologacin de lmparas de tecnologa LED. Aplica para lmparas LED. ','1','Impulsar el uso de lmparas eficientes en el sector pblico a travs de las Fichas de Homologacin de lmparas de tecnologa LED. Aplica para lmparas LED.Impulsar el uso de lmparas eficientes en el sector pblico a travs de las Fichas de Homologacin de lmparas de tecnologa LED. Aplica para lmparas LED. ','Energa - Combustin estacionaria','1','278,4','160','118,4','10','7','3','0');
Insert into T_MAE_MEDMIT (ID_MEDMIT,NUMERO_MEDMIT,NOMBRE_MEDMIT,DESCRIPCION_MEDMIT,ID_NAMA,OBJETIVO_MEDMIT,IPSC_MEDMIT,FLAG_ESTADO,GEI_TOTAL,GEI_PUBLICO,GEI_PRIVADO,CANT_TOTAL,CANT_PUBLICO,CANT_PRIVADO,ASOCIADO) values ('7','1.7','1.7 Lamparas de Alumbrado Pblico','Medida que promueve la implementacin de lmparas de alta eficiencia en el alumbrado pblico reduciendo las emisiones de GEI debido al menor uso de energa, en el marco del Plan de Acceso Universal a la Energa (RM N203-2013-MINEM/DM) y en donde se incluye el reemplazo de 100,000 lmparas de vapor de sodio de alta presin (VSAP) en alumbrado pblico por lmparas LED o de induccin, priorizando zonas vulnerables. Adems, contempla una segunda fase a travs de la implementacin de las fichas de homologacin de alumbrado pblico.','1','Reemplazo de lmparas de alumbrado pblico de vapor de sodio de alta presin por lmparas LED consiste en la implementacin de lmparas de alta eficiencia en el alumbrado pblico. Aplica para lmparas LED con fichas de homologacin, 100,000 de FISE. ','Energa - Combustin estacionaria','1','1035','955','80','1','1','0','0');
Insert into T_MAE_MEDMIT (ID_MEDMIT,NUMERO_MEDMIT,NOMBRE_MEDMIT,DESCRIPCION_MEDMIT,ID_NAMA,OBJETIVO_MEDMIT,IPSC_MEDMIT,FLAG_ESTADO,GEI_TOTAL,GEI_PUBLICO,GEI_PRIVADO,CANT_TOTAL,CANT_PUBLICO,CANT_PRIVADO,ASOCIADO) values ('8','2.1','2.1 Medida de Coccin limpia (mbito rural)','Implementacin y sostenibilidad de tecnologas de coccin limpia (cocinas mejoradas y cocinas a gas licuado de petrleos) en zonas rurales, reemplazando aquellas cocinas o tecnologas convencionales (fogn abierto) poco eficientes en el mbito rural, con lo cual se reducir los consumos de combustibles empleados en cocinas tradicionales, tales como lea y carbn vegetal, reduciendo as emisiones de gases de efecto invernadero (GEI) y los efectos nocivos a la salud asociados a las emisiones gaseosas y del material particulado restante de la combustin.','2','Reduccin de las emisiones de gases de efecto invernadero (GEI) generadas por la coccin y calentamiento de alimentos a travs del uso de cocinas o tecnologas convencionales (fogn abierto) poco eficientes en el mbito rural. Incluye: cocinas mejoradas y a gas licuado de petrleo (GLP).','Energa - Combustin estacionaria','1','1823','1565','258','1','1','0','124');
Insert into T_MAE_MEDMIT (ID_MEDMIT,NUMERO_MEDMIT,NOMBRE_MEDMIT,DESCRIPCION_MEDMIT,ID_NAMA,OBJETIVO_MEDMIT,IPSC_MEDMIT,FLAG_ESTADO,GEI_TOTAL,GEI_PUBLICO,GEI_PRIVADO,CANT_TOTAL,CANT_PUBLICO,CANT_PRIVADO,ASOCIADO) values ('10','3.1','3.1 Combinacin de energas renovables','Aumentar la participacin de los Recursos Energticos de fuentes Renovables (RER) en la matriz energtica nacional en un 6.8% en el ao 2030, reduciendo la proporcin de la energa producida en base a la quema de combustibles fsiles, lo cual generar la reduccin de emisiones de gases de efecto invernadero (GEI). Asimismo, la medida incluye la implementacin de las centrales hidroelctricas con una capacidad instalada menor a 20 MW.','3','Aumentar la participacin de los Recursos Energticos Renovables (RER) y dar cumplimiento al Decreto Legislativo N 1002, Ley de Promocin de la Inversin en Generacin de Electricidad con el uso de Energas Renovables (2008).','Energa - Combustin estacionaria','1','7133','6800','333','2','1','1','0');
Insert into T_MAE_MEDMIT (ID_MEDMIT,NUMERO_MEDMIT,NOMBRE_MEDMIT,DESCRIPCION_MEDMIT,ID_NAMA,OBJETIVO_MEDMIT,IPSC_MEDMIT,FLAG_ESTADO,GEI_TOTAL,GEI_PUBLICO,GEI_PRIVADO,CANT_TOTAL,CANT_PUBLICO,CANT_PRIVADO,ASOCIADO) values ('9','2.2','2.2 Electrificacin Rural','En elaboracin','2','En elaboracin','Energa - Combustin estacionaria','1','12,6','8','4,6','1','1','1','0');
Insert into T_MAE_MEDMIT (ID_MEDMIT,NUMERO_MEDMIT,NOMBRE_MEDMIT,DESCRIPCION_MEDMIT,ID_NAMA,OBJETIVO_MEDMIT,IPSC_MEDMIT,FLAG_ESTADO,GEI_TOTAL,GEI_PUBLICO,GEI_PRIVADO,CANT_TOTAL,CANT_PUBLICO,CANT_PRIVADO,ASOCIADO) values ('11','3.2','3.2 Generacin Distribuida','Medida que abarca toda instalacin de generacin elctrica que inyecte energa elctrica a la red elctrica est conectada directamente a la Red de Distribucin.','3','Promover el uso e implementacin de sistemas de generacin elctrica con tecnologas limpias.','Energa - Combustin estacionaria','1','53','42','11','3','2','1','0');
REM INSERTING into T_MAE_MONEDA
SET DEFINE OFF;
Insert into T_MAE_MONEDA (ID_MONEDA,DESCRIPCION) values ('1','SOLES');
Insert into T_MAE_MONEDA (ID_MONEDA,DESCRIPCION) values ('2','DOLARES');
Insert into T_MAE_MONEDA (ID_MONEDA,DESCRIPCION) values ('3','EUROS');
REM INSERTING into T_MAE_NAMA
SET DEFINE OFF;
Insert into T_MAE_NAMA (ID_NAMA,DESCRIPCION_NAMA,FLG_ESTADO) values ('1','EFICIENCIA ENERGETICA','1');
Insert into T_MAE_NAMA (ID_NAMA,DESCRIPCION_NAMA,FLG_ESTADO) values ('2','ACCESO UNIVERSAL A LA ENERGIA SOSTENIBLE','1');
Insert into T_MAE_NAMA (ID_NAMA,DESCRIPCION_NAMA,FLG_ESTADO) values ('3','RED CONECTADO','1');
Insert into T_MAE_NAMA (ID_NAMA,DESCRIPCION_NAMA,FLG_ESTADO) values ('4','TRANSPORTE ELECTRICO','1');
REM INSERTING into T_MAE_OPCION
SET DEFINE OFF;
Insert into T_MAE_OPCION (ID_OPCION,DES_OPCION,FLG_ESTADO,DES_URL,DES_URLIMAGEN,DES_URLLABEL,DES_FUNCION_INI,NUM_ORDEN,NUM_NIVEL,ID_OPCION_PADRE,ID_TIPO_OPCION) values ('9','NUEVA INICIATIVA','1',null,null,null,null,null,null,null,null);
Insert into T_MAE_OPCION (ID_OPCION,DES_OPCION,FLG_ESTADO,DES_URL,DES_URLIMAGEN,DES_URLLABEL,DES_FUNCION_INI,NUM_ORDEN,NUM_NIVEL,ID_OPCION_PADRE,ID_TIPO_OPCION) values ('8','CREDENCIALES','1',null,null,null,null,null,null,null,'1');
Insert into T_MAE_OPCION (ID_OPCION,DES_OPCION,FLG_ESTADO,DES_URL,DES_URLIMAGEN,DES_URLLABEL,DES_FUNCION_INI,NUM_ORDEN,NUM_NIVEL,ID_OPCION_PADRE,ID_TIPO_OPCION) values ('1','INICIO','1',null,null,null,null,null,null,null,'1');
Insert into T_MAE_OPCION (ID_OPCION,DES_OPCION,FLG_ESTADO,DES_URL,DES_URLIMAGEN,DES_URLLABEL,DES_FUNCION_INI,NUM_ORDEN,NUM_NIVEL,ID_OPCION_PADRE,ID_TIPO_OPCION) values ('2','ACCIONES DE MITIGACION','1',null,null,null,null,null,null,null,'1');
Insert into T_MAE_OPCION (ID_OPCION,DES_OPCION,FLG_ESTADO,DES_URL,DES_URLIMAGEN,DES_URLLABEL,DES_FUNCION_INI,NUM_ORDEN,NUM_NIVEL,ID_OPCION_PADRE,ID_TIPO_OPCION) values ('3','REPORTES','1',null,null,null,null,null,null,null,'1');
Insert into T_MAE_OPCION (ID_OPCION,DES_OPCION,FLG_ESTADO,DES_URL,DES_URLIMAGEN,DES_URLLABEL,DES_FUNCION_INI,NUM_ORDEN,NUM_NIVEL,ID_OPCION_PADRE,ID_TIPO_OPCION) values ('4','ACCIONES Y RESULTADOS','1',null,null,null,null,null,null,null,'1');
Insert into T_MAE_OPCION (ID_OPCION,DES_OPCION,FLG_ESTADO,DES_URL,DES_URLIMAGEN,DES_URLLABEL,DES_FUNCION_INI,NUM_ORDEN,NUM_NIVEL,ID_OPCION_PADRE,ID_TIPO_OPCION) values ('5','NOTIFICACIONES','1',null,null,null,null,null,null,null,'1');
Insert into T_MAE_OPCION (ID_OPCION,DES_OPCION,FLG_ESTADO,DES_URL,DES_URLIMAGEN,DES_URLLABEL,DES_FUNCION_INI,NUM_ORDEN,NUM_NIVEL,ID_OPCION_PADRE,ID_TIPO_OPCION) values ('6','MANTENIMIENTO DE TABLAS','1',null,null,null,null,null,null,null,'1');
Insert into T_MAE_OPCION (ID_OPCION,DES_OPCION,FLG_ESTADO,DES_URL,DES_URLIMAGEN,DES_URLLABEL,DES_FUNCION_INI,NUM_ORDEN,NUM_NIVEL,ID_OPCION_PADRE,ID_TIPO_OPCION) values ('7','CAMBIO DE CLAVES','1',null,null,null,null,null,null,null,'1');
REM INSERTING into T_MAE_OPCION_ROL
SET DEFINE OFF;
Insert into T_MAE_OPCION_ROL (ID_OPCION,ID_ROL,FLG_ESTADO) values ('9','1','1');
Insert into T_MAE_OPCION_ROL (ID_OPCION,ID_ROL,FLG_ESTADO) values ('7','1','1');
Insert into T_MAE_OPCION_ROL (ID_OPCION,ID_ROL,FLG_ESTADO) values ('1','6','1');
Insert into T_MAE_OPCION_ROL (ID_OPCION,ID_ROL,FLG_ESTADO) values ('2','6','1');
Insert into T_MAE_OPCION_ROL (ID_OPCION,ID_ROL,FLG_ESTADO) values ('3','6','1');
Insert into T_MAE_OPCION_ROL (ID_OPCION,ID_ROL,FLG_ESTADO) values ('4','6','1');
Insert into T_MAE_OPCION_ROL (ID_OPCION,ID_ROL,FLG_ESTADO) values ('1','1','1');
Insert into T_MAE_OPCION_ROL (ID_OPCION,ID_ROL,FLG_ESTADO) values ('2','1','1');
Insert into T_MAE_OPCION_ROL (ID_OPCION,ID_ROL,FLG_ESTADO) values ('3','1','1');
Insert into T_MAE_OPCION_ROL (ID_OPCION,ID_ROL,FLG_ESTADO) values ('4','1','1');
Insert into T_MAE_OPCION_ROL (ID_OPCION,ID_ROL,FLG_ESTADO) values ('5','1','1');
Insert into T_MAE_OPCION_ROL (ID_OPCION,ID_ROL,FLG_ESTADO) values ('1','2','1');
Insert into T_MAE_OPCION_ROL (ID_OPCION,ID_ROL,FLG_ESTADO) values ('2','2','1');
Insert into T_MAE_OPCION_ROL (ID_OPCION,ID_ROL,FLG_ESTADO) values ('3','2','1');
Insert into T_MAE_OPCION_ROL (ID_OPCION,ID_ROL,FLG_ESTADO) values ('4','2','1');
Insert into T_MAE_OPCION_ROL (ID_OPCION,ID_ROL,FLG_ESTADO) values ('5','2','1');
Insert into T_MAE_OPCION_ROL (ID_OPCION,ID_ROL,FLG_ESTADO) values ('7','2','1');
Insert into T_MAE_OPCION_ROL (ID_OPCION,ID_ROL,FLG_ESTADO) values ('1','3','1');
Insert into T_MAE_OPCION_ROL (ID_OPCION,ID_ROL,FLG_ESTADO) values ('2','3','1');
Insert into T_MAE_OPCION_ROL (ID_OPCION,ID_ROL,FLG_ESTADO) values ('3','3','1');
Insert into T_MAE_OPCION_ROL (ID_OPCION,ID_ROL,FLG_ESTADO) values ('4','3','1');
Insert into T_MAE_OPCION_ROL (ID_OPCION,ID_ROL,FLG_ESTADO) values ('5','3','1');
Insert into T_MAE_OPCION_ROL (ID_OPCION,ID_ROL,FLG_ESTADO) values ('6','3','1');
Insert into T_MAE_OPCION_ROL (ID_OPCION,ID_ROL,FLG_ESTADO) values ('7','3','1');
Insert into T_MAE_OPCION_ROL (ID_OPCION,ID_ROL,FLG_ESTADO) values ('1','4','1');
Insert into T_MAE_OPCION_ROL (ID_OPCION,ID_ROL,FLG_ESTADO) values ('2','4','1');
Insert into T_MAE_OPCION_ROL (ID_OPCION,ID_ROL,FLG_ESTADO) values ('3','4','1');
Insert into T_MAE_OPCION_ROL (ID_OPCION,ID_ROL,FLG_ESTADO) values ('4','4','1');
Insert into T_MAE_OPCION_ROL (ID_OPCION,ID_ROL,FLG_ESTADO) values ('5','4','1');
Insert into T_MAE_OPCION_ROL (ID_OPCION,ID_ROL,FLG_ESTADO) values ('7','4','1');
Insert into T_MAE_OPCION_ROL (ID_OPCION,ID_ROL,FLG_ESTADO) values ('1','5','1');
Insert into T_MAE_OPCION_ROL (ID_OPCION,ID_ROL,FLG_ESTADO) values ('2','5','1');
Insert into T_MAE_OPCION_ROL (ID_OPCION,ID_ROL,FLG_ESTADO) values ('3','5','1');
Insert into T_MAE_OPCION_ROL (ID_OPCION,ID_ROL,FLG_ESTADO) values ('4','5','1');
Insert into T_MAE_OPCION_ROL (ID_OPCION,ID_ROL,FLG_ESTADO) values ('5','5','1');
Insert into T_MAE_OPCION_ROL (ID_OPCION,ID_ROL,FLG_ESTADO) values ('7','5','1');
REM INSERTING into T_MAE_PAGINA
SET DEFINE OFF;
REM INSERTING into T_MAE_PLAZO
SET DEFINE OFF;
REM INSERTING into T_MAE_ROL
SET DEFINE OFF;
Insert into T_MAE_ROL (ID_ROL,DESCRIPCION_ROL,FLG_ESTADO) values ('1','ADMINISTRADO','1');
Insert into T_MAE_ROL (ID_ROL,DESCRIPCION_ROL,FLG_ESTADO) values ('2','ESPECIALISTA MRV','1');
Insert into T_MAE_ROL (ID_ROL,DESCRIPCION_ROL,FLG_ESTADO) values ('3','ADMINISTRADOR MINEM','1');
Insert into T_MAE_ROL (ID_ROL,DESCRIPCION_ROL,FLG_ESTADO) values ('4','EVALUADOR MINAM','1');
Insert into T_MAE_ROL (ID_ROL,DESCRIPCION_ROL,FLG_ESTADO) values ('5','VERIFICADOR','1');
Insert into T_MAE_ROL (ID_ROL,DESCRIPCION_ROL,FLG_ESTADO) values ('6','VISITANTE','1');
REM INSERTING into T_MAE_SECTOR_INST
SET DEFINE OFF;
Insert into T_MAE_SECTOR_INST (ID_SECTOR_INST,DESCRIPCION,FLAG_ESTADO) values ('1','SECTOR PUBLICO','1');
Insert into T_MAE_SECTOR_INST (ID_SECTOR_INST,DESCRIPCION,FLAG_ESTADO) values ('2','SECTOR PRIVADO','1');
REM INSERTING into T_MAE_TERMINOS
SET DEFINE OFF;
Insert into T_MAE_TERMINOS (ID_TERMINOS,ID_ROL,CONDICIONES_TERMINOS) values ('1','1','El Proyecto Acciones Nacionales Apropiadas de Mitigacin de energa (NAMA por sus siglas en ingls) en los sectores de generacin de energa y su uso final en el Per promueve acciones de sostenibilidad para alcanzar reducciones en emisiones de gases de efecto invernadero (GEI) como parte de los compromisos internacionales asumido por Per dentro del marco de la Convencin de las Naciones Unidas sobre Cambio Climtico (CMNUCC o UNFCCC por sus siglas en ingls). 
En ese sentido, identificar y desarrollar iniciativas en el sector energa (por ejemplo, NAMAs) favorecern a la reduccin de emisiones de GEI y a su vez generarn beneficios sociales, ambientales y econmicos.  De otro lado nuestro pas, para el cumplimiento de sus compromisos, ha priorizado seis sectores para el diseo de iniciativas de reduccin de emisiones de GEI / captura de CO2, los cuales son: Energa, Transporte, Agricultura, Desechos, USCUSS (Uso de Suelo, Cambio de Uso de Suelo y Silvicultura) y Procesos Industriales. En ese sentido, el sector energtico (incluyendo transporte) es la segunda fuente de emisiones, despus de USCUSS, con el 26% de las emisiones totales de GEI del pas y llegando a aumentar 15% entre los aos 1994 y 2000 (SCNCC ) y 50% entre los aos 2000 y 2010 (FBUR ).  Por lo que, tenemos la gran responsabilidad de desarrollar NAMAs ambiciosas y efectivas para poder alcanzar el objetivo de las NDCs.  
En ese contexto, el Ministerio de Energa y Minas suscribi con el Programa de Naciones Unidas para el Desarrollo  PNUD, el Convenio para implementar el Proyecto Acciones Nacionales Apropiadas de Mitigacin (NAMA) en los sectores de generacin de energa y su uso final en el Per, cuyo financiamiento proviene del Fondo Mundial para el Medio Ambiente (GEF por su siglas en ingls), ms el apoyo y cofinanciamiento de PNUD, MINAM, MEF y MEM. 
Recayendo su implementacin en la Direccin General de Eficiencia Energtica quien deber liderar, disear, desarrollar, gestionar y coordinar cuatro (04) NAMAs de energa con sus respectivos sistemas de Monitoreo, Reporte, y Verificacin (MRV), como producto de este proyecto. En ese sentido desde abril del 2016, el Proyecto inici el proceso de diseo conceptual de los mismos enfocndose en maximizar los beneficios sociales, ambientales y econmicos para el pas.  Por tal motivo, se ha elegido desarrollar las siguientes NAMAs a desarrollarse desde 2016 hasta 2020:
1.	NAMA #1 (Eficiencia Energtica): Mejoras en Eficiencia Energtica en los sectores pblicos y privadas;  
2.	NAMA #2 (RER Conectado): La promocin de las RER en sistemas interconectados; 
3.	NAMA #3 (RER Acceso Universal): Promocin del Acceso Universal a la Energa Sostenible; y
4.	NAMA #4 (Transporte Elctrico): Promocin de eficiencia energtica en el sector transporte con la promocin de transporte elctrico.  
');
REM INSERTING into T_MAE_TIPO_BAU_COCCION
SET DEFINE OFF;
Insert into T_MAE_TIPO_BAU_COCCION (ID_TIPO_BAU_COCCION,DESCRIPCION) values ('1','Tres Piedras');
REM INSERTING into T_MAE_TIPO_COMBUSTIBLE
SET DEFINE OFF;
Insert into T_MAE_TIPO_COMBUSTIBLE (ID_TIPO_COMBUSTIBLE,DESCRIPCION) values ('1','GNV');
Insert into T_MAE_TIPO_COMBUSTIBLE (ID_TIPO_COMBUSTIBLE,DESCRIPCION) values ('2','GLP');
Insert into T_MAE_TIPO_COMBUSTIBLE (ID_TIPO_COMBUSTIBLE,DESCRIPCION) values ('3','Gasolina');
Insert into T_MAE_TIPO_COMBUSTIBLE (ID_TIPO_COMBUSTIBLE,DESCRIPCION) values ('4','Diesel');
REM INSERTING into T_MAE_TIPO_FUENTE
SET DEFINE OFF;
Insert into T_MAE_TIPO_FUENTE (ID_TIPO_FUENTE,DESCRIPCION) values ('1','ELECTRICO');
Insert into T_MAE_TIPO_FUENTE (ID_TIPO_FUENTE,DESCRIPCION) values ('1','HIBRIDO');
Insert into T_MAE_TIPO_FUENTE (ID_TIPO_FUENTE,DESCRIPCION) values ('1','HIDROGENO');
REM INSERTING into T_MAE_TIPO_MIT_COCCION
SET DEFINE OFF;
REM INSERTING into T_MAE_TIPO_OPCION
SET DEFINE OFF;
Insert into T_MAE_TIPO_OPCION (ID_TIPO_OPCION,DES_TIPO_OPCION,SIGLA) values ('1','TIPO 1','T1 ');
Insert into T_MAE_TIPO_OPCION (ID_TIPO_OPCION,DES_TIPO_OPCION,SIGLA) values ('2','TIPO 2','T2 ');
REM INSERTING into T_MAE_TIPO_VEHICULO
SET DEFINE OFF;
Insert into T_MAE_TIPO_VEHICULO (ID_TIPO_VEHICULO,DESCRIPCION) values ('1','Automovil');
Insert into T_MAE_TIPO_VEHICULO (ID_TIPO_VEHICULO,DESCRIPCION) values ('2','Bus 9m');
Insert into T_MAE_TIPO_VEHICULO (ID_TIPO_VEHICULO,DESCRIPCION) values ('3','Bus 12m');
Insert into T_MAE_TIPO_VEHICULO (ID_TIPO_VEHICULO,DESCRIPCION) values ('4','Bus 18m');
Insert into T_MAE_TIPO_VEHICULO (ID_TIPO_VEHICULO,DESCRIPCION) values ('5','Mototaxi');
Insert into T_MAE_TIPO_VEHICULO (ID_TIPO_VEHICULO,DESCRIPCION) values ('6','Moto');
REM INSERTING into T_MAE_UBICACION
SET DEFINE OFF;
Insert into T_MAE_UBICACION (ID_UBICACION,DESCRIPCION,FLG_ESTADO) values ('1','AMAZONAS','1');
Insert into T_MAE_UBICACION (ID_UBICACION,DESCRIPCION,FLG_ESTADO) values ('2','ANCASH','1');
Insert into T_MAE_UBICACION (ID_UBICACION,DESCRIPCION,FLG_ESTADO) values ('3','APURIMAC','1');
Insert into T_MAE_UBICACION (ID_UBICACION,DESCRIPCION,FLG_ESTADO) values ('4','AREQUIPA','1');
Insert into T_MAE_UBICACION (ID_UBICACION,DESCRIPCION,FLG_ESTADO) values ('5','AYACUCHO','1');
Insert into T_MAE_UBICACION (ID_UBICACION,DESCRIPCION,FLG_ESTADO) values ('6','CAJAMARCA','1');
Insert into T_MAE_UBICACION (ID_UBICACION,DESCRIPCION,FLG_ESTADO) values ('7','CALLAO','1');
Insert into T_MAE_UBICACION (ID_UBICACION,DESCRIPCION,FLG_ESTADO) values ('8','CUSCO','1');
Insert into T_MAE_UBICACION (ID_UBICACION,DESCRIPCION,FLG_ESTADO) values ('9','HUANCAVELICA','1');
Insert into T_MAE_UBICACION (ID_UBICACION,DESCRIPCION,FLG_ESTADO) values ('10','HUANUCO','1');
Insert into T_MAE_UBICACION (ID_UBICACION,DESCRIPCION,FLG_ESTADO) values ('11','ICA','1');
Insert into T_MAE_UBICACION (ID_UBICACION,DESCRIPCION,FLG_ESTADO) values ('12','JUNIN','1');
Insert into T_MAE_UBICACION (ID_UBICACION,DESCRIPCION,FLG_ESTADO) values ('13','LA LIBERTAD','1');
Insert into T_MAE_UBICACION (ID_UBICACION,DESCRIPCION,FLG_ESTADO) values ('14','LAMBAYEQUE','1');
Insert into T_MAE_UBICACION (ID_UBICACION,DESCRIPCION,FLG_ESTADO) values ('15','LIMA','1');
Insert into T_MAE_UBICACION (ID_UBICACION,DESCRIPCION,FLG_ESTADO) values ('16','LORETO','1');
Insert into T_MAE_UBICACION (ID_UBICACION,DESCRIPCION,FLG_ESTADO) values ('17','MADRE DE DIOS','1');
Insert into T_MAE_UBICACION (ID_UBICACION,DESCRIPCION,FLG_ESTADO) values ('18','MOQUEGUA','1');
Insert into T_MAE_UBICACION (ID_UBICACION,DESCRIPCION,FLG_ESTADO) values ('19','PASCO','1');
Insert into T_MAE_UBICACION (ID_UBICACION,DESCRIPCION,FLG_ESTADO) values ('20','PIURA','1');
Insert into T_MAE_UBICACION (ID_UBICACION,DESCRIPCION,FLG_ESTADO) values ('21','PUNO','1');
Insert into T_MAE_UBICACION (ID_UBICACION,DESCRIPCION,FLG_ESTADO) values ('22','SAN MARTIN','1');
Insert into T_MAE_UBICACION (ID_UBICACION,DESCRIPCION,FLG_ESTADO) values ('23','TACNA','1');
Insert into T_MAE_UBICACION (ID_UBICACION,DESCRIPCION,FLG_ESTADO) values ('24','TUMBES','1');
Insert into T_MAE_UBICACION (ID_UBICACION,DESCRIPCION,FLG_ESTADO) values ('25','UCAYALI','1');
REM INSERTING into T_MAE_USUARIO_MEDMIT
SET DEFINE OFF;
Insert into T_MAE_USUARIO_MEDMIT (ID_USUARIO,ID_MEDMIT,FLG_ESTADO,USUARIO_REGISTRO,FECHA_REGISTRO,IP_REGISTRO,USUARIO_MODIFICA,FECHA_MODIFICA,IP_MODIFICA) values ('104','4','1','22',to_date('01/02/20','DD/MM/RR'),'10.0.0.107',null,null,null);
Insert into T_MAE_USUARIO_MEDMIT (ID_USUARIO,ID_MEDMIT,FLG_ESTADO,USUARIO_REGISTRO,FECHA_REGISTRO,IP_REGISTRO,USUARIO_MODIFICA,FECHA_MODIFICA,IP_MODIFICA) values ('124','8','1','22',to_date('01/02/20','DD/MM/RR'),'10.0.0.107',null,null,null);
Insert into T_MAE_USUARIO_MEDMIT (ID_USUARIO,ID_MEDMIT,FLG_ESTADO,USUARIO_REGISTRO,FECHA_REGISTRO,IP_REGISTRO,USUARIO_MODIFICA,FECHA_MODIFICA,IP_MODIFICA) values ('81','12','1','22',to_date('29/01/20','DD/MM/RR'),'10.0.0.103','22',to_date('29/01/20','DD/MM/RR'),'10.0.0.103');
REM INSERTING into T_MAE_USUARIO_ROL
SET DEFINE OFF;
Insert into T_MAE_USUARIO_ROL (ID_USUARIO,ID_ROL,FLG_ESTADO,DES_COMENTARIO) values ('121','1','1',null);
Insert into T_MAE_USUARIO_ROL (ID_USUARIO,ID_ROL,FLG_ESTADO,DES_COMENTARIO) values ('123','5','1',null);
Insert into T_MAE_USUARIO_ROL (ID_USUARIO,ID_ROL,FLG_ESTADO,DES_COMENTARIO) values ('122','4','1',null);
Insert into T_MAE_USUARIO_ROL (ID_USUARIO,ID_ROL,FLG_ESTADO,DES_COMENTARIO) values ('120','1','1',null);
Insert into T_MAE_USUARIO_ROL (ID_USUARIO,ID_ROL,FLG_ESTADO,DES_COMENTARIO) values ('124','2','1',null);
Insert into T_MAE_USUARIO_ROL (ID_USUARIO,ID_ROL,FLG_ESTADO,DES_COMENTARIO) values ('104','2','1',null);
Insert into T_MAE_USUARIO_ROL (ID_USUARIO,ID_ROL,FLG_ESTADO,DES_COMENTARIO) values ('100','1','1',null);
Insert into T_MAE_USUARIO_ROL (ID_USUARIO,ID_ROL,FLG_ESTADO,DES_COMENTARIO) values ('101','1','1',null);
Insert into T_MAE_USUARIO_ROL (ID_USUARIO,ID_ROL,FLG_ESTADO,DES_COMENTARIO) values ('103','1','1',null);
Insert into T_MAE_USUARIO_ROL (ID_USUARIO,ID_ROL,FLG_ESTADO,DES_COMENTARIO) values ('106','1','1',null);
Insert into T_MAE_USUARIO_ROL (ID_USUARIO,ID_ROL,FLG_ESTADO,DES_COMENTARIO) values ('107','4','1',null);
Insert into T_MAE_USUARIO_ROL (ID_USUARIO,ID_ROL,FLG_ESTADO,DES_COMENTARIO) values ('1','4','1',null);
Insert into T_MAE_USUARIO_ROL (ID_USUARIO,ID_ROL,FLG_ESTADO,DES_COMENTARIO) values ('105','1','1',null);
Insert into T_MAE_USUARIO_ROL (ID_USUARIO,ID_ROL,FLG_ESTADO,DES_COMENTARIO) values ('22','3','1',null);
Insert into T_MAE_USUARIO_ROL (ID_USUARIO,ID_ROL,FLG_ESTADO,DES_COMENTARIO) values ('45','5','1',null);
Insert into T_MAE_USUARIO_ROL (ID_USUARIO,ID_ROL,FLG_ESTADO,DES_COMENTARIO) values ('81','2','1',null);
Insert into T_MAE_USUARIO_ROL (ID_USUARIO,ID_ROL,FLG_ESTADO,DES_COMENTARIO) values ('102','1','1',null);
