--------------------------------------------------------
-- Archivo creado  - jueves-febrero-20-2020   
--------------------------------------------------------
REM INSERTING into MRVMM.T_GEND_ARCHIVO
SET DEFINE OFF;
REM INSERTING into MRVMM.T_GEND_DETALLE_INICIATIVA
SET DEFINE OFF;
Insert into MRVMM.T_GEND_DETALLE_INICIATIVA (ID_DETALLE_INICIATIVA,ID_INICIATIVA,ID_REMITENTE,ID_DESTINO,DESC_INICIATIVA,ID_ETAPA,ID_ESTADO,OBSERVACIONES,FECHA_DERIVACION,FECHA_RECEPCION) values ('786','312','123',null,null,'7','3',null,to_date('13/02/20','DD/MM/RR'),null);
Insert into MRVMM.T_GEND_DETALLE_INICIATIVA (ID_DETALLE_INICIATIVA,ID_INICIATIVA,ID_REMITENTE,ID_DESTINO,DESC_INICIATIVA,ID_ETAPA,ID_ESTADO,OBSERVACIONES,FECHA_DERIVACION,FECHA_RECEPCION) values ('787','341','105','81','REGISTRO INICIATIVA','1','1',null,to_date('13/02/20','DD/MM/RR'),null);
Insert into MRVMM.T_GEND_DETALLE_INICIATIVA (ID_DETALLE_INICIATIVA,ID_INICIATIVA,ID_REMITENTE,ID_DESTINO,DESC_INICIATIVA,ID_ETAPA,ID_ESTADO,OBSERVACIONES,FECHA_DERIVACION,FECHA_RECEPCION) values ('788','341','81',null,null,'2','3',null,to_date('13/02/20','DD/MM/RR'),null);
Insert into MRVMM.T_GEND_DETALLE_INICIATIVA (ID_DETALLE_INICIATIVA,ID_INICIATIVA,ID_REMITENTE,ID_DESTINO,DESC_INICIATIVA,ID_ETAPA,ID_ESTADO,OBSERVACIONES,FECHA_DERIVACION,FECHA_RECEPCION) values ('789','341','105',null,'REGISTRAR DETALLE INDICADOR','3','1',null,to_date('13/02/20','DD/MM/RR'),null);
Insert into MRVMM.T_GEND_DETALLE_INICIATIVA (ID_DETALLE_INICIATIVA,ID_INICIATIVA,ID_REMITENTE,ID_DESTINO,DESC_INICIATIVA,ID_ETAPA,ID_ESTADO,OBSERVACIONES,FECHA_DERIVACION,FECHA_RECEPCION) values ('790','341','81',null,null,'4','3',null,to_date('13/02/20','DD/MM/RR'),null);
Insert into MRVMM.T_GEND_DETALLE_INICIATIVA (ID_DETALLE_INICIATIVA,ID_INICIATIVA,ID_REMITENTE,ID_DESTINO,DESC_INICIATIVA,ID_ETAPA,ID_ESTADO,OBSERVACIONES,FECHA_DERIVACION,FECHA_RECEPCION) values ('801','342','81',null,null,'4','3',null,to_date('14/02/20','DD/MM/RR'),null);
Insert into MRVMM.T_GEND_DETALLE_INICIATIVA (ID_DETALLE_INICIATIVA,ID_INICIATIVA,ID_REMITENTE,ID_DESTINO,DESC_INICIATIVA,ID_ETAPA,ID_ESTADO,OBSERVACIONES,FECHA_DERIVACION,FECHA_RECEPCION) values ('807','361','105','81','REGISTRO INICIATIVA','1','1',null,to_date('17/02/20','DD/MM/RR'),null);
Insert into MRVMM.T_GEND_DETALLE_INICIATIVA (ID_DETALLE_INICIATIVA,ID_INICIATIVA,ID_REMITENTE,ID_DESTINO,DESC_INICIATIVA,ID_ETAPA,ID_ESTADO,OBSERVACIONES,FECHA_DERIVACION,FECHA_RECEPCION) values ('808','362','105','81','REGISTRO INICIATIVA','1','1',null,to_date('17/02/20','DD/MM/RR'),null);
Insert into MRVMM.T_GEND_DETALLE_INICIATIVA (ID_DETALLE_INICIATIVA,ID_INICIATIVA,ID_REMITENTE,ID_DESTINO,DESC_INICIATIVA,ID_ETAPA,ID_ESTADO,OBSERVACIONES,FECHA_DERIVACION,FECHA_RECEPCION) values ('809','363','105','81','REGISTRO INICIATIVA','1','1',null,to_date('17/02/20','DD/MM/RR'),null);
Insert into MRVMM.T_GEND_DETALLE_INICIATIVA (ID_DETALLE_INICIATIVA,ID_INICIATIVA,ID_REMITENTE,ID_DESTINO,DESC_INICIATIVA,ID_ETAPA,ID_ESTADO,OBSERVACIONES,FECHA_DERIVACION,FECHA_RECEPCION) values ('810','364','105','81','REGISTRO INICIATIVA','1','1',null,to_date('17/02/20','DD/MM/RR'),null);
Insert into MRVMM.T_GEND_DETALLE_INICIATIVA (ID_DETALLE_INICIATIVA,ID_INICIATIVA,ID_REMITENTE,ID_DESTINO,DESC_INICIATIVA,ID_ETAPA,ID_ESTADO,OBSERVACIONES,FECHA_DERIVACION,FECHA_RECEPCION) values ('811','365','105','81','REGISTRO INICIATIVA','1','1',null,to_date('17/02/20','DD/MM/RR'),null);
Insert into MRVMM.T_GEND_DETALLE_INICIATIVA (ID_DETALLE_INICIATIVA,ID_INICIATIVA,ID_REMITENTE,ID_DESTINO,DESC_INICIATIVA,ID_ETAPA,ID_ESTADO,OBSERVACIONES,FECHA_DERIVACION,FECHA_RECEPCION) values ('812','366','105','81','REGISTRO INICIATIVA','1','1',null,to_date('17/02/20','DD/MM/RR'),null);
Insert into MRVMM.T_GEND_DETALLE_INICIATIVA (ID_DETALLE_INICIATIVA,ID_INICIATIVA,ID_REMITENTE,ID_DESTINO,DESC_INICIATIVA,ID_ETAPA,ID_ESTADO,OBSERVACIONES,FECHA_DERIVACION,FECHA_RECEPCION) values ('813','367','105','81','REGISTRO INICIATIVA','1','1',null,to_date('17/02/20','DD/MM/RR'),null);
Insert into MRVMM.T_GEND_DETALLE_INICIATIVA (ID_DETALLE_INICIATIVA,ID_INICIATIVA,ID_REMITENTE,ID_DESTINO,DESC_INICIATIVA,ID_ETAPA,ID_ESTADO,OBSERVACIONES,FECHA_DERIVACION,FECHA_RECEPCION) values ('814','368','105','81','REGISTRO INICIATIVA','1','1',null,to_date('17/02/20','DD/MM/RR'),null);
Insert into MRVMM.T_GEND_DETALLE_INICIATIVA (ID_DETALLE_INICIATIVA,ID_INICIATIVA,ID_REMITENTE,ID_DESTINO,DESC_INICIATIVA,ID_ETAPA,ID_ESTADO,OBSERVACIONES,FECHA_DERIVACION,FECHA_RECEPCION) values ('815','369','105','81','REGISTRO INICIATIVA','1','1',null,to_date('17/02/20','DD/MM/RR'),null);
Insert into MRVMM.T_GEND_DETALLE_INICIATIVA (ID_DETALLE_INICIATIVA,ID_INICIATIVA,ID_REMITENTE,ID_DESTINO,DESC_INICIATIVA,ID_ETAPA,ID_ESTADO,OBSERVACIONES,FECHA_DERIVACION,FECHA_RECEPCION) values ('816','370','105','81','REGISTRO INICIATIVA','1','1',null,to_date('17/02/20','DD/MM/RR'),null);
Insert into MRVMM.T_GEND_DETALLE_INICIATIVA (ID_DETALLE_INICIATIVA,ID_INICIATIVA,ID_REMITENTE,ID_DESTINO,DESC_INICIATIVA,ID_ETAPA,ID_ESTADO,OBSERVACIONES,FECHA_DERIVACION,FECHA_RECEPCION) values ('817','371','105','81','REGISTRO INICIATIVA','1','1',null,to_date('17/02/20','DD/MM/RR'),null);
Insert into MRVMM.T_GEND_DETALLE_INICIATIVA (ID_DETALLE_INICIATIVA,ID_INICIATIVA,ID_REMITENTE,ID_DESTINO,DESC_INICIATIVA,ID_ETAPA,ID_ESTADO,OBSERVACIONES,FECHA_DERIVACION,FECHA_RECEPCION) values ('857','383','105',null,'REGISTRAR DETALLE INDICADOR','3','1',null,to_date('20/02/20','DD/MM/RR'),null);
Insert into MRVMM.T_GEND_DETALLE_INICIATIVA (ID_DETALLE_INICIATIVA,ID_INICIATIVA,ID_REMITENTE,ID_DESTINO,DESC_INICIATIVA,ID_ETAPA,ID_ESTADO,OBSERVACIONES,FECHA_DERIVACION,FECHA_RECEPCION) values ('859','386','182','81','REGISTRO DE INICIATIVA','1','1',null,to_date('20/02/20','DD/MM/RR'),null);
Insert into MRVMM.T_GEND_DETALLE_INICIATIVA (ID_DETALLE_INICIATIVA,ID_INICIATIVA,ID_REMITENTE,ID_DESTINO,DESC_INICIATIVA,ID_ETAPA,ID_ESTADO,OBSERVACIONES,FECHA_DERIVACION,FECHA_RECEPCION) values ('860','376','81',null,null,'4','3',null,to_date('20/02/20','DD/MM/RR'),null);
Insert into MRVMM.T_GEND_DETALLE_INICIATIVA (ID_DETALLE_INICIATIVA,ID_INICIATIVA,ID_REMITENTE,ID_DESTINO,DESC_INICIATIVA,ID_ETAPA,ID_ESTADO,OBSERVACIONES,FECHA_DERIVACION,FECHA_RECEPCION) values ('864','386','81',null,null,'1','2',null,to_date('20/02/20','DD/MM/RR'),null);
Insert into MRVMM.T_GEND_DETALLE_INICIATIVA (ID_DETALLE_INICIATIVA,ID_INICIATIVA,ID_REMITENTE,ID_DESTINO,DESC_INICIATIVA,ID_ETAPA,ID_ESTADO,OBSERVACIONES,FECHA_DERIVACION,FECHA_RECEPCION) values ('868','386','81',null,null,'3','2',null,to_date('20/02/20','DD/MM/RR'),null);
Insert into MRVMM.T_GEND_DETALLE_INICIATIVA (ID_DETALLE_INICIATIVA,ID_INICIATIVA,ID_REMITENTE,ID_DESTINO,DESC_INICIATIVA,ID_ETAPA,ID_ESTADO,OBSERVACIONES,FECHA_DERIVACION,FECHA_RECEPCION) values ('795','344','105','81','REGISTRO INICIATIVA','1','1',null,to_date('13/02/20','DD/MM/RR'),null);
Insert into MRVMM.T_GEND_DETALLE_INICIATIVA (ID_DETALLE_INICIATIVA,ID_INICIATIVA,ID_REMITENTE,ID_DESTINO,DESC_INICIATIVA,ID_ETAPA,ID_ESTADO,OBSERVACIONES,FECHA_DERIVACION,FECHA_RECEPCION) values ('796','343','81',null,null,'2','3',null,to_date('13/02/20','DD/MM/RR'),null);
Insert into MRVMM.T_GEND_DETALLE_INICIATIVA (ID_DETALLE_INICIATIVA,ID_INICIATIVA,ID_REMITENTE,ID_DESTINO,DESC_INICIATIVA,ID_ETAPA,ID_ESTADO,OBSERVACIONES,FECHA_DERIVACION,FECHA_RECEPCION) values ('803','344','81',null,null,'2','3',null,to_date('14/02/20','DD/MM/RR'),null);
Insert into MRVMM.T_GEND_DETALLE_INICIATIVA (ID_DETALLE_INICIATIVA,ID_INICIATIVA,ID_REMITENTE,ID_DESTINO,DESC_INICIATIVA,ID_ETAPA,ID_ESTADO,OBSERVACIONES,FECHA_DERIVACION,FECHA_RECEPCION) values ('804','344','105',null,'REGISTRAR DETALLE INDICADOR','3','1',null,to_date('14/02/20','DD/MM/RR'),null);
Insert into MRVMM.T_GEND_DETALLE_INICIATIVA (ID_DETALLE_INICIATIVA,ID_INICIATIVA,ID_REMITENTE,ID_DESTINO,DESC_INICIATIVA,ID_ETAPA,ID_ESTADO,OBSERVACIONES,FECHA_DERIVACION,FECHA_RECEPCION) values ('850','382','181','81','REGISTRO INICIATIVA','1','1',null,to_date('20/02/20','DD/MM/RR'),null);
Insert into MRVMM.T_GEND_DETALLE_INICIATIVA (ID_DETALLE_INICIATIVA,ID_INICIATIVA,ID_REMITENTE,ID_DESTINO,DESC_INICIATIVA,ID_ETAPA,ID_ESTADO,OBSERVACIONES,FECHA_DERIVACION,FECHA_RECEPCION) values ('876','388','105','81','REGISTRO INICIATIVA','1','1',null,to_date('20/02/20','DD/MM/RR'),null);
Insert into MRVMM.T_GEND_DETALLE_INICIATIVA (ID_DETALLE_INICIATIVA,ID_INICIATIVA,ID_REMITENTE,ID_DESTINO,DESC_INICIATIVA,ID_ETAPA,ID_ESTADO,OBSERVACIONES,FECHA_DERIVACION,FECHA_RECEPCION) values ('877','388','81',null,null,'2','3',null,to_date('20/02/20','DD/MM/RR'),null);
Insert into MRVMM.T_GEND_DETALLE_INICIATIVA (ID_DETALLE_INICIATIVA,ID_INICIATIVA,ID_REMITENTE,ID_DESTINO,DESC_INICIATIVA,ID_ETAPA,ID_ESTADO,OBSERVACIONES,FECHA_DERIVACION,FECHA_RECEPCION) values ('793','342','0',null,'REGISTRAR DETALLE INDICADOR','3','1',null,to_date('13/02/20','DD/MM/RR'),null);
Insert into MRVMM.T_GEND_DETALLE_INICIATIVA (ID_DETALLE_INICIATIVA,ID_INICIATIVA,ID_REMITENTE,ID_DESTINO,DESC_INICIATIVA,ID_ETAPA,ID_ESTADO,OBSERVACIONES,FECHA_DERIVACION,FECHA_RECEPCION) values ('794','343','105','81','REGISTRO INICIATIVA','1','1',null,to_date('13/02/20','DD/MM/RR'),null);
Insert into MRVMM.T_GEND_DETALLE_INICIATIVA (ID_DETALLE_INICIATIVA,ID_INICIATIVA,ID_REMITENTE,ID_DESTINO,DESC_INICIATIVA,ID_ETAPA,ID_ESTADO,OBSERVACIONES,FECHA_DERIVACION,FECHA_RECEPCION) values ('806','341','122',null,null,'6','3',null,to_date('15/02/20','DD/MM/RR'),null);
Insert into MRVMM.T_GEND_DETALLE_INICIATIVA (ID_DETALLE_INICIATIVA,ID_INICIATIVA,ID_REMITENTE,ID_DESTINO,DESC_INICIATIVA,ID_ETAPA,ID_ESTADO,OBSERVACIONES,FECHA_DERIVACION,FECHA_RECEPCION) values ('839','373','122',null,null,'6','3',null,to_date('19/02/20','DD/MM/RR'),null);
Insert into MRVMM.T_GEND_DETALLE_INICIATIVA (ID_DETALLE_INICIATIVA,ID_INICIATIVA,ID_REMITENTE,ID_DESTINO,DESC_INICIATIVA,ID_ETAPA,ID_ESTADO,OBSERVACIONES,FECHA_DERIVACION,FECHA_RECEPCION) values ('840','373','123',null,null,'7','3',null,to_date('19/02/20','DD/MM/RR'),null);
Insert into MRVMM.T_GEND_DETALLE_INICIATIVA (ID_DETALLE_INICIATIVA,ID_INICIATIVA,ID_REMITENTE,ID_DESTINO,DESC_INICIATIVA,ID_ETAPA,ID_ESTADO,OBSERVACIONES,FECHA_DERIVACION,FECHA_RECEPCION) values ('802','343','105',null,'REGISTRAR DETALLE INDICADOR','3','1',null,to_date('14/02/20','DD/MM/RR'),null);
Insert into MRVMM.T_GEND_DETALLE_INICIATIVA (ID_DETALLE_INICIATIVA,ID_INICIATIVA,ID_REMITENTE,ID_DESTINO,DESC_INICIATIVA,ID_ETAPA,ID_ESTADO,OBSERVACIONES,FECHA_DERIVACION,FECHA_RECEPCION) values ('805','341','22',null,null,'5','3',null,to_date('15/02/20','DD/MM/RR'),null);
Insert into MRVMM.T_GEND_DETALLE_INICIATIVA (ID_DETALLE_INICIATIVA,ID_INICIATIVA,ID_REMITENTE,ID_DESTINO,DESC_INICIATIVA,ID_ETAPA,ID_ESTADO,OBSERVACIONES,FECHA_DERIVACION,FECHA_RECEPCION) values ('818','371','81',null,null,'2','3',null,to_date('17/02/20','DD/MM/RR'),null);
Insert into MRVMM.T_GEND_DETALLE_INICIATIVA (ID_DETALLE_INICIATIVA,ID_INICIATIVA,ID_REMITENTE,ID_DESTINO,DESC_INICIATIVA,ID_ETAPA,ID_ESTADO,OBSERVACIONES,FECHA_DERIVACION,FECHA_RECEPCION) values ('819','372','105','81','REGISTRO INICIATIVA','1','1',null,to_date('17/02/20','DD/MM/RR'),null);
Insert into MRVMM.T_GEND_DETALLE_INICIATIVA (ID_DETALLE_INICIATIVA,ID_INICIATIVA,ID_REMITENTE,ID_DESTINO,DESC_INICIATIVA,ID_ETAPA,ID_ESTADO,OBSERVACIONES,FECHA_DERIVACION,FECHA_RECEPCION) values ('820','372','81',null,null,'2','3',null,to_date('17/02/20','DD/MM/RR'),null);
Insert into MRVMM.T_GEND_DETALLE_INICIATIVA (ID_DETALLE_INICIATIVA,ID_INICIATIVA,ID_REMITENTE,ID_DESTINO,DESC_INICIATIVA,ID_ETAPA,ID_ESTADO,OBSERVACIONES,FECHA_DERIVACION,FECHA_RECEPCION) values ('821','373','105','81','REGISTRO INICIATIVA','1','1',null,to_date('17/02/20','DD/MM/RR'),null);
Insert into MRVMM.T_GEND_DETALLE_INICIATIVA (ID_DETALLE_INICIATIVA,ID_INICIATIVA,ID_REMITENTE,ID_DESTINO,DESC_INICIATIVA,ID_ETAPA,ID_ESTADO,OBSERVACIONES,FECHA_DERIVACION,FECHA_RECEPCION) values ('822','373','81',null,null,'2','3',null,to_date('17/02/20','DD/MM/RR'),null);
Insert into MRVMM.T_GEND_DETALLE_INICIATIVA (ID_DETALLE_INICIATIVA,ID_INICIATIVA,ID_REMITENTE,ID_DESTINO,DESC_INICIATIVA,ID_ETAPA,ID_ESTADO,OBSERVACIONES,FECHA_DERIVACION,FECHA_RECEPCION) values ('823','373','105',null,'REGISTRAR DETALLE INDICADOR','3','1',null,to_date('18/02/20','DD/MM/RR'),null);
Insert into MRVMM.T_GEND_DETALLE_INICIATIVA (ID_DETALLE_INICIATIVA,ID_INICIATIVA,ID_REMITENTE,ID_DESTINO,DESC_INICIATIVA,ID_ETAPA,ID_ESTADO,OBSERVACIONES,FECHA_DERIVACION,FECHA_RECEPCION) values ('824','373','81',null,null,'3','2',null,to_date('18/02/20','DD/MM/RR'),null);
Insert into MRVMM.T_GEND_DETALLE_INICIATIVA (ID_DETALLE_INICIATIVA,ID_INICIATIVA,ID_REMITENTE,ID_DESTINO,DESC_INICIATIVA,ID_ETAPA,ID_ESTADO,OBSERVACIONES,FECHA_DERIVACION,FECHA_RECEPCION) values ('825','374','105','81','REGISTRO INICIATIVA','1','1',null,to_date('18/02/20','DD/MM/RR'),null);
Insert into MRVMM.T_GEND_DETALLE_INICIATIVA (ID_DETALLE_INICIATIVA,ID_INICIATIVA,ID_REMITENTE,ID_DESTINO,DESC_INICIATIVA,ID_ETAPA,ID_ESTADO,OBSERVACIONES,FECHA_DERIVACION,FECHA_RECEPCION) values ('826','374','81',null,null,'2','3',null,to_date('18/02/20','DD/MM/RR'),null);
Insert into MRVMM.T_GEND_DETALLE_INICIATIVA (ID_DETALLE_INICIATIVA,ID_INICIATIVA,ID_REMITENTE,ID_DESTINO,DESC_INICIATIVA,ID_ETAPA,ID_ESTADO,OBSERVACIONES,FECHA_DERIVACION,FECHA_RECEPCION) values ('827','343','81',null,null,'3','2',null,to_date('18/02/20','DD/MM/RR'),null);
Insert into MRVMM.T_GEND_DETALLE_INICIATIVA (ID_DETALLE_INICIATIVA,ID_INICIATIVA,ID_REMITENTE,ID_DESTINO,DESC_INICIATIVA,ID_ETAPA,ID_ESTADO,OBSERVACIONES,FECHA_DERIVACION,FECHA_RECEPCION) values ('828','372','105',null,'GUARDAR AVANCE DETALLE','3','0',null,to_date('18/02/20','DD/MM/RR'),null);
Insert into MRVMM.T_GEND_DETALLE_INICIATIVA (ID_DETALLE_INICIATIVA,ID_INICIATIVA,ID_REMITENTE,ID_DESTINO,DESC_INICIATIVA,ID_ETAPA,ID_ESTADO,OBSERVACIONES,FECHA_DERIVACION,FECHA_RECEPCION) values ('829','372','105',null,'GUARDAR AVANCE DETALLE','3','0',null,to_date('18/02/20','DD/MM/RR'),null);
Insert into MRVMM.T_GEND_DETALLE_INICIATIVA (ID_DETALLE_INICIATIVA,ID_INICIATIVA,ID_REMITENTE,ID_DESTINO,DESC_INICIATIVA,ID_ETAPA,ID_ESTADO,OBSERVACIONES,FECHA_DERIVACION,FECHA_RECEPCION) values ('831','375','105','81','REGISTRO INICIATIVA','1','1',null,to_date('19/02/20','DD/MM/RR'),null);
Insert into MRVMM.T_GEND_DETALLE_INICIATIVA (ID_DETALLE_INICIATIVA,ID_INICIATIVA,ID_REMITENTE,ID_DESTINO,DESC_INICIATIVA,ID_ETAPA,ID_ESTADO,OBSERVACIONES,FECHA_DERIVACION,FECHA_RECEPCION) values ('832','375','104',null,null,'1','2',null,to_date('19/02/20','DD/MM/RR'),null);
Insert into MRVMM.T_GEND_DETALLE_INICIATIVA (ID_DETALLE_INICIATIVA,ID_INICIATIVA,ID_REMITENTE,ID_DESTINO,DESC_INICIATIVA,ID_ETAPA,ID_ESTADO,OBSERVACIONES,FECHA_DERIVACION,FECHA_RECEPCION) values ('834','368','104',null,null,'2','3',null,to_date('19/02/20','DD/MM/RR'),null);
Insert into MRVMM.T_GEND_DETALLE_INICIATIVA (ID_DETALLE_INICIATIVA,ID_INICIATIVA,ID_REMITENTE,ID_DESTINO,DESC_INICIATIVA,ID_ETAPA,ID_ESTADO,OBSERVACIONES,FECHA_DERIVACION,FECHA_RECEPCION) values ('835','373','104',null,null,'4','3',null,to_date('19/02/20','DD/MM/RR'),null);
Insert into MRVMM.T_GEND_DETALLE_INICIATIVA (ID_DETALLE_INICIATIVA,ID_INICIATIVA,ID_REMITENTE,ID_DESTINO,DESC_INICIATIVA,ID_ETAPA,ID_ESTADO,OBSERVACIONES,FECHA_DERIVACION,FECHA_RECEPCION) values ('836','373','104',null,null,'2','3',null,to_date('19/02/20','DD/MM/RR'),null);
Insert into MRVMM.T_GEND_DETALLE_INICIATIVA (ID_DETALLE_INICIATIVA,ID_INICIATIVA,ID_REMITENTE,ID_DESTINO,DESC_INICIATIVA,ID_ETAPA,ID_ESTADO,OBSERVACIONES,FECHA_DERIVACION,FECHA_RECEPCION) values ('837','372','104',null,null,'2','3',null,to_date('19/02/20','DD/MM/RR'),null);
Insert into MRVMM.T_GEND_DETALLE_INICIATIVA (ID_DETALLE_INICIATIVA,ID_INICIATIVA,ID_REMITENTE,ID_DESTINO,DESC_INICIATIVA,ID_ETAPA,ID_ESTADO,OBSERVACIONES,FECHA_DERIVACION,FECHA_RECEPCION) values ('838','373','22',null,null,'5','3',null,to_date('19/02/20','DD/MM/RR'),null);
Insert into MRVMM.T_GEND_DETALLE_INICIATIVA (ID_DETALLE_INICIATIVA,ID_INICIATIVA,ID_REMITENTE,ID_DESTINO,DESC_INICIATIVA,ID_ETAPA,ID_ESTADO,OBSERVACIONES,FECHA_DERIVACION,FECHA_RECEPCION) values ('846','370','81',null,null,'2','3',null,to_date('19/02/20','DD/MM/RR'),null);
Insert into MRVMM.T_GEND_DETALLE_INICIATIVA (ID_DETALLE_INICIATIVA,ID_INICIATIVA,ID_REMITENTE,ID_DESTINO,DESC_INICIATIVA,ID_ETAPA,ID_ESTADO,OBSERVACIONES,FECHA_DERIVACION,FECHA_RECEPCION) values ('847','379','105','81','REGISTRO INICIATIVA','1','1',null,to_date('20/02/20','DD/MM/RR'),null);
Insert into MRVMM.T_GEND_DETALLE_INICIATIVA (ID_DETALLE_INICIATIVA,ID_INICIATIVA,ID_REMITENTE,ID_DESTINO,DESC_INICIATIVA,ID_ETAPA,ID_ESTADO,OBSERVACIONES,FECHA_DERIVACION,FECHA_RECEPCION) values ('848','380','180','81','REGISTRO INICIATIVA','1','1',null,to_date('20/02/20','DD/MM/RR'),null);
Insert into MRVMM.T_GEND_DETALLE_INICIATIVA (ID_DETALLE_INICIATIVA,ID_INICIATIVA,ID_REMITENTE,ID_DESTINO,DESC_INICIATIVA,ID_ETAPA,ID_ESTADO,OBSERVACIONES,FECHA_DERIVACION,FECHA_RECEPCION) values ('849','381','180','81','REGISTRO INICIATIVA','1','1',null,to_date('20/02/20','DD/MM/RR'),null);
Insert into MRVMM.T_GEND_DETALLE_INICIATIVA (ID_DETALLE_INICIATIVA,ID_INICIATIVA,ID_REMITENTE,ID_DESTINO,DESC_INICIATIVA,ID_ETAPA,ID_ESTADO,OBSERVACIONES,FECHA_DERIVACION,FECHA_RECEPCION) values ('852','376','105',null,'REGISTRAR DETALLE INDICADOR','3','1',null,to_date('20/02/20','DD/MM/RR'),null);
Insert into MRVMM.T_GEND_DETALLE_INICIATIVA (ID_DETALLE_INICIATIVA,ID_INICIATIVA,ID_REMITENTE,ID_DESTINO,DESC_INICIATIVA,ID_ETAPA,ID_ESTADO,OBSERVACIONES,FECHA_DERIVACION,FECHA_RECEPCION) values ('853','383','105','81','REGISTRO INICIATIVA','1','1',null,to_date('20/02/20','DD/MM/RR'),null);
Insert into MRVMM.T_GEND_DETALLE_INICIATIVA (ID_DETALLE_INICIATIVA,ID_INICIATIVA,ID_REMITENTE,ID_DESTINO,DESC_INICIATIVA,ID_ETAPA,ID_ESTADO,OBSERVACIONES,FECHA_DERIVACION,FECHA_RECEPCION) values ('854','383','81',null,null,'2','3',null,to_date('20/02/20','DD/MM/RR'),null);
Insert into MRVMM.T_GEND_DETALLE_INICIATIVA (ID_DETALLE_INICIATIVA,ID_INICIATIVA,ID_REMITENTE,ID_DESTINO,DESC_INICIATIVA,ID_ETAPA,ID_ESTADO,OBSERVACIONES,FECHA_DERIVACION,FECHA_RECEPCION) values ('855','386','182','81','REGISTRO INICIATIVA','1','1',null,to_date('20/02/20','DD/MM/RR'),null);
Insert into MRVMM.T_GEND_DETALLE_INICIATIVA (ID_DETALLE_INICIATIVA,ID_INICIATIVA,ID_REMITENTE,ID_DESTINO,DESC_INICIATIVA,ID_ETAPA,ID_ESTADO,OBSERVACIONES,FECHA_DERIVACION,FECHA_RECEPCION) values ('856','386','81',null,null,'1','2',null,to_date('20/02/20','DD/MM/RR'),null);
Insert into MRVMM.T_GEND_DETALLE_INICIATIVA (ID_DETALLE_INICIATIVA,ID_INICIATIVA,ID_REMITENTE,ID_DESTINO,DESC_INICIATIVA,ID_ETAPA,ID_ESTADO,OBSERVACIONES,FECHA_DERIVACION,FECHA_RECEPCION) values ('865','386','182','81','REGISTRO DE INICIATIVA','1','1',null,to_date('20/02/20','DD/MM/RR'),null);
Insert into MRVMM.T_GEND_DETALLE_INICIATIVA (ID_DETALLE_INICIATIVA,ID_INICIATIVA,ID_REMITENTE,ID_DESTINO,DESC_INICIATIVA,ID_ETAPA,ID_ESTADO,OBSERVACIONES,FECHA_DERIVACION,FECHA_RECEPCION) values ('866','386','81',null,null,'2','3',null,to_date('20/02/20','DD/MM/RR'),null);
Insert into MRVMM.T_GEND_DETALLE_INICIATIVA (ID_DETALLE_INICIATIVA,ID_INICIATIVA,ID_REMITENTE,ID_DESTINO,DESC_INICIATIVA,ID_ETAPA,ID_ESTADO,OBSERVACIONES,FECHA_DERIVACION,FECHA_RECEPCION) values ('867','386','182',null,'REGISTRAR DETALLE INDICADOR','3','1',null,to_date('20/02/20','DD/MM/RR'),null);
Insert into MRVMM.T_GEND_DETALLE_INICIATIVA (ID_DETALLE_INICIATIVA,ID_INICIATIVA,ID_REMITENTE,ID_DESTINO,DESC_INICIATIVA,ID_ETAPA,ID_ESTADO,OBSERVACIONES,FECHA_DERIVACION,FECHA_RECEPCION) values ('870','386','81',null,null,'4','3',null,to_date('20/02/20','DD/MM/RR'),null);
Insert into MRVMM.T_GEND_DETALLE_INICIATIVA (ID_DETALLE_INICIATIVA,ID_INICIATIVA,ID_REMITENTE,ID_DESTINO,DESC_INICIATIVA,ID_ETAPA,ID_ESTADO,OBSERVACIONES,FECHA_DERIVACION,FECHA_RECEPCION) values ('871','387','105','81','REGISTRO INICIATIVA','1','1',null,to_date('20/02/20','DD/MM/RR'),null);
Insert into MRVMM.T_GEND_DETALLE_INICIATIVA (ID_DETALLE_INICIATIVA,ID_INICIATIVA,ID_REMITENTE,ID_DESTINO,DESC_INICIATIVA,ID_ETAPA,ID_ESTADO,OBSERVACIONES,FECHA_DERIVACION,FECHA_RECEPCION) values ('872','387','104',null,null,'2','3',null,to_date('20/02/20','DD/MM/RR'),null);
Insert into MRVMM.T_GEND_DETALLE_INICIATIVA (ID_DETALLE_INICIATIVA,ID_INICIATIVA,ID_REMITENTE,ID_DESTINO,DESC_INICIATIVA,ID_ETAPA,ID_ESTADO,OBSERVACIONES,FECHA_DERIVACION,FECHA_RECEPCION) values ('873','380','81',null,null,'2','3',null,to_date('20/02/20','DD/MM/RR'),null);
Insert into MRVMM.T_GEND_DETALLE_INICIATIVA (ID_DETALLE_INICIATIVA,ID_INICIATIVA,ID_REMITENTE,ID_DESTINO,DESC_INICIATIVA,ID_ETAPA,ID_ESTADO,OBSERVACIONES,FECHA_DERIVACION,FECHA_RECEPCION) values ('874','386','22',null,null,'5','3',null,to_date('20/02/20','DD/MM/RR'),null);
Insert into MRVMM.T_GEND_DETALLE_INICIATIVA (ID_DETALLE_INICIATIVA,ID_INICIATIVA,ID_REMITENTE,ID_DESTINO,DESC_INICIATIVA,ID_ETAPA,ID_ESTADO,OBSERVACIONES,FECHA_DERIVACION,FECHA_RECEPCION) values ('875','386','122',null,null,'6','3',null,to_date('20/02/20','DD/MM/RR'),null);
Insert into MRVMM.T_GEND_DETALLE_INICIATIVA (ID_DETALLE_INICIATIVA,ID_INICIATIVA,ID_REMITENTE,ID_DESTINO,DESC_INICIATIVA,ID_ETAPA,ID_ESTADO,OBSERVACIONES,FECHA_DERIVACION,FECHA_RECEPCION) values ('792','342','81',null,null,'2','3',null,to_date('13/02/20','DD/MM/RR'),null);
Insert into MRVMM.T_GEND_DETALLE_INICIATIVA (ID_DETALLE_INICIATIVA,ID_INICIATIVA,ID_REMITENTE,ID_DESTINO,DESC_INICIATIVA,ID_ETAPA,ID_ESTADO,OBSERVACIONES,FECHA_DERIVACION,FECHA_RECEPCION) values ('830','373','105',null,'GUARDAR AVANCE DETALLE OBSERVACION','3','6',null,to_date('18/02/20','DD/MM/RR'),null);
Insert into MRVMM.T_GEND_DETALLE_INICIATIVA (ID_DETALLE_INICIATIVA,ID_INICIATIVA,ID_REMITENTE,ID_DESTINO,DESC_INICIATIVA,ID_ETAPA,ID_ESTADO,OBSERVACIONES,FECHA_DERIVACION,FECHA_RECEPCION) values ('833','341','123',null,null,'7','3',null,to_date('19/02/20','DD/MM/RR'),null);
Insert into MRVMM.T_GEND_DETALLE_INICIATIVA (ID_DETALLE_INICIATIVA,ID_INICIATIVA,ID_REMITENTE,ID_DESTINO,DESC_INICIATIVA,ID_ETAPA,ID_ESTADO,OBSERVACIONES,FECHA_DERIVACION,FECHA_RECEPCION) values ('841','342','22',null,null,'8','3',null,to_date('19/02/20','DD/MM/RR'),null);
Insert into MRVMM.T_GEND_DETALLE_INICIATIVA (ID_DETALLE_INICIATIVA,ID_INICIATIVA,ID_REMITENTE,ID_DESTINO,DESC_INICIATIVA,ID_ETAPA,ID_ESTADO,OBSERVACIONES,FECHA_DERIVACION,FECHA_RECEPCION) values ('842','342','123',null,null,'8','2',null,to_date('19/02/20','DD/MM/RR'),null);
Insert into MRVMM.T_GEND_DETALLE_INICIATIVA (ID_DETALLE_INICIATIVA,ID_INICIATIVA,ID_REMITENTE,ID_DESTINO,DESC_INICIATIVA,ID_ETAPA,ID_ESTADO,OBSERVACIONES,FECHA_DERIVACION,FECHA_RECEPCION) values ('843','342','22',null,null,'5','3',null,to_date('19/02/20','DD/MM/RR'),null);
Insert into MRVMM.T_GEND_DETALLE_INICIATIVA (ID_DETALLE_INICIATIVA,ID_INICIATIVA,ID_REMITENTE,ID_DESTINO,DESC_INICIATIVA,ID_ETAPA,ID_ESTADO,OBSERVACIONES,FECHA_DERIVACION,FECHA_RECEPCION) values ('844','376','105','81','REGISTRO INICIATIVA','1','1',null,to_date('19/02/20','DD/MM/RR'),null);
Insert into MRVMM.T_GEND_DETALLE_INICIATIVA (ID_DETALLE_INICIATIVA,ID_INICIATIVA,ID_REMITENTE,ID_DESTINO,DESC_INICIATIVA,ID_ETAPA,ID_ESTADO,OBSERVACIONES,FECHA_DERIVACION,FECHA_RECEPCION) values ('845','376','81',null,null,'2','3',null,to_date('19/02/20','DD/MM/RR'),null);
Insert into MRVMM.T_GEND_DETALLE_INICIATIVA (ID_DETALLE_INICIATIVA,ID_INICIATIVA,ID_REMITENTE,ID_DESTINO,DESC_INICIATIVA,ID_ETAPA,ID_ESTADO,OBSERVACIONES,FECHA_DERIVACION,FECHA_RECEPCION) values ('851','382','104',null,null,'1','2',null,to_date('20/02/20','DD/MM/RR'),null);
Insert into MRVMM.T_GEND_DETALLE_INICIATIVA (ID_DETALLE_INICIATIVA,ID_INICIATIVA,ID_REMITENTE,ID_DESTINO,DESC_INICIATIVA,ID_ETAPA,ID_ESTADO,OBSERVACIONES,FECHA_DERIVACION,FECHA_RECEPCION) values ('858','383','81',null,null,'4','3',null,to_date('20/02/20','DD/MM/RR'),null);
Insert into MRVMM.T_GEND_DETALLE_INICIATIVA (ID_DETALLE_INICIATIVA,ID_INICIATIVA,ID_REMITENTE,ID_DESTINO,DESC_INICIATIVA,ID_ETAPA,ID_ESTADO,OBSERVACIONES,FECHA_DERIVACION,FECHA_RECEPCION) values ('861','344','104',null,null,'4','3',null,to_date('20/02/20','DD/MM/RR'),null);
Insert into MRVMM.T_GEND_DETALLE_INICIATIVA (ID_DETALLE_INICIATIVA,ID_INICIATIVA,ID_REMITENTE,ID_DESTINO,DESC_INICIATIVA,ID_ETAPA,ID_ESTADO,OBSERVACIONES,FECHA_DERIVACION,FECHA_RECEPCION) values ('862','383','22',null,null,'5','3',null,to_date('20/02/20','DD/MM/RR'),null);
Insert into MRVMM.T_GEND_DETALLE_INICIATIVA (ID_DETALLE_INICIATIVA,ID_INICIATIVA,ID_REMITENTE,ID_DESTINO,DESC_INICIATIVA,ID_ETAPA,ID_ESTADO,OBSERVACIONES,FECHA_DERIVACION,FECHA_RECEPCION) values ('863','376','22',null,null,'8','3',null,to_date('20/02/20','DD/MM/RR'),null);
Insert into MRVMM.T_GEND_DETALLE_INICIATIVA (ID_DETALLE_INICIATIVA,ID_INICIATIVA,ID_REMITENTE,ID_DESTINO,DESC_INICIATIVA,ID_ETAPA,ID_ESTADO,OBSERVACIONES,FECHA_DERIVACION,FECHA_RECEPCION) values ('869','386','182',null,null,'3','5',null,to_date('20/02/20','DD/MM/RR'),null);
Insert into MRVMM.T_GEND_DETALLE_INICIATIVA (ID_DETALLE_INICIATIVA,ID_INICIATIVA,ID_REMITENTE,ID_DESTINO,DESC_INICIATIVA,ID_ETAPA,ID_ESTADO,OBSERVACIONES,FECHA_DERIVACION,FECHA_RECEPCION) values ('791','342','105','81','REGISTRO INICIATIVA','1','1',null,to_date('13/02/20','DD/MM/RR'),null);
REM INSERTING into MRVMM.T_GEND_ENFOQUE_FACTOR
SET DEFINE OFF;
Insert into MRVMM.T_GEND_ENFOQUE_FACTOR (ID_ENFOQUE_FACTOR,ID_ENFOQUE,ID_FACTOR,FLAG_ESTADO,ORDEN) values ('1','1','1','1',null);
Insert into MRVMM.T_GEND_ENFOQUE_FACTOR (ID_ENFOQUE_FACTOR,ID_ENFOQUE,ID_FACTOR,FLAG_ESTADO,ORDEN) values ('2','2','2','1',null);
Insert into MRVMM.T_GEND_ENFOQUE_FACTOR (ID_ENFOQUE_FACTOR,ID_ENFOQUE,ID_FACTOR,FLAG_ESTADO,ORDEN) values ('3','2','3','1',null);
REM INSERTING into MRVMM.T_GEND_ENFOQUE_VARIABLE
SET DEFINE OFF;
Insert into MRVMM.T_GEND_ENFOQUE_VARIABLE (ID_ENFOQUE_VARIABLE,ID_ENFOQUE,ID_VARIABLE,FLAG_ESTADO,ORDEN) values ('1','1','1','1','3');
Insert into MRVMM.T_GEND_ENFOQUE_VARIABLE (ID_ENFOQUE_VARIABLE,ID_ENFOQUE,ID_VARIABLE,FLAG_ESTADO,ORDEN) values ('2','1','2','1','4');
Insert into MRVMM.T_GEND_ENFOQUE_VARIABLE (ID_ENFOQUE_VARIABLE,ID_ENFOQUE,ID_VARIABLE,FLAG_ESTADO,ORDEN) values ('3','2','3','1','3');
REM INSERTING into MRVMM.T_GEND_ENFOQUE_VARIANTE
SET DEFINE OFF;
Insert into MRVMM.T_GEND_ENFOQUE_VARIANTE (ID_ENFOQUE_VARIANTE,ID_ENFOQUE,ID_VARIANTE,FLAG_ESTADO,ORDEN) values ('1','1','1','1','1');
Insert into MRVMM.T_GEND_ENFOQUE_VARIANTE (ID_ENFOQUE_VARIANTE,ID_ENFOQUE,ID_VARIANTE,FLAG_ESTADO,ORDEN) values ('2','1','2','1','2');
Insert into MRVMM.T_GEND_ENFOQUE_VARIANTE (ID_ENFOQUE_VARIANTE,ID_ENFOQUE,ID_VARIANTE,FLAG_ESTADO,ORDEN) values ('3','1','3','1','5');
Insert into MRVMM.T_GEND_ENFOQUE_VARIANTE (ID_ENFOQUE_VARIANTE,ID_ENFOQUE,ID_VARIANTE,FLAG_ESTADO,ORDEN) values ('4','2','1','1','1');
Insert into MRVMM.T_GEND_ENFOQUE_VARIANTE (ID_ENFOQUE_VARIANTE,ID_ENFOQUE,ID_VARIANTE,FLAG_ESTADO,ORDEN) values ('5','2','2','1','2');
Insert into MRVMM.T_GEND_ENFOQUE_VARIANTE (ID_ENFOQUE_VARIANTE,ID_ENFOQUE,ID_VARIANTE,FLAG_ESTADO,ORDEN) values ('6','2','3','1','5');
REM INSERTING into MRVMM.T_GEND_FACTOR_VALOR
SET DEFINE OFF;
REM INSERTING into MRVMM.T_GEND_INDICADOR
SET DEFINE OFF;
Insert into MRVMM.T_GEND_INDICADOR (ID_INDICADOR,ID_INICIATIVA,ID_MEDMIT,ANNO_BASE,ID_TIPO_VEHICULO_BASE,ID_TIPO_COMBUSTIBLE_BASE,KRV_BASE,CANT_BASE,TOTAL_GEI_BASE,ANNO_INIMIT,ID_TIPO_VEHICULO_INIMIT,ID_TIPO_FUENTE_INIMIT,KRV_INIMIT,CANT_INIMIT,TOTAL_GEI_INIMIT,TOTAL_GEI_REDUCIDO,ID_ADJUNTO,FLG_ESTADO,FECHA_REGISTRO,ID_ETAPA,F_RENDIMIENTO,ADJUNTO,ADJUNTO_BASE,FECHA_INICIO,CONSUMO_ELECTRICIDAD,CONSUMO_COMBUSTIBLE,KRV_COMBUSTIBLE,ID_ENFOQUE,PLACA) values ('361','341',null,'2019','1','3','34184','1','6,11','2019','1','1','34184','1','1,44','4,66',null,'1',null,null,'0,25',null,null,to_date('20/07/19','DD/MM/RR'),'0','0','0','1','BCD-623');
Insert into MRVMM.T_GEND_INDICADOR (ID_INDICADOR,ID_INICIATIVA,ID_MEDMIT,ANNO_BASE,ID_TIPO_VEHICULO_BASE,ID_TIPO_COMBUSTIBLE_BASE,KRV_BASE,CANT_BASE,TOTAL_GEI_BASE,ANNO_INIMIT,ID_TIPO_VEHICULO_INIMIT,ID_TIPO_FUENTE_INIMIT,KRV_INIMIT,CANT_INIMIT,TOTAL_GEI_INIMIT,TOTAL_GEI_REDUCIDO,ID_ADJUNTO,FLG_ESTADO,FECHA_REGISTRO,ID_ETAPA,F_RENDIMIENTO,ADJUNTO,ADJUNTO_BASE,FECHA_INICIO,CONSUMO_ELECTRICIDAD,CONSUMO_COMBUSTIBLE,KRV_COMBUSTIBLE,ID_ENFOQUE,PLACA) values ('362','342',null,'2018','1','2','24000','1','4,19','2018','1','1','24000','1','121,96','-117,77',null,'1',null,null,'30',null,null,to_date('21/07/18','DD/MM/RR'),'0','0','0','1','RTY-098');
Insert into MRVMM.T_GEND_INDICADOR (ID_INDICADOR,ID_INICIATIVA,ID_MEDMIT,ANNO_BASE,ID_TIPO_VEHICULO_BASE,ID_TIPO_COMBUSTIBLE_BASE,KRV_BASE,CANT_BASE,TOTAL_GEI_BASE,ANNO_INIMIT,ID_TIPO_VEHICULO_INIMIT,ID_TIPO_FUENTE_INIMIT,KRV_INIMIT,CANT_INIMIT,TOTAL_GEI_INIMIT,TOTAL_GEI_REDUCIDO,ID_ADJUNTO,FLG_ESTADO,FECHA_REGISTRO,ID_ETAPA,F_RENDIMIENTO,ADJUNTO,ADJUNTO_BASE,FECHA_INICIO,CONSUMO_ELECTRICIDAD,CONSUMO_COMBUSTIBLE,KRV_COMBUSTIBLE,ID_ENFOQUE,PLACA) values ('381','343',null,'2018','1','1','130000','1','24,35','2018','1','1','130000','1','3,52','20,83',null,'1',null,null,'0,16',null,null,to_date('21/03/18','DD/MM/RR'),'0','0','0','1','RTG-067');
REM INSERTING into MRVMM.T_GEND_INDICADOR_ENFOQUE
SET DEFINE OFF;
Insert into MRVMM.T_GEND_INDICADOR_ENFOQUE (ID_INDICADOR_ENFOQUE,ID_INDICADOR,ID_ENFOQUE,FLAG_ESTADO) values ('1','1','1','1');
Insert into MRVMM.T_GEND_INDICADOR_ENFOQUE (ID_INDICADOR_ENFOQUE,ID_INDICADOR,ID_ENFOQUE,FLAG_ESTADO) values ('2','1','2','0');
REM INSERTING into MRVMM.T_GEND_INICIATIVA_ARCHIVO
SET DEFINE OFF;
REM INSERTING into MRVMM.T_GEND_INICIATIVA_COMP
SET DEFINE OFF;
REM INSERTING into MRVMM.T_GEND_INICIATIVA_ENERG
SET DEFINE OFF;
Insert into MRVMM.T_GEND_INICIATIVA_ENERG (ID_INICIATIVA_ENERG,ID_INICIATIVA,ID_ENERG,FLAG_ESTADO) values ('342','362','4','1');
Insert into MRVMM.T_GEND_INICIATIVA_ENERG (ID_INICIATIVA_ENERG,ID_INICIATIVA,ID_ENERG,FLAG_ESTADO) values ('343','363','4','1');
Insert into MRVMM.T_GEND_INICIATIVA_ENERG (ID_INICIATIVA_ENERG,ID_INICIATIVA,ID_ENERG,FLAG_ESTADO) values ('344','364','4','1');
Insert into MRVMM.T_GEND_INICIATIVA_ENERG (ID_INICIATIVA_ENERG,ID_INICIATIVA,ID_ENERG,FLAG_ESTADO) values ('345','365','4','1');
Insert into MRVMM.T_GEND_INICIATIVA_ENERG (ID_INICIATIVA_ENERG,ID_INICIATIVA,ID_ENERG,FLAG_ESTADO) values ('346','366','4','1');
Insert into MRVMM.T_GEND_INICIATIVA_ENERG (ID_INICIATIVA_ENERG,ID_INICIATIVA,ID_ENERG,FLAG_ESTADO) values ('347','367','4','1');
Insert into MRVMM.T_GEND_INICIATIVA_ENERG (ID_INICIATIVA_ENERG,ID_INICIATIVA,ID_ENERG,FLAG_ESTADO) values ('348','368','4','1');
Insert into MRVMM.T_GEND_INICIATIVA_ENERG (ID_INICIATIVA_ENERG,ID_INICIATIVA,ID_ENERG,FLAG_ESTADO) values ('321','341','2','1');
Insert into MRVMM.T_GEND_INICIATIVA_ENERG (ID_INICIATIVA_ENERG,ID_INICIATIVA,ID_ENERG,FLAG_ESTADO) values ('341','361','3','1');
Insert into MRVMM.T_GEND_INICIATIVA_ENERG (ID_INICIATIVA_ENERG,ID_INICIATIVA,ID_ENERG,FLAG_ESTADO) values ('349','369','4','1');
Insert into MRVMM.T_GEND_INICIATIVA_ENERG (ID_INICIATIVA_ENERG,ID_INICIATIVA,ID_ENERG,FLAG_ESTADO) values ('350','370','4','1');
Insert into MRVMM.T_GEND_INICIATIVA_ENERG (ID_INICIATIVA_ENERG,ID_INICIATIVA,ID_ENERG,FLAG_ESTADO) values ('351','371','3','1');
Insert into MRVMM.T_GEND_INICIATIVA_ENERG (ID_INICIATIVA_ENERG,ID_INICIATIVA,ID_ENERG,FLAG_ESTADO) values ('352','371','4','1');
Insert into MRVMM.T_GEND_INICIATIVA_ENERG (ID_INICIATIVA_ENERG,ID_INICIATIVA,ID_ENERG,FLAG_ESTADO) values ('365','382','3','1');
Insert into MRVMM.T_GEND_INICIATIVA_ENERG (ID_INICIATIVA_ENERG,ID_INICIATIVA,ID_ENERG,FLAG_ESTADO) values ('370','388','3','1');
Insert into MRVMM.T_GEND_INICIATIVA_ENERG (ID_INICIATIVA_ENERG,ID_INICIATIVA,ID_ENERG,FLAG_ESTADO) values ('323','343','4','1');
Insert into MRVMM.T_GEND_INICIATIVA_ENERG (ID_INICIATIVA_ENERG,ID_INICIATIVA,ID_ENERG,FLAG_ESTADO) values ('324','344','4','1');
Insert into MRVMM.T_GEND_INICIATIVA_ENERG (ID_INICIATIVA_ENERG,ID_INICIATIVA,ID_ENERG,FLAG_ESTADO) values ('354','372','4','1');
Insert into MRVMM.T_GEND_INICIATIVA_ENERG (ID_INICIATIVA_ENERG,ID_INICIATIVA,ID_ENERG,FLAG_ESTADO) values ('355','373','2','1');
Insert into MRVMM.T_GEND_INICIATIVA_ENERG (ID_INICIATIVA_ENERG,ID_INICIATIVA,ID_ENERG,FLAG_ESTADO) values ('356','374','2','1');
Insert into MRVMM.T_GEND_INICIATIVA_ENERG (ID_INICIATIVA_ENERG,ID_INICIATIVA,ID_ENERG,FLAG_ESTADO) values ('357','375','3','1');
Insert into MRVMM.T_GEND_INICIATIVA_ENERG (ID_INICIATIVA_ENERG,ID_INICIATIVA,ID_ENERG,FLAG_ESTADO) values ('358','375','4','1');
Insert into MRVMM.T_GEND_INICIATIVA_ENERG (ID_INICIATIVA_ENERG,ID_INICIATIVA,ID_ENERG,FLAG_ESTADO) values ('360','379','3','1');
Insert into MRVMM.T_GEND_INICIATIVA_ENERG (ID_INICIATIVA_ENERG,ID_INICIATIVA,ID_ENERG,FLAG_ESTADO) values ('361','379','4','1');
Insert into MRVMM.T_GEND_INICIATIVA_ENERG (ID_INICIATIVA_ENERG,ID_INICIATIVA,ID_ENERG,FLAG_ESTADO) values ('362','380','3','1');
Insert into MRVMM.T_GEND_INICIATIVA_ENERG (ID_INICIATIVA_ENERG,ID_INICIATIVA,ID_ENERG,FLAG_ESTADO) values ('363','380','4','1');
Insert into MRVMM.T_GEND_INICIATIVA_ENERG (ID_INICIATIVA_ENERG,ID_INICIATIVA,ID_ENERG,FLAG_ESTADO) values ('364','381','3','1');
Insert into MRVMM.T_GEND_INICIATIVA_ENERG (ID_INICIATIVA_ENERG,ID_INICIATIVA,ID_ENERG,FLAG_ESTADO) values ('366','383','2','1');
Insert into MRVMM.T_GEND_INICIATIVA_ENERG (ID_INICIATIVA_ENERG,ID_INICIATIVA,ID_ENERG,FLAG_ESTADO) values ('367','386','3','1');
Insert into MRVMM.T_GEND_INICIATIVA_ENERG (ID_INICIATIVA_ENERG,ID_INICIATIVA,ID_ENERG,FLAG_ESTADO) values ('368','387','3','1');
Insert into MRVMM.T_GEND_INICIATIVA_ENERG (ID_INICIATIVA_ENERG,ID_INICIATIVA,ID_ENERG,FLAG_ESTADO) values ('369','387','4','1');
Insert into MRVMM.T_GEND_INICIATIVA_ENERG (ID_INICIATIVA_ENERG,ID_INICIATIVA,ID_ENERG,FLAG_ESTADO) values ('353','372','3','1');
Insert into MRVMM.T_GEND_INICIATIVA_ENERG (ID_INICIATIVA_ENERG,ID_INICIATIVA,ID_ENERG,FLAG_ESTADO) values ('322','342','4','1');
Insert into MRVMM.T_GEND_INICIATIVA_ENERG (ID_INICIATIVA_ENERG,ID_INICIATIVA,ID_ENERG,FLAG_ESTADO) values ('359','376','4','1');
REM INSERTING into MRVMM.T_GEND_INICIATIVA_GEI
SET DEFINE OFF;
Insert into MRVMM.T_GEND_INICIATIVA_GEI (ID_INICIATIVA_GEI,ID_INICIATIVA,ID_GEI,FLAG_ESTADO) values ('403','341','3','1');
Insert into MRVMM.T_GEND_INICIATIVA_GEI (ID_INICIATIVA_GEI,ID_INICIATIVA,ID_GEI,FLAG_ESTADO) values ('421','361','2','1');
Insert into MRVMM.T_GEND_INICIATIVA_GEI (ID_INICIATIVA_GEI,ID_INICIATIVA,ID_GEI,FLAG_ESTADO) values ('422','362','2','1');
Insert into MRVMM.T_GEND_INICIATIVA_GEI (ID_INICIATIVA_GEI,ID_INICIATIVA,ID_GEI,FLAG_ESTADO) values ('423','363','2','1');
Insert into MRVMM.T_GEND_INICIATIVA_GEI (ID_INICIATIVA_GEI,ID_INICIATIVA,ID_GEI,FLAG_ESTADO) values ('424','364','2','1');
Insert into MRVMM.T_GEND_INICIATIVA_GEI (ID_INICIATIVA_GEI,ID_INICIATIVA,ID_GEI,FLAG_ESTADO) values ('425','365','2','1');
Insert into MRVMM.T_GEND_INICIATIVA_GEI (ID_INICIATIVA_GEI,ID_INICIATIVA,ID_GEI,FLAG_ESTADO) values ('426','366','2','1');
Insert into MRVMM.T_GEND_INICIATIVA_GEI (ID_INICIATIVA_GEI,ID_INICIATIVA,ID_GEI,FLAG_ESTADO) values ('427','367','1','1');
Insert into MRVMM.T_GEND_INICIATIVA_GEI (ID_INICIATIVA_GEI,ID_INICIATIVA,ID_GEI,FLAG_ESTADO) values ('401','341','1','1');
Insert into MRVMM.T_GEND_INICIATIVA_GEI (ID_INICIATIVA_GEI,ID_INICIATIVA,ID_GEI,FLAG_ESTADO) values ('402','341','2','1');
Insert into MRVMM.T_GEND_INICIATIVA_GEI (ID_INICIATIVA_GEI,ID_INICIATIVA,ID_GEI,FLAG_ESTADO) values ('428','368','2','1');
Insert into MRVMM.T_GEND_INICIATIVA_GEI (ID_INICIATIVA_GEI,ID_INICIATIVA,ID_GEI,FLAG_ESTADO) values ('429','369','2','1');
Insert into MRVMM.T_GEND_INICIATIVA_GEI (ID_INICIATIVA_GEI,ID_INICIATIVA,ID_GEI,FLAG_ESTADO) values ('430','370','2','1');
Insert into MRVMM.T_GEND_INICIATIVA_GEI (ID_INICIATIVA_GEI,ID_INICIATIVA,ID_GEI,FLAG_ESTADO) values ('431','371','2','1');
Insert into MRVMM.T_GEND_INICIATIVA_GEI (ID_INICIATIVA_GEI,ID_INICIATIVA,ID_GEI,FLAG_ESTADO) values ('455','386','1','1');
Insert into MRVMM.T_GEND_INICIATIVA_GEI (ID_INICIATIVA_GEI,ID_INICIATIVA,ID_GEI,FLAG_ESTADO) values ('450','382','1','1');
Insert into MRVMM.T_GEND_INICIATIVA_GEI (ID_INICIATIVA_GEI,ID_INICIATIVA,ID_GEI,FLAG_ESTADO) values ('458','388','1','1');
Insert into MRVMM.T_GEND_INICIATIVA_GEI (ID_INICIATIVA_GEI,ID_INICIATIVA,ID_GEI,FLAG_ESTADO) values ('405','343','2','1');
Insert into MRVMM.T_GEND_INICIATIVA_GEI (ID_INICIATIVA_GEI,ID_INICIATIVA,ID_GEI,FLAG_ESTADO) values ('406','344','2','1');
Insert into MRVMM.T_GEND_INICIATIVA_GEI (ID_INICIATIVA_GEI,ID_INICIATIVA,ID_GEI,FLAG_ESTADO) values ('434','373','2','1');
Insert into MRVMM.T_GEND_INICIATIVA_GEI (ID_INICIATIVA_GEI,ID_INICIATIVA,ID_GEI,FLAG_ESTADO) values ('435','373','3','1');
Insert into MRVMM.T_GEND_INICIATIVA_GEI (ID_INICIATIVA_GEI,ID_INICIATIVA,ID_GEI,FLAG_ESTADO) values ('436','374','1','1');
Insert into MRVMM.T_GEND_INICIATIVA_GEI (ID_INICIATIVA_GEI,ID_INICIATIVA,ID_GEI,FLAG_ESTADO) values ('437','374','2','1');
Insert into MRVMM.T_GEND_INICIATIVA_GEI (ID_INICIATIVA_GEI,ID_INICIATIVA,ID_GEI,FLAG_ESTADO) values ('438','374','3','1');
Insert into MRVMM.T_GEND_INICIATIVA_GEI (ID_INICIATIVA_GEI,ID_INICIATIVA,ID_GEI,FLAG_ESTADO) values ('439','375','1','1');
Insert into MRVMM.T_GEND_INICIATIVA_GEI (ID_INICIATIVA_GEI,ID_INICIATIVA,ID_GEI,FLAG_ESTADO) values ('440','375','2','1');
Insert into MRVMM.T_GEND_INICIATIVA_GEI (ID_INICIATIVA_GEI,ID_INICIATIVA,ID_GEI,FLAG_ESTADO) values ('444','379','1','1');
Insert into MRVMM.T_GEND_INICIATIVA_GEI (ID_INICIATIVA_GEI,ID_INICIATIVA,ID_GEI,FLAG_ESTADO) values ('445','379','2','1');
Insert into MRVMM.T_GEND_INICIATIVA_GEI (ID_INICIATIVA_GEI,ID_INICIATIVA,ID_GEI,FLAG_ESTADO) values ('446','380','1','1');
Insert into MRVMM.T_GEND_INICIATIVA_GEI (ID_INICIATIVA_GEI,ID_INICIATIVA,ID_GEI,FLAG_ESTADO) values ('447','380','2','1');
Insert into MRVMM.T_GEND_INICIATIVA_GEI (ID_INICIATIVA_GEI,ID_INICIATIVA,ID_GEI,FLAG_ESTADO) values ('448','381','1','1');
Insert into MRVMM.T_GEND_INICIATIVA_GEI (ID_INICIATIVA_GEI,ID_INICIATIVA,ID_GEI,FLAG_ESTADO) values ('449','381','2','1');
Insert into MRVMM.T_GEND_INICIATIVA_GEI (ID_INICIATIVA_GEI,ID_INICIATIVA,ID_GEI,FLAG_ESTADO) values ('451','383','1','1');
Insert into MRVMM.T_GEND_INICIATIVA_GEI (ID_INICIATIVA_GEI,ID_INICIATIVA,ID_GEI,FLAG_ESTADO) values ('452','383','2','1');
Insert into MRVMM.T_GEND_INICIATIVA_GEI (ID_INICIATIVA_GEI,ID_INICIATIVA,ID_GEI,FLAG_ESTADO) values ('453','383','3','1');
Insert into MRVMM.T_GEND_INICIATIVA_GEI (ID_INICIATIVA_GEI,ID_INICIATIVA,ID_GEI,FLAG_ESTADO) values ('454','386','3','1');
Insert into MRVMM.T_GEND_INICIATIVA_GEI (ID_INICIATIVA_GEI,ID_INICIATIVA,ID_GEI,FLAG_ESTADO) values ('456','387','1','1');
Insert into MRVMM.T_GEND_INICIATIVA_GEI (ID_INICIATIVA_GEI,ID_INICIATIVA,ID_GEI,FLAG_ESTADO) values ('457','387','2','1');
Insert into MRVMM.T_GEND_INICIATIVA_GEI (ID_INICIATIVA_GEI,ID_INICIATIVA,ID_GEI,FLAG_ESTADO) values ('432','372','1','1');
Insert into MRVMM.T_GEND_INICIATIVA_GEI (ID_INICIATIVA_GEI,ID_INICIATIVA,ID_GEI,FLAG_ESTADO) values ('433','373','1','1');
Insert into MRVMM.T_GEND_INICIATIVA_GEI (ID_INICIATIVA_GEI,ID_INICIATIVA,ID_GEI,FLAG_ESTADO) values ('442','376','2','1');
Insert into MRVMM.T_GEND_INICIATIVA_GEI (ID_INICIATIVA_GEI,ID_INICIATIVA,ID_GEI,FLAG_ESTADO) values ('443','376','3','1');
Insert into MRVMM.T_GEND_INICIATIVA_GEI (ID_INICIATIVA_GEI,ID_INICIATIVA,ID_GEI,FLAG_ESTADO) values ('404','342','2','1');
Insert into MRVMM.T_GEND_INICIATIVA_GEI (ID_INICIATIVA_GEI,ID_INICIATIVA,ID_GEI,FLAG_ESTADO) values ('441','376','1','1');
REM INSERTING into MRVMM.T_GEND_INICIATIVA_SUSTENTA
SET DEFINE OFF;
Insert into MRVMM.T_GEND_INICIATIVA_SUSTENTA (ID_INICIATIVA_SUSTENTATORIO,ID_INICIATIVA,ADJUNTO,FLAG_ESTADO,ADJUNTO_BASE) values ('181','341','e6fdcc86-b5c5-4a19-a2f0-3ab4f188cd68.pdf','1','rptMedMit.pdf');
Insert into MRVMM.T_GEND_INICIATIVA_SUSTENTA (ID_INICIATIVA_SUSTENTATORIO,ID_INICIATIVA,ADJUNTO,FLAG_ESTADO,ADJUNTO_BASE) values ('222','383','6780f49e-f454-4880-bc27-378a4ac72f87.pdf','1','modelo-declaracion-jurada.pdf');
Insert into MRVMM.T_GEND_INICIATIVA_SUSTENTA (ID_INICIATIVA_SUSTENTATORIO,ID_INICIATIVA,ADJUNTO,FLAG_ESTADO,ADJUNTO_BASE) values ('182','342','190b0623-4bdd-4d28-8630-cd06ec3a5316.txt','1','Sustento.txt');
Insert into MRVMM.T_GEND_INICIATIVA_SUSTENTA (ID_INICIATIVA_SUSTENTATORIO,ID_INICIATIVA,ADJUNTO,FLAG_ESTADO,ADJUNTO_BASE) values ('201','343','071d95ea-2be4-40cc-92dd-279481985a3c.txt','1','Sustento.txt');
Insert into MRVMM.T_GEND_INICIATIVA_SUSTENTA (ID_INICIATIVA_SUSTENTATORIO,ID_INICIATIVA,ADJUNTO,FLAG_ESTADO,ADJUNTO_BASE) values ('224','386','0144400c-8311-4d61-9d4c-b6e9ff844de2.pdf','0','modelo-declaracion-jurada (3).pdf');
Insert into MRVMM.T_GEND_INICIATIVA_SUSTENTA (ID_INICIATIVA_SUSTENTATORIO,ID_INICIATIVA,ADJUNTO,FLAG_ESTADO,ADJUNTO_BASE) values ('225','386','b2720a4b-bfff-4aec-ad07-aaa65f917c7b.docx','0','Guia rapida Usuario Especialista.docx');
Insert into MRVMM.T_GEND_INICIATIVA_SUSTENTA (ID_INICIATIVA_SUSTENTATORIO,ID_INICIATIVA,ADJUNTO,FLAG_ESTADO,ADJUNTO_BASE) values ('221','376','2eefacad-55ad-40e0-9789-4a5c6c96c662.pdf','1','rptMedMit.pdf');
Insert into MRVMM.T_GEND_INICIATIVA_SUSTENTA (ID_INICIATIVA_SUSTENTATORIO,ID_INICIATIVA,ADJUNTO,FLAG_ESTADO,ADJUNTO_BASE) values ('223','386','005b70cb-f485-4bb8-b464-83199e45ba2e.xlsx','0','LISTA_INICIATIVA_MITIGACION_20_02_2020 11_40_20.xlsx');
REM INSERTING into MRVMM.T_GEND_INICIATIVA_UBICACION
SET DEFINE OFF;
Insert into MRVMM.T_GEND_INICIATIVA_UBICACION (ID_INICIATIVA_UBICACION,ID_INICIATIVA,ID_UBICACION,FLAG_ESTADO) values ('501','361','1','1');
Insert into MRVMM.T_GEND_INICIATIVA_UBICACION (ID_INICIATIVA_UBICACION,ID_INICIATIVA,ID_UBICACION,FLAG_ESTADO) values ('502','362','3','1');
Insert into MRVMM.T_GEND_INICIATIVA_UBICACION (ID_INICIATIVA_UBICACION,ID_INICIATIVA,ID_UBICACION,FLAG_ESTADO) values ('503','362','4','1');
Insert into MRVMM.T_GEND_INICIATIVA_UBICACION (ID_INICIATIVA_UBICACION,ID_INICIATIVA,ID_UBICACION,FLAG_ESTADO) values ('504','363','2','1');
Insert into MRVMM.T_GEND_INICIATIVA_UBICACION (ID_INICIATIVA_UBICACION,ID_INICIATIVA,ID_UBICACION,FLAG_ESTADO) values ('505','363','3','1');
Insert into MRVMM.T_GEND_INICIATIVA_UBICACION (ID_INICIATIVA_UBICACION,ID_INICIATIVA,ID_UBICACION,FLAG_ESTADO) values ('506','364','2','1');
Insert into MRVMM.T_GEND_INICIATIVA_UBICACION (ID_INICIATIVA_UBICACION,ID_INICIATIVA,ID_UBICACION,FLAG_ESTADO) values ('507','364','3','1');
Insert into MRVMM.T_GEND_INICIATIVA_UBICACION (ID_INICIATIVA_UBICACION,ID_INICIATIVA,ID_UBICACION,FLAG_ESTADO) values ('481','341','7','1');
Insert into MRVMM.T_GEND_INICIATIVA_UBICACION (ID_INICIATIVA_UBICACION,ID_INICIATIVA,ID_UBICACION,FLAG_ESTADO) values ('482','341','15','1');
Insert into MRVMM.T_GEND_INICIATIVA_UBICACION (ID_INICIATIVA_UBICACION,ID_INICIATIVA,ID_UBICACION,FLAG_ESTADO) values ('508','365','2','1');
Insert into MRVMM.T_GEND_INICIATIVA_UBICACION (ID_INICIATIVA_UBICACION,ID_INICIATIVA,ID_UBICACION,FLAG_ESTADO) values ('509','365','3','1');
Insert into MRVMM.T_GEND_INICIATIVA_UBICACION (ID_INICIATIVA_UBICACION,ID_INICIATIVA,ID_UBICACION,FLAG_ESTADO) values ('510','366','3','1');
Insert into MRVMM.T_GEND_INICIATIVA_UBICACION (ID_INICIATIVA_UBICACION,ID_INICIATIVA,ID_UBICACION,FLAG_ESTADO) values ('511','366','4','1');
Insert into MRVMM.T_GEND_INICIATIVA_UBICACION (ID_INICIATIVA_UBICACION,ID_INICIATIVA,ID_UBICACION,FLAG_ESTADO) values ('512','367','2','1');
Insert into MRVMM.T_GEND_INICIATIVA_UBICACION (ID_INICIATIVA_UBICACION,ID_INICIATIVA,ID_UBICACION,FLAG_ESTADO) values ('513','367','3','1');
Insert into MRVMM.T_GEND_INICIATIVA_UBICACION (ID_INICIATIVA_UBICACION,ID_INICIATIVA,ID_UBICACION,FLAG_ESTADO) values ('514','368','3','1');
Insert into MRVMM.T_GEND_INICIATIVA_UBICACION (ID_INICIATIVA_UBICACION,ID_INICIATIVA,ID_UBICACION,FLAG_ESTADO) values ('515','369','2','1');
Insert into MRVMM.T_GEND_INICIATIVA_UBICACION (ID_INICIATIVA_UBICACION,ID_INICIATIVA,ID_UBICACION,FLAG_ESTADO) values ('516','369','3','1');
Insert into MRVMM.T_GEND_INICIATIVA_UBICACION (ID_INICIATIVA_UBICACION,ID_INICIATIVA,ID_UBICACION,FLAG_ESTADO) values ('517','370','2','1');
Insert into MRVMM.T_GEND_INICIATIVA_UBICACION (ID_INICIATIVA_UBICACION,ID_INICIATIVA,ID_UBICACION,FLAG_ESTADO) values ('518','371','3','1');
Insert into MRVMM.T_GEND_INICIATIVA_UBICACION (ID_INICIATIVA_UBICACION,ID_INICIATIVA,ID_UBICACION,FLAG_ESTADO) values ('486','344','6','1');
Insert into MRVMM.T_GEND_INICIATIVA_UBICACION (ID_INICIATIVA_UBICACION,ID_INICIATIVA,ID_UBICACION,FLAG_ESTADO) values ('531','382','16','1');
Insert into MRVMM.T_GEND_INICIATIVA_UBICACION (ID_INICIATIVA_UBICACION,ID_INICIATIVA,ID_UBICACION,FLAG_ESTADO) values ('532','382','17','1');
Insert into MRVMM.T_GEND_INICIATIVA_UBICACION (ID_INICIATIVA_UBICACION,ID_INICIATIVA,ID_UBICACION,FLAG_ESTADO) values ('533','382','18','1');
Insert into MRVMM.T_GEND_INICIATIVA_UBICACION (ID_INICIATIVA_UBICACION,ID_INICIATIVA,ID_UBICACION,FLAG_ESTADO) values ('534','382','19','1');
Insert into MRVMM.T_GEND_INICIATIVA_UBICACION (ID_INICIATIVA_UBICACION,ID_INICIATIVA,ID_UBICACION,FLAG_ESTADO) values ('535','382','20','1');
Insert into MRVMM.T_GEND_INICIATIVA_UBICACION (ID_INICIATIVA_UBICACION,ID_INICIATIVA,ID_UBICACION,FLAG_ESTADO) values ('540','388','2','1');
Insert into MRVMM.T_GEND_INICIATIVA_UBICACION (ID_INICIATIVA_UBICACION,ID_INICIATIVA,ID_UBICACION,FLAG_ESTADO) values ('484','343','1','1');
Insert into MRVMM.T_GEND_INICIATIVA_UBICACION (ID_INICIATIVA_UBICACION,ID_INICIATIVA,ID_UBICACION,FLAG_ESTADO) values ('485','343','2','1');
Insert into MRVMM.T_GEND_INICIATIVA_UBICACION (ID_INICIATIVA_UBICACION,ID_INICIATIVA,ID_UBICACION,FLAG_ESTADO) values ('521','373','15','1');
Insert into MRVMM.T_GEND_INICIATIVA_UBICACION (ID_INICIATIVA_UBICACION,ID_INICIATIVA,ID_UBICACION,FLAG_ESTADO) values ('522','374','15','1');
Insert into MRVMM.T_GEND_INICIATIVA_UBICACION (ID_INICIATIVA_UBICACION,ID_INICIATIVA,ID_UBICACION,FLAG_ESTADO) values ('523','375','1','1');
Insert into MRVMM.T_GEND_INICIATIVA_UBICACION (ID_INICIATIVA_UBICACION,ID_INICIATIVA,ID_UBICACION,FLAG_ESTADO) values ('524','375','2','1');
Insert into MRVMM.T_GEND_INICIATIVA_UBICACION (ID_INICIATIVA_UBICACION,ID_INICIATIVA,ID_UBICACION,FLAG_ESTADO) values ('526','379','1','1');
Insert into MRVMM.T_GEND_INICIATIVA_UBICACION (ID_INICIATIVA_UBICACION,ID_INICIATIVA,ID_UBICACION,FLAG_ESTADO) values ('527','379','2','1');
Insert into MRVMM.T_GEND_INICIATIVA_UBICACION (ID_INICIATIVA_UBICACION,ID_INICIATIVA,ID_UBICACION,FLAG_ESTADO) values ('528','380','1','1');
Insert into MRVMM.T_GEND_INICIATIVA_UBICACION (ID_INICIATIVA_UBICACION,ID_INICIATIVA,ID_UBICACION,FLAG_ESTADO) values ('529','381','1','1');
Insert into MRVMM.T_GEND_INICIATIVA_UBICACION (ID_INICIATIVA_UBICACION,ID_INICIATIVA,ID_UBICACION,FLAG_ESTADO) values ('530','381','2','1');
Insert into MRVMM.T_GEND_INICIATIVA_UBICACION (ID_INICIATIVA_UBICACION,ID_INICIATIVA,ID_UBICACION,FLAG_ESTADO) values ('536','383','7','1');
Insert into MRVMM.T_GEND_INICIATIVA_UBICACION (ID_INICIATIVA_UBICACION,ID_INICIATIVA,ID_UBICACION,FLAG_ESTADO) values ('537','386','2','1');
Insert into MRVMM.T_GEND_INICIATIVA_UBICACION (ID_INICIATIVA_UBICACION,ID_INICIATIVA,ID_UBICACION,FLAG_ESTADO) values ('538','386','3','1');
Insert into MRVMM.T_GEND_INICIATIVA_UBICACION (ID_INICIATIVA_UBICACION,ID_INICIATIVA,ID_UBICACION,FLAG_ESTADO) values ('539','387','1','1');
Insert into MRVMM.T_GEND_INICIATIVA_UBICACION (ID_INICIATIVA_UBICACION,ID_INICIATIVA,ID_UBICACION,FLAG_ESTADO) values ('519','372','1','1');
Insert into MRVMM.T_GEND_INICIATIVA_UBICACION (ID_INICIATIVA_UBICACION,ID_INICIATIVA,ID_UBICACION,FLAG_ESTADO) values ('520','372','2','1');
Insert into MRVMM.T_GEND_INICIATIVA_UBICACION (ID_INICIATIVA_UBICACION,ID_INICIATIVA,ID_UBICACION,FLAG_ESTADO) values ('483','342','1','1');
Insert into MRVMM.T_GEND_INICIATIVA_UBICACION (ID_INICIATIVA_UBICACION,ID_INICIATIVA,ID_UBICACION,FLAG_ESTADO) values ('525','376','8','1');
REM INSERTING into MRVMM.T_GEND_INI_TIPDOCAVAL
SET DEFINE OFF;
REM INSERTING into MRVMM.T_GEND_MEDMIT_GEI
SET DEFINE OFF;
REM INSERTING into MRVMM.T_GEND_TOOLTIP
SET DEFINE OFF;
Insert into MRVMM.T_GEND_TOOLTIP (ID_TOOLTIP,ID_AYUDATOOLTIP,SECCION_TOOLTIP,DESCRIPCION_TOOLTIP,FLAG_ESTADO) values ('1','1','titulo de registro de iniciativa','Complete los campos obligatorios para registrar una nueva iniciativa de mitigación','1');
Insert into MRVMM.T_GEND_TOOLTIP (ID_TOOLTIP,ID_AYUDATOOLTIP,SECCION_TOOLTIP,DESCRIPCION_TOOLTIP,FLAG_ESTADO) values ('2','1','boton cambiar de medida','No te preocupes, que podrás cambiar la medida de mitigacion en cualquier momento','1');
Insert into MRVMM.T_GEND_TOOLTIP (ID_TOOLTIP,ID_AYUDATOOLTIP,SECCION_TOOLTIP,DESCRIPCION_TOOLTIP,FLAG_ESTADO) values ('3','1','boton solicitar revision','Una vez complete todos los campos solicite una revisión para su iniciativa de mitigación','1');
Insert into MRVMM.T_GEND_TOOLTIP (ID_TOOLTIP,ID_AYUDATOOLTIP,SECCION_TOOLTIP,DESCRIPCION_TOOLTIP,FLAG_ESTADO) values ('4','1','boton guardar avances','¿No tiene toda la información de su inicitiva?, guarde sus avances y retómelo después','1');
Insert into MRVMM.T_GEND_TOOLTIP (ID_TOOLTIP,ID_AYUDATOOLTIP,SECCION_TOOLTIP,DESCRIPCION_TOOLTIP,FLAG_ESTADO) values ('5','1','nombre de la iniciativa','En caso no posea un nombre, coloque el nombre de la medida de mitigación seguido de un guión y nombre o siglas de la institución.','1');
Insert into MRVMM.T_GEND_TOOLTIP (ID_TOOLTIP,ID_AYUDATOOLTIP,SECCION_TOOLTIP,DESCRIPCION_TOOLTIP,FLAG_ESTADO) values ('6','1','descripcion de la iniciativa','Indicar la ubicación, tecnología considerada y cantidades de la misma.','1');
Insert into MRVMM.T_GEND_TOOLTIP (ID_TOOLTIP,ID_AYUDATOOLTIP,SECCION_TOOLTIP,DESCRIPCION_TOOLTIP,FLAG_ESTADO) values ('7','1','ubicacion','Seleccione una o varias ubicaciones - regiones','1');
Insert into MRVMM.T_GEND_TOOLTIP (ID_TOOLTIP,ID_AYUDATOOLTIP,SECCION_TOOLTIP,DESCRIPCION_TOOLTIP,FLAG_ESTADO) values ('8','1','monto de inversion','Indique el monto total que costó su inversión','1');
Insert into MRVMM.T_GEND_TOOLTIP (ID_TOOLTIP,ID_AYUDATOOLTIP,SECCION_TOOLTIP,DESCRIPCION_TOOLTIP,FLAG_ESTADO) values ('9','1','fecha de inicio del proyecto','Indique la fecha de inicio del proyecto','1');
Insert into MRVMM.T_GEND_TOOLTIP (ID_TOOLTIP,ID_AYUDATOOLTIP,SECCION_TOOLTIP,DESCRIPCION_TOOLTIP,FLAG_ESTADO) values ('10','1','fecha de fin del proyecto','Indique la fecha de finalización del proyecto','1');
Insert into MRVMM.T_GEND_TOOLTIP (ID_TOOLTIP,ID_AYUDATOOLTIP,SECCION_TOOLTIP,DESCRIPCION_TOOLTIP,FLAG_ESTADO) values ('11','1','energetico asociado','Seleccione uno o varios energéticos asociados de acuerdo a la medida de mitigación seleccionada','1');
Insert into MRVMM.T_GEND_TOOLTIP (ID_TOOLTIP,ID_AYUDATOOLTIP,SECCION_TOOLTIP,DESCRIPCION_TOOLTIP,FLAG_ESTADO) values ('12','1','gases de efecto invernadero','Seleccione uno o varios GEI de acuerdo a la medida de mitigación seleccionada','1');
Insert into MRVMM.T_GEND_TOOLTIP (ID_TOOLTIP,ID_AYUDATOOLTIP,SECCION_TOOLTIP,DESCRIPCION_TOOLTIP,FLAG_ESTADO) values ('13','2','buscar','Ingrese si conoce el nombre de la iniciativa o la(s) palabra(s) asociada(s) a las iniciativas de interés. En caso de no encontrar resultados acceda a la búsqueda avanzada.','1');
Insert into MRVMM.T_GEND_TOOLTIP (ID_TOOLTIP,ID_AYUDATOOLTIP,SECCION_TOOLTIP,DESCRIPCION_TOOLTIP,FLAG_ESTADO) values ('14','2','bandeja de iniciativas de mitigacion','Bandeja de todas las iniciativas de mitigación públicas','1');
Insert into MRVMM.T_GEND_TOOLTIP (ID_TOOLTIP,ID_AYUDATOOLTIP,SECCION_TOOLTIP,DESCRIPCION_TOOLTIP,FLAG_ESTADO) values ('15','3','bandeja de iniciativas de mitigacion','Bandeja de iniciativas de mitigación registradas por su institución','1');
Insert into MRVMM.T_GEND_TOOLTIP (ID_TOOLTIP,ID_AYUDATOOLTIP,SECCION_TOOLTIP,DESCRIPCION_TOOLTIP,FLAG_ESTADO) values ('16','3','boton agregar iniciativa','Seleccione una medida de mitigación para agregar una nueva inicitiva de mitigación','1');
Insert into MRVMM.T_GEND_TOOLTIP (ID_TOOLTIP,ID_AYUDATOOLTIP,SECCION_TOOLTIP,DESCRIPCION_TOOLTIP,FLAG_ESTADO) values ('17','4','buscar','Utilice la búsqueda ingresando una descripción para ubicar sus registros','1');
Insert into MRVMM.T_GEND_TOOLTIP (ID_TOOLTIP,ID_AYUDATOOLTIP,SECCION_TOOLTIP,DESCRIPCION_TOOLTIP,FLAG_ESTADO) values ('18','4','bandeja de usuarios','Bandeja principal donde encontrará todos los usuarios registrados','1');
Insert into MRVMM.T_GEND_TOOLTIP (ID_TOOLTIP,ID_AYUDATOOLTIP,SECCION_TOOLTIP,DESCRIPCION_TOOLTIP,FLAG_ESTADO) values ('19','4','boton agregar usuario','Agregue un nuevo usuario con un rol específico','1');
Insert into MRVMM.T_GEND_TOOLTIP (ID_TOOLTIP,ID_AYUDATOOLTIP,SECCION_TOOLTIP,DESCRIPCION_TOOLTIP,FLAG_ESTADO) values ('20','5','Campo institucion','Ingrese el nombre comercial o razón social de su empresa','1');
Insert into MRVMM.T_GEND_TOOLTIP (ID_TOOLTIP,ID_AYUDATOOLTIP,SECCION_TOOLTIP,DESCRIPCION_TOOLTIP,FLAG_ESTADO) values ('21','5','campo ruc','Se recomienda un RUC de persona jurídica','1');
Insert into MRVMM.T_GEND_TOOLTIP (ID_TOOLTIP,ID_AYUDATOOLTIP,SECCION_TOOLTIP,DESCRIPCION_TOOLTIP,FLAG_ESTADO) values ('22','5','campo contraseña','Su contraseña debe incluir 6 caracteres como mínimo, 1 minúscula, 1 mayúscula, 1 número y 1 caracter especial (!@#$&*)','1');
Insert into MRVMM.T_GEND_TOOLTIP (ID_TOOLTIP,ID_AYUDATOOLTIP,SECCION_TOOLTIP,DESCRIPCION_TOOLTIP,FLAG_ESTADO) values ('23','6','campo enfoque','Seleccione un enfoque ligado a su medida de mitigación','1');
Insert into MRVMM.T_GEND_TOOLTIP (ID_TOOLTIP,ID_AYUDATOOLTIP,SECCION_TOOLTIP,DESCRIPCION_TOOLTIP,FLAG_ESTADO) values ('24','6','registro de detalles de indicadores','Complete los campos de acuerdo al enfoque seleccionado','1');
Insert into MRVMM.T_GEND_TOOLTIP (ID_TOOLTIP,ID_AYUDATOOLTIP,SECCION_TOOLTIP,DESCRIPCION_TOOLTIP,FLAG_ESTADO) values ('25','6','resumen de detalles de indicadores','Mostramos el resumen total calculado en el detalle de indicadores','1');
Insert into MRVMM.T_GEND_TOOLTIP (ID_TOOLTIP,ID_AYUDATOOLTIP,SECCION_TOOLTIP,DESCRIPCION_TOOLTIP,FLAG_ESTADO) values ('26','7','enfoque','Seleccione un enfoque ligado a su medida de mitigación','1');
Insert into MRVMM.T_GEND_TOOLTIP (ID_TOOLTIP,ID_AYUDATOOLTIP,SECCION_TOOLTIP,DESCRIPCION_TOOLTIP,FLAG_ESTADO) values ('27','7','plantilla excel','Descargue la plantilla de excel que contiene el formato de columnas que debe completar','1');
Insert into MRVMM.T_GEND_TOOLTIP (ID_TOOLTIP,ID_AYUDATOOLTIP,SECCION_TOOLTIP,DESCRIPCION_TOOLTIP,FLAG_ESTADO) values ('28','8','seleccionar','Seleccione una opción de la siguiente lista y presione ir al reporte para visualizarlo','1');
Insert into MRVMM.T_GEND_TOOLTIP (ID_TOOLTIP,ID_AYUDATOOLTIP,SECCION_TOOLTIP,DESCRIPCION_TOOLTIP,FLAG_ESTADO) values ('29','9','aprobar revision','Dar por aprobado esta iniciativa de mitigacion','1');
Insert into MRVMM.T_GEND_TOOLTIP (ID_TOOLTIP,ID_AYUDATOOLTIP,SECCION_TOOLTIP,DESCRIPCION_TOOLTIP,FLAG_ESTADO) values ('30','9','observar revision','¿Encontró alguna observación? utilice esta opción para solicitar una corrección','1');
Insert into MRVMM.T_GEND_TOOLTIP (ID_TOOLTIP,ID_AYUDATOOLTIP,SECCION_TOOLTIP,DESCRIPCION_TOOLTIP,FLAG_ESTADO) values ('31','3','buscar','Ingrese si conoce el nombre de la iniciativa o la(s) palabra(s) asociada(s) a las iniciativas de interés. En caso de no encontrar resultados acceda a la búsqueda avanzada.','1');
Insert into MRVMM.T_GEND_TOOLTIP (ID_TOOLTIP,ID_AYUDATOOLTIP,SECCION_TOOLTIP,DESCRIPCION_TOOLTIP,FLAG_ESTADO) values ('32','2','medida de mitigacion','Seleccione, de la lista desplegable, la medida de mitigación de interés','1');
Insert into MRVMM.T_GEND_TOOLTIP (ID_TOOLTIP,ID_AYUDATOOLTIP,SECCION_TOOLTIP,DESCRIPCION_TOOLTIP,FLAG_ESTADO) values ('33','2','año de inicio del proyecto','Indique el año de inicio del proyecto','1');
Insert into MRVMM.T_GEND_TOOLTIP (ID_TOOLTIP,ID_AYUDATOOLTIP,SECCION_TOOLTIP,DESCRIPCION_TOOLTIP,FLAG_ESTADO) values ('34','2','sector','Seleccione, de la lista desplegable, el sector de la iniciativa de mitigación de interés','1');
Insert into MRVMM.T_GEND_TOOLTIP (ID_TOOLTIP,ID_AYUDATOOLTIP,SECCION_TOOLTIP,DESCRIPCION_TOOLTIP,FLAG_ESTADO) values ('35','2','energetico de linea base','Seleccione, de la lista desplegable, el tipo de energía que se consumía antes de la iniciativa','1');
Insert into MRVMM.T_GEND_TOOLTIP (ID_TOOLTIP,ID_AYUDATOOLTIP,SECCION_TOOLTIP,DESCRIPCION_TOOLTIP,FLAG_ESTADO) values ('36','2','energetico de proyecto','Seleccione, de la lista desplegable, el tipo de energía que se consume en la iniciativa','1');
Insert into MRVMM.T_GEND_TOOLTIP (ID_TOOLTIP,ID_AYUDATOOLTIP,SECCION_TOOLTIP,DESCRIPCION_TOOLTIP,FLAG_ESTADO) values ('37','3','medida de mitigacion','Seleccione, de la lista desplegable, la medida de mitigación de interés','1');
Insert into MRVMM.T_GEND_TOOLTIP (ID_TOOLTIP,ID_AYUDATOOLTIP,SECCION_TOOLTIP,DESCRIPCION_TOOLTIP,FLAG_ESTADO) values ('38','3','año de inicio del proyecto','Indique el año de inicio del proyecto','1');
Insert into MRVMM.T_GEND_TOOLTIP (ID_TOOLTIP,ID_AYUDATOOLTIP,SECCION_TOOLTIP,DESCRIPCION_TOOLTIP,FLAG_ESTADO) values ('39','3','sector','Seleccione, de la lista desplegable, el sector de la iniciativa de mitigación de interés','1');
Insert into MRVMM.T_GEND_TOOLTIP (ID_TOOLTIP,ID_AYUDATOOLTIP,SECCION_TOOLTIP,DESCRIPCION_TOOLTIP,FLAG_ESTADO) values ('40','3','energetico de linea base','Seleccione, de la lista desplegable, el tipo de energía que se consumía antes de la iniciativa','1');
Insert into MRVMM.T_GEND_TOOLTIP (ID_TOOLTIP,ID_AYUDATOOLTIP,SECCION_TOOLTIP,DESCRIPCION_TOOLTIP,FLAG_ESTADO) values ('41','3','energetico de proyecto','Seleccione, de la lista desplegable, el tipo de energía que se consume en la iniciativa','1');
Insert into MRVMM.T_GEND_TOOLTIP (ID_TOOLTIP,ID_AYUDATOOLTIP,SECCION_TOOLTIP,DESCRIPCION_TOOLTIP,FLAG_ESTADO) values ('42','10','aprovar evaluacion','Dar por aprobado esta iniciativa de mitigacion','1');
Insert into MRVMM.T_GEND_TOOLTIP (ID_TOOLTIP,ID_AYUDATOOLTIP,SECCION_TOOLTIP,DESCRIPCION_TOOLTIP,FLAG_ESTADO) values ('43','10','observar evaluacion','¿Encontró alguna observación? utilice esta opción para solicitar una corrección','1');
Insert into MRVMM.T_GEND_TOOLTIP (ID_TOOLTIP,ID_AYUDATOOLTIP,SECCION_TOOLTIP,DESCRIPCION_TOOLTIP,FLAG_ESTADO) values ('44','11','buscar','Utilice la búsqueda ingresando una descripción para ubicar sus registros','1');
Insert into MRVMM.T_GEND_TOOLTIP (ID_TOOLTIP,ID_AYUDATOOLTIP,SECCION_TOOLTIP,DESCRIPCION_TOOLTIP,FLAG_ESTADO) values ('45','6','cambiar de tipo','No te preocupes, que podrás cambiar la medida de mitigacion en cualquier momento','1');
Insert into MRVMM.T_GEND_TOOLTIP (ID_TOOLTIP,ID_AYUDATOOLTIP,SECCION_TOOLTIP,DESCRIPCION_TOOLTIP,FLAG_ESTADO) values ('46','6','solicitar revision','Una vez complete todos los campos solicite una revisión para su iniciativa de mitigación','1');
Insert into MRVMM.T_GEND_TOOLTIP (ID_TOOLTIP,ID_AYUDATOOLTIP,SECCION_TOOLTIP,DESCRIPCION_TOOLTIP,FLAG_ESTADO) values ('47','6','guardar avances','¿No tiene toda la información de su inicitiva?, guarde sus avances y retómelo después','1');
Insert into MRVMM.T_GEND_TOOLTIP (ID_TOOLTIP,ID_AYUDATOOLTIP,SECCION_TOOLTIP,DESCRIPCION_TOOLTIP,FLAG_ESTADO) values ('48','6','boton subir archivo','Seleccione uno o varios archivos a la vez para adjuntarlos como documentos sustentatorios','1');
Insert into MRVMM.T_GEND_TOOLTIP (ID_TOOLTIP,ID_AYUDATOOLTIP,SECCION_TOOLTIP,DESCRIPCION_TOOLTIP,FLAG_ESTADO) values ('49','7','cambiar de tipo','No te preocupes, que podrás cambiar la medida de mitigacion en cualquier momento','1');
Insert into MRVMM.T_GEND_TOOLTIP (ID_TOOLTIP,ID_AYUDATOOLTIP,SECCION_TOOLTIP,DESCRIPCION_TOOLTIP,FLAG_ESTADO) values ('50','7','solicitar revision','Una vez complete todos los campos solicite una revisión para su iniciativa de mitigación','1');
Insert into MRVMM.T_GEND_TOOLTIP (ID_TOOLTIP,ID_AYUDATOOLTIP,SECCION_TOOLTIP,DESCRIPCION_TOOLTIP,FLAG_ESTADO) values ('51','7','guardar avances','¿No tiene toda la información de su inicitiva?, guarde sus avances y retómelo después','1');
Insert into MRVMM.T_GEND_TOOLTIP (ID_TOOLTIP,ID_AYUDATOOLTIP,SECCION_TOOLTIP,DESCRIPCION_TOOLTIP,FLAG_ESTADO) values ('52','7','resumen de detalles de indicadores','Mostramos el resumen total calculado en el detalle de indicadores','1');
Insert into MRVMM.T_GEND_TOOLTIP (ID_TOOLTIP,ID_AYUDATOOLTIP,SECCION_TOOLTIP,DESCRIPCION_TOOLTIP,FLAG_ESTADO) values ('53','7','boton subir archivo','Seleccione uno o varios archivos a la vez para adjuntarlos como documentos sustentatorios','1');
Insert into MRVMM.T_GEND_TOOLTIP (ID_TOOLTIP,ID_AYUDATOOLTIP,SECCION_TOOLTIP,DESCRIPCION_TOOLTIP,FLAG_ESTADO) values ('54','12','aprobar revision','Dar por aprobado esta iniciativa de mitigación','1');
Insert into MRVMM.T_GEND_TOOLTIP (ID_TOOLTIP,ID_AYUDATOOLTIP,SECCION_TOOLTIP,DESCRIPCION_TOOLTIP,FLAG_ESTADO) values ('55','12','observar revision','¿Encontró alguna observación? utilice esta opción para solicitar una corrección','1');
Insert into MRVMM.T_GEND_TOOLTIP (ID_TOOLTIP,ID_AYUDATOOLTIP,SECCION_TOOLTIP,DESCRIPCION_TOOLTIP,FLAG_ESTADO) values ('56','13','aprobar verificación','Dar por aprobado esta iniciativa de mitigación','1');
Insert into MRVMM.T_GEND_TOOLTIP (ID_TOOLTIP,ID_AYUDATOOLTIP,SECCION_TOOLTIP,DESCRIPCION_TOOLTIP,FLAG_ESTADO) values ('57','13','observar verificacion','¿Encontró alguna observación? utilice esta opción para solicitar una corrección','1');
REM INSERTING into MRVMM.T_GEND_VARIABLE_VALOR
SET DEFINE OFF;
REM INSERTING into MRVMM.T_GEND_VARIANTE_ATRIBUTO
SET DEFINE OFF;
REM INSERTING into MRVMM.T_GEND_VARIANTE_VALOR
SET DEFINE OFF;
REM INSERTING into MRVMM.T_GENM_AYUDA
SET DEFINE OFF;
REM INSERTING into MRVMM.T_GENM_AYUDATOOLTIP
SET DEFINE OFF;
Insert into MRVMM.T_GENM_AYUDATOOLTIP (ID_AYUDATOOLTIP,DESCRIPCION_PAGINA,FLAG_ESTADO) values ('1','Registro de iniciativa','1');
Insert into MRVMM.T_GENM_AYUDATOOLTIP (ID_AYUDATOOLTIP,DESCRIPCION_PAGINA,FLAG_ESTADO) values ('2','Acciones de mitigacion','1');
Insert into MRVMM.T_GENM_AYUDATOOLTIP (ID_AYUDATOOLTIP,DESCRIPCION_PAGINA,FLAG_ESTADO) values ('3','Acciones de mitigacion interno','1');
Insert into MRVMM.T_GENM_AYUDATOOLTIP (ID_AYUDATOOLTIP,DESCRIPCION_PAGINA,FLAG_ESTADO) values ('4','Mantenimiento de usuarios','1');
Insert into MRVMM.T_GENM_AYUDATOOLTIP (ID_AYUDATOOLTIP,DESCRIPCION_PAGINA,FLAG_ESTADO) values ('5','Registro de usuario','1');
Insert into MRVMM.T_GENM_AYUDATOOLTIP (ID_AYUDATOOLTIP,DESCRIPCION_PAGINA,FLAG_ESTADO) values ('6','Registro de detalles de indicadores manual','1');
Insert into MRVMM.T_GENM_AYUDATOOLTIP (ID_AYUDATOOLTIP,DESCRIPCION_PAGINA,FLAG_ESTADO) values ('7','Registro de detalle de indicadores masivo','1');
Insert into MRVMM.T_GENM_AYUDATOOLTIP (ID_AYUDATOOLTIP,DESCRIPCION_PAGINA,FLAG_ESTADO) values ('8','Reporte','1');
Insert into MRVMM.T_GENM_AYUDATOOLTIP (ID_AYUDATOOLTIP,DESCRIPCION_PAGINA,FLAG_ESTADO) values ('9','Revision de iniciativa','1');
Insert into MRVMM.T_GENM_AYUDATOOLTIP (ID_AYUDATOOLTIP,DESCRIPCION_PAGINA,FLAG_ESTADO) values ('10','Evaluacion de iniciativa y detalle','1');
Insert into MRVMM.T_GENM_AYUDATOOLTIP (ID_AYUDATOOLTIP,DESCRIPCION_PAGINA,FLAG_ESTADO) values ('11','Notificaciones','1');
Insert into MRVMM.T_GENM_AYUDATOOLTIP (ID_AYUDATOOLTIP,DESCRIPCION_PAGINA,FLAG_ESTADO) values ('12','Revision de iniciativa y detalle','1');
Insert into MRVMM.T_GENM_AYUDATOOLTIP (ID_AYUDATOOLTIP,DESCRIPCION_PAGINA,FLAG_ESTADO) values ('13','Verificacion de iniciativa y detalle','1');
REM INSERTING into MRVMM.T_GENM_BLOCKCHAIN
SET DEFINE OFF;
REM INSERTING into MRVMM.T_GENM_ENFOQUE
SET DEFINE OFF;
Insert into MRVMM.T_GENM_ENFOQUE (ID_ENFOQUE,ID_MEDMIT,DESCRIPCION,FLAG_ESTADO) values ('3','12','VEHICULOS ELECTRICOS (CONSUMO)','1');
Insert into MRVMM.T_GENM_ENFOQUE (ID_ENFOQUE,ID_MEDMIT,DESCRIPCION,FLAG_ESTADO) values ('4','12','VEHICULOS HIBRIDOS (CONSUMO)','1');
Insert into MRVMM.T_GENM_ENFOQUE (ID_ENFOQUE,ID_MEDMIT,DESCRIPCION,FLAG_ESTADO) values ('5','11','GENERACION DISTRIBUIDA','1');
Insert into MRVMM.T_GENM_ENFOQUE (ID_ENFOQUE,ID_MEDMIT,DESCRIPCION,FLAG_ESTADO) values ('1','12','VEHICULOS ELECTRICOS (RECORRIDO)','1');
Insert into MRVMM.T_GENM_ENFOQUE (ID_ENFOQUE,ID_MEDMIT,DESCRIPCION,FLAG_ESTADO) values ('2','12','VEHICULOS HIBRIDOS (RECORRIDO)','1');
REM INSERTING into MRVMM.T_GENM_ESCENARIO
SET DEFINE OFF;
Insert into MRVMM.T_GENM_ESCENARIO (ID_ESCENARIO,ID_MEDMIT,ANNO,BAU_EMISION,MIT_EMISION,REDUCCION,VALOR_SOFTWARE,EXPOST,META_ANUAL,FLAG_ESTADO) values ('1','7','2010','317,5','189,2',null,null,null,null,'1');
Insert into MRVMM.T_GENM_ESCENARIO (ID_ESCENARIO,ID_MEDMIT,ANNO,BAU_EMISION,MIT_EMISION,REDUCCION,VALOR_SOFTWARE,EXPOST,META_ANUAL,FLAG_ESTADO) values ('2','7','2011','330,2','199,6',null,null,null,null,'1');
Insert into MRVMM.T_GENM_ESCENARIO (ID_ESCENARIO,ID_MEDMIT,ANNO,BAU_EMISION,MIT_EMISION,REDUCCION,VALOR_SOFTWARE,EXPOST,META_ANUAL,FLAG_ESTADO) values ('3','7','2012','681','411,6',null,null,null,null,'1');
Insert into MRVMM.T_GENM_ESCENARIO (ID_ESCENARIO,ID_MEDMIT,ANNO,BAU_EMISION,MIT_EMISION,REDUCCION,VALOR_SOFTWARE,EXPOST,META_ANUAL,FLAG_ESTADO) values ('4','7','2013','653,8','395,2',null,null,null,null,'1');
Insert into MRVMM.T_GENM_ESCENARIO (ID_ESCENARIO,ID_MEDMIT,ANNO,BAU_EMISION,MIT_EMISION,REDUCCION,VALOR_SOFTWARE,EXPOST,META_ANUAL,FLAG_ESTADO) values ('5','7','2014','734','444',null,null,null,null,'1');
Insert into MRVMM.T_GENM_ESCENARIO (ID_ESCENARIO,ID_MEDMIT,ANNO,BAU_EMISION,MIT_EMISION,REDUCCION,VALOR_SOFTWARE,EXPOST,META_ANUAL,FLAG_ESTADO) values ('6','7','2015','445,7','165,2',null,null,null,null,'1');
Insert into MRVMM.T_GENM_ESCENARIO (ID_ESCENARIO,ID_MEDMIT,ANNO,BAU_EMISION,MIT_EMISION,REDUCCION,VALOR_SOFTWARE,EXPOST,META_ANUAL,FLAG_ESTADO) values ('7','7','2016','387,1','193,5',null,null,null,null,'1');
Insert into MRVMM.T_GENM_ESCENARIO (ID_ESCENARIO,ID_MEDMIT,ANNO,BAU_EMISION,MIT_EMISION,REDUCCION,VALOR_SOFTWARE,EXPOST,META_ANUAL,FLAG_ESTADO) values ('8','7','2017','245,1','50,5',null,null,null,null,'1');
Insert into MRVMM.T_GENM_ESCENARIO (ID_ESCENARIO,ID_MEDMIT,ANNO,BAU_EMISION,MIT_EMISION,REDUCCION,VALOR_SOFTWARE,EXPOST,META_ANUAL,FLAG_ESTADO) values ('9','7','2018','262,3','54',null,null,null,null,'1');
Insert into MRVMM.T_GENM_ESCENARIO (ID_ESCENARIO,ID_MEDMIT,ANNO,BAU_EMISION,MIT_EMISION,REDUCCION,VALOR_SOFTWARE,EXPOST,META_ANUAL,FLAG_ESTADO) values ('10','7','2019','280,6','57,8',null,null,null,null,'1');
Insert into MRVMM.T_GENM_ESCENARIO (ID_ESCENARIO,ID_MEDMIT,ANNO,BAU_EMISION,MIT_EMISION,REDUCCION,VALOR_SOFTWARE,EXPOST,META_ANUAL,FLAG_ESTADO) values ('11','7','2020','300,3','61,8',null,'214,5',null,null,'1');
Insert into MRVMM.T_GENM_ESCENARIO (ID_ESCENARIO,ID_MEDMIT,ANNO,BAU_EMISION,MIT_EMISION,REDUCCION,VALOR_SOFTWARE,EXPOST,META_ANUAL,FLAG_ESTADO) values ('12','7','2021','717,4','68',null,'527,6',null,null,'1');
Insert into MRVMM.T_GENM_ESCENARIO (ID_ESCENARIO,ID_MEDMIT,ANNO,BAU_EMISION,MIT_EMISION,REDUCCION,VALOR_SOFTWARE,EXPOST,META_ANUAL,FLAG_ESTADO) values ('23','7','2022','608,5','74,8',null,'548,4',null,null,'1');
Insert into MRVMM.T_GENM_ESCENARIO (ID_ESCENARIO,ID_MEDMIT,ANNO,BAU_EMISION,MIT_EMISION,REDUCCION,VALOR_SOFTWARE,EXPOST,META_ANUAL,FLAG_ESTADO) values ('24','7','2023','661,9','82,3',null,'572,4',null,null,'1');
Insert into MRVMM.T_GENM_ESCENARIO (ID_ESCENARIO,ID_MEDMIT,ANNO,BAU_EMISION,MIT_EMISION,REDUCCION,VALOR_SOFTWARE,EXPOST,META_ANUAL,FLAG_ESTADO) values ('25','7','2024','740,3','94,7',null,'664,8',null,null,'1');
Insert into MRVMM.T_GENM_ESCENARIO (ID_ESCENARIO,ID_MEDMIT,ANNO,BAU_EMISION,MIT_EMISION,REDUCCION,VALOR_SOFTWARE,EXPOST,META_ANUAL,FLAG_ESTADO) values ('26','7','2025','828,8','108,9',null,'703,1',null,null,'1');
Insert into MRVMM.T_GENM_ESCENARIO (ID_ESCENARIO,ID_MEDMIT,ANNO,BAU_EMISION,MIT_EMISION,REDUCCION,VALOR_SOFTWARE,EXPOST,META_ANUAL,FLAG_ESTADO) values ('27','7','2026','938,2','125,2',null,'824,6',null,null,'1');
Insert into MRVMM.T_GENM_ESCENARIO (ID_ESCENARIO,ID_MEDMIT,ANNO,BAU_EMISION,MIT_EMISION,REDUCCION,VALOR_SOFTWARE,EXPOST,META_ANUAL,FLAG_ESTADO) values ('28','7','2028','1520,1','181,4',null,'1278,3',null,null,'1');
Insert into MRVMM.T_GENM_ESCENARIO (ID_ESCENARIO,ID_MEDMIT,ANNO,BAU_EMISION,MIT_EMISION,REDUCCION,VALOR_SOFTWARE,EXPOST,META_ANUAL,FLAG_ESTADO) values ('29','7','2029','1772,3','219,5',null,'1521,4',null,null,'1');
Insert into MRVMM.T_GENM_ESCENARIO (ID_ESCENARIO,ID_MEDMIT,ANNO,BAU_EMISION,MIT_EMISION,REDUCCION,VALOR_SOFTWARE,EXPOST,META_ANUAL,FLAG_ESTADO) values ('30','7','2027','1479,8','150,2',null,'1023,7',null,null,'1');
Insert into MRVMM.T_GENM_ESCENARIO (ID_ESCENARIO,ID_MEDMIT,ANNO,BAU_EMISION,MIT_EMISION,REDUCCION,VALOR_SOFTWARE,EXPOST,META_ANUAL,FLAG_ESTADO) values ('31','7','2030','2122,2','273,8',null,'1931,7',null,null,'1');
REM INSERTING into MRVMM.T_GENM_FACTOR
SET DEFINE OFF;
Insert into MRVMM.T_GENM_FACTOR (ID_FACTOR,DESCRIPCION,SIGLA,FUNCION) values ('1','Factor Emision Base','F_BAU',null);
Insert into MRVMM.T_GENM_FACTOR (ID_FACTOR,DESCRIPCION,SIGLA,FUNCION) values ('2','Factor Electrico','F_ELE',null);
Insert into MRVMM.T_GENM_FACTOR (ID_FACTOR,DESCRIPCION,SIGLA,FUNCION) values ('3','Factor Emision Base','F_BAU',null);
REM INSERTING into MRVMM.T_GENM_INICIATIVA
SET DEFINE OFF;
Insert into MRVMM.T_GENM_INICIATIVA (ID_INICIATIVA,ID_MEDMIT,ID_USUARIO,NOMBRE_INICIATIVA,DESC_INICIATIVA,ID_ESTADO,PRIVACIDAD_INICIATIVA,INVERSION_INICIATIVA,ID_MONEDA,FECHA_CREA_INICIATIVA,FECHA_IMPLE_INICIATIVA,ID_ETAPA,USUARIO_REGISTRO,FECHA_REGISTRO,IP_REGISTRO,USUARIO_MODIFICA,FECHA_MODIFICA,IP_MODIFICA,FLG_ESTADO,PRIVACIDAD_INVERSION,FECHA_FIN_INICIATIVA,GEI_TOTAL) values ('361','5','105','Luces de poste led','Cambio de luces','1','0','130000','1',to_date('17/02/20','DD/MM/RR'),to_date('21/03/18','DD/MM/RR'),'1',null,to_date('17/02/20','DD/MM/RR'),null,null,null,null,null,'0',to_date('15/05/18','DD/MM/RR'),null);
Insert into MRVMM.T_GENM_INICIATIVA (ID_INICIATIVA,ID_MEDMIT,ID_USUARIO,NOMBRE_INICIATIVA,DESC_INICIATIVA,ID_ESTADO,PRIVACIDAD_INICIATIVA,INVERSION_INICIATIVA,ID_MONEDA,FECHA_CREA_INICIATIVA,FECHA_IMPLE_INICIATIVA,ID_ETAPA,USUARIO_REGISTRO,FECHA_REGISTRO,IP_REGISTRO,USUARIO_MODIFICA,FECHA_MODIFICA,IP_MODIFICA,FLG_ESTADO,PRIVACIDAD_INVERSION,FECHA_FIN_INICIATIVA,GEI_TOTAL) values ('362','7','105','Reemplazo de todas las lamparas','Reemplazo de todas las lamparas','1','0','12000','2',to_date('17/02/20','DD/MM/RR'),to_date('21/03/18','DD/MM/RR'),'1',null,to_date('17/02/20','DD/MM/RR'),null,null,null,null,null,'0',to_date('25/03/18','DD/MM/RR'),null);
Insert into MRVMM.T_GENM_INICIATIVA (ID_INICIATIVA,ID_MEDMIT,ID_USUARIO,NOMBRE_INICIATIVA,DESC_INICIATIVA,ID_ESTADO,PRIVACIDAD_INICIATIVA,INVERSION_INICIATIVA,ID_MONEDA,FECHA_CREA_INICIATIVA,FECHA_IMPLE_INICIATIVA,ID_ETAPA,USUARIO_REGISTRO,FECHA_REGISTRO,IP_REGISTRO,USUARIO_MODIFICA,FECHA_MODIFICA,IP_MODIFICA,FLG_ESTADO,PRIVACIDAD_INVERSION,FECHA_FIN_INICIATIVA,GEI_TOTAL) values ('363','1','105','eficiencia energetica lamparas A','eficiencia energetica lamparas A','1','0','13000','2',to_date('17/02/20','DD/MM/RR'),to_date('21/03/18','DD/MM/RR'),'1',null,to_date('17/02/20','DD/MM/RR'),null,null,null,null,null,'0',to_date('22/06/19','DD/MM/RR'),null);
Insert into MRVMM.T_GENM_INICIATIVA (ID_INICIATIVA,ID_MEDMIT,ID_USUARIO,NOMBRE_INICIATIVA,DESC_INICIATIVA,ID_ESTADO,PRIVACIDAD_INICIATIVA,INVERSION_INICIATIVA,ID_MONEDA,FECHA_CREA_INICIATIVA,FECHA_IMPLE_INICIATIVA,ID_ETAPA,USUARIO_REGISTRO,FECHA_REGISTRO,IP_REGISTRO,USUARIO_MODIFICA,FECHA_MODIFICA,IP_MODIFICA,FLG_ESTADO,PRIVACIDAD_INVERSION,FECHA_FIN_INICIATIVA,GEI_TOTAL) values ('364','4','105','auditoria de energía','auditoria de energía','1','0','12000','1',to_date('17/02/20','DD/MM/RR'),to_date('01/01/18','DD/MM/RR'),'1',null,to_date('17/02/20','DD/MM/RR'),null,null,null,null,null,'0',to_date('02/02/18','DD/MM/RR'),null);
Insert into MRVMM.T_GENM_INICIATIVA (ID_INICIATIVA,ID_MEDMIT,ID_USUARIO,NOMBRE_INICIATIVA,DESC_INICIATIVA,ID_ESTADO,PRIVACIDAD_INICIATIVA,INVERSION_INICIATIVA,ID_MONEDA,FECHA_CREA_INICIATIVA,FECHA_IMPLE_INICIATIVA,ID_ETAPA,USUARIO_REGISTRO,FECHA_REGISTRO,IP_REGISTRO,USUARIO_MODIFICA,FECHA_MODIFICA,IP_MODIFICA,FLG_ESTADO,PRIVACIDAD_INVERSION,FECHA_FIN_INICIATIVA,GEI_TOTAL) values ('341','12','105','2 Vehiculos Electricos para Aeropuerto Jorge Chavez','2 Vehiculos Electricos para Aeropuerto Jorge Chavez','3','1','160000','2',to_date('13/02/20','DD/MM/RR'),to_date('01/01/19','DD/MM/RR'),'7',null,to_date('13/02/20','DD/MM/RR'),null,null,null,null,null,'1',to_date('01/01/01','DD/MM/RR'),null);
Insert into MRVMM.T_GENM_INICIATIVA (ID_INICIATIVA,ID_MEDMIT,ID_USUARIO,NOMBRE_INICIATIVA,DESC_INICIATIVA,ID_ESTADO,PRIVACIDAD_INICIATIVA,INVERSION_INICIATIVA,ID_MONEDA,FECHA_CREA_INICIATIVA,FECHA_IMPLE_INICIATIVA,ID_ETAPA,USUARIO_REGISTRO,FECHA_REGISTRO,IP_REGISTRO,USUARIO_MODIFICA,FECHA_MODIFICA,IP_MODIFICA,FLG_ESTADO,PRIVACIDAD_INVERSION,FECHA_FIN_INICIATIVA,GEI_TOTAL) values ('365','6','105','Reemplazo de lámparas de baja eficiencia ','Reemplazo de lámparas de baja eficiencia ','1','0','12000','2',to_date('17/02/20','DD/MM/RR'),to_date('12/02/18','DD/MM/RR'),'1',null,to_date('17/02/20','DD/MM/RR'),null,null,null,null,null,'0',to_date('13/02/18','DD/MM/RR'),null);
Insert into MRVMM.T_GENM_INICIATIVA (ID_INICIATIVA,ID_MEDMIT,ID_USUARIO,NOMBRE_INICIATIVA,DESC_INICIATIVA,ID_ESTADO,PRIVACIDAD_INICIATIVA,INVERSION_INICIATIVA,ID_MONEDA,FECHA_CREA_INICIATIVA,FECHA_IMPLE_INICIATIVA,ID_ETAPA,USUARIO_REGISTRO,FECHA_REGISTRO,IP_REGISTRO,USUARIO_MODIFICA,FECHA_MODIFICA,IP_MODIFICA,FLG_ESTADO,PRIVACIDAD_INVERSION,FECHA_FIN_INICIATIVA,GEI_TOTAL) values ('366','2','105',' medidas de eficiencia energética en empresas del sector industrial ',' medidas de eficiencia energética en empresas del sector industrial ','1','0','12000','2',to_date('17/02/20','DD/MM/RR'),to_date('01/02/18','DD/MM/RR'),'1',null,to_date('17/02/20','DD/MM/RR'),null,null,null,null,null,'0',to_date('02/03/18','DD/MM/RR'),null);
Insert into MRVMM.T_GENM_INICIATIVA (ID_INICIATIVA,ID_MEDMIT,ID_USUARIO,NOMBRE_INICIATIVA,DESC_INICIATIVA,ID_ESTADO,PRIVACIDAD_INICIATIVA,INVERSION_INICIATIVA,ID_MONEDA,FECHA_CREA_INICIATIVA,FECHA_IMPLE_INICIATIVA,ID_ETAPA,USUARIO_REGISTRO,FECHA_REGISTRO,IP_REGISTRO,USUARIO_MODIFICA,FECHA_MODIFICA,IP_MODIFICA,FLG_ESTADO,PRIVACIDAD_INVERSION,FECHA_FIN_INICIATIVA,GEI_TOTAL) values ('367','9','105','Electrificación rura','Electrificación rura','1','0','12456','1',to_date('17/02/20','DD/MM/RR'),to_date('02/01/18','DD/MM/RR'),'1',null,to_date('17/02/20','DD/MM/RR'),null,null,null,null,null,'0',to_date('02/02/18','DD/MM/RR'),null);
Insert into MRVMM.T_GENM_INICIATIVA (ID_INICIATIVA,ID_MEDMIT,ID_USUARIO,NOMBRE_INICIATIVA,DESC_INICIATIVA,ID_ESTADO,PRIVACIDAD_INICIATIVA,INVERSION_INICIATIVA,ID_MONEDA,FECHA_CREA_INICIATIVA,FECHA_IMPLE_INICIATIVA,ID_ETAPA,USUARIO_REGISTRO,FECHA_REGISTRO,IP_REGISTRO,USUARIO_MODIFICA,FECHA_MODIFICA,IP_MODIFICA,FLG_ESTADO,PRIVACIDAD_INVERSION,FECHA_FIN_INICIATIVA,GEI_TOTAL) values ('368','8','105','cocinas sin plomo','cocinas sin plomo','3','0','12000','3',to_date('17/02/20','DD/MM/RR'),to_date('21/05/18','DD/MM/RR'),'2',null,to_date('17/02/20','DD/MM/RR'),null,null,null,null,null,'0',to_date('13/06/18','DD/MM/RR'),null);
Insert into MRVMM.T_GENM_INICIATIVA (ID_INICIATIVA,ID_MEDMIT,ID_USUARIO,NOMBRE_INICIATIVA,DESC_INICIATIVA,ID_ESTADO,PRIVACIDAD_INICIATIVA,INVERSION_INICIATIVA,ID_MONEDA,FECHA_CREA_INICIATIVA,FECHA_IMPLE_INICIATIVA,ID_ETAPA,USUARIO_REGISTRO,FECHA_REGISTRO,IP_REGISTRO,USUARIO_MODIFICA,FECHA_MODIFICA,IP_MODIFICA,FLG_ESTADO,PRIVACIDAD_INVERSION,FECHA_FIN_INICIATIVA,GEI_TOTAL) values ('369','10','105','Aumentar la participación de los Recursos Energéticos ','Aumentar la participación de los Recursos Energéticos ','1','0','1200','1',to_date('17/02/20','DD/MM/RR'),to_date('21/02/18','DD/MM/RR'),'1',null,to_date('17/02/20','DD/MM/RR'),null,null,null,null,null,'0',to_date('13/02/18','DD/MM/RR'),null);
Insert into MRVMM.T_GENM_INICIATIVA (ID_INICIATIVA,ID_MEDMIT,ID_USUARIO,NOMBRE_INICIATIVA,DESC_INICIATIVA,ID_ESTADO,PRIVACIDAD_INICIATIVA,INVERSION_INICIATIVA,ID_MONEDA,FECHA_CREA_INICIATIVA,FECHA_IMPLE_INICIATIVA,ID_ETAPA,USUARIO_REGISTRO,FECHA_REGISTRO,IP_REGISTRO,USUARIO_MODIFICA,FECHA_MODIFICA,IP_MODIFICA,FLG_ESTADO,PRIVACIDAD_INVERSION,FECHA_FIN_INICIATIVA,GEI_TOTAL) values ('370','11','105','Medida que abarca toda instalación de generación eléctrica','Medida que abarca toda instalación de generación eléctrica','3','0','124567','1',to_date('17/02/20','DD/MM/RR'),to_date('02/02/18','DD/MM/RR'),'2',null,to_date('17/02/20','DD/MM/RR'),null,null,null,null,null,'0',to_date('03/03/18','DD/MM/RR'),null);
Insert into MRVMM.T_GENM_INICIATIVA (ID_INICIATIVA,ID_MEDMIT,ID_USUARIO,NOMBRE_INICIATIVA,DESC_INICIATIVA,ID_ESTADO,PRIVACIDAD_INICIATIVA,INVERSION_INICIATIVA,ID_MONEDA,FECHA_CREA_INICIATIVA,FECHA_IMPLE_INICIATIVA,ID_ETAPA,USUARIO_REGISTRO,FECHA_REGISTRO,IP_REGISTRO,USUARIO_MODIFICA,FECHA_MODIFICA,IP_MODIFICA,FLG_ESTADO,PRIVACIDAD_INVERSION,FECHA_FIN_INICIATIVA,GEI_TOTAL) values ('371','3','105','comercila','comercial','3','0','12000','1',to_date('17/02/20','DD/MM/RR'),to_date('21/02/18','DD/MM/RR'),'2',null,to_date('17/02/20','DD/MM/RR'),null,null,null,null,null,'0',to_date('22/02/18','DD/MM/RR'),null);
Insert into MRVMM.T_GENM_INICIATIVA (ID_INICIATIVA,ID_MEDMIT,ID_USUARIO,NOMBRE_INICIATIVA,DESC_INICIATIVA,ID_ESTADO,PRIVACIDAD_INICIATIVA,INVERSION_INICIATIVA,ID_MONEDA,FECHA_CREA_INICIATIVA,FECHA_IMPLE_INICIATIVA,ID_ETAPA,USUARIO_REGISTRO,FECHA_REGISTRO,IP_REGISTRO,USUARIO_MODIFICA,FECHA_MODIFICA,IP_MODIFICA,FLG_ESTADO,PRIVACIDAD_INVERSION,FECHA_FIN_INICIATIVA,GEI_TOTAL) values ('382','12','181','primera iniciativa','descripción de iniciativa','2','1','1212121','1',to_date('20/02/20','DD/MM/RR'),to_date('01/01/18','DD/MM/RR'),'1',null,to_date('20/02/20','DD/MM/RR'),null,null,null,null,null,'1',to_date('01/01/22','DD/MM/RR'),null);
Insert into MRVMM.T_GENM_INICIATIVA (ID_INICIATIVA,ID_MEDMIT,ID_USUARIO,NOMBRE_INICIATIVA,DESC_INICIATIVA,ID_ESTADO,PRIVACIDAD_INICIATIVA,INVERSION_INICIATIVA,ID_MONEDA,FECHA_CREA_INICIATIVA,FECHA_IMPLE_INICIATIVA,ID_ETAPA,USUARIO_REGISTRO,FECHA_REGISTRO,IP_REGISTRO,USUARIO_MODIFICA,FECHA_MODIFICA,IP_MODIFICA,FLG_ESTADO,PRIVACIDAD_INVERSION,FECHA_FIN_INICIATIVA,GEI_TOTAL) values ('388','11','105',' Implementación de sistemas de generación eléctrica ',' Implementación de sistemas de generación eléctrica ','3','0','120000','1',to_date('20/02/20','DD/MM/RR'),to_date('21/07/18','DD/MM/RR'),'2',null,to_date('20/02/20','DD/MM/RR'),null,null,null,null,null,'0',to_date('22/07/18','DD/MM/RR'),null);
Insert into MRVMM.T_GENM_INICIATIVA (ID_INICIATIVA,ID_MEDMIT,ID_USUARIO,NOMBRE_INICIATIVA,DESC_INICIATIVA,ID_ESTADO,PRIVACIDAD_INICIATIVA,INVERSION_INICIATIVA,ID_MONEDA,FECHA_CREA_INICIATIVA,FECHA_IMPLE_INICIATIVA,ID_ETAPA,USUARIO_REGISTRO,FECHA_REGISTRO,IP_REGISTRO,USUARIO_MODIFICA,FECHA_MODIFICA,IP_MODIFICA,FLG_ESTADO,PRIVACIDAD_INVERSION,FECHA_FIN_INICIATIVA,GEI_TOTAL) values ('343','12','105','Vehiculos de 4M','toda la flota','2','0','1200000','1',to_date('13/02/20','DD/MM/RR'),to_date('21/02/18','DD/MM/RR'),'3',null,to_date('13/02/20','DD/MM/RR'),null,null,null,null,null,'0',to_date('22/03/18','DD/MM/RR'),null);
Insert into MRVMM.T_GENM_INICIATIVA (ID_INICIATIVA,ID_MEDMIT,ID_USUARIO,NOMBRE_INICIATIVA,DESC_INICIATIVA,ID_ESTADO,PRIVACIDAD_INICIATIVA,INVERSION_INICIATIVA,ID_MONEDA,FECHA_CREA_INICIATIVA,FECHA_IMPLE_INICIATIVA,ID_ETAPA,USUARIO_REGISTRO,FECHA_REGISTRO,IP_REGISTRO,USUARIO_MODIFICA,FECHA_MODIFICA,IP_MODIFICA,FLG_ESTADO,PRIVACIDAD_INVERSION,FECHA_FIN_INICIATIVA,GEI_TOTAL) values ('344','12','105','Vehiculo electrico de 5M','toda la flota','3','0','12000','1',to_date('13/02/20','DD/MM/RR'),to_date('21/03/18','DD/MM/RR'),'4',null,to_date('13/02/20','DD/MM/RR'),null,null,null,null,null,'0',to_date('10/02/19','DD/MM/RR'),null);
Insert into MRVMM.T_GENM_INICIATIVA (ID_INICIATIVA,ID_MEDMIT,ID_USUARIO,NOMBRE_INICIATIVA,DESC_INICIATIVA,ID_ESTADO,PRIVACIDAD_INICIATIVA,INVERSION_INICIATIVA,ID_MONEDA,FECHA_CREA_INICIATIVA,FECHA_IMPLE_INICIATIVA,ID_ETAPA,USUARIO_REGISTRO,FECHA_REGISTRO,IP_REGISTRO,USUARIO_MODIFICA,FECHA_MODIFICA,IP_MODIFICA,FLG_ESTADO,PRIVACIDAD_INVERSION,FECHA_FIN_INICIATIVA,GEI_TOTAL) values ('373','12','105','1 Bus Electrico MML','1 Bus Electrico MML','3','1','120000','2',to_date('17/02/20','DD/MM/RR'),to_date('01/01/18','DD/MM/RR'),'7',null,to_date('17/02/20','DD/MM/RR'),null,null,null,null,null,'1',to_date('01/01/01','DD/MM/RR'),null);
Insert into MRVMM.T_GENM_INICIATIVA (ID_INICIATIVA,ID_MEDMIT,ID_USUARIO,NOMBRE_INICIATIVA,DESC_INICIATIVA,ID_ESTADO,PRIVACIDAD_INICIATIVA,INVERSION_INICIATIVA,ID_MONEDA,FECHA_CREA_INICIATIVA,FECHA_IMPLE_INICIATIVA,ID_ETAPA,USUARIO_REGISTRO,FECHA_REGISTRO,IP_REGISTRO,USUARIO_MODIFICA,FECHA_MODIFICA,IP_MODIFICA,FLG_ESTADO,PRIVACIDAD_INVERSION,FECHA_FIN_INICIATIVA,GEI_TOTAL) values ('374','12','105','1 Bus Electrico Metropolitano','1 Bus Electrico Metropolitano','3','1','150000','2',to_date('18/02/20','DD/MM/RR'),to_date('01/01/19','DD/MM/RR'),'2',null,to_date('18/02/20','DD/MM/RR'),null,null,null,null,null,'1',to_date('01/01/01','DD/MM/RR'),null);
Insert into MRVMM.T_GENM_INICIATIVA (ID_INICIATIVA,ID_MEDMIT,ID_USUARIO,NOMBRE_INICIATIVA,DESC_INICIATIVA,ID_ESTADO,PRIVACIDAD_INICIATIVA,INVERSION_INICIATIVA,ID_MONEDA,FECHA_CREA_INICIATIVA,FECHA_IMPLE_INICIATIVA,ID_ETAPA,USUARIO_REGISTRO,FECHA_REGISTRO,IP_REGISTRO,USUARIO_MODIFICA,FECHA_MODIFICA,IP_MODIFICA,FLG_ESTADO,PRIVACIDAD_INVERSION,FECHA_FIN_INICIATIVA,GEI_TOTAL) values ('375','12','105','buses de 7 metros ','Cambio de toda la flota','2','0','12000','2',to_date('19/02/20','DD/MM/RR'),to_date('21/04/18','DD/MM/RR'),'1',null,to_date('19/02/20','DD/MM/RR'),null,null,null,null,null,'0',to_date('21/05/18','DD/MM/RR'),null);
Insert into MRVMM.T_GENM_INICIATIVA (ID_INICIATIVA,ID_MEDMIT,ID_USUARIO,NOMBRE_INICIATIVA,DESC_INICIATIVA,ID_ESTADO,PRIVACIDAD_INICIATIVA,INVERSION_INICIATIVA,ID_MONEDA,FECHA_CREA_INICIATIVA,FECHA_IMPLE_INICIATIVA,ID_ETAPA,USUARIO_REGISTRO,FECHA_REGISTRO,IP_REGISTRO,USUARIO_MODIFICA,FECHA_MODIFICA,IP_MODIFICA,FLG_ESTADO,PRIVACIDAD_INVERSION,FECHA_FIN_INICIATIVA,GEI_TOTAL) values ('379','12','105','Carros y buses de 2 M','Toda la flota de buses y carros ','1','0','120000','1',to_date('20/02/20','DD/MM/RR'),to_date('21/03/18','DD/MM/RR'),'1',null,to_date('20/02/20','DD/MM/RR'),null,null,null,null,null,'0',to_date('29/05/18','DD/MM/RR'),null);
Insert into MRVMM.T_GENM_INICIATIVA (ID_INICIATIVA,ID_MEDMIT,ID_USUARIO,NOMBRE_INICIATIVA,DESC_INICIATIVA,ID_ESTADO,PRIVACIDAD_INICIATIVA,INVERSION_INICIATIVA,ID_MONEDA,FECHA_CREA_INICIATIVA,FECHA_IMPLE_INICIATIVA,ID_ETAPA,USUARIO_REGISTRO,FECHA_REGISTRO,IP_REGISTRO,USUARIO_MODIFICA,FECHA_MODIFICA,IP_MODIFICA,FLG_ESTADO,PRIVACIDAD_INVERSION,FECHA_FIN_INICIATIVA,GEI_TOTAL) values ('380','12','180','Buses Etuchisa eléctricos','Cambio de la flota','3','0','12000','1',to_date('20/02/20','DD/MM/RR'),to_date('12/05/18','DD/MM/RR'),'2',null,to_date('20/02/20','DD/MM/RR'),null,null,null,null,null,'0',to_date('20/07/18','DD/MM/RR'),null);
Insert into MRVMM.T_GENM_INICIATIVA (ID_INICIATIVA,ID_MEDMIT,ID_USUARIO,NOMBRE_INICIATIVA,DESC_INICIATIVA,ID_ESTADO,PRIVACIDAD_INICIATIVA,INVERSION_INICIATIVA,ID_MONEDA,FECHA_CREA_INICIATIVA,FECHA_IMPLE_INICIATIVA,ID_ETAPA,USUARIO_REGISTRO,FECHA_REGISTRO,IP_REGISTRO,USUARIO_MODIFICA,FECHA_MODIFICA,IP_MODIFICA,FLG_ESTADO,PRIVACIDAD_INVERSION,FECHA_FIN_INICIATIVA,GEI_TOTAL) values ('381','8','180','cocinas sin horno','cocinas sin horno','1','0','120000','1',to_date('20/02/20','DD/MM/RR'),to_date('21/05/18','DD/MM/RR'),'1',null,to_date('20/02/20','DD/MM/RR'),null,null,null,null,null,'0',to_date('23/05/18','DD/MM/RR'),null);
Insert into MRVMM.T_GENM_INICIATIVA (ID_INICIATIVA,ID_MEDMIT,ID_USUARIO,NOMBRE_INICIATIVA,DESC_INICIATIVA,ID_ESTADO,PRIVACIDAD_INICIATIVA,INVERSION_INICIATIVA,ID_MONEDA,FECHA_CREA_INICIATIVA,FECHA_IMPLE_INICIATIVA,ID_ETAPA,USUARIO_REGISTRO,FECHA_REGISTRO,IP_REGISTRO,USUARIO_MODIFICA,FECHA_MODIFICA,IP_MODIFICA,FLG_ESTADO,PRIVACIDAD_INVERSION,FECHA_FIN_INICIATIVA,GEI_TOTAL) values ('383','12','105','2 Vehiculos Electricos por Consumo Aeropuerto','2 Vehiculos Electricos por Consumo Aeropuerto','3','1','160000','2',to_date('20/02/20','DD/MM/RR'),to_date('01/01/19','DD/MM/RR'),'5',null,to_date('20/02/20','DD/MM/RR'),null,null,null,null,null,'1',to_date('01/01/01','DD/MM/RR'),null);
Insert into MRVMM.T_GENM_INICIATIVA (ID_INICIATIVA,ID_MEDMIT,ID_USUARIO,NOMBRE_INICIATIVA,DESC_INICIATIVA,ID_ESTADO,PRIVACIDAD_INICIATIVA,INVERSION_INICIATIVA,ID_MONEDA,FECHA_CREA_INICIATIVA,FECHA_IMPLE_INICIATIVA,ID_ETAPA,USUARIO_REGISTRO,FECHA_REGISTRO,IP_REGISTRO,USUARIO_MODIFICA,FECHA_MODIFICA,IP_MODIFICA,FLG_ESTADO,PRIVACIDAD_INVERSION,FECHA_FIN_INICIATIVA,GEI_TOTAL) values ('386','12','182','NOMBRE DE INICIATIVA','DESCRIPCIÓN INICIATIVA','3','1','123456','1',to_date('20/02/20','DD/MM/RR'),to_date('20/02/18','DD/MM/RR'),'6',null,to_date('20/02/20','DD/MM/RR'),null,null,null,null,null,'1',to_date('01/01/01','DD/MM/RR'),null);
Insert into MRVMM.T_GENM_INICIATIVA (ID_INICIATIVA,ID_MEDMIT,ID_USUARIO,NOMBRE_INICIATIVA,DESC_INICIATIVA,ID_ESTADO,PRIVACIDAD_INICIATIVA,INVERSION_INICIATIVA,ID_MONEDA,FECHA_CREA_INICIATIVA,FECHA_IMPLE_INICIATIVA,ID_ETAPA,USUARIO_REGISTRO,FECHA_REGISTRO,IP_REGISTRO,USUARIO_MODIFICA,FECHA_MODIFICA,IP_MODIFICA,FLG_ESTADO,PRIVACIDAD_INVERSION,FECHA_FIN_INICIATIVA,GEI_TOTAL) values ('387','12','105','Vehiculos de 20 metros','Toda la flota','3','0','12000','1',to_date('20/02/20','DD/MM/RR'),to_date('21/01/18','DD/MM/RR'),'2',null,to_date('20/02/20','DD/MM/RR'),null,null,null,null,null,'0',to_date('22/02/18','DD/MM/RR'),null);
Insert into MRVMM.T_GENM_INICIATIVA (ID_INICIATIVA,ID_MEDMIT,ID_USUARIO,NOMBRE_INICIATIVA,DESC_INICIATIVA,ID_ESTADO,PRIVACIDAD_INICIATIVA,INVERSION_INICIATIVA,ID_MONEDA,FECHA_CREA_INICIATIVA,FECHA_IMPLE_INICIATIVA,ID_ETAPA,USUARIO_REGISTRO,FECHA_REGISTRO,IP_REGISTRO,USUARIO_MODIFICA,FECHA_MODIFICA,IP_MODIFICA,FLG_ESTADO,PRIVACIDAD_INVERSION,FECHA_FIN_INICIATIVA,GEI_TOTAL) values ('372','12','105','Flota de 101 autos','Flota de 101 autos','3','1','350000','2',to_date('17/02/20','DD/MM/RR'),to_date('12/10/19','DD/MM/RR'),'2',null,to_date('17/02/20','DD/MM/RR'),null,null,null,null,null,'1',to_date('11/10/22','DD/MM/RR'),null);
Insert into MRVMM.T_GENM_INICIATIVA (ID_INICIATIVA,ID_MEDMIT,ID_USUARIO,NOMBRE_INICIATIVA,DESC_INICIATIVA,ID_ESTADO,PRIVACIDAD_INICIATIVA,INVERSION_INICIATIVA,ID_MONEDA,FECHA_CREA_INICIATIVA,FECHA_IMPLE_INICIATIVA,ID_ETAPA,USUARIO_REGISTRO,FECHA_REGISTRO,IP_REGISTRO,USUARIO_MODIFICA,FECHA_MODIFICA,IP_MODIFICA,FLG_ESTADO,PRIVACIDAD_INVERSION,FECHA_FIN_INICIATIVA,GEI_TOTAL) values ('376','12','105','2 Buses Electricos Aeropuerto Cusco','2 Buses Electricos Aeropuerto Cusco','3','1','160000','2',to_date('19/02/20','DD/MM/RR'),to_date('10/01/18','DD/MM/RR'),'8',null,to_date('19/02/20','DD/MM/RR'),null,null,null,null,null,'1',to_date('01/01/01','DD/MM/RR'),null);
Insert into MRVMM.T_GENM_INICIATIVA (ID_INICIATIVA,ID_MEDMIT,ID_USUARIO,NOMBRE_INICIATIVA,DESC_INICIATIVA,ID_ESTADO,PRIVACIDAD_INICIATIVA,INVERSION_INICIATIVA,ID_MONEDA,FECHA_CREA_INICIATIVA,FECHA_IMPLE_INICIATIVA,ID_ETAPA,USUARIO_REGISTRO,FECHA_REGISTRO,IP_REGISTRO,USUARIO_MODIFICA,FECHA_MODIFICA,IP_MODIFICA,FLG_ESTADO,PRIVACIDAD_INVERSION,FECHA_FIN_INICIATIVA,GEI_TOTAL) values ('342','12','105','Vehiculos electricos 3M','toda la flota','3','0','10000','1',to_date('13/02/20','DD/MM/RR'),to_date('21/03/18','DD/MM/RR'),'5',null,to_date('13/02/20','DD/MM/RR'),null,null,null,null,null,'0',to_date('21/04/18','DD/MM/RR'),null);
REM INSERTING into MRVMM.T_GENM_INSTITUCION
SET DEFINE OFF;
Insert into MRVMM.T_GENM_INSTITUCION (ID_INSTITUCION,ID_SECTOR_INSTITUCION,RUC_INSTITUCION,NOMBRE_INSTITUCION,DIRECCION_INSTITUCION,FLAG_ESTADO) values ('261','1','20245869732','Pablo Repuestos SAC','Av. Los rosales 321','1');
Insert into MRVMM.T_GENM_INSTITUCION (ID_INSTITUCION,ID_SECTOR_INSTITUCION,RUC_INSTITUCION,NOMBRE_INSTITUCION,DIRECCION_INSTITUCION,FLAG_ESTADO) values ('262','1','20245869732','Pablo Repuestos SAC','Av. Los rosales 321','1');
Insert into MRVMM.T_GENM_INSTITUCION (ID_INSTITUCION,ID_SECTOR_INSTITUCION,RUC_INSTITUCION,NOMBRE_INSTITUCION,DIRECCION_INSTITUCION,FLAG_ESTADO) values ('263','1','20245869732','Pablo Repuestos SAC','Av. Los rosales 321','1');
Insert into MRVMM.T_GENM_INSTITUCION (ID_INSTITUCION,ID_SECTOR_INSTITUCION,RUC_INSTITUCION,NOMBRE_INSTITUCION,DIRECCION_INSTITUCION,FLAG_ESTADO) values ('264','1','20245869732','Pablo Repuestos SAC','Av. Los rosales 321','1');
Insert into MRVMM.T_GENM_INSTITUCION (ID_INSTITUCION,ID_SECTOR_INSTITUCION,RUC_INSTITUCION,NOMBRE_INSTITUCION,DIRECCION_INSTITUCION,FLAG_ESTADO) values ('265','1','20345849930','Pedro Repuestos SAC','Av Los angeles 3028','1');
Insert into MRVMM.T_GENM_INSTITUCION (ID_INSTITUCION,ID_SECTOR_INSTITUCION,RUC_INSTITUCION,NOMBRE_INSTITUCION,DIRECCION_INSTITUCION,FLAG_ESTADO) values ('241','1','20521718227','Municipalidad Metropolitana de Lima','Plaza de Armas S/N Cercado de Lima',null);
Insert into MRVMM.T_GENM_INSTITUCION (ID_INSTITUCION,ID_SECTOR_INSTITUCION,RUC_INSTITUCION,NOMBRE_INSTITUCION,DIRECCION_INSTITUCION,FLAG_ESTADO) values ('222','2','20123456789','GZ CORP','Av. Caminos del Inca 999',null);
Insert into MRVMM.T_GENM_INSTITUCION (ID_INSTITUCION,ID_SECTOR_INSTITUCION,RUC_INSTITUCION,NOMBRE_INSTITUCION,DIRECCION_INSTITUCION,FLAG_ESTADO) values ('224','1','20589897745','PNUD','Av. Pérez Araníbar Nº 750  Magdalena del Mar, Lima 17',null);
Insert into MRVMM.T_GENM_INSTITUCION (ID_INSTITUCION,ID_SECTOR_INSTITUCION,RUC_INSTITUCION,NOMBRE_INSTITUCION,DIRECCION_INSTITUCION,FLAG_ESTADO) values ('223','1','20521818229','MINAM','Av. Javier Prado Oeste N° 1440  San Isidro ',null);
Insert into MRVMM.T_GENM_INSTITUCION (ID_INSTITUCION,ID_SECTOR_INSTITUCION,RUC_INSTITUCION,NOMBRE_INSTITUCION,DIRECCION_INSTITUCION,FLAG_ESTADO) values ('221','2','20521718227','Logical Perú S.A.C.','Av. Mariano Arredondo 2551 Lima',null);
Insert into MRVMM.T_GENM_INSTITUCION (ID_INSTITUCION,ID_SECTOR_INSTITUCION,RUC_INSTITUCION,NOMBRE_INSTITUCION,DIRECCION_INSTITUCION,FLAG_ESTADO) values ('225','2','21987654321','GZ CORP','AV. Caminos del Inca 999',null);
Insert into MRVMM.T_GENM_INSTITUCION (ID_INSTITUCION,ID_SECTOR_INSTITUCION,RUC_INSTITUCION,NOMBRE_INSTITUCION,DIRECCION_INSTITUCION,FLAG_ESTADO) values ('190','1','20364567891','MINEDU','Av . Las palmeras',null);
Insert into MRVMM.T_GENM_INSTITUCION (ID_INSTITUCION,ID_SECTOR_INSTITUCION,RUC_INSTITUCION,NOMBRE_INSTITUCION,DIRECCION_INSTITUCION,FLAG_ESTADO) values ('189','2','20100257963','FULL TRAFICO .NET','CALLE LIMA SUR 2019','1');
Insert into MRVMM.T_GENM_INSTITUCION (ID_INSTITUCION,ID_SECTOR_INSTITUCION,RUC_INSTITUCION,NOMBRE_INSTITUCION,DIRECCION_INSTITUCION,FLAG_ESTADO) values ('202','2','20456789654','Grupo Vinifan','Av. Alfredo mendiola',null);
Insert into MRVMM.T_GENM_INSTITUCION (ID_INSTITUCION,ID_SECTOR_INSTITUCION,RUC_INSTITUCION,NOMBRE_INSTITUCION,DIRECCION_INSTITUCION,FLAG_ESTADO) values ('203','1','20123456781','Grupo zuñiga','av. los incas 440',null);
Insert into MRVMM.T_GENM_INSTITUCION (ID_INSTITUCION,ID_SECTOR_INSTITUCION,RUC_INSTITUCION,NOMBRE_INSTITUCION,DIRECCION_INSTITUCION,FLAG_ESTADO) values ('188','2','20877785554','Grupo Zuñiga','Av Caminos del Inca',null);
Insert into MRVMM.T_GENM_INSTITUCION (ID_INSTITUCION,ID_SECTOR_INSTITUCION,RUC_INSTITUCION,NOMBRE_INSTITUCION,DIRECCION_INSTITUCION,FLAG_ESTADO) values ('201','2','20521718229','Informatica el Corte Ingles S.A.C.','Av. Angamos Oeste 3678 Miraflores',null);
Insert into MRVMM.T_GENM_INSTITUCION (ID_INSTITUCION,ID_SECTOR_INSTITUCION,RUC_INSTITUCION,NOMBRE_INSTITUCION,DIRECCION_INSTITUCION,FLAG_ESTADO) values ('42','1','20131368829','MINISTERIO DE ENERGIA Y MINAS','Av. De Las Artes Sur 260, San Borja 15036',null);
Insert into MRVMM.T_GENM_INSTITUCION (ID_INSTITUCION,ID_SECTOR_INSTITUCION,RUC_INSTITUCION,NOMBRE_INSTITUCION,DIRECCION_INSTITUCION,FLAG_ESTADO) values ('243','1','20521718229','MML','Plaza de Armas S/N Cercado de Lima','1');
Insert into MRVMM.T_GENM_INSTITUCION (ID_INSTITUCION,ID_SECTOR_INSTITUCION,RUC_INSTITUCION,NOMBRE_INSTITUCION,DIRECCION_INSTITUCION,FLAG_ESTADO) values ('266','2','20464758955','Repuestos Infante SAC','Av. Los rosales 3049','1');
Insert into MRVMM.T_GENM_INSTITUCION (ID_INSTITUCION,ID_SECTOR_INSTITUCION,RUC_INSTITUCION,NOMBRE_INSTITUCION,DIRECCION_INSTITUCION,FLAG_ESTADO) values ('267','1','20102030405','MANA','MiCasa','1');
Insert into MRVMM.T_GENM_INSTITUCION (ID_INSTITUCION,ID_SECTOR_INSTITUCION,RUC_INSTITUCION,NOMBRE_INSTITUCION,DIRECCION_INSTITUCION,FLAG_ESTADO) values ('268','2','20123456789','SLIPKNOT SAC','MI CASITA','1');
Insert into MRVMM.T_GENM_INSTITUCION (ID_INSTITUCION,ID_SECTOR_INSTITUCION,RUC_INSTITUCION,NOMBRE_INSTITUCION,DIRECCION_INSTITUCION,FLAG_ESTADO) values ('269','2','22222222222','asd','aaaa','1');
REM INSERTING into MRVMM.T_GENM_MEDMIT_ENERG
SET DEFINE OFF;
Insert into MRVMM.T_GENM_MEDMIT_ENERG (ID_MEDMIT_ENERG,ID_MEDMIT,ID_ENERG,FLAG_ESTADO) values ('1','1','2','1');
Insert into MRVMM.T_GENM_MEDMIT_ENERG (ID_MEDMIT_ENERG,ID_MEDMIT,ID_ENERG,FLAG_ESTADO) values ('2','2',null,'1');
Insert into MRVMM.T_GENM_MEDMIT_ENERG (ID_MEDMIT_ENERG,ID_MEDMIT,ID_ENERG,FLAG_ESTADO) values ('3','3','2','1');
Insert into MRVMM.T_GENM_MEDMIT_ENERG (ID_MEDMIT_ENERG,ID_MEDMIT,ID_ENERG,FLAG_ESTADO) values ('4','4',null,'1');
Insert into MRVMM.T_GENM_MEDMIT_ENERG (ID_MEDMIT_ENERG,ID_MEDMIT,ID_ENERG,FLAG_ESTADO) values ('5','5','2','1');
Insert into MRVMM.T_GENM_MEDMIT_ENERG (ID_MEDMIT_ENERG,ID_MEDMIT,ID_ENERG,FLAG_ESTADO) values ('6','6','2','1');
Insert into MRVMM.T_GENM_MEDMIT_ENERG (ID_MEDMIT_ENERG,ID_MEDMIT,ID_ENERG,FLAG_ESTADO) values ('7','7','2','1');
Insert into MRVMM.T_GENM_MEDMIT_ENERG (ID_MEDMIT_ENERG,ID_MEDMIT,ID_ENERG,FLAG_ESTADO) values ('8','8',null,'1');
Insert into MRVMM.T_GENM_MEDMIT_ENERG (ID_MEDMIT_ENERG,ID_MEDMIT,ID_ENERG,FLAG_ESTADO) values ('9','9','4','1');
Insert into MRVMM.T_GENM_MEDMIT_ENERG (ID_MEDMIT_ENERG,ID_MEDMIT,ID_ENERG,FLAG_ESTADO) values ('10','10',null,'1');
Insert into MRVMM.T_GENM_MEDMIT_ENERG (ID_MEDMIT_ENERG,ID_MEDMIT,ID_ENERG,FLAG_ESTADO) values ('11','11','4','1');
Insert into MRVMM.T_GENM_MEDMIT_ENERG (ID_MEDMIT_ENERG,ID_MEDMIT,ID_ENERG,FLAG_ESTADO) values ('12','12',null,'1');
REM INSERTING into MRVMM.T_GENM_MEDMIT_GEI
SET DEFINE OFF;
Insert into MRVMM.T_GENM_MEDMIT_GEI (ID_MEDMIT_GEI,ID_MEDMIT,ID_GEI,FLAG_ESTADO) values ('1','1','1','1');
Insert into MRVMM.T_GENM_MEDMIT_GEI (ID_MEDMIT_GEI,ID_MEDMIT,ID_GEI,FLAG_ESTADO) values ('2','1','2','1');
Insert into MRVMM.T_GENM_MEDMIT_GEI (ID_MEDMIT_GEI,ID_MEDMIT,ID_GEI,FLAG_ESTADO) values ('3','1','3','1');
Insert into MRVMM.T_GENM_MEDMIT_GEI (ID_MEDMIT_GEI,ID_MEDMIT,ID_GEI,FLAG_ESTADO) values ('4','2','1','1');
Insert into MRVMM.T_GENM_MEDMIT_GEI (ID_MEDMIT_GEI,ID_MEDMIT,ID_GEI,FLAG_ESTADO) values ('5','2','2','1');
Insert into MRVMM.T_GENM_MEDMIT_GEI (ID_MEDMIT_GEI,ID_MEDMIT,ID_GEI,FLAG_ESTADO) values ('6','2','3','1');
Insert into MRVMM.T_GENM_MEDMIT_GEI (ID_MEDMIT_GEI,ID_MEDMIT,ID_GEI,FLAG_ESTADO) values ('7','3','1','1');
Insert into MRVMM.T_GENM_MEDMIT_GEI (ID_MEDMIT_GEI,ID_MEDMIT,ID_GEI,FLAG_ESTADO) values ('8','3','2','1');
Insert into MRVMM.T_GENM_MEDMIT_GEI (ID_MEDMIT_GEI,ID_MEDMIT,ID_GEI,FLAG_ESTADO) values ('9','3','3','1');
Insert into MRVMM.T_GENM_MEDMIT_GEI (ID_MEDMIT_GEI,ID_MEDMIT,ID_GEI,FLAG_ESTADO) values ('10','4','1','1');
Insert into MRVMM.T_GENM_MEDMIT_GEI (ID_MEDMIT_GEI,ID_MEDMIT,ID_GEI,FLAG_ESTADO) values ('11','4','2','1');
Insert into MRVMM.T_GENM_MEDMIT_GEI (ID_MEDMIT_GEI,ID_MEDMIT,ID_GEI,FLAG_ESTADO) values ('12','4','3','1');
Insert into MRVMM.T_GENM_MEDMIT_GEI (ID_MEDMIT_GEI,ID_MEDMIT,ID_GEI,FLAG_ESTADO) values ('13','5','1','1');
Insert into MRVMM.T_GENM_MEDMIT_GEI (ID_MEDMIT_GEI,ID_MEDMIT,ID_GEI,FLAG_ESTADO) values ('14','5','2','1');
Insert into MRVMM.T_GENM_MEDMIT_GEI (ID_MEDMIT_GEI,ID_MEDMIT,ID_GEI,FLAG_ESTADO) values ('15','5','3','1');
Insert into MRVMM.T_GENM_MEDMIT_GEI (ID_MEDMIT_GEI,ID_MEDMIT,ID_GEI,FLAG_ESTADO) values ('16','6','1','1');
Insert into MRVMM.T_GENM_MEDMIT_GEI (ID_MEDMIT_GEI,ID_MEDMIT,ID_GEI,FLAG_ESTADO) values ('17','6','2','1');
Insert into MRVMM.T_GENM_MEDMIT_GEI (ID_MEDMIT_GEI,ID_MEDMIT,ID_GEI,FLAG_ESTADO) values ('18','6','3','1');
Insert into MRVMM.T_GENM_MEDMIT_GEI (ID_MEDMIT_GEI,ID_MEDMIT,ID_GEI,FLAG_ESTADO) values ('19','7','1','1');
Insert into MRVMM.T_GENM_MEDMIT_GEI (ID_MEDMIT_GEI,ID_MEDMIT,ID_GEI,FLAG_ESTADO) values ('20','7','2','1');
Insert into MRVMM.T_GENM_MEDMIT_GEI (ID_MEDMIT_GEI,ID_MEDMIT,ID_GEI,FLAG_ESTADO) values ('21','7','3','1');
Insert into MRVMM.T_GENM_MEDMIT_GEI (ID_MEDMIT_GEI,ID_MEDMIT,ID_GEI,FLAG_ESTADO) values ('22','8','1','1');
Insert into MRVMM.T_GENM_MEDMIT_GEI (ID_MEDMIT_GEI,ID_MEDMIT,ID_GEI,FLAG_ESTADO) values ('23','8','2','1');
Insert into MRVMM.T_GENM_MEDMIT_GEI (ID_MEDMIT_GEI,ID_MEDMIT,ID_GEI,FLAG_ESTADO) values ('24','8','3','1');
Insert into MRVMM.T_GENM_MEDMIT_GEI (ID_MEDMIT_GEI,ID_MEDMIT,ID_GEI,FLAG_ESTADO) values ('25','9','1','1');
Insert into MRVMM.T_GENM_MEDMIT_GEI (ID_MEDMIT_GEI,ID_MEDMIT,ID_GEI,FLAG_ESTADO) values ('26','10','1','1');
Insert into MRVMM.T_GENM_MEDMIT_GEI (ID_MEDMIT_GEI,ID_MEDMIT,ID_GEI,FLAG_ESTADO) values ('27','10','2','1');
Insert into MRVMM.T_GENM_MEDMIT_GEI (ID_MEDMIT_GEI,ID_MEDMIT,ID_GEI,FLAG_ESTADO) values ('28','10','3','1');
Insert into MRVMM.T_GENM_MEDMIT_GEI (ID_MEDMIT_GEI,ID_MEDMIT,ID_GEI,FLAG_ESTADO) values ('29','11','1','1');
Insert into MRVMM.T_GENM_MEDMIT_GEI (ID_MEDMIT_GEI,ID_MEDMIT,ID_GEI,FLAG_ESTADO) values ('30','12','1','1');
Insert into MRVMM.T_GENM_MEDMIT_GEI (ID_MEDMIT_GEI,ID_MEDMIT,ID_GEI,FLAG_ESTADO) values ('31','12','2','1');
Insert into MRVMM.T_GENM_MEDMIT_GEI (ID_MEDMIT_GEI,ID_MEDMIT,ID_GEI,FLAG_ESTADO) values ('32','12','3','1');
REM INSERTING into MRVMM.T_GENM_NOTIFICACION
SET DEFINE OFF;
Insert into MRVMM.T_GENM_NOTIFICACION (ID_NOTIFICACION,ID_INICIATIVA,ID_ETAPA,ID_ESTADO,FECHA_REGISTRO,ID_ROL,ID_USUARIO,FLG_VISTO,FECHA_VISTO,ID_USUARIO_VISTO,DESCRIPCION,ID_ESTADO_NOTIFICACION,ID_USUARIO_REMITENTE) values ('553','342','1','1',to_date('13/02/20','DD/MM/RR'),'2','104','0',null,null,'La iniciativa de la entidad Informatica el Corte Ingles S.A.C. ha sido registrado correctamente y requiere su revisión','0','105');
Insert into MRVMM.T_GENM_NOTIFICACION (ID_NOTIFICACION,ID_INICIATIVA,ID_ETAPA,ID_ESTADO,FECHA_REGISTRO,ID_ROL,ID_USUARIO,FLG_VISTO,FECHA_VISTO,ID_USUARIO_VISTO,DESCRIPCION,ID_ESTADO_NOTIFICACION,ID_USUARIO_REMITENTE) values ('588','343','3','2',to_date('18/02/20','DD/MM/RR'),'1','104','0',null,null,'no','1','81');
Insert into MRVMM.T_GENM_NOTIFICACION (ID_NOTIFICACION,ID_INICIATIVA,ID_ETAPA,ID_ESTADO,FECHA_REGISTRO,ID_ROL,ID_USUARIO,FLG_VISTO,FECHA_VISTO,ID_USUARIO_VISTO,DESCRIPCION,ID_ESTADO_NOTIFICACION,ID_USUARIO_REMITENTE) values ('609','382','1','1',to_date('20/02/20','DD/MM/RR'),'2','104','0',null,null,'La iniciativa de la entidad MANA ha sido registrado correctamente y requiere su revisión','0','181');
Insert into MRVMM.T_GENM_NOTIFICACION (ID_NOTIFICACION,ID_INICIATIVA,ID_ETAPA,ID_ESTADO,FECHA_REGISTRO,ID_ROL,ID_USUARIO,FLG_VISTO,FECHA_VISTO,ID_USUARIO_VISTO,DESCRIPCION,ID_ESTADO_NOTIFICACION,ID_USUARIO_REMITENTE) values ('554','342','2','3',to_date('13/02/20','DD/MM/RR'),'1','105','1',to_date('13/02/20','DD/MM/RR'),'105','Su iniciativa fue revisada y aprobada','3','81');
Insert into MRVMM.T_GENM_NOTIFICACION (ID_NOTIFICACION,ID_INICIATIVA,ID_ETAPA,ID_ESTADO,FECHA_REGISTRO,ID_ROL,ID_USUARIO,FLG_VISTO,FECHA_VISTO,ID_USUARIO_VISTO,DESCRIPCION,ID_ESTADO_NOTIFICACION,ID_USUARIO_REMITENTE) values ('579','371','2','3',to_date('17/02/20','DD/MM/RR'),'1','105','0',null,null,'Su iniciativa fue revisada y aprobada','3','81');
Insert into MRVMM.T_GENM_NOTIFICACION (ID_NOTIFICACION,ID_INICIATIVA,ID_ETAPA,ID_ESTADO,FECHA_REGISTRO,ID_ROL,ID_USUARIO,FLG_VISTO,FECHA_VISTO,ID_USUARIO_VISTO,DESCRIPCION,ID_ESTADO_NOTIFICACION,ID_USUARIO_REMITENTE) values ('580','372','1','1',to_date('17/02/20','DD/MM/RR'),'2','104','1',to_date('19/02/20','DD/MM/RR'),'104','La iniciativa de la entidad Informatica el Corte Ingles S.A.C. ha sido registrado correctamente y requiere su revisión','0','105');
Insert into MRVMM.T_GENM_NOTIFICACION (ID_NOTIFICACION,ID_INICIATIVA,ID_ETAPA,ID_ESTADO,FECHA_REGISTRO,ID_ROL,ID_USUARIO,FLG_VISTO,FECHA_VISTO,ID_USUARIO_VISTO,DESCRIPCION,ID_ESTADO_NOTIFICACION,ID_USUARIO_REMITENTE) values ('581','372','2','3',to_date('17/02/20','DD/MM/RR'),'1','105','0',null,null,'Su iniciativa fue revisada y aprobada','3','81');
Insert into MRVMM.T_GENM_NOTIFICACION (ID_NOTIFICACION,ID_INICIATIVA,ID_ETAPA,ID_ESTADO,FECHA_REGISTRO,ID_ROL,ID_USUARIO,FLG_VISTO,FECHA_VISTO,ID_USUARIO_VISTO,DESCRIPCION,ID_ESTADO_NOTIFICACION,ID_USUARIO_REMITENTE) values ('584','373','3','1',to_date('18/02/20','DD/MM/RR'),'2','104','1',to_date('19/02/20','DD/MM/RR'),'104','El usuario de la entidad Informatica el Corte Ingles S.A.C.ha registrado el/los detalle(s) de la Iniciativa (1 Bus Electrico MML), en espera de su revisión','0','105');
Insert into MRVMM.T_GENM_NOTIFICACION (ID_NOTIFICACION,ID_INICIATIVA,ID_ETAPA,ID_ESTADO,FECHA_REGISTRO,ID_ROL,ID_USUARIO,FLG_VISTO,FECHA_VISTO,ID_USUARIO_VISTO,DESCRIPCION,ID_ESTADO_NOTIFICACION,ID_USUARIO_REMITENTE) values ('585','373','3','2',to_date('18/02/20','DD/MM/RR'),'1','104','0',null,null,null,'1','81');
Insert into MRVMM.T_GENM_NOTIFICACION (ID_NOTIFICACION,ID_INICIATIVA,ID_ETAPA,ID_ESTADO,FECHA_REGISTRO,ID_ROL,ID_USUARIO,FLG_VISTO,FECHA_VISTO,ID_USUARIO_VISTO,DESCRIPCION,ID_ESTADO_NOTIFICACION,ID_USUARIO_REMITENTE) values ('586','374','1','1',to_date('18/02/20','DD/MM/RR'),'2','104','0',null,null,'La iniciativa de la entidad Informatica el Corte Ingles S.A.C. ha sido registrado correctamente y requiere su revisión','0','105');
Insert into MRVMM.T_GENM_NOTIFICACION (ID_NOTIFICACION,ID_INICIATIVA,ID_ETAPA,ID_ESTADO,FECHA_REGISTRO,ID_ROL,ID_USUARIO,FLG_VISTO,FECHA_VISTO,ID_USUARIO_VISTO,DESCRIPCION,ID_ESTADO_NOTIFICACION,ID_USUARIO_REMITENTE) values ('587','374','2','3',to_date('18/02/20','DD/MM/RR'),'1','105','0',null,null,'Su iniciativa fue revisada y aprobada','3','81');
Insert into MRVMM.T_GENM_NOTIFICACION (ID_NOTIFICACION,ID_INICIATIVA,ID_ETAPA,ID_ESTADO,FECHA_REGISTRO,ID_ROL,ID_USUARIO,FLG_VISTO,FECHA_VISTO,ID_USUARIO_VISTO,DESCRIPCION,ID_ESTADO_NOTIFICACION,ID_USUARIO_REMITENTE) values ('589','375','1','1',to_date('19/02/20','DD/MM/RR'),'2','104','0',null,null,'La iniciativa de la entidad Informatica el Corte Ingles S.A.C. ha sido registrado correctamente y requiere su revisión','0','105');
Insert into MRVMM.T_GENM_NOTIFICACION (ID_NOTIFICACION,ID_INICIATIVA,ID_ETAPA,ID_ESTADO,FECHA_REGISTRO,ID_ROL,ID_USUARIO,FLG_VISTO,FECHA_VISTO,ID_USUARIO_VISTO,DESCRIPCION,ID_ESTADO_NOTIFICACION,ID_USUARIO_REMITENTE) values ('590','375','1','2',to_date('19/02/20','DD/MM/RR'),'1','105','0',null,null,'realizar una mejor descripción','1','104');
Insert into MRVMM.T_GENM_NOTIFICACION (ID_NOTIFICACION,ID_INICIATIVA,ID_ETAPA,ID_ESTADO,FECHA_REGISTRO,ID_ROL,ID_USUARIO,FLG_VISTO,FECHA_VISTO,ID_USUARIO_VISTO,DESCRIPCION,ID_ESTADO_NOTIFICACION,ID_USUARIO_REMITENTE) values ('606','379','1','1',to_date('20/02/20','DD/MM/RR'),'2','104','0',null,null,'La iniciativa de la entidad Informatica el Corte Ingles S.A.C. ha sido registrado correctamente y requiere su revisión','0','105');
Insert into MRVMM.T_GENM_NOTIFICACION (ID_NOTIFICACION,ID_INICIATIVA,ID_ETAPA,ID_ESTADO,FECHA_REGISTRO,ID_ROL,ID_USUARIO,FLG_VISTO,FECHA_VISTO,ID_USUARIO_VISTO,DESCRIPCION,ID_ESTADO_NOTIFICACION,ID_USUARIO_REMITENTE) values ('607','380','1','1',to_date('20/02/20','DD/MM/RR'),'2','104','0',null,null,'La iniciativa de la entidad Repuestos Infante SAC ha sido registrado correctamente y requiere su revisión','0','180');
Insert into MRVMM.T_GENM_NOTIFICACION (ID_NOTIFICACION,ID_INICIATIVA,ID_ETAPA,ID_ESTADO,FECHA_REGISTRO,ID_ROL,ID_USUARIO,FLG_VISTO,FECHA_VISTO,ID_USUARIO_VISTO,DESCRIPCION,ID_ESTADO_NOTIFICACION,ID_USUARIO_REMITENTE) values ('608','381','1','1',to_date('20/02/20','DD/MM/RR'),'2','124','0',null,null,'La iniciativa de la entidad Repuestos Infante SAC ha sido registrado correctamente y requiere su revisión','0','180');
Insert into MRVMM.T_GENM_NOTIFICACION (ID_NOTIFICACION,ID_INICIATIVA,ID_ETAPA,ID_ESTADO,FECHA_REGISTRO,ID_ROL,ID_USUARIO,FLG_VISTO,FECHA_VISTO,ID_USUARIO_VISTO,DESCRIPCION,ID_ESTADO_NOTIFICACION,ID_USUARIO_REMITENTE) values ('611','376','3','1',to_date('20/02/20','DD/MM/RR'),'2','104','0',null,null,'El usuario de la entidad Informatica el Corte Ingles S.A.C.ha registrado el/los detalle(s) de la Iniciativa (2 Buses Electricos Aeropuerto Cusco), en espera de su revisión','0','105');
Insert into MRVMM.T_GENM_NOTIFICACION (ID_NOTIFICACION,ID_INICIATIVA,ID_ETAPA,ID_ESTADO,FECHA_REGISTRO,ID_ROL,ID_USUARIO,FLG_VISTO,FECHA_VISTO,ID_USUARIO_VISTO,DESCRIPCION,ID_ESTADO_NOTIFICACION,ID_USUARIO_REMITENTE) values ('612','383','1','1',to_date('20/02/20','DD/MM/RR'),'2','104','0',null,null,'La iniciativa de la entidad Informatica el Corte Ingles S.A.C. ha sido registrado correctamente y requiere su revisión','0','105');
Insert into MRVMM.T_GENM_NOTIFICACION (ID_NOTIFICACION,ID_INICIATIVA,ID_ETAPA,ID_ESTADO,FECHA_REGISTRO,ID_ROL,ID_USUARIO,FLG_VISTO,FECHA_VISTO,ID_USUARIO_VISTO,DESCRIPCION,ID_ESTADO_NOTIFICACION,ID_USUARIO_REMITENTE) values ('613','383','2','3',to_date('20/02/20','DD/MM/RR'),'1','105','0',null,null,'Su iniciativa fue revisada y aprobada','3','81');
Insert into MRVMM.T_GENM_NOTIFICACION (ID_NOTIFICACION,ID_INICIATIVA,ID_ETAPA,ID_ESTADO,FECHA_REGISTRO,ID_ROL,ID_USUARIO,FLG_VISTO,FECHA_VISTO,ID_USUARIO_VISTO,DESCRIPCION,ID_ESTADO_NOTIFICACION,ID_USUARIO_REMITENTE) values ('614','386','1','1',to_date('20/02/20','DD/MM/RR'),'2','104','0',null,null,'La iniciativa de la entidad SLIPKNOT SAC ha sido registrado correctamente y requiere su revisión','0','182');
Insert into MRVMM.T_GENM_NOTIFICACION (ID_NOTIFICACION,ID_INICIATIVA,ID_ETAPA,ID_ESTADO,FECHA_REGISTRO,ID_ROL,ID_USUARIO,FLG_VISTO,FECHA_VISTO,ID_USUARIO_VISTO,DESCRIPCION,ID_ESTADO_NOTIFICACION,ID_USUARIO_REMITENTE) values ('615','386','1','2',to_date('20/02/20','DD/MM/RR'),'1','182','0',null,null,'ERROR CORRIGE TODO','1','81');
Insert into MRVMM.T_GENM_NOTIFICACION (ID_NOTIFICACION,ID_INICIATIVA,ID_ETAPA,ID_ESTADO,FECHA_REGISTRO,ID_ROL,ID_USUARIO,FLG_VISTO,FECHA_VISTO,ID_USUARIO_VISTO,DESCRIPCION,ID_ESTADO_NOTIFICACION,ID_USUARIO_REMITENTE) values ('629','386','3','1',to_date('20/02/20','DD/MM/RR'),'2','104','0',null,null,'El usuario de la entidad SLIPKNOT SACha registrado el/los detalle(s) de la Iniciativa (NOMBRE DE INICIATIVA), en espera de su revisión','0','182');
Insert into MRVMM.T_GENM_NOTIFICACION (ID_NOTIFICACION,ID_INICIATIVA,ID_ETAPA,ID_ESTADO,FECHA_REGISTRO,ID_ROL,ID_USUARIO,FLG_VISTO,FECHA_VISTO,ID_USUARIO_VISTO,DESCRIPCION,ID_ESTADO_NOTIFICACION,ID_USUARIO_REMITENTE) values ('634','387','1','1',to_date('20/02/20','DD/MM/RR'),'2','104','0',null,null,'La iniciativa de la entidad Informatica el Corte Ingles S.A.C. ha sido registrado correctamente y requiere su revisión','0','105');
Insert into MRVMM.T_GENM_NOTIFICACION (ID_NOTIFICACION,ID_INICIATIVA,ID_ETAPA,ID_ESTADO,FECHA_REGISTRO,ID_ROL,ID_USUARIO,FLG_VISTO,FECHA_VISTO,ID_USUARIO_VISTO,DESCRIPCION,ID_ESTADO_NOTIFICACION,ID_USUARIO_REMITENTE) values ('635','387','2','3',to_date('20/02/20','DD/MM/RR'),'1','105','0',null,null,'Su iniciativa fue revisada y aprobada','3','104');
Insert into MRVMM.T_GENM_NOTIFICACION (ID_NOTIFICACION,ID_INICIATIVA,ID_ETAPA,ID_ESTADO,FECHA_REGISTRO,ID_ROL,ID_USUARIO,FLG_VISTO,FECHA_VISTO,ID_USUARIO_VISTO,DESCRIPCION,ID_ESTADO_NOTIFICACION,ID_USUARIO_REMITENTE) values ('592','368','2','3',to_date('19/02/20','DD/MM/RR'),'1','105','0',null,null,'Su iniciativa fue revisada y aprobada','3','104');
Insert into MRVMM.T_GENM_NOTIFICACION (ID_NOTIFICACION,ID_INICIATIVA,ID_ETAPA,ID_ESTADO,FECHA_REGISTRO,ID_ROL,ID_USUARIO,FLG_VISTO,FECHA_VISTO,ID_USUARIO_VISTO,DESCRIPCION,ID_ESTADO_NOTIFICACION,ID_USUARIO_REMITENTE) values ('593','373','4','3',to_date('19/02/20','DD/MM/RR'),'1','105','0',null,null,'Los detalles de indicadores de su iniciativa fueron revisadas y aprobadas','3','104');
Insert into MRVMM.T_GENM_NOTIFICACION (ID_NOTIFICACION,ID_INICIATIVA,ID_ETAPA,ID_ESTADO,FECHA_REGISTRO,ID_ROL,ID_USUARIO,FLG_VISTO,FECHA_VISTO,ID_USUARIO_VISTO,DESCRIPCION,ID_ESTADO_NOTIFICACION,ID_USUARIO_REMITENTE) values ('594','373','5','1',to_date('19/02/20','DD/MM/RR'),'3','22','1',to_date('19/02/20','DD/MM/RR'),'22','La iniciativa y el detalle de indicadores de la entidad Informatica el Corte Ingles S.A.C. fueron revisadas y aprobadas, y estan a la espera de su revisión','0','104');
Insert into MRVMM.T_GENM_NOTIFICACION (ID_NOTIFICACION,ID_INICIATIVA,ID_ETAPA,ID_ESTADO,FECHA_REGISTRO,ID_ROL,ID_USUARIO,FLG_VISTO,FECHA_VISTO,ID_USUARIO_VISTO,DESCRIPCION,ID_ESTADO_NOTIFICACION,ID_USUARIO_REMITENTE) values ('595','373','2','3',to_date('19/02/20','DD/MM/RR'),'1','105','0',null,null,'Su iniciativa fue revisada y aprobada','3','104');
Insert into MRVMM.T_GENM_NOTIFICACION (ID_NOTIFICACION,ID_INICIATIVA,ID_ETAPA,ID_ESTADO,FECHA_REGISTRO,ID_ROL,ID_USUARIO,FLG_VISTO,FECHA_VISTO,ID_USUARIO_VISTO,DESCRIPCION,ID_ESTADO_NOTIFICACION,ID_USUARIO_REMITENTE) values ('596','372','2','3',to_date('19/02/20','DD/MM/RR'),'1','105','0',null,null,'Su iniciativa fue revisada y aprobada','3','104');
Insert into MRVMM.T_GENM_NOTIFICACION (ID_NOTIFICACION,ID_INICIATIVA,ID_ETAPA,ID_ESTADO,FECHA_REGISTRO,ID_ROL,ID_USUARIO,FLG_VISTO,FECHA_VISTO,ID_USUARIO_VISTO,DESCRIPCION,ID_ESTADO_NOTIFICACION,ID_USUARIO_REMITENTE) values ('597','373','5','3',to_date('19/02/20','DD/MM/RR'),'2','104','0',null,null,'Los detalles de indicadores y la iniciativa fueron revisados y aprobadas por el Administrador MINEM','3','22');
Insert into MRVMM.T_GENM_NOTIFICACION (ID_NOTIFICACION,ID_INICIATIVA,ID_ETAPA,ID_ESTADO,FECHA_REGISTRO,ID_ROL,ID_USUARIO,FLG_VISTO,FECHA_VISTO,ID_USUARIO_VISTO,DESCRIPCION,ID_ESTADO_NOTIFICACION,ID_USUARIO_REMITENTE) values ('605','370','2','3',to_date('19/02/20','DD/MM/RR'),'1','105','0',null,null,'Su iniciativa fue revisada y aprobada','3','81');
Insert into MRVMM.T_GENM_NOTIFICACION (ID_NOTIFICACION,ID_INICIATIVA,ID_ETAPA,ID_ESTADO,FECHA_REGISTRO,ID_ROL,ID_USUARIO,FLG_VISTO,FECHA_VISTO,ID_USUARIO_VISTO,DESCRIPCION,ID_ESTADO_NOTIFICACION,ID_USUARIO_REMITENTE) values ('627','386','1','1',to_date('20/02/20','DD/MM/RR'),'2','104','0',null,null,'La iniciativa de la entidad SLIPKNOT SAC ha sido registrado correctamente y requiere su revisión','0','182');
Insert into MRVMM.T_GENM_NOTIFICACION (ID_NOTIFICACION,ID_INICIATIVA,ID_ETAPA,ID_ESTADO,FECHA_REGISTRO,ID_ROL,ID_USUARIO,FLG_VISTO,FECHA_VISTO,ID_USUARIO_VISTO,DESCRIPCION,ID_ESTADO_NOTIFICACION,ID_USUARIO_REMITENTE) values ('628','386','2','3',to_date('20/02/20','DD/MM/RR'),'1','182','0',null,null,'Su iniciativa fue revisada y aprobada','3','81');
Insert into MRVMM.T_GENM_NOTIFICACION (ID_NOTIFICACION,ID_INICIATIVA,ID_ETAPA,ID_ESTADO,FECHA_REGISTRO,ID_ROL,ID_USUARIO,FLG_VISTO,FECHA_VISTO,ID_USUARIO_VISTO,DESCRIPCION,ID_ESTADO_NOTIFICACION,ID_USUARIO_REMITENTE) values ('632','386','4','3',to_date('20/02/20','DD/MM/RR'),'1','182','0',null,null,'Los detalles de indicadores de su iniciativa fueron revisadas y aprobadas','3','81');
Insert into MRVMM.T_GENM_NOTIFICACION (ID_NOTIFICACION,ID_INICIATIVA,ID_ETAPA,ID_ESTADO,FECHA_REGISTRO,ID_ROL,ID_USUARIO,FLG_VISTO,FECHA_VISTO,ID_USUARIO_VISTO,DESCRIPCION,ID_ESTADO_NOTIFICACION,ID_USUARIO_REMITENTE) values ('633','386','5','1',to_date('20/02/20','DD/MM/RR'),'3','22','0',null,null,'La iniciativa y el detalle de indicadores de la entidad SLIPKNOT SAC fueron revisadas y aprobadas, y estan a la espera de su revisión','0','81');
Insert into MRVMM.T_GENM_NOTIFICACION (ID_NOTIFICACION,ID_INICIATIVA,ID_ETAPA,ID_ESTADO,FECHA_REGISTRO,ID_ROL,ID_USUARIO,FLG_VISTO,FECHA_VISTO,ID_USUARIO_VISTO,DESCRIPCION,ID_ESTADO_NOTIFICACION,ID_USUARIO_REMITENTE) values ('631','386','3','1',to_date('20/02/20','DD/MM/RR'),'2','182','0',null,null,'La entidad SLIPKNOT SAC ha corregido el detalle de indicadores correctamente y requiere su revisión','0','104');
Insert into MRVMM.T_GENM_NOTIFICACION (ID_NOTIFICACION,ID_INICIATIVA,ID_ETAPA,ID_ESTADO,FECHA_REGISTRO,ID_ROL,ID_USUARIO,FLG_VISTO,FECHA_VISTO,ID_USUARIO_VISTO,DESCRIPCION,ID_ESTADO_NOTIFICACION,ID_USUARIO_REMITENTE) values ('630','386','3','2',to_date('20/02/20','DD/MM/RR'),'1','104','0',null,null,'FALTA DETALLE DE INDICADORES','1','81');
Insert into MRVMM.T_GENM_NOTIFICACION (ID_NOTIFICACION,ID_INICIATIVA,ID_ETAPA,ID_ESTADO,FECHA_REGISTRO,ID_ROL,ID_USUARIO,FLG_VISTO,FECHA_VISTO,ID_USUARIO_VISTO,DESCRIPCION,ID_ESTADO_NOTIFICACION,ID_USUARIO_REMITENTE) values ('566','341','5','3',to_date('15/02/20','DD/MM/RR'),'2','104','0',null,null,'Los detalles de indicadores y la iniciativa fueron revisados y aprobadas por el Administrador MINEM','3','22');
Insert into MRVMM.T_GENM_NOTIFICACION (ID_NOTIFICACION,ID_INICIATIVA,ID_ETAPA,ID_ESTADO,FECHA_REGISTRO,ID_ROL,ID_USUARIO,FLG_VISTO,FECHA_VISTO,ID_USUARIO_VISTO,DESCRIPCION,ID_ESTADO_NOTIFICACION,ID_USUARIO_REMITENTE) values ('567','341','5','3',to_date('15/02/20','DD/MM/RR'),'3','22','0',null,null,'Los detalles de indicadores y la iniciativa fueron revisados y aprobadas por el Evaluador MINAM','3','122');
Insert into MRVMM.T_GENM_NOTIFICACION (ID_NOTIFICACION,ID_INICIATIVA,ID_ETAPA,ID_ESTADO,FECHA_REGISTRO,ID_ROL,ID_USUARIO,FLG_VISTO,FECHA_VISTO,ID_USUARIO_VISTO,DESCRIPCION,ID_ESTADO_NOTIFICACION,ID_USUARIO_REMITENTE) values ('582','373','1','1',to_date('17/02/20','DD/MM/RR'),'2','104','1',to_date('19/02/20','DD/MM/RR'),'104','La iniciativa de la entidad Informatica el Corte Ingles S.A.C. ha sido registrado correctamente y requiere su revisión','0','105');
Insert into MRVMM.T_GENM_NOTIFICACION (ID_NOTIFICACION,ID_INICIATIVA,ID_ETAPA,ID_ESTADO,FECHA_REGISTRO,ID_ROL,ID_USUARIO,FLG_VISTO,FECHA_VISTO,ID_USUARIO_VISTO,DESCRIPCION,ID_ESTADO_NOTIFICACION,ID_USUARIO_REMITENTE) values ('583','373','2','3',to_date('17/02/20','DD/MM/RR'),'1','105','0',null,null,'Su iniciativa fue revisada y aprobada','3','81');
Insert into MRVMM.T_GENM_NOTIFICACION (ID_NOTIFICACION,ID_INICIATIVA,ID_ETAPA,ID_ESTADO,FECHA_REGISTRO,ID_ROL,ID_USUARIO,FLG_VISTO,FECHA_VISTO,ID_USUARIO_VISTO,DESCRIPCION,ID_ESTADO_NOTIFICACION,ID_USUARIO_REMITENTE) values ('598','373','5','3',to_date('19/02/20','DD/MM/RR'),'3','22','0',null,null,'Los detalles de indicadores y la iniciativa fueron revisados y aprobadas por el Evaluador MINAM','3','122');
Insert into MRVMM.T_GENM_NOTIFICACION (ID_NOTIFICACION,ID_INICIATIVA,ID_ETAPA,ID_ESTADO,FECHA_REGISTRO,ID_ROL,ID_USUARIO,FLG_VISTO,FECHA_VISTO,ID_USUARIO_VISTO,DESCRIPCION,ID_ESTADO_NOTIFICACION,ID_USUARIO_REMITENTE) values ('599','373','7','3',to_date('19/02/20','DD/MM/RR'),'4','122','0',null,null,'Los detalles de indicadores y la iniciativa fueron revisados y aprobadas por el Verificador Externo','3','123');
Insert into MRVMM.T_GENM_NOTIFICACION (ID_NOTIFICACION,ID_INICIATIVA,ID_ETAPA,ID_ESTADO,FECHA_REGISTRO,ID_ROL,ID_USUARIO,FLG_VISTO,FECHA_VISTO,ID_USUARIO_VISTO,DESCRIPCION,ID_ESTADO_NOTIFICACION,ID_USUARIO_REMITENTE) values ('600','342','8','3',to_date('19/02/20','DD/MM/RR'),'2','104','0',null,null,'Los detalles de indicadores y la iniciativa fueron revisados y aprobadas por el Administrador MINEM','3','22');
Insert into MRVMM.T_GENM_NOTIFICACION (ID_NOTIFICACION,ID_INICIATIVA,ID_ETAPA,ID_ESTADO,FECHA_REGISTRO,ID_ROL,ID_USUARIO,FLG_VISTO,FECHA_VISTO,ID_USUARIO_VISTO,DESCRIPCION,ID_ESTADO_NOTIFICACION,ID_USUARIO_REMITENTE) values ('601','342','8','2',to_date('19/02/20','DD/MM/RR'),'3','22','0',null,null,'no esta bien','1','123');
Insert into MRVMM.T_GENM_NOTIFICACION (ID_NOTIFICACION,ID_INICIATIVA,ID_ETAPA,ID_ESTADO,FECHA_REGISTRO,ID_ROL,ID_USUARIO,FLG_VISTO,FECHA_VISTO,ID_USUARIO_VISTO,DESCRIPCION,ID_ESTADO_NOTIFICACION,ID_USUARIO_REMITENTE) values ('602','342','5','3',to_date('19/02/20','DD/MM/RR'),'2','104','0',null,null,'Los detalles de indicadores y la iniciativa fueron revisados y aprobadas por el Administrador MINEM','3','22');
Insert into MRVMM.T_GENM_NOTIFICACION (ID_NOTIFICACION,ID_INICIATIVA,ID_ETAPA,ID_ESTADO,FECHA_REGISTRO,ID_ROL,ID_USUARIO,FLG_VISTO,FECHA_VISTO,ID_USUARIO_VISTO,DESCRIPCION,ID_ESTADO_NOTIFICACION,ID_USUARIO_REMITENTE) values ('603','376','1','1',to_date('19/02/20','DD/MM/RR'),'2','104','0',null,null,'La iniciativa de la entidad Informatica el Corte Ingles S.A.C. ha sido registrado correctamente y requiere su revisión','0','105');
Insert into MRVMM.T_GENM_NOTIFICACION (ID_NOTIFICACION,ID_INICIATIVA,ID_ETAPA,ID_ESTADO,FECHA_REGISTRO,ID_ROL,ID_USUARIO,FLG_VISTO,FECHA_VISTO,ID_USUARIO_VISTO,DESCRIPCION,ID_ESTADO_NOTIFICACION,ID_USUARIO_REMITENTE) values ('549','341','2','3',to_date('13/02/20','DD/MM/RR'),'1','105','0',null,null,'Su iniciativa fue revisada y aprobada','3','81');
Insert into MRVMM.T_GENM_NOTIFICACION (ID_NOTIFICACION,ID_INICIATIVA,ID_ETAPA,ID_ESTADO,FECHA_REGISTRO,ID_ROL,ID_USUARIO,FLG_VISTO,FECHA_VISTO,ID_USUARIO_VISTO,DESCRIPCION,ID_ESTADO_NOTIFICACION,ID_USUARIO_REMITENTE) values ('550','341','3','1',to_date('13/02/20','DD/MM/RR'),'2','104','0',null,null,'El usuario de la entidad Informatica el Corte Ingles S.A.C.ha registrado el/los detalle(s) de la Iniciativa (2 Vehiculos Electricos para Aeropuerto Jorge Chavez), en espera de su revisión','0','105');
Insert into MRVMM.T_GENM_NOTIFICACION (ID_NOTIFICACION,ID_INICIATIVA,ID_ETAPA,ID_ESTADO,FECHA_REGISTRO,ID_ROL,ID_USUARIO,FLG_VISTO,FECHA_VISTO,ID_USUARIO_VISTO,DESCRIPCION,ID_ESTADO_NOTIFICACION,ID_USUARIO_REMITENTE) values ('551','341','4','3',to_date('13/02/20','DD/MM/RR'),'1','105','0',null,null,'Los detalles de indicadores de su iniciativa fueron revisadas y aprobadas','3','81');
Insert into MRVMM.T_GENM_NOTIFICACION (ID_NOTIFICACION,ID_INICIATIVA,ID_ETAPA,ID_ESTADO,FECHA_REGISTRO,ID_ROL,ID_USUARIO,FLG_VISTO,FECHA_VISTO,ID_USUARIO_VISTO,DESCRIPCION,ID_ESTADO_NOTIFICACION,ID_USUARIO_REMITENTE) values ('552','341','5','1',to_date('13/02/20','DD/MM/RR'),'3','22','0',null,null,'La iniciativa y el detalle de indicadores de la entidad Informatica el Corte Ingles S.A.C. fueron revisadas y aprobadas, y estan a la espera de su revisión','0','81');
Insert into MRVMM.T_GENM_NOTIFICACION (ID_NOTIFICACION,ID_INICIATIVA,ID_ETAPA,ID_ESTADO,FECHA_REGISTRO,ID_ROL,ID_USUARIO,FLG_VISTO,FECHA_VISTO,ID_USUARIO_VISTO,DESCRIPCION,ID_ESTADO_NOTIFICACION,ID_USUARIO_REMITENTE) values ('555','342','3','1',to_date('13/02/20','DD/MM/RR'),'2','104','0',null,null,'El usuario de la entidad Informatica el Corte Ingles S.A.C.ha registrado el/los detalle(s) de la Iniciativa (Vehiculos electricos 3M), en espera de su revisión','0','0');
Insert into MRVMM.T_GENM_NOTIFICACION (ID_NOTIFICACION,ID_INICIATIVA,ID_ETAPA,ID_ESTADO,FECHA_REGISTRO,ID_ROL,ID_USUARIO,FLG_VISTO,FECHA_VISTO,ID_USUARIO_VISTO,DESCRIPCION,ID_ESTADO_NOTIFICACION,ID_USUARIO_REMITENTE) values ('547','312','7','3',to_date('13/02/20','DD/MM/RR'),'4','122','0',null,null,'Los detalles de indicadores y la iniciativa fueron revisados y aprobadas por el Verificador Externo','3','123');
Insert into MRVMM.T_GENM_NOTIFICACION (ID_NOTIFICACION,ID_INICIATIVA,ID_ETAPA,ID_ESTADO,FECHA_REGISTRO,ID_ROL,ID_USUARIO,FLG_VISTO,FECHA_VISTO,ID_USUARIO_VISTO,DESCRIPCION,ID_ESTADO_NOTIFICACION,ID_USUARIO_REMITENTE) values ('548','341','1','1',to_date('13/02/20','DD/MM/RR'),'2','104','0',null,null,'La iniciativa de la entidad Informatica el Corte Ingles S.A.C. ha sido registrado correctamente y requiere su revisión','0','105');
Insert into MRVMM.T_GENM_NOTIFICACION (ID_NOTIFICACION,ID_INICIATIVA,ID_ETAPA,ID_ESTADO,FECHA_REGISTRO,ID_ROL,ID_USUARIO,FLG_VISTO,FECHA_VISTO,ID_USUARIO_VISTO,DESCRIPCION,ID_ESTADO_NOTIFICACION,ID_USUARIO_REMITENTE) values ('556','343','1','1',to_date('13/02/20','DD/MM/RR'),'2','104','0',null,null,'La iniciativa de la entidad Informatica el Corte Ingles S.A.C. ha sido registrado correctamente y requiere su revisión','0','105');
Insert into MRVMM.T_GENM_NOTIFICACION (ID_NOTIFICACION,ID_INICIATIVA,ID_ETAPA,ID_ESTADO,FECHA_REGISTRO,ID_ROL,ID_USUARIO,FLG_VISTO,FECHA_VISTO,ID_USUARIO_VISTO,DESCRIPCION,ID_ESTADO_NOTIFICACION,ID_USUARIO_REMITENTE) values ('557','344','1','1',to_date('13/02/20','DD/MM/RR'),'2','104','0',null,null,'La iniciativa de la entidad Informatica el Corte Ingles S.A.C. ha sido registrado correctamente y requiere su revisión','0','105');
Insert into MRVMM.T_GENM_NOTIFICACION (ID_NOTIFICACION,ID_INICIATIVA,ID_ETAPA,ID_ESTADO,FECHA_REGISTRO,ID_ROL,ID_USUARIO,FLG_VISTO,FECHA_VISTO,ID_USUARIO_VISTO,DESCRIPCION,ID_ESTADO_NOTIFICACION,ID_USUARIO_REMITENTE) values ('558','343','2','3',to_date('13/02/20','DD/MM/RR'),'1','105','1',to_date('13/02/20','DD/MM/RR'),'105','Su iniciativa fue revisada y aprobada','3','81');
Insert into MRVMM.T_GENM_NOTIFICACION (ID_NOTIFICACION,ID_INICIATIVA,ID_ETAPA,ID_ESTADO,FECHA_REGISTRO,ID_ROL,ID_USUARIO,FLG_VISTO,FECHA_VISTO,ID_USUARIO_VISTO,DESCRIPCION,ID_ESTADO_NOTIFICACION,ID_USUARIO_REMITENTE) values ('561','342','4','3',to_date('14/02/20','DD/MM/RR'),'1','105','1',to_date('18/02/20','DD/MM/RR'),'105','Los detalles de indicadores de su iniciativa fueron revisadas y aprobadas','3','81');
Insert into MRVMM.T_GENM_NOTIFICACION (ID_NOTIFICACION,ID_INICIATIVA,ID_ETAPA,ID_ESTADO,FECHA_REGISTRO,ID_ROL,ID_USUARIO,FLG_VISTO,FECHA_VISTO,ID_USUARIO_VISTO,DESCRIPCION,ID_ESTADO_NOTIFICACION,ID_USUARIO_REMITENTE) values ('562','342','5','1',to_date('14/02/20','DD/MM/RR'),'3','22','1',to_date('14/02/20','DD/MM/RR'),'22','La iniciativa y el detalle de indicadores de la entidad Informatica el Corte Ingles S.A.C. fueron revisadas y aprobadas, y estan a la espera de su revisión','0','81');
Insert into MRVMM.T_GENM_NOTIFICACION (ID_NOTIFICACION,ID_INICIATIVA,ID_ETAPA,ID_ESTADO,FECHA_REGISTRO,ID_ROL,ID_USUARIO,FLG_VISTO,FECHA_VISTO,ID_USUARIO_VISTO,DESCRIPCION,ID_ESTADO_NOTIFICACION,ID_USUARIO_REMITENTE) values ('564','344','2','3',to_date('14/02/20','DD/MM/RR'),'1','105','0',null,null,'Su iniciativa fue revisada y aprobada','3','81');
Insert into MRVMM.T_GENM_NOTIFICACION (ID_NOTIFICACION,ID_INICIATIVA,ID_ETAPA,ID_ESTADO,FECHA_REGISTRO,ID_ROL,ID_USUARIO,FLG_VISTO,FECHA_VISTO,ID_USUARIO_VISTO,DESCRIPCION,ID_ESTADO_NOTIFICACION,ID_USUARIO_REMITENTE) values ('565','344','3','1',to_date('14/02/20','DD/MM/RR'),'2','104','0',null,null,'El usuario de la entidad Informatica el Corte Ingles S.A.C.ha registrado el/los detalle(s) de la Iniciativa (Vehiculo electrico de 5M), en espera de su revisión','0','105');
Insert into MRVMM.T_GENM_NOTIFICACION (ID_NOTIFICACION,ID_INICIATIVA,ID_ETAPA,ID_ESTADO,FECHA_REGISTRO,ID_ROL,ID_USUARIO,FLG_VISTO,FECHA_VISTO,ID_USUARIO_VISTO,DESCRIPCION,ID_ESTADO_NOTIFICACION,ID_USUARIO_REMITENTE) values ('636','380','2','3',to_date('20/02/20','DD/MM/RR'),'1','180','0',null,null,'Su iniciativa fue revisada y aprobada','3','81');
Insert into MRVMM.T_GENM_NOTIFICACION (ID_NOTIFICACION,ID_INICIATIVA,ID_ETAPA,ID_ESTADO,FECHA_REGISTRO,ID_ROL,ID_USUARIO,FLG_VISTO,FECHA_VISTO,ID_USUARIO_VISTO,DESCRIPCION,ID_ESTADO_NOTIFICACION,ID_USUARIO_REMITENTE) values ('637','386','5','3',to_date('20/02/20','DD/MM/RR'),'2','104','0',null,null,'Los detalles de indicadores y la iniciativa fueron revisados y aprobadas por el Administrador MINEM','3','22');
Insert into MRVMM.T_GENM_NOTIFICACION (ID_NOTIFICACION,ID_INICIATIVA,ID_ETAPA,ID_ESTADO,FECHA_REGISTRO,ID_ROL,ID_USUARIO,FLG_VISTO,FECHA_VISTO,ID_USUARIO_VISTO,DESCRIPCION,ID_ESTADO_NOTIFICACION,ID_USUARIO_REMITENTE) values ('638','386','5','3',to_date('20/02/20','DD/MM/RR'),'3','22','0',null,null,'Los detalles de indicadores y la iniciativa fueron revisados y aprobadas por el Evaluador MINAM','3','122');
Insert into MRVMM.T_GENM_NOTIFICACION (ID_NOTIFICACION,ID_INICIATIVA,ID_ETAPA,ID_ESTADO,FECHA_REGISTRO,ID_ROL,ID_USUARIO,FLG_VISTO,FECHA_VISTO,ID_USUARIO_VISTO,DESCRIPCION,ID_ESTADO_NOTIFICACION,ID_USUARIO_REMITENTE) values ('639','388','1','1',to_date('20/02/20','DD/MM/RR'),'2','0','0',null,null,'La iniciativa de la entidad Informatica el Corte Ingles S.A.C. ha sido registrado correctamente y requiere su revisión','0','105');
Insert into MRVMM.T_GENM_NOTIFICACION (ID_NOTIFICACION,ID_INICIATIVA,ID_ETAPA,ID_ESTADO,FECHA_REGISTRO,ID_ROL,ID_USUARIO,FLG_VISTO,FECHA_VISTO,ID_USUARIO_VISTO,DESCRIPCION,ID_ESTADO_NOTIFICACION,ID_USUARIO_REMITENTE) values ('640','388','2','3',to_date('20/02/20','DD/MM/RR'),'1','105','0',null,null,'Su iniciativa fue revisada y aprobada','3','81');
Insert into MRVMM.T_GENM_NOTIFICACION (ID_NOTIFICACION,ID_INICIATIVA,ID_ETAPA,ID_ESTADO,FECHA_REGISTRO,ID_ROL,ID_USUARIO,FLG_VISTO,FECHA_VISTO,ID_USUARIO_VISTO,DESCRIPCION,ID_ESTADO_NOTIFICACION,ID_USUARIO_REMITENTE) values ('604','376','2','3',to_date('19/02/20','DD/MM/RR'),'1','105','0',null,null,'Su iniciativa fue revisada y aprobada','3','81');
Insert into MRVMM.T_GENM_NOTIFICACION (ID_NOTIFICACION,ID_INICIATIVA,ID_ETAPA,ID_ESTADO,FECHA_REGISTRO,ID_ROL,ID_USUARIO,FLG_VISTO,FECHA_VISTO,ID_USUARIO_VISTO,DESCRIPCION,ID_ESTADO_NOTIFICACION,ID_USUARIO_REMITENTE) values ('546','312','5','3',to_date('13/02/20','DD/MM/RR'),'3','22','0',null,null,'Los detalles de indicadores y la iniciativa fueron revisados y aprobadas por el Evaluador MINAM','3','122');
Insert into MRVMM.T_GENM_NOTIFICACION (ID_NOTIFICACION,ID_INICIATIVA,ID_ETAPA,ID_ESTADO,FECHA_REGISTRO,ID_ROL,ID_USUARIO,FLG_VISTO,FECHA_VISTO,ID_USUARIO_VISTO,DESCRIPCION,ID_ESTADO_NOTIFICACION,ID_USUARIO_REMITENTE) values ('591','341','7','3',to_date('19/02/20','DD/MM/RR'),'4','122','0',null,null,'Los detalles de indicadores y la iniciativa fueron revisados y aprobadas por el Verificador Externo','3','123');
Insert into MRVMM.T_GENM_NOTIFICACION (ID_NOTIFICACION,ID_INICIATIVA,ID_ETAPA,ID_ESTADO,FECHA_REGISTRO,ID_ROL,ID_USUARIO,FLG_VISTO,FECHA_VISTO,ID_USUARIO_VISTO,DESCRIPCION,ID_ESTADO_NOTIFICACION,ID_USUARIO_REMITENTE) values ('610','382','1','2',to_date('20/02/20','DD/MM/RR'),'1','181','0',null,null,'corregir','1','104');
Insert into MRVMM.T_GENM_NOTIFICACION (ID_NOTIFICACION,ID_INICIATIVA,ID_ETAPA,ID_ESTADO,FECHA_REGISTRO,ID_ROL,ID_USUARIO,FLG_VISTO,FECHA_VISTO,ID_USUARIO_VISTO,DESCRIPCION,ID_ESTADO_NOTIFICACION,ID_USUARIO_REMITENTE) values ('617','383','4','3',to_date('20/02/20','DD/MM/RR'),'1','105','0',null,null,'Los detalles de indicadores de su iniciativa fueron revisadas y aprobadas','3','81');
Insert into MRVMM.T_GENM_NOTIFICACION (ID_NOTIFICACION,ID_INICIATIVA,ID_ETAPA,ID_ESTADO,FECHA_REGISTRO,ID_ROL,ID_USUARIO,FLG_VISTO,FECHA_VISTO,ID_USUARIO_VISTO,DESCRIPCION,ID_ESTADO_NOTIFICACION,ID_USUARIO_REMITENTE) values ('618','383','5','1',to_date('20/02/20','DD/MM/RR'),'3','22','0',null,null,'La iniciativa y el detalle de indicadores de la entidad Informatica el Corte Ingles S.A.C. fueron revisadas y aprobadas, y estan a la espera de su revisión','0','81');
Insert into MRVMM.T_GENM_NOTIFICACION (ID_NOTIFICACION,ID_INICIATIVA,ID_ETAPA,ID_ESTADO,FECHA_REGISTRO,ID_ROL,ID_USUARIO,FLG_VISTO,FECHA_VISTO,ID_USUARIO_VISTO,DESCRIPCION,ID_ESTADO_NOTIFICACION,ID_USUARIO_REMITENTE) values ('622','344','4','3',to_date('20/02/20','DD/MM/RR'),'1','105','0',null,null,'Los detalles de indicadores de su iniciativa fueron revisadas y aprobadas','3','104');
Insert into MRVMM.T_GENM_NOTIFICACION (ID_NOTIFICACION,ID_INICIATIVA,ID_ETAPA,ID_ESTADO,FECHA_REGISTRO,ID_ROL,ID_USUARIO,FLG_VISTO,FECHA_VISTO,ID_USUARIO_VISTO,DESCRIPCION,ID_ESTADO_NOTIFICACION,ID_USUARIO_REMITENTE) values ('623','344','5','1',to_date('20/02/20','DD/MM/RR'),'3','22','0',null,null,'La iniciativa y el detalle de indicadores de la entidad Informatica el Corte Ingles S.A.C. fueron revisadas y aprobadas, y estan a la espera de su revisión','0','104');
Insert into MRVMM.T_GENM_NOTIFICACION (ID_NOTIFICACION,ID_INICIATIVA,ID_ETAPA,ID_ESTADO,FECHA_REGISTRO,ID_ROL,ID_USUARIO,FLG_VISTO,FECHA_VISTO,ID_USUARIO_VISTO,DESCRIPCION,ID_ESTADO_NOTIFICACION,ID_USUARIO_REMITENTE) values ('624','383','5','3',to_date('20/02/20','DD/MM/RR'),'2','104','0',null,null,'Los detalles de indicadores y la iniciativa fueron revisados y aprobadas por el Administrador MINEM','3','22');
Insert into MRVMM.T_GENM_NOTIFICACION (ID_NOTIFICACION,ID_INICIATIVA,ID_ETAPA,ID_ESTADO,FECHA_REGISTRO,ID_ROL,ID_USUARIO,FLG_VISTO,FECHA_VISTO,ID_USUARIO_VISTO,DESCRIPCION,ID_ESTADO_NOTIFICACION,ID_USUARIO_REMITENTE) values ('625','376','8','3',to_date('20/02/20','DD/MM/RR'),'2','104','0',null,null,'Los detalles de indicadores y la iniciativa fueron revisados y aprobadas por el Administrador MINEM','3','22');
Insert into MRVMM.T_GENM_NOTIFICACION (ID_NOTIFICACION,ID_INICIATIVA,ID_ETAPA,ID_ESTADO,FECHA_REGISTRO,ID_ROL,ID_USUARIO,FLG_VISTO,FECHA_VISTO,ID_USUARIO_VISTO,DESCRIPCION,ID_ESTADO_NOTIFICACION,ID_USUARIO_REMITENTE) values ('545','312','5','3',to_date('13/02/20','DD/MM/RR'),'2','104','0',null,null,'Los detalles de indicadores y la iniciativa fueron revisados y aprobadas por el Administrador MINEM','3','22');
Insert into MRVMM.T_GENM_NOTIFICACION (ID_NOTIFICACION,ID_INICIATIVA,ID_ETAPA,ID_ESTADO,FECHA_REGISTRO,ID_ROL,ID_USUARIO,FLG_VISTO,FECHA_VISTO,ID_USUARIO_VISTO,DESCRIPCION,ID_ESTADO_NOTIFICACION,ID_USUARIO_REMITENTE) values ('563','343','3','1',to_date('14/02/20','DD/MM/RR'),'2','104','0',null,null,'El usuario de la entidad Informatica el Corte Ingles S.A.C.ha registrado el/los detalle(s) de la Iniciativa (Vehiculos de 4M), en espera de su revisión','0','105');
Insert into MRVMM.T_GENM_NOTIFICACION (ID_NOTIFICACION,ID_INICIATIVA,ID_ETAPA,ID_ESTADO,FECHA_REGISTRO,ID_ROL,ID_USUARIO,FLG_VISTO,FECHA_VISTO,ID_USUARIO_VISTO,DESCRIPCION,ID_ESTADO_NOTIFICACION,ID_USUARIO_REMITENTE) values ('568','361','1','1',to_date('17/02/20','DD/MM/RR'),'2','0','0',null,null,'La iniciativa de la entidad Informatica el Corte Ingles S.A.C. ha sido registrado correctamente y requiere su revisión','0','105');
Insert into MRVMM.T_GENM_NOTIFICACION (ID_NOTIFICACION,ID_INICIATIVA,ID_ETAPA,ID_ESTADO,FECHA_REGISTRO,ID_ROL,ID_USUARIO,FLG_VISTO,FECHA_VISTO,ID_USUARIO_VISTO,DESCRIPCION,ID_ESTADO_NOTIFICACION,ID_USUARIO_REMITENTE) values ('569','362','1','1',to_date('17/02/20','DD/MM/RR'),'2','0','0',null,null,'La iniciativa de la entidad Informatica el Corte Ingles S.A.C. ha sido registrado correctamente y requiere su revisión','0','105');
Insert into MRVMM.T_GENM_NOTIFICACION (ID_NOTIFICACION,ID_INICIATIVA,ID_ETAPA,ID_ESTADO,FECHA_REGISTRO,ID_ROL,ID_USUARIO,FLG_VISTO,FECHA_VISTO,ID_USUARIO_VISTO,DESCRIPCION,ID_ESTADO_NOTIFICACION,ID_USUARIO_REMITENTE) values ('544','312','5','2',to_date('13/02/20','DD/MM/RR'),'3','22','1',to_date('13/02/20','DD/MM/RR'),'22','no entender','1','122');
Insert into MRVMM.T_GENM_NOTIFICACION (ID_NOTIFICACION,ID_INICIATIVA,ID_ETAPA,ID_ESTADO,FECHA_REGISTRO,ID_ROL,ID_USUARIO,FLG_VISTO,FECHA_VISTO,ID_USUARIO_VISTO,DESCRIPCION,ID_ESTADO_NOTIFICACION,ID_USUARIO_REMITENTE) values ('570','363','1','1',to_date('17/02/20','DD/MM/RR'),'2','81','0',null,null,'La iniciativa de la entidad Informatica el Corte Ingles S.A.C. ha sido registrado correctamente y requiere su revisión','0','105');
Insert into MRVMM.T_GENM_NOTIFICACION (ID_NOTIFICACION,ID_INICIATIVA,ID_ETAPA,ID_ESTADO,FECHA_REGISTRO,ID_ROL,ID_USUARIO,FLG_VISTO,FECHA_VISTO,ID_USUARIO_VISTO,DESCRIPCION,ID_ESTADO_NOTIFICACION,ID_USUARIO_REMITENTE) values ('571','364','1','1',to_date('17/02/20','DD/MM/RR'),'2','104','0',null,null,'La iniciativa de la entidad Informatica el Corte Ingles S.A.C. ha sido registrado correctamente y requiere su revisión','0','105');
Insert into MRVMM.T_GENM_NOTIFICACION (ID_NOTIFICACION,ID_INICIATIVA,ID_ETAPA,ID_ESTADO,FECHA_REGISTRO,ID_ROL,ID_USUARIO,FLG_VISTO,FECHA_VISTO,ID_USUARIO_VISTO,DESCRIPCION,ID_ESTADO_NOTIFICACION,ID_USUARIO_REMITENTE) values ('572','365','1','1',to_date('17/02/20','DD/MM/RR'),'2','0','0',null,null,'La iniciativa de la entidad Informatica el Corte Ingles S.A.C. ha sido registrado correctamente y requiere su revisión','0','105');
Insert into MRVMM.T_GENM_NOTIFICACION (ID_NOTIFICACION,ID_INICIATIVA,ID_ETAPA,ID_ESTADO,FECHA_REGISTRO,ID_ROL,ID_USUARIO,FLG_VISTO,FECHA_VISTO,ID_USUARIO_VISTO,DESCRIPCION,ID_ESTADO_NOTIFICACION,ID_USUARIO_REMITENTE) values ('573','366','1','1',to_date('17/02/20','DD/MM/RR'),'2','0','0',null,null,'La iniciativa de la entidad Informatica el Corte Ingles S.A.C. ha sido registrado correctamente y requiere su revisión','0','105');
Insert into MRVMM.T_GENM_NOTIFICACION (ID_NOTIFICACION,ID_INICIATIVA,ID_ETAPA,ID_ESTADO,FECHA_REGISTRO,ID_ROL,ID_USUARIO,FLG_VISTO,FECHA_VISTO,ID_USUARIO_VISTO,DESCRIPCION,ID_ESTADO_NOTIFICACION,ID_USUARIO_REMITENTE) values ('574','367','1','1',to_date('17/02/20','DD/MM/RR'),'2','0','0',null,null,'La iniciativa de la entidad Informatica el Corte Ingles S.A.C. ha sido registrado correctamente y requiere su revisión','0','105');
Insert into MRVMM.T_GENM_NOTIFICACION (ID_NOTIFICACION,ID_INICIATIVA,ID_ETAPA,ID_ESTADO,FECHA_REGISTRO,ID_ROL,ID_USUARIO,FLG_VISTO,FECHA_VISTO,ID_USUARIO_VISTO,DESCRIPCION,ID_ESTADO_NOTIFICACION,ID_USUARIO_REMITENTE) values ('575','368','1','1',to_date('17/02/20','DD/MM/RR'),'2','124','0',null,null,'La iniciativa de la entidad Informatica el Corte Ingles S.A.C. ha sido registrado correctamente y requiere su revisión','0','105');
Insert into MRVMM.T_GENM_NOTIFICACION (ID_NOTIFICACION,ID_INICIATIVA,ID_ETAPA,ID_ESTADO,FECHA_REGISTRO,ID_ROL,ID_USUARIO,FLG_VISTO,FECHA_VISTO,ID_USUARIO_VISTO,DESCRIPCION,ID_ESTADO_NOTIFICACION,ID_USUARIO_REMITENTE) values ('576','369','1','1',to_date('17/02/20','DD/MM/RR'),'2','0','0',null,null,'La iniciativa de la entidad Informatica el Corte Ingles S.A.C. ha sido registrado correctamente y requiere su revisión','0','105');
Insert into MRVMM.T_GENM_NOTIFICACION (ID_NOTIFICACION,ID_INICIATIVA,ID_ETAPA,ID_ESTADO,FECHA_REGISTRO,ID_ROL,ID_USUARIO,FLG_VISTO,FECHA_VISTO,ID_USUARIO_VISTO,DESCRIPCION,ID_ESTADO_NOTIFICACION,ID_USUARIO_REMITENTE) values ('577','370','1','1',to_date('17/02/20','DD/MM/RR'),'2','0','0',null,null,'La iniciativa de la entidad Informatica el Corte Ingles S.A.C. ha sido registrado correctamente y requiere su revisión','0','105');
Insert into MRVMM.T_GENM_NOTIFICACION (ID_NOTIFICACION,ID_INICIATIVA,ID_ETAPA,ID_ESTADO,FECHA_REGISTRO,ID_ROL,ID_USUARIO,FLG_VISTO,FECHA_VISTO,ID_USUARIO_VISTO,DESCRIPCION,ID_ESTADO_NOTIFICACION,ID_USUARIO_REMITENTE) values ('578','371','1','1',to_date('17/02/20','DD/MM/RR'),'2','0','0',null,null,'La iniciativa de la entidad Informatica el Corte Ingles S.A.C. ha sido registrado correctamente y requiere su revisión','0','105');
Insert into MRVMM.T_GENM_NOTIFICACION (ID_NOTIFICACION,ID_INICIATIVA,ID_ETAPA,ID_ESTADO,FECHA_REGISTRO,ID_ROL,ID_USUARIO,FLG_VISTO,FECHA_VISTO,ID_USUARIO_VISTO,DESCRIPCION,ID_ESTADO_NOTIFICACION,ID_USUARIO_REMITENTE) values ('616','383','3','1',to_date('20/02/20','DD/MM/RR'),'2','104','0',null,null,'El usuario de la entidad Informatica el Corte Ingles S.A.C.ha registrado el/los detalle(s) de la Iniciativa (2 Vehiculos Electricos por Consumo Aeropuerto), en espera de su revisión','0','105');
Insert into MRVMM.T_GENM_NOTIFICACION (ID_NOTIFICACION,ID_INICIATIVA,ID_ETAPA,ID_ESTADO,FECHA_REGISTRO,ID_ROL,ID_USUARIO,FLG_VISTO,FECHA_VISTO,ID_USUARIO_VISTO,DESCRIPCION,ID_ESTADO_NOTIFICACION,ID_USUARIO_REMITENTE) values ('619','386','1','1',to_date('20/02/20','DD/MM/RR'),'2','104','0',null,null,'La iniciativa de la entidad SLIPKNOT SAC ha sido registrado correctamente y requiere su revisión','0','182');
Insert into MRVMM.T_GENM_NOTIFICACION (ID_NOTIFICACION,ID_INICIATIVA,ID_ETAPA,ID_ESTADO,FECHA_REGISTRO,ID_ROL,ID_USUARIO,FLG_VISTO,FECHA_VISTO,ID_USUARIO_VISTO,DESCRIPCION,ID_ESTADO_NOTIFICACION,ID_USUARIO_REMITENTE) values ('620','376','4','3',to_date('20/02/20','DD/MM/RR'),'1','105','0',null,null,'Los detalles de indicadores de su iniciativa fueron revisadas y aprobadas','3','81');
Insert into MRVMM.T_GENM_NOTIFICACION (ID_NOTIFICACION,ID_INICIATIVA,ID_ETAPA,ID_ESTADO,FECHA_REGISTRO,ID_ROL,ID_USUARIO,FLG_VISTO,FECHA_VISTO,ID_USUARIO_VISTO,DESCRIPCION,ID_ESTADO_NOTIFICACION,ID_USUARIO_REMITENTE) values ('621','376','5','1',to_date('20/02/20','DD/MM/RR'),'3','22','0',null,null,'La iniciativa y el detalle de indicadores de la entidad Informatica el Corte Ingles S.A.C. fueron revisadas y aprobadas, y estan a la espera de su revisión','0','81');
Insert into MRVMM.T_GENM_NOTIFICACION (ID_NOTIFICACION,ID_INICIATIVA,ID_ETAPA,ID_ESTADO,FECHA_REGISTRO,ID_ROL,ID_USUARIO,FLG_VISTO,FECHA_VISTO,ID_USUARIO_VISTO,DESCRIPCION,ID_ESTADO_NOTIFICACION,ID_USUARIO_REMITENTE) values ('626','386','1','2',to_date('20/02/20','DD/MM/RR'),'1','182','0',null,null,'EL MONTO ESTA EN CERO, CORREGIR','1','81');
REM INSERTING into MRVMM.T_GENM_USUARIO
SET DEFINE OFF;
Insert into MRVMM.T_GENM_USUARIO (ID_USUARIO,NOMBRES_USUARIO,APELLIDOS_USUARIO,ID_INSTITUCION,PASSWORD_USUARIO,EMAIL_USUARIO,ID_ESTADO_USUARIO,TELEFONO_USUARIO,CELULAR_USUARIO,FLG_ESTADO,ID_TERMINOS,FLG_TERMINOS,ANEXO_USUARIO,PRIMER_INICIO,ADJUNTO,ADJUNTO_BASE) values ('121','Maycol              ','Zambrano','222','AMt+mo5Rl5P0BODGTJX93jAvUekZtieq/tA/jz7TfDcpCDKhuJUVlV5TOpaARxTjnA==','maycol.zambrano.x@grupo-zuniga.com','2','7654321','987654321','1','1','1','6543','0',null,null);
Insert into MRVMM.T_GENM_USUARIO (ID_USUARIO,NOMBRES_USUARIO,APELLIDOS_USUARIO,ID_INSTITUCION,PASSWORD_USUARIO,EMAIL_USUARIO,ID_ESTADO_USUARIO,TELEFONO_USUARIO,CELULAR_USUARIO,FLG_ESTADO,ID_TERMINOS,FLG_TERMINOS,ANEXO_USUARIO,PRIMER_INICIO,ADJUNTO,ADJUNTO_BASE) values ('123','Pedro               ','Renteros','224','AFihvwgHkbotkctDlCAGQgCHP4zaP2I+vsl+WVJlMsjYkmwatDirxzVyqTsW32vTLw==','pedro@grupo-zuniga.com','1','56787787','99658758','1','1','1','101',null,null,null);
Insert into MRVMM.T_GENM_USUARIO (ID_USUARIO,NOMBRES_USUARIO,APELLIDOS_USUARIO,ID_INSTITUCION,PASSWORD_USUARIO,EMAIL_USUARIO,ID_ESTADO_USUARIO,TELEFONO_USUARIO,CELULAR_USUARIO,FLG_ESTADO,ID_TERMINOS,FLG_TERMINOS,ANEXO_USUARIO,PRIMER_INICIO,ADJUNTO,ADJUNTO_BASE) values ('122','Juan                ','Soto','223','AGvx68LiEwWrs1QWnWBQimo+IEfuMJ+H9ka9aQDQimLfMXhsIX5MGgihogws08K7/w==','juan@grupo-zuniga.com','1','993578700','99357865','1','1','1','101',null,null,null);
Insert into MRVMM.T_GENM_USUARIO (ID_USUARIO,NOMBRES_USUARIO,APELLIDOS_USUARIO,ID_INSTITUCION,PASSWORD_USUARIO,EMAIL_USUARIO,ID_ESTADO_USUARIO,TELEFONO_USUARIO,CELULAR_USUARIO,FLG_ESTADO,ID_TERMINOS,FLG_TERMINOS,ANEXO_USUARIO,PRIMER_INICIO,ADJUNTO,ADJUNTO_BASE) values ('180','Pedro               ','Infante Moral','266','AGDGZeCD9nghF0sfflZQU9DTKtqOTAULmSp3goDEc1fwg557AkZWGm/TY7li33d0cA==','pedroinfante@gmail.com','1',null,'982345678','1','1','1',null,'0','3939bcec-e06c-49c9-90c3-3dbf67a7f21c.pdf','modelo-declaracion-jurada.pdf');
Insert into MRVMM.T_GENM_USUARIO (ID_USUARIO,NOMBRES_USUARIO,APELLIDOS_USUARIO,ID_INSTITUCION,PASSWORD_USUARIO,EMAIL_USUARIO,ID_ESTADO_USUARIO,TELEFONO_USUARIO,CELULAR_USUARIO,FLG_ESTADO,ID_TERMINOS,FLG_TERMINOS,ANEXO_USUARIO,PRIMER_INICIO,ADJUNTO,ADJUNTO_BASE) values ('124','Maycol              ','Zambrano','225','ABi6xvw2DiO5SN5Er/t9PBwAJIHJOfzJA1mp9vAkMb3mSwA3Zq0DUDxQAk+l3zbS7w==','maycol630@gmail.com','1','987654321','7654321','1','1','1','6543',null,null,null);
Insert into MRVMM.T_GENM_USUARIO (ID_USUARIO,NOMBRES_USUARIO,APELLIDOS_USUARIO,ID_INSTITUCION,PASSWORD_USUARIO,EMAIL_USUARIO,ID_ESTADO_USUARIO,TELEFONO_USUARIO,CELULAR_USUARIO,FLG_ESTADO,ID_TERMINOS,FLG_TERMINOS,ANEXO_USUARIO,PRIMER_INICIO,ADJUNTO,ADJUNTO_BASE) values ('104','Alfredo             ','Trelles Jimenez','190','ANPfj5tg8AGr+ZunKqtXzhOKI86wBc7CAVJrTN7+WoK44fDcXZjVdhTKH9QcZ9GYlw==','alfredotrelles97@gmail.com','1','1234567','984390531','1','1','1','1234',null,null,null);
Insert into MRVMM.T_GENM_USUARIO (ID_USUARIO,NOMBRES_USUARIO,APELLIDOS_USUARIO,ID_INSTITUCION,PASSWORD_USUARIO,EMAIL_USUARIO,ID_ESTADO_USUARIO,TELEFONO_USUARIO,CELULAR_USUARIO,FLG_ESTADO,ID_TERMINOS,FLG_TERMINOS,ANEXO_USUARIO,PRIMER_INICIO,ADJUNTO,ADJUNTO_BASE) values ('103','Eduardo             ','Ch. G.','189','ANpq38qeITt540DLf8WhCYk3hvxe52kGt/QlL9VjLBhJrP+yAr1Y3e4wVkTFtrX4NQ==','echapi@gmail.com','1','41536845','987456321','1','1','1',null,'0',null,null);
Insert into MRVMM.T_GENM_USUARIO (ID_USUARIO,NOMBRES_USUARIO,APELLIDOS_USUARIO,ID_INSTITUCION,PASSWORD_USUARIO,EMAIL_USUARIO,ID_ESTADO_USUARIO,TELEFONO_USUARIO,CELULAR_USUARIO,FLG_ESTADO,ID_TERMINOS,FLG_TERMINOS,ANEXO_USUARIO,PRIMER_INICIO,ADJUNTO,ADJUNTO_BASE) values ('106','Margarita Orión     ','Fernández Mirón','202','AIcZOzzTT6Qp0yTRblQEIaGtYsWNOleEJ/nrnE7uCffRhYwfIj5LMfpRZpnbbK+v7A==','grupozu31@gmail.com','1','98765432','3454','1','1','1','1234',null,null,null);
Insert into MRVMM.T_GENM_USUARIO (ID_USUARIO,NOMBRES_USUARIO,APELLIDOS_USUARIO,ID_INSTITUCION,PASSWORD_USUARIO,EMAIL_USUARIO,ID_ESTADO_USUARIO,TELEFONO_USUARIO,CELULAR_USUARIO,FLG_ESTADO,ID_TERMINOS,FLG_TERMINOS,ANEXO_USUARIO,PRIMER_INICIO,ADJUNTO,ADJUNTO_BASE) values ('105','Anibal              ','Roman','201','ACpbj7cbnoCOVxBckan1fZeA9w15XTkJQ0JUGvkaHZo9g2QuojxV/unThyU8zWbmWA==','anibal.roman@gmail.com','1','993578700','963353610','1','1','1','101','0',null,null);
Insert into MRVMM.T_GENM_USUARIO (ID_USUARIO,NOMBRES_USUARIO,APELLIDOS_USUARIO,ID_INSTITUCION,PASSWORD_USUARIO,EMAIL_USUARIO,ID_ESTADO_USUARIO,TELEFONO_USUARIO,CELULAR_USUARIO,FLG_ESTADO,ID_TERMINOS,FLG_TERMINOS,ANEXO_USUARIO,PRIMER_INICIO,ADJUNTO,ADJUNTO_BASE) values ('102','Juan                ','Soto','188','AByTDzIVX4UokM5bmcGmydqGnR579/zSNhhfWgA8uJKOhBabBnWXtgkkp6EC3Ceuzw==','juancarlossotoc1990@gmail.com','1','7894534','906745129','1','1','1','100','0','0900_09000_0000.pdf','DECLARACION_M.pdf');
Insert into MRVMM.T_GENM_USUARIO (ID_USUARIO,NOMBRES_USUARIO,APELLIDOS_USUARIO,ID_INSTITUCION,PASSWORD_USUARIO,EMAIL_USUARIO,ID_ESTADO_USUARIO,TELEFONO_USUARIO,CELULAR_USUARIO,FLG_ESTADO,ID_TERMINOS,FLG_TERMINOS,ANEXO_USUARIO,PRIMER_INICIO,ADJUNTO,ADJUNTO_BASE) values ('22','Carlos              ','Galdos','42','AK6/N7RQH5kHaUb1RDlVFzBkupiWnfger8B3053UodvdNnMdZqCWYcQs17U2i9Cujw==','carlos@grupo-zuniga.com','1','8976665','990765476','1','1','1',null,null,null,null);
Insert into MRVMM.T_GENM_USUARIO (ID_USUARIO,NOMBRES_USUARIO,APELLIDOS_USUARIO,ID_INSTITUCION,PASSWORD_USUARIO,EMAIL_USUARIO,ID_ESTADO_USUARIO,TELEFONO_USUARIO,CELULAR_USUARIO,FLG_ESTADO,ID_TERMINOS,FLG_TERMINOS,ANEXO_USUARIO,PRIMER_INICIO,ADJUNTO,ADJUNTO_BASE) values ('81','Alfonso             ','Cordova','42','AHB0Z/3ESyTwQJBkBoUbmYWOys08nT5nXmhRiovGBB0dvSL6W6d/BlVFy2tyM/rflQ==','alfonso@grupo-zuniga.com','1','93578701','965488888','1','1','1','565601',null,null,null);
Insert into MRVMM.T_GENM_USUARIO (ID_USUARIO,NOMBRES_USUARIO,APELLIDOS_USUARIO,ID_INSTITUCION,PASSWORD_USUARIO,EMAIL_USUARIO,ID_ESTADO_USUARIO,TELEFONO_USUARIO,CELULAR_USUARIO,FLG_ESTADO,ID_TERMINOS,FLG_TERMINOS,ANEXO_USUARIO,PRIMER_INICIO,ADJUNTO,ADJUNTO_BASE) values ('181','Maycol              ','Zambrano','267','AAcPjXB8h5MAzUmgSJMV25HxLpJ5fSOwXKyU/qTy0t62VLNJqCLfalxNtbmm2F7EOQ==','maycol.zambrano.0@grupo-zuniga.com','2',null,'987654321','1','1','1',null,'0',null,null);
Insert into MRVMM.T_GENM_USUARIO (ID_USUARIO,NOMBRES_USUARIO,APELLIDOS_USUARIO,ID_INSTITUCION,PASSWORD_USUARIO,EMAIL_USUARIO,ID_ESTADO_USUARIO,TELEFONO_USUARIO,CELULAR_USUARIO,FLG_ESTADO,ID_TERMINOS,FLG_TERMINOS,ANEXO_USUARIO,PRIMER_INICIO,ADJUNTO,ADJUNTO_BASE) values ('182','Maycol              ','Zambrano','268','ANDFEsGV2GM51d5DvKBqEHJgmy9T9asavy8R7M1jMEa8JWTvkAyvMrWbr/PZRoHIUw==','maycol.zambrano@grupo-zuniga.com','1',null,'987654321','1','1','1',null,'0','4107d3a8-7cd4-4189-9a3b-8e7e9a87ef09.pdf','modelo-declaracion-jurada (3).pdf');
Insert into MRVMM.T_GENM_USUARIO (ID_USUARIO,NOMBRES_USUARIO,APELLIDOS_USUARIO,ID_INSTITUCION,PASSWORD_USUARIO,EMAIL_USUARIO,ID_ESTADO_USUARIO,TELEFONO_USUARIO,CELULAR_USUARIO,FLG_ESTADO,ID_TERMINOS,FLG_TERMINOS,ANEXO_USUARIO,PRIMER_INICIO,ADJUNTO,ADJUNTO_BASE) values ('183','aaa                 ','aa','269','AJjb9KdBFe0+CWUsF61SxtAi6emL9iE+hvhdEGA5gprwtwTPRX3kdU9DSD3mBiisng==','jskmbr46@gmail.com','0','22',null,'1','1','1','1','1',null,null);
REM INSERTING into MRVMM.T_GENM_VARIABLE
SET DEFINE OFF;
Insert into MRVMM.T_GENM_VARIABLE (ID_VARIABLE,DESCRIPCION,SIGLA) values ('1','Kilometros Recorridos Vehiculo (base)','KRV');
Insert into MRVMM.T_GENM_VARIABLE (ID_VARIABLE,DESCRIPCION,SIGLA) values ('2','Numero de Vehiculos','N');
Insert into MRVMM.T_GENM_VARIABLE (ID_VARIABLE,DESCRIPCION,SIGLA) values ('3','Consumo de Electricidad','E');
REM INSERTING into MRVMM.T_GENM_VARIANTE
SET DEFINE OFF;
Insert into MRVMM.T_GENM_VARIANTE (ID_VARIANTE,DESCRIPCION,SIGLA) values ('1','Tipo de Vehiculos','TipoVeh');
Insert into MRVMM.T_GENM_VARIANTE (ID_VARIANTE,DESCRIPCION,SIGLA) values ('2','Tipo de Combustible','TipoCombus');
Insert into MRVMM.T_GENM_VARIANTE (ID_VARIANTE,DESCRIPCION,SIGLA) values ('3','Año Iniciativa','Anno');
Insert into MRVMM.T_GENM_VARIANTE (ID_VARIANTE,DESCRIPCION,SIGLA) values ('4','Tipo de Vehiculos','Tipo_Vehic');
Insert into MRVMM.T_GENM_VARIANTE (ID_VARIANTE,DESCRIPCION,SIGLA) values ('5','Tipo de Combustible','Tipo_Combus');
Insert into MRVMM.T_GENM_VARIANTE (ID_VARIANTE,DESCRIPCION,SIGLA) values ('6','Año Iniciativa','Año');
REM INSERTING into MRVMM.T_MAE_ANNO
SET DEFINE OFF;
Insert into MRVMM.T_MAE_ANNO (ID_ANNO,DESCRIPCION,FLG_ESTADO) values ('1','2010','1');
Insert into MRVMM.T_MAE_ANNO (ID_ANNO,DESCRIPCION,FLG_ESTADO) values ('2','2011','1');
Insert into MRVMM.T_MAE_ANNO (ID_ANNO,DESCRIPCION,FLG_ESTADO) values ('3','2012','1');
Insert into MRVMM.T_MAE_ANNO (ID_ANNO,DESCRIPCION,FLG_ESTADO) values ('4','2013','1');
Insert into MRVMM.T_MAE_ANNO (ID_ANNO,DESCRIPCION,FLG_ESTADO) values ('5','2014','1');
Insert into MRVMM.T_MAE_ANNO (ID_ANNO,DESCRIPCION,FLG_ESTADO) values ('6','2015','1');
Insert into MRVMM.T_MAE_ANNO (ID_ANNO,DESCRIPCION,FLG_ESTADO) values ('7','2016','1');
Insert into MRVMM.T_MAE_ANNO (ID_ANNO,DESCRIPCION,FLG_ESTADO) values ('8','2017','1');
Insert into MRVMM.T_MAE_ANNO (ID_ANNO,DESCRIPCION,FLG_ESTADO) values ('9','2018','1');
Insert into MRVMM.T_MAE_ANNO (ID_ANNO,DESCRIPCION,FLG_ESTADO) values ('10','2019','1');
Insert into MRVMM.T_MAE_ANNO (ID_ANNO,DESCRIPCION,FLG_ESTADO) values ('11','2020','1');
Insert into MRVMM.T_MAE_ANNO (ID_ANNO,DESCRIPCION,FLG_ESTADO) values ('12','2021','1');
Insert into MRVMM.T_MAE_ANNO (ID_ANNO,DESCRIPCION,FLG_ESTADO) values ('13','2022','1');
REM INSERTING into MRVMM.T_MAED_MRV_PARAMETRO
SET DEFINE OFF;
Insert into MRVMM.T_MAED_MRV_PARAMETRO (ID_PARAMETRO,ID_DETALLE,NOMBRE_DETALLE,FLG_ESTADO) values ('1','1','AUTOMÓVIL','1');
Insert into MRVMM.T_MAED_MRV_PARAMETRO (ID_PARAMETRO,ID_DETALLE,NOMBRE_DETALLE,FLG_ESTADO) values ('1','2','BUS DE 9m','1');
Insert into MRVMM.T_MAED_MRV_PARAMETRO (ID_PARAMETRO,ID_DETALLE,NOMBRE_DETALLE,FLG_ESTADO) values ('1','3','BUS DE 12m','1');
Insert into MRVMM.T_MAED_MRV_PARAMETRO (ID_PARAMETRO,ID_DETALLE,NOMBRE_DETALLE,FLG_ESTADO) values ('1','4','BUS DE 18m','1');
Insert into MRVMM.T_MAED_MRV_PARAMETRO (ID_PARAMETRO,ID_DETALLE,NOMBRE_DETALLE,FLG_ESTADO) values ('1','5','MOTOTAXI','1');
Insert into MRVMM.T_MAED_MRV_PARAMETRO (ID_PARAMETRO,ID_DETALLE,NOMBRE_DETALLE,FLG_ESTADO) values ('1','6','MOTO','1');
Insert into MRVMM.T_MAED_MRV_PARAMETRO (ID_PARAMETRO,ID_DETALLE,NOMBRE_DETALLE,FLG_ESTADO) values ('3','1','GNV','1');
Insert into MRVMM.T_MAED_MRV_PARAMETRO (ID_PARAMETRO,ID_DETALLE,NOMBRE_DETALLE,FLG_ESTADO) values ('3','2','GLP','1');
Insert into MRVMM.T_MAED_MRV_PARAMETRO (ID_PARAMETRO,ID_DETALLE,NOMBRE_DETALLE,FLG_ESTADO) values ('3','3','GASOLINA','1');
Insert into MRVMM.T_MAED_MRV_PARAMETRO (ID_PARAMETRO,ID_DETALLE,NOMBRE_DETALLE,FLG_ESTADO) values ('3','4','DIESEL','1');
Insert into MRVMM.T_MAED_MRV_PARAMETRO (ID_PARAMETRO,ID_DETALLE,NOMBRE_DETALLE,FLG_ESTADO) values ('6','1','2015','1');
Insert into MRVMM.T_MAED_MRV_PARAMETRO (ID_PARAMETRO,ID_DETALLE,NOMBRE_DETALLE,FLG_ESTADO) values ('6','2','2016','1');
Insert into MRVMM.T_MAED_MRV_PARAMETRO (ID_PARAMETRO,ID_DETALLE,NOMBRE_DETALLE,FLG_ESTADO) values ('6','3','2017','1');
Insert into MRVMM.T_MAED_MRV_PARAMETRO (ID_PARAMETRO,ID_DETALLE,NOMBRE_DETALLE,FLG_ESTADO) values ('6','4','2018','1');
Insert into MRVMM.T_MAED_MRV_PARAMETRO (ID_PARAMETRO,ID_DETALLE,NOMBRE_DETALLE,FLG_ESTADO) values ('6','5','2019','1');
Insert into MRVMM.T_MAED_MRV_PARAMETRO (ID_PARAMETRO,ID_DETALLE,NOMBRE_DETALLE,FLG_ESTADO) values ('6','6','2020','1');
Insert into MRVMM.T_MAED_MRV_PARAMETRO (ID_PARAMETRO,ID_DETALLE,NOMBRE_DETALLE,FLG_ESTADO) values ('6','7','2021','1');
Insert into MRVMM.T_MAED_MRV_PARAMETRO (ID_PARAMETRO,ID_DETALLE,NOMBRE_DETALLE,FLG_ESTADO) values ('14','1','Eléctrico','1');
Insert into MRVMM.T_MAED_MRV_PARAMETRO (ID_PARAMETRO,ID_DETALLE,NOMBRE_DETALLE,FLG_ESTADO) values ('14','2','Híbrido','1');
REM INSERTING into MRVMM.T_MAE_ENERG
SET DEFINE OFF;
Insert into MRVMM.T_MAE_ENERG (ID_ENERG,DESCRIPCION,FLAG_ESTADO) values ('3','COMBUSTIBLES SOLIDOS',null);
Insert into MRVMM.T_MAE_ENERG (ID_ENERG,DESCRIPCION,FLAG_ESTADO) values ('4','ENERGIA SOLAR',null);
Insert into MRVMM.T_MAE_ENERG (ID_ENERG,DESCRIPCION,FLAG_ESTADO) values ('5','ENERGIA EOLICA',null);
Insert into MRVMM.T_MAE_ENERG (ID_ENERG,DESCRIPCION,FLAG_ESTADO) values ('6','ENERGIA TERMICA',null);
Insert into MRVMM.T_MAE_ENERG (ID_ENERG,DESCRIPCION,FLAG_ESTADO) values ('1','COMBUSTIBLES FOSILES',null);
Insert into MRVMM.T_MAE_ENERG (ID_ENERG,DESCRIPCION,FLAG_ESTADO) values ('2','ELECTRICIDAD',null);
REM INSERTING into MRVMM.T_MAE_ESTADO
SET DEFINE OFF;
Insert into MRVMM.T_MAE_ESTADO (ID_ESTADO,DESCRIPCION) values ('5','CORREGIDO');
Insert into MRVMM.T_MAE_ESTADO (ID_ESTADO,DESCRIPCION) values ('0','INCOMPLETO');
Insert into MRVMM.T_MAE_ESTADO (ID_ESTADO,DESCRIPCION) values ('1','COMPLETO');
Insert into MRVMM.T_MAE_ESTADO (ID_ESTADO,DESCRIPCION) values ('2','OBSERVADO');
Insert into MRVMM.T_MAE_ESTADO (ID_ESTADO,DESCRIPCION) values ('3','APROBADO');
Insert into MRVMM.T_MAE_ESTADO (ID_ESTADO,DESCRIPCION) values ('4','RECHAZADO');
Insert into MRVMM.T_MAE_ESTADO (ID_ESTADO,DESCRIPCION) values ('6','AVANCE');
REM INSERTING into MRVMM.T_MAE_ESTADO_USUARIO
SET DEFINE OFF;
Insert into MRVMM.T_MAE_ESTADO_USUARIO (ID_ESTADO_USUARIO,DESCRIPCION) values ('0','REGISTRADO');
Insert into MRVMM.T_MAE_ESTADO_USUARIO (ID_ESTADO_USUARIO,DESCRIPCION) values ('1','APROBADO');
Insert into MRVMM.T_MAE_ESTADO_USUARIO (ID_ESTADO_USUARIO,DESCRIPCION) values ('2','NO APROBADO');
REM INSERTING into MRVMM.T_MAE_ETAPA
SET DEFINE OFF;
Insert into MRVMM.T_MAE_ETAPA (ID_ETAPA,DESCRIPCION) values ('8','Aprobación Iniciativa y Detalle Derivado');
Insert into MRVMM.T_MAE_ETAPA (ID_ETAPA,DESCRIPCION) values ('1','Registro de Iniciativa Mitigación');
Insert into MRVMM.T_MAE_ETAPA (ID_ETAPA,DESCRIPCION) values ('2','Aprobación de Iniciativa Mitigación');
Insert into MRVMM.T_MAE_ETAPA (ID_ETAPA,DESCRIPCION) values ('3','Registro de Detalle de Indicadores');
Insert into MRVMM.T_MAE_ETAPA (ID_ETAPA,DESCRIPCION) values ('4','Aprobación de Detalle de Indicadores');
Insert into MRVMM.T_MAE_ETAPA (ID_ETAPA,DESCRIPCION) values ('5','Aprobación Iniciativa y Detalle');
Insert into MRVMM.T_MAE_ETAPA (ID_ETAPA,DESCRIPCION) values ('6','Aprobación de Evaluación Iniciativa Detalle');
Insert into MRVMM.T_MAE_ETAPA (ID_ETAPA,DESCRIPCION) values ('7','Aprobación de Verificación Iniciativa Detalle');
REM INSERTING into MRVMM.T_MAE_FAQ
SET DEFINE OFF;
Insert into MRVMM.T_MAE_FAQ (ID_FAQ,ID_MEDMIT,PREGUNTA,RESPUESTA) values ('1',null,'¿Como registro una nueva Iniciativa?','Usted, debera primero Registrarse como usuario de una Institucion');
Insert into MRVMM.T_MAE_FAQ (ID_FAQ,ID_MEDMIT,PREGUNTA,RESPUESTA) values ('2',null,'¿Que significa GEI?','Son las siglas de Gases de Efecto Invernadero');
REM INSERTING into MRVMM.T_MAE_F_BAU
SET DEFINE OFF;
Insert into MRVMM.T_MAE_F_BAU (ID_F_BAU,ID_TIPO_VEHICULO,ID_TIPO_COMBUSTIBLE,ANNO,FACTOR,FACTOR_MEDIA) values ('1','1','1','2018','187,3581','11,346');
Insert into MRVMM.T_MAE_F_BAU (ID_F_BAU,ID_TIPO_VEHICULO,ID_TIPO_COMBUSTIBLE,ANNO,FACTOR,FACTOR_MEDIA) values ('2','1','2','2018','174,6961','9,7391');
Insert into MRVMM.T_MAE_F_BAU (ID_F_BAU,ID_TIPO_VEHICULO,ID_TIPO_COMBUSTIBLE,ANNO,FACTOR,FACTOR_MEDIA) values ('3','1','3','2018','178,9342','43,1956');
Insert into MRVMM.T_MAE_F_BAU (ID_F_BAU,ID_TIPO_VEHICULO,ID_TIPO_COMBUSTIBLE,ANNO,FACTOR,FACTOR_MEDIA) values ('4','2','1','2018','773,781','2,7472');
Insert into MRVMM.T_MAE_F_BAU (ID_F_BAU,ID_TIPO_VEHICULO,ID_TIPO_COMBUSTIBLE,ANNO,FACTOR,FACTOR_MEDIA) values ('5','2','4','2018','595,4578','16,1927');
Insert into MRVMM.T_MAE_F_BAU (ID_F_BAU,ID_TIPO_VEHICULO,ID_TIPO_COMBUSTIBLE,ANNO,FACTOR,FACTOR_MEDIA) values ('6','3','1','2018','1315,4277','1,616');
Insert into MRVMM.T_MAE_F_BAU (ID_F_BAU,ID_TIPO_VEHICULO,ID_TIPO_COMBUSTIBLE,ANNO,FACTOR,FACTOR_MEDIA) values ('7','3','4','2018','961,6102','10,027');
Insert into MRVMM.T_MAE_F_BAU (ID_F_BAU,ID_TIPO_VEHICULO,ID_TIPO_COMBUSTIBLE,ANNO,FACTOR,FACTOR_MEDIA) values ('8','4','1','2018','1897,9984','1,12');
Insert into MRVMM.T_MAE_F_BAU (ID_F_BAU,ID_TIPO_VEHICULO,ID_TIPO_COMBUSTIBLE,ANNO,FACTOR,FACTOR_MEDIA) values ('9','4','4','2018','1555,1723','6,2');
Insert into MRVMM.T_MAE_F_BAU (ID_F_BAU,ID_TIPO_VEHICULO,ID_TIPO_COMBUSTIBLE,ANNO,FACTOR,FACTOR_MEDIA) values ('10','5','3','2018','96,6146','80');
Insert into MRVMM.T_MAE_F_BAU (ID_F_BAU,ID_TIPO_VEHICULO,ID_TIPO_COMBUSTIBLE,ANNO,FACTOR,FACTOR_MEDIA) values ('11','6','3','2018','64,4097','120');
REM INSERTING into MRVMM.T_MAE_FCL_BAU
SET DEFINE OFF;
Insert into MRVMM.T_MAE_FCL_BAU (ID_FCL_BAU,DESCRIPCION,CONSUMO,FLG_ESTADO) values ('1','Tres piedras','2,8233','1');
REM INSERTING into MRVMM.T_MAE_FCL_BIOMASA
SET DEFINE OFF;
Insert into MRVMM.T_MAE_FCL_BIOMASA (ID_BIOMASA,ANNO,ID_REGION,FACTOR,FLG_ESTADO) values ('1','2010','1','0,4','1');
Insert into MRVMM.T_MAE_FCL_BIOMASA (ID_BIOMASA,ANNO,ID_REGION,FACTOR,FLG_ESTADO) values ('2','2010','2','0,32','1');
Insert into MRVMM.T_MAE_FCL_BIOMASA (ID_BIOMASA,ANNO,ID_REGION,FACTOR,FLG_ESTADO) values ('3','2010','3','0,28','1');
Insert into MRVMM.T_MAE_FCL_BIOMASA (ID_BIOMASA,ANNO,ID_REGION,FACTOR,FLG_ESTADO) values ('4','2010','4','0,3','1');
Insert into MRVMM.T_MAE_FCL_BIOMASA (ID_BIOMASA,ANNO,ID_REGION,FACTOR,FLG_ESTADO) values ('5','2011','1','0,41','1');
Insert into MRVMM.T_MAE_FCL_BIOMASA (ID_BIOMASA,ANNO,ID_REGION,FACTOR,FLG_ESTADO) values ('6','2011','2','0,3','1');
Insert into MRVMM.T_MAE_FCL_BIOMASA (ID_BIOMASA,ANNO,ID_REGION,FACTOR,FLG_ESTADO) values ('7','2011','3','0,19','1');
Insert into MRVMM.T_MAE_FCL_BIOMASA (ID_BIOMASA,ANNO,ID_REGION,FACTOR,FLG_ESTADO) values ('8','2011','4','0,3','1');
Insert into MRVMM.T_MAE_FCL_BIOMASA (ID_BIOMASA,ANNO,ID_REGION,FACTOR,FLG_ESTADO) values ('9','2012','1','0,42','1');
Insert into MRVMM.T_MAE_FCL_BIOMASA (ID_BIOMASA,ANNO,ID_REGION,FACTOR,FLG_ESTADO) values ('10','2012','2','0,3','1');
Insert into MRVMM.T_MAE_FCL_BIOMASA (ID_BIOMASA,ANNO,ID_REGION,FACTOR,FLG_ESTADO) values ('11','2012','3','0,19','1');
Insert into MRVMM.T_MAE_FCL_BIOMASA (ID_BIOMASA,ANNO,ID_REGION,FACTOR,FLG_ESTADO) values ('12','2012','4','0,3','1');
Insert into MRVMM.T_MAE_FCL_BIOMASA (ID_BIOMASA,ANNO,ID_REGION,FACTOR,FLG_ESTADO) values ('13','2013','1','0,42','1');
Insert into MRVMM.T_MAE_FCL_BIOMASA (ID_BIOMASA,ANNO,ID_REGION,FACTOR,FLG_ESTADO) values ('14','2013','2','0,3','1');
Insert into MRVMM.T_MAE_FCL_BIOMASA (ID_BIOMASA,ANNO,ID_REGION,FACTOR,FLG_ESTADO) values ('15','2013','3','0,19','1');
Insert into MRVMM.T_MAE_FCL_BIOMASA (ID_BIOMASA,ANNO,ID_REGION,FACTOR,FLG_ESTADO) values ('16','2013','4','0,3','1');
Insert into MRVMM.T_MAE_FCL_BIOMASA (ID_BIOMASA,ANNO,ID_REGION,FACTOR,FLG_ESTADO) values ('17','2014','1','0,42','1');
Insert into MRVMM.T_MAE_FCL_BIOMASA (ID_BIOMASA,ANNO,ID_REGION,FACTOR,FLG_ESTADO) values ('18','2014','2','0,3','1');
Insert into MRVMM.T_MAE_FCL_BIOMASA (ID_BIOMASA,ANNO,ID_REGION,FACTOR,FLG_ESTADO) values ('19','2014','3','0,19','1');
Insert into MRVMM.T_MAE_FCL_BIOMASA (ID_BIOMASA,ANNO,ID_REGION,FACTOR,FLG_ESTADO) values ('20','2014','4','0,3','1');
Insert into MRVMM.T_MAE_FCL_BIOMASA (ID_BIOMASA,ANNO,ID_REGION,FACTOR,FLG_ESTADO) values ('21','2015','1','0,42','1');
Insert into MRVMM.T_MAE_FCL_BIOMASA (ID_BIOMASA,ANNO,ID_REGION,FACTOR,FLG_ESTADO) values ('22','2015','2','0,3','1');
Insert into MRVMM.T_MAE_FCL_BIOMASA (ID_BIOMASA,ANNO,ID_REGION,FACTOR,FLG_ESTADO) values ('23','2015','3','0,19','1');
Insert into MRVMM.T_MAE_FCL_BIOMASA (ID_BIOMASA,ANNO,ID_REGION,FACTOR,FLG_ESTADO) values ('24','2015','4','0,3','1');
Insert into MRVMM.T_MAE_FCL_BIOMASA (ID_BIOMASA,ANNO,ID_REGION,FACTOR,FLG_ESTADO) values ('25','2016','1','0,42','1');
Insert into MRVMM.T_MAE_FCL_BIOMASA (ID_BIOMASA,ANNO,ID_REGION,FACTOR,FLG_ESTADO) values ('26','2016','2','0,3','1');
Insert into MRVMM.T_MAE_FCL_BIOMASA (ID_BIOMASA,ANNO,ID_REGION,FACTOR,FLG_ESTADO) values ('27','2016','3','0,19','1');
Insert into MRVMM.T_MAE_FCL_BIOMASA (ID_BIOMASA,ANNO,ID_REGION,FACTOR,FLG_ESTADO) values ('28','2016','4','0,3','1');
Insert into MRVMM.T_MAE_FCL_BIOMASA (ID_BIOMASA,ANNO,ID_REGION,FACTOR,FLG_ESTADO) values ('29','2017','1','0,42','1');
Insert into MRVMM.T_MAE_FCL_BIOMASA (ID_BIOMASA,ANNO,ID_REGION,FACTOR,FLG_ESTADO) values ('30','2017','2','0,3','1');
Insert into MRVMM.T_MAE_FCL_BIOMASA (ID_BIOMASA,ANNO,ID_REGION,FACTOR,FLG_ESTADO) values ('31','2017','3','0,19','1');
Insert into MRVMM.T_MAE_FCL_BIOMASA (ID_BIOMASA,ANNO,ID_REGION,FACTOR,FLG_ESTADO) values ('32','2017','4','0,3','1');
Insert into MRVMM.T_MAE_FCL_BIOMASA (ID_BIOMASA,ANNO,ID_REGION,FACTOR,FLG_ESTADO) values ('33','2018','1','0,42','1');
Insert into MRVMM.T_MAE_FCL_BIOMASA (ID_BIOMASA,ANNO,ID_REGION,FACTOR,FLG_ESTADO) values ('34','2018','2','0,3','1');
Insert into MRVMM.T_MAE_FCL_BIOMASA (ID_BIOMASA,ANNO,ID_REGION,FACTOR,FLG_ESTADO) values ('35','2018','3','0,19','1');
Insert into MRVMM.T_MAE_FCL_BIOMASA (ID_BIOMASA,ANNO,ID_REGION,FACTOR,FLG_ESTADO) values ('36','2018','4','0,3','1');
Insert into MRVMM.T_MAE_FCL_BIOMASA (ID_BIOMASA,ANNO,ID_REGION,FACTOR,FLG_ESTADO) values ('37','2019','1','0,42','1');
Insert into MRVMM.T_MAE_FCL_BIOMASA (ID_BIOMASA,ANNO,ID_REGION,FACTOR,FLG_ESTADO) values ('38','2019','2','0,3','1');
Insert into MRVMM.T_MAE_FCL_BIOMASA (ID_BIOMASA,ANNO,ID_REGION,FACTOR,FLG_ESTADO) values ('39','2019','3','0,19','1');
Insert into MRVMM.T_MAE_FCL_BIOMASA (ID_BIOMASA,ANNO,ID_REGION,FACTOR,FLG_ESTADO) values ('40','2019','4','0,3','1');
Insert into MRVMM.T_MAE_FCL_BIOMASA (ID_BIOMASA,ANNO,ID_REGION,FACTOR,FLG_ESTADO) values ('41','2020','1','0,42','1');
Insert into MRVMM.T_MAE_FCL_BIOMASA (ID_BIOMASA,ANNO,ID_REGION,FACTOR,FLG_ESTADO) values ('42','2020','2','0,3','1');
Insert into MRVMM.T_MAE_FCL_BIOMASA (ID_BIOMASA,ANNO,ID_REGION,FACTOR,FLG_ESTADO) values ('43','2020','3','0,19','1');
Insert into MRVMM.T_MAE_FCL_BIOMASA (ID_BIOMASA,ANNO,ID_REGION,FACTOR,FLG_ESTADO) values ('44','2020','4','0,3','1');
Insert into MRVMM.T_MAE_FCL_BIOMASA (ID_BIOMASA,ANNO,ID_REGION,FACTOR,FLG_ESTADO) values ('45','2021','1','0,42','1');
Insert into MRVMM.T_MAE_FCL_BIOMASA (ID_BIOMASA,ANNO,ID_REGION,FACTOR,FLG_ESTADO) values ('46','2021','2','0,3','1');
Insert into MRVMM.T_MAE_FCL_BIOMASA (ID_BIOMASA,ANNO,ID_REGION,FACTOR,FLG_ESTADO) values ('47','2021','3','0,19','1');
Insert into MRVMM.T_MAE_FCL_BIOMASA (ID_BIOMASA,ANNO,ID_REGION,FACTOR,FLG_ESTADO) values ('48','2021','4','0,3','1');
Insert into MRVMM.T_MAE_FCL_BIOMASA (ID_BIOMASA,ANNO,ID_REGION,FACTOR,FLG_ESTADO) values ('49','2022','1','0,42','1');
Insert into MRVMM.T_MAE_FCL_BIOMASA (ID_BIOMASA,ANNO,ID_REGION,FACTOR,FLG_ESTADO) values ('50','2022','2','0,3','1');
Insert into MRVMM.T_MAE_FCL_BIOMASA (ID_BIOMASA,ANNO,ID_REGION,FACTOR,FLG_ESTADO) values ('51','2022','3','0,19','1');
Insert into MRVMM.T_MAE_FCL_BIOMASA (ID_BIOMASA,ANNO,ID_REGION,FACTOR,FLG_ESTADO) values ('52','2023','4','0,3','1');
Insert into MRVMM.T_MAE_FCL_BIOMASA (ID_BIOMASA,ANNO,ID_REGION,FACTOR,FLG_ESTADO) values ('53','2024','1','0,42','1');
Insert into MRVMM.T_MAE_FCL_BIOMASA (ID_BIOMASA,ANNO,ID_REGION,FACTOR,FLG_ESTADO) values ('54','2024','2','0,3','1');
Insert into MRVMM.T_MAE_FCL_BIOMASA (ID_BIOMASA,ANNO,ID_REGION,FACTOR,FLG_ESTADO) values ('55','2024','3','0,19','1');
Insert into MRVMM.T_MAE_FCL_BIOMASA (ID_BIOMASA,ANNO,ID_REGION,FACTOR,FLG_ESTADO) values ('56','2024','4','0,3','1');
Insert into MRVMM.T_MAE_FCL_BIOMASA (ID_BIOMASA,ANNO,ID_REGION,FACTOR,FLG_ESTADO) values ('57','2025','1','0,42','1');
Insert into MRVMM.T_MAE_FCL_BIOMASA (ID_BIOMASA,ANNO,ID_REGION,FACTOR,FLG_ESTADO) values ('58','2025','2','0,3','1');
Insert into MRVMM.T_MAE_FCL_BIOMASA (ID_BIOMASA,ANNO,ID_REGION,FACTOR,FLG_ESTADO) values ('59','2025','3','0,19','1');
Insert into MRVMM.T_MAE_FCL_BIOMASA (ID_BIOMASA,ANNO,ID_REGION,FACTOR,FLG_ESTADO) values ('60','2025','4','0,3','1');
Insert into MRVMM.T_MAE_FCL_BIOMASA (ID_BIOMASA,ANNO,ID_REGION,FACTOR,FLG_ESTADO) values ('61','2026','1','0,42','1');
Insert into MRVMM.T_MAE_FCL_BIOMASA (ID_BIOMASA,ANNO,ID_REGION,FACTOR,FLG_ESTADO) values ('62','2026','2','0,3','1');
Insert into MRVMM.T_MAE_FCL_BIOMASA (ID_BIOMASA,ANNO,ID_REGION,FACTOR,FLG_ESTADO) values ('63','2026','3','0,19','1');
Insert into MRVMM.T_MAE_FCL_BIOMASA (ID_BIOMASA,ANNO,ID_REGION,FACTOR,FLG_ESTADO) values ('64','2026','4','0,3','1');
Insert into MRVMM.T_MAE_FCL_BIOMASA (ID_BIOMASA,ANNO,ID_REGION,FACTOR,FLG_ESTADO) values ('65','2027','1','0,42','1');
Insert into MRVMM.T_MAE_FCL_BIOMASA (ID_BIOMASA,ANNO,ID_REGION,FACTOR,FLG_ESTADO) values ('66','2027','2','0,3','1');
Insert into MRVMM.T_MAE_FCL_BIOMASA (ID_BIOMASA,ANNO,ID_REGION,FACTOR,FLG_ESTADO) values ('67','2027','3','0,19','1');
Insert into MRVMM.T_MAE_FCL_BIOMASA (ID_BIOMASA,ANNO,ID_REGION,FACTOR,FLG_ESTADO) values ('68','2027','4','0,3','1');
Insert into MRVMM.T_MAE_FCL_BIOMASA (ID_BIOMASA,ANNO,ID_REGION,FACTOR,FLG_ESTADO) values ('69','2028','1','0,42','1');
Insert into MRVMM.T_MAE_FCL_BIOMASA (ID_BIOMASA,ANNO,ID_REGION,FACTOR,FLG_ESTADO) values ('70','2028','2','0,3','1');
Insert into MRVMM.T_MAE_FCL_BIOMASA (ID_BIOMASA,ANNO,ID_REGION,FACTOR,FLG_ESTADO) values ('71','2028','3','0,19','1');
Insert into MRVMM.T_MAE_FCL_BIOMASA (ID_BIOMASA,ANNO,ID_REGION,FACTOR,FLG_ESTADO) values ('72','2028','4','0,3','1');
Insert into MRVMM.T_MAE_FCL_BIOMASA (ID_BIOMASA,ANNO,ID_REGION,FACTOR,FLG_ESTADO) values ('73','2029','1','0,42','1');
Insert into MRVMM.T_MAE_FCL_BIOMASA (ID_BIOMASA,ANNO,ID_REGION,FACTOR,FLG_ESTADO) values ('74','2029','2','0,3','1');
Insert into MRVMM.T_MAE_FCL_BIOMASA (ID_BIOMASA,ANNO,ID_REGION,FACTOR,FLG_ESTADO) values ('75','2029','3','0,19','1');
Insert into MRVMM.T_MAE_FCL_BIOMASA (ID_BIOMASA,ANNO,ID_REGION,FACTOR,FLG_ESTADO) values ('76','2029','4','0,3','1');
Insert into MRVMM.T_MAE_FCL_BIOMASA (ID_BIOMASA,ANNO,ID_REGION,FACTOR,FLG_ESTADO) values ('77','2030','1','0,42','1');
Insert into MRVMM.T_MAE_FCL_BIOMASA (ID_BIOMASA,ANNO,ID_REGION,FACTOR,FLG_ESTADO) values ('78','2030','2','0,3','1');
Insert into MRVMM.T_MAE_FCL_BIOMASA (ID_BIOMASA,ANNO,ID_REGION,FACTOR,FLG_ESTADO) values ('79','2030','3','0,19','1');
Insert into MRVMM.T_MAE_FCL_BIOMASA (ID_BIOMASA,ANNO,ID_REGION,FACTOR,FLG_ESTADO) values ('80','2030','4','0,3','1');
REM INSERTING into MRVMM.T_MAE_FCL_FAM
SET DEFINE OFF;
Insert into MRVMM.T_MAE_FCL_FAM (ID_FCL_FAM,PROMEDIO,FLG_ESTADO) values ('1','4','1');
REM INSERTING into MRVMM.T_MAE_FCL_IPCC
SET DEFINE OFF;
Insert into MRVMM.T_MAE_FCL_IPCC (ID_IPCC,ID_COMBUSTIBLE,IPCC_PC,IPCC_FE1,IPCC_FE2,IPCC_FE3) values ('1','1','0,0156','112','0,3','0,004');
REM INSERTING into MRVMM.T_MAE_FCL_MIT
SET DEFINE OFF;
Insert into MRVMM.T_MAE_FCL_MIT (ID_FCL_MIT,DESCRIPCION,CONSUMO,FLG_ESTADO) values ('1','Inkawasi Tawa ','1,53','1');
Insert into MRVMM.T_MAE_FCL_MIT (ID_FCL_MIT,DESCRIPCION,CONSUMO,FLG_ESTADO) values ('2','Inkawasi Pichqa ','0,84','1');
Insert into MRVMM.T_MAE_FCL_MIT (ID_FCL_MIT,DESCRIPCION,CONSUMO,FLG_ESTADO) values ('3','Inkawasi 3 Hornillas','1,42','1');
Insert into MRVMM.T_MAE_FCL_MIT (ID_FCL_MIT,DESCRIPCION,CONSUMO,FLG_ESTADO) values ('4','Inkawasi Sojta','1,8','1');
Insert into MRVMM.T_MAE_FCL_MIT (ID_FCL_MIT,DESCRIPCION,CONSUMO,FLG_ESTADO) values ('5','Inkawasi Plancha
','1,9','1');
Insert into MRVMM.T_MAE_FCL_MIT (ID_FCL_MIT,DESCRIPCION,CONSUMO,FLG_ESTADO) values ('6','Inkawasi UK','2','1');
Insert into MRVMM.T_MAE_FCL_MIT (ID_FCL_MIT,DESCRIPCION,CONSUMO,FLG_ESTADO) values ('7','Mejorada Selva 
','1,16','1');
Insert into MRVMM.T_MAE_FCL_MIT (ID_FCL_MIT,DESCRIPCION,CONSUMO,FLG_ESTADO) values ('8','Caralia','1,53','1');
Insert into MRVMM.T_MAE_FCL_MIT (ID_FCL_MIT,DESCRIPCION,CONSUMO,FLG_ESTADO) values ('9','Haku Wiñay (VA)','2,06','1');
REM INSERTING into MRVMM.T_MAE_FCL_REGION
SET DEFINE OFF;
Insert into MRVMM.T_MAE_FCL_REGION (ID_REGION,NOMBRE,FACTOR) values ('1','COSTA',null);
Insert into MRVMM.T_MAE_FCL_REGION (ID_REGION,NOMBRE,FACTOR) values ('2','SIERRA',null);
Insert into MRVMM.T_MAE_FCL_REGION (ID_REGION,NOMBRE,FACTOR) values ('3','SELVA',null);
Insert into MRVMM.T_MAE_FCL_REGION (ID_REGION,NOMBRE,FACTOR) values ('4','CONSERVADOR',null);
REM INSERTING into MRVMM.T_MAE_F_CON
SET DEFINE OFF;
Insert into MRVMM.T_MAE_F_CON (ID_F_CON,ANNO,FACTOR) values ('1','2010','0,2404');
Insert into MRVMM.T_MAE_F_CON (ID_F_CON,ANNO,FACTOR) values ('2','2011','0,2302');
Insert into MRVMM.T_MAE_F_CON (ID_F_CON,ANNO,FACTOR) values ('3','2012','0,2243');
Insert into MRVMM.T_MAE_F_CON (ID_F_CON,ANNO,FACTOR) values ('4','2013','0,2091');
Insert into MRVMM.T_MAE_F_CON (ID_F_CON,ANNO,FACTOR) values ('5','2014','0,2066');
Insert into MRVMM.T_MAE_F_CON (ID_F_CON,ANNO,FACTOR) values ('6','2015','0,2026');
Insert into MRVMM.T_MAE_F_CON (ID_F_CON,ANNO,FACTOR) values ('7','2016','0,2221');
Insert into MRVMM.T_MAE_F_CON (ID_F_CON,ANNO,FACTOR) values ('8','2017','0,1844');
Insert into MRVMM.T_MAE_F_CON (ID_F_CON,ANNO,FACTOR) values ('9','2018','0,1511');
Insert into MRVMM.T_MAE_F_CON (ID_F_CON,ANNO,FACTOR) values ('10','2019','0,1511');
REM INSERTING into MRVMM.T_MAE_FER_MES
SET DEFINE OFF;
Insert into MRVMM.T_MAE_FER_MES (ID_MES,NOMBRE,FACTOR) values ('1','ENERO','1');
Insert into MRVMM.T_MAE_FER_MES (ID_MES,NOMBRE,FACTOR) values ('2','FEBRERO','2');
Insert into MRVMM.T_MAE_FER_MES (ID_MES,NOMBRE,FACTOR) values ('3','MARZO','3');
Insert into MRVMM.T_MAE_FER_MES (ID_MES,NOMBRE,FACTOR) values ('4','ABRIL','4');
Insert into MRVMM.T_MAE_FER_MES (ID_MES,NOMBRE,FACTOR) values ('5','MAYO','5');
Insert into MRVMM.T_MAE_FER_MES (ID_MES,NOMBRE,FACTOR) values ('6','JUNIO','6');
Insert into MRVMM.T_MAE_FER_MES (ID_MES,NOMBRE,FACTOR) values ('7','JULIO','7');
Insert into MRVMM.T_MAE_FER_MES (ID_MES,NOMBRE,FACTOR) values ('8','AGOSTO','8');
Insert into MRVMM.T_MAE_FER_MES (ID_MES,NOMBRE,FACTOR) values ('9','SEPTIEMBRE','9');
Insert into MRVMM.T_MAE_FER_MES (ID_MES,NOMBRE,FACTOR) values ('10','OCTUBRE','10');
Insert into MRVMM.T_MAE_FER_MES (ID_MES,NOMBRE,FACTOR) values ('11','NOVIEMBRE','11');
Insert into MRVMM.T_MAE_FER_MES (ID_MES,NOMBRE,FACTOR) values ('12','DICIEMBRE','12');
REM INSERTING into MRVMM.T_MAE_FER_REGION
SET DEFINE OFF;
Insert into MRVMM.T_MAE_FER_REGION (ID_REGION,NOMBRE,FACTOR) values ('1','COSTA','0,0071');
Insert into MRVMM.T_MAE_FER_REGION (ID_REGION,NOMBRE,FACTOR) values ('2','SIERRA','0,0068');
Insert into MRVMM.T_MAE_FER_REGION (ID_REGION,NOMBRE,FACTOR) values ('3','SELVA','0,0144');
REM INSERTING into MRVMM.T_MAE_FGD_FEW
SET DEFINE OFF;
Insert into MRVMM.T_MAE_FGD_FEW (ID_F_FEW,ANNO,FACTOR_SE,FACTOR_MH) values ('1','2010',null,'0,596');
Insert into MRVMM.T_MAE_FGD_FEW (ID_F_FEW,ANNO,FACTOR_SE,FACTOR_MH) values ('2','2011',null,'0,6143');
Insert into MRVMM.T_MAE_FGD_FEW (ID_F_FEW,ANNO,FACTOR_SE,FACTOR_MH) values ('3','2012',null,'0,6271');
Insert into MRVMM.T_MAE_FGD_FEW (ID_F_FEW,ANNO,FACTOR_SE,FACTOR_MH) values ('4','2013',null,'0,6271');
Insert into MRVMM.T_MAE_FGD_FEW (ID_F_FEW,ANNO,FACTOR_SE,FACTOR_MH) values ('5','2014',null,'0,6271');
Insert into MRVMM.T_MAE_FGD_FEW (ID_F_FEW,ANNO,FACTOR_SE,FACTOR_MH) values ('6','2015',null,'0,6271');
Insert into MRVMM.T_MAE_FGD_FEW (ID_F_FEW,ANNO,FACTOR_SE,FACTOR_MH) values ('7','2016','0,4323','0,4119');
Insert into MRVMM.T_MAE_FGD_FEW (ID_F_FEW,ANNO,FACTOR_SE,FACTOR_MH) values ('8','2017','0,4323','0,4119');
Insert into MRVMM.T_MAE_FGD_FEW (ID_F_FEW,ANNO,FACTOR_SE,FACTOR_MH) values ('9','2018','0,4323','0,4119');
Insert into MRVMM.T_MAE_FGD_FEW (ID_F_FEW,ANNO,FACTOR_SE,FACTOR_MH) values ('10',null,null,'0,4119');
REM INSERTING into MRVMM.T_MAE_F_MIT
SET DEFINE OFF;
Insert into MRVMM.T_MAE_F_MIT (ID_F_MIT,ID_TIPO_VEHICULO,ID_TIPO_FUENTE,ANNO,FACTOR) values ('1','1','1','2018','0,0276');
Insert into MRVMM.T_MAE_F_MIT (ID_F_MIT,ID_TIPO_VEHICULO,ID_TIPO_FUENTE,ANNO,FACTOR) values ('2','1','1','2019','0,0276');
Insert into MRVMM.T_MAE_F_MIT (ID_F_MIT,ID_TIPO_VEHICULO,ID_TIPO_FUENTE,ANNO,FACTOR) values ('3','3','1','2018','0,1993');
Insert into MRVMM.T_MAE_F_MIT (ID_F_MIT,ID_TIPO_VEHICULO,ID_TIPO_FUENTE,ANNO,FACTOR) values ('4','3','1','2019','0,1993');
Insert into MRVMM.T_MAE_F_MIT (ID_F_MIT,ID_TIPO_VEHICULO,ID_TIPO_FUENTE,ANNO,FACTOR) values ('5','4','1','2018','0,1288');
Insert into MRVMM.T_MAE_F_MIT (ID_F_MIT,ID_TIPO_VEHICULO,ID_TIPO_FUENTE,ANNO,FACTOR) values ('6','4','1','2019','0,1288');
Insert into MRVMM.T_MAE_F_MIT (ID_F_MIT,ID_TIPO_VEHICULO,ID_TIPO_FUENTE,ANNO,FACTOR) values ('7','5','1','2018','0,0092');
Insert into MRVMM.T_MAE_F_MIT (ID_F_MIT,ID_TIPO_VEHICULO,ID_TIPO_FUENTE,ANNO,FACTOR) values ('8','5','1','2019','0,0092');
Insert into MRVMM.T_MAE_F_MIT (ID_F_MIT,ID_TIPO_VEHICULO,ID_TIPO_FUENTE,ANNO,FACTOR) values ('9','6','1','2018','0,0461');
Insert into MRVMM.T_MAE_F_MIT (ID_F_MIT,ID_TIPO_VEHICULO,ID_TIPO_FUENTE,ANNO,FACTOR) values ('10','6','1','2019','0,0461');
Insert into MRVMM.T_MAE_F_MIT (ID_F_MIT,ID_TIPO_VEHICULO,ID_TIPO_FUENTE,ANNO,FACTOR) values ('11','2','1','2018','0,1864');
Insert into MRVMM.T_MAE_F_MIT (ID_F_MIT,ID_TIPO_VEHICULO,ID_TIPO_FUENTE,ANNO,FACTOR) values ('12','2','1','2019','0,1864');
REM INSERTING into MRVMM.T_MAE_F_PER
SET DEFINE OFF;
Insert into MRVMM.T_MAE_F_PER (ID_F_PER,ANNO,FACTOR) values ('11','2019','0,108');
Insert into MRVMM.T_MAE_F_PER (ID_F_PER,ANNO,FACTOR) values ('1','2010','0,104');
Insert into MRVMM.T_MAE_F_PER (ID_F_PER,ANNO,FACTOR) values ('3','2011','0,108');
Insert into MRVMM.T_MAE_F_PER (ID_F_PER,ANNO,FACTOR) values ('4','2012','0,109');
Insert into MRVMM.T_MAE_F_PER (ID_F_PER,ANNO,FACTOR) values ('5','2013','0,109');
Insert into MRVMM.T_MAE_F_PER (ID_F_PER,ANNO,FACTOR) values ('6','2014','0,058');
Insert into MRVMM.T_MAE_F_PER (ID_F_PER,ANNO,FACTOR) values ('7','2015','0,113');
Insert into MRVMM.T_MAE_F_PER (ID_F_PER,ANNO,FACTOR) values ('8','2016','0,109');
Insert into MRVMM.T_MAE_F_PER (ID_F_PER,ANNO,FACTOR) values ('9','2017','0,108');
Insert into MRVMM.T_MAE_F_PER (ID_F_PER,ANNO,FACTOR) values ('10','2018','0,108');
REM INSERTING into MRVMM.T_MAE_F_REN
SET DEFINE OFF;
Insert into MRVMM.T_MAE_F_REN (ID_F_REN,ID_TIPO_VEHICULO,ID_TIPO_FUENTE,FACTOR) values ('1','1','1','0,1629');
Insert into MRVMM.T_MAE_F_REN (ID_F_REN,ID_TIPO_VEHICULO,ID_TIPO_FUENTE,FACTOR) values ('2','2','1','1,1');
Insert into MRVMM.T_MAE_F_REN (ID_F_REN,ID_TIPO_VEHICULO,ID_TIPO_FUENTE,FACTOR) values ('3','3','1','1,1765');
Insert into MRVMM.T_MAE_F_REN (ID_F_REN,ID_TIPO_VEHICULO,ID_TIPO_FUENTE,FACTOR) values ('4','4','1','0,76');
Insert into MRVMM.T_MAE_F_REN (ID_F_REN,ID_TIPO_VEHICULO,ID_TIPO_FUENTE,FACTOR) values ('5','5','1','0,0543');
Insert into MRVMM.T_MAE_F_REN (ID_F_REN,ID_TIPO_VEHICULO,ID_TIPO_FUENTE,FACTOR) values ('6','6','1','0,0271');
REM INSERTING into MRVMM.T_MAE_FRERC_FEW
SET DEFINE OFF;
Insert into MRVMM.T_MAE_FRERC_FEW (ID_F_FEW,ANNO,FACTOR_SE,FACTOR_MH) values ('1','2010','0,4465','0,434');
Insert into MRVMM.T_MAE_FRERC_FEW (ID_F_FEW,ANNO,FACTOR_SE,FACTOR_MH) values ('2','2011','0,4465','0,434');
Insert into MRVMM.T_MAE_FRERC_FEW (ID_F_FEW,ANNO,FACTOR_SE,FACTOR_MH) values ('3','2012','0,4465','0,434');
Insert into MRVMM.T_MAE_FRERC_FEW (ID_F_FEW,ANNO,FACTOR_SE,FACTOR_MH) values ('4','2013','0,4465','0,434');
Insert into MRVMM.T_MAE_FRERC_FEW (ID_F_FEW,ANNO,FACTOR_SE,FACTOR_MH) values ('5','2014','0,4465','0,434');
Insert into MRVMM.T_MAE_FRERC_FEW (ID_F_FEW,ANNO,FACTOR_SE,FACTOR_MH) values ('6','2015','0,4465','0,434');
Insert into MRVMM.T_MAE_FRERC_FEW (ID_F_FEW,ANNO,FACTOR_SE,FACTOR_MH) values ('7','2016','0,4465','0,434');
Insert into MRVMM.T_MAE_FRERC_FEW (ID_F_FEW,ANNO,FACTOR_SE,FACTOR_MH) values ('8','2017','0,4465','0,434');
Insert into MRVMM.T_MAE_FRERC_FEW (ID_F_FEW,ANNO,FACTOR_SE,FACTOR_MH) values ('9','2018','0,4465','0,434');
Insert into MRVMM.T_MAE_FRERC_FEW (ID_F_FEW,ANNO,FACTOR_SE,FACTOR_MH) values ('10','2019','0,4465','0,434');
Insert into MRVMM.T_MAE_FRERC_FEW (ID_F_FEW,ANNO,FACTOR_SE,FACTOR_MH) values ('11','2020','0,4465','0,434');
Insert into MRVMM.T_MAE_FRERC_FEW (ID_F_FEW,ANNO,FACTOR_SE,FACTOR_MH) values ('12','2021','0,4465','0,434');
Insert into MRVMM.T_MAE_FRERC_FEW (ID_F_FEW,ANNO,FACTOR_SE,FACTOR_MH) values ('13','2022','0,4465','0,434');
Insert into MRVMM.T_MAE_FRERC_FEW (ID_F_FEW,ANNO,FACTOR_SE,FACTOR_MH) values ('14','2023','0,4465','0,434');
Insert into MRVMM.T_MAE_FRERC_FEW (ID_F_FEW,ANNO,FACTOR_SE,FACTOR_MH) values ('15','2024','0,4465','0,434');
Insert into MRVMM.T_MAE_FRERC_FEW (ID_F_FEW,ANNO,FACTOR_SE,FACTOR_MH) values ('16','2025','0,4465','0,434');
Insert into MRVMM.T_MAE_FRERC_FEW (ID_F_FEW,ANNO,FACTOR_SE,FACTOR_MH) values ('17','2026','0,4465','0,434');
Insert into MRVMM.T_MAE_FRERC_FEW (ID_F_FEW,ANNO,FACTOR_SE,FACTOR_MH) values ('18','2027','0,4465','0,434');
Insert into MRVMM.T_MAE_FRERC_FEW (ID_F_FEW,ANNO,FACTOR_SE,FACTOR_MH) values ('19','2028','0,4465','0,434');
Insert into MRVMM.T_MAE_FRERC_FEW (ID_F_FEW,ANNO,FACTOR_SE,FACTOR_MH) values ('20','2029','0,4465','0,434');
Insert into MRVMM.T_MAE_FRERC_FEW (ID_F_FEW,ANNO,FACTOR_SE,FACTOR_MH) values ('21','2030','0,4465','0,434');
REM INSERTING into MRVMM.T_MAE_GEI
SET DEFINE OFF;
Insert into MRVMM.T_MAE_GEI (ID_GEI,DESCRIPCION,FLAG_ESTADO,AR2,AR4,AR5,AR6) values ('1','CO2','1','1','1','1','0');
Insert into MRVMM.T_MAE_GEI (ID_GEI,DESCRIPCION,FLAG_ESTADO,AR2,AR4,AR5,AR6) values ('2','CH4','1','21','25','30','0');
Insert into MRVMM.T_MAE_GEI (ID_GEI,DESCRIPCION,FLAG_ESTADO,AR2,AR4,AR5,AR6) values ('3','N2O','1','310','298','265','0');
REM INSERTING into MRVMM.T_MAE_LISTA
SET DEFINE OFF;
REM INSERTING into MRVMM.T_MAE_MEDMIT
SET DEFINE OFF;
Insert into MRVMM.T_MAE_MEDMIT (ID_MEDMIT,NUMERO_MEDMIT,NOMBRE_MEDMIT,DESCRIPCION_MEDMIT,ID_NAMA,OBJETIVO_MEDMIT,IPSC_MEDMIT,FLAG_ESTADO,GEI_TOTAL,GEI_PUBLICO,GEI_PRIVADO,CANT_TOTAL,CANT_PUBLICO,CANT_PRIVADO,ASOCIADO) values ('12','PVE','Promoción de vehículos eléctricos - PVE','Medida que propone reemplazar la matriz energética utilizada en el transporte, la cual utiliza predominantemente combustibles fósiles (gasolina, diésel, gas licuado de petróleo y gas natural vehicular), mediante una mayor participación de vehículos eléctricos en el parque vehicular, contribuyendo al cumplimiento del Plan Energético Nacional 2014-2025 y reduciendo las emisiones de gases de efecto invernadero (GEI) gracias al reemplazo o al desplazamiento de vehículos que consumen gasolina o diésel por nuevos vehículos eléctricos. La meta trazada para esta medida de mitigación en una primera etapa se da bajo 2 acciones: i) la introducción de ómnibus eléctricos y ii) introducción de vehículos livianos eléctricos.','4','Reemplazar la matriz energética utilizada de manera predominante en el transporte (gasolina, diésel, GLP, GNV), a vehículos eléctricos. ','Energía - Combustión móvil','1','-2369','-1890','-479','6','4','2','104');
Insert into MRVMM.T_MAE_MEDMIT (ID_MEDMIT,NUMERO_MEDMIT,NOMBRE_MEDMIT,DESCRIPCION_MEDMIT,ID_NAMA,OBJETIVO_MEDMIT,IPSC_MEDMIT,FLAG_ESTADO,GEI_TOTAL,GEI_PUBLICO,GEI_PRIVADO,CANT_TOTAL,CANT_PUBLICO,CANT_PRIVADO,ASOCIADO) values ('1','EEE','Etiquetado de Eficiencia Energética - EEE','Esta medida propone que los equipos que requieran suministros energéticos incluyan en sus etiquetas, envases, empaques y publicidad, una etiqueta de eficiencia energética a través de la cual el consumidor pueda conocer el consumo de energía y la eficiencia energética del producto para la toma de decisión de consumo, reduciendo así las emisiones de GEI debido a la reducción del consumo de energía asociada a la mejora de eficiencia de los nuevos equipos a ser adquiridos por los consumidores. La medida se enmarca en el Reglamento Técnico sobre el etiquetado de eficiencia energética para equipos energéticos, aprobado mediante Decreto Supremo N°009-2017-EM.','1','Dar cumplimiento al Reglamento Técnico sobre el etiquetado de eficiencia energética para equipos energéticos, aprobado mediante Decreto Supremo N°009-2017-EM. Puede incluir aparatos de refrigeración, calderas, motores eléctricos, lavadoras, secadoras, equipos de aire acondicionado y calentadores de agua. No incluye luminarias. ','Energía - Combustión estacionaria','1','-318','-180','-138','4','2','2','81');
Insert into MRVMM.T_MAE_MEDMIT (ID_MEDMIT,NUMERO_MEDMIT,NOMBRE_MEDMIT,DESCRIPCION_MEDMIT,ID_NAMA,OBJETIVO_MEDMIT,IPSC_MEDMIT,FLAG_ESTADO,GEI_TOTAL,GEI_PUBLICO,GEI_PRIVADO,CANT_TOTAL,CANT_PUBLICO,CANT_PRIVADO,ASOCIADO) values ('2','EESI','Eficiencia Energética en el sector industrial - EESI','Esta medida de mitigación, propuesta por el Ministerio de Energía y Minas, propone la implementación de medidas de eficiencia energética en empresas del sector industrial fomentando la competitividad de la economía nacional y reduciendo el impacto ambiental negativo del uso y consumo de los energéticos como la reducción de emisiones de GEI. Esta medida se enmarca en la Ley de Promoción del Uso Eficiente de la Energía, Ley N°27345, y su Reglamento aprobado por Decreto Supremo N°053-2007-EM. Así, se prevé considerar el recambio de motores y calderas, una vez que se viabilice el Fondo de Financiamiento a la Eficiencia Energética (FOFEE)','1','Fomentar la competitividad de la economía nacional y reducir el impacto ambiental negativo del uso y consumo de los energéticos mediante la Ley de Promoción del Uso Eficiente de la Energía  Ley N°27345 y su Reglamento, aprobado por Decreto Supremo N°053-2007-EM.','Energía - Combustión estacionaria','1','-1605','-1200','-405','6','3','3','0');
Insert into MRVMM.T_MAE_MEDMIT (ID_MEDMIT,NUMERO_MEDMIT,NOMBRE_MEDMIT,DESCRIPCION_MEDMIT,ID_NAMA,OBJETIVO_MEDMIT,IPSC_MEDMIT,FLAG_ESTADO,GEI_TOTAL,GEI_PUBLICO,GEI_PRIVADO,CANT_TOTAL,CANT_PUBLICO,CANT_PRIVADO,ASOCIADO) values ('3','EESC','Eficiencia energética en el sector comercial - EESC','Medida que propone promover la racionalización del consumo de energía en el sector comercial de servicios.','1','Promover la racionalización del consumo de energía en el sector comercial de servicios, a través de: a) reemplazo de lámparas de baja eficiencia por lámparas LED de 10W y b) instalación de sensores de ocupación hotelera, con el objetivo de controlar las unidades de aire acondicionado.','Energía - Combustión estacionaria','1','-313','-250','-63','9','5','4','0');
Insert into MRVMM.T_MAE_MEDMIT (ID_MEDMIT,NUMERO_MEDMIT,NOMBRE_MEDMIT,DESCRIPCION_MEDMIT,ID_NAMA,OBJETIVO_MEDMIT,IPSC_MEDMIT,FLAG_ESTADO,GEI_TOTAL,GEI_PUBLICO,GEI_PRIVADO,CANT_TOTAL,CANT_PUBLICO,CANT_PRIVADO,ASOCIADO) values ('4','AESP','Auditorías energéticas en el sector público - AESP','Medida que propone implementar acciones que contribuyan a reducir el consumo de energía sin que estas acciones afecten la calidad de los servicios prestados y recibidos en las entidades del sector público cuya facturación mensual por consumo de energía eléctrica sea mayor de cuatro (4) unidades impositivas tributarias (UIT), reduciendo así las emisiones de GEI debido a la reducción del consumo energético. Asimismo, prevé que en un futuro las auditorías energéticas puedan desarrollarse para el sector privado, bajo el mecanismo de un fondo de eficiencia energética.','1','Implementar acciones que contribuyan a reducir el consumo de energía sin que estas acciones afecten la calidad de los servicios prestados y recibidos en las entidades del sector público. Incluye todo equipo que consuma electricidad (con y sin fichas de homologación) con excepción de lámparas con fichas.','Energía - Combustión estacionaria','1','-811','-600','-211','6','2','4','0');
Insert into MRVMM.T_MAE_MEDMIT (ID_MEDMIT,NUMERO_MEDMIT,NOMBRE_MEDMIT,DESCRIPCION_MEDMIT,ID_NAMA,OBJETIVO_MEDMIT,IPSC_MEDMIT,FLAG_ESTADO,GEI_TOTAL,GEI_PUBLICO,GEI_PRIVADO,CANT_TOTAL,CANT_PUBLICO,CANT_PRIVADO,ASOCIADO) values ('5','IRS','Transformación del mercado de Iluminación en el Sector Residencial - ISR','Medida que promueve la sustitución de lámparas de baja eficiencia por tecnologías más eficientes de iluminación, reduciendo las emisiones de GEI debido al menor uso de energía, y generando la transformación hacia un mercado de iluminación más eficiente, cuyo principal objetivo es promover el uso de lámparas que permitan un uso eficiente de la energía en el país, sin menoscabar la calidad de la iluminación, considerando los beneficios económicos, ambientales y sociales que se tendrían en el país. La medida de mitigación propone dos fases: i) el programa de distribución de un millón y medio de lámparas energéticamente más eficientes a hogares de menores ingresos como meta al 2019, en el marco del Programa Anual de Promociones 2018, aprobado mediante Resolución Ministerial Nº 021-2018-MINEM/DM, de acuerdo a lo establecido en el Plan de Acceso Universal a la Energía 2013-2022, aprobado con Resolución Ministerial Nº 203-2013-MINEM-DM; y ii) la Estrategia de Iluminación del Perú, cuyo objetivo es incrementar la participación de las lámparas eficientes en el mercado de iluminación nacional, reduciendo el consumo de energía y por ende también reduciendo las emisiones de gases de efecto invernadero (como el CO2).','1','Promover el uso de lámparas que permitan un uso eficiente de la energía en el país, sin menoscabar la calidad de la iluminación, considerando los beneficios económicos, ambientales y sociales que se tendrían en el país. Aplica para lámparas LED.','Energía - Combustión estacionaria','1','-486','-400','-86','1','1','0','0');
Insert into MRVMM.T_MAE_MEDMIT (ID_MEDMIT,NUMERO_MEDMIT,NOMBRE_MEDMIT,DESCRIPCION_MEDMIT,ID_NAMA,OBJETIVO_MEDMIT,IPSC_MEDMIT,FLAG_ESTADO,GEI_TOTAL,GEI_PUBLICO,GEI_PRIVADO,CANT_TOTAL,CANT_PUBLICO,CANT_PRIVADO,ASOCIADO) values ('6','LSP','Reemplazo de lámparas en sector público - LSP','Reemplazo de lámparas de baja eficiencia por lámparas LED en el sector público reduciendo así el consumo de energía y por ende reduciendo también las emisiones de GEI, con el objetivo de impulsar el uso de lámparas y otros equipos de iluminación LED en todas las instituciones públicas. La medida se implementa a través de las fichas de homologación de tecnología LED, aprobadas por el MINEM, y que son instrumentos que permiten el reemplazo de luminarias menos eficientes por lámparas y otros equipos de iluminación LED en los procesos de compras públicas, lo que permite además la inclusión de estas tecnologías en la implementación de nuevos establecimientos estatales.'',''1'',''Impulsar el uso de lámparas eficientes en el sector público a través de las Fichas de Homologación de lámparas de tecnología LED. Aplica para lámparas LED. ','1','Impulsar el uso de lámparas eficientes en el sector público a través de las Fichas de Homologación de lámparas de tecnología LED. Aplica para lámparas LED.Impulsar el uso de lámparas eficientes en el sector público a través de las Fichas de Homologación de lámparas de tecnología LED. Aplica para lámparas LED. ','Energía - Combustión estacionaria','1','-278,4','-160','-118,4','10','7','3','0');
Insert into MRVMM.T_MAE_MEDMIT (ID_MEDMIT,NUMERO_MEDMIT,NOMBRE_MEDMIT,DESCRIPCION_MEDMIT,ID_NAMA,OBJETIVO_MEDMIT,IPSC_MEDMIT,FLAG_ESTADO,GEI_TOTAL,GEI_PUBLICO,GEI_PRIVADO,CANT_TOTAL,CANT_PUBLICO,CANT_PRIVADO,ASOCIADO) values ('7','LAP','Lámparas de alumbrado público - LAP','Medida que promueve la implementación de lámparas de alta eficiencia en el alumbrado público reduciendo las emisiones de GEI debido al menor uso de energía, en el marco del Plan de Acceso Universal a la Energía (RM N°203-2013-MINEM/DM) y en donde se incluye el reemplazo de 100,000 lámparas de vapor de sodio de alta presión (VSAP) en alumbrado público por lámparas LED o de inducción, priorizando zonas vulnerables. Además, contempla una segunda fase a través de la implementación de las fichas de homologación de alumbrado público.','1','Reemplazo de lámparas de alumbrado público de vapor de sodio de alta presión por lámparas LED consiste en la implementación de lámparas de alta eficiencia en el alumbrado público. Aplica para lámparas LED con fichas de homologación, 100,000 de FISE. ','Energía - Combustión estacionaria','1','-1035','-955','-80','1','1','0','0');
Insert into MRVMM.T_MAE_MEDMIT (ID_MEDMIT,NUMERO_MEDMIT,NOMBRE_MEDMIT,DESCRIPCION_MEDMIT,ID_NAMA,OBJETIVO_MEDMIT,IPSC_MEDMIT,FLAG_ESTADO,GEI_TOTAL,GEI_PUBLICO,GEI_PRIVADO,CANT_TOTAL,CANT_PUBLICO,CANT_PRIVADO,ASOCIADO) values ('8','CL','Cocción limpia - CL','Implementación y sostenibilidad de tecnologías de cocción limpia (cocinas mejoradas y cocinas a gas licuado de petróleos) en zonas rurales, reemplazando aquellas cocinas o tecnologías convencionales (fogón abierto) poco eficientes en el ámbito rural, con lo cual se reducirá los consumos de combustibles empleados en cocinas tradicionales, tales como leña y carbón vegetal, reduciendo así emisiones de gases de efecto invernadero (GEI) y los efectos nocivos a la salud asociados a las emisiones gaseosas y del material particulado restante de la combustión.','2','Reducción de las emisiones de gases de efecto invernadero (GEI) generadas por la cocción y calentamiento de alimentos a través del uso de cocinas o tecnologías convencionales (fogón abierto) poco eficientes en el ámbito rural. Incluye: cocinas mejoradas y a gas licuado de petróleo (GLP).','Energía - Combustión estacionaria','1','-1823','-1565','-258','1','1','0','124');
Insert into MRVMM.T_MAE_MEDMIT (ID_MEDMIT,NUMERO_MEDMIT,NOMBRE_MEDMIT,DESCRIPCION_MEDMIT,ID_NAMA,OBJETIVO_MEDMIT,IPSC_MEDMIT,FLAG_ESTADO,GEI_TOTAL,GEI_PUBLICO,GEI_PRIVADO,CANT_TOTAL,CANT_PUBLICO,CANT_PRIVADO,ASOCIADO) values ('10','RERC','RER conectado - RERC','Aumentar la participación de los Recursos Energéticos de fuentes Renovables (RER) en la matriz energética nacional en un 6.8% en el año 2030, reduciendo la proporción de la energía producida en base a la quema de combustibles fósiles, lo cual generará la reducción de emisiones de gases de efecto invernadero (GEI). Asimismo, la medida incluye la implementación de las centrales hidroeléctricas con una capacidad instalada menor a 20 MW.','3','Aumentar la participación de los Recursos Energéticos Renovables (RER) y dar cumplimiento al Decreto Legislativo N° 1002, Ley de Promoción de la Inversión en Generación de Electricidad con el uso de Energías Renovables (2008).','Energía - Combustión estacionaria','1','-7133','-6800','-333','2','1','1','0');
Insert into MRVMM.T_MAE_MEDMIT (ID_MEDMIT,NUMERO_MEDMIT,NOMBRE_MEDMIT,DESCRIPCION_MEDMIT,ID_NAMA,OBJETIVO_MEDMIT,IPSC_MEDMIT,FLAG_ESTADO,GEI_TOTAL,GEI_PUBLICO,GEI_PRIVADO,CANT_TOTAL,CANT_PUBLICO,CANT_PRIVADO,ASOCIADO) values ('9','ER','Electrificación rural - ER','En elaboración','2','En elaboración','Energía - Combustión estacionaria','1','-12,6','-8','-4,6','1','1','1','0');
Insert into MRVMM.T_MAE_MEDMIT (ID_MEDMIT,NUMERO_MEDMIT,NOMBRE_MEDMIT,DESCRIPCION_MEDMIT,ID_NAMA,OBJETIVO_MEDMIT,IPSC_MEDMIT,FLAG_ESTADO,GEI_TOTAL,GEI_PUBLICO,GEI_PRIVADO,CANT_TOTAL,CANT_PUBLICO,CANT_PRIVADO,ASOCIADO) values ('11','GD','Generación distribuida - GD','Medida que abarca toda instalación de generación eléctrica que inyecte energía eléctrica a la red eléctrica esté conectada directamente a la Red de Distribución.','3','Promover el uso e implementación de sistemas de generación eléctrica con tecnologías limpias.','Energía - Combustión estacionaria','1','-53','-42','-11','3','2','1','0');





REM INSERTING into MRVMM.T_MAE_MONEDA
SET DEFINE OFF;
Insert into MRVMM.T_MAE_MONEDA (ID_MONEDA,DESCRIPCION,FLAG_ESTADO) values ('1','SOLES','1');
Insert into MRVMM.T_MAE_MONEDA (ID_MONEDA,DESCRIPCION,FLAG_ESTADO) values ('2','DOLARES','1');
Insert into MRVMM.T_MAE_MONEDA (ID_MONEDA,DESCRIPCION,FLAG_ESTADO) values ('3','EUROS','1');


REM INSERTING into MRVMM.T_MAE_NAMA
SET DEFINE OFF;
Insert into MRVMM.T_MAE_NAMA (ID_NAMA,DESCRIPCION_NAMA,FLG_ESTADO) values ('1','EFICIENCIA ENERGETICA','1');
Insert into MRVMM.T_MAE_NAMA (ID_NAMA,DESCRIPCION_NAMA,FLG_ESTADO) values ('2','ACCESO UNIVERSAL A LA ENERGIA SOSTENIBLE','1');
Insert into MRVMM.T_MAE_NAMA (ID_NAMA,DESCRIPCION_NAMA,FLG_ESTADO) values ('3','RED CONECTADO','1');
Insert into MRVMM.T_MAE_NAMA (ID_NAMA,DESCRIPCION_NAMA,FLG_ESTADO) values ('4','TRANSPORTE ELECTRICO','1');
REM INSERTING into MRVMM.T_MAE_OPCION
SET DEFINE OFF;
Insert into MRVMM.T_MAE_OPCION (ID_OPCION,DES_OPCION,FLG_ESTADO,DES_URL,DES_URLIMAGEN,DES_URLLABEL,DES_FUNCION_INI,NUM_ORDEN,NUM_NIVEL,ID_OPCION_PADRE,ID_TIPO_OPCION) values ('9','NUEVA INICIATIVA','1',null,null,null,null,null,null,null,null);
Insert into MRVMM.T_MAE_OPCION (ID_OPCION,DES_OPCION,FLG_ESTADO,DES_URL,DES_URLIMAGEN,DES_URLLABEL,DES_FUNCION_INI,NUM_ORDEN,NUM_NIVEL,ID_OPCION_PADRE,ID_TIPO_OPCION) values ('8','CREDENCIALES','1',null,null,null,null,null,null,null,'1');
Insert into MRVMM.T_MAE_OPCION (ID_OPCION,DES_OPCION,FLG_ESTADO,DES_URL,DES_URLIMAGEN,DES_URLLABEL,DES_FUNCION_INI,NUM_ORDEN,NUM_NIVEL,ID_OPCION_PADRE,ID_TIPO_OPCION) values ('1','INICIO','1',null,null,null,null,null,null,null,'1');
Insert into MRVMM.T_MAE_OPCION (ID_OPCION,DES_OPCION,FLG_ESTADO,DES_URL,DES_URLIMAGEN,DES_URLLABEL,DES_FUNCION_INI,NUM_ORDEN,NUM_NIVEL,ID_OPCION_PADRE,ID_TIPO_OPCION) values ('2','ACCIONES DE MITIGACION','1',null,null,null,null,null,null,null,'1');
Insert into MRVMM.T_MAE_OPCION (ID_OPCION,DES_OPCION,FLG_ESTADO,DES_URL,DES_URLIMAGEN,DES_URLLABEL,DES_FUNCION_INI,NUM_ORDEN,NUM_NIVEL,ID_OPCION_PADRE,ID_TIPO_OPCION) values ('3','REPORTES','1',null,null,null,null,null,null,null,'1');
Insert into MRVMM.T_MAE_OPCION (ID_OPCION,DES_OPCION,FLG_ESTADO,DES_URL,DES_URLIMAGEN,DES_URLLABEL,DES_FUNCION_INI,NUM_ORDEN,NUM_NIVEL,ID_OPCION_PADRE,ID_TIPO_OPCION) values ('4','ACCIONES Y RESULTADOS','1',null,null,null,null,null,null,null,'1');
Insert into MRVMM.T_MAE_OPCION (ID_OPCION,DES_OPCION,FLG_ESTADO,DES_URL,DES_URLIMAGEN,DES_URLLABEL,DES_FUNCION_INI,NUM_ORDEN,NUM_NIVEL,ID_OPCION_PADRE,ID_TIPO_OPCION) values ('5','NOTIFICACIONES','1',null,null,null,null,null,null,null,'1');
Insert into MRVMM.T_MAE_OPCION (ID_OPCION,DES_OPCION,FLG_ESTADO,DES_URL,DES_URLIMAGEN,DES_URLLABEL,DES_FUNCION_INI,NUM_ORDEN,NUM_NIVEL,ID_OPCION_PADRE,ID_TIPO_OPCION) values ('6','MANTENIMIENTO DE TABLAS','1',null,null,null,null,null,null,null,'1');
Insert into MRVMM.T_MAE_OPCION (ID_OPCION,DES_OPCION,FLG_ESTADO,DES_URL,DES_URLIMAGEN,DES_URLLABEL,DES_FUNCION_INI,NUM_ORDEN,NUM_NIVEL,ID_OPCION_PADRE,ID_TIPO_OPCION) values ('7','CAMBIO DE CLAVES','1',null,null,null,null,null,null,null,'1');
REM INSERTING into MRVMM.T_MAE_OPCION_ROL
SET DEFINE OFF;
Insert into MRVMM.T_MAE_OPCION_ROL (ID_OPCION,ID_ROL,FLG_ESTADO) values ('9','1','1');
Insert into MRVMM.T_MAE_OPCION_ROL (ID_OPCION,ID_ROL,FLG_ESTADO) values ('7','1','1');
Insert into MRVMM.T_MAE_OPCION_ROL (ID_OPCION,ID_ROL,FLG_ESTADO) values ('1','6','1');
Insert into MRVMM.T_MAE_OPCION_ROL (ID_OPCION,ID_ROL,FLG_ESTADO) values ('2','6','1');
Insert into MRVMM.T_MAE_OPCION_ROL (ID_OPCION,ID_ROL,FLG_ESTADO) values ('3','6','1');
Insert into MRVMM.T_MAE_OPCION_ROL (ID_OPCION,ID_ROL,FLG_ESTADO) values ('4','6','1');
Insert into MRVMM.T_MAE_OPCION_ROL (ID_OPCION,ID_ROL,FLG_ESTADO) values ('1','1','1');
Insert into MRVMM.T_MAE_OPCION_ROL (ID_OPCION,ID_ROL,FLG_ESTADO) values ('2','1','1');
Insert into MRVMM.T_MAE_OPCION_ROL (ID_OPCION,ID_ROL,FLG_ESTADO) values ('3','1','1');
Insert into MRVMM.T_MAE_OPCION_ROL (ID_OPCION,ID_ROL,FLG_ESTADO) values ('4','1','1');
Insert into MRVMM.T_MAE_OPCION_ROL (ID_OPCION,ID_ROL,FLG_ESTADO) values ('5','1','1');
Insert into MRVMM.T_MAE_OPCION_ROL (ID_OPCION,ID_ROL,FLG_ESTADO) values ('1','2','1');
Insert into MRVMM.T_MAE_OPCION_ROL (ID_OPCION,ID_ROL,FLG_ESTADO) values ('2','2','1');
Insert into MRVMM.T_MAE_OPCION_ROL (ID_OPCION,ID_ROL,FLG_ESTADO) values ('3','2','1');
Insert into MRVMM.T_MAE_OPCION_ROL (ID_OPCION,ID_ROL,FLG_ESTADO) values ('4','2','1');
Insert into MRVMM.T_MAE_OPCION_ROL (ID_OPCION,ID_ROL,FLG_ESTADO) values ('5','2','1');
Insert into MRVMM.T_MAE_OPCION_ROL (ID_OPCION,ID_ROL,FLG_ESTADO) values ('7','2','1');
Insert into MRVMM.T_MAE_OPCION_ROL (ID_OPCION,ID_ROL,FLG_ESTADO) values ('1','3','1');
Insert into MRVMM.T_MAE_OPCION_ROL (ID_OPCION,ID_ROL,FLG_ESTADO) values ('2','3','1');
Insert into MRVMM.T_MAE_OPCION_ROL (ID_OPCION,ID_ROL,FLG_ESTADO) values ('3','3','1');
Insert into MRVMM.T_MAE_OPCION_ROL (ID_OPCION,ID_ROL,FLG_ESTADO) values ('4','3','1');
Insert into MRVMM.T_MAE_OPCION_ROL (ID_OPCION,ID_ROL,FLG_ESTADO) values ('5','3','1');
Insert into MRVMM.T_MAE_OPCION_ROL (ID_OPCION,ID_ROL,FLG_ESTADO) values ('6','3','1');
Insert into MRVMM.T_MAE_OPCION_ROL (ID_OPCION,ID_ROL,FLG_ESTADO) values ('7','3','1');
Insert into MRVMM.T_MAE_OPCION_ROL (ID_OPCION,ID_ROL,FLG_ESTADO) values ('1','4','1');
Insert into MRVMM.T_MAE_OPCION_ROL (ID_OPCION,ID_ROL,FLG_ESTADO) values ('2','4','1');
Insert into MRVMM.T_MAE_OPCION_ROL (ID_OPCION,ID_ROL,FLG_ESTADO) values ('3','4','1');
Insert into MRVMM.T_MAE_OPCION_ROL (ID_OPCION,ID_ROL,FLG_ESTADO) values ('4','4','1');
Insert into MRVMM.T_MAE_OPCION_ROL (ID_OPCION,ID_ROL,FLG_ESTADO) values ('5','4','1');
Insert into MRVMM.T_MAE_OPCION_ROL (ID_OPCION,ID_ROL,FLG_ESTADO) values ('7','4','1');
Insert into MRVMM.T_MAE_OPCION_ROL (ID_OPCION,ID_ROL,FLG_ESTADO) values ('1','5','1');
Insert into MRVMM.T_MAE_OPCION_ROL (ID_OPCION,ID_ROL,FLG_ESTADO) values ('2','5','1');
Insert into MRVMM.T_MAE_OPCION_ROL (ID_OPCION,ID_ROL,FLG_ESTADO) values ('3','5','1');
Insert into MRVMM.T_MAE_OPCION_ROL (ID_OPCION,ID_ROL,FLG_ESTADO) values ('4','5','1');
Insert into MRVMM.T_MAE_OPCION_ROL (ID_OPCION,ID_ROL,FLG_ESTADO) values ('5','5','1');
Insert into MRVMM.T_MAE_OPCION_ROL (ID_OPCION,ID_ROL,FLG_ESTADO) values ('7','5','1');
REM INSERTING into MRVMM.T_MAE_PAGINA
SET DEFINE OFF;
REM INSERTING into MRVMM.T_MAE_PLAZO
SET DEFINE OFF;
REM INSERTING into MRVMM.T_MAE_ROL
SET DEFINE OFF;
Insert into MRVMM.T_MAE_ROL (ID_ROL,DESCRIPCION_ROL,FLG_ESTADO) values ('7','El hacker','0');
Insert into MRVMM.T_MAE_ROL (ID_ROL,DESCRIPCION_ROL,FLG_ESTADO) values ('8','El Barto','0');
Insert into MRVMM.T_MAE_ROL (ID_ROL,DESCRIPCION_ROL,FLG_ESTADO) values ('1','ADMINISTRADO','1');
Insert into MRVMM.T_MAE_ROL (ID_ROL,DESCRIPCION_ROL,FLG_ESTADO) values ('2','ESPECIALISTA MRV','1');
Insert into MRVMM.T_MAE_ROL (ID_ROL,DESCRIPCION_ROL,FLG_ESTADO) values ('3','ADMINISTRADOR MINEM','1');
Insert into MRVMM.T_MAE_ROL (ID_ROL,DESCRIPCION_ROL,FLG_ESTADO) values ('4','EVALUADOR MINAM','1');
Insert into MRVMM.T_MAE_ROL (ID_ROL,DESCRIPCION_ROL,FLG_ESTADO) values ('5','VERIFICADOR','1');
Insert into MRVMM.T_MAE_ROL (ID_ROL,DESCRIPCION_ROL,FLG_ESTADO) values ('6','VISITANTE','0');
REM INSERTING into MRVMM.T_MAE_SECTOR_INST
SET DEFINE OFF;
Insert into MRVMM.T_MAE_SECTOR_INST (ID_SECTOR_INST,DESCRIPCION,FLAG_ESTADO) values ('1','SECTOR PUBLICO','1');
Insert into MRVMM.T_MAE_SECTOR_INST (ID_SECTOR_INST,DESCRIPCION,FLAG_ESTADO) values ('2','SECTOR PRIVADO','1');
REM INSERTING into MRVMM.T_MAE_TERMINOS
SET DEFINE OFF;
Insert into MRVMM.T_MAE_TERMINOS (ID_TERMINOS,ID_ROL,CONDICIONES_TERMINOS) values ('1','1','El Proyecto Acciones Nacionales Apropiadas de Mitigación de energía (NAMA por sus siglas en inglés) en los sectores de generación de energía y su uso final en el Perú promueve acciones de sostenibilidad para alcanzar reducciones en emisiones de gases de efecto invernadero (GEI) como parte de los compromisos internacionales asumido por Perú dentro del marco de la Convención de las Naciones Unidas sobre Cambio Climático (CMNUCC o UNFCCC por sus siglas en inglés). 
En ese sentido, identificar y desarrollar iniciativas en el sector energía (por ejemplo, NAMAs) favorecerán a la reducción de emisiones de GEI y a su vez generarán beneficios sociales, ambientales y económicos.  De otro lado nuestro país, para el cumplimiento de sus compromisos, ha priorizado seis sectores para el diseño de iniciativas de reducción de emisiones de GEI / captura de CO2, los cuales son: Energía, Transporte, Agricultura, Desechos, USCUSS (Uso de Suelo, Cambio de Uso de Suelo y Silvicultura) y Procesos Industriales. En ese sentido, el sector energético (incluyendo transporte) es la segunda fuente de emisiones, después de USCUSS, con el 26% de las emisiones totales de GEI del país y llegando a aumentar 15% entre los años 1994 y 2000 (SCNCC ) y 50% entre los años 2000 y 2010 (FBUR ).  Por lo que, tenemos la gran responsabilidad de desarrollar NAMAs ambiciosas y efectivas para poder alcanzar el objetivo de las NDCs.  
En ese contexto, el Ministerio de Energía y Minas suscribió con el Programa de Naciones Unidas para el Desarrollo  PNUD, el Convenio para implementar el Proyecto Acciones Nacionales Apropiadas de Mitigación (NAMA) en los sectores de generación de energía y su uso final en el Perú, cuyo financiamiento proviene del Fondo Mundial para el Medio Ambiente (GEF por su siglas en inglés), más el apoyo y cofinanciamiento de PNUD, MINAM, MEF y MEM. 
Recayendo su implementación en la Dirección General de Eficiencia Energética quien deberá liderar, diseñar, desarrollar, gestionar y coordinar cuatro (04) NAMAs de energía con sus respectivos sistemas de Monitoreo, Reporte, y Verificación (MRV), como producto de este proyecto. En ese sentido desde abril del 2016, el Proyecto inició el proceso de diseño conceptual de los mismos enfocándose en maximizar los beneficios sociales, ambientales y económicos para el país.  Por tal motivo, se ha elegido desarrollar las siguientes NAMAs a desarrollarse desde 2016 hasta 2020:
1.	NAMA #1 (Eficiencia Energética): Mejoras en Eficiencia Energética en los sectores públicos y privadas;  
2.	NAMA #2 (RER Conectado): La promoción de las RER en sistemas interconectados; 
3.	NAMA #3 (RER Acceso Universal): Promoción del Acceso Universal a la Energía Sostenible; y
4.	NAMA #4 (Transporte Eléctrico): Promoción de eficiencia energética en el sector transporte con la promoción de transporte eléctrico.  
');
REM INSERTING into MRVMM.T_MAE_TIPO_COMBUSTIBLE
SET DEFINE OFF;
Insert into MRVMM.T_MAE_TIPO_COMBUSTIBLE (ID_TIPO_COMBUSTIBLE,DESCRIPCION,FLG_ESTADO) values ('1','GNV','1');
Insert into MRVMM.T_MAE_TIPO_COMBUSTIBLE (ID_TIPO_COMBUSTIBLE,DESCRIPCION,FLG_ESTADO) values ('2','GLP','1');
Insert into MRVMM.T_MAE_TIPO_COMBUSTIBLE (ID_TIPO_COMBUSTIBLE,DESCRIPCION,FLG_ESTADO) values ('3','Gasolina','1');
Insert into MRVMM.T_MAE_TIPO_COMBUSTIBLE (ID_TIPO_COMBUSTIBLE,DESCRIPCION,FLG_ESTADO) values ('4','Diesel','1');
REM INSERTING into MRVMM.T_MAE_TIPO_FUENTE
SET DEFINE OFF;
Insert into MRVMM.T_MAE_TIPO_FUENTE (ID_TIPO_FUENTE,DESCRIPCION) values ('1','ELECTRICO');
Insert into MRVMM.T_MAE_TIPO_FUENTE (ID_TIPO_FUENTE,DESCRIPCION) values ('2','HIBRIDO');
Insert into MRVMM.T_MAE_TIPO_FUENTE (ID_TIPO_FUENTE,DESCRIPCION) values ('3','HIDROGENO');
REM INSERTING into MRVMM.T_MAE_TIPO_MIT_COCCION
SET DEFINE OFF;
REM INSERTING into MRVMM.T_MAE_TIPO_OPCION
SET DEFINE OFF;
Insert into MRVMM.T_MAE_TIPO_OPCION (ID_TIPO_OPCION,DES_TIPO_OPCION,SIGLA) values ('1','TIPO 1','T1 ');
Insert into MRVMM.T_MAE_TIPO_OPCION (ID_TIPO_OPCION,DES_TIPO_OPCION,SIGLA) values ('2','TIPO 2','T2 ');
REM INSERTING into MRVMM.T_MAE_TIPO_VEHICULO
SET DEFINE OFF;
Insert into MRVMM.T_MAE_TIPO_VEHICULO (ID_TIPO_VEHICULO,DESCRIPCION,FLG_ESTADO) values ('1','Automovil','1');
Insert into MRVMM.T_MAE_TIPO_VEHICULO (ID_TIPO_VEHICULO,DESCRIPCION,FLG_ESTADO) values ('2','Bus 9m','1');
Insert into MRVMM.T_MAE_TIPO_VEHICULO (ID_TIPO_VEHICULO,DESCRIPCION,FLG_ESTADO) values ('3','Bus 12m','1');
Insert into MRVMM.T_MAE_TIPO_VEHICULO (ID_TIPO_VEHICULO,DESCRIPCION,FLG_ESTADO) values ('4','Bus 18m','1');
Insert into MRVMM.T_MAE_TIPO_VEHICULO (ID_TIPO_VEHICULO,DESCRIPCION,FLG_ESTADO) values ('5','Mototaxi','1');
Insert into MRVMM.T_MAE_TIPO_VEHICULO (ID_TIPO_VEHICULO,DESCRIPCION,FLG_ESTADO) values ('6','Moto','1');
REM INSERTING into MRVMM.T_MAE_UBICACION
SET DEFINE OFF;
Insert into MRVMM.T_MAE_UBICACION (ID_UBICACION,DESCRIPCION,FLG_ESTADO) values ('1','AMAZONAS','1');
Insert into MRVMM.T_MAE_UBICACION (ID_UBICACION,DESCRIPCION,FLG_ESTADO) values ('2','ANCASH','1');
Insert into MRVMM.T_MAE_UBICACION (ID_UBICACION,DESCRIPCION,FLG_ESTADO) values ('3','APURIMAC','1');
Insert into MRVMM.T_MAE_UBICACION (ID_UBICACION,DESCRIPCION,FLG_ESTADO) values ('4','AREQUIPA','1');
Insert into MRVMM.T_MAE_UBICACION (ID_UBICACION,DESCRIPCION,FLG_ESTADO) values ('5','AYACUCHO','1');
Insert into MRVMM.T_MAE_UBICACION (ID_UBICACION,DESCRIPCION,FLG_ESTADO) values ('6','CAJAMARCA','1');
Insert into MRVMM.T_MAE_UBICACION (ID_UBICACION,DESCRIPCION,FLG_ESTADO) values ('7','CALLAO','1');
Insert into MRVMM.T_MAE_UBICACION (ID_UBICACION,DESCRIPCION,FLG_ESTADO) values ('8','CUSCO','1');
Insert into MRVMM.T_MAE_UBICACION (ID_UBICACION,DESCRIPCION,FLG_ESTADO) values ('9','HUANCAVELICA','1');
Insert into MRVMM.T_MAE_UBICACION (ID_UBICACION,DESCRIPCION,FLG_ESTADO) values ('10','HUANUCO','1');
Insert into MRVMM.T_MAE_UBICACION (ID_UBICACION,DESCRIPCION,FLG_ESTADO) values ('11','ICA','1');
Insert into MRVMM.T_MAE_UBICACION (ID_UBICACION,DESCRIPCION,FLG_ESTADO) values ('12','JUNIN','1');
Insert into MRVMM.T_MAE_UBICACION (ID_UBICACION,DESCRIPCION,FLG_ESTADO) values ('13','LA LIBERTAD','1');
Insert into MRVMM.T_MAE_UBICACION (ID_UBICACION,DESCRIPCION,FLG_ESTADO) values ('14','LAMBAYEQUE','1');
Insert into MRVMM.T_MAE_UBICACION (ID_UBICACION,DESCRIPCION,FLG_ESTADO) values ('15','LIMA','1');
Insert into MRVMM.T_MAE_UBICACION (ID_UBICACION,DESCRIPCION,FLG_ESTADO) values ('16','LORETO','1');
Insert into MRVMM.T_MAE_UBICACION (ID_UBICACION,DESCRIPCION,FLG_ESTADO) values ('17','MADRE DE DIOS','1');
Insert into MRVMM.T_MAE_UBICACION (ID_UBICACION,DESCRIPCION,FLG_ESTADO) values ('18','MOQUEGUA','1');
Insert into MRVMM.T_MAE_UBICACION (ID_UBICACION,DESCRIPCION,FLG_ESTADO) values ('19','PASCO','1');
Insert into MRVMM.T_MAE_UBICACION (ID_UBICACION,DESCRIPCION,FLG_ESTADO) values ('20','PIURA','1');
Insert into MRVMM.T_MAE_UBICACION (ID_UBICACION,DESCRIPCION,FLG_ESTADO) values ('21','PUNO','1');
Insert into MRVMM.T_MAE_UBICACION (ID_UBICACION,DESCRIPCION,FLG_ESTADO) values ('22','SAN MARTIN','1');
Insert into MRVMM.T_MAE_UBICACION (ID_UBICACION,DESCRIPCION,FLG_ESTADO) values ('23','TACNA','1');
Insert into MRVMM.T_MAE_UBICACION (ID_UBICACION,DESCRIPCION,FLG_ESTADO) values ('24','TUMBES','1');
Insert into MRVMM.T_MAE_UBICACION (ID_UBICACION,DESCRIPCION,FLG_ESTADO) values ('25','UCAYALI','1');
REM INSERTING into MRVMM.T_MAE_USUARIO_MEDMIT
SET DEFINE OFF;
Insert into MRVMM.T_MAE_USUARIO_MEDMIT (ID_USUARIO,ID_MEDMIT,FLG_ESTADO,USUARIO_REGISTRO,FECHA_REGISTRO,IP_REGISTRO,USUARIO_MODIFICA,FECHA_MODIFICA,IP_MODIFICA) values ('81','1','1','22',to_date('11/02/20','DD/MM/RR'),'10.0.0.103','22',to_date('11/02/20','DD/MM/RR'),'10.0.0.103');
Insert into MRVMM.T_MAE_USUARIO_MEDMIT (ID_USUARIO,ID_MEDMIT,FLG_ESTADO,USUARIO_REGISTRO,FECHA_REGISTRO,IP_REGISTRO,USUARIO_MODIFICA,FECHA_MODIFICA,IP_MODIFICA) values ('104','12','1','22',to_date('11/02/20','DD/MM/RR'),'10.0.0.103','22',to_date('11/02/20','DD/MM/RR'),'10.0.0.103');
Insert into MRVMM.T_MAE_USUARIO_MEDMIT (ID_USUARIO,ID_MEDMIT,FLG_ESTADO,USUARIO_REGISTRO,FECHA_REGISTRO,IP_REGISTRO,USUARIO_MODIFICA,FECHA_MODIFICA,IP_MODIFICA) values ('104','4','0','22',to_date('01/02/20','DD/MM/RR'),'10.0.0.107','22',to_date('11/02/20','DD/MM/RR'),'10.0.0.103');
Insert into MRVMM.T_MAE_USUARIO_MEDMIT (ID_USUARIO,ID_MEDMIT,FLG_ESTADO,USUARIO_REGISTRO,FECHA_REGISTRO,IP_REGISTRO,USUARIO_MODIFICA,FECHA_MODIFICA,IP_MODIFICA) values ('124','8','1','22',to_date('01/02/20','DD/MM/RR'),'10.0.0.107',null,null,null);
Insert into MRVMM.T_MAE_USUARIO_MEDMIT (ID_USUARIO,ID_MEDMIT,FLG_ESTADO,USUARIO_REGISTRO,FECHA_REGISTRO,IP_REGISTRO,USUARIO_MODIFICA,FECHA_MODIFICA,IP_MODIFICA) values ('81','12','0','22',to_date('29/01/20','DD/MM/RR'),'10.0.0.103','22',to_date('11/02/20','DD/MM/RR'),'10.0.0.103');
REM INSERTING into MRVMM.T_MAE_USUARIO_ROL
SET DEFINE OFF;
Insert into MRVMM.T_MAE_USUARIO_ROL (ID_USUARIO,ID_ROL,FLG_ESTADO,DES_COMENTARIO) values ('140','1','1',null);
Insert into MRVMM.T_MAE_USUARIO_ROL (ID_USUARIO,ID_ROL,FLG_ESTADO,DES_COMENTARIO) values ('121','1','1',null);
Insert into MRVMM.T_MAE_USUARIO_ROL (ID_USUARIO,ID_ROL,FLG_ESTADO,DES_COMENTARIO) values ('123','5','1',null);
Insert into MRVMM.T_MAE_USUARIO_ROL (ID_USUARIO,ID_ROL,FLG_ESTADO,DES_COMENTARIO) values ('122','4','1',null);
Insert into MRVMM.T_MAE_USUARIO_ROL (ID_USUARIO,ID_ROL,FLG_ESTADO,DES_COMENTARIO) values ('120','1','1',null);
Insert into MRVMM.T_MAE_USUARIO_ROL (ID_USUARIO,ID_ROL,FLG_ESTADO,DES_COMENTARIO) values ('124','2','1',null);
Insert into MRVMM.T_MAE_USUARIO_ROL (ID_USUARIO,ID_ROL,FLG_ESTADO,DES_COMENTARIO) values ('104','2','1',null);
Insert into MRVMM.T_MAE_USUARIO_ROL (ID_USUARIO,ID_ROL,FLG_ESTADO,DES_COMENTARIO) values ('100','1','1',null);
Insert into MRVMM.T_MAE_USUARIO_ROL (ID_USUARIO,ID_ROL,FLG_ESTADO,DES_COMENTARIO) values ('101','1','1',null);
Insert into MRVMM.T_MAE_USUARIO_ROL (ID_USUARIO,ID_ROL,FLG_ESTADO,DES_COMENTARIO) values ('103','1','1',null);
Insert into MRVMM.T_MAE_USUARIO_ROL (ID_USUARIO,ID_ROL,FLG_ESTADO,DES_COMENTARIO) values ('106','1','1',null);
Insert into MRVMM.T_MAE_USUARIO_ROL (ID_USUARIO,ID_ROL,FLG_ESTADO,DES_COMENTARIO) values ('107','4','1',null);
Insert into MRVMM.T_MAE_USUARIO_ROL (ID_USUARIO,ID_ROL,FLG_ESTADO,DES_COMENTARIO) values ('1','4','1',null);
Insert into MRVMM.T_MAE_USUARIO_ROL (ID_USUARIO,ID_ROL,FLG_ESTADO,DES_COMENTARIO) values ('105','1','1',null);
Insert into MRVMM.T_MAE_USUARIO_ROL (ID_USUARIO,ID_ROL,FLG_ESTADO,DES_COMENTARIO) values ('22','3','1',null);
Insert into MRVMM.T_MAE_USUARIO_ROL (ID_USUARIO,ID_ROL,FLG_ESTADO,DES_COMENTARIO) values ('45','5','1',null);
Insert into MRVMM.T_MAE_USUARIO_ROL (ID_USUARIO,ID_ROL,FLG_ESTADO,DES_COMENTARIO) values ('81','2','1',null);
Insert into MRVMM.T_MAE_USUARIO_ROL (ID_USUARIO,ID_ROL,FLG_ESTADO,DES_COMENTARIO) values ('102','1','1',null);
Insert into MRVMM.T_MAE_USUARIO_ROL (ID_USUARIO,ID_ROL,FLG_ESTADO,DES_COMENTARIO) values ('160','1','1',null);
Insert into MRVMM.T_MAE_USUARIO_ROL (ID_USUARIO,ID_ROL,FLG_ESTADO,DES_COMENTARIO) values ('180','1','1',null);
Insert into MRVMM.T_MAE_USUARIO_ROL (ID_USUARIO,ID_ROL,FLG_ESTADO,DES_COMENTARIO) values ('181','1','1',null);
Insert into MRVMM.T_MAE_USUARIO_ROL (ID_USUARIO,ID_ROL,FLG_ESTADO,DES_COMENTARIO) values ('182','1','1',null);
Insert into MRVMM.T_MAE_USUARIO_ROL (ID_USUARIO,ID_ROL,FLG_ESTADO,DES_COMENTARIO) values ('183','1','1',null);


-- DINAMICO

REM INSERTING into MRVMM.T_MAEM_TIPO_DATO
SET DEFINE OFF;
Insert into MRVMM.T_MAEM_TIPO_DATO (ID_TIPO_DATO,TIPO_DATO) values ('1','FECHA');
Insert into MRVMM.T_MAEM_TIPO_DATO (ID_TIPO_DATO,TIPO_DATO) values ('2','NUMERO');
Insert into MRVMM.T_MAEM_TIPO_DATO (ID_TIPO_DATO,TIPO_DATO) values ('3','CARACTER');

REM INSERTING into MRVMM.T_MAEM_TIPO_CONTROL
SET DEFINE OFF;
Insert into MRVMM.T_MAEM_TIPO_CONTROL (ID_TIPO_CONTROL,TIPO_CONTROL) values ('1','LISTA');
Insert into MRVMM.T_MAEM_TIPO_CONTROL (ID_TIPO_CONTROL,TIPO_CONTROL) values ('2','TEXTO');

REM INSERTING into MRVMM.T_MAEM_MRV_PARAMETRO
SET DEFINE OFF;
Insert into MRVMM.T_MAEM_MRV_PARAMETRO (ID_PARAMETRO,ID_TIPO_CONTROL,ID_TIPO_DATO,NOMBRE_PARAMETRO,EDITABLE,VERIFICABLE,FLG_ESTADO) values ('1','1',null,'TIPO DE VEHÍCULO','1','1','1');
Insert into MRVMM.T_MAEM_MRV_PARAMETRO (ID_PARAMETRO,ID_TIPO_CONTROL,ID_TIPO_DATO,NOMBRE_PARAMETRO,EDITABLE,VERIFICABLE,FLG_ESTADO) values ('2','2','1','INICIO DE OPERACIONES','1','0','1');
Insert into MRVMM.T_MAEM_MRV_PARAMETRO (ID_PARAMETRO,ID_TIPO_CONTROL,ID_TIPO_DATO,NOMBRE_PARAMETRO,EDITABLE,VERIFICABLE,FLG_ESTADO) values ('3','1',null,'TIPO DE COMBUSTIBLE','1','1','1');
Insert into MRVMM.T_MAEM_MRV_PARAMETRO (ID_PARAMETRO,ID_TIPO_CONTROL,ID_TIPO_DATO,NOMBRE_PARAMETRO,EDITABLE,VERIFICABLE,FLG_ESTADO) values ('4','2','2','KRV ELÉCTRICO','1','1','1');
Insert into MRVMM.T_MAEM_MRV_PARAMETRO (ID_PARAMETRO,ID_TIPO_CONTROL,ID_TIPO_DATO,NOMBRE_PARAMETRO,EDITABLE,VERIFICABLE,FLG_ESTADO) values ('5','2','3','PLACA','1','0','1');
Insert into MRVMM.T_MAEM_MRV_PARAMETRO (ID_PARAMETRO,ID_TIPO_CONTROL,ID_TIPO_DATO,NOMBRE_PARAMETRO,EDITABLE,VERIFICABLE,FLG_ESTADO) values ('6','1',null,'AÑO','1','1','1');
Insert into MRVMM.T_MAEM_MRV_PARAMETRO (ID_PARAMETRO,ID_TIPO_CONTROL,ID_TIPO_DATO,NOMBRE_PARAMETRO,EDITABLE,VERIFICABLE,FLG_ESTADO) values ('7','2','2','CONSUMO DE ELECTRICIDAD','1','1','1');
Insert into MRVMM.T_MAEM_MRV_PARAMETRO (ID_PARAMETRO,ID_TIPO_CONTROL,ID_TIPO_DATO,NOMBRE_PARAMETRO,EDITABLE,VERIFICABLE,FLG_ESTADO) values ('8','2','2','CONSUMO DE COMBUSTIBLE','1','1','1');
Insert into MRVMM.T_MAEM_MRV_PARAMETRO (ID_PARAMETRO,ID_TIPO_CONTROL,ID_TIPO_DATO,NOMBRE_PARAMETRO,EDITABLE,VERIFICABLE,FLG_ESTADO) values ('9','2','2','LÍNEA BASE EMISIONES GEI','0','0','1');
Insert into MRVMM.T_MAEM_MRV_PARAMETRO (ID_PARAMETRO,ID_TIPO_CONTROL,ID_TIPO_DATO,NOMBRE_PARAMETRO,EDITABLE,VERIFICABLE,FLG_ESTADO) values ('10','2','2','INICIATIVA MITIGACIÓN EMISIONES GEI','0','0','1');
Insert into MRVMM.T_MAEM_MRV_PARAMETRO (ID_PARAMETRO,ID_TIPO_CONTROL,ID_TIPO_DATO,NOMBRE_PARAMETRO,EDITABLE,VERIFICABLE,FLG_ESTADO) values ('11','2','2','EMISIONES GEI REDUCIDAS','0','0','1');
Insert into MRVMM.T_MAEM_MRV_PARAMETRO (ID_PARAMETRO,ID_TIPO_CONTROL,ID_TIPO_DATO,NOMBRE_PARAMETRO,EDITABLE,VERIFICABLE,FLG_ESTADO) values ('12','2','2','CANTIDAD','1','1','1');
Insert into MRVMM.T_MAEM_MRV_PARAMETRO (ID_PARAMETRO,ID_TIPO_CONTROL,ID_TIPO_DATO,NOMBRE_PARAMETRO,EDITABLE,VERIFICABLE,FLG_ESTADO) values ('13','2','2','FACTOR DE RENDIMIENTO','1','1','1');
Insert into MRVMM.T_MAEM_MRV_PARAMETRO (ID_PARAMETRO,ID_TIPO_CONTROL,ID_TIPO_DATO,NOMBRE_PARAMETRO,EDITABLE,VERIFICABLE,FLG_ESTADO) values ('14','1',null,'TIPO DE FUENTE','1','1','1');
Insert into MRVMM.T_MAEM_MRV_PARAMETRO (ID_PARAMETRO,ID_TIPO_CONTROL,ID_TIPO_DATO,NOMBRE_PARAMETRO,EDITABLE,VERIFICABLE,FLG_ESTADO) values ('15','2','2','KRV COMBUSTIBLE','1','1','1');
Insert into MRVMM.T_MAEM_MRV_PARAMETRO (ID_PARAMETRO,ID_TIPO_CONTROL,ID_TIPO_DATO,NOMBRE_PARAMETRO,EDITABLE,VERIFICABLE,FLG_ESTADO) values ('16','2','2','ELECTRIDAD GENERADA','1','1','1');

REM INSERTING into MRVMM.T_MAMEM_GRUPO_INDICADOR
SET DEFINE OFF;
Insert into MRVMM.T_MAMEM_GRUPO_INDICADOR (ID_GRUPO_INDICADOR,GRUPO_INDICADOR,COLOR_GRUPO,FLAG_ESTADO) values ('1','GRUPO INICIATIVA','#28A745','1');
Insert into MRVMM.T_MAMEM_GRUPO_INDICADOR (ID_GRUPO_INDICADOR,GRUPO_INDICADOR,COLOR_GRUPO,FLAG_ESTADO) values ('2','GRUPO LINEA BASE','#FFC107','1');
Insert into MRVMM.T_MAMEM_GRUPO_INDICADOR (ID_GRUPO_INDICADOR,GRUPO_INDICADOR,COLOR_GRUPO,FLAG_ESTADO) values ('3','GRUPO EMISIONES REDUCIDAS','#007BFF','1');

REM INSERTING into MRVMM.T_MAEM_INDICADOR
SET DEFINE OFF;
Insert into MRVMM.T_MAEM_INDICADOR (ID_ENFOQUE,ID_MEDMIT,ID_PARAMETRO,ID_GRUPO_INDICADOR,ORDEN,FLAG_ESTADO) values ('3','12','6','1','1','1');
Insert into MRVMM.T_MAEM_INDICADOR (ID_ENFOQUE,ID_MEDMIT,ID_PARAMETRO,ID_GRUPO_INDICADOR,ORDEN,FLAG_ESTADO) values ('3','12','2','1','2','1');
Insert into MRVMM.T_MAEM_INDICADOR (ID_ENFOQUE,ID_MEDMIT,ID_PARAMETRO,ID_GRUPO_INDICADOR,ORDEN,FLAG_ESTADO) values ('3','12','1','1','3','1');
Insert into MRVMM.T_MAEM_INDICADOR (ID_ENFOQUE,ID_MEDMIT,ID_PARAMETRO,ID_GRUPO_INDICADOR,ORDEN,FLAG_ESTADO) values ('3','12','3','2','4','1');
Insert into MRVMM.T_MAEM_INDICADOR (ID_ENFOQUE,ID_MEDMIT,ID_PARAMETRO,ID_GRUPO_INDICADOR,ORDEN,FLAG_ESTADO) values ('4','12','2','1','2','1');
Insert into MRVMM.T_MAEM_INDICADOR (ID_ENFOQUE,ID_MEDMIT,ID_PARAMETRO,ID_GRUPO_INDICADOR,ORDEN,FLAG_ESTADO) values ('3','12','7','1','6','1');
Insert into MRVMM.T_MAEM_INDICADOR (ID_ENFOQUE,ID_MEDMIT,ID_PARAMETRO,ID_GRUPO_INDICADOR,ORDEN,FLAG_ESTADO) values ('3','12','5','1','7','1');
Insert into MRVMM.T_MAEM_INDICADOR (ID_ENFOQUE,ID_MEDMIT,ID_PARAMETRO,ID_GRUPO_INDICADOR,ORDEN,FLAG_ESTADO) values ('3','12','9','2','8','1');
Insert into MRVMM.T_MAEM_INDICADOR (ID_ENFOQUE,ID_MEDMIT,ID_PARAMETRO,ID_GRUPO_INDICADOR,ORDEN,FLAG_ESTADO) values ('3','12','10','1','9','1');
Insert into MRVMM.T_MAEM_INDICADOR (ID_ENFOQUE,ID_MEDMIT,ID_PARAMETRO,ID_GRUPO_INDICADOR,ORDEN,FLAG_ESTADO) values ('3','12','11','3','10','1');
Insert into MRVMM.T_MAEM_INDICADOR (ID_ENFOQUE,ID_MEDMIT,ID_PARAMETRO,ID_GRUPO_INDICADOR,ORDEN,FLAG_ESTADO) values ('1','12','6','1','1','1');
Insert into MRVMM.T_MAEM_INDICADOR (ID_ENFOQUE,ID_MEDMIT,ID_PARAMETRO,ID_GRUPO_INDICADOR,ORDEN,FLAG_ESTADO) values ('1','12','2','1','2','1');
Insert into MRVMM.T_MAEM_INDICADOR (ID_ENFOQUE,ID_MEDMIT,ID_PARAMETRO,ID_GRUPO_INDICADOR,ORDEN,FLAG_ESTADO) values ('1','12','1','1','3','1');
Insert into MRVMM.T_MAEM_INDICADOR (ID_ENFOQUE,ID_MEDMIT,ID_PARAMETRO,ID_GRUPO_INDICADOR,ORDEN,FLAG_ESTADO) values ('1','12','3','2','4','1');
Insert into MRVMM.T_MAEM_INDICADOR (ID_ENFOQUE,ID_MEDMIT,ID_PARAMETRO,ID_GRUPO_INDICADOR,ORDEN,FLAG_ESTADO) values ('4','12','1','1','3','1');
Insert into MRVMM.T_MAEM_INDICADOR (ID_ENFOQUE,ID_MEDMIT,ID_PARAMETRO,ID_GRUPO_INDICADOR,ORDEN,FLAG_ESTADO) values ('1','12','4','1','6','1');
Insert into MRVMM.T_MAEM_INDICADOR (ID_ENFOQUE,ID_MEDMIT,ID_PARAMETRO,ID_GRUPO_INDICADOR,ORDEN,FLAG_ESTADO) values ('1','12','12','1','7','1');
Insert into MRVMM.T_MAEM_INDICADOR (ID_ENFOQUE,ID_MEDMIT,ID_PARAMETRO,ID_GRUPO_INDICADOR,ORDEN,FLAG_ESTADO) values ('1','12','13','1','8','1');
Insert into MRVMM.T_MAEM_INDICADOR (ID_ENFOQUE,ID_MEDMIT,ID_PARAMETRO,ID_GRUPO_INDICADOR,ORDEN,FLAG_ESTADO) values ('1','12','5','1','9','1');
Insert into MRVMM.T_MAEM_INDICADOR (ID_ENFOQUE,ID_MEDMIT,ID_PARAMETRO,ID_GRUPO_INDICADOR,ORDEN,FLAG_ESTADO) values ('1','12','9','2','10','1');
Insert into MRVMM.T_MAEM_INDICADOR (ID_ENFOQUE,ID_MEDMIT,ID_PARAMETRO,ID_GRUPO_INDICADOR,ORDEN,FLAG_ESTADO) values ('1','12','10','1','11','1');
Insert into MRVMM.T_MAEM_INDICADOR (ID_ENFOQUE,ID_MEDMIT,ID_PARAMETRO,ID_GRUPO_INDICADOR,ORDEN,FLAG_ESTADO) values ('1','12','11','3','12','1');
Insert into MRVMM.T_MAEM_INDICADOR (ID_ENFOQUE,ID_MEDMIT,ID_PARAMETRO,ID_GRUPO_INDICADOR,ORDEN,FLAG_ESTADO) values ('4','12','6','1','1','1');
Insert into MRVMM.T_MAEM_INDICADOR (ID_ENFOQUE,ID_MEDMIT,ID_PARAMETRO,ID_GRUPO_INDICADOR,ORDEN,FLAG_ESTADO) values ('4','12','3','2','4','1');
Insert into MRVMM.T_MAEM_INDICADOR (ID_ENFOQUE,ID_MEDMIT,ID_PARAMETRO,ID_GRUPO_INDICADOR,ORDEN,FLAG_ESTADO) values ('4','12','7','1','5','1');
Insert into MRVMM.T_MAEM_INDICADOR (ID_ENFOQUE,ID_MEDMIT,ID_PARAMETRO,ID_GRUPO_INDICADOR,ORDEN,FLAG_ESTADO) values ('4','12','8','2','6','1');
Insert into MRVMM.T_MAEM_INDICADOR (ID_ENFOQUE,ID_MEDMIT,ID_PARAMETRO,ID_GRUPO_INDICADOR,ORDEN,FLAG_ESTADO) values ('4','12','5','1','8','1');
Insert into MRVMM.T_MAEM_INDICADOR (ID_ENFOQUE,ID_MEDMIT,ID_PARAMETRO,ID_GRUPO_INDICADOR,ORDEN,FLAG_ESTADO) values ('4','12','9','2','9','1');
Insert into MRVMM.T_MAEM_INDICADOR (ID_ENFOQUE,ID_MEDMIT,ID_PARAMETRO,ID_GRUPO_INDICADOR,ORDEN,FLAG_ESTADO) values ('4','12','10','1','10','1');
Insert into MRVMM.T_MAEM_INDICADOR (ID_ENFOQUE,ID_MEDMIT,ID_PARAMETRO,ID_GRUPO_INDICADOR,ORDEN,FLAG_ESTADO) values ('4','12','11','3','11','1');
Insert into MRVMM.T_MAEM_INDICADOR (ID_ENFOQUE,ID_MEDMIT,ID_PARAMETRO,ID_GRUPO_INDICADOR,ORDEN,FLAG_ESTADO) values ('1','12','15','2','5','1');
Insert into MRVMM.T_MAEM_INDICADOR (ID_ENFOQUE,ID_MEDMIT,ID_PARAMETRO,ID_GRUPO_INDICADOR,ORDEN,FLAG_ESTADO) values ('2','12','6','1','1','1');
Insert into MRVMM.T_MAEM_INDICADOR (ID_ENFOQUE,ID_MEDMIT,ID_PARAMETRO,ID_GRUPO_INDICADOR,ORDEN,FLAG_ESTADO) values ('2','12','2','1','2','1');
Insert into MRVMM.T_MAEM_INDICADOR (ID_ENFOQUE,ID_MEDMIT,ID_PARAMETRO,ID_GRUPO_INDICADOR,ORDEN,FLAG_ESTADO) values ('2','12','1','1','3','1');
Insert into MRVMM.T_MAEM_INDICADOR (ID_ENFOQUE,ID_MEDMIT,ID_PARAMETRO,ID_GRUPO_INDICADOR,ORDEN,FLAG_ESTADO) values ('2','12','3','2','4','1');
Insert into MRVMM.T_MAEM_INDICADOR (ID_ENFOQUE,ID_MEDMIT,ID_PARAMETRO,ID_GRUPO_INDICADOR,ORDEN,FLAG_ESTADO) values ('2','12','15','2','5','1');
Insert into MRVMM.T_MAEM_INDICADOR (ID_ENFOQUE,ID_MEDMIT,ID_PARAMETRO,ID_GRUPO_INDICADOR,ORDEN,FLAG_ESTADO) values ('2','12','4','1','6','1');
Insert into MRVMM.T_MAEM_INDICADOR (ID_ENFOQUE,ID_MEDMIT,ID_PARAMETRO,ID_GRUPO_INDICADOR,ORDEN,FLAG_ESTADO) values ('2','12','12','1','7','1');
Insert into MRVMM.T_MAEM_INDICADOR (ID_ENFOQUE,ID_MEDMIT,ID_PARAMETRO,ID_GRUPO_INDICADOR,ORDEN,FLAG_ESTADO) values ('2','12','13','1','8','1');
Insert into MRVMM.T_MAEM_INDICADOR (ID_ENFOQUE,ID_MEDMIT,ID_PARAMETRO,ID_GRUPO_INDICADOR,ORDEN,FLAG_ESTADO) values ('2','12','5','1','9','1');
Insert into MRVMM.T_MAEM_INDICADOR (ID_ENFOQUE,ID_MEDMIT,ID_PARAMETRO,ID_GRUPO_INDICADOR,ORDEN,FLAG_ESTADO) values ('2','12','9','2','10','1');
Insert into MRVMM.T_MAEM_INDICADOR (ID_ENFOQUE,ID_MEDMIT,ID_PARAMETRO,ID_GRUPO_INDICADOR,ORDEN,FLAG_ESTADO) values ('2','12','10','1','11','1');
Insert into MRVMM.T_MAEM_INDICADOR (ID_ENFOQUE,ID_MEDMIT,ID_PARAMETRO,ID_GRUPO_INDICADOR,ORDEN,FLAG_ESTADO) values ('2','12','11','3','12','1');
Insert into MRVMM.T_MAEM_INDICADOR (ID_ENFOQUE,ID_MEDMIT,ID_PARAMETRO,ID_GRUPO_INDICADOR,ORDEN,FLAG_ESTADO) values ('4','12','12','1','7','1');
Insert into MRVMM.T_MAEM_INDICADOR (ID_ENFOQUE,ID_MEDMIT,ID_PARAMETRO,ID_GRUPO_INDICADOR,ORDEN,FLAG_ESTADO) values ('5','11','6','1','1','1');
Insert into MRVMM.T_MAEM_INDICADOR (ID_ENFOQUE,ID_MEDMIT,ID_PARAMETRO,ID_GRUPO_INDICADOR,ORDEN,FLAG_ESTADO) values ('5','11','2','1','2','1');
Insert into MRVMM.T_MAEM_INDICADOR (ID_ENFOQUE,ID_MEDMIT,ID_PARAMETRO,ID_GRUPO_INDICADOR,ORDEN,FLAG_ESTADO) values ('5','11','16','1','3','1');
Insert into MRVMM.T_MAEM_INDICADOR (ID_ENFOQUE,ID_MEDMIT,ID_PARAMETRO,ID_GRUPO_INDICADOR,ORDEN,FLAG_ESTADO) values ('5','11','11','3','12','1');
REM INSERTING into MRVMM.T_MAEM_INDICADOR_DATA
SET DEFINE OFF;
Insert into MRVMM.T_MAEM_INDICADOR_DATA (ID_INICIATIVA,ID_INDICADOR,ID_ENFOQUE,ID_MEDMIT,ID_PARAMETRO,VALOR,FLAG_ESTADO) values ('383','1','1','12','6','2015','1');
Insert into MRVMM.T_MAEM_INDICADOR_DATA (ID_INICIATIVA,ID_INDICADOR,ID_ENFOQUE,ID_MEDMIT,ID_PARAMETRO,VALOR,FLAG_ESTADO) values ('383','1','1','12','2','2018-05-23','1');
Insert into MRVMM.T_MAEM_INDICADOR_DATA (ID_INICIATIVA,ID_INDICADOR,ID_ENFOQUE,ID_MEDMIT,ID_PARAMETRO,VALOR,FLAG_ESTADO) values ('383','1','1','12','1','1','1');
Insert into MRVMM.T_MAEM_INDICADOR_DATA (ID_INICIATIVA,ID_INDICADOR,ID_ENFOQUE,ID_MEDMIT,ID_PARAMETRO,VALOR,FLAG_ESTADO) values ('383','1','1','12','3','1','1');
Insert into MRVMM.T_MAEM_INDICADOR_DATA (ID_INICIATIVA,ID_INDICADOR,ID_ENFOQUE,ID_MEDMIT,ID_PARAMETRO,VALOR,FLAG_ESTADO) values ('383','1','1','12','4','12345','1');
Insert into MRVMM.T_MAEM_INDICADOR_DATA (ID_INICIATIVA,ID_INDICADOR,ID_ENFOQUE,ID_MEDMIT,ID_PARAMETRO,VALOR,FLAG_ESTADO) values ('383','1','1','12','12','1','1');
Insert into MRVMM.T_MAEM_INDICADOR_DATA (ID_INICIATIVA,ID_INDICADOR,ID_ENFOQUE,ID_MEDMIT,ID_PARAMETRO,VALOR,FLAG_ESTADO) values ('383','1','1','12','13','23','1');
Insert into MRVMM.T_MAEM_INDICADOR_DATA (ID_INICIATIVA,ID_INDICADOR,ID_ENFOQUE,ID_MEDMIT,ID_PARAMETRO,VALOR,FLAG_ESTADO) values ('383','1','1','12','5','FGC-345','1');
Insert into MRVMM.T_MAEM_INDICADOR_DATA (ID_INICIATIVA,ID_INDICADOR,ID_ENFOQUE,ID_MEDMIT,ID_PARAMETRO,VALOR,FLAG_ESTADO) values ('383','1','1','12','9','2.31','1');
Insert into MRVMM.T_MAEM_INDICADOR_DATA (ID_INICIATIVA,ID_INDICADOR,ID_ENFOQUE,ID_MEDMIT,ID_PARAMETRO,VALOR,FLAG_ESTADO) values ('383','1','1','12','10','64.85','1');
Insert into MRVMM.T_MAEM_INDICADOR_DATA (ID_INICIATIVA,ID_INDICADOR,ID_ENFOQUE,ID_MEDMIT,ID_PARAMETRO,VALOR,FLAG_ESTADO) values ('383','1','1','12','11','-62.54','1');
Insert into MRVMM.T_MAEM_INDICADOR_DATA (ID_INICIATIVA,ID_INDICADOR,ID_ENFOQUE,ID_MEDMIT,ID_PARAMETRO,VALOR,FLAG_ESTADO) values ('383','2','1','12','6','2015','1');
Insert into MRVMM.T_MAEM_INDICADOR_DATA (ID_INICIATIVA,ID_INDICADOR,ID_ENFOQUE,ID_MEDMIT,ID_PARAMETRO,VALOR,FLAG_ESTADO) values ('383','2','1','12','2','2018-03-23','1');
Insert into MRVMM.T_MAEM_INDICADOR_DATA (ID_INICIATIVA,ID_INDICADOR,ID_ENFOQUE,ID_MEDMIT,ID_PARAMETRO,VALOR,FLAG_ESTADO) values ('383','2','1','12','1','1','1');
Insert into MRVMM.T_MAEM_INDICADOR_DATA (ID_INICIATIVA,ID_INDICADOR,ID_ENFOQUE,ID_MEDMIT,ID_PARAMETRO,VALOR,FLAG_ESTADO) values ('383','2','1','12','3','1','1');
Insert into MRVMM.T_MAEM_INDICADOR_DATA (ID_INICIATIVA,ID_INDICADOR,ID_ENFOQUE,ID_MEDMIT,ID_PARAMETRO,VALOR,FLAG_ESTADO) values ('383','2','1','12','4','126789','1');
Insert into MRVMM.T_MAEM_INDICADOR_DATA (ID_INICIATIVA,ID_INDICADOR,ID_ENFOQUE,ID_MEDMIT,ID_PARAMETRO,VALOR,FLAG_ESTADO) values ('383','2','1','12','12','1','1');
Insert into MRVMM.T_MAEM_INDICADOR_DATA (ID_INICIATIVA,ID_INDICADOR,ID_ENFOQUE,ID_MEDMIT,ID_PARAMETRO,VALOR,FLAG_ESTADO) values ('383','2','1','12','13','30','1');
Insert into MRVMM.T_MAEM_INDICADOR_DATA (ID_INICIATIVA,ID_INDICADOR,ID_ENFOQUE,ID_MEDMIT,ID_PARAMETRO,VALOR,FLAG_ESTADO) values ('383','2','1','12','5','CFT-948','1');
Insert into MRVMM.T_MAEM_INDICADOR_DATA (ID_INICIATIVA,ID_INDICADOR,ID_ENFOQUE,ID_MEDMIT,ID_PARAMETRO,VALOR,FLAG_ESTADO) values ('383','2','1','12','9','23.75','1');
Insert into MRVMM.T_MAEM_INDICADOR_DATA (ID_INICIATIVA,ID_INDICADOR,ID_ENFOQUE,ID_MEDMIT,ID_PARAMETRO,VALOR,FLAG_ESTADO) values ('383','2','1','12','10','868.8','1');
Insert into MRVMM.T_MAEM_INDICADOR_DATA (ID_INICIATIVA,ID_INDICADOR,ID_ENFOQUE,ID_MEDMIT,ID_PARAMETRO,VALOR,FLAG_ESTADO) values ('383','2','1','12','11','-845.04','1');
Insert into MRVMM.T_MAEM_INDICADOR_DATA (ID_INICIATIVA,ID_INDICADOR,ID_ENFOQUE,ID_MEDMIT,ID_PARAMETRO,VALOR,FLAG_ESTADO) values ('376','1','1','12','6','2019','1');
Insert into MRVMM.T_MAEM_INDICADOR_DATA (ID_INICIATIVA,ID_INDICADOR,ID_ENFOQUE,ID_MEDMIT,ID_PARAMETRO,VALOR,FLAG_ESTADO) values ('376','1','1','12','2','2019-01-01','1');
Insert into MRVMM.T_MAEM_INDICADOR_DATA (ID_INICIATIVA,ID_INDICADOR,ID_ENFOQUE,ID_MEDMIT,ID_PARAMETRO,VALOR,FLAG_ESTADO) values ('376','1','1','12','1','1','1');
Insert into MRVMM.T_MAEM_INDICADOR_DATA (ID_INICIATIVA,ID_INDICADOR,ID_ENFOQUE,ID_MEDMIT,ID_PARAMETRO,VALOR,FLAG_ESTADO) values ('376','1','1','12','3','3','1');
Insert into MRVMM.T_MAEM_INDICADOR_DATA (ID_INICIATIVA,ID_INDICADOR,ID_ENFOQUE,ID_MEDMIT,ID_PARAMETRO,VALOR,FLAG_ESTADO) values ('376','1','1','12','4','34184','1');
Insert into MRVMM.T_MAEM_INDICADOR_DATA (ID_INICIATIVA,ID_INDICADOR,ID_ENFOQUE,ID_MEDMIT,ID_PARAMETRO,VALOR,FLAG_ESTADO) values ('376','1','1','12','12','1','1');
Insert into MRVMM.T_MAEM_INDICADOR_DATA (ID_INICIATIVA,ID_INDICADOR,ID_ENFOQUE,ID_MEDMIT,ID_PARAMETRO,VALOR,FLAG_ESTADO) values ('376','1','1','12','13','0.25','1');
Insert into MRVMM.T_MAEM_INDICADOR_DATA (ID_INICIATIVA,ID_INDICADOR,ID_ENFOQUE,ID_MEDMIT,ID_PARAMETRO,VALOR,FLAG_ESTADO) values ('376','1','1','12','5','qi4568','1');
Insert into MRVMM.T_MAEM_INDICADOR_DATA (ID_INICIATIVA,ID_INDICADOR,ID_ENFOQUE,ID_MEDMIT,ID_PARAMETRO,VALOR,FLAG_ESTADO) values ('376','1','1','12','9','6.12','1');
Insert into MRVMM.T_MAEM_INDICADOR_DATA (ID_INICIATIVA,ID_INDICADOR,ID_ENFOQUE,ID_MEDMIT,ID_PARAMETRO,VALOR,FLAG_ESTADO) values ('376','1','1','12','10','1.45','1');
Insert into MRVMM.T_MAEM_INDICADOR_DATA (ID_INICIATIVA,ID_INDICADOR,ID_ENFOQUE,ID_MEDMIT,ID_PARAMETRO,VALOR,FLAG_ESTADO) values ('376','1','1','12','11','4.67','1');
Insert into MRVMM.T_MAEM_INDICADOR_DATA (ID_INICIATIVA,ID_INDICADOR,ID_ENFOQUE,ID_MEDMIT,ID_PARAMETRO,VALOR,FLAG_ESTADO) values ('376','2','1','12','6','2019','1');
Insert into MRVMM.T_MAEM_INDICADOR_DATA (ID_INICIATIVA,ID_INDICADOR,ID_ENFOQUE,ID_MEDMIT,ID_PARAMETRO,VALOR,FLAG_ESTADO) values ('376','2','1','12','2','2019-01-01','1');
Insert into MRVMM.T_MAEM_INDICADOR_DATA (ID_INICIATIVA,ID_INDICADOR,ID_ENFOQUE,ID_MEDMIT,ID_PARAMETRO,VALOR,FLAG_ESTADO) values ('376','2','1','12','1','3','1');
Insert into MRVMM.T_MAEM_INDICADOR_DATA (ID_INICIATIVA,ID_INDICADOR,ID_ENFOQUE,ID_MEDMIT,ID_PARAMETRO,VALOR,FLAG_ESTADO) values ('376','2','1','12','3','4','1');
Insert into MRVMM.T_MAEM_INDICADOR_DATA (ID_INICIATIVA,ID_INDICADOR,ID_ENFOQUE,ID_MEDMIT,ID_PARAMETRO,VALOR,FLAG_ESTADO) values ('376','2','1','12','4','21799','1');
Insert into MRVMM.T_MAEM_INDICADOR_DATA (ID_INICIATIVA,ID_INDICADOR,ID_ENFOQUE,ID_MEDMIT,ID_PARAMETRO,VALOR,FLAG_ESTADO) values ('376','2','1','12','12','1','1');
Insert into MRVMM.T_MAEM_INDICADOR_DATA (ID_INICIATIVA,ID_INDICADOR,ID_ENFOQUE,ID_MEDMIT,ID_PARAMETRO,VALOR,FLAG_ESTADO) values ('376','2','1','12','13','0.82','1');
Insert into MRVMM.T_MAEM_INDICADOR_DATA (ID_INICIATIVA,ID_INDICADOR,ID_ENFOQUE,ID_MEDMIT,ID_PARAMETRO,VALOR,FLAG_ESTADO) values ('376','2','1','12','5',null,'1');
Insert into MRVMM.T_MAEM_INDICADOR_DATA (ID_INICIATIVA,ID_INDICADOR,ID_ENFOQUE,ID_MEDMIT,ID_PARAMETRO,VALOR,FLAG_ESTADO) values ('376','2','1','12','9','20.96','1');
Insert into MRVMM.T_MAEM_INDICADOR_DATA (ID_INICIATIVA,ID_INDICADOR,ID_ENFOQUE,ID_MEDMIT,ID_PARAMETRO,VALOR,FLAG_ESTADO) values ('376','2','1','12','10','3.04','1');
Insert into MRVMM.T_MAEM_INDICADOR_DATA (ID_INICIATIVA,ID_INDICADOR,ID_ENFOQUE,ID_MEDMIT,ID_PARAMETRO,VALOR,FLAG_ESTADO) values ('376','2','1','12','11','17.92','1');
Insert into MRVMM.T_MAEM_INDICADOR_DATA (ID_INICIATIVA,ID_INDICADOR,ID_ENFOQUE,ID_MEDMIT,ID_PARAMETRO,VALOR,FLAG_ESTADO) values ('386','1','1','12','6','2018','1');
Insert into MRVMM.T_MAEM_INDICADOR_DATA (ID_INICIATIVA,ID_INDICADOR,ID_ENFOQUE,ID_MEDMIT,ID_PARAMETRO,VALOR,FLAG_ESTADO) values ('386','1','1','12','2','2018-02-21','1');
Insert into MRVMM.T_MAEM_INDICADOR_DATA (ID_INICIATIVA,ID_INDICADOR,ID_ENFOQUE,ID_MEDMIT,ID_PARAMETRO,VALOR,FLAG_ESTADO) values ('386','1','1','12','1','6','1');
Insert into MRVMM.T_MAEM_INDICADOR_DATA (ID_INICIATIVA,ID_INDICADOR,ID_ENFOQUE,ID_MEDMIT,ID_PARAMETRO,VALOR,FLAG_ESTADO) values ('386','1','1','12','3','3','1');
Insert into MRVMM.T_MAEM_INDICADOR_DATA (ID_INICIATIVA,ID_INDICADOR,ID_ENFOQUE,ID_MEDMIT,ID_PARAMETRO,VALOR,FLAG_ESTADO) values ('386','1','1','12','4','145','1');
Insert into MRVMM.T_MAEM_INDICADOR_DATA (ID_INICIATIVA,ID_INDICADOR,ID_ENFOQUE,ID_MEDMIT,ID_PARAMETRO,VALOR,FLAG_ESTADO) values ('386','1','1','12','12','14','1');
Insert into MRVMM.T_MAEM_INDICADOR_DATA (ID_INICIATIVA,ID_INDICADOR,ID_ENFOQUE,ID_MEDMIT,ID_PARAMETRO,VALOR,FLAG_ESTADO) values ('386','1','1','12','13','2','1');
Insert into MRVMM.T_MAEM_INDICADOR_DATA (ID_INICIATIVA,ID_INDICADOR,ID_ENFOQUE,ID_MEDMIT,ID_PARAMETRO,VALOR,FLAG_ESTADO) values ('386','1','1','12','5','JHU-786','1');
Insert into MRVMM.T_MAEM_INDICADOR_DATA (ID_INICIATIVA,ID_INDICADOR,ID_ENFOQUE,ID_MEDMIT,ID_PARAMETRO,VALOR,FLAG_ESTADO) values ('386','1','1','12','9','0.13','1');
Insert into MRVMM.T_MAEM_INDICADOR_DATA (ID_INICIATIVA,ID_INDICADOR,ID_ENFOQUE,ID_MEDMIT,ID_PARAMETRO,VALOR,FLAG_ESTADO) values ('386','1','1','12','10','0.69','1');
Insert into MRVMM.T_MAEM_INDICADOR_DATA (ID_INICIATIVA,ID_INDICADOR,ID_ENFOQUE,ID_MEDMIT,ID_PARAMETRO,VALOR,FLAG_ESTADO) values ('386','1','1','12','11','-0.56','1');
Insert into MRVMM.T_MAEM_INDICADOR_DATA (ID_INICIATIVA,ID_INDICADOR,ID_ENFOQUE,ID_MEDMIT,ID_PARAMETRO,VALOR,FLAG_ESTADO) values ('386','2','1','12','6','2019','1');
Insert into MRVMM.T_MAEM_INDICADOR_DATA (ID_INICIATIVA,ID_INDICADOR,ID_ENFOQUE,ID_MEDMIT,ID_PARAMETRO,VALOR,FLAG_ESTADO) values ('386','2','1','12','2','2019-04-25','1');
Insert into MRVMM.T_MAEM_INDICADOR_DATA (ID_INICIATIVA,ID_INDICADOR,ID_ENFOQUE,ID_MEDMIT,ID_PARAMETRO,VALOR,FLAG_ESTADO) values ('386','2','1','12','1','1','1');
Insert into MRVMM.T_MAEM_INDICADOR_DATA (ID_INICIATIVA,ID_INDICADOR,ID_ENFOQUE,ID_MEDMIT,ID_PARAMETRO,VALOR,FLAG_ESTADO) values ('386','2','1','12','3','2','1');
Insert into MRVMM.T_MAEM_INDICADOR_DATA (ID_INICIATIVA,ID_INDICADOR,ID_ENFOQUE,ID_MEDMIT,ID_PARAMETRO,VALOR,FLAG_ESTADO) values ('386','2','1','12','4','100','1');
Insert into MRVMM.T_MAEM_INDICADOR_DATA (ID_INICIATIVA,ID_INDICADOR,ID_ENFOQUE,ID_MEDMIT,ID_PARAMETRO,VALOR,FLAG_ESTADO) values ('386','2','1','12','12','20','1');
Insert into MRVMM.T_MAEM_INDICADOR_DATA (ID_INICIATIVA,ID_INDICADOR,ID_ENFOQUE,ID_MEDMIT,ID_PARAMETRO,VALOR,FLAG_ESTADO) values ('386','2','1','12','13','1','1');
Insert into MRVMM.T_MAEM_INDICADOR_DATA (ID_INICIATIVA,ID_INDICADOR,ID_ENFOQUE,ID_MEDMIT,ID_PARAMETRO,VALOR,FLAG_ESTADO) values ('386','2','1','12','5','lok-nju','1');
Insert into MRVMM.T_MAEM_INDICADOR_DATA (ID_INICIATIVA,ID_INDICADOR,ID_ENFOQUE,ID_MEDMIT,ID_PARAMETRO,VALOR,FLAG_ESTADO) values ('386','2','1','12','9','0.35','1');
Insert into MRVMM.T_MAEM_INDICADOR_DATA (ID_INICIATIVA,ID_INDICADOR,ID_ENFOQUE,ID_MEDMIT,ID_PARAMETRO,VALOR,FLAG_ESTADO) values ('386','2','1','12','10','0.34','1');
Insert into MRVMM.T_MAEM_INDICADOR_DATA (ID_INICIATIVA,ID_INDICADOR,ID_ENFOQUE,ID_MEDMIT,ID_PARAMETRO,VALOR,FLAG_ESTADO) values ('386','2','1','12','11','0.01','1');
Insert into MRVMM.T_MAEM_INDICADOR_DATA (ID_INICIATIVA,ID_INDICADOR,ID_ENFOQUE,ID_MEDMIT,ID_PARAMETRO,VALOR,FLAG_ESTADO) values ('386','3','1','12','6','2018','1');
Insert into MRVMM.T_MAEM_INDICADOR_DATA (ID_INICIATIVA,ID_INDICADOR,ID_ENFOQUE,ID_MEDMIT,ID_PARAMETRO,VALOR,FLAG_ESTADO) values ('386','3','1','12','2','2020-07-27','1');
Insert into MRVMM.T_MAEM_INDICADOR_DATA (ID_INICIATIVA,ID_INDICADOR,ID_ENFOQUE,ID_MEDMIT,ID_PARAMETRO,VALOR,FLAG_ESTADO) values ('386','3','1','12','1','5','1');
Insert into MRVMM.T_MAEM_INDICADOR_DATA (ID_INICIATIVA,ID_INDICADOR,ID_ENFOQUE,ID_MEDMIT,ID_PARAMETRO,VALOR,FLAG_ESTADO) values ('386','3','1','12','3','3','1');
Insert into MRVMM.T_MAEM_INDICADOR_DATA (ID_INICIATIVA,ID_INDICADOR,ID_ENFOQUE,ID_MEDMIT,ID_PARAMETRO,VALOR,FLAG_ESTADO) values ('386','3','1','12','4','250','1');
Insert into MRVMM.T_MAEM_INDICADOR_DATA (ID_INICIATIVA,ID_INDICADOR,ID_ENFOQUE,ID_MEDMIT,ID_PARAMETRO,VALOR,FLAG_ESTADO) values ('386','3','1','12','12','10','1');
Insert into MRVMM.T_MAEM_INDICADOR_DATA (ID_INICIATIVA,ID_INDICADOR,ID_ENFOQUE,ID_MEDMIT,ID_PARAMETRO,VALOR,FLAG_ESTADO) values ('386','3','1','12','13','1','1');
Insert into MRVMM.T_MAEM_INDICADOR_DATA (ID_INICIATIVA,ID_INDICADOR,ID_ENFOQUE,ID_MEDMIT,ID_PARAMETRO,VALOR,FLAG_ESTADO) values ('386','3','1','12','5','gtr-rfg','1');
Insert into MRVMM.T_MAEM_INDICADOR_DATA (ID_INICIATIVA,ID_INDICADOR,ID_ENFOQUE,ID_MEDMIT,ID_PARAMETRO,VALOR,FLAG_ESTADO) values ('386','3','1','12','9','0.24','1');
Insert into MRVMM.T_MAEM_INDICADOR_DATA (ID_INICIATIVA,ID_INDICADOR,ID_ENFOQUE,ID_MEDMIT,ID_PARAMETRO,VALOR,FLAG_ESTADO) values ('386','3','1','12','10','0.42','1');
Insert into MRVMM.T_MAEM_INDICADOR_DATA (ID_INICIATIVA,ID_INDICADOR,ID_ENFOQUE,ID_MEDMIT,ID_PARAMETRO,VALOR,FLAG_ESTADO) values ('386','3','1','12','11','-0.18','1');
Insert into MRVMM.T_MAEM_INDICADOR_DATA (ID_INICIATIVA,ID_INDICADOR,ID_ENFOQUE,ID_MEDMIT,ID_PARAMETRO,VALOR,FLAG_ESTADO) values ('386','4','1','12','6','2017','1');
Insert into MRVMM.T_MAEM_INDICADOR_DATA (ID_INICIATIVA,ID_INDICADOR,ID_ENFOQUE,ID_MEDMIT,ID_PARAMETRO,VALOR,FLAG_ESTADO) values ('386','4','1','12','2','2018-03-30','1');
Insert into MRVMM.T_MAEM_INDICADOR_DATA (ID_INICIATIVA,ID_INDICADOR,ID_ENFOQUE,ID_MEDMIT,ID_PARAMETRO,VALOR,FLAG_ESTADO) values ('386','4','1','12','1','1','1');
Insert into MRVMM.T_MAEM_INDICADOR_DATA (ID_INICIATIVA,ID_INDICADOR,ID_ENFOQUE,ID_MEDMIT,ID_PARAMETRO,VALOR,FLAG_ESTADO) values ('386','4','1','12','3','3','1');
Insert into MRVMM.T_MAEM_INDICADOR_DATA (ID_INICIATIVA,ID_INDICADOR,ID_ENFOQUE,ID_MEDMIT,ID_PARAMETRO,VALOR,FLAG_ESTADO) values ('386','4','1','12','4','150','1');
Insert into MRVMM.T_MAEM_INDICADOR_DATA (ID_INICIATIVA,ID_INDICADOR,ID_ENFOQUE,ID_MEDMIT,ID_PARAMETRO,VALOR,FLAG_ESTADO) values ('386','4','1','12','12','10','1');
Insert into MRVMM.T_MAEM_INDICADOR_DATA (ID_INICIATIVA,ID_INDICADOR,ID_ENFOQUE,ID_MEDMIT,ID_PARAMETRO,VALOR,FLAG_ESTADO) values ('386','4','1','12','13','1','1');
Insert into MRVMM.T_MAEM_INDICADOR_DATA (ID_INICIATIVA,ID_INDICADOR,ID_ENFOQUE,ID_MEDMIT,ID_PARAMETRO,VALOR,FLAG_ESTADO) values ('386','4','1','12','5','IJU-YFT','1');
Insert into MRVMM.T_MAEM_INDICADOR_DATA (ID_INICIATIVA,ID_INDICADOR,ID_ENFOQUE,ID_MEDMIT,ID_PARAMETRO,VALOR,FLAG_ESTADO) values ('386','4','1','12','9','0.27','1');
Insert into MRVMM.T_MAEM_INDICADOR_DATA (ID_INICIATIVA,ID_INDICADOR,ID_ENFOQUE,ID_MEDMIT,ID_PARAMETRO,VALOR,FLAG_ESTADO) values ('386','4','1','12','10','0.31','1');
Insert into MRVMM.T_MAEM_INDICADOR_DATA (ID_INICIATIVA,ID_INDICADOR,ID_ENFOQUE,ID_MEDMIT,ID_PARAMETRO,VALOR,FLAG_ESTADO) values ('386','4','1','12','11','-0.04','1');

REM INSERTING into MRVMM.T_MAEM_MRV_FACTOR
SET DEFINE OFF;
Insert into MRVMM.T_MAEM_MRV_FACTOR (ID_FACTOR,NOMBRE_FACTOR) values ('1','FACTOR BAU');
Insert into MRVMM.T_MAEM_MRV_FACTOR (ID_FACTOR,NOMBRE_FACTOR) values ('2','FACTOR PER');
Insert into MRVMM.T_MAEM_MRV_FACTOR (ID_FACTOR,NOMBRE_FACTOR) values ('3','FACTOR REN');
Insert into MRVMM.T_MAEM_MRV_FACTOR (ID_FACTOR,NOMBRE_FACTOR) values ('4','FACTOR CON');
Insert into MRVMM.T_MAEM_MRV_FACTOR (ID_FACTOR,NOMBRE_FACTOR) values ('5','FACTOR BAU MEDIA');
Insert into MRVMM.T_MAEM_MRV_FACTOR (ID_FACTOR,NOMBRE_FACTOR) values ('6','FACTOR MIT');
Insert into MRVMM.T_MAEM_MRV_FACTOR (ID_FACTOR,NOMBRE_FACTOR) values ('7','FACTOR FEW');
REM INSERTING into MRVMM.T_MAEM_MRV_FACTOR_PARAMETRO
SET DEFINE OFF;
Insert into MRVMM.T_MAEM_MRV_FACTOR_PARAMETRO (ID_FACTOR,ID_DETALLE,ID_TIPO_CONTROL,ID_TIPO_DATO,NOMBRE_DETALLE,ID_PARAMETRO,ORDEN,FLAG_ESTADO) values ('6','3','2','2','FACTOR',null,'3','1');
Insert into MRVMM.T_MAEM_MRV_FACTOR_PARAMETRO (ID_FACTOR,ID_DETALLE,ID_TIPO_CONTROL,ID_TIPO_DATO,NOMBRE_DETALLE,ID_PARAMETRO,ORDEN,FLAG_ESTADO) values ('1','1','1',null,'TIPO DE VEHÍCULO','1','1','1');
Insert into MRVMM.T_MAEM_MRV_FACTOR_PARAMETRO (ID_FACTOR,ID_DETALLE,ID_TIPO_CONTROL,ID_TIPO_DATO,NOMBRE_DETALLE,ID_PARAMETRO,ORDEN,FLAG_ESTADO) values ('1','2','1',null,'TIPO DE COMBUSTIBLE','3','2','1');
Insert into MRVMM.T_MAEM_MRV_FACTOR_PARAMETRO (ID_FACTOR,ID_DETALLE,ID_TIPO_CONTROL,ID_TIPO_DATO,NOMBRE_DETALLE,ID_PARAMETRO,ORDEN,FLAG_ESTADO) values ('1','4','2','2','FACTOR',null,'5','1');
Insert into MRVMM.T_MAEM_MRV_FACTOR_PARAMETRO (ID_FACTOR,ID_DETALLE,ID_TIPO_CONTROL,ID_TIPO_DATO,NOMBRE_DETALLE,ID_PARAMETRO,ORDEN,FLAG_ESTADO) values ('2','1','1',null,'AÑO','6','1','1');
Insert into MRVMM.T_MAEM_MRV_FACTOR_PARAMETRO (ID_FACTOR,ID_DETALLE,ID_TIPO_CONTROL,ID_TIPO_DATO,NOMBRE_DETALLE,ID_PARAMETRO,ORDEN,FLAG_ESTADO) values ('2','2','2','2','FACTOR',null,'2','1');
Insert into MRVMM.T_MAEM_MRV_FACTOR_PARAMETRO (ID_FACTOR,ID_DETALLE,ID_TIPO_CONTROL,ID_TIPO_DATO,NOMBRE_DETALLE,ID_PARAMETRO,ORDEN,FLAG_ESTADO) values ('3','1','1',null,'TIPO DE VEHÍCULO','1','1','1');
Insert into MRVMM.T_MAEM_MRV_FACTOR_PARAMETRO (ID_FACTOR,ID_DETALLE,ID_TIPO_CONTROL,ID_TIPO_DATO,NOMBRE_DETALLE,ID_PARAMETRO,ORDEN,FLAG_ESTADO) values ('3','2','2','2','FACTOR',null,'3','1');
Insert into MRVMM.T_MAEM_MRV_FACTOR_PARAMETRO (ID_FACTOR,ID_DETALLE,ID_TIPO_CONTROL,ID_TIPO_DATO,NOMBRE_DETALLE,ID_PARAMETRO,ORDEN,FLAG_ESTADO) values ('4','1','1',null,'AÑO','6','1','1');
Insert into MRVMM.T_MAEM_MRV_FACTOR_PARAMETRO (ID_FACTOR,ID_DETALLE,ID_TIPO_CONTROL,ID_TIPO_DATO,NOMBRE_DETALLE,ID_PARAMETRO,ORDEN,FLAG_ESTADO) values ('4','2','2','2','FACTOR',null,'2','1');
Insert into MRVMM.T_MAEM_MRV_FACTOR_PARAMETRO (ID_FACTOR,ID_DETALLE,ID_TIPO_CONTROL,ID_TIPO_DATO,NOMBRE_DETALLE,ID_PARAMETRO,ORDEN,FLAG_ESTADO) values ('5','1','1',null,'TIPO DE VEHÍCULO','1','1','1');
Insert into MRVMM.T_MAEM_MRV_FACTOR_PARAMETRO (ID_FACTOR,ID_DETALLE,ID_TIPO_CONTROL,ID_TIPO_DATO,NOMBRE_DETALLE,ID_PARAMETRO,ORDEN,FLAG_ESTADO) values ('5','2','1',null,'TIPO DE COMBUSTIBLE','3','2','1');
Insert into MRVMM.T_MAEM_MRV_FACTOR_PARAMETRO (ID_FACTOR,ID_DETALLE,ID_TIPO_CONTROL,ID_TIPO_DATO,NOMBRE_DETALLE,ID_PARAMETRO,ORDEN,FLAG_ESTADO) values ('5','3','1',null,'AÑO','6','3','1');
Insert into MRVMM.T_MAEM_MRV_FACTOR_PARAMETRO (ID_FACTOR,ID_DETALLE,ID_TIPO_CONTROL,ID_TIPO_DATO,NOMBRE_DETALLE,ID_PARAMETRO,ORDEN,FLAG_ESTADO) values ('5','4','2','2','FACTOR MEDIA',null,'4','1');
Insert into MRVMM.T_MAEM_MRV_FACTOR_PARAMETRO (ID_FACTOR,ID_DETALLE,ID_TIPO_CONTROL,ID_TIPO_DATO,NOMBRE_DETALLE,ID_PARAMETRO,ORDEN,FLAG_ESTADO) values ('6','1','1',null,'TIPO DE VEHÍCULO','1','1','1');
Insert into MRVMM.T_MAEM_MRV_FACTOR_PARAMETRO (ID_FACTOR,ID_DETALLE,ID_TIPO_CONTROL,ID_TIPO_DATO,NOMBRE_DETALLE,ID_PARAMETRO,ORDEN,FLAG_ESTADO) values ('6','2','1',null,'AÑO','6','2','1');
Insert into MRVMM.T_MAEM_MRV_FACTOR_PARAMETRO (ID_FACTOR,ID_DETALLE,ID_TIPO_CONTROL,ID_TIPO_DATO,NOMBRE_DETALLE,ID_PARAMETRO,ORDEN,FLAG_ESTADO) values ('7','1','1',null,'AÑO','6','1','1');
Insert into MRVMM.T_MAEM_MRV_FACTOR_PARAMETRO (ID_FACTOR,ID_DETALLE,ID_TIPO_CONTROL,ID_TIPO_DATO,NOMBRE_DETALLE,ID_PARAMETRO,ORDEN,FLAG_ESTADO) values ('7','2','1',null,'FACTOR',null,'2','1');

REM INSERTING into MRVMM.T_MAEM_FACTOR_DATA
SET DEFINE OFF;
Insert into MRVMM.T_MAEM_FACTOR_DATA (ID_FACTOR,ID_DETALLE,ID_PARAMETRO,VALOR,FACTOR,FLAG_ESTADO) values ('1','1','1|3','1|1','187,3581','1');
Insert into MRVMM.T_MAEM_FACTOR_DATA (ID_FACTOR,ID_DETALLE,ID_PARAMETRO,VALOR,FACTOR,FLAG_ESTADO) values ('1','2','1|3','1|2','174,6961','1');
Insert into MRVMM.T_MAEM_FACTOR_DATA (ID_FACTOR,ID_DETALLE,ID_PARAMETRO,VALOR,FACTOR,FLAG_ESTADO) values ('1','3','1|3','1|3','178,9342','1');
Insert into MRVMM.T_MAEM_FACTOR_DATA (ID_FACTOR,ID_DETALLE,ID_PARAMETRO,VALOR,FACTOR,FLAG_ESTADO) values ('1','4','1|3','2|1','773,781','1');
Insert into MRVMM.T_MAEM_FACTOR_DATA (ID_FACTOR,ID_DETALLE,ID_PARAMETRO,VALOR,FACTOR,FLAG_ESTADO) values ('1','5','1|3','2|4','595,4578','1');
Insert into MRVMM.T_MAEM_FACTOR_DATA (ID_FACTOR,ID_DETALLE,ID_PARAMETRO,VALOR,FACTOR,FLAG_ESTADO) values ('1','6','1|3','3|1','1315,4277','1');
Insert into MRVMM.T_MAEM_FACTOR_DATA (ID_FACTOR,ID_DETALLE,ID_PARAMETRO,VALOR,FACTOR,FLAG_ESTADO) values ('1','7','1|3','3|4','961,6102','1');
Insert into MRVMM.T_MAEM_FACTOR_DATA (ID_FACTOR,ID_DETALLE,ID_PARAMETRO,VALOR,FACTOR,FLAG_ESTADO) values ('1','8','1|3','4|1','1897,9984','1');
Insert into MRVMM.T_MAEM_FACTOR_DATA (ID_FACTOR,ID_DETALLE,ID_PARAMETRO,VALOR,FACTOR,FLAG_ESTADO) values ('1','9','1|3','4|1','1555,1723','1');
Insert into MRVMM.T_MAEM_FACTOR_DATA (ID_FACTOR,ID_DETALLE,ID_PARAMETRO,VALOR,FACTOR,FLAG_ESTADO) values ('1','10','1|3','5|3','96,6146','1');
Insert into MRVMM.T_MAEM_FACTOR_DATA (ID_FACTOR,ID_DETALLE,ID_PARAMETRO,VALOR,FACTOR,FLAG_ESTADO) values ('1','11','1|3','6|3','64,4097','1');
Insert into MRVMM.T_MAEM_FACTOR_DATA (ID_FACTOR,ID_DETALLE,ID_PARAMETRO,VALOR,FACTOR,FLAG_ESTADO) values ('2','1','6','2010','0,104','1');
Insert into MRVMM.T_MAEM_FACTOR_DATA (ID_FACTOR,ID_DETALLE,ID_PARAMETRO,VALOR,FACTOR,FLAG_ESTADO) values ('2','2','6','2011','0,108','1');
Insert into MRVMM.T_MAEM_FACTOR_DATA (ID_FACTOR,ID_DETALLE,ID_PARAMETRO,VALOR,FACTOR,FLAG_ESTADO) values ('2','3','6','2012','0,109','1');
Insert into MRVMM.T_MAEM_FACTOR_DATA (ID_FACTOR,ID_DETALLE,ID_PARAMETRO,VALOR,FACTOR,FLAG_ESTADO) values ('2','4','6','2013','0,109','1');
Insert into MRVMM.T_MAEM_FACTOR_DATA (ID_FACTOR,ID_DETALLE,ID_PARAMETRO,VALOR,FACTOR,FLAG_ESTADO) values ('2','5','6','2014','0,111','1');
Insert into MRVMM.T_MAEM_FACTOR_DATA (ID_FACTOR,ID_DETALLE,ID_PARAMETRO,VALOR,FACTOR,FLAG_ESTADO) values ('2','6','6','2015','0,113','1');
Insert into MRVMM.T_MAEM_FACTOR_DATA (ID_FACTOR,ID_DETALLE,ID_PARAMETRO,VALOR,FACTOR,FLAG_ESTADO) values ('2','7','6','2016','0,109','1');
Insert into MRVMM.T_MAEM_FACTOR_DATA (ID_FACTOR,ID_DETALLE,ID_PARAMETRO,VALOR,FACTOR,FLAG_ESTADO) values ('2','8','6','2017','0,108','1');
Insert into MRVMM.T_MAEM_FACTOR_DATA (ID_FACTOR,ID_DETALLE,ID_PARAMETRO,VALOR,FACTOR,FLAG_ESTADO) values ('2','9','6','2018','0,108','1');
Insert into MRVMM.T_MAEM_FACTOR_DATA (ID_FACTOR,ID_DETALLE,ID_PARAMETRO,VALOR,FACTOR,FLAG_ESTADO) values ('2','10','6','2019','0,108','1');
Insert into MRVMM.T_MAEM_FACTOR_DATA (ID_FACTOR,ID_DETALLE,ID_PARAMETRO,VALOR,FACTOR,FLAG_ESTADO) values ('3','1','1','1','0,1629','1');
Insert into MRVMM.T_MAEM_FACTOR_DATA (ID_FACTOR,ID_DETALLE,ID_PARAMETRO,VALOR,FACTOR,FLAG_ESTADO) values ('3','2','1','2','1,1','1');
Insert into MRVMM.T_MAEM_FACTOR_DATA (ID_FACTOR,ID_DETALLE,ID_PARAMETRO,VALOR,FACTOR,FLAG_ESTADO) values ('3','3','1','3','11,765','1');
Insert into MRVMM.T_MAEM_FACTOR_DATA (ID_FACTOR,ID_DETALLE,ID_PARAMETRO,VALOR,FACTOR,FLAG_ESTADO) values ('3','4','1','4','0,76','1');
Insert into MRVMM.T_MAEM_FACTOR_DATA (ID_FACTOR,ID_DETALLE,ID_PARAMETRO,VALOR,FACTOR,FLAG_ESTADO) values ('3','5','1','5','0,0543','1');
Insert into MRVMM.T_MAEM_FACTOR_DATA (ID_FACTOR,ID_DETALLE,ID_PARAMETRO,VALOR,FACTOR,FLAG_ESTADO) values ('3','6','1','6','0,0271','1');
Insert into MRVMM.T_MAEM_FACTOR_DATA (ID_FACTOR,ID_DETALLE,ID_PARAMETRO,VALOR,FACTOR,FLAG_ESTADO) values ('4','1','6','2010','0,2404','1');
Insert into MRVMM.T_MAEM_FACTOR_DATA (ID_FACTOR,ID_DETALLE,ID_PARAMETRO,VALOR,FACTOR,FLAG_ESTADO) values ('4','2','6','2011','0,2302','1');
Insert into MRVMM.T_MAEM_FACTOR_DATA (ID_FACTOR,ID_DETALLE,ID_PARAMETRO,VALOR,FACTOR,FLAG_ESTADO) values ('4','3','6','2012','0,2243','1');
Insert into MRVMM.T_MAEM_FACTOR_DATA (ID_FACTOR,ID_DETALLE,ID_PARAMETRO,VALOR,FACTOR,FLAG_ESTADO) values ('4','4','6','2013','0,2091','1');
Insert into MRVMM.T_MAEM_FACTOR_DATA (ID_FACTOR,ID_DETALLE,ID_PARAMETRO,VALOR,FACTOR,FLAG_ESTADO) values ('4','5','6','2014','0,2066','1');
Insert into MRVMM.T_MAEM_FACTOR_DATA (ID_FACTOR,ID_DETALLE,ID_PARAMETRO,VALOR,FACTOR,FLAG_ESTADO) values ('4','6','6','2015','0,2026','1');
Insert into MRVMM.T_MAEM_FACTOR_DATA (ID_FACTOR,ID_DETALLE,ID_PARAMETRO,VALOR,FACTOR,FLAG_ESTADO) values ('4','7','6','2016','0,2221','1');
Insert into MRVMM.T_MAEM_FACTOR_DATA (ID_FACTOR,ID_DETALLE,ID_PARAMETRO,VALOR,FACTOR,FLAG_ESTADO) values ('4','8','6','2017','0,1844','1');
Insert into MRVMM.T_MAEM_FACTOR_DATA (ID_FACTOR,ID_DETALLE,ID_PARAMETRO,VALOR,FACTOR,FLAG_ESTADO) values ('4','9','6','2018','0,1511','1');
Insert into MRVMM.T_MAEM_FACTOR_DATA (ID_FACTOR,ID_DETALLE,ID_PARAMETRO,VALOR,FACTOR,FLAG_ESTADO) values ('4','10','6','2019','0,1511','1');
Insert into MRVMM.T_MAEM_FACTOR_DATA (ID_FACTOR,ID_DETALLE,ID_PARAMETRO,VALOR,FACTOR,FLAG_ESTADO) values ('5','1','1|3|6','1|1|2018','11,346','1');
Insert into MRVMM.T_MAEM_FACTOR_DATA (ID_FACTOR,ID_DETALLE,ID_PARAMETRO,VALOR,FACTOR,FLAG_ESTADO) values ('5','2','1|3|6','1|2|2018','9,7391','1');
Insert into MRVMM.T_MAEM_FACTOR_DATA (ID_FACTOR,ID_DETALLE,ID_PARAMETRO,VALOR,FACTOR,FLAG_ESTADO) values ('5','3','1|3|6','1|3|2018','43,1956','1');
Insert into MRVMM.T_MAEM_FACTOR_DATA (ID_FACTOR,ID_DETALLE,ID_PARAMETRO,VALOR,FACTOR,FLAG_ESTADO) values ('5','4','1|3|6','2|1|2018','2,7472','1');
Insert into MRVMM.T_MAEM_FACTOR_DATA (ID_FACTOR,ID_DETALLE,ID_PARAMETRO,VALOR,FACTOR,FLAG_ESTADO) values ('5','5','1|3|6','2|4|2018','16,1927','1');
Insert into MRVMM.T_MAEM_FACTOR_DATA (ID_FACTOR,ID_DETALLE,ID_PARAMETRO,VALOR,FACTOR,FLAG_ESTADO) values ('5','6','1|3|6','3|1|2018','1,616','1');
Insert into MRVMM.T_MAEM_FACTOR_DATA (ID_FACTOR,ID_DETALLE,ID_PARAMETRO,VALOR,FACTOR,FLAG_ESTADO) values ('5','7','1|3|6','3|4|2018','10,027','1');
Insert into MRVMM.T_MAEM_FACTOR_DATA (ID_FACTOR,ID_DETALLE,ID_PARAMETRO,VALOR,FACTOR,FLAG_ESTADO) values ('5','8','1|3|6','4|1|2018','1,12','1');
Insert into MRVMM.T_MAEM_FACTOR_DATA (ID_FACTOR,ID_DETALLE,ID_PARAMETRO,VALOR,FACTOR,FLAG_ESTADO) values ('5','9','1|3|6','4|4|2018','6,2','1');
Insert into MRVMM.T_MAEM_FACTOR_DATA (ID_FACTOR,ID_DETALLE,ID_PARAMETRO,VALOR,FACTOR,FLAG_ESTADO) values ('5','10','1|3|6','5|3|2018','80','1');
Insert into MRVMM.T_MAEM_FACTOR_DATA (ID_FACTOR,ID_DETALLE,ID_PARAMETRO,VALOR,FACTOR,FLAG_ESTADO) values ('5','11','1|3|6','6|3|2018','120','1');
Insert into MRVMM.T_MAEM_FACTOR_DATA (ID_FACTOR,ID_DETALLE,ID_PARAMETRO,VALOR,FACTOR,FLAG_ESTADO) values ('6','1','1|6','1|2018','0,0276','1');
Insert into MRVMM.T_MAEM_FACTOR_DATA (ID_FACTOR,ID_DETALLE,ID_PARAMETRO,VALOR,FACTOR,FLAG_ESTADO) values ('6','2','1|6','1|2019','0,0276','1');
Insert into MRVMM.T_MAEM_FACTOR_DATA (ID_FACTOR,ID_DETALLE,ID_PARAMETRO,VALOR,FACTOR,FLAG_ESTADO) values ('6','3','1|6','3|2018','0,1993','1');
Insert into MRVMM.T_MAEM_FACTOR_DATA (ID_FACTOR,ID_DETALLE,ID_PARAMETRO,VALOR,FACTOR,FLAG_ESTADO) values ('6','4','1|6','3|2019','0,1993','1');
Insert into MRVMM.T_MAEM_FACTOR_DATA (ID_FACTOR,ID_DETALLE,ID_PARAMETRO,VALOR,FACTOR,FLAG_ESTADO) values ('6','5','1|6','4|2018','0,1288','1');
Insert into MRVMM.T_MAEM_FACTOR_DATA (ID_FACTOR,ID_DETALLE,ID_PARAMETRO,VALOR,FACTOR,FLAG_ESTADO) values ('6','6','1|6','4|2019','0,1288','1');
Insert into MRVMM.T_MAEM_FACTOR_DATA (ID_FACTOR,ID_DETALLE,ID_PARAMETRO,VALOR,FACTOR,FLAG_ESTADO) values ('6','7','1|6','5|2018','0,0092','1');
Insert into MRVMM.T_MAEM_FACTOR_DATA (ID_FACTOR,ID_DETALLE,ID_PARAMETRO,VALOR,FACTOR,FLAG_ESTADO) values ('6','8','1|6','5|2019','0,0092','1');
Insert into MRVMM.T_MAEM_FACTOR_DATA (ID_FACTOR,ID_DETALLE,ID_PARAMETRO,VALOR,FACTOR,FLAG_ESTADO) values ('6','9','1|6','6|2018','0,0461','1');
Insert into MRVMM.T_MAEM_FACTOR_DATA (ID_FACTOR,ID_DETALLE,ID_PARAMETRO,VALOR,FACTOR,FLAG_ESTADO) values ('6','10','1|6','6|2019','0,0461','1');
Insert into MRVMM.T_MAEM_FACTOR_DATA (ID_FACTOR,ID_DETALLE,ID_PARAMETRO,VALOR,FACTOR,FLAG_ESTADO) values ('6','11','1|6','2|2018','0,1864','1');
Insert into MRVMM.T_MAEM_FACTOR_DATA (ID_FACTOR,ID_DETALLE,ID_PARAMETRO,VALOR,FACTOR,FLAG_ESTADO) values ('6','12','1|6','2|2019','0,1864','1');
Insert into MRVMM.T_MAEM_FACTOR_DATA (ID_FACTOR,ID_DETALLE,ID_PARAMETRO,VALOR,FACTOR,FLAG_ESTADO) values ('7','1','6','2010','0,598','1');
Insert into MRVMM.T_MAEM_FACTOR_DATA (ID_FACTOR,ID_DETALLE,ID_PARAMETRO,VALOR,FACTOR,FLAG_ESTADO) values ('7','2','6','2011','0,6193','1');
Insert into MRVMM.T_MAEM_FACTOR_DATA (ID_FACTOR,ID_DETALLE,ID_PARAMETRO,VALOR,FACTOR,FLAG_ESTADO) values ('7','3','6','2012','0,6271','1');
Insert into MRVMM.T_MAEM_FACTOR_DATA (ID_FACTOR,ID_DETALLE,ID_PARAMETRO,VALOR,FACTOR,FLAG_ESTADO) values ('7','4','6','2013','0,6271','1');
Insert into MRVMM.T_MAEM_FACTOR_DATA (ID_FACTOR,ID_DETALLE,ID_PARAMETRO,VALOR,FACTOR,FLAG_ESTADO) values ('7','5','6','2014','0,6271','1');
Insert into MRVMM.T_MAEM_FACTOR_DATA (ID_FACTOR,ID_DETALLE,ID_PARAMETRO,VALOR,FACTOR,FLAG_ESTADO) values ('7','6','6','2015','0,6271','1');
Insert into MRVMM.T_MAEM_FACTOR_DATA (ID_FACTOR,ID_DETALLE,ID_PARAMETRO,VALOR,FACTOR,FLAG_ESTADO) values ('7','7','6','2016','0,4119','1');
Insert into MRVMM.T_MAEM_FACTOR_DATA (ID_FACTOR,ID_DETALLE,ID_PARAMETRO,VALOR,FACTOR,FLAG_ESTADO) values ('7','8','6','2017','0,4119','1');
Insert into MRVMM.T_MAEM_FACTOR_DATA (ID_FACTOR,ID_DETALLE,ID_PARAMETRO,VALOR,FACTOR,FLAG_ESTADO) values ('7','9','6','2018','0,4119','1');


REM INSERTING into MRVMM.T_MAEM_FORMULA_PARAMETRO
SET DEFINE OFF;
Insert into MRVMM.T_MAEM_FORMULA_PARAMETRO (ID_PARAMETRO,ID_ENFOQUE,ID_MEDMIT,COMPORTAMIENTO,VALOR,FORMULA,FORMULA_ARMADO,FLAG_ACTIVO) values ('9','4','12','=',null,'([F3]*[F5]*[F1]/[C1000000])+([P8]*[F5]*[F1]/[C1000000])',null,'1');
Insert into MRVMM.T_MAEM_FORMULA_PARAMETRO (ID_PARAMETRO,ID_ENFOQUE,ID_MEDMIT,COMPORTAMIENTO,VALOR,FORMULA,FORMULA_ARMADO,FLAG_ACTIVO) values ('11','5','11','=',null,'[P16]/[C1000]*[F7]',null,'1');
Insert into MRVMM.T_MAEM_FORMULA_PARAMETRO (ID_PARAMETRO,ID_ENFOQUE,ID_MEDMIT,COMPORTAMIENTO,VALOR,FORMULA,FORMULA_ARMADO,FLAG_ACTIVO) values ('9','3','12','=',null,'[P7]*[C1000]/[F3]*[F1]/[C1000000]','[P7]|*|[C1000]|/|[F3]|*|[F1]|/|[C1000000]','1');
Insert into MRVMM.T_MAEM_FORMULA_PARAMETRO (ID_PARAMETRO,ID_ENFOQUE,ID_MEDMIT,COMPORTAMIENTO,VALOR,FORMULA,FORMULA_ARMADO,FLAG_ACTIVO) values ('10','3','12','=',null,'[P7]/([C1]-[F2])*[C1000]/[F3]*[F6]/[C1000]','[P7]|/|(|[1]|-|[F2]|)|*|[C1000]|/|[F3]|*|[F6]|/|[C1000]','1');
Insert into MRVMM.T_MAEM_FORMULA_PARAMETRO (ID_PARAMETRO,ID_ENFOQUE,ID_MEDMIT,COMPORTAMIENTO,VALOR,FORMULA,FORMULA_ARMADO,FLAG_ACTIVO) values ('11','3','12','=',null,'[P9]-[P10]','[P9]|-|[P10]','1');
Insert into MRVMM.T_MAEM_FORMULA_PARAMETRO (ID_PARAMETRO,ID_ENFOQUE,ID_MEDMIT,COMPORTAMIENTO,VALOR,FORMULA,FORMULA_ARMADO,FLAG_ACTIVO) values ('9','1','12','=',null,'([P4]*[P12]*[F1])/[C1000000]','(|[P4]|*|[P12]|*|[F1]|)|/|[C1000000]','1');
Insert into MRVMM.T_MAEM_FORMULA_PARAMETRO (ID_PARAMETRO,ID_ENFOQUE,ID_MEDMIT,COMPORTAMIENTO,VALOR,FORMULA,FORMULA_ARMADO,FLAG_ACTIVO) values ('10','1','12','=',null,'([P4]*[P12]*[F4]*[F3]/([C1]-[F2]))/[C1000]','(|[P4]|*|[P12]|*|[F4]|*|[F3]|/|(|[C1]|-|[F2]|)|)|/|[C1000]','1');
Insert into MRVMM.T_MAEM_FORMULA_PARAMETRO (ID_PARAMETRO,ID_ENFOQUE,ID_MEDMIT,COMPORTAMIENTO,VALOR,FORMULA,FORMULA_ARMADO,FLAG_ACTIVO) values ('11','1','12','=',null,'[P9]-[P10]','[P9]|-|[P10]','1');
Insert into MRVMM.T_MAEM_FORMULA_PARAMETRO (ID_PARAMETRO,ID_ENFOQUE,ID_MEDMIT,COMPORTAMIENTO,VALOR,FORMULA,FORMULA_ARMADO,FLAG_ACTIVO) values ('9','2','12','=',null,'(([P4]+[P15])*[P12]*[F1])/[C1000000]',null,'1');
Insert into MRVMM.T_MAEM_FORMULA_PARAMETRO (ID_PARAMETRO,ID_ENFOQUE,ID_MEDMIT,COMPORTAMIENTO,VALOR,FORMULA,FORMULA_ARMADO,FLAG_ACTIVO) values ('10','2','12','=',null,'([P4]*[P12]*[P13]*[F4])/([C1]-[F2])/[C1000] + ([P15]*[P12]*[F1])/[C1000000]',null,'1');
Insert into MRVMM.T_MAEM_FORMULA_PARAMETRO (ID_PARAMETRO,ID_ENFOQUE,ID_MEDMIT,COMPORTAMIENTO,VALOR,FORMULA,FORMULA_ARMADO,FLAG_ACTIVO) values ('11','2','12','=',null,'[P9]-[P10]',null,'1');

REM INSERTING into MRVMM.T_MAEM_MEDIDA_FACTOR
SET DEFINE OFF;
Insert into MRVMM.T_MAEM_MEDIDA_FACTOR (ID_MEDMIT,ID_FACTOR,FLAG_ESTADO) values ('3','2','1');
Insert into MRVMM.T_MAEM_MEDIDA_FACTOR (ID_MEDMIT,ID_FACTOR,FLAG_ESTADO) values ('12','1','1');
Insert into MRVMM.T_MAEM_MEDIDA_FACTOR (ID_MEDMIT,ID_FACTOR,FLAG_ESTADO) values ('12','2','1');
Insert into MRVMM.T_MAEM_MEDIDA_FACTOR (ID_MEDMIT,ID_FACTOR,FLAG_ESTADO) values ('12','3','1');
Insert into MRVMM.T_MAEM_MEDIDA_FACTOR (ID_MEDMIT,ID_FACTOR,FLAG_ESTADO) values ('12','4','1');
Insert into MRVMM.T_MAEM_MEDIDA_FACTOR (ID_MEDMIT,ID_FACTOR,FLAG_ESTADO) values ('12','6','1');
Insert into MRVMM.T_MAEM_MEDIDA_FACTOR (ID_MEDMIT,ID_FACTOR,FLAG_ESTADO) values ('11','7','1');


