--------------------------------------------------------
-- Archivo creado  - martes-enero-28-2020   
--------------------------------------------------------
REM INSERTING into T_GEND_ARCHIVO
SET DEFINE OFF;
REM INSERTING into T_GEND_DETALLE_INICIATIVA
SET DEFINE OFF;
Insert into T_GEND_DETALLE_INICIATIVA (ID_DETALLE_INICIATIVA,ID_INICIATIVA,ID_REMITENTE,ID_DESTINO,DESC_INICIATIVA,ID_ETAPA,ID_ESTADO,OBSERVACIONES,FECHA_DERIVACION,FECHA_RECEPCION) values ('303','171','0',null,null,'3','1',null,to_date('27/01/20','DD/MM/RR'),null);
Insert into T_GEND_DETALLE_INICIATIVA (ID_DETALLE_INICIATIVA,ID_INICIATIVA,ID_REMITENTE,ID_DESTINO,DESC_INICIATIVA,ID_ETAPA,ID_ESTADO,OBSERVACIONES,FECHA_DERIVACION,FECHA_RECEPCION) values ('304','171','0',null,null,'3','1',null,to_date('27/01/20','DD/MM/RR'),null);
Insert into T_GEND_DETALLE_INICIATIVA (ID_DETALLE_INICIATIVA,ID_INICIATIVA,ID_REMITENTE,ID_DESTINO,DESC_INICIATIVA,ID_ETAPA,ID_ESTADO,OBSERVACIONES,FECHA_DERIVACION,FECHA_RECEPCION) values ('305','171','132',null,null,'3','1',null,to_date('27/01/20','DD/MM/RR'),null);
Insert into T_GEND_DETALLE_INICIATIVA (ID_DETALLE_INICIATIVA,ID_INICIATIVA,ID_REMITENTE,ID_DESTINO,DESC_INICIATIVA,ID_ETAPA,ID_ESTADO,OBSERVACIONES,FECHA_DERIVACION,FECHA_RECEPCION) values ('306','171','81',null,null,'3','2',null,to_date('27/01/20','DD/MM/RR'),null);
Insert into T_GEND_DETALLE_INICIATIVA (ID_DETALLE_INICIATIVA,ID_INICIATIVA,ID_REMITENTE,ID_DESTINO,DESC_INICIATIVA,ID_ETAPA,ID_ESTADO,OBSERVACIONES,FECHA_DERIVACION,FECHA_RECEPCION) values ('307','181','132','81','REGISTRO INICIATIVA','1','1',null,to_date('27/01/20','DD/MM/RR'),null);
Insert into T_GEND_DETALLE_INICIATIVA (ID_DETALLE_INICIATIVA,ID_INICIATIVA,ID_REMITENTE,ID_DESTINO,DESC_INICIATIVA,ID_ETAPA,ID_ESTADO,OBSERVACIONES,FECHA_DERIVACION,FECHA_RECEPCION) values ('308','182','81',null,null,'2','3',null,to_date('27/01/20','DD/MM/RR'),null);
Insert into T_GEND_DETALLE_INICIATIVA (ID_DETALLE_INICIATIVA,ID_INICIATIVA,ID_REMITENTE,ID_DESTINO,DESC_INICIATIVA,ID_ETAPA,ID_ESTADO,OBSERVACIONES,FECHA_DERIVACION,FECHA_RECEPCION) values ('309','166','81',null,null,'2','3',null,to_date('27/01/20','DD/MM/RR'),null);
Insert into T_GEND_DETALLE_INICIATIVA (ID_DETALLE_INICIATIVA,ID_INICIATIVA,ID_REMITENTE,ID_DESTINO,DESC_INICIATIVA,ID_ETAPA,ID_ESTADO,OBSERVACIONES,FECHA_DERIVACION,FECHA_RECEPCION) values ('301','167','81',null,null,'2','3',null,to_date('27/01/20','DD/MM/RR'),null);
Insert into T_GEND_DETALLE_INICIATIVA (ID_DETALLE_INICIATIVA,ID_INICIATIVA,ID_REMITENTE,ID_DESTINO,DESC_INICIATIVA,ID_ETAPA,ID_ESTADO,OBSERVACIONES,FECHA_DERIVACION,FECHA_RECEPCION) values ('302','171','81',null,null,'2','3',null,to_date('27/01/20','DD/MM/RR'),null);
Insert into T_GEND_DETALLE_INICIATIVA (ID_DETALLE_INICIATIVA,ID_INICIATIVA,ID_REMITENTE,ID_DESTINO,DESC_INICIATIVA,ID_ETAPA,ID_ESTADO,OBSERVACIONES,FECHA_DERIVACION,FECHA_RECEPCION) values ('310','166','0',null,null,'3','1',null,to_date('27/01/20','DD/MM/RR'),null);
Insert into T_GEND_DETALLE_INICIATIVA (ID_DETALLE_INICIATIVA,ID_INICIATIVA,ID_REMITENTE,ID_DESTINO,DESC_INICIATIVA,ID_ETAPA,ID_ESTADO,OBSERVACIONES,FECHA_DERIVACION,FECHA_RECEPCION) values ('311','166','132',null,null,'3','1',null,to_date('27/01/20','DD/MM/RR'),null);
Insert into T_GEND_DETALLE_INICIATIVA (ID_DETALLE_INICIATIVA,ID_INICIATIVA,ID_REMITENTE,ID_DESTINO,DESC_INICIATIVA,ID_ETAPA,ID_ESTADO,OBSERVACIONES,FECHA_DERIVACION,FECHA_RECEPCION) values ('312','166','81',null,null,'3','2',null,to_date('27/01/20','DD/MM/RR'),null);
Insert into T_GEND_DETALLE_INICIATIVA (ID_DETALLE_INICIATIVA,ID_INICIATIVA,ID_REMITENTE,ID_DESTINO,DESC_INICIATIVA,ID_ETAPA,ID_ESTADO,OBSERVACIONES,FECHA_DERIVACION,FECHA_RECEPCION) values ('154','142','81',null,null,'2','3',null,to_date('21/01/20','DD/MM/RR'),null);
Insert into T_GEND_DETALLE_INICIATIVA (ID_DETALLE_INICIATIVA,ID_INICIATIVA,ID_REMITENTE,ID_DESTINO,DESC_INICIATIVA,ID_ETAPA,ID_ESTADO,OBSERVACIONES,FECHA_DERIVACION,FECHA_RECEPCION) values ('155','142','129',null,null,'3','1',null,to_date('21/01/20','DD/MM/RR'),null);
Insert into T_GEND_DETALLE_INICIATIVA (ID_DETALLE_INICIATIVA,ID_INICIATIVA,ID_REMITENTE,ID_DESTINO,DESC_INICIATIVA,ID_ETAPA,ID_ESTADO,OBSERVACIONES,FECHA_DERIVACION,FECHA_RECEPCION) values ('156','142','81',null,null,'4','3',null,to_date('21/01/20','DD/MM/RR'),null);
Insert into T_GEND_DETALLE_INICIATIVA (ID_DETALLE_INICIATIVA,ID_INICIATIVA,ID_REMITENTE,ID_DESTINO,DESC_INICIATIVA,ID_ETAPA,ID_ESTADO,OBSERVACIONES,FECHA_DERIVACION,FECHA_RECEPCION) values ('157','142','22',null,null,'5','3',null,to_date('21/01/20','DD/MM/RR'),null);
Insert into T_GEND_DETALLE_INICIATIVA (ID_DETALLE_INICIATIVA,ID_INICIATIVA,ID_REMITENTE,ID_DESTINO,DESC_INICIATIVA,ID_ETAPA,ID_ESTADO,OBSERVACIONES,FECHA_DERIVACION,FECHA_RECEPCION) values ('158','142','1',null,null,'6','3',null,to_date('21/01/20','DD/MM/RR'),null);
Insert into T_GEND_DETALLE_INICIATIVA (ID_DETALLE_INICIATIVA,ID_INICIATIVA,ID_REMITENTE,ID_DESTINO,DESC_INICIATIVA,ID_ETAPA,ID_ESTADO,OBSERVACIONES,FECHA_DERIVACION,FECHA_RECEPCION) values ('159','142','45',null,null,'7','3',null,to_date('21/01/20','DD/MM/RR'),null);
Insert into T_GEND_DETALLE_INICIATIVA (ID_DETALLE_INICIATIVA,ID_INICIATIVA,ID_REMITENTE,ID_DESTINO,DESC_INICIATIVA,ID_ETAPA,ID_ESTADO,OBSERVACIONES,FECHA_DERIVACION,FECHA_RECEPCION) values ('160','143','130','81','REGISTRO INICIATIVA','1','1',null,to_date('21/01/20','DD/MM/RR'),null);
Insert into T_GEND_DETALLE_INICIATIVA (ID_DETALLE_INICIATIVA,ID_INICIATIVA,ID_REMITENTE,ID_DESTINO,DESC_INICIATIVA,ID_ETAPA,ID_ESTADO,OBSERVACIONES,FECHA_DERIVACION,FECHA_RECEPCION) values ('161','143','81',null,null,'2','3',null,to_date('21/01/20','DD/MM/RR'),null);
Insert into T_GEND_DETALLE_INICIATIVA (ID_DETALLE_INICIATIVA,ID_INICIATIVA,ID_REMITENTE,ID_DESTINO,DESC_INICIATIVA,ID_ETAPA,ID_ESTADO,OBSERVACIONES,FECHA_DERIVACION,FECHA_RECEPCION) values ('162','143','130',null,null,'3','1',null,to_date('21/01/20','DD/MM/RR'),null);
Insert into T_GEND_DETALLE_INICIATIVA (ID_DETALLE_INICIATIVA,ID_INICIATIVA,ID_REMITENTE,ID_DESTINO,DESC_INICIATIVA,ID_ETAPA,ID_ESTADO,OBSERVACIONES,FECHA_DERIVACION,FECHA_RECEPCION) values ('163','143','81',null,null,'3','2',null,to_date('21/01/20','DD/MM/RR'),null);
Insert into T_GEND_DETALLE_INICIATIVA (ID_DETALLE_INICIATIVA,ID_INICIATIVA,ID_REMITENTE,ID_DESTINO,DESC_INICIATIVA,ID_ETAPA,ID_ESTADO,OBSERVACIONES,FECHA_DERIVACION,FECHA_RECEPCION) values ('215','153','132','81','REGISTRO INICIATIVA','1','1',null,to_date('23/01/20','DD/MM/RR'),null);
Insert into T_GEND_DETALLE_INICIATIVA (ID_DETALLE_INICIATIVA,ID_INICIATIVA,ID_REMITENTE,ID_DESTINO,DESC_INICIATIVA,ID_ETAPA,ID_ESTADO,OBSERVACIONES,FECHA_DERIVACION,FECHA_RECEPCION) values ('216','154','132','81','REGISTRO INICIATIVA','1','1',null,to_date('23/01/20','DD/MM/RR'),null);
Insert into T_GEND_DETALLE_INICIATIVA (ID_DETALLE_INICIATIVA,ID_INICIATIVA,ID_REMITENTE,ID_DESTINO,DESC_INICIATIVA,ID_ETAPA,ID_ESTADO,OBSERVACIONES,FECHA_DERIVACION,FECHA_RECEPCION) values ('220','157','129','81','REGISTRO INICIATIVA','1','1',null,to_date('23/01/20','DD/MM/RR'),null);
Insert into T_GEND_DETALLE_INICIATIVA (ID_DETALLE_INICIATIVA,ID_INICIATIVA,ID_REMITENTE,ID_DESTINO,DESC_INICIATIVA,ID_ETAPA,ID_ESTADO,OBSERVACIONES,FECHA_DERIVACION,FECHA_RECEPCION) values ('221','157','81',null,null,'2','3',null,to_date('23/01/20','DD/MM/RR'),null);
Insert into T_GEND_DETALLE_INICIATIVA (ID_DETALLE_INICIATIVA,ID_INICIATIVA,ID_REMITENTE,ID_DESTINO,DESC_INICIATIVA,ID_ETAPA,ID_ESTADO,OBSERVACIONES,FECHA_DERIVACION,FECHA_RECEPCION) values ('222','157','129',null,null,'3','1',null,to_date('23/01/20','DD/MM/RR'),null);
Insert into T_GEND_DETALLE_INICIATIVA (ID_DETALLE_INICIATIVA,ID_INICIATIVA,ID_REMITENTE,ID_DESTINO,DESC_INICIATIVA,ID_ETAPA,ID_ESTADO,OBSERVACIONES,FECHA_DERIVACION,FECHA_RECEPCION) values ('223','157','81',null,null,'4','3',null,to_date('23/01/20','DD/MM/RR'),null);
Insert into T_GEND_DETALLE_INICIATIVA (ID_DETALLE_INICIATIVA,ID_INICIATIVA,ID_REMITENTE,ID_DESTINO,DESC_INICIATIVA,ID_ETAPA,ID_ESTADO,OBSERVACIONES,FECHA_DERIVACION,FECHA_RECEPCION) values ('224','154','81',null,null,'2','3',null,to_date('23/01/20','DD/MM/RR'),null);
Insert into T_GEND_DETALLE_INICIATIVA (ID_DETALLE_INICIATIVA,ID_INICIATIVA,ID_REMITENTE,ID_DESTINO,DESC_INICIATIVA,ID_ETAPA,ID_ESTADO,OBSERVACIONES,FECHA_DERIVACION,FECHA_RECEPCION) values ('225','157','22',null,null,'5','3',null,to_date('23/01/20','DD/MM/RR'),null);
Insert into T_GEND_DETALLE_INICIATIVA (ID_DETALLE_INICIATIVA,ID_INICIATIVA,ID_REMITENTE,ID_DESTINO,DESC_INICIATIVA,ID_ETAPA,ID_ESTADO,OBSERVACIONES,FECHA_DERIVACION,FECHA_RECEPCION) values ('152','142','129','81','REGISTRO INICIATIVA','1','1',null,to_date('21/01/20','DD/MM/RR'),null);
Insert into T_GEND_DETALLE_INICIATIVA (ID_DETALLE_INICIATIVA,ID_INICIATIVA,ID_REMITENTE,ID_DESTINO,DESC_INICIATIVA,ID_ETAPA,ID_ESTADO,OBSERVACIONES,FECHA_DERIVACION,FECHA_RECEPCION) values ('153','141','129',null,null,'3','1',null,to_date('21/01/20','DD/MM/RR'),null);
Insert into T_GEND_DETALLE_INICIATIVA (ID_DETALLE_INICIATIVA,ID_INICIATIVA,ID_REMITENTE,ID_DESTINO,DESC_INICIATIVA,ID_ETAPA,ID_ESTADO,OBSERVACIONES,FECHA_DERIVACION,FECHA_RECEPCION) values ('168','145','81',null,null,'2','3',null,to_date('22/01/20','DD/MM/RR'),null);
Insert into T_GEND_DETALLE_INICIATIVA (ID_DETALLE_INICIATIVA,ID_INICIATIVA,ID_REMITENTE,ID_DESTINO,DESC_INICIATIVA,ID_ETAPA,ID_ESTADO,OBSERVACIONES,FECHA_DERIVACION,FECHA_RECEPCION) values ('169','145','129',null,null,'3','0',null,to_date('22/01/20','DD/MM/RR'),null);
Insert into T_GEND_DETALLE_INICIATIVA (ID_DETALLE_INICIATIVA,ID_INICIATIVA,ID_REMITENTE,ID_DESTINO,DESC_INICIATIVA,ID_ETAPA,ID_ESTADO,OBSERVACIONES,FECHA_DERIVACION,FECHA_RECEPCION) values ('170','145','129',null,null,'3','1',null,to_date('22/01/20','DD/MM/RR'),null);
Insert into T_GEND_DETALLE_INICIATIVA (ID_DETALLE_INICIATIVA,ID_INICIATIVA,ID_REMITENTE,ID_DESTINO,DESC_INICIATIVA,ID_ETAPA,ID_ESTADO,OBSERVACIONES,FECHA_DERIVACION,FECHA_RECEPCION) values ('171','145','81',null,null,'3','2',null,to_date('22/01/20','DD/MM/RR'),null);
Insert into T_GEND_DETALLE_INICIATIVA (ID_DETALLE_INICIATIVA,ID_INICIATIVA,ID_REMITENTE,ID_DESTINO,DESC_INICIATIVA,ID_ETAPA,ID_ESTADO,OBSERVACIONES,FECHA_DERIVACION,FECHA_RECEPCION) values ('172','145','129',null,null,'3','5',null,to_date('22/01/20','DD/MM/RR'),null);
Insert into T_GEND_DETALLE_INICIATIVA (ID_DETALLE_INICIATIVA,ID_INICIATIVA,ID_REMITENTE,ID_DESTINO,DESC_INICIATIVA,ID_ETAPA,ID_ESTADO,OBSERVACIONES,FECHA_DERIVACION,FECHA_RECEPCION) values ('173','145','81',null,null,'4','3',null,to_date('22/01/20','DD/MM/RR'),null);
Insert into T_GEND_DETALLE_INICIATIVA (ID_DETALLE_INICIATIVA,ID_INICIATIVA,ID_REMITENTE,ID_DESTINO,DESC_INICIATIVA,ID_ETAPA,ID_ESTADO,OBSERVACIONES,FECHA_DERIVACION,FECHA_RECEPCION) values ('174','145','22',null,null,'5','3',null,to_date('22/01/20','DD/MM/RR'),null);
Insert into T_GEND_DETALLE_INICIATIVA (ID_DETALLE_INICIATIVA,ID_INICIATIVA,ID_REMITENTE,ID_DESTINO,DESC_INICIATIVA,ID_ETAPA,ID_ESTADO,OBSERVACIONES,FECHA_DERIVACION,FECHA_RECEPCION) values ('175','145','1',null,null,'6','3',null,to_date('22/01/20','DD/MM/RR'),null);
Insert into T_GEND_DETALLE_INICIATIVA (ID_DETALLE_INICIATIVA,ID_INICIATIVA,ID_REMITENTE,ID_DESTINO,DESC_INICIATIVA,ID_ETAPA,ID_ESTADO,OBSERVACIONES,FECHA_DERIVACION,FECHA_RECEPCION) values ('176','145','45',null,null,'7','3',null,to_date('22/01/20','DD/MM/RR'),null);
Insert into T_GEND_DETALLE_INICIATIVA (ID_DETALLE_INICIATIVA,ID_INICIATIVA,ID_REMITENTE,ID_DESTINO,DESC_INICIATIVA,ID_ETAPA,ID_ESTADO,OBSERVACIONES,FECHA_DERIVACION,FECHA_RECEPCION) values ('177','147','129','81','REGISTRO INICIATIVA','1','1',null,to_date('22/01/20','DD/MM/RR'),null);
Insert into T_GEND_DETALLE_INICIATIVA (ID_DETALLE_INICIATIVA,ID_INICIATIVA,ID_REMITENTE,ID_DESTINO,DESC_INICIATIVA,ID_ETAPA,ID_ESTADO,OBSERVACIONES,FECHA_DERIVACION,FECHA_RECEPCION) values ('197','149','129',null,null,'3','1',null,to_date('23/01/20','DD/MM/RR'),null);
Insert into T_GEND_DETALLE_INICIATIVA (ID_DETALLE_INICIATIVA,ID_INICIATIVA,ID_REMITENTE,ID_DESTINO,DESC_INICIATIVA,ID_ETAPA,ID_ESTADO,OBSERVACIONES,FECHA_DERIVACION,FECHA_RECEPCION) values ('198','149','81',null,null,'3','2',null,to_date('23/01/20','DD/MM/RR'),null);
Insert into T_GEND_DETALLE_INICIATIVA (ID_DETALLE_INICIATIVA,ID_INICIATIVA,ID_REMITENTE,ID_DESTINO,DESC_INICIATIVA,ID_ETAPA,ID_ESTADO,OBSERVACIONES,FECHA_DERIVACION,FECHA_RECEPCION) values ('199','149','129',null,null,'3','5',null,to_date('23/01/20','DD/MM/RR'),null);
Insert into T_GEND_DETALLE_INICIATIVA (ID_DETALLE_INICIATIVA,ID_INICIATIVA,ID_REMITENTE,ID_DESTINO,DESC_INICIATIVA,ID_ETAPA,ID_ESTADO,OBSERVACIONES,FECHA_DERIVACION,FECHA_RECEPCION) values ('200','149','81',null,null,'4','3',null,to_date('23/01/20','DD/MM/RR'),null);
Insert into T_GEND_DETALLE_INICIATIVA (ID_DETALLE_INICIATIVA,ID_INICIATIVA,ID_REMITENTE,ID_DESTINO,DESC_INICIATIVA,ID_ETAPA,ID_ESTADO,OBSERVACIONES,FECHA_DERIVACION,FECHA_RECEPCION) values ('201','149','22',null,null,'5','3',null,to_date('23/01/20','DD/MM/RR'),null);
Insert into T_GEND_DETALLE_INICIATIVA (ID_DETALLE_INICIATIVA,ID_INICIATIVA,ID_REMITENTE,ID_DESTINO,DESC_INICIATIVA,ID_ETAPA,ID_ESTADO,OBSERVACIONES,FECHA_DERIVACION,FECHA_RECEPCION) values ('202','149','1',null,null,'6','3',null,to_date('23/01/20','DD/MM/RR'),null);
Insert into T_GEND_DETALLE_INICIATIVA (ID_DETALLE_INICIATIVA,ID_INICIATIVA,ID_REMITENTE,ID_DESTINO,DESC_INICIATIVA,ID_ETAPA,ID_ESTADO,OBSERVACIONES,FECHA_DERIVACION,FECHA_RECEPCION) values ('218','156','132','81','REGISTRO INICIATIVA','1','1',null,to_date('23/01/20','DD/MM/RR'),null);
Insert into T_GEND_DETALLE_INICIATIVA (ID_DETALLE_INICIATIVA,ID_INICIATIVA,ID_REMITENTE,ID_DESTINO,DESC_INICIATIVA,ID_ETAPA,ID_ESTADO,OBSERVACIONES,FECHA_DERIVACION,FECHA_RECEPCION) values ('219','156','81',null,null,'1','2',null,to_date('23/01/20','DD/MM/RR'),null);
Insert into T_GEND_DETALLE_INICIATIVA (ID_DETALLE_INICIATIVA,ID_INICIATIVA,ID_REMITENTE,ID_DESTINO,DESC_INICIATIVA,ID_ETAPA,ID_ESTADO,OBSERVACIONES,FECHA_DERIVACION,FECHA_RECEPCION) values ('226','155','81',null,null,'1','2',null,to_date('23/01/20','DD/MM/RR'),null);
Insert into T_GEND_DETALLE_INICIATIVA (ID_DETALLE_INICIATIVA,ID_INICIATIVA,ID_REMITENTE,ID_DESTINO,DESC_INICIATIVA,ID_ETAPA,ID_ESTADO,OBSERVACIONES,FECHA_DERIVACION,FECHA_RECEPCION) values ('228','153','81',null,null,'2','3',null,to_date('23/01/20','DD/MM/RR'),null);
Insert into T_GEND_DETALLE_INICIATIVA (ID_DETALLE_INICIATIVA,ID_INICIATIVA,ID_REMITENTE,ID_DESTINO,DESC_INICIATIVA,ID_ETAPA,ID_ESTADO,OBSERVACIONES,FECHA_DERIVACION,FECHA_RECEPCION) values ('249','162','142','81','REGISTRO INICIATIVA','1','1',null,to_date('24/01/20','DD/MM/RR'),null);
Insert into T_GEND_DETALLE_INICIATIVA (ID_DETALLE_INICIATIVA,ID_INICIATIVA,ID_REMITENTE,ID_DESTINO,DESC_INICIATIVA,ID_ETAPA,ID_ESTADO,OBSERVACIONES,FECHA_DERIVACION,FECHA_RECEPCION) values ('250','162','81',null,null,'1','2',null,to_date('24/01/20','DD/MM/RR'),null);
Insert into T_GEND_DETALLE_INICIATIVA (ID_DETALLE_INICIATIVA,ID_INICIATIVA,ID_REMITENTE,ID_DESTINO,DESC_INICIATIVA,ID_ETAPA,ID_ESTADO,OBSERVACIONES,FECHA_DERIVACION,FECHA_RECEPCION) values ('251','162','81',null,null,'2','3',null,to_date('24/01/20','DD/MM/RR'),null);
Insert into T_GEND_DETALLE_INICIATIVA (ID_DETALLE_INICIATIVA,ID_INICIATIVA,ID_REMITENTE,ID_DESTINO,DESC_INICIATIVA,ID_ETAPA,ID_ESTADO,OBSERVACIONES,FECHA_DERIVACION,FECHA_RECEPCION) values ('252','162','142',null,null,'3','1',null,to_date('24/01/20','DD/MM/RR'),null);
Insert into T_GEND_DETALLE_INICIATIVA (ID_DETALLE_INICIATIVA,ID_INICIATIVA,ID_REMITENTE,ID_DESTINO,DESC_INICIATIVA,ID_ETAPA,ID_ESTADO,OBSERVACIONES,FECHA_DERIVACION,FECHA_RECEPCION) values ('253','162','81',null,null,'3','2',null,to_date('24/01/20','DD/MM/RR'),null);
Insert into T_GEND_DETALLE_INICIATIVA (ID_DETALLE_INICIATIVA,ID_INICIATIVA,ID_REMITENTE,ID_DESTINO,DESC_INICIATIVA,ID_ETAPA,ID_ESTADO,OBSERVACIONES,FECHA_DERIVACION,FECHA_RECEPCION) values ('254','162','142',null,null,'3','5',null,to_date('24/01/20','DD/MM/RR'),null);
Insert into T_GEND_DETALLE_INICIATIVA (ID_DETALLE_INICIATIVA,ID_INICIATIVA,ID_REMITENTE,ID_DESTINO,DESC_INICIATIVA,ID_ETAPA,ID_ESTADO,OBSERVACIONES,FECHA_DERIVACION,FECHA_RECEPCION) values ('255','162','81',null,null,'4','3',null,to_date('24/01/20','DD/MM/RR'),null);
Insert into T_GEND_DETALLE_INICIATIVA (ID_DETALLE_INICIATIVA,ID_INICIATIVA,ID_REMITENTE,ID_DESTINO,DESC_INICIATIVA,ID_ETAPA,ID_ESTADO,OBSERVACIONES,FECHA_DERIVACION,FECHA_RECEPCION) values ('166','145','81',null,null,'1','2',null,to_date('22/01/20','DD/MM/RR'),null);
Insert into T_GEND_DETALLE_INICIATIVA (ID_DETALLE_INICIATIVA,ID_INICIATIVA,ID_REMITENTE,ID_DESTINO,DESC_INICIATIVA,ID_ETAPA,ID_ESTADO,OBSERVACIONES,FECHA_DERIVACION,FECHA_RECEPCION) values ('167','146','129','81','REGISTRO INICIATIVA','1','1',null,to_date('22/01/20','DD/MM/RR'),null);
Insert into T_GEND_DETALLE_INICIATIVA (ID_DETALLE_INICIATIVA,ID_INICIATIVA,ID_REMITENTE,ID_DESTINO,DESC_INICIATIVA,ID_ETAPA,ID_ESTADO,OBSERVACIONES,FECHA_DERIVACION,FECHA_RECEPCION) values ('256','163','132','81','REGISTRO INICIATIVA','1','1',null,to_date('24/01/20','DD/MM/RR'),null);
Insert into T_GEND_DETALLE_INICIATIVA (ID_DETALLE_INICIATIVA,ID_INICIATIVA,ID_REMITENTE,ID_DESTINO,DESC_INICIATIVA,ID_ETAPA,ID_ESTADO,OBSERVACIONES,FECHA_DERIVACION,FECHA_RECEPCION) values ('257','163','81',null,null,'2','3',null,to_date('24/01/20','DD/MM/RR'),null);
Insert into T_GEND_DETALLE_INICIATIVA (ID_DETALLE_INICIATIVA,ID_INICIATIVA,ID_REMITENTE,ID_DESTINO,DESC_INICIATIVA,ID_ETAPA,ID_ESTADO,OBSERVACIONES,FECHA_DERIVACION,FECHA_RECEPCION) values ('258','163','132',null,null,'3','1',null,to_date('24/01/20','DD/MM/RR'),null);
Insert into T_GEND_DETALLE_INICIATIVA (ID_DETALLE_INICIATIVA,ID_INICIATIVA,ID_REMITENTE,ID_DESTINO,DESC_INICIATIVA,ID_ETAPA,ID_ESTADO,OBSERVACIONES,FECHA_DERIVACION,FECHA_RECEPCION) values ('259','163','81',null,null,'4','3',null,to_date('24/01/20','DD/MM/RR'),null);
Insert into T_GEND_DETALLE_INICIATIVA (ID_DETALLE_INICIATIVA,ID_INICIATIVA,ID_REMITENTE,ID_DESTINO,DESC_INICIATIVA,ID_ETAPA,ID_ESTADO,OBSERVACIONES,FECHA_DERIVACION,FECHA_RECEPCION) values ('261','164','81',null,null,'2','3',null,to_date('24/01/20','DD/MM/RR'),null);
Insert into T_GEND_DETALLE_INICIATIVA (ID_DETALLE_INICIATIVA,ID_INICIATIVA,ID_REMITENTE,ID_DESTINO,DESC_INICIATIVA,ID_ETAPA,ID_ESTADO,OBSERVACIONES,FECHA_DERIVACION,FECHA_RECEPCION) values ('276','167','145','81','REGISTRO INICIATIVA','1','1',null,to_date('24/01/20','DD/MM/RR'),null);
Insert into T_GEND_DETALLE_INICIATIVA (ID_DETALLE_INICIATIVA,ID_INICIATIVA,ID_REMITENTE,ID_DESTINO,DESC_INICIATIVA,ID_ETAPA,ID_ESTADO,OBSERVACIONES,FECHA_DERIVACION,FECHA_RECEPCION) values ('278','168','132','81','REGISTRO INICIATIVA','1','1',null,to_date('24/01/20','DD/MM/RR'),null);
Insert into T_GEND_DETALLE_INICIATIVA (ID_DETALLE_INICIATIVA,ID_INICIATIVA,ID_REMITENTE,ID_DESTINO,DESC_INICIATIVA,ID_ETAPA,ID_ESTADO,OBSERVACIONES,FECHA_DERIVACION,FECHA_RECEPCION) values ('284','170','81',null,null,'1','2',null,to_date('25/01/20','DD/MM/RR'),null);
Insert into T_GEND_DETALLE_INICIATIVA (ID_DETALLE_INICIATIVA,ID_INICIATIVA,ID_REMITENTE,ID_DESTINO,DESC_INICIATIVA,ID_ETAPA,ID_ESTADO,OBSERVACIONES,FECHA_DERIVACION,FECHA_RECEPCION) values ('285','170','81',null,null,'2','3',null,to_date('25/01/20','DD/MM/RR'),null);
Insert into T_GEND_DETALLE_INICIATIVA (ID_DETALLE_INICIATIVA,ID_INICIATIVA,ID_REMITENTE,ID_DESTINO,DESC_INICIATIVA,ID_ETAPA,ID_ESTADO,OBSERVACIONES,FECHA_DERIVACION,FECHA_RECEPCION) values ('286','170','132',null,null,'3','0',null,to_date('25/01/20','DD/MM/RR'),null);
Insert into T_GEND_DETALLE_INICIATIVA (ID_DETALLE_INICIATIVA,ID_INICIATIVA,ID_REMITENTE,ID_DESTINO,DESC_INICIATIVA,ID_ETAPA,ID_ESTADO,OBSERVACIONES,FECHA_DERIVACION,FECHA_RECEPCION) values ('287','170','132',null,null,'3','1',null,to_date('25/01/20','DD/MM/RR'),null);
Insert into T_GEND_DETALLE_INICIATIVA (ID_DETALLE_INICIATIVA,ID_INICIATIVA,ID_REMITENTE,ID_DESTINO,DESC_INICIATIVA,ID_ETAPA,ID_ESTADO,OBSERVACIONES,FECHA_DERIVACION,FECHA_RECEPCION) values ('288','171','132','81','REGISTRO INICIATIVA','1','1',null,to_date('25/01/20','DD/MM/RR'),null);
Insert into T_GEND_DETALLE_INICIATIVA (ID_DETALLE_INICIATIVA,ID_INICIATIVA,ID_REMITENTE,ID_DESTINO,DESC_INICIATIVA,ID_ETAPA,ID_ESTADO,OBSERVACIONES,FECHA_DERIVACION,FECHA_RECEPCION) values ('289','171','81',null,null,'1','2',null,to_date('25/01/20','DD/MM/RR'),null);
Insert into T_GEND_DETALLE_INICIATIVA (ID_DETALLE_INICIATIVA,ID_INICIATIVA,ID_REMITENTE,ID_DESTINO,DESC_INICIATIVA,ID_ETAPA,ID_ESTADO,OBSERVACIONES,FECHA_DERIVACION,FECHA_RECEPCION) values ('180','148','133',null,null,'3','1',null,to_date('22/01/20','DD/MM/RR'),null);
Insert into T_GEND_DETALLE_INICIATIVA (ID_DETALLE_INICIATIVA,ID_INICIATIVA,ID_REMITENTE,ID_DESTINO,DESC_INICIATIVA,ID_ETAPA,ID_ESTADO,OBSERVACIONES,FECHA_DERIVACION,FECHA_RECEPCION) values ('181','148','81',null,null,'4','3',null,to_date('22/01/20','DD/MM/RR'),null);
Insert into T_GEND_DETALLE_INICIATIVA (ID_DETALLE_INICIATIVA,ID_INICIATIVA,ID_REMITENTE,ID_DESTINO,DESC_INICIATIVA,ID_ETAPA,ID_ESTADO,OBSERVACIONES,FECHA_DERIVACION,FECHA_RECEPCION) values ('182','148','22',null,null,'5','3',null,to_date('22/01/20','DD/MM/RR'),null);
Insert into T_GEND_DETALLE_INICIATIVA (ID_DETALLE_INICIATIVA,ID_INICIATIVA,ID_REMITENTE,ID_DESTINO,DESC_INICIATIVA,ID_ETAPA,ID_ESTADO,OBSERVACIONES,FECHA_DERIVACION,FECHA_RECEPCION) values ('183','149','129',null,'GUARDAR AVANCE','1','0',null,to_date('22/01/20','DD/MM/RR'),null);
Insert into T_GEND_DETALLE_INICIATIVA (ID_DETALLE_INICIATIVA,ID_INICIATIVA,ID_REMITENTE,ID_DESTINO,DESC_INICIATIVA,ID_ETAPA,ID_ESTADO,OBSERVACIONES,FECHA_DERIVACION,FECHA_RECEPCION) values ('184','148','1',null,null,'6','3',null,to_date('22/01/20','DD/MM/RR'),null);
Insert into T_GEND_DETALLE_INICIATIVA (ID_DETALLE_INICIATIVA,ID_INICIATIVA,ID_REMITENTE,ID_DESTINO,DESC_INICIATIVA,ID_ETAPA,ID_ESTADO,OBSERVACIONES,FECHA_DERIVACION,FECHA_RECEPCION) values ('178','148','133','81','REGISTRO INICIATIVA','1','1',null,to_date('22/01/20','DD/MM/RR'),null);
Insert into T_GEND_DETALLE_INICIATIVA (ID_DETALLE_INICIATIVA,ID_INICIATIVA,ID_REMITENTE,ID_DESTINO,DESC_INICIATIVA,ID_ETAPA,ID_ESTADO,OBSERVACIONES,FECHA_DERIVACION,FECHA_RECEPCION) values ('179','148','81',null,null,'2','3',null,to_date('22/01/20','DD/MM/RR'),null);
Insert into T_GEND_DETALLE_INICIATIVA (ID_DETALLE_INICIATIVA,ID_INICIATIVA,ID_REMITENTE,ID_DESTINO,DESC_INICIATIVA,ID_ETAPA,ID_ESTADO,OBSERVACIONES,FECHA_DERIVACION,FECHA_RECEPCION) values ('185','148','45',null,null,'7','3',null,to_date('22/01/20','DD/MM/RR'),null);
Insert into T_GEND_DETALLE_INICIATIVA (ID_DETALLE_INICIATIVA,ID_INICIATIVA,ID_REMITENTE,ID_DESTINO,DESC_INICIATIVA,ID_ETAPA,ID_ESTADO,OBSERVACIONES,FECHA_DERIVACION,FECHA_RECEPCION) values ('186','149','81',null,null,'1','2',null,to_date('22/01/20','DD/MM/RR'),null);
Insert into T_GEND_DETALLE_INICIATIVA (ID_DETALLE_INICIATIVA,ID_INICIATIVA,ID_REMITENTE,ID_DESTINO,DESC_INICIATIVA,ID_ETAPA,ID_ESTADO,OBSERVACIONES,FECHA_DERIVACION,FECHA_RECEPCION) values ('187','149','81',null,null,'2','3',null,to_date('22/01/20','DD/MM/RR'),null);
Insert into T_GEND_DETALLE_INICIATIVA (ID_DETALLE_INICIATIVA,ID_INICIATIVA,ID_REMITENTE,ID_DESTINO,DESC_INICIATIVA,ID_ETAPA,ID_ESTADO,OBSERVACIONES,FECHA_DERIVACION,FECHA_RECEPCION) values ('188','150','134','81','REGISTRO INICIATIVA','1','1',null,to_date('22/01/20','DD/MM/RR'),null);
Insert into T_GEND_DETALLE_INICIATIVA (ID_DETALLE_INICIATIVA,ID_INICIATIVA,ID_REMITENTE,ID_DESTINO,DESC_INICIATIVA,ID_ETAPA,ID_ESTADO,OBSERVACIONES,FECHA_DERIVACION,FECHA_RECEPCION) values ('189','150','81',null,null,'2','3',null,to_date('22/01/20','DD/MM/RR'),null);
Insert into T_GEND_DETALLE_INICIATIVA (ID_DETALLE_INICIATIVA,ID_INICIATIVA,ID_REMITENTE,ID_DESTINO,DESC_INICIATIVA,ID_ETAPA,ID_ESTADO,OBSERVACIONES,FECHA_DERIVACION,FECHA_RECEPCION) values ('190','150','134',null,null,'3','1',null,to_date('22/01/20','DD/MM/RR'),null);
Insert into T_GEND_DETALLE_INICIATIVA (ID_DETALLE_INICIATIVA,ID_INICIATIVA,ID_REMITENTE,ID_DESTINO,DESC_INICIATIVA,ID_ETAPA,ID_ESTADO,OBSERVACIONES,FECHA_DERIVACION,FECHA_RECEPCION) values ('191','150','81',null,null,'3','2',null,to_date('22/01/20','DD/MM/RR'),null);
Insert into T_GEND_DETALLE_INICIATIVA (ID_DETALLE_INICIATIVA,ID_INICIATIVA,ID_REMITENTE,ID_DESTINO,DESC_INICIATIVA,ID_ETAPA,ID_ESTADO,OBSERVACIONES,FECHA_DERIVACION,FECHA_RECEPCION) values ('192','150','134',null,null,'3','5',null,to_date('22/01/20','DD/MM/RR'),null);
Insert into T_GEND_DETALLE_INICIATIVA (ID_DETALLE_INICIATIVA,ID_INICIATIVA,ID_REMITENTE,ID_DESTINO,DESC_INICIATIVA,ID_ETAPA,ID_ESTADO,OBSERVACIONES,FECHA_DERIVACION,FECHA_RECEPCION) values ('193','150','81',null,null,'4','3',null,to_date('22/01/20','DD/MM/RR'),null);
Insert into T_GEND_DETALLE_INICIATIVA (ID_DETALLE_INICIATIVA,ID_INICIATIVA,ID_REMITENTE,ID_DESTINO,DESC_INICIATIVA,ID_ETAPA,ID_ESTADO,OBSERVACIONES,FECHA_DERIVACION,FECHA_RECEPCION) values ('194','150','22',null,null,'5','3',null,to_date('22/01/20','DD/MM/RR'),null);
Insert into T_GEND_DETALLE_INICIATIVA (ID_DETALLE_INICIATIVA,ID_INICIATIVA,ID_REMITENTE,ID_DESTINO,DESC_INICIATIVA,ID_ETAPA,ID_ESTADO,OBSERVACIONES,FECHA_DERIVACION,FECHA_RECEPCION) values ('195','150','1',null,null,'6','3',null,to_date('22/01/20','DD/MM/RR'),null);
Insert into T_GEND_DETALLE_INICIATIVA (ID_DETALLE_INICIATIVA,ID_INICIATIVA,ID_REMITENTE,ID_DESTINO,DESC_INICIATIVA,ID_ETAPA,ID_ESTADO,OBSERVACIONES,FECHA_DERIVACION,FECHA_RECEPCION) values ('196','150','45',null,null,'7','3',null,to_date('22/01/20','DD/MM/RR'),null);
Insert into T_GEND_DETALLE_INICIATIVA (ID_DETALLE_INICIATIVA,ID_INICIATIVA,ID_REMITENTE,ID_DESTINO,DESC_INICIATIVA,ID_ETAPA,ID_ESTADO,OBSERVACIONES,FECHA_DERIVACION,FECHA_RECEPCION) values ('209','152','129','81','REGISTRO INICIATIVA','1','1',null,to_date('23/01/20','DD/MM/RR'),null);
Insert into T_GEND_DETALLE_INICIATIVA (ID_DETALLE_INICIATIVA,ID_INICIATIVA,ID_REMITENTE,ID_DESTINO,DESC_INICIATIVA,ID_ETAPA,ID_ESTADO,OBSERVACIONES,FECHA_DERIVACION,FECHA_RECEPCION) values ('210','152','81',null,null,'2','3',null,to_date('23/01/20','DD/MM/RR'),null);
Insert into T_GEND_DETALLE_INICIATIVA (ID_DETALLE_INICIATIVA,ID_INICIATIVA,ID_REMITENTE,ID_DESTINO,DESC_INICIATIVA,ID_ETAPA,ID_ESTADO,OBSERVACIONES,FECHA_DERIVACION,FECHA_RECEPCION) values ('211','152','129',null,null,'3','1',null,to_date('23/01/20','DD/MM/RR'),null);
Insert into T_GEND_DETALLE_INICIATIVA (ID_DETALLE_INICIATIVA,ID_INICIATIVA,ID_REMITENTE,ID_DESTINO,DESC_INICIATIVA,ID_ETAPA,ID_ESTADO,OBSERVACIONES,FECHA_DERIVACION,FECHA_RECEPCION) values ('212','152','81',null,null,'4','3',null,to_date('23/01/20','DD/MM/RR'),null);
Insert into T_GEND_DETALLE_INICIATIVA (ID_DETALLE_INICIATIVA,ID_INICIATIVA,ID_REMITENTE,ID_DESTINO,DESC_INICIATIVA,ID_ETAPA,ID_ESTADO,OBSERVACIONES,FECHA_DERIVACION,FECHA_RECEPCION) values ('213','152','22',null,null,'5','3',null,to_date('23/01/20','DD/MM/RR'),null);
Insert into T_GEND_DETALLE_INICIATIVA (ID_DETALLE_INICIATIVA,ID_INICIATIVA,ID_REMITENTE,ID_DESTINO,DESC_INICIATIVA,ID_ETAPA,ID_ESTADO,OBSERVACIONES,FECHA_DERIVACION,FECHA_RECEPCION) values ('217','155','132','81','REGISTRO INICIATIVA','1','1',null,to_date('23/01/20','DD/MM/RR'),null);
Insert into T_GEND_DETALLE_INICIATIVA (ID_DETALLE_INICIATIVA,ID_INICIATIVA,ID_REMITENTE,ID_DESTINO,DESC_INICIATIVA,ID_ETAPA,ID_ESTADO,OBSERVACIONES,FECHA_DERIVACION,FECHA_RECEPCION) values ('242','159','132','81','REGISTRO INICIATIVA','1','1',null,to_date('23/01/20','DD/MM/RR'),null);
Insert into T_GEND_DETALLE_INICIATIVA (ID_DETALLE_INICIATIVA,ID_INICIATIVA,ID_REMITENTE,ID_DESTINO,DESC_INICIATIVA,ID_ETAPA,ID_ESTADO,OBSERVACIONES,FECHA_DERIVACION,FECHA_RECEPCION) values ('260','164','144','81','REGISTRO INICIATIVA','1','1',null,to_date('24/01/20','DD/MM/RR'),null);
Insert into T_GEND_DETALLE_INICIATIVA (ID_DETALLE_INICIATIVA,ID_INICIATIVA,ID_REMITENTE,ID_DESTINO,DESC_INICIATIVA,ID_ETAPA,ID_ESTADO,OBSERVACIONES,FECHA_DERIVACION,FECHA_RECEPCION) values ('266','158','22',null,null,'5','3',null,to_date('24/01/20','DD/MM/RR'),null);
Insert into T_GEND_DETALLE_INICIATIVA (ID_DETALLE_INICIATIVA,ID_INICIATIVA,ID_REMITENTE,ID_DESTINO,DESC_INICIATIVA,ID_ETAPA,ID_ESTADO,OBSERVACIONES,FECHA_DERIVACION,FECHA_RECEPCION) values ('271','166','132','81','REGISTRO INICIATIVA','1','1',null,to_date('24/01/20','DD/MM/RR'),null);
Insert into T_GEND_DETALLE_INICIATIVA (ID_DETALLE_INICIATIVA,ID_INICIATIVA,ID_REMITENTE,ID_DESTINO,DESC_INICIATIVA,ID_ETAPA,ID_ESTADO,OBSERVACIONES,FECHA_DERIVACION,FECHA_RECEPCION) values ('272','165','81',null,null,'2','3',null,to_date('24/01/20','DD/MM/RR'),null);
Insert into T_GEND_DETALLE_INICIATIVA (ID_DETALLE_INICIATIVA,ID_INICIATIVA,ID_REMITENTE,ID_DESTINO,DESC_INICIATIVA,ID_ETAPA,ID_ESTADO,OBSERVACIONES,FECHA_DERIVACION,FECHA_RECEPCION) values ('273','153','132',null,null,'3','1',null,to_date('24/01/20','DD/MM/RR'),null);
Insert into T_GEND_DETALLE_INICIATIVA (ID_DETALLE_INICIATIVA,ID_INICIATIVA,ID_REMITENTE,ID_DESTINO,DESC_INICIATIVA,ID_ETAPA,ID_ESTADO,OBSERVACIONES,FECHA_DERIVACION,FECHA_RECEPCION) values ('274','153','81',null,null,'4','3',null,to_date('24/01/20','DD/MM/RR'),null);
Insert into T_GEND_DETALLE_INICIATIVA (ID_DETALLE_INICIATIVA,ID_INICIATIVA,ID_REMITENTE,ID_DESTINO,DESC_INICIATIVA,ID_ETAPA,ID_ESTADO,OBSERVACIONES,FECHA_DERIVACION,FECHA_RECEPCION) values ('275','162','22',null,null,'5','3',null,to_date('24/01/20','DD/MM/RR'),null);
Insert into T_GEND_DETALLE_INICIATIVA (ID_DETALLE_INICIATIVA,ID_INICIATIVA,ID_REMITENTE,ID_DESTINO,DESC_INICIATIVA,ID_ETAPA,ID_ESTADO,OBSERVACIONES,FECHA_DERIVACION,FECHA_RECEPCION) values ('280','165','132',null,null,'3','6',null,to_date('24/01/20','DD/MM/RR'),null);
Insert into T_GEND_DETALLE_INICIATIVA (ID_DETALLE_INICIATIVA,ID_INICIATIVA,ID_REMITENTE,ID_DESTINO,DESC_INICIATIVA,ID_ETAPA,ID_ESTADO,OBSERVACIONES,FECHA_DERIVACION,FECHA_RECEPCION) values ('281','165','132',null,null,'3','5',null,to_date('24/01/20','DD/MM/RR'),null);
Insert into T_GEND_DETALLE_INICIATIVA (ID_DETALLE_INICIATIVA,ID_INICIATIVA,ID_REMITENTE,ID_DESTINO,DESC_INICIATIVA,ID_ETAPA,ID_ESTADO,OBSERVACIONES,FECHA_DERIVACION,FECHA_RECEPCION) values ('229','158','132','81','REGISTRO INICIATIVA','1','1',null,to_date('23/01/20','DD/MM/RR'),null);
Insert into T_GEND_DETALLE_INICIATIVA (ID_DETALLE_INICIATIVA,ID_INICIATIVA,ID_REMITENTE,ID_DESTINO,DESC_INICIATIVA,ID_ETAPA,ID_ESTADO,OBSERVACIONES,FECHA_DERIVACION,FECHA_RECEPCION) values ('230','158','81',null,null,'1','2',null,to_date('23/01/20','DD/MM/RR'),null);
Insert into T_GEND_DETALLE_INICIATIVA (ID_DETALLE_INICIATIVA,ID_INICIATIVA,ID_REMITENTE,ID_DESTINO,DESC_INICIATIVA,ID_ETAPA,ID_ESTADO,OBSERVACIONES,FECHA_DERIVACION,FECHA_RECEPCION) values ('231','158','81',null,null,'2','3',null,to_date('23/01/20','DD/MM/RR'),null);
Insert into T_GEND_DETALLE_INICIATIVA (ID_DETALLE_INICIATIVA,ID_INICIATIVA,ID_REMITENTE,ID_DESTINO,DESC_INICIATIVA,ID_ETAPA,ID_ESTADO,OBSERVACIONES,FECHA_DERIVACION,FECHA_RECEPCION) values ('232','158','132',null,null,'3','1',null,to_date('23/01/20','DD/MM/RR'),null);
Insert into T_GEND_DETALLE_INICIATIVA (ID_DETALLE_INICIATIVA,ID_INICIATIVA,ID_REMITENTE,ID_DESTINO,DESC_INICIATIVA,ID_ETAPA,ID_ESTADO,OBSERVACIONES,FECHA_DERIVACION,FECHA_RECEPCION) values ('233','158','132',null,null,'3','1',null,to_date('23/01/20','DD/MM/RR'),null);
Insert into T_GEND_DETALLE_INICIATIVA (ID_DETALLE_INICIATIVA,ID_INICIATIVA,ID_REMITENTE,ID_DESTINO,DESC_INICIATIVA,ID_ETAPA,ID_ESTADO,OBSERVACIONES,FECHA_DERIVACION,FECHA_RECEPCION) values ('234','158','81',null,null,'3','2',null,to_date('23/01/20','DD/MM/RR'),null);
Insert into T_GEND_DETALLE_INICIATIVA (ID_DETALLE_INICIATIVA,ID_INICIATIVA,ID_REMITENTE,ID_DESTINO,DESC_INICIATIVA,ID_ETAPA,ID_ESTADO,OBSERVACIONES,FECHA_DERIVACION,FECHA_RECEPCION) values ('235','158','132',null,null,'3','5',null,to_date('23/01/20','DD/MM/RR'),null);
Insert into T_GEND_DETALLE_INICIATIVA (ID_DETALLE_INICIATIVA,ID_INICIATIVA,ID_REMITENTE,ID_DESTINO,DESC_INICIATIVA,ID_ETAPA,ID_ESTADO,OBSERVACIONES,FECHA_DERIVACION,FECHA_RECEPCION) values ('236','158','81',null,null,'4','3',null,to_date('23/01/20','DD/MM/RR'),null);
Insert into T_GEND_DETALLE_INICIATIVA (ID_DETALLE_INICIATIVA,ID_INICIATIVA,ID_REMITENTE,ID_DESTINO,DESC_INICIATIVA,ID_ETAPA,ID_ESTADO,OBSERVACIONES,FECHA_DERIVACION,FECHA_RECEPCION) values ('237','151','81',null,null,'3','2',null,to_date('23/01/20','DD/MM/RR'),null);
Insert into T_GEND_DETALLE_INICIATIVA (ID_DETALLE_INICIATIVA,ID_INICIATIVA,ID_REMITENTE,ID_DESTINO,DESC_INICIATIVA,ID_ETAPA,ID_ESTADO,OBSERVACIONES,FECHA_DERIVACION,FECHA_RECEPCION) values ('238','154','132',null,null,'3','1',null,to_date('23/01/20','DD/MM/RR'),null);
Insert into T_GEND_DETALLE_INICIATIVA (ID_DETALLE_INICIATIVA,ID_INICIATIVA,ID_REMITENTE,ID_DESTINO,DESC_INICIATIVA,ID_ETAPA,ID_ESTADO,OBSERVACIONES,FECHA_DERIVACION,FECHA_RECEPCION) values ('239','154','81',null,null,'3','2',null,to_date('23/01/20','DD/MM/RR'),null);
Insert into T_GEND_DETALLE_INICIATIVA (ID_DETALLE_INICIATIVA,ID_INICIATIVA,ID_REMITENTE,ID_DESTINO,DESC_INICIATIVA,ID_ETAPA,ID_ESTADO,OBSERVACIONES,FECHA_DERIVACION,FECHA_RECEPCION) values ('240','154','132',null,null,'3','5',null,to_date('23/01/20','DD/MM/RR'),null);
Insert into T_GEND_DETALLE_INICIATIVA (ID_DETALLE_INICIATIVA,ID_INICIATIVA,ID_REMITENTE,ID_DESTINO,DESC_INICIATIVA,ID_ETAPA,ID_ESTADO,OBSERVACIONES,FECHA_DERIVACION,FECHA_RECEPCION) values ('241','154','81',null,null,'4','3',null,to_date('23/01/20','DD/MM/RR'),null);
Insert into T_GEND_DETALLE_INICIATIVA (ID_DETALLE_INICIATIVA,ID_INICIATIVA,ID_REMITENTE,ID_DESTINO,DESC_INICIATIVA,ID_ETAPA,ID_ESTADO,OBSERVACIONES,FECHA_DERIVACION,FECHA_RECEPCION) values ('245','161','129','81','REGISTRO INICIATIVA','1','1',null,to_date('23/01/20','DD/MM/RR'),null);
Insert into T_GEND_DETALLE_INICIATIVA (ID_DETALLE_INICIATIVA,ID_INICIATIVA,ID_REMITENTE,ID_DESTINO,DESC_INICIATIVA,ID_ETAPA,ID_ESTADO,OBSERVACIONES,FECHA_DERIVACION,FECHA_RECEPCION) values ('246','161','81',null,null,'2','3',null,to_date('23/01/20','DD/MM/RR'),null);
Insert into T_GEND_DETALLE_INICIATIVA (ID_DETALLE_INICIATIVA,ID_INICIATIVA,ID_REMITENTE,ID_DESTINO,DESC_INICIATIVA,ID_ETAPA,ID_ESTADO,OBSERVACIONES,FECHA_DERIVACION,FECHA_RECEPCION) values ('247','161','129',null,null,'3','1',null,to_date('23/01/20','DD/MM/RR'),null);
Insert into T_GEND_DETALLE_INICIATIVA (ID_DETALLE_INICIATIVA,ID_INICIATIVA,ID_REMITENTE,ID_DESTINO,DESC_INICIATIVA,ID_ETAPA,ID_ESTADO,OBSERVACIONES,FECHA_DERIVACION,FECHA_RECEPCION) values ('248','161','81',null,null,'4','3',null,to_date('23/01/20','DD/MM/RR'),null);
Insert into T_GEND_DETALLE_INICIATIVA (ID_DETALLE_INICIATIVA,ID_INICIATIVA,ID_REMITENTE,ID_DESTINO,DESC_INICIATIVA,ID_ETAPA,ID_ESTADO,OBSERVACIONES,FECHA_DERIVACION,FECHA_RECEPCION) values ('264','164','22',null,null,'5','3',null,to_date('24/01/20','DD/MM/RR'),null);
Insert into T_GEND_DETALLE_INICIATIVA (ID_DETALLE_INICIATIVA,ID_INICIATIVA,ID_REMITENTE,ID_DESTINO,DESC_INICIATIVA,ID_ETAPA,ID_ESTADO,OBSERVACIONES,FECHA_DERIVACION,FECHA_RECEPCION) values ('282','169','0',null,'GUARDAR AVANCE','1','0',null,to_date('25/01/20','DD/MM/RR'),null);
Insert into T_GEND_DETALLE_INICIATIVA (ID_DETALLE_INICIATIVA,ID_INICIATIVA,ID_REMITENTE,ID_DESTINO,DESC_INICIATIVA,ID_ETAPA,ID_ESTADO,OBSERVACIONES,FECHA_DERIVACION,FECHA_RECEPCION) values ('207','151','81',null,null,'2','3',null,to_date('23/01/20','DD/MM/RR'),null);
Insert into T_GEND_DETALLE_INICIATIVA (ID_DETALLE_INICIATIVA,ID_INICIATIVA,ID_REMITENTE,ID_DESTINO,DESC_INICIATIVA,ID_ETAPA,ID_ESTADO,OBSERVACIONES,FECHA_DERIVACION,FECHA_RECEPCION) values ('227','157','1',null,null,'6','3',null,to_date('23/01/20','DD/MM/RR'),null);
Insert into T_GEND_DETALLE_INICIATIVA (ID_DETALLE_INICIATIVA,ID_INICIATIVA,ID_REMITENTE,ID_DESTINO,DESC_INICIATIVA,ID_ETAPA,ID_ESTADO,OBSERVACIONES,FECHA_DERIVACION,FECHA_RECEPCION) values ('203','151','129','81','REGISTRO INICIATIVA','1','1',null,to_date('23/01/20','DD/MM/RR'),null);
Insert into T_GEND_DETALLE_INICIATIVA (ID_DETALLE_INICIATIVA,ID_INICIATIVA,ID_REMITENTE,ID_DESTINO,DESC_INICIATIVA,ID_ETAPA,ID_ESTADO,OBSERVACIONES,FECHA_DERIVACION,FECHA_RECEPCION) values ('204','151','81',null,null,'1','2',null,to_date('23/01/20','DD/MM/RR'),null);
Insert into T_GEND_DETALLE_INICIATIVA (ID_DETALLE_INICIATIVA,ID_INICIATIVA,ID_REMITENTE,ID_DESTINO,DESC_INICIATIVA,ID_ETAPA,ID_ESTADO,OBSERVACIONES,FECHA_DERIVACION,FECHA_RECEPCION) values ('205','147','81',null,null,'2','3',null,to_date('23/01/20','DD/MM/RR'),null);
Insert into T_GEND_DETALLE_INICIATIVA (ID_DETALLE_INICIATIVA,ID_INICIATIVA,ID_REMITENTE,ID_DESTINO,DESC_INICIATIVA,ID_ETAPA,ID_ESTADO,OBSERVACIONES,FECHA_DERIVACION,FECHA_RECEPCION) values ('206','146','81',null,null,'2','3',null,to_date('23/01/20','DD/MM/RR'),null);
Insert into T_GEND_DETALLE_INICIATIVA (ID_DETALLE_INICIATIVA,ID_INICIATIVA,ID_REMITENTE,ID_DESTINO,DESC_INICIATIVA,ID_ETAPA,ID_ESTADO,OBSERVACIONES,FECHA_DERIVACION,FECHA_RECEPCION) values ('208','151','129',null,null,'3','1',null,to_date('23/01/20','DD/MM/RR'),null);
Insert into T_GEND_DETALLE_INICIATIVA (ID_DETALLE_INICIATIVA,ID_INICIATIVA,ID_REMITENTE,ID_DESTINO,DESC_INICIATIVA,ID_ETAPA,ID_ESTADO,OBSERVACIONES,FECHA_DERIVACION,FECHA_RECEPCION) values ('214','152','1',null,null,'6','3',null,to_date('23/01/20','DD/MM/RR'),null);
Insert into T_GEND_DETALLE_INICIATIVA (ID_DETALLE_INICIATIVA,ID_INICIATIVA,ID_REMITENTE,ID_DESTINO,DESC_INICIATIVA,ID_ETAPA,ID_ESTADO,OBSERVACIONES,FECHA_DERIVACION,FECHA_RECEPCION) values ('243','160','132','81','REGISTRO INICIATIVA','1','1',null,to_date('23/01/20','DD/MM/RR'),null);
Insert into T_GEND_DETALLE_INICIATIVA (ID_DETALLE_INICIATIVA,ID_INICIATIVA,ID_REMITENTE,ID_DESTINO,DESC_INICIATIVA,ID_ETAPA,ID_ESTADO,OBSERVACIONES,FECHA_DERIVACION,FECHA_RECEPCION) values ('244','160','81',null,null,'2','3',null,to_date('23/01/20','DD/MM/RR'),null);
Insert into T_GEND_DETALLE_INICIATIVA (ID_DETALLE_INICIATIVA,ID_INICIATIVA,ID_REMITENTE,ID_DESTINO,DESC_INICIATIVA,ID_ETAPA,ID_ESTADO,OBSERVACIONES,FECHA_DERIVACION,FECHA_RECEPCION) values ('262','164','144',null,null,'3','1',null,to_date('24/01/20','DD/MM/RR'),null);
Insert into T_GEND_DETALLE_INICIATIVA (ID_DETALLE_INICIATIVA,ID_INICIATIVA,ID_REMITENTE,ID_DESTINO,DESC_INICIATIVA,ID_ETAPA,ID_ESTADO,OBSERVACIONES,FECHA_DERIVACION,FECHA_RECEPCION) values ('263','164','81',null,null,'4','3',null,to_date('24/01/20','DD/MM/RR'),null);
Insert into T_GEND_DETALLE_INICIATIVA (ID_DETALLE_INICIATIVA,ID_INICIATIVA,ID_REMITENTE,ID_DESTINO,DESC_INICIATIVA,ID_ETAPA,ID_ESTADO,OBSERVACIONES,FECHA_DERIVACION,FECHA_RECEPCION) values ('265','165','132','81','REGISTRO INICIATIVA','1','1',null,to_date('24/01/20','DD/MM/RR'),null);
Insert into T_GEND_DETALLE_INICIATIVA (ID_DETALLE_INICIATIVA,ID_INICIATIVA,ID_REMITENTE,ID_DESTINO,DESC_INICIATIVA,ID_ETAPA,ID_ESTADO,OBSERVACIONES,FECHA_DERIVACION,FECHA_RECEPCION) values ('267','164','1',null,null,'6','3',null,to_date('24/01/20','DD/MM/RR'),null);
Insert into T_GEND_DETALLE_INICIATIVA (ID_DETALLE_INICIATIVA,ID_INICIATIVA,ID_REMITENTE,ID_DESTINO,DESC_INICIATIVA,ID_ETAPA,ID_ESTADO,OBSERVACIONES,FECHA_DERIVACION,FECHA_RECEPCION) values ('268','164','1',null,null,'6','3',null,to_date('24/01/20','DD/MM/RR'),null);
Insert into T_GEND_DETALLE_INICIATIVA (ID_DETALLE_INICIATIVA,ID_INICIATIVA,ID_REMITENTE,ID_DESTINO,DESC_INICIATIVA,ID_ETAPA,ID_ESTADO,OBSERVACIONES,FECHA_DERIVACION,FECHA_RECEPCION) values ('269','164','1',null,null,'6','3',null,to_date('24/01/20','DD/MM/RR'),null);
Insert into T_GEND_DETALLE_INICIATIVA (ID_DETALLE_INICIATIVA,ID_INICIATIVA,ID_REMITENTE,ID_DESTINO,DESC_INICIATIVA,ID_ETAPA,ID_ESTADO,OBSERVACIONES,FECHA_DERIVACION,FECHA_RECEPCION) values ('270','164','45',null,null,'7','3',null,to_date('24/01/20','DD/MM/RR'),null);
Insert into T_GEND_DETALLE_INICIATIVA (ID_DETALLE_INICIATIVA,ID_INICIATIVA,ID_REMITENTE,ID_DESTINO,DESC_INICIATIVA,ID_ETAPA,ID_ESTADO,OBSERVACIONES,FECHA_DERIVACION,FECHA_RECEPCION) values ('277','162','1',null,null,'6','3',null,to_date('24/01/20','DD/MM/RR'),null);
Insert into T_GEND_DETALLE_INICIATIVA (ID_DETALLE_INICIATIVA,ID_INICIATIVA,ID_REMITENTE,ID_DESTINO,DESC_INICIATIVA,ID_ETAPA,ID_ESTADO,OBSERVACIONES,FECHA_DERIVACION,FECHA_RECEPCION) values ('279','168','81',null,null,'1','2',null,to_date('24/01/20','DD/MM/RR'),null);
Insert into T_GEND_DETALLE_INICIATIVA (ID_DETALLE_INICIATIVA,ID_INICIATIVA,ID_REMITENTE,ID_DESTINO,DESC_INICIATIVA,ID_ETAPA,ID_ESTADO,OBSERVACIONES,FECHA_DERIVACION,FECHA_RECEPCION) values ('283','170','132',null,'GUARDAR AVANCE','1','0',null,to_date('25/01/20','DD/MM/RR'),null);
Insert into T_GEND_DETALLE_INICIATIVA (ID_DETALLE_INICIATIVA,ID_INICIATIVA,ID_REMITENTE,ID_DESTINO,DESC_INICIATIVA,ID_ETAPA,ID_ESTADO,OBSERVACIONES,FECHA_DERIVACION,FECHA_RECEPCION) values ('290','172','146','81','REGISTRO INICIATIVA','1','1',null,to_date('25/01/20','DD/MM/RR'),null);
Insert into T_GEND_DETALLE_INICIATIVA (ID_DETALLE_INICIATIVA,ID_INICIATIVA,ID_REMITENTE,ID_DESTINO,DESC_INICIATIVA,ID_ETAPA,ID_ESTADO,OBSERVACIONES,FECHA_DERIVACION,FECHA_RECEPCION) values ('291','172','81',null,null,'2','3',null,to_date('25/01/20','DD/MM/RR'),null);
Insert into T_GEND_DETALLE_INICIATIVA (ID_DETALLE_INICIATIVA,ID_INICIATIVA,ID_REMITENTE,ID_DESTINO,DESC_INICIATIVA,ID_ETAPA,ID_ESTADO,OBSERVACIONES,FECHA_DERIVACION,FECHA_RECEPCION) values ('292','172','146',null,null,'3','1',null,to_date('25/01/20','DD/MM/RR'),null);
Insert into T_GEND_DETALLE_INICIATIVA (ID_DETALLE_INICIATIVA,ID_INICIATIVA,ID_REMITENTE,ID_DESTINO,DESC_INICIATIVA,ID_ETAPA,ID_ESTADO,OBSERVACIONES,FECHA_DERIVACION,FECHA_RECEPCION) values ('293','172','81',null,null,'4','3',null,to_date('25/01/20','DD/MM/RR'),null);
Insert into T_GEND_DETALLE_INICIATIVA (ID_DETALLE_INICIATIVA,ID_INICIATIVA,ID_REMITENTE,ID_DESTINO,DESC_INICIATIVA,ID_ETAPA,ID_ESTADO,OBSERVACIONES,FECHA_DERIVACION,FECHA_RECEPCION) values ('294','172','22',null,null,'5','3',null,to_date('25/01/20','DD/MM/RR'),null);
Insert into T_GEND_DETALLE_INICIATIVA (ID_DETALLE_INICIATIVA,ID_INICIATIVA,ID_REMITENTE,ID_DESTINO,DESC_INICIATIVA,ID_ETAPA,ID_ESTADO,OBSERVACIONES,FECHA_DERIVACION,FECHA_RECEPCION) values ('164','144','132',null,'GUARDAR AVANCE','1','0',null,to_date('22/01/20','DD/MM/RR'),null);
Insert into T_GEND_DETALLE_INICIATIVA (ID_DETALLE_INICIATIVA,ID_INICIATIVA,ID_REMITENTE,ID_DESTINO,DESC_INICIATIVA,ID_ETAPA,ID_ESTADO,OBSERVACIONES,FECHA_DERIVACION,FECHA_RECEPCION) values ('165','145','129',null,'GUARDAR AVANCE','1','0',null,to_date('22/01/20','DD/MM/RR'),null);
Insert into T_GEND_DETALLE_INICIATIVA (ID_DETALLE_INICIATIVA,ID_INICIATIVA,ID_REMITENTE,ID_DESTINO,DESC_INICIATIVA,ID_ETAPA,ID_ESTADO,OBSERVACIONES,FECHA_DERIVACION,FECHA_RECEPCION) values ('295','172','1',null,null,'6','3',null,to_date('25/01/20','DD/MM/RR'),null);
Insert into T_GEND_DETALLE_INICIATIVA (ID_DETALLE_INICIATIVA,ID_INICIATIVA,ID_REMITENTE,ID_DESTINO,DESC_INICIATIVA,ID_ETAPA,ID_ESTADO,OBSERVACIONES,FECHA_DERIVACION,FECHA_RECEPCION) values ('296','172','45',null,null,'7','3',null,to_date('25/01/20','DD/MM/RR'),null);
Insert into T_GEND_DETALLE_INICIATIVA (ID_DETALLE_INICIATIVA,ID_INICIATIVA,ID_REMITENTE,ID_DESTINO,DESC_INICIATIVA,ID_ETAPA,ID_ESTADO,OBSERVACIONES,FECHA_DERIVACION,FECHA_RECEPCION) values ('313','160','0',null,null,'3','1',null,to_date('28/01/20','DD/MM/RR'),null);
Insert into T_GEND_DETALLE_INICIATIVA (ID_DETALLE_INICIATIVA,ID_INICIATIVA,ID_REMITENTE,ID_DESTINO,DESC_INICIATIVA,ID_ETAPA,ID_ESTADO,OBSERVACIONES,FECHA_DERIVACION,FECHA_RECEPCION) values ('314','160','0',null,null,'3','1',null,to_date('28/01/20','DD/MM/RR'),null);
Insert into T_GEND_DETALLE_INICIATIVA (ID_DETALLE_INICIATIVA,ID_INICIATIVA,ID_REMITENTE,ID_DESTINO,DESC_INICIATIVA,ID_ETAPA,ID_ESTADO,OBSERVACIONES,FECHA_DERIVACION,FECHA_RECEPCION) values ('315','160','132',null,null,'3','1',null,to_date('28/01/20','DD/MM/RR'),null);
REM INSERTING into T_GEND_ENFOQUE_FACTOR
SET DEFINE OFF;
Insert into T_GEND_ENFOQUE_FACTOR (ID_ENFOQUE_FACTOR,ID_ENFOQUE,ID_FACTOR,FLAG_ESTADO,ORDEN) values ('1','1','1','1',null);
Insert into T_GEND_ENFOQUE_FACTOR (ID_ENFOQUE_FACTOR,ID_ENFOQUE,ID_FACTOR,FLAG_ESTADO,ORDEN) values ('2','2','2','1',null);
Insert into T_GEND_ENFOQUE_FACTOR (ID_ENFOQUE_FACTOR,ID_ENFOQUE,ID_FACTOR,FLAG_ESTADO,ORDEN) values ('3','2','3','1',null);
REM INSERTING into T_GEND_ENFOQUE_VARIABLE
SET DEFINE OFF;
Insert into T_GEND_ENFOQUE_VARIABLE (ID_ENFOQUE_VARIABLE,ID_ENFOQUE,ID_VARIABLE,FLAG_ESTADO,ORDEN) values ('1','1','1','1','3');
Insert into T_GEND_ENFOQUE_VARIABLE (ID_ENFOQUE_VARIABLE,ID_ENFOQUE,ID_VARIABLE,FLAG_ESTADO,ORDEN) values ('2','1','2','1','4');
Insert into T_GEND_ENFOQUE_VARIABLE (ID_ENFOQUE_VARIABLE,ID_ENFOQUE,ID_VARIABLE,FLAG_ESTADO,ORDEN) values ('3','2','3','1','3');
REM INSERTING into T_GEND_ENFOQUE_VARIANTE
SET DEFINE OFF;
Insert into T_GEND_ENFOQUE_VARIANTE (ID_ENFOQUE_VARIANTE,ID_ENFOQUE,ID_VARIANTE,FLAG_ESTADO,ORDEN) values ('1','1','1','1','1');
Insert into T_GEND_ENFOQUE_VARIANTE (ID_ENFOQUE_VARIANTE,ID_ENFOQUE,ID_VARIANTE,FLAG_ESTADO,ORDEN) values ('2','1','2','1','2');
Insert into T_GEND_ENFOQUE_VARIANTE (ID_ENFOQUE_VARIANTE,ID_ENFOQUE,ID_VARIANTE,FLAG_ESTADO,ORDEN) values ('3','1','3','1','5');
Insert into T_GEND_ENFOQUE_VARIANTE (ID_ENFOQUE_VARIANTE,ID_ENFOQUE,ID_VARIANTE,FLAG_ESTADO,ORDEN) values ('4','2','1','1','1');
Insert into T_GEND_ENFOQUE_VARIANTE (ID_ENFOQUE_VARIANTE,ID_ENFOQUE,ID_VARIANTE,FLAG_ESTADO,ORDEN) values ('5','2','2','1','2');
Insert into T_GEND_ENFOQUE_VARIANTE (ID_ENFOQUE_VARIANTE,ID_ENFOQUE,ID_VARIANTE,FLAG_ESTADO,ORDEN) values ('6','2','3','1','5');
REM INSERTING into T_GEND_FACTOR_VALOR
SET DEFINE OFF;
REM INSERTING into T_GEND_INDICADOR
SET DEFINE OFF;
Insert into T_GEND_INDICADOR (ID_INDICADOR,ID_INICIATIVA,ID_MEDMIT,ANNO_BASE,ID_TIPO_VEHICULO_BASE,ID_TIPO_COMBUSTIBLE_BASE,KRV_BASE,CANT_BASE,TOTAL_GEI_BASE,ANNO_INIMIT,ID_TIPO_VEHICULO_INIMIT,ID_TIPO_FUENTE_INIMIT,KRV_INIMIT,CANT_INIMIT,TOTAL_GEI_INIMIT,TOTAL_GEI_REDUCIDO,ID_ADJUNTO,FLG_ESTADO,FECHA_REGISTRO,ID_ETAPA,F_RENDIMIENTO,ADJUNTO) values ('107','142',null,'2018','3','4','60000','20','1153,9322','2018','3','1','60000','20','316,5471','837,3852',null,'1',null,null,'1,1765',null);
Insert into T_GEND_INDICADOR (ID_INDICADOR,ID_INICIATIVA,ID_MEDMIT,ANNO_BASE,ID_TIPO_VEHICULO_BASE,ID_TIPO_COMBUSTIBLE_BASE,KRV_BASE,CANT_BASE,TOTAL_GEI_BASE,ANNO_INIMIT,ID_TIPO_VEHICULO_INIMIT,ID_TIPO_FUENTE_INIMIT,KRV_INIMIT,CANT_INIMIT,TOTAL_GEI_INIMIT,TOTAL_GEI_REDUCIDO,ID_ADJUNTO,FLG_ESTADO,FECHA_REGISTRO,ID_ETAPA,F_RENDIMIENTO,ADJUNTO) values ('108','142',null,'2018','5','3','20000','1000','1932,292','2018','5','1','20000','1000','12,1749','1920,1171',null,'1',null,null,'0,0543',null);
Insert into T_GEND_INDICADOR (ID_INDICADOR,ID_INICIATIVA,ID_MEDMIT,ANNO_BASE,ID_TIPO_VEHICULO_BASE,ID_TIPO_COMBUSTIBLE_BASE,KRV_BASE,CANT_BASE,TOTAL_GEI_BASE,ANNO_INIMIT,ID_TIPO_VEHICULO_INIMIT,ID_TIPO_FUENTE_INIMIT,KRV_INIMIT,CANT_INIMIT,TOTAL_GEI_INIMIT,TOTAL_GEI_REDUCIDO,ID_ADJUNTO,FLG_ESTADO,FECHA_REGISTRO,ID_ETAPA,F_RENDIMIENTO,ADJUNTO) values ('109','142',null,'2018','6','3','12500','1000','805,1213','2018','6','1','12500','1000','1,8988','803,2224',null,'1',null,null,'0,0271',null);
Insert into T_GEND_INDICADOR (ID_INDICADOR,ID_INICIATIVA,ID_MEDMIT,ANNO_BASE,ID_TIPO_VEHICULO_BASE,ID_TIPO_COMBUSTIBLE_BASE,KRV_BASE,CANT_BASE,TOTAL_GEI_BASE,ANNO_INIMIT,ID_TIPO_VEHICULO_INIMIT,ID_TIPO_FUENTE_INIMIT,KRV_INIMIT,CANT_INIMIT,TOTAL_GEI_INIMIT,TOTAL_GEI_REDUCIDO,ID_ADJUNTO,FLG_ESTADO,FECHA_REGISTRO,ID_ETAPA,F_RENDIMIENTO,ADJUNTO) values ('110','143',null,'2018','1','3','57600','100','1030,6604','2018','1','1','57600','100','31,5573','999,1031',null,'1',null,null,'0,1629',null);
Insert into T_GEND_INDICADOR (ID_INDICADOR,ID_INICIATIVA,ID_MEDMIT,ANNO_BASE,ID_TIPO_VEHICULO_BASE,ID_TIPO_COMBUSTIBLE_BASE,KRV_BASE,CANT_BASE,TOTAL_GEI_BASE,ANNO_INIMIT,ID_TIPO_VEHICULO_INIMIT,ID_TIPO_FUENTE_INIMIT,KRV_INIMIT,CANT_INIMIT,TOTAL_GEI_INIMIT,TOTAL_GEI_REDUCIDO,ID_ADJUNTO,FLG_ESTADO,FECHA_REGISTRO,ID_ETAPA,F_RENDIMIENTO,ADJUNTO) values ('111','143',null,'2018','3','4','60000','20','1153,9322','2018','3','1','60000','20','316,5471','837,3852',null,'1',null,null,'1,1765',null);
Insert into T_GEND_INDICADOR (ID_INDICADOR,ID_INICIATIVA,ID_MEDMIT,ANNO_BASE,ID_TIPO_VEHICULO_BASE,ID_TIPO_COMBUSTIBLE_BASE,KRV_BASE,CANT_BASE,TOTAL_GEI_BASE,ANNO_INIMIT,ID_TIPO_VEHICULO_INIMIT,ID_TIPO_FUENTE_INIMIT,KRV_INIMIT,CANT_INIMIT,TOTAL_GEI_INIMIT,TOTAL_GEI_REDUCIDO,ID_ADJUNTO,FLG_ESTADO,FECHA_REGISTRO,ID_ETAPA,F_RENDIMIENTO,ADJUNTO) values ('112','143',null,'2018','5','3','20000','1000','1932,292','2018','5','1','20000','1000','12,1749','1920,1171',null,'1',null,null,'0,0543',null);
Insert into T_GEND_INDICADOR (ID_INDICADOR,ID_INICIATIVA,ID_MEDMIT,ANNO_BASE,ID_TIPO_VEHICULO_BASE,ID_TIPO_COMBUSTIBLE_BASE,KRV_BASE,CANT_BASE,TOTAL_GEI_BASE,ANNO_INIMIT,ID_TIPO_VEHICULO_INIMIT,ID_TIPO_FUENTE_INIMIT,KRV_INIMIT,CANT_INIMIT,TOTAL_GEI_INIMIT,TOTAL_GEI_REDUCIDO,ID_ADJUNTO,FLG_ESTADO,FECHA_REGISTRO,ID_ETAPA,F_RENDIMIENTO,ADJUNTO) values ('113','143',null,'2018','6','3','12500','1000','805,1213','2018','6','1','12500','1000','1,8988','803,2224',null,'1',null,null,'0,0271',null);
Insert into T_GEND_INDICADOR (ID_INDICADOR,ID_INICIATIVA,ID_MEDMIT,ANNO_BASE,ID_TIPO_VEHICULO_BASE,ID_TIPO_COMBUSTIBLE_BASE,KRV_BASE,CANT_BASE,TOTAL_GEI_BASE,ANNO_INIMIT,ID_TIPO_VEHICULO_INIMIT,ID_TIPO_FUENTE_INIMIT,KRV_INIMIT,CANT_INIMIT,TOTAL_GEI_INIMIT,TOTAL_GEI_REDUCIDO,ID_ADJUNTO,FLG_ESTADO,FECHA_REGISTRO,ID_ETAPA,F_RENDIMIENTO,ADJUNTO) values ('119','151',null,'2018','1','3','57600','100','1030,6604','2018','1','1','57600','100','31,5573','999,1031',null,'1',null,null,'0,1629',null);
Insert into T_GEND_INDICADOR (ID_INDICADOR,ID_INICIATIVA,ID_MEDMIT,ANNO_BASE,ID_TIPO_VEHICULO_BASE,ID_TIPO_COMBUSTIBLE_BASE,KRV_BASE,CANT_BASE,TOTAL_GEI_BASE,ANNO_INIMIT,ID_TIPO_VEHICULO_INIMIT,ID_TIPO_FUENTE_INIMIT,KRV_INIMIT,CANT_INIMIT,TOTAL_GEI_INIMIT,TOTAL_GEI_REDUCIDO,ID_ADJUNTO,FLG_ESTADO,FECHA_REGISTRO,ID_ETAPA,F_RENDIMIENTO,ADJUNTO) values ('120','151',null,'2018','3','4','60000','20','1153,9322','2018','3','1','60000','20','316,5471','837,3852',null,'1',null,null,'1,1765',null);
Insert into T_GEND_INDICADOR (ID_INDICADOR,ID_INICIATIVA,ID_MEDMIT,ANNO_BASE,ID_TIPO_VEHICULO_BASE,ID_TIPO_COMBUSTIBLE_BASE,KRV_BASE,CANT_BASE,TOTAL_GEI_BASE,ANNO_INIMIT,ID_TIPO_VEHICULO_INIMIT,ID_TIPO_FUENTE_INIMIT,KRV_INIMIT,CANT_INIMIT,TOTAL_GEI_INIMIT,TOTAL_GEI_REDUCIDO,ID_ADJUNTO,FLG_ESTADO,FECHA_REGISTRO,ID_ETAPA,F_RENDIMIENTO,ADJUNTO) values ('121','151',null,'2018','5','3','20000','1000','1932,292','2018','5','1','20000','1000','12,1749','1920,1171',null,'1',null,null,'0,0543',null);
Insert into T_GEND_INDICADOR (ID_INDICADOR,ID_INICIATIVA,ID_MEDMIT,ANNO_BASE,ID_TIPO_VEHICULO_BASE,ID_TIPO_COMBUSTIBLE_BASE,KRV_BASE,CANT_BASE,TOTAL_GEI_BASE,ANNO_INIMIT,ID_TIPO_VEHICULO_INIMIT,ID_TIPO_FUENTE_INIMIT,KRV_INIMIT,CANT_INIMIT,TOTAL_GEI_INIMIT,TOTAL_GEI_REDUCIDO,ID_ADJUNTO,FLG_ESTADO,FECHA_REGISTRO,ID_ETAPA,F_RENDIMIENTO,ADJUNTO) values ('122','151',null,'2018','6','3','12500','1000','805,1213','2018','6','1','12500','1000','1,8988','803,2224',null,'1',null,null,'0,0271',null);
Insert into T_GEND_INDICADOR (ID_INDICADOR,ID_INICIATIVA,ID_MEDMIT,ANNO_BASE,ID_TIPO_VEHICULO_BASE,ID_TIPO_COMBUSTIBLE_BASE,KRV_BASE,CANT_BASE,TOTAL_GEI_BASE,ANNO_INIMIT,ID_TIPO_VEHICULO_INIMIT,ID_TIPO_FUENTE_INIMIT,KRV_INIMIT,CANT_INIMIT,TOTAL_GEI_INIMIT,TOTAL_GEI_REDUCIDO,ID_ADJUNTO,FLG_ESTADO,FECHA_REGISTRO,ID_ETAPA,F_RENDIMIENTO,ADJUNTO) values ('124','157',null,'2018','3','1','3','3','0,0118','2018','3','1','3','3','0,0024','0,0095',null,'1',null,null,'1,1765',null);
Insert into T_GEND_INDICADOR (ID_INDICADOR,ID_INICIATIVA,ID_MEDMIT,ANNO_BASE,ID_TIPO_VEHICULO_BASE,ID_TIPO_COMBUSTIBLE_BASE,KRV_BASE,CANT_BASE,TOTAL_GEI_BASE,ANNO_INIMIT,ID_TIPO_VEHICULO_INIMIT,ID_TIPO_FUENTE_INIMIT,KRV_INIMIT,CANT_INIMIT,TOTAL_GEI_INIMIT,TOTAL_GEI_REDUCIDO,ID_ADJUNTO,FLG_ESTADO,FECHA_REGISTRO,ID_ETAPA,F_RENDIMIENTO,ADJUNTO) values ('131','164',null,'2018','1','3','57600','100','1030,6604','2018','1','1','57600','100','31,5573','999,1031',null,'1',null,null,'0,1629',null);
Insert into T_GEND_INDICADOR (ID_INDICADOR,ID_INICIATIVA,ID_MEDMIT,ANNO_BASE,ID_TIPO_VEHICULO_BASE,ID_TIPO_COMBUSTIBLE_BASE,KRV_BASE,CANT_BASE,TOTAL_GEI_BASE,ANNO_INIMIT,ID_TIPO_VEHICULO_INIMIT,ID_TIPO_FUENTE_INIMIT,KRV_INIMIT,CANT_INIMIT,TOTAL_GEI_INIMIT,TOTAL_GEI_REDUCIDO,ID_ADJUNTO,FLG_ESTADO,FECHA_REGISTRO,ID_ETAPA,F_RENDIMIENTO,ADJUNTO) values ('132','164',null,'2018','3','4','60000','20','1153,9322','2018','3','1','60000','20','316,5471','837,3852',null,'1',null,null,'1,1765',null);
Insert into T_GEND_INDICADOR (ID_INDICADOR,ID_INICIATIVA,ID_MEDMIT,ANNO_BASE,ID_TIPO_VEHICULO_BASE,ID_TIPO_COMBUSTIBLE_BASE,KRV_BASE,CANT_BASE,TOTAL_GEI_BASE,ANNO_INIMIT,ID_TIPO_VEHICULO_INIMIT,ID_TIPO_FUENTE_INIMIT,KRV_INIMIT,CANT_INIMIT,TOTAL_GEI_INIMIT,TOTAL_GEI_REDUCIDO,ID_ADJUNTO,FLG_ESTADO,FECHA_REGISTRO,ID_ETAPA,F_RENDIMIENTO,ADJUNTO) values ('133','164',null,'2018','5','3','20000','1000','1932,292','2018','5','1','20000','1000','12,1749','1920,1171',null,'1',null,null,'0,0543',null);
Insert into T_GEND_INDICADOR (ID_INDICADOR,ID_INICIATIVA,ID_MEDMIT,ANNO_BASE,ID_TIPO_VEHICULO_BASE,ID_TIPO_COMBUSTIBLE_BASE,KRV_BASE,CANT_BASE,TOTAL_GEI_BASE,ANNO_INIMIT,ID_TIPO_VEHICULO_INIMIT,ID_TIPO_FUENTE_INIMIT,KRV_INIMIT,CANT_INIMIT,TOTAL_GEI_INIMIT,TOTAL_GEI_REDUCIDO,ID_ADJUNTO,FLG_ESTADO,FECHA_REGISTRO,ID_ETAPA,F_RENDIMIENTO,ADJUNTO) values ('106','142',null,'2018','1','3','57600','100','1030,6604','2018','1','1','57600','100','31,5573','999,1031',null,'1',null,null,'0,1629',null);
Insert into T_GEND_INDICADOR (ID_INDICADOR,ID_INICIATIVA,ID_MEDMIT,ANNO_BASE,ID_TIPO_VEHICULO_BASE,ID_TIPO_COMBUSTIBLE_BASE,KRV_BASE,CANT_BASE,TOTAL_GEI_BASE,ANNO_INIMIT,ID_TIPO_VEHICULO_INIMIT,ID_TIPO_FUENTE_INIMIT,KRV_INIMIT,CANT_INIMIT,TOTAL_GEI_INIMIT,TOTAL_GEI_REDUCIDO,ID_ADJUNTO,FLG_ESTADO,FECHA_REGISTRO,ID_ETAPA,F_RENDIMIENTO,ADJUNTO) values ('129','162',null,'2018','1','1','3','3','0,0017','2018','1','1','3','3','0','0,0016',null,'1',null,null,'0,1629',null);
Insert into T_GEND_INDICADOR (ID_INDICADOR,ID_INICIATIVA,ID_MEDMIT,ANNO_BASE,ID_TIPO_VEHICULO_BASE,ID_TIPO_COMBUSTIBLE_BASE,KRV_BASE,CANT_BASE,TOTAL_GEI_BASE,ANNO_INIMIT,ID_TIPO_VEHICULO_INIMIT,ID_TIPO_FUENTE_INIMIT,KRV_INIMIT,CANT_INIMIT,TOTAL_GEI_INIMIT,TOTAL_GEI_REDUCIDO,ID_ADJUNTO,FLG_ESTADO,FECHA_REGISTRO,ID_ETAPA,F_RENDIMIENTO,ADJUNTO) values ('130','163',null,'2018','1','3','57600','100','1030,6604','2018','1','1','57600','100','31,5573','999,1031',null,'1',null,null,'0,1629',null);
Insert into T_GEND_INDICADOR (ID_INDICADOR,ID_INICIATIVA,ID_MEDMIT,ANNO_BASE,ID_TIPO_VEHICULO_BASE,ID_TIPO_COMBUSTIBLE_BASE,KRV_BASE,CANT_BASE,TOTAL_GEI_BASE,ANNO_INIMIT,ID_TIPO_VEHICULO_INIMIT,ID_TIPO_FUENTE_INIMIT,KRV_INIMIT,CANT_INIMIT,TOTAL_GEI_INIMIT,TOTAL_GEI_REDUCIDO,ID_ADJUNTO,FLG_ESTADO,FECHA_REGISTRO,ID_ETAPA,F_RENDIMIENTO,ADJUNTO) values ('137','170',null,'2018','1','3','57600','20','206,1321','2018','1','1','57600','20','6,3115','199,8206',null,'1',null,null,'0,1629',null);
Insert into T_GEND_INDICADOR (ID_INDICADOR,ID_INICIATIVA,ID_MEDMIT,ANNO_BASE,ID_TIPO_VEHICULO_BASE,ID_TIPO_COMBUSTIBLE_BASE,KRV_BASE,CANT_BASE,TOTAL_GEI_BASE,ANNO_INIMIT,ID_TIPO_VEHICULO_INIMIT,ID_TIPO_FUENTE_INIMIT,KRV_INIMIT,CANT_INIMIT,TOTAL_GEI_INIMIT,TOTAL_GEI_REDUCIDO,ID_ADJUNTO,FLG_ESTADO,FECHA_REGISTRO,ID_ETAPA,F_RENDIMIENTO,ADJUNTO) values ('114','145',null,'2018','1','1','3','4','0,0022','2018','1','1','3','4','0,0001','0,0022',null,'1',null,null,'0,1629',null);
Insert into T_GEND_INDICADOR (ID_INDICADOR,ID_INICIATIVA,ID_MEDMIT,ANNO_BASE,ID_TIPO_VEHICULO_BASE,ID_TIPO_COMBUSTIBLE_BASE,KRV_BASE,CANT_BASE,TOTAL_GEI_BASE,ANNO_INIMIT,ID_TIPO_VEHICULO_INIMIT,ID_TIPO_FUENTE_INIMIT,KRV_INIMIT,CANT_INIMIT,TOTAL_GEI_INIMIT,TOTAL_GEI_REDUCIDO,ID_ADJUNTO,FLG_ESTADO,FECHA_REGISTRO,ID_ETAPA,F_RENDIMIENTO,ADJUNTO) values ('117','150',null,'2018','1','3','57600','100','1030,6604','2018','1','1','57600','100','31,5573','999,1031',null,'1',null,null,'0,1629',null);
Insert into T_GEND_INDICADOR (ID_INDICADOR,ID_INICIATIVA,ID_MEDMIT,ANNO_BASE,ID_TIPO_VEHICULO_BASE,ID_TIPO_COMBUSTIBLE_BASE,KRV_BASE,CANT_BASE,TOTAL_GEI_BASE,ANNO_INIMIT,ID_TIPO_VEHICULO_INIMIT,ID_TIPO_FUENTE_INIMIT,KRV_INIMIT,CANT_INIMIT,TOTAL_GEI_INIMIT,TOTAL_GEI_REDUCIDO,ID_ADJUNTO,FLG_ESTADO,FECHA_REGISTRO,ID_ETAPA,F_RENDIMIENTO,ADJUNTO) values ('118','150',null,'2018','3','4','60000','80','4615,729','2018','3','1','60000','80','1266,1883','3349,5406',null,'1',null,null,'1,1765',null);
Insert into T_GEND_INDICADOR (ID_INDICADOR,ID_INICIATIVA,ID_MEDMIT,ANNO_BASE,ID_TIPO_VEHICULO_BASE,ID_TIPO_COMBUSTIBLE_BASE,KRV_BASE,CANT_BASE,TOTAL_GEI_BASE,ANNO_INIMIT,ID_TIPO_VEHICULO_INIMIT,ID_TIPO_FUENTE_INIMIT,KRV_INIMIT,CANT_INIMIT,TOTAL_GEI_INIMIT,TOTAL_GEI_REDUCIDO,ID_ADJUNTO,FLG_ESTADO,FECHA_REGISTRO,ID_ETAPA,F_RENDIMIENTO,ADJUNTO) values ('115','148',null,'2018','1','3','57600','100','1030,6604','2018','1','1','57600','100','31,5573','999,1031',null,'1',null,null,'0,1629',null);
Insert into T_GEND_INDICADOR (ID_INDICADOR,ID_INICIATIVA,ID_MEDMIT,ANNO_BASE,ID_TIPO_VEHICULO_BASE,ID_TIPO_COMBUSTIBLE_BASE,KRV_BASE,CANT_BASE,TOTAL_GEI_BASE,ANNO_INIMIT,ID_TIPO_VEHICULO_INIMIT,ID_TIPO_FUENTE_INIMIT,KRV_INIMIT,CANT_INIMIT,TOTAL_GEI_INIMIT,TOTAL_GEI_REDUCIDO,ID_ADJUNTO,FLG_ESTADO,FECHA_REGISTRO,ID_ETAPA,F_RENDIMIENTO,ADJUNTO) values ('116','148',null,'2018','3','4','60000','20','1153,9322','2018','3','1','60000','20','316,5471','837,3852',null,'1',null,null,'1,1765',null);
Insert into T_GEND_INDICADOR (ID_INDICADOR,ID_INICIATIVA,ID_MEDMIT,ANNO_BASE,ID_TIPO_VEHICULO_BASE,ID_TIPO_COMBUSTIBLE_BASE,KRV_BASE,CANT_BASE,TOTAL_GEI_BASE,ANNO_INIMIT,ID_TIPO_VEHICULO_INIMIT,ID_TIPO_FUENTE_INIMIT,KRV_INIMIT,CANT_INIMIT,TOTAL_GEI_INIMIT,TOTAL_GEI_REDUCIDO,ID_ADJUNTO,FLG_ESTADO,FECHA_REGISTRO,ID_ETAPA,F_RENDIMIENTO,ADJUNTO) values ('123','152',null,'2018','4','1','3','3','0,0171','2018','4','1','3','3','0,001','0,0161',null,'1',null,null,'0,76',null);
Insert into T_GEND_INDICADOR (ID_INDICADOR,ID_INICIATIVA,ID_MEDMIT,ANNO_BASE,ID_TIPO_VEHICULO_BASE,ID_TIPO_COMBUSTIBLE_BASE,KRV_BASE,CANT_BASE,TOTAL_GEI_BASE,ANNO_INIMIT,ID_TIPO_VEHICULO_INIMIT,ID_TIPO_FUENTE_INIMIT,KRV_INIMIT,CANT_INIMIT,TOTAL_GEI_INIMIT,TOTAL_GEI_REDUCIDO,ID_ADJUNTO,FLG_ESTADO,FECHA_REGISTRO,ID_ETAPA,F_RENDIMIENTO,ADJUNTO) values ('135','153',null,'2018','1','3','57600','100','1030,6604','2018','1','1','57600','100','31,5573','999,1031',null,'1',null,null,'0,1629',null);
Insert into T_GEND_INDICADOR (ID_INDICADOR,ID_INICIATIVA,ID_MEDMIT,ANNO_BASE,ID_TIPO_VEHICULO_BASE,ID_TIPO_COMBUSTIBLE_BASE,KRV_BASE,CANT_BASE,TOTAL_GEI_BASE,ANNO_INIMIT,ID_TIPO_VEHICULO_INIMIT,ID_TIPO_FUENTE_INIMIT,KRV_INIMIT,CANT_INIMIT,TOTAL_GEI_INIMIT,TOTAL_GEI_REDUCIDO,ID_ADJUNTO,FLG_ESTADO,FECHA_REGISTRO,ID_ETAPA,F_RENDIMIENTO,ADJUNTO) values ('127','161',null,'2018','1','3','57600','100','1030,6604','2018','1','1','57600','100','31,5573','999,1031',null,'1',null,null,'0,1629',null);
Insert into T_GEND_INDICADOR (ID_INDICADOR,ID_INICIATIVA,ID_MEDMIT,ANNO_BASE,ID_TIPO_VEHICULO_BASE,ID_TIPO_COMBUSTIBLE_BASE,KRV_BASE,CANT_BASE,TOTAL_GEI_BASE,ANNO_INIMIT,ID_TIPO_VEHICULO_INIMIT,ID_TIPO_FUENTE_INIMIT,KRV_INIMIT,CANT_INIMIT,TOTAL_GEI_INIMIT,TOTAL_GEI_REDUCIDO,ID_ADJUNTO,FLG_ESTADO,FECHA_REGISTRO,ID_ETAPA,F_RENDIMIENTO,ADJUNTO) values ('128','161',null,'2018','3','4','60000','20','1153,9322','2018','3','1','60000','20','316,5471','837,3852',null,'1',null,null,'1,1765',null);
Insert into T_GEND_INDICADOR (ID_INDICADOR,ID_INICIATIVA,ID_MEDMIT,ANNO_BASE,ID_TIPO_VEHICULO_BASE,ID_TIPO_COMBUSTIBLE_BASE,KRV_BASE,CANT_BASE,TOTAL_GEI_BASE,ANNO_INIMIT,ID_TIPO_VEHICULO_INIMIT,ID_TIPO_FUENTE_INIMIT,KRV_INIMIT,CANT_INIMIT,TOTAL_GEI_INIMIT,TOTAL_GEI_REDUCIDO,ID_ADJUNTO,FLG_ESTADO,FECHA_REGISTRO,ID_ETAPA,F_RENDIMIENTO,ADJUNTO) values ('125','158',null,'2018','1','3','57600','100','1030,6604','2018','1','1','57600','100','31,5573','999,1031',null,'1',null,null,'0,1629',null);
Insert into T_GEND_INDICADOR (ID_INDICADOR,ID_INICIATIVA,ID_MEDMIT,ANNO_BASE,ID_TIPO_VEHICULO_BASE,ID_TIPO_COMBUSTIBLE_BASE,KRV_BASE,CANT_BASE,TOTAL_GEI_BASE,ANNO_INIMIT,ID_TIPO_VEHICULO_INIMIT,ID_TIPO_FUENTE_INIMIT,KRV_INIMIT,CANT_INIMIT,TOTAL_GEI_INIMIT,TOTAL_GEI_REDUCIDO,ID_ADJUNTO,FLG_ESTADO,FECHA_REGISTRO,ID_ETAPA,F_RENDIMIENTO,ADJUNTO) values ('126','154',null,'2018','1','3','57600','100','1030,6604','2018','1','1','57600','100','31,5573','999,1031',null,'1',null,null,'0,1629',null);
Insert into T_GEND_INDICADOR (ID_INDICADOR,ID_INICIATIVA,ID_MEDMIT,ANNO_BASE,ID_TIPO_VEHICULO_BASE,ID_TIPO_COMBUSTIBLE_BASE,KRV_BASE,CANT_BASE,TOTAL_GEI_BASE,ANNO_INIMIT,ID_TIPO_VEHICULO_INIMIT,ID_TIPO_FUENTE_INIMIT,KRV_INIMIT,CANT_INIMIT,TOTAL_GEI_INIMIT,TOTAL_GEI_REDUCIDO,ID_ADJUNTO,FLG_ESTADO,FECHA_REGISTRO,ID_ETAPA,F_RENDIMIENTO,ADJUNTO) values ('138','172',null,'2018','1','3','57600','100','1030,6604','2018','1','1','57600','100','31,5573','999,1031',null,'1',null,null,'0,1629',null);
Insert into T_GEND_INDICADOR (ID_INDICADOR,ID_INICIATIVA,ID_MEDMIT,ANNO_BASE,ID_TIPO_VEHICULO_BASE,ID_TIPO_COMBUSTIBLE_BASE,KRV_BASE,CANT_BASE,TOTAL_GEI_BASE,ANNO_INIMIT,ID_TIPO_VEHICULO_INIMIT,ID_TIPO_FUENTE_INIMIT,KRV_INIMIT,CANT_INIMIT,TOTAL_GEI_INIMIT,TOTAL_GEI_REDUCIDO,ID_ADJUNTO,FLG_ESTADO,FECHA_REGISTRO,ID_ETAPA,F_RENDIMIENTO,ADJUNTO) values ('134','164',null,'2018','6','3','12500','1000','805,1213','2018','6','1','12500','1000','1,8988','803,2224',null,'1',null,null,'0,0271',null);
Insert into T_GEND_INDICADOR (ID_INDICADOR,ID_INICIATIVA,ID_MEDMIT,ANNO_BASE,ID_TIPO_VEHICULO_BASE,ID_TIPO_COMBUSTIBLE_BASE,KRV_BASE,CANT_BASE,TOTAL_GEI_BASE,ANNO_INIMIT,ID_TIPO_VEHICULO_INIMIT,ID_TIPO_FUENTE_INIMIT,KRV_INIMIT,CANT_INIMIT,TOTAL_GEI_INIMIT,TOTAL_GEI_REDUCIDO,ID_ADJUNTO,FLG_ESTADO,FECHA_REGISTRO,ID_ETAPA,F_RENDIMIENTO,ADJUNTO) values ('136','160',null,'2018','1','3','5','10','0,0089','2018','1','1','5','10','0,0003','0,0087',null,'1',null,null,'0,1629',null);
REM INSERTING into T_GEND_INDICADOR_ENFOQUE
SET DEFINE OFF;
Insert into T_GEND_INDICADOR_ENFOQUE (ID_INDICADOR_ENFOQUE,ID_INDICADOR,ID_ENFOQUE,FLAG_ESTADO) values ('1','1','1','1');
Insert into T_GEND_INDICADOR_ENFOQUE (ID_INDICADOR_ENFOQUE,ID_INDICADOR,ID_ENFOQUE,FLAG_ESTADO) values ('2','1','2','0');
REM INSERTING into T_GEND_INICIATIVA_ARCHIVO
SET DEFINE OFF;
REM INSERTING into T_GEND_INICIATIVA_COMP
SET DEFINE OFF;
REM INSERTING into T_GEND_INICIATIVA_ENERG
SET DEFINE OFF;
Insert into T_GEND_INICIATIVA_ENERG (ID_INICIATIVA_ENERG,ID_INICIATIVA,ID_ENERG,FLAG_ESTADO) values ('181','182','1','1');
Insert into T_GEND_INICIATIVA_ENERG (ID_INICIATIVA_ENERG,ID_INICIATIVA,ID_ENERG,FLAG_ESTADO) values ('155','153','1','1');
Insert into T_GEND_INICIATIVA_ENERG (ID_INICIATIVA_ENERG,ID_INICIATIVA,ID_ENERG,FLAG_ESTADO) values ('156','154','1','1');
Insert into T_GEND_INICIATIVA_ENERG (ID_INICIATIVA_ENERG,ID_INICIATIVA,ID_ENERG,FLAG_ESTADO) values ('159','157','1','1');
Insert into T_GEND_INICIATIVA_ENERG (ID_INICIATIVA_ENERG,ID_INICIATIVA,ID_ENERG,FLAG_ESTADO) values ('143','142','1','1');
Insert into T_GEND_INICIATIVA_ENERG (ID_INICIATIVA_ENERG,ID_INICIATIVA,ID_ENERG,FLAG_ESTADO) values ('144','143','1','1');
Insert into T_GEND_INICIATIVA_ENERG (ID_INICIATIVA_ENERG,ID_INICIATIVA,ID_ENERG,FLAG_ESTADO) values ('158','156','1','1');
Insert into T_GEND_INICIATIVA_ENERG (ID_INICIATIVA_ENERG,ID_INICIATIVA,ID_ENERG,FLAG_ESTADO) values ('165','162','1','1');
Insert into T_GEND_INICIATIVA_ENERG (ID_INICIATIVA_ENERG,ID_INICIATIVA,ID_ENERG,FLAG_ESTADO) values ('166','163','1','1');
Insert into T_GEND_INICIATIVA_ENERG (ID_INICIATIVA_ENERG,ID_INICIATIVA,ID_ENERG,FLAG_ESTADO) values ('171','167','1','1');
Insert into T_GEND_INICIATIVA_ENERG (ID_INICIATIVA_ENERG,ID_INICIATIVA,ID_ENERG,FLAG_ESTADO) values ('172','167','2','1');
Insert into T_GEND_INICIATIVA_ENERG (ID_INICIATIVA_ENERG,ID_INICIATIVA,ID_ENERG,FLAG_ESTADO) values ('173','168','2','1');
Insert into T_GEND_INICIATIVA_ENERG (ID_INICIATIVA_ENERG,ID_INICIATIVA,ID_ENERG,FLAG_ESTADO) values ('176','171','1','1');
Insert into T_GEND_INICIATIVA_ENERG (ID_INICIATIVA_ENERG,ID_INICIATIVA,ID_ENERG,FLAG_ESTADO) values ('146','146','2','1');
Insert into T_GEND_INICIATIVA_ENERG (ID_INICIATIVA_ENERG,ID_INICIATIVA,ID_ENERG,FLAG_ESTADO) values ('147','147','1','1');
Insert into T_GEND_INICIATIVA_ENERG (ID_INICIATIVA_ENERG,ID_INICIATIVA,ID_ENERG,FLAG_ESTADO) values ('150','149','2','1');
Insert into T_GEND_INICIATIVA_ENERG (ID_INICIATIVA_ENERG,ID_INICIATIVA,ID_ENERG,FLAG_ESTADO) values ('151','150','1','1');
Insert into T_GEND_INICIATIVA_ENERG (ID_INICIATIVA_ENERG,ID_INICIATIVA,ID_ENERG,FLAG_ESTADO) values ('154','152','1','1');
Insert into T_GEND_INICIATIVA_ENERG (ID_INICIATIVA_ENERG,ID_INICIATIVA,ID_ENERG,FLAG_ESTADO) values ('157','155','1','1');
Insert into T_GEND_INICIATIVA_ENERG (ID_INICIATIVA_ENERG,ID_INICIATIVA,ID_ENERG,FLAG_ESTADO) values ('161','159','1','1');
Insert into T_GEND_INICIATIVA_ENERG (ID_INICIATIVA_ENERG,ID_INICIATIVA,ID_ENERG,FLAG_ESTADO) values ('167','164','1','1');
Insert into T_GEND_INICIATIVA_ENERG (ID_INICIATIVA_ENERG,ID_INICIATIVA,ID_ENERG,FLAG_ESTADO) values ('168','164','2','1');
Insert into T_GEND_INICIATIVA_ENERG (ID_INICIATIVA_ENERG,ID_INICIATIVA,ID_ENERG,FLAG_ESTADO) values ('148','148','1','1');
Insert into T_GEND_INICIATIVA_ENERG (ID_INICIATIVA_ENERG,ID_INICIATIVA,ID_ENERG,FLAG_ESTADO) values ('149','148','2','1');
Insert into T_GEND_INICIATIVA_ENERG (ID_INICIATIVA_ENERG,ID_INICIATIVA,ID_ENERG,FLAG_ESTADO) values ('170','166','1','1');
Insert into T_GEND_INICIATIVA_ENERG (ID_INICIATIVA_ENERG,ID_INICIATIVA,ID_ENERG,FLAG_ESTADO) values ('164','161','1','1');
Insert into T_GEND_INICIATIVA_ENERG (ID_INICIATIVA_ENERG,ID_INICIATIVA,ID_ENERG,FLAG_ESTADO) values ('153','151','2','1');
Insert into T_GEND_INICIATIVA_ENERG (ID_INICIATIVA_ENERG,ID_INICIATIVA,ID_ENERG,FLAG_ESTADO) values ('160','158','1','1');
Insert into T_GEND_INICIATIVA_ENERG (ID_INICIATIVA_ENERG,ID_INICIATIVA,ID_ENERG,FLAG_ESTADO) values ('152','151','1','1');
Insert into T_GEND_INICIATIVA_ENERG (ID_INICIATIVA_ENERG,ID_INICIATIVA,ID_ENERG,FLAG_ESTADO) values ('162','160','1','1');
Insert into T_GEND_INICIATIVA_ENERG (ID_INICIATIVA_ENERG,ID_INICIATIVA,ID_ENERG,FLAG_ESTADO) values ('163','160','2','1');
Insert into T_GEND_INICIATIVA_ENERG (ID_INICIATIVA_ENERG,ID_INICIATIVA,ID_ENERG,FLAG_ESTADO) values ('169','165','2','1');
Insert into T_GEND_INICIATIVA_ENERG (ID_INICIATIVA_ENERG,ID_INICIATIVA,ID_ENERG,FLAG_ESTADO) values ('174','168','1','1');
Insert into T_GEND_INICIATIVA_ENERG (ID_INICIATIVA_ENERG,ID_INICIATIVA,ID_ENERG,FLAG_ESTADO) values ('175','170','1','1');
Insert into T_GEND_INICIATIVA_ENERG (ID_INICIATIVA_ENERG,ID_INICIATIVA,ID_ENERG,FLAG_ESTADO) values ('177','172','1','1');
Insert into T_GEND_INICIATIVA_ENERG (ID_INICIATIVA_ENERG,ID_INICIATIVA,ID_ENERG,FLAG_ESTADO) values ('145','145','2','1');
REM INSERTING into T_GEND_INICIATIVA_GEI
SET DEFINE OFF;
Insert into T_GEND_INICIATIVA_GEI (ID_INICIATIVA_GEI,ID_INICIATIVA,ID_GEI,FLAG_ESTADO) values ('241','182','1','1');
Insert into T_GEND_INICIATIVA_GEI (ID_INICIATIVA_GEI,ID_INICIATIVA,ID_GEI,FLAG_ESTADO) values ('242','182','2','1');
Insert into T_GEND_INICIATIVA_GEI (ID_INICIATIVA_GEI,ID_INICIATIVA,ID_GEI,FLAG_ESTADO) values ('183','143','2','1');
Insert into T_GEND_INICIATIVA_GEI (ID_INICIATIVA_GEI,ID_INICIATIVA,ID_GEI,FLAG_ESTADO) values ('184','143','3','1');
Insert into T_GEND_INICIATIVA_GEI (ID_INICIATIVA_GEI,ID_INICIATIVA,ID_GEI,FLAG_ESTADO) values ('199','153','1','1');
Insert into T_GEND_INICIATIVA_GEI (ID_INICIATIVA_GEI,ID_INICIATIVA,ID_GEI,FLAG_ESTADO) values ('200','153','2','1');
Insert into T_GEND_INICIATIVA_GEI (ID_INICIATIVA_GEI,ID_INICIATIVA,ID_GEI,FLAG_ESTADO) values ('201','154','1','1');
Insert into T_GEND_INICIATIVA_GEI (ID_INICIATIVA_GEI,ID_INICIATIVA,ID_GEI,FLAG_ESTADO) values ('204','157','2','1');
Insert into T_GEND_INICIATIVA_GEI (ID_INICIATIVA_GEI,ID_INICIATIVA,ID_GEI,FLAG_ESTADO) values ('181','142','1','1');
Insert into T_GEND_INICIATIVA_GEI (ID_INICIATIVA_GEI,ID_INICIATIVA,ID_GEI,FLAG_ESTADO) values ('182','143','1','1');
Insert into T_GEND_INICIATIVA_GEI (ID_INICIATIVA_GEI,ID_INICIATIVA,ID_GEI,FLAG_ESTADO) values ('203','156','1','1');
Insert into T_GEND_INICIATIVA_GEI (ID_INICIATIVA_GEI,ID_INICIATIVA,ID_GEI,FLAG_ESTADO) values ('213','162','1','1');
Insert into T_GEND_INICIATIVA_GEI (ID_INICIATIVA_GEI,ID_INICIATIVA,ID_GEI,FLAG_ESTADO) values ('214','162','2','1');
Insert into T_GEND_INICIATIVA_GEI (ID_INICIATIVA_GEI,ID_INICIATIVA,ID_GEI,FLAG_ESTADO) values ('215','163','1','1');
Insert into T_GEND_INICIATIVA_GEI (ID_INICIATIVA_GEI,ID_INICIATIVA,ID_GEI,FLAG_ESTADO) values ('216','163','2','1');
Insert into T_GEND_INICIATIVA_GEI (ID_INICIATIVA_GEI,ID_INICIATIVA,ID_GEI,FLAG_ESTADO) values ('224','167','1','1');
Insert into T_GEND_INICIATIVA_GEI (ID_INICIATIVA_GEI,ID_INICIATIVA,ID_GEI,FLAG_ESTADO) values ('225','167','2','1');
Insert into T_GEND_INICIATIVA_GEI (ID_INICIATIVA_GEI,ID_INICIATIVA,ID_GEI,FLAG_ESTADO) values ('226','167','3','1');
Insert into T_GEND_INICIATIVA_GEI (ID_INICIATIVA_GEI,ID_INICIATIVA,ID_GEI,FLAG_ESTADO) values ('227','168','2','1');
Insert into T_GEND_INICIATIVA_GEI (ID_INICIATIVA_GEI,ID_INICIATIVA,ID_GEI,FLAG_ESTADO) values ('228','168','3','1');
Insert into T_GEND_INICIATIVA_GEI (ID_INICIATIVA_GEI,ID_INICIATIVA,ID_GEI,FLAG_ESTADO) values ('230','170','2','1');
Insert into T_GEND_INICIATIVA_GEI (ID_INICIATIVA_GEI,ID_INICIATIVA,ID_GEI,FLAG_ESTADO) values ('231','171','1','1');
Insert into T_GEND_INICIATIVA_GEI (ID_INICIATIVA_GEI,ID_INICIATIVA,ID_GEI,FLAG_ESTADO) values ('187','146','2','1');
Insert into T_GEND_INICIATIVA_GEI (ID_INICIATIVA_GEI,ID_INICIATIVA,ID_GEI,FLAG_ESTADO) values ('188','147','2','1');
Insert into T_GEND_INICIATIVA_GEI (ID_INICIATIVA_GEI,ID_INICIATIVA,ID_GEI,FLAG_ESTADO) values ('191','150','1','1');
Insert into T_GEND_INICIATIVA_GEI (ID_INICIATIVA_GEI,ID_INICIATIVA,ID_GEI,FLAG_ESTADO) values ('192','150','2','1');
Insert into T_GEND_INICIATIVA_GEI (ID_INICIATIVA_GEI,ID_INICIATIVA,ID_GEI,FLAG_ESTADO) values ('193','150','3','1');
Insert into T_GEND_INICIATIVA_GEI (ID_INICIATIVA_GEI,ID_INICIATIVA,ID_GEI,FLAG_ESTADO) values ('197','152','1','1');
Insert into T_GEND_INICIATIVA_GEI (ID_INICIATIVA_GEI,ID_INICIATIVA,ID_GEI,FLAG_ESTADO) values ('198','152','2','1');
Insert into T_GEND_INICIATIVA_GEI (ID_INICIATIVA_GEI,ID_INICIATIVA,ID_GEI,FLAG_ESTADO) values ('202','155','1','1');
Insert into T_GEND_INICIATIVA_GEI (ID_INICIATIVA_GEI,ID_INICIATIVA,ID_GEI,FLAG_ESTADO) values ('207','159','1','1');
Insert into T_GEND_INICIATIVA_GEI (ID_INICIATIVA_GEI,ID_INICIATIVA,ID_GEI,FLAG_ESTADO) values ('217','164','1','1');
Insert into T_GEND_INICIATIVA_GEI (ID_INICIATIVA_GEI,ID_INICIATIVA,ID_GEI,FLAG_ESTADO) values ('218','164','2','1');
Insert into T_GEND_INICIATIVA_GEI (ID_INICIATIVA_GEI,ID_INICIATIVA,ID_GEI,FLAG_ESTADO) values ('219','164','3','1');
Insert into T_GEND_INICIATIVA_GEI (ID_INICIATIVA_GEI,ID_INICIATIVA,ID_GEI,FLAG_ESTADO) values ('222','166','1','1');
Insert into T_GEND_INICIATIVA_GEI (ID_INICIATIVA_GEI,ID_INICIATIVA,ID_GEI,FLAG_ESTADO) values ('223','166','2','1');
Insert into T_GEND_INICIATIVA_GEI (ID_INICIATIVA_GEI,ID_INICIATIVA,ID_GEI,FLAG_ESTADO) values ('189','148','1','1');
Insert into T_GEND_INICIATIVA_GEI (ID_INICIATIVA_GEI,ID_INICIATIVA,ID_GEI,FLAG_ESTADO) values ('190','149','1','1');
Insert into T_GEND_INICIATIVA_GEI (ID_INICIATIVA_GEI,ID_INICIATIVA,ID_GEI,FLAG_ESTADO) values ('206','158','2','1');
Insert into T_GEND_INICIATIVA_GEI (ID_INICIATIVA_GEI,ID_INICIATIVA,ID_GEI,FLAG_ESTADO) values ('210','161','1','1');
Insert into T_GEND_INICIATIVA_GEI (ID_INICIATIVA_GEI,ID_INICIATIVA,ID_GEI,FLAG_ESTADO) values ('211','161','2','1');
Insert into T_GEND_INICIATIVA_GEI (ID_INICIATIVA_GEI,ID_INICIATIVA,ID_GEI,FLAG_ESTADO) values ('212','161','3','1');
Insert into T_GEND_INICIATIVA_GEI (ID_INICIATIVA_GEI,ID_INICIATIVA,ID_GEI,FLAG_ESTADO) values ('196','151','3','1');
Insert into T_GEND_INICIATIVA_GEI (ID_INICIATIVA_GEI,ID_INICIATIVA,ID_GEI,FLAG_ESTADO) values ('205','158','1','1');
Insert into T_GEND_INICIATIVA_GEI (ID_INICIATIVA_GEI,ID_INICIATIVA,ID_GEI,FLAG_ESTADO) values ('194','151','1','1');
Insert into T_GEND_INICIATIVA_GEI (ID_INICIATIVA_GEI,ID_INICIATIVA,ID_GEI,FLAG_ESTADO) values ('195','151','2','1');
Insert into T_GEND_INICIATIVA_GEI (ID_INICIATIVA_GEI,ID_INICIATIVA,ID_GEI,FLAG_ESTADO) values ('208','160','1','1');
Insert into T_GEND_INICIATIVA_GEI (ID_INICIATIVA_GEI,ID_INICIATIVA,ID_GEI,FLAG_ESTADO) values ('209','160','2','1');
Insert into T_GEND_INICIATIVA_GEI (ID_INICIATIVA_GEI,ID_INICIATIVA,ID_GEI,FLAG_ESTADO) values ('220','165','1','1');
Insert into T_GEND_INICIATIVA_GEI (ID_INICIATIVA_GEI,ID_INICIATIVA,ID_GEI,FLAG_ESTADO) values ('221','165','2','1');
Insert into T_GEND_INICIATIVA_GEI (ID_INICIATIVA_GEI,ID_INICIATIVA,ID_GEI,FLAG_ESTADO) values ('229','170','1','1');
Insert into T_GEND_INICIATIVA_GEI (ID_INICIATIVA_GEI,ID_INICIATIVA,ID_GEI,FLAG_ESTADO) values ('232','172','1','1');
Insert into T_GEND_INICIATIVA_GEI (ID_INICIATIVA_GEI,ID_INICIATIVA,ID_GEI,FLAG_ESTADO) values ('185','145','1','1');
Insert into T_GEND_INICIATIVA_GEI (ID_INICIATIVA_GEI,ID_INICIATIVA,ID_GEI,FLAG_ESTADO) values ('186','145','3','1');
REM INSERTING into T_GEND_INICIATIVA_SUSTENTA
SET DEFINE OFF;
Insert into T_GEND_INICIATIVA_SUSTENTA (ID_INICIATIVA_SUSTENTATORIO,ID_INICIATIVA,ADJUNTO,FLAG_ESTADO) values ('1','171','0ba22ce9-dab5-4877-8c80-ed9e6e06a5f8.pdf','1');
Insert into T_GEND_INICIATIVA_SUSTENTA (ID_INICIATIVA_SUSTENTATORIO,ID_INICIATIVA,ADJUNTO,FLAG_ESTADO) values ('2','166','93d6e45d-7c26-494c-b0df-655cdd4dd102.pdf','1');
Insert into T_GEND_INICIATIVA_SUSTENTA (ID_INICIATIVA_SUSTENTATORIO,ID_INICIATIVA,ADJUNTO,FLAG_ESTADO) values ('3','160','e74773cd-1890-4f98-b85b-84513706f8e3.jpg','1');
Insert into T_GEND_INICIATIVA_SUSTENTA (ID_INICIATIVA_SUSTENTATORIO,ID_INICIATIVA,ADJUNTO,FLAG_ESTADO) values ('4','160',null,'1');
REM INSERTING into T_GEND_INICIATIVA_UBICACION
SET DEFINE OFF;
Insert into T_GEND_INICIATIVA_UBICACION (ID_INICIATIVA_UBICACION,ID_INICIATIVA,ID_UBICACION,FLAG_ESTADO) values ('261','182','1','1');
Insert into T_GEND_INICIATIVA_UBICACION (ID_INICIATIVA_UBICACION,ID_INICIATIVA,ID_UBICACION,FLAG_ESTADO) values ('262','182','2','1');
Insert into T_GEND_INICIATIVA_UBICACION (ID_INICIATIVA_UBICACION,ID_INICIATIVA,ID_UBICACION,FLAG_ESTADO) values ('206','143','15','1');
Insert into T_GEND_INICIATIVA_UBICACION (ID_INICIATIVA_UBICACION,ID_INICIATIVA,ID_UBICACION,FLAG_ESTADO) values ('220','153','1','1');
Insert into T_GEND_INICIATIVA_UBICACION (ID_INICIATIVA_UBICACION,ID_INICIATIVA,ID_UBICACION,FLAG_ESTADO) values ('221','153','2','1');
Insert into T_GEND_INICIATIVA_UBICACION (ID_INICIATIVA_UBICACION,ID_INICIATIVA,ID_UBICACION,FLAG_ESTADO) values ('222','154','1','1');
Insert into T_GEND_INICIATIVA_UBICACION (ID_INICIATIVA_UBICACION,ID_INICIATIVA,ID_UBICACION,FLAG_ESTADO) values ('223','154','2','1');
Insert into T_GEND_INICIATIVA_UBICACION (ID_INICIATIVA_UBICACION,ID_INICIATIVA,ID_UBICACION,FLAG_ESTADO) values ('228','157','1','1');
Insert into T_GEND_INICIATIVA_UBICACION (ID_INICIATIVA_UBICACION,ID_INICIATIVA,ID_UBICACION,FLAG_ESTADO) values ('204','142','7','1');
Insert into T_GEND_INICIATIVA_UBICACION (ID_INICIATIVA_UBICACION,ID_INICIATIVA,ID_UBICACION,FLAG_ESTADO) values ('205','143','7','1');
Insert into T_GEND_INICIATIVA_UBICACION (ID_INICIATIVA_UBICACION,ID_INICIATIVA,ID_UBICACION,FLAG_ESTADO) values ('226','156','1','1');
Insert into T_GEND_INICIATIVA_UBICACION (ID_INICIATIVA_UBICACION,ID_INICIATIVA,ID_UBICACION,FLAG_ESTADO) values ('227','156','3','1');
Insert into T_GEND_INICIATIVA_UBICACION (ID_INICIATIVA_UBICACION,ID_INICIATIVA,ID_UBICACION,FLAG_ESTADO) values ('236','162','1','1');
Insert into T_GEND_INICIATIVA_UBICACION (ID_INICIATIVA_UBICACION,ID_INICIATIVA,ID_UBICACION,FLAG_ESTADO) values ('237','163','1','1');
Insert into T_GEND_INICIATIVA_UBICACION (ID_INICIATIVA_UBICACION,ID_INICIATIVA,ID_UBICACION,FLAG_ESTADO) values ('238','163','2','1');
Insert into T_GEND_INICIATIVA_UBICACION (ID_INICIATIVA_UBICACION,ID_INICIATIVA,ID_UBICACION,FLAG_ESTADO) values ('244','167','15','1');
Insert into T_GEND_INICIATIVA_UBICACION (ID_INICIATIVA_UBICACION,ID_INICIATIVA,ID_UBICACION,FLAG_ESTADO) values ('245','168','3','1');
Insert into T_GEND_INICIATIVA_UBICACION (ID_INICIATIVA_UBICACION,ID_INICIATIVA,ID_UBICACION,FLAG_ESTADO) values ('246','168','4','1');
Insert into T_GEND_INICIATIVA_UBICACION (ID_INICIATIVA_UBICACION,ID_INICIATIVA,ID_UBICACION,FLAG_ESTADO) values ('250','171','1','1');
Insert into T_GEND_INICIATIVA_UBICACION (ID_INICIATIVA_UBICACION,ID_INICIATIVA,ID_UBICACION,FLAG_ESTADO) values ('251','171','3','1');
Insert into T_GEND_INICIATIVA_UBICACION (ID_INICIATIVA_UBICACION,ID_INICIATIVA,ID_UBICACION,FLAG_ESTADO) values ('209','146','16','1');
Insert into T_GEND_INICIATIVA_UBICACION (ID_INICIATIVA_UBICACION,ID_INICIATIVA,ID_UBICACION,FLAG_ESTADO) values ('210','147','2','1');
Insert into T_GEND_INICIATIVA_UBICACION (ID_INICIATIVA_UBICACION,ID_INICIATIVA,ID_UBICACION,FLAG_ESTADO) values ('213','149','1','1');
Insert into T_GEND_INICIATIVA_UBICACION (ID_INICIATIVA_UBICACION,ID_INICIATIVA,ID_UBICACION,FLAG_ESTADO) values ('214','150','7','1');
Insert into T_GEND_INICIATIVA_UBICACION (ID_INICIATIVA_UBICACION,ID_INICIATIVA,ID_UBICACION,FLAG_ESTADO) values ('215','150','15','1');
Insert into T_GEND_INICIATIVA_UBICACION (ID_INICIATIVA_UBICACION,ID_INICIATIVA,ID_UBICACION,FLAG_ESTADO) values ('219','152','15','1');
Insert into T_GEND_INICIATIVA_UBICACION (ID_INICIATIVA_UBICACION,ID_INICIATIVA,ID_UBICACION,FLAG_ESTADO) values ('224','155','1','1');
Insert into T_GEND_INICIATIVA_UBICACION (ID_INICIATIVA_UBICACION,ID_INICIATIVA,ID_UBICACION,FLAG_ESTADO) values ('225','155','2','1');
Insert into T_GEND_INICIATIVA_UBICACION (ID_INICIATIVA_UBICACION,ID_INICIATIVA,ID_UBICACION,FLAG_ESTADO) values ('231','159','2','1');
Insert into T_GEND_INICIATIVA_UBICACION (ID_INICIATIVA_UBICACION,ID_INICIATIVA,ID_UBICACION,FLAG_ESTADO) values ('232','159','3','1');
Insert into T_GEND_INICIATIVA_UBICACION (ID_INICIATIVA_UBICACION,ID_INICIATIVA,ID_UBICACION,FLAG_ESTADO) values ('239','164','16','1');
Insert into T_GEND_INICIATIVA_UBICACION (ID_INICIATIVA_UBICACION,ID_INICIATIVA,ID_UBICACION,FLAG_ESTADO) values ('241','166','1','1');
Insert into T_GEND_INICIATIVA_UBICACION (ID_INICIATIVA_UBICACION,ID_INICIATIVA,ID_UBICACION,FLAG_ESTADO) values ('242','166','2','1');
Insert into T_GEND_INICIATIVA_UBICACION (ID_INICIATIVA_UBICACION,ID_INICIATIVA,ID_UBICACION,FLAG_ESTADO) values ('243','166','3','1');
Insert into T_GEND_INICIATIVA_UBICACION (ID_INICIATIVA_UBICACION,ID_INICIATIVA,ID_UBICACION,FLAG_ESTADO) values ('211','148','7','1');
Insert into T_GEND_INICIATIVA_UBICACION (ID_INICIATIVA_UBICACION,ID_INICIATIVA,ID_UBICACION,FLAG_ESTADO) values ('212','148','15','1');
Insert into T_GEND_INICIATIVA_UBICACION (ID_INICIATIVA_UBICACION,ID_INICIATIVA,ID_UBICACION,FLAG_ESTADO) values ('229','158','1','1');
Insert into T_GEND_INICIATIVA_UBICACION (ID_INICIATIVA_UBICACION,ID_INICIATIVA,ID_UBICACION,FLAG_ESTADO) values ('230','158','3','1');
Insert into T_GEND_INICIATIVA_UBICACION (ID_INICIATIVA_UBICACION,ID_INICIATIVA,ID_UBICACION,FLAG_ESTADO) values ('235','161','8','1');
Insert into T_GEND_INICIATIVA_UBICACION (ID_INICIATIVA_UBICACION,ID_INICIATIVA,ID_UBICACION,FLAG_ESTADO) values ('217','151','7','1');
Insert into T_GEND_INICIATIVA_UBICACION (ID_INICIATIVA_UBICACION,ID_INICIATIVA,ID_UBICACION,FLAG_ESTADO) values ('218','151','15','1');
Insert into T_GEND_INICIATIVA_UBICACION (ID_INICIATIVA_UBICACION,ID_INICIATIVA,ID_UBICACION,FLAG_ESTADO) values ('216','151','2','0');
Insert into T_GEND_INICIATIVA_UBICACION (ID_INICIATIVA_UBICACION,ID_INICIATIVA,ID_UBICACION,FLAG_ESTADO) values ('233','160','1','1');
Insert into T_GEND_INICIATIVA_UBICACION (ID_INICIATIVA_UBICACION,ID_INICIATIVA,ID_UBICACION,FLAG_ESTADO) values ('234','160','2','1');
Insert into T_GEND_INICIATIVA_UBICACION (ID_INICIATIVA_UBICACION,ID_INICIATIVA,ID_UBICACION,FLAG_ESTADO) values ('240','165','15','1');
Insert into T_GEND_INICIATIVA_UBICACION (ID_INICIATIVA_UBICACION,ID_INICIATIVA,ID_UBICACION,FLAG_ESTADO) values ('247','168','1','1');
Insert into T_GEND_INICIATIVA_UBICACION (ID_INICIATIVA_UBICACION,ID_INICIATIVA,ID_UBICACION,FLAG_ESTADO) values ('248','170','2','0');
Insert into T_GEND_INICIATIVA_UBICACION (ID_INICIATIVA_UBICACION,ID_INICIATIVA,ID_UBICACION,FLAG_ESTADO) values ('249','170','1','1');
Insert into T_GEND_INICIATIVA_UBICACION (ID_INICIATIVA_UBICACION,ID_INICIATIVA,ID_UBICACION,FLAG_ESTADO) values ('252','172','4','1');
Insert into T_GEND_INICIATIVA_UBICACION (ID_INICIATIVA_UBICACION,ID_INICIATIVA,ID_UBICACION,FLAG_ESTADO) values ('207','144','15','1');
Insert into T_GEND_INICIATIVA_UBICACION (ID_INICIATIVA_UBICACION,ID_INICIATIVA,ID_UBICACION,FLAG_ESTADO) values ('208','145','15','1');
REM INSERTING into T_GEND_INI_TIPDOCAVAL
SET DEFINE OFF;
REM INSERTING into T_GEND_MEDMIT_GEI
SET DEFINE OFF;
REM INSERTING into T_GEND_VARIABLE_VALOR
SET DEFINE OFF;
REM INSERTING into T_GEND_VARIANTE_ATRIBUTO
SET DEFINE OFF;
REM INSERTING into T_GEND_VARIANTE_VALOR
SET DEFINE OFF;
REM INSERTING into T_GENM_AYUDA
SET DEFINE OFF;
REM INSERTING into T_GENM_BLOCKCHAIN
SET DEFINE OFF;
REM INSERTING into T_GENM_ENFOQUE
SET DEFINE OFF;
Insert into T_GENM_ENFOQUE (ID_ENFOQUE,ID_MEDMIT,DESCRIPCION) values ('1','12','ENFOQUE 1 VEHICULOS ELECTRICOS (KRV,Cant)');
Insert into T_GENM_ENFOQUE (ID_ENFOQUE,ID_MEDMIT,DESCRIPCION) values ('2','12','ENFOQUE 2 VEHICULOS ELECTRICOS (Electricidad)');
REM INSERTING into T_GENM_ESCENARIO
SET DEFINE OFF;
Insert into T_GENM_ESCENARIO (ID_ESCENARIO,ID_MEDMIT,ANNO,BAU_EMISION,MIT_EMISION,REDUCCION,VALOR_SOFTWARE,EXPOST,META_ANUAL,FLAG_ESTADO) values ('1','7','2010','317,5','189,2',null,null,null,null,'1');
Insert into T_GENM_ESCENARIO (ID_ESCENARIO,ID_MEDMIT,ANNO,BAU_EMISION,MIT_EMISION,REDUCCION,VALOR_SOFTWARE,EXPOST,META_ANUAL,FLAG_ESTADO) values ('2','7','2011','330,2','199,6',null,null,null,null,'1');
Insert into T_GENM_ESCENARIO (ID_ESCENARIO,ID_MEDMIT,ANNO,BAU_EMISION,MIT_EMISION,REDUCCION,VALOR_SOFTWARE,EXPOST,META_ANUAL,FLAG_ESTADO) values ('3','7','2012','681','411,6',null,null,null,null,'1');
Insert into T_GENM_ESCENARIO (ID_ESCENARIO,ID_MEDMIT,ANNO,BAU_EMISION,MIT_EMISION,REDUCCION,VALOR_SOFTWARE,EXPOST,META_ANUAL,FLAG_ESTADO) values ('4','7','2013','653,8','395,2',null,null,null,null,'1');
Insert into T_GENM_ESCENARIO (ID_ESCENARIO,ID_MEDMIT,ANNO,BAU_EMISION,MIT_EMISION,REDUCCION,VALOR_SOFTWARE,EXPOST,META_ANUAL,FLAG_ESTADO) values ('5','7','2014','734','444',null,null,null,null,'1');
Insert into T_GENM_ESCENARIO (ID_ESCENARIO,ID_MEDMIT,ANNO,BAU_EMISION,MIT_EMISION,REDUCCION,VALOR_SOFTWARE,EXPOST,META_ANUAL,FLAG_ESTADO) values ('6','7','2015','445,7','165,2',null,null,null,null,'1');
Insert into T_GENM_ESCENARIO (ID_ESCENARIO,ID_MEDMIT,ANNO,BAU_EMISION,MIT_EMISION,REDUCCION,VALOR_SOFTWARE,EXPOST,META_ANUAL,FLAG_ESTADO) values ('7','7','2016','387,1','193,5',null,null,null,null,'1');
Insert into T_GENM_ESCENARIO (ID_ESCENARIO,ID_MEDMIT,ANNO,BAU_EMISION,MIT_EMISION,REDUCCION,VALOR_SOFTWARE,EXPOST,META_ANUAL,FLAG_ESTADO) values ('8','7','2017','245,1','50,5',null,null,null,null,'1');
Insert into T_GENM_ESCENARIO (ID_ESCENARIO,ID_MEDMIT,ANNO,BAU_EMISION,MIT_EMISION,REDUCCION,VALOR_SOFTWARE,EXPOST,META_ANUAL,FLAG_ESTADO) values ('9','7','2018','262,3','54',null,null,null,null,'1');
Insert into T_GENM_ESCENARIO (ID_ESCENARIO,ID_MEDMIT,ANNO,BAU_EMISION,MIT_EMISION,REDUCCION,VALOR_SOFTWARE,EXPOST,META_ANUAL,FLAG_ESTADO) values ('10','7','2019','280,6','57,8',null,null,null,null,'1');
Insert into T_GENM_ESCENARIO (ID_ESCENARIO,ID_MEDMIT,ANNO,BAU_EMISION,MIT_EMISION,REDUCCION,VALOR_SOFTWARE,EXPOST,META_ANUAL,FLAG_ESTADO) values ('11','7','2020','300,3','61,8',null,'214,5',null,null,'1');
Insert into T_GENM_ESCENARIO (ID_ESCENARIO,ID_MEDMIT,ANNO,BAU_EMISION,MIT_EMISION,REDUCCION,VALOR_SOFTWARE,EXPOST,META_ANUAL,FLAG_ESTADO) values ('12','7','2021','717,4','68',null,'527,6',null,null,'1');
Insert into T_GENM_ESCENARIO (ID_ESCENARIO,ID_MEDMIT,ANNO,BAU_EMISION,MIT_EMISION,REDUCCION,VALOR_SOFTWARE,EXPOST,META_ANUAL,FLAG_ESTADO) values ('23','7','2022','608,5','74,8',null,'548,4',null,null,'1');
Insert into T_GENM_ESCENARIO (ID_ESCENARIO,ID_MEDMIT,ANNO,BAU_EMISION,MIT_EMISION,REDUCCION,VALOR_SOFTWARE,EXPOST,META_ANUAL,FLAG_ESTADO) values ('24','7','2023','661,9','82,3',null,'572,4',null,null,'1');
Insert into T_GENM_ESCENARIO (ID_ESCENARIO,ID_MEDMIT,ANNO,BAU_EMISION,MIT_EMISION,REDUCCION,VALOR_SOFTWARE,EXPOST,META_ANUAL,FLAG_ESTADO) values ('25','7','2024','740,3','94,7',null,'664,8',null,null,'1');
Insert into T_GENM_ESCENARIO (ID_ESCENARIO,ID_MEDMIT,ANNO,BAU_EMISION,MIT_EMISION,REDUCCION,VALOR_SOFTWARE,EXPOST,META_ANUAL,FLAG_ESTADO) values ('26','7','2025','828,8','108,9',null,'703,1',null,null,'1');
Insert into T_GENM_ESCENARIO (ID_ESCENARIO,ID_MEDMIT,ANNO,BAU_EMISION,MIT_EMISION,REDUCCION,VALOR_SOFTWARE,EXPOST,META_ANUAL,FLAG_ESTADO) values ('27','7','2026','938,2','125,2',null,'824,6',null,null,'1');
Insert into T_GENM_ESCENARIO (ID_ESCENARIO,ID_MEDMIT,ANNO,BAU_EMISION,MIT_EMISION,REDUCCION,VALOR_SOFTWARE,EXPOST,META_ANUAL,FLAG_ESTADO) values ('28','7','2028','1520,1','181,4',null,'1278,3',null,null,'1');
Insert into T_GENM_ESCENARIO (ID_ESCENARIO,ID_MEDMIT,ANNO,BAU_EMISION,MIT_EMISION,REDUCCION,VALOR_SOFTWARE,EXPOST,META_ANUAL,FLAG_ESTADO) values ('29','7','2029','1772,3','219,5',null,'1521,4',null,null,'1');
Insert into T_GENM_ESCENARIO (ID_ESCENARIO,ID_MEDMIT,ANNO,BAU_EMISION,MIT_EMISION,REDUCCION,VALOR_SOFTWARE,EXPOST,META_ANUAL,FLAG_ESTADO) values ('30','7','2027','1479,8','150,2',null,'1023,7',null,null,'1');
Insert into T_GENM_ESCENARIO (ID_ESCENARIO,ID_MEDMIT,ANNO,BAU_EMISION,MIT_EMISION,REDUCCION,VALOR_SOFTWARE,EXPOST,META_ANUAL,FLAG_ESTADO) values ('31','7','2030','2122,2','273,8',null,'1931,7',null,null,'1');
REM INSERTING into T_GENM_FACTOR
SET DEFINE OFF;
Insert into T_GENM_FACTOR (ID_FACTOR,DESCRIPCION,SIGLA,FUNCION) values ('1','Factor Emision Base','F_BAU',null);
Insert into T_GENM_FACTOR (ID_FACTOR,DESCRIPCION,SIGLA,FUNCION) values ('2','Factor Electrico','F_ELE',null);
Insert into T_GENM_FACTOR (ID_FACTOR,DESCRIPCION,SIGLA,FUNCION) values ('3','Factor Emision Base','F_BAU',null);
REM INSERTING into T_GENM_INICIATIVA
SET DEFINE OFF;
Insert into T_GENM_INICIATIVA (ID_INICIATIVA,ID_MEDMIT,ID_USUARIO,NOMBRE_INICIATIVA,DESC_INICIATIVA,ID_ESTADO,PRIVACIDAD_INICIATIVA,INVERSION_INICIATIVA,ID_MONEDA,FECHA_CREA_INICIATIVA,FECHA_IMPLE_INICIATIVA,ID_ETAPA,USUARIO_REGISTRO,FECHA_REGISTRO,IP_REGISTRO,USUARIO_MODIFICA,FECHA_MODIFICA,IP_MODIFICA,FLG_ESTADO,PRIVACIDAD_INVERSION) values ('182','12','132','Flota de 300 vehculos','Flota de 300 vehculos','3','1','340000','2',to_date('27/01/20','DD/MM/RR'),to_date('10/12/20','DD/MM/RR'),'2',null,to_date('27/01/20','DD/MM/RR'),null,null,null,null,null,'1');
Insert into T_GENM_INICIATIVA (ID_INICIATIVA,ID_MEDMIT,ID_USUARIO,NOMBRE_INICIATIVA,DESC_INICIATIVA,ID_ESTADO,PRIVACIDAD_INICIATIVA,INVERSION_INICIATIVA,ID_MONEDA,FECHA_CREA_INICIATIVA,FECHA_IMPLE_INICIATIVA,ID_ETAPA,USUARIO_REGISTRO,FECHA_REGISTRO,IP_REGISTRO,USUARIO_MODIFICA,FECHA_MODIFICA,IP_MODIFICA,FLG_ESTADO,PRIVACIDAD_INVERSION) values ('143','12','130','2 Buses Electrico para Servicios Logisticos ','2 Buses Electrico para Servicios Logisticos ','2','0','200000','2',to_date('21/01/20','DD/MM/RR'),to_date('01/01/19','DD/MM/RR'),'3',null,to_date('21/01/20','DD/MM/RR'),null,null,null,null,null,null);
Insert into T_GENM_INICIATIVA (ID_INICIATIVA,ID_MEDMIT,ID_USUARIO,NOMBRE_INICIATIVA,DESC_INICIATIVA,ID_ESTADO,PRIVACIDAD_INICIATIVA,INVERSION_INICIATIVA,ID_MONEDA,FECHA_CREA_INICIATIVA,FECHA_IMPLE_INICIATIVA,ID_ETAPA,USUARIO_REGISTRO,FECHA_REGISTRO,IP_REGISTRO,USUARIO_MODIFICA,FECHA_MODIFICA,IP_MODIFICA,FLG_ESTADO,PRIVACIDAD_INVERSION) values ('153','12','132','35 Vehculos Elctricos ','35 Vehculos Elctricos ','3','0','3000000','1',to_date('23/01/20','DD/MM/RR'),to_date('10/12/19','DD/MM/RR'),'4',null,to_date('23/01/20','DD/MM/RR'),null,null,null,null,null,null);
Insert into T_GENM_INICIATIVA (ID_INICIATIVA,ID_MEDMIT,ID_USUARIO,NOMBRE_INICIATIVA,DESC_INICIATIVA,ID_ESTADO,PRIVACIDAD_INICIATIVA,INVERSION_INICIATIVA,ID_MONEDA,FECHA_CREA_INICIATIVA,FECHA_IMPLE_INICIATIVA,ID_ETAPA,USUARIO_REGISTRO,FECHA_REGISTRO,IP_REGISTRO,USUARIO_MODIFICA,FECHA_MODIFICA,IP_MODIFICA,FLG_ESTADO,PRIVACIDAD_INVERSION) values ('154','12','132','15 Buses Elctricos','15 Buses Elctricos','3','0','4500000','1',to_date('23/01/20','DD/MM/RR'),to_date('10/11/20','DD/MM/RR'),'4',null,to_date('23/01/20','DD/MM/RR'),null,null,null,null,null,null);
Insert into T_GENM_INICIATIVA (ID_INICIATIVA,ID_MEDMIT,ID_USUARIO,NOMBRE_INICIATIVA,DESC_INICIATIVA,ID_ESTADO,PRIVACIDAD_INICIATIVA,INVERSION_INICIATIVA,ID_MONEDA,FECHA_CREA_INICIATIVA,FECHA_IMPLE_INICIATIVA,ID_ETAPA,USUARIO_REGISTRO,FECHA_REGISTRO,IP_REGISTRO,USUARIO_MODIFICA,FECHA_MODIFICA,IP_MODIFICA,FLG_ESTADO,PRIVACIDAD_INVERSION) values ('157','12','129','Buses de 2 metros ','Todos los buses de la flota norte seran cambiadas','3','0','10000','1',to_date('23/01/20','DD/MM/RR'),to_date('02/02/20','DD/MM/RR'),'6',null,to_date('23/01/20','DD/MM/RR'),null,null,null,null,null,null);
Insert into T_GENM_INICIATIVA (ID_INICIATIVA,ID_MEDMIT,ID_USUARIO,NOMBRE_INICIATIVA,DESC_INICIATIVA,ID_ESTADO,PRIVACIDAD_INICIATIVA,INVERSION_INICIATIVA,ID_MONEDA,FECHA_CREA_INICIATIVA,FECHA_IMPLE_INICIATIVA,ID_ETAPA,USUARIO_REGISTRO,FECHA_REGISTRO,IP_REGISTRO,USUARIO_MODIFICA,FECHA_MODIFICA,IP_MODIFICA,FLG_ESTADO,PRIVACIDAD_INVERSION) values ('142','12','129','5 Vehiculos Electricos Aeropuerto Callao','5 Vehiculos Electricos Aeropuerto Callao','3','0','50000','2',to_date('21/01/20','DD/MM/RR'),to_date('01/01/18','DD/MM/RR'),'7',null,to_date('21/01/20','DD/MM/RR'),null,null,null,null,null,null);
Insert into T_GENM_INICIATIVA (ID_INICIATIVA,ID_MEDMIT,ID_USUARIO,NOMBRE_INICIATIVA,DESC_INICIATIVA,ID_ESTADO,PRIVACIDAD_INICIATIVA,INVERSION_INICIATIVA,ID_MONEDA,FECHA_CREA_INICIATIVA,FECHA_IMPLE_INICIATIVA,ID_ETAPA,USUARIO_REGISTRO,FECHA_REGISTRO,IP_REGISTRO,USUARIO_MODIFICA,FECHA_MODIFICA,IP_MODIFICA,FLG_ESTADO,PRIVACIDAD_INVERSION) values ('163','12','132','5 Autos Elctricos','5 Autos Elctricos','3','1','350000','2',to_date('24/01/20','DD/MM/RR'),to_date('10/04/20','DD/MM/RR'),'4',null,to_date('24/01/20','DD/MM/RR'),null,null,null,null,null,'1');
Insert into T_GENM_INICIATIVA (ID_INICIATIVA,ID_MEDMIT,ID_USUARIO,NOMBRE_INICIATIVA,DESC_INICIATIVA,ID_ESTADO,PRIVACIDAD_INICIATIVA,INVERSION_INICIATIVA,ID_MONEDA,FECHA_CREA_INICIATIVA,FECHA_IMPLE_INICIATIVA,ID_ETAPA,USUARIO_REGISTRO,FECHA_REGISTRO,IP_REGISTRO,USUARIO_MODIFICA,FECHA_MODIFICA,IP_MODIFICA,FLG_ESTADO,PRIVACIDAD_INVERSION) values ('162','12','142','Flota de 2 buses y 1 carro elctrico','Seran 3 medios de transportes','3','0','100000','1',to_date('24/01/20','DD/MM/RR'),to_date('21/02/22','DD/MM/RR'),'6',null,to_date('24/01/20','DD/MM/RR'),null,null,null,null,null,null);
Insert into T_GENM_INICIATIVA (ID_INICIATIVA,ID_MEDMIT,ID_USUARIO,NOMBRE_INICIATIVA,DESC_INICIATIVA,ID_ESTADO,PRIVACIDAD_INICIATIVA,INVERSION_INICIATIVA,ID_MONEDA,FECHA_CREA_INICIATIVA,FECHA_IMPLE_INICIATIVA,ID_ETAPA,USUARIO_REGISTRO,FECHA_REGISTRO,IP_REGISTRO,USUARIO_MODIFICA,FECHA_MODIFICA,IP_MODIFICA,FLG_ESTADO,PRIVACIDAD_INVERSION) values ('167','12','145','5 Taxis Electricos para MML','5 Taxis Electricos para MML','3','1','150000','3',to_date('24/01/20','DD/MM/RR'),to_date('01/01/19','DD/MM/RR'),'2',null,to_date('24/01/20','DD/MM/RR'),null,null,null,null,null,'1');
Insert into T_GENM_INICIATIVA (ID_INICIATIVA,ID_MEDMIT,ID_USUARIO,NOMBRE_INICIATIVA,DESC_INICIATIVA,ID_ESTADO,PRIVACIDAD_INICIATIVA,INVERSION_INICIATIVA,ID_MONEDA,FECHA_CREA_INICIATIVA,FECHA_IMPLE_INICIATIVA,ID_ETAPA,USUARIO_REGISTRO,FECHA_REGISTRO,IP_REGISTRO,USUARIO_MODIFICA,FECHA_MODIFICA,IP_MODIFICA,FLG_ESTADO,PRIVACIDAD_INVERSION) values ('168','11','132','Flota 65 autos elctricos','Flota 65 autos elctricos','1','1','450000','2',to_date('24/01/20','DD/MM/RR'),to_date('10/09/20','DD/MM/RR'),'1',null,to_date('24/01/20','DD/MM/RR'),null,null,null,null,null,'0');
Insert into T_GENM_INICIATIVA (ID_INICIATIVA,ID_MEDMIT,ID_USUARIO,NOMBRE_INICIATIVA,DESC_INICIATIVA,ID_ESTADO,PRIVACIDAD_INICIATIVA,INVERSION_INICIATIVA,ID_MONEDA,FECHA_CREA_INICIATIVA,FECHA_IMPLE_INICIATIVA,ID_ETAPA,USUARIO_REGISTRO,FECHA_REGISTRO,IP_REGISTRO,USUARIO_MODIFICA,FECHA_MODIFICA,IP_MODIFICA,FLG_ESTADO,PRIVACIDAD_INVERSION) values ('171','12','132','Flota 101 autos de carbono','Flota 101 autos de carbono','2','1','34000000','2',to_date('25/01/20','DD/MM/RR'),to_date('10/09/19','DD/MM/RR'),'3',null,to_date('25/01/20','DD/MM/RR'),null,null,null,null,null,'1');
Insert into T_GENM_INICIATIVA (ID_INICIATIVA,ID_MEDMIT,ID_USUARIO,NOMBRE_INICIATIVA,DESC_INICIATIVA,ID_ESTADO,PRIVACIDAD_INICIATIVA,INVERSION_INICIATIVA,ID_MONEDA,FECHA_CREA_INICIATIVA,FECHA_IMPLE_INICIATIVA,ID_ETAPA,USUARIO_REGISTRO,FECHA_REGISTRO,IP_REGISTRO,USUARIO_MODIFICA,FECHA_MODIFICA,IP_MODIFICA,FLG_ESTADO,PRIVACIDAD_INVERSION) values ('146','12','129','Nueva flota de mototaxis electricos',null,'3','0','100000','1',to_date('22/01/20','DD/MM/RR'),to_date('01/04/20','DD/MM/RR'),'2',null,to_date('22/01/20','DD/MM/RR'),null,null,null,null,null,null);
Insert into T_GENM_INICIATIVA (ID_INICIATIVA,ID_MEDMIT,ID_USUARIO,NOMBRE_INICIATIVA,DESC_INICIATIVA,ID_ESTADO,PRIVACIDAD_INICIATIVA,INVERSION_INICIATIVA,ID_MONEDA,FECHA_CREA_INICIATIVA,FECHA_IMPLE_INICIATIVA,ID_ETAPA,USUARIO_REGISTRO,FECHA_REGISTRO,IP_REGISTRO,USUARIO_MODIFICA,FECHA_MODIFICA,IP_MODIFICA,FLG_ESTADO,PRIVACIDAD_INVERSION) values ('147','12','129','Flota de buses de 9m electricos','Todos los buses, los cuales son 5, seran electricos','3','0','30000','2',to_date('22/01/20','DD/MM/RR'),to_date('01/01/20','DD/MM/RR'),'2',null,to_date('22/01/20','DD/MM/RR'),null,null,null,null,null,null);
Insert into T_GENM_INICIATIVA (ID_INICIATIVA,ID_MEDMIT,ID_USUARIO,NOMBRE_INICIATIVA,DESC_INICIATIVA,ID_ESTADO,PRIVACIDAD_INICIATIVA,INVERSION_INICIATIVA,ID_MONEDA,FECHA_CREA_INICIATIVA,FECHA_IMPLE_INICIATIVA,ID_ETAPA,USUARIO_REGISTRO,FECHA_REGISTRO,IP_REGISTRO,USUARIO_MODIFICA,FECHA_MODIFICA,IP_MODIFICA,FLG_ESTADO,PRIVACIDAD_INVERSION) values ('149','12','129','Flota de buses de 14M','Los buses sern renovados por este ao','3','0','13000','1',to_date('22/01/20','DD/MM/RR'),to_date('02/01/20','DD/MM/RR'),'6',null,to_date('22/01/20','DD/MM/RR'),null,null,null,null,null,null);
Insert into T_GENM_INICIATIVA (ID_INICIATIVA,ID_MEDMIT,ID_USUARIO,NOMBRE_INICIATIVA,DESC_INICIATIVA,ID_ESTADO,PRIVACIDAD_INICIATIVA,INVERSION_INICIATIVA,ID_MONEDA,FECHA_CREA_INICIATIVA,FECHA_IMPLE_INICIATIVA,ID_ETAPA,USUARIO_REGISTRO,FECHA_REGISTRO,IP_REGISTRO,USUARIO_MODIFICA,FECHA_MODIFICA,IP_MODIFICA,FLG_ESTADO,PRIVACIDAD_INVERSION) values ('150','12','134','10 Taxis Electricos Aeropuerto','10 Taxis Electricos Aeropuerto','3','0','120000','2',to_date('22/01/20','DD/MM/RR'),to_date('10/12/18','DD/MM/RR'),'7',null,to_date('22/01/20','DD/MM/RR'),null,null,null,null,null,null);
Insert into T_GENM_INICIATIVA (ID_INICIATIVA,ID_MEDMIT,ID_USUARIO,NOMBRE_INICIATIVA,DESC_INICIATIVA,ID_ESTADO,PRIVACIDAD_INICIATIVA,INVERSION_INICIATIVA,ID_MONEDA,FECHA_CREA_INICIATIVA,FECHA_IMPLE_INICIATIVA,ID_ETAPA,USUARIO_REGISTRO,FECHA_REGISTRO,IP_REGISTRO,USUARIO_MODIFICA,FECHA_MODIFICA,IP_MODIFICA,FLG_ESTADO,PRIVACIDAD_INVERSION) values ('148','12','133','10 Taxis Electricos','10 Taxis Electricos','3','0','150000','2',to_date('22/01/20','DD/MM/RR'),to_date('01/01/18','DD/MM/RR'),'7',null,to_date('22/01/20','DD/MM/RR'),null,null,null,null,null,null);
Insert into T_GENM_INICIATIVA (ID_INICIATIVA,ID_MEDMIT,ID_USUARIO,NOMBRE_INICIATIVA,DESC_INICIATIVA,ID_ESTADO,PRIVACIDAD_INICIATIVA,INVERSION_INICIATIVA,ID_MONEDA,FECHA_CREA_INICIATIVA,FECHA_IMPLE_INICIATIVA,ID_ETAPA,USUARIO_REGISTRO,FECHA_REGISTRO,IP_REGISTRO,USUARIO_MODIFICA,FECHA_MODIFICA,IP_MODIFICA,FLG_ESTADO,PRIVACIDAD_INVERSION) values ('152','12','129','Flota de buses de 30 metros ','la flota contara con 4 buses','3','0','10000','1',to_date('23/01/20','DD/MM/RR'),to_date('21/02/20','DD/MM/RR'),'6',null,to_date('23/01/20','DD/MM/RR'),null,null,null,null,null,null);
Insert into T_GENM_INICIATIVA (ID_INICIATIVA,ID_MEDMIT,ID_USUARIO,NOMBRE_INICIATIVA,DESC_INICIATIVA,ID_ESTADO,PRIVACIDAD_INICIATIVA,INVERSION_INICIATIVA,ID_MONEDA,FECHA_CREA_INICIATIVA,FECHA_IMPLE_INICIATIVA,ID_ETAPA,USUARIO_REGISTRO,FECHA_REGISTRO,IP_REGISTRO,USUARIO_MODIFICA,FECHA_MODIFICA,IP_MODIFICA,FLG_ESTADO,PRIVACIDAD_INVERSION) values ('155','12','132','Flota de 20 Taxis Elctricos','Flota de 20 Taxis Elctricos','1','1','3500000','1',to_date('23/01/20','DD/MM/RR'),to_date('10/10/20','DD/MM/RR'),'1',null,to_date('23/01/20','DD/MM/RR'),null,null,null,null,null,null);
Insert into T_GENM_INICIATIVA (ID_INICIATIVA,ID_MEDMIT,ID_USUARIO,NOMBRE_INICIATIVA,DESC_INICIATIVA,ID_ESTADO,PRIVACIDAD_INICIATIVA,INVERSION_INICIATIVA,ID_MONEDA,FECHA_CREA_INICIATIVA,FECHA_IMPLE_INICIATIVA,ID_ETAPA,USUARIO_REGISTRO,FECHA_REGISTRO,IP_REGISTRO,USUARIO_MODIFICA,FECHA_MODIFICA,IP_MODIFICA,FLG_ESTADO,PRIVACIDAD_INVERSION) values ('159','12','132','50 Autos elctricos ','50 Autos elctricos ','1','0','30000000','2',to_date('23/01/20','DD/MM/RR'),to_date('12/10/20','DD/MM/RR'),'1',null,to_date('23/01/20','DD/MM/RR'),null,null,null,null,null,null);
Insert into T_GENM_INICIATIVA (ID_INICIATIVA,ID_MEDMIT,ID_USUARIO,NOMBRE_INICIATIVA,DESC_INICIATIVA,ID_ESTADO,PRIVACIDAD_INICIATIVA,INVERSION_INICIATIVA,ID_MONEDA,FECHA_CREA_INICIATIVA,FECHA_IMPLE_INICIATIVA,ID_ETAPA,USUARIO_REGISTRO,FECHA_REGISTRO,IP_REGISTRO,USUARIO_MODIFICA,FECHA_MODIFICA,IP_MODIFICA,FLG_ESTADO,PRIVACIDAD_INVERSION) values ('164','12','144','4 Vehiculos Electricos para Aeropuerto de Iquitos','4 Vehiculos Electricos para Aeropuerto de Iquitos','3','1','160000','2',to_date('24/01/20','DD/MM/RR'),to_date('01/01/18','DD/MM/RR'),'7',null,to_date('24/01/20','DD/MM/RR'),null,null,null,null,null,'1');
Insert into T_GENM_INICIATIVA (ID_INICIATIVA,ID_MEDMIT,ID_USUARIO,NOMBRE_INICIATIVA,DESC_INICIATIVA,ID_ESTADO,PRIVACIDAD_INICIATIVA,INVERSION_INICIATIVA,ID_MONEDA,FECHA_CREA_INICIATIVA,FECHA_IMPLE_INICIATIVA,ID_ETAPA,USUARIO_REGISTRO,FECHA_REGISTRO,IP_REGISTRO,USUARIO_MODIFICA,FECHA_MODIFICA,IP_MODIFICA,FLG_ESTADO,PRIVACIDAD_INVERSION) values ('166','12','132','Flota 60 vehculos elctricos','Flota 60 vehculos elctricos','2','1','3500000','2',to_date('24/01/20','DD/MM/RR'),to_date('12/09/20','DD/MM/RR'),'3',null,to_date('24/01/20','DD/MM/RR'),null,null,null,null,null,'0');
Insert into T_GENM_INICIATIVA (ID_INICIATIVA,ID_MEDMIT,ID_USUARIO,NOMBRE_INICIATIVA,DESC_INICIATIVA,ID_ESTADO,PRIVACIDAD_INICIATIVA,INVERSION_INICIATIVA,ID_MONEDA,FECHA_CREA_INICIATIVA,FECHA_IMPLE_INICIATIVA,ID_ETAPA,USUARIO_REGISTRO,FECHA_REGISTRO,IP_REGISTRO,USUARIO_MODIFICA,FECHA_MODIFICA,IP_MODIFICA,FLG_ESTADO,PRIVACIDAD_INVERSION) values ('161','12','129','2 Buses Electricos Cuzco','2 Buses Electricos Cuzco','3','0','150000','3',to_date('23/01/20','DD/MM/RR'),to_date('01/01/18','DD/MM/RR'),'4',null,to_date('23/01/20','DD/MM/RR'),null,null,null,null,null,null);
Insert into T_GENM_INICIATIVA (ID_INICIATIVA,ID_MEDMIT,ID_USUARIO,NOMBRE_INICIATIVA,DESC_INICIATIVA,ID_ESTADO,PRIVACIDAD_INICIATIVA,INVERSION_INICIATIVA,ID_MONEDA,FECHA_CREA_INICIATIVA,FECHA_IMPLE_INICIATIVA,ID_ETAPA,USUARIO_REGISTRO,FECHA_REGISTRO,IP_REGISTRO,USUARIO_MODIFICA,FECHA_MODIFICA,IP_MODIFICA,FLG_ESTADO,PRIVACIDAD_INVERSION) values ('169','12','0',null,null,'0','0','0','0',to_date('25/01/20','DD/MM/RR'),to_date('01/01/01','DD/MM/RR'),'1',null,to_date('25/01/20','DD/MM/RR'),null,null,null,null,null,'0');
Insert into T_GENM_INICIATIVA (ID_INICIATIVA,ID_MEDMIT,ID_USUARIO,NOMBRE_INICIATIVA,DESC_INICIATIVA,ID_ESTADO,PRIVACIDAD_INICIATIVA,INVERSION_INICIATIVA,ID_MONEDA,FECHA_CREA_INICIATIVA,FECHA_IMPLE_INICIATIVA,ID_ETAPA,USUARIO_REGISTRO,FECHA_REGISTRO,IP_REGISTRO,USUARIO_MODIFICA,FECHA_MODIFICA,IP_MODIFICA,FLG_ESTADO,PRIVACIDAD_INVERSION) values ('158','12','132','Flota 30 autos elctricos','Flota 30 autos elctricos','3','0','3000000','2',to_date('23/01/20','DD/MM/RR'),to_date('12/09/20','DD/MM/RR'),'5',null,to_date('23/01/20','DD/MM/RR'),null,null,null,null,null,null);
Insert into T_GENM_INICIATIVA (ID_INICIATIVA,ID_MEDMIT,ID_USUARIO,NOMBRE_INICIATIVA,DESC_INICIATIVA,ID_ESTADO,PRIVACIDAD_INICIATIVA,INVERSION_INICIATIVA,ID_MONEDA,FECHA_CREA_INICIATIVA,FECHA_IMPLE_INICIATIVA,ID_ETAPA,USUARIO_REGISTRO,FECHA_REGISTRO,IP_REGISTRO,USUARIO_MODIFICA,FECHA_MODIFICA,IP_MODIFICA,FLG_ESTADO,PRIVACIDAD_INVERSION) values ('151','12','129','2 Taxis elctricos-hbridos para Aeropuerto Jorge Chavez','2 Taxis elctricos-hbridos para Aeropuerto Jorge Chavez','2','0','10000','2',to_date('23/01/20','DD/MM/RR'),to_date('01/01/18','DD/MM/RR'),'3',null,to_date('23/01/20','DD/MM/RR'),null,null,null,null,null,null);
Insert into T_GENM_INICIATIVA (ID_INICIATIVA,ID_MEDMIT,ID_USUARIO,NOMBRE_INICIATIVA,DESC_INICIATIVA,ID_ESTADO,PRIVACIDAD_INICIATIVA,INVERSION_INICIATIVA,ID_MONEDA,FECHA_CREA_INICIATIVA,FECHA_IMPLE_INICIATIVA,ID_ETAPA,USUARIO_REGISTRO,FECHA_REGISTRO,IP_REGISTRO,USUARIO_MODIFICA,FECHA_MODIFICA,IP_MODIFICA,FLG_ESTADO,PRIVACIDAD_INVERSION) values ('160','12','132','45 Autos Elctricos','45 Autos Elctricos','1','0','300000','2',to_date('23/01/20','DD/MM/RR'),to_date('12/09/20','DD/MM/RR'),'3',null,to_date('23/01/20','DD/MM/RR'),null,null,null,null,null,null);
Insert into T_GENM_INICIATIVA (ID_INICIATIVA,ID_MEDMIT,ID_USUARIO,NOMBRE_INICIATIVA,DESC_INICIATIVA,ID_ESTADO,PRIVACIDAD_INICIATIVA,INVERSION_INICIATIVA,ID_MONEDA,FECHA_CREA_INICIATIVA,FECHA_IMPLE_INICIATIVA,ID_ETAPA,USUARIO_REGISTRO,FECHA_REGISTRO,IP_REGISTRO,USUARIO_MODIFICA,FECHA_MODIFICA,IP_MODIFICA,FLG_ESTADO,PRIVACIDAD_INVERSION) values ('165','12','132','18 Taxis elctricos','taxis pblicos','5','1','1018000','1',to_date('24/01/20','DD/MM/RR'),to_date('03/01/20','DD/MM/RR'),'2',null,to_date('24/01/20','DD/MM/RR'),null,null,null,null,null,'1');
Insert into T_GENM_INICIATIVA (ID_INICIATIVA,ID_MEDMIT,ID_USUARIO,NOMBRE_INICIATIVA,DESC_INICIATIVA,ID_ESTADO,PRIVACIDAD_INICIATIVA,INVERSION_INICIATIVA,ID_MONEDA,FECHA_CREA_INICIATIVA,FECHA_IMPLE_INICIATIVA,ID_ETAPA,USUARIO_REGISTRO,FECHA_REGISTRO,IP_REGISTRO,USUARIO_MODIFICA,FECHA_MODIFICA,IP_MODIFICA,FLG_ESTADO,PRIVACIDAD_INVERSION) values ('170','12','132','Flota de 49 autos de carbono','Flota de 49 autos de carbono','1','1','450000','2',to_date('25/01/20','DD/MM/RR'),to_date('10/09/18','DD/MM/RR'),'3',null,to_date('25/01/20','DD/MM/RR'),null,null,null,null,null,'0');
Insert into T_GENM_INICIATIVA (ID_INICIATIVA,ID_MEDMIT,ID_USUARIO,NOMBRE_INICIATIVA,DESC_INICIATIVA,ID_ESTADO,PRIVACIDAD_INICIATIVA,INVERSION_INICIATIVA,ID_MONEDA,FECHA_CREA_INICIATIVA,FECHA_IMPLE_INICIATIVA,ID_ETAPA,USUARIO_REGISTRO,FECHA_REGISTRO,IP_REGISTRO,USUARIO_MODIFICA,FECHA_MODIFICA,IP_MODIFICA,FLG_ESTADO,PRIVACIDAD_INVERSION) values ('172','12','146','5 Vehiculos Electricos para Aeropuerto de Arequipa','5 Vehiculos Electricos para Aeropuerto de Arequipa','3','1','150000','3',to_date('25/01/20','DD/MM/RR'),to_date('01/01/18','DD/MM/RR'),'7',null,to_date('25/01/20','DD/MM/RR'),null,null,null,null,null,'1');
Insert into T_GENM_INICIATIVA (ID_INICIATIVA,ID_MEDMIT,ID_USUARIO,NOMBRE_INICIATIVA,DESC_INICIATIVA,ID_ESTADO,PRIVACIDAD_INICIATIVA,INVERSION_INICIATIVA,ID_MONEDA,FECHA_CREA_INICIATIVA,FECHA_IMPLE_INICIATIVA,ID_ETAPA,USUARIO_REGISTRO,FECHA_REGISTRO,IP_REGISTRO,USUARIO_MODIFICA,FECHA_MODIFICA,IP_MODIFICA,FLG_ESTADO,PRIVACIDAD_INVERSION) values ('144','1','132','Flota de autos elctricos Toyota',null,'0','0','100000','1',to_date('22/01/20','DD/MM/RR'),to_date('12/01/20','DD/MM/RR'),'1',null,to_date('22/01/20','DD/MM/RR'),null,null,null,null,null,null);
Insert into T_GENM_INICIATIVA (ID_INICIATIVA,ID_MEDMIT,ID_USUARIO,NOMBRE_INICIATIVA,DESC_INICIATIVA,ID_ESTADO,PRIVACIDAD_INICIATIVA,INVERSION_INICIATIVA,ID_MONEDA,FECHA_CREA_INICIATIVA,FECHA_IMPLE_INICIATIVA,ID_ETAPA,USUARIO_REGISTRO,FECHA_REGISTRO,IP_REGISTRO,USUARIO_MODIFICA,FECHA_MODIFICA,IP_MODIFICA,FLG_ESTADO,PRIVACIDAD_INVERSION) values ('145','4','129','Vehculos elctricos flota taxis','Estos vehculos se incluirn como nueva flota','3','1','100000','1',to_date('22/01/20','DD/MM/RR'),to_date('21/02/20','DD/MM/RR'),'7',null,to_date('22/01/20','DD/MM/RR'),null,null,null,null,null,null);
REM INSERTING into T_GENM_INSTITUCION
SET DEFINE OFF;
Insert into T_GENM_INSTITUCION (ID_INSTITUCION,ID_SECTOR_INSTITUCION,RUC_INSTITUCION,NOMBRE_INSTITUCION,DIRECCION_INSTITUCION,FLAG_ESTADO) values ('21','2','20872897192','GLORIA','Av Javier Prado 670',null);
Insert into T_GENM_INSTITUCION (ID_INSTITUCION,ID_SECTOR_INSTITUCION,RUC_INSTITUCION,NOMBRE_INSTITUCION,DIRECCION_INSTITUCION,FLAG_ESTADO) values ('41','2','20521718227','SLV','Av. Bolivar 850 Of 335 Pueblo Libre',null);
Insert into T_GENM_INSTITUCION (ID_INSTITUCION,ID_SECTOR_INSTITUCION,RUC_INSTITUCION,NOMBRE_INSTITUCION,DIRECCION_INSTITUCION,FLAG_ESTADO) values ('42','1','20131368829','Ministerio de Energa y Minas','Av. De Las Artes Sur 260, San Borja 15036',null);
Insert into T_GENM_INSTITUCION (ID_INSTITUCION,ID_SECTOR_INSTITUCION,RUC_INSTITUCION,NOMBRE_INSTITUCION,DIRECCION_INSTITUCION,FLAG_ESTADO) values ('44','2','20164113532','Universidad Cesar Vallejo','Av. Larco Nro. 1770',null);
Insert into T_GENM_INSTITUCION (ID_INSTITUCION,ID_SECTOR_INSTITUCION,RUC_INSTITUCION,NOMBRE_INSTITUCION,DIRECCION_INSTITUCION,FLAG_ESTADO) values ('45','2','20100055237','Alicorp SAC','Av. Argentina Nro. 4793',null);
Insert into T_GENM_INSTITUCION (ID_INSTITUCION,ID_SECTOR_INSTITUCION,RUC_INSTITUCION,NOMBRE_INSTITUCION,DIRECCION_INSTITUCION,FLAG_ESTADO) values ('46','3','20164113532','Universidad Cesar Vallejo S.A.C.','Av. Larco Nro. 1770',null);
Insert into T_GENM_INSTITUCION (ID_INSTITUCION,ID_SECTOR_INSTITUCION,RUC_INSTITUCION,NOMBRE_INSTITUCION,DIRECCION_INSTITUCION,FLAG_ESTADO) values ('47','3','20169004359','Universidad Nacional de Ingenieria Uni','Avenida Tupac Amaru 210 Apartado 1301, Rmac 15333',null);
Insert into T_GENM_INSTITUCION (ID_INSTITUCION,ID_SECTOR_INSTITUCION,RUC_INSTITUCION,NOMBRE_INSTITUCION,DIRECCION_INSTITUCION,FLAG_ESTADO) values ('58','2','102563011297','Lima 20','Av. Caminos del inca 582',null);
Insert into T_GENM_INSTITUCION (ID_INSTITUCION,ID_SECTOR_INSTITUCION,RUC_INSTITUCION,NOMBRE_INSTITUCION,DIRECCION_INSTITUCION,FLAG_ESTADO) values ('61','2','20521718227','SLV','Av Bolivar 850 Pueblo Libre',null);
Insert into T_GENM_INSTITUCION (ID_INSTITUCION,ID_SECTOR_INSTITUCION,RUC_INSTITUCION,NOMBRE_INSTITUCION,DIRECCION_INSTITUCION,FLAG_ESTADO) values ('66','2','20105687205','BANCO DE CRDITO DEL PER','AV LOS JARDINES',null);
Insert into T_GENM_INSTITUCION (ID_INSTITUCION,ID_SECTOR_INSTITUCION,RUC_INSTITUCION,NOMBRE_INSTITUCION,DIRECCION_INSTITUCION,FLAG_ESTADO) values ('73','2','20564789354','Civa transporte','jr caminos del inca 360 ',null);
Insert into T_GENM_INSTITUCION (ID_INSTITUCION,ID_SECTOR_INSTITUCION,RUC_INSTITUCION,NOMBRE_INSTITUCION,DIRECCION_INSTITUCION,FLAG_ESTADO) values ('74','2','2013456789','Grupo  Zuiga','Caminos del inca3156',null);
Insert into T_GENM_INSTITUCION (ID_INSTITUCION,ID_SECTOR_INSTITUCION,RUC_INSTITUCION,NOMBRE_INSTITUCION,DIRECCION_INSTITUCION,FLAG_ESTADO) values ('75','2','2222','BCP',null,null);
Insert into T_GENM_INSTITUCION (ID_INSTITUCION,ID_SECTOR_INSTITUCION,RUC_INSTITUCION,NOMBRE_INSTITUCION,DIRECCION_INSTITUCION,FLAG_ESTADO) values ('78','3','898788788','GLORIA','AV',null);
Insert into T_GENM_INSTITUCION (ID_INSTITUCION,ID_SECTOR_INSTITUCION,RUC_INSTITUCION,NOMBRE_INSTITUCION,DIRECCION_INSTITUCION,FLAG_ESTADO) values ('141','5','20521718228','Grupo Zuiga S.A.C.','Caminos del Inca 3410 Of. 502 Surco Lima',null);
Insert into T_GENM_INSTITUCION (ID_INSTITUCION,ID_SECTOR_INSTITUCION,RUC_INSTITUCION,NOMBRE_INSTITUCION,DIRECCION_INSTITUCION,FLAG_ESTADO) values ('142','5','20521718227','SLV Store','Av. Bolivar 850 Pueblo Libre',null);
Insert into T_GENM_INSTITUCION (ID_INSTITUCION,ID_SECTOR_INSTITUCION,RUC_INSTITUCION,NOMBRE_INSTITUCION,DIRECCION_INSTITUCION,FLAG_ESTADO) values ('143','5','20521718227','SLV','Av Bolivar 850 Pueblo Libre',null);
Insert into T_GENM_INSTITUCION (ID_INSTITUCION,ID_SECTOR_INSTITUCION,RUC_INSTITUCION,NOMBRE_INSTITUCION,DIRECCION_INSTITUCION,FLAG_ESTADO) values ('145','5','20521718228','Micromatic','Av. Garcilazo de la Vega 1261',null);
Insert into T_GENM_INSTITUCION (ID_INSTITUCION,ID_SECTOR_INSTITUCION,RUC_INSTITUCION,NOMBRE_INSTITUCION,DIRECCION_INSTITUCION,FLAG_ESTADO) values ('147','5','20521718227','SLV Store','Av. Bolivar 850 Pueblo Libre',null);
Insert into T_GENM_INSTITUCION (ID_INSTITUCION,ID_SECTOR_INSTITUCION,RUC_INSTITUCION,NOMBRE_INSTITUCION,DIRECCION_INSTITUCION,FLAG_ESTADO) values ('148','1','20521718299','Municipalidad Metropolitana de Lima','Plaza de Armas S/N Cercado de Lima',null);
Insert into T_GENM_INSTITUCION (ID_INSTITUCION,ID_SECTOR_INSTITUCION,RUC_INSTITUCION,NOMBRE_INSTITUCION,DIRECCION_INSTITUCION,FLAG_ESTADO) values ('1','3','20148092282','UNIVERSIDAD NACIONAL MAYOR DE SAN MARCOS','CAL.GERMAN AMEZAGA NRO. 375 OTROS LIMA - LIMA - LIMA',null);
Insert into T_GENM_INSTITUCION (ID_INSTITUCION,ID_SECTOR_INSTITUCION,RUC_INSTITUCION,NOMBRE_INSTITUCION,DIRECCION_INSTITUCION,FLAG_ESTADO) values ('3','1','20131368829','MINISTERIO DE ENERGIA Y MINAS','AV. LAS ARTES NRO. 260 URB. SAN BORJA LIMA - LIMA - SAN BORJA',null);
Insert into T_GENM_INSTITUCION (ID_INSTITUCION,ID_SECTOR_INSTITUCION,RUC_INSTITUCION,NOMBRE_INSTITUCION,DIRECCION_INSTITUCION,FLAG_ESTADO) values ('62','2','20405685987','GRUPO ZUIGA','AV LA MARINA',null);
Insert into T_GENM_INSTITUCION (ID_INSTITUCION,ID_SECTOR_INSTITUCION,RUC_INSTITUCION,NOMBRE_INSTITUCION,DIRECCION_INSTITUCION,FLAG_ESTADO) values ('65','2','20521718227','SLV','Av. Bolivar 850 PL',null);
Insert into T_GENM_INSTITUCION (ID_INSTITUCION,ID_SECTOR_INSTITUCION,RUC_INSTITUCION,NOMBRE_INSTITUCION,DIRECCION_INSTITUCION,FLAG_ESTADO) values ('77','2','2034567895','Grupo Zuiga','Av. royal vidal Mz Q',null);
Insert into T_GENM_INSTITUCION (ID_INSTITUCION,ID_SECTOR_INSTITUCION,RUC_INSTITUCION,NOMBRE_INSTITUCION,DIRECCION_INSTITUCION,FLAG_ESTADO) values ('79','3','20345678923','Colegio Imperio del Tahuantinsuyo','Av. Chinchaysuyo',null);
Insert into T_GENM_INSTITUCION (ID_INSTITUCION,ID_SECTOR_INSTITUCION,RUC_INSTITUCION,NOMBRE_INSTITUCION,DIRECCION_INSTITUCION,FLAG_ESTADO) values ('83','3','2034567854371','Colegio imperio del Tahuantinsuyo','Av. chinchaysuyo 4589',null);
Insert into T_GENM_INSTITUCION (ID_INSTITUCION,ID_SECTOR_INSTITUCION,RUC_INSTITUCION,NOMBRE_INSTITUCION,DIRECCION_INSTITUCION,FLAG_ESTADO) values ('84','5','20521718229','Micromatic','Av. Wilson 1261',null);
Insert into T_GENM_INSTITUCION (ID_INSTITUCION,ID_SECTOR_INSTITUCION,RUC_INSTITUCION,NOMBRE_INSTITUCION,DIRECCION_INSTITUCION,FLAG_ESTADO) values ('102','5','20521718227','Grupo Zuiga','Av. Caminos del Inca 3140 Oficina 502',null);
Insert into T_GENM_INSTITUCION (ID_INSTITUCION,ID_SECTOR_INSTITUCION,RUC_INSTITUCION,NOMBRE_INSTITUCION,DIRECCION_INSTITUCION,FLAG_ESTADO) values ('144','3','20907665456','EDELNOR','AV JAVIER PRADO OESTE',null);
Insert into T_GENM_INSTITUCION (ID_INSTITUCION,ID_SECTOR_INSTITUCION,RUC_INSTITUCION,NOMBRE_INSTITUCION,DIRECCION_INSTITUCION,FLAG_ESTADO) values ('162','1','20158546952','Interbank','Av Javier Prado 258',null);
Insert into T_GENM_INSTITUCION (ID_INSTITUCION,ID_SECTOR_INSTITUCION,RUC_INSTITUCION,NOMBRE_INSTITUCION,DIRECCION_INSTITUCION,FLAG_ESTADO) values ('163','1','20521718228','Grupo Zuiga S.A.C.','Caminos del Inca 3410 Of. 502 Surco Lima',null);
Insert into T_GENM_INSTITUCION (ID_INSTITUCION,ID_SECTOR_INSTITUCION,RUC_INSTITUCION,NOMBRE_INSTITUCION,DIRECCION_INSTITUCION,FLAG_ESTADO) values ('164','1','20521718227','SLV','Av. Bolivar 850 Pueblo Libre',null);
Insert into T_GENM_INSTITUCION (ID_INSTITUCION,ID_SECTOR_INSTITUCION,RUC_INSTITUCION,NOMBRE_INSTITUCION,DIRECCION_INSTITUCION,FLAG_ESTADO) values ('165','1','20521718227','Grupo Zuiga S.A.C.','Av. Caminos del Inca 3140 502',null);
Insert into T_GENM_INSTITUCION (ID_INSTITUCION,ID_SECTOR_INSTITUCION,RUC_INSTITUCION,NOMBRE_INSTITUCION,DIRECCION_INSTITUCION,FLAG_ESTADO) values ('22','2','20874686431','EL COMERCIO','Av Abancay 430',null);
Insert into T_GENM_INSTITUCION (ID_INSTITUCION,ID_SECTOR_INSTITUCION,RUC_INSTITUCION,NOMBRE_INSTITUCION,DIRECCION_INSTITUCION,FLAG_ESTADO) values ('43','1','20131380951','Municipalidad Metropolitana de Lima','Jr. Camana Nro. 566 Cercado de Lima',null);
Insert into T_GENM_INSTITUCION (ID_INSTITUCION,ID_SECTOR_INSTITUCION,RUC_INSTITUCION,NOMBRE_INSTITUCION,DIRECCION_INSTITUCION,FLAG_ESTADO) values ('48','4','20106897914','Entel Peru S.A.','Av. Republica de Colombia Nro. 791 (Piso 14 Esq. Cdra 34 Paseo D L Republica)',null);
Insert into T_GENM_INSTITUCION (ID_INSTITUCION,ID_SECTOR_INSTITUCION,RUC_INSTITUCION,NOMBRE_INSTITUCION,DIRECCION_INSTITUCION,FLAG_ESTADO) values ('82','5','20521718227','SLV','Av. Bolivar 850 PL',null);
Insert into T_GENM_INSTITUCION (ID_INSTITUCION,ID_SECTOR_INSTITUCION,RUC_INSTITUCION,NOMBRE_INSTITUCION,DIRECCION_INSTITUCION,FLAG_ESTADO) values ('150','5','20601457262','Grupo Zuiga S.A.C.','Av. Caminos del Inca 3140 502',null);
Insert into T_GENM_INSTITUCION (ID_INSTITUCION,ID_SECTOR_INSTITUCION,RUC_INSTITUCION,NOMBRE_INSTITUCION,DIRECCION_INSTITUCION,FLAG_ESTADO) values ('151','5','20521718227','Chapilliquen SAC','Av. Caminos del Inca 3410',null);
Insert into T_GENM_INSTITUCION (ID_INSTITUCION,ID_SECTOR_INSTITUCION,RUC_INSTITUCION,NOMBRE_INSTITUCION,DIRECCION_INSTITUCION,FLAG_ESTADO) values ('53','4','20531594780','Empresa de Transportes America Express S.A','Av. Cajamarca Sur Nro. 167',null);
Insert into T_GENM_INSTITUCION (ID_INSTITUCION,ID_SECTOR_INSTITUCION,RUC_INSTITUCION,NOMBRE_INSTITUCION,DIRECCION_INSTITUCION,FLAG_ESTADO) values ('57','2','2510023697',null,'Av. Caminos del Inca 4586',null);
Insert into T_GENM_INSTITUCION (ID_INSTITUCION,ID_SECTOR_INSTITUCION,RUC_INSTITUCION,NOMBRE_INSTITUCION,DIRECCION_INSTITUCION,FLAG_ESTADO) values ('59','2','20521718227','Grupo Zniga SAC','Av. Caminos del Inca 3140 Of 502 Santiago de Surco Lima',null);
Insert into T_GENM_INSTITUCION (ID_INSTITUCION,ID_SECTOR_INSTITUCION,RUC_INSTITUCION,NOMBRE_INSTITUCION,DIRECCION_INSTITUCION,FLAG_ESTADO) values ('63','2','20125489201','INTERBANK','AV JAVIER PRADO 741',null);
Insert into T_GENM_INSTITUCION (ID_INSTITUCION,ID_SECTOR_INSTITUCION,RUC_INSTITUCION,NOMBRE_INSTITUCION,DIRECCION_INSTITUCION,FLAG_ESTADO) values ('64','2','20102548632','EDELNOR','AV ARGENTINA 325',null);
Insert into T_GENM_INSTITUCION (ID_INSTITUCION,ID_SECTOR_INSTITUCION,RUC_INSTITUCION,NOMBRE_INSTITUCION,DIRECCION_INSTITUCION,FLAG_ESTADO) values ('67','2','20105248752','MINEM','AV LAS FLORES',null);
Insert into T_GENM_INSTITUCION (ID_INSTITUCION,ID_SECTOR_INSTITUCION,RUC_INSTITUCION,NOMBRE_INSTITUCION,DIRECCION_INSTITUCION,FLAG_ESTADO) values ('81','1','20521718228','MINEM','Av. Las Artes 897 San Borja',null);
Insert into T_GENM_INSTITUCION (ID_INSTITUCION,ID_SECTOR_INSTITUCION,RUC_INSTITUCION,NOMBRE_INSTITUCION,DIRECCION_INSTITUCION,FLAG_ESTADO) values ('101','3','2098787878','BITEL','AV LAS FLORES',null);
Insert into T_GENM_INSTITUCION (ID_INSTITUCION,ID_SECTOR_INSTITUCION,RUC_INSTITUCION,NOMBRE_INSTITUCION,DIRECCION_INSTITUCION,FLAG_ESTADO) values ('103','5','20521718228','Grupo Zuiga S.A.C.','Av. Caminos del Inca 3410 Of 502 Surco',null);
Insert into T_GENM_INSTITUCION (ID_INSTITUCION,ID_SECTOR_INSTITUCION,RUC_INSTITUCION,NOMBRE_INSTITUCION,DIRECCION_INSTITUCION,FLAG_ESTADO) values ('146','5','20521718228','SLV Store','Av. Bolivar 850 Pueblo Libre',null);
Insert into T_GENM_INSTITUCION (ID_INSTITUCION,ID_SECTOR_INSTITUCION,RUC_INSTITUCION,NOMBRE_INSTITUCION,DIRECCION_INSTITUCION,FLAG_ESTADO) values ('156','1','20521718228','Grupo Zuiga S.A.C.','Caminos del Inca 3410 Of. 502 Surco Lima',null);
Insert into T_GENM_INSTITUCION (ID_INSTITUCION,ID_SECTOR_INSTITUCION,RUC_INSTITUCION,NOMBRE_INSTITUCION,DIRECCION_INSTITUCION,FLAG_ESTADO) values ('158','1','20521718227','Grupo Zuiga S.A.C.','Av. Caminos del Inca 3140 502',null);
Insert into T_GENM_INSTITUCION (ID_INSTITUCION,ID_SECTOR_INSTITUCION,RUC_INSTITUCION,NOMBRE_INSTITUCION,DIRECCION_INSTITUCION,FLAG_ESTADO) values ('2','2','20198759349','BACKUPS','AV TUPAC AMARU 1239',null);
Insert into T_GENM_INSTITUCION (ID_INSTITUCION,ID_SECTOR_INSTITUCION,RUC_INSTITUCION,NOMBRE_INSTITUCION,DIRECCION_INSTITUCION,FLAG_ESTADO) values ('4','2','20879456768','IBM','Av. Javier Prado 754 ',null);
Insert into T_GENM_INSTITUCION (ID_INSTITUCION,ID_SECTOR_INSTITUCION,RUC_INSTITUCION,NOMBRE_INSTITUCION,DIRECCION_INSTITUCION,FLAG_ESTADO) values ('49','2','20109072177','Cencosud Retail Peru S.A.','Cal. Augusto Angulo Nro. 130 ',null);
Insert into T_GENM_INSTITUCION (ID_INSTITUCION,ID_SECTOR_INSTITUCION,RUC_INSTITUCION,NOMBRE_INSTITUCION,DIRECCION_INSTITUCION,FLAG_ESTADO) values ('50','4','20102427891','TURISMO CIVA S.A.C.','Jr. Sancho de Rivera Nro. 1184',null);
Insert into T_GENM_INSTITUCION (ID_INSTITUCION,ID_SECTOR_INSTITUCION,RUC_INSTITUCION,NOMBRE_INSTITUCION,DIRECCION_INSTITUCION,FLAG_ESTADO) values ('51','4','20102427891','Turismo Civa S.A.C.','Jr. Sancho de Rivera Nro. 1184',null);
Insert into T_GENM_INSTITUCION (ID_INSTITUCION,ID_SECTOR_INSTITUCION,RUC_INSTITUCION,NOMBRE_INSTITUCION,DIRECCION_INSTITUCION,FLAG_ESTADO) values ('68','2','20158748562','ETNA','AV LA MARINA 1205',null);
Insert into T_GENM_INSTITUCION (ID_INSTITUCION,ID_SECTOR_INSTITUCION,RUC_INSTITUCION,NOMBRE_INSTITUCION,DIRECCION_INSTITUCION,FLAG_ESTADO) values ('69','2','2051452144','SODIMAC','AV LAS FLORES',null);
Insert into T_GENM_INSTITUCION (ID_INSTITUCION,ID_SECTOR_INSTITUCION,RUC_INSTITUCION,NOMBRE_INSTITUCION,DIRECCION_INSTITUCION,FLAG_ESTADO) values ('70','2','2015485478544','AIRLINE','AV FAUCCET',null);
Insert into T_GENM_INSTITUCION (ID_INSTITUCION,ID_SECTOR_INSTITUCION,RUC_INSTITUCION,NOMBRE_INSTITUCION,DIRECCION_INSTITUCION,FLAG_ESTADO) values ('56','4','20531594780','Empresa de Transportes America Express S.A',null,null);
Insert into T_GENM_INSTITUCION (ID_INSTITUCION,ID_SECTOR_INSTITUCION,RUC_INSTITUCION,NOMBRE_INSTITUCION,DIRECCION_INSTITUCION,FLAG_ESTADO) values ('60','2','20906789901','GRUPO ZUIGA','Av Caminos del Inca',null);
Insert into T_GENM_INSTITUCION (ID_INSTITUCION,ID_SECTOR_INSTITUCION,RUC_INSTITUCION,NOMBRE_INSTITUCION,DIRECCION_INSTITUCION,FLAG_ESTADO) values ('71','2','2098827373','BCP','AV LOS JARDINES',null);
Insert into T_GENM_INSTITUCION (ID_INSTITUCION,ID_SECTOR_INSTITUCION,RUC_INSTITUCION,NOMBRE_INSTITUCION,DIRECCION_INSTITUCION,FLAG_ESTADO) values ('72','1','20986539871','BANCO DE LA NACION','AV ABANCAY',null);
Insert into T_GENM_INSTITUCION (ID_INSTITUCION,ID_SECTOR_INSTITUCION,RUC_INSTITUCION,NOMBRE_INSTITUCION,DIRECCION_INSTITUCION,FLAG_ESTADO) values ('76','3','8888888','MINEM','AV',null);
Insert into T_GENM_INSTITUCION (ID_INSTITUCION,ID_SECTOR_INSTITUCION,RUC_INSTITUCION,NOMBRE_INSTITUCION,DIRECCION_INSTITUCION,FLAG_ESTADO) values ('149','0','20345678934','Grupo Zuiga','Calle Los Angeles 3140',null);
Insert into T_GENM_INSTITUCION (ID_INSTITUCION,ID_SECTOR_INSTITUCION,RUC_INSTITUCION,NOMBRE_INSTITUCION,DIRECCION_INSTITUCION,FLAG_ESTADO) values ('122','5','20521718227','SLV Store','Av. Bolivar 850 Pueblo Libre',null);
Insert into T_GENM_INSTITUCION (ID_INSTITUCION,ID_SECTOR_INSTITUCION,RUC_INSTITUCION,NOMBRE_INSTITUCION,DIRECCION_INSTITUCION,FLAG_ESTADO) values ('123','5','20521718228','Grupo Zuiga S.A.C.','Caminos del Inca 3410 Of. 502 Surco Lima',null);
Insert into T_GENM_INSTITUCION (ID_INSTITUCION,ID_SECTOR_INSTITUCION,RUC_INSTITUCION,NOMBRE_INSTITUCION,DIRECCION_INSTITUCION,FLAG_ESTADO) values ('152','2','20412411023','SLV 2','sjl',null);
Insert into T_GENM_INSTITUCION (ID_INSTITUCION,ID_SECTOR_INSTITUCION,RUC_INSTITUCION,NOMBRE_INSTITUCION,DIRECCION_INSTITUCION,FLAG_ESTADO) values ('153','2','20412411023','SLV 2','sjl',null);
Insert into T_GENM_INSTITUCION (ID_INSTITUCION,ID_SECTOR_INSTITUCION,RUC_INSTITUCION,NOMBRE_INSTITUCION,DIRECCION_INSTITUCION,FLAG_ESTADO) values ('154','1','20521718228','Grupo Zuiga S.A.C.','Caminos del Inca 3410 Of. 502 Surco Lima',null);
Insert into T_GENM_INSTITUCION (ID_INSTITUCION,ID_SECTOR_INSTITUCION,RUC_INSTITUCION,NOMBRE_INSTITUCION,DIRECCION_INSTITUCION,FLAG_ESTADO) values ('155','1','20521718228','Grupo Zuiga S.A.C.','Caminos del Inca 3410 Of. 502 Surco Lima',null);
Insert into T_GENM_INSTITUCION (ID_INSTITUCION,ID_SECTOR_INSTITUCION,RUC_INSTITUCION,NOMBRE_INSTITUCION,DIRECCION_INSTITUCION,FLAG_ESTADO) values ('157','1','20192818271','Interbank','Av Larcomar 209',null);
Insert into T_GENM_INSTITUCION (ID_INSTITUCION,ID_SECTOR_INSTITUCION,RUC_INSTITUCION,NOMBRE_INSTITUCION,DIRECCION_INSTITUCION,FLAG_ESTADO) values ('159','1','20987623651','Banco de Credito del Peru','Av La Marina',null);
Insert into T_GENM_INSTITUCION (ID_INSTITUCION,ID_SECTOR_INSTITUCION,RUC_INSTITUCION,NOMBRE_INSTITUCION,DIRECCION_INSTITUCION,FLAG_ESTADO) values ('160','1','20145214102','SLV','sjl',null);
Insert into T_GENM_INSTITUCION (ID_INSTITUCION,ID_SECTOR_INSTITUCION,RUC_INSTITUCION,NOMBRE_INSTITUCION,DIRECCION_INSTITUCION,FLAG_ESTADO) values ('161','1','203789456789','colegio imperio del tahuantinsuyo','av. tomas Marzano',null);
REM INSERTING into T_GENM_NOTIFICACION
SET DEFINE OFF;
Insert into T_GENM_NOTIFICACION (ID_NOTIFICACION,ID_INICIATIVA,ID_ETAPA,ID_ESTADO,FECHA_REGISTRO,ID_ROL,ID_USUARIO,FLG_VISTO,FECHA_VISTO,ID_USUARIO_VISTO,DESCRIPCION,ID_ESTADO_NOTIFICACION) values ('113','151','1','1',to_date('23/01/20','DD/MM/RR'),'2',null,'0',null,null,'La iniciativa de la entidad SLV Store ha sido registrado correctamente y requiere su revisin','0');
Insert into T_GENM_NOTIFICACION (ID_NOTIFICACION,ID_INICIATIVA,ID_ETAPA,ID_ESTADO,FECHA_REGISTRO,ID_ROL,ID_USUARIO,FLG_VISTO,FECHA_VISTO,ID_USUARIO_VISTO,DESCRIPCION,ID_ESTADO_NOTIFICACION) values ('114','151','2','3',to_date('23/01/20','DD/MM/RR'),'1','81','0',null,null,null,'3');
Insert into T_GENM_NOTIFICACION (ID_NOTIFICACION,ID_INICIATIVA,ID_ETAPA,ID_ESTADO,FECHA_REGISTRO,ID_ROL,ID_USUARIO,FLG_VISTO,FECHA_VISTO,ID_USUARIO_VISTO,DESCRIPCION,ID_ESTADO_NOTIFICACION) values ('110','151','1','2',to_date('23/01/20','DD/MM/RR'),'1','81','0',null,null,'corregir descripcin','1');
Insert into T_GENM_NOTIFICACION (ID_NOTIFICACION,ID_INICIATIVA,ID_ETAPA,ID_ESTADO,FECHA_REGISTRO,ID_ROL,ID_USUARIO,FLG_VISTO,FECHA_VISTO,ID_USUARIO_VISTO,DESCRIPCION,ID_ESTADO_NOTIFICACION) values ('111','147','2','3',to_date('23/01/20','DD/MM/RR'),'1','81','0',null,null,null,'3');
Insert into T_GENM_NOTIFICACION (ID_NOTIFICACION,ID_INICIATIVA,ID_ETAPA,ID_ESTADO,FECHA_REGISTRO,ID_ROL,ID_USUARIO,FLG_VISTO,FECHA_VISTO,ID_USUARIO_VISTO,DESCRIPCION,ID_ESTADO_NOTIFICACION) values ('112','146','2','3',to_date('23/01/20','DD/MM/RR'),'1','81','0',null,null,null,'3');
Insert into T_GENM_NOTIFICACION (ID_NOTIFICACION,ID_INICIATIVA,ID_ETAPA,ID_ESTADO,FECHA_REGISTRO,ID_ROL,ID_USUARIO,FLG_VISTO,FECHA_VISTO,ID_USUARIO_VISTO,DESCRIPCION,ID_ESTADO_NOTIFICACION) values ('126','156','1','1',to_date('23/01/20','DD/MM/RR'),'2',null,'0',null,null,'La iniciativa de la entidad Grupo Zuiga ha sido registrado correctamente y requiere su revisin','0');
Insert into T_GENM_NOTIFICACION (ID_NOTIFICACION,ID_INICIATIVA,ID_ETAPA,ID_ESTADO,FECHA_REGISTRO,ID_ROL,ID_USUARIO,FLG_VISTO,FECHA_VISTO,ID_USUARIO_VISTO,DESCRIPCION,ID_ESTADO_NOTIFICACION) values ('142','160','1','1',to_date('23/01/20','DD/MM/RR'),'2',null,'0',null,null,'La iniciativa de la entidad Grupo Zuiga ha sido registrado correctamente y requiere su revisin','0');
Insert into T_GENM_NOTIFICACION (ID_NOTIFICACION,ID_INICIATIVA,ID_ETAPA,ID_ESTADO,FECHA_REGISTRO,ID_ROL,ID_USUARIO,FLG_VISTO,FECHA_VISTO,ID_USUARIO_VISTO,DESCRIPCION,ID_ESTADO_NOTIFICACION) values ('143','160','2','3',to_date('23/01/20','DD/MM/RR'),'1','81','0',null,null,null,'3');
Insert into T_GENM_NOTIFICACION (ID_NOTIFICACION,ID_INICIATIVA,ID_ETAPA,ID_ESTADO,FECHA_REGISTRO,ID_ROL,ID_USUARIO,FLG_VISTO,FECHA_VISTO,ID_USUARIO_VISTO,DESCRIPCION,ID_ESTADO_NOTIFICACION) values ('159','164','4','3',to_date('24/01/20','DD/MM/RR'),'1',null,'0',null,null,null,'3');
Insert into T_GENM_NOTIFICACION (ID_NOTIFICACION,ID_INICIATIVA,ID_ETAPA,ID_ESTADO,FECHA_REGISTRO,ID_ROL,ID_USUARIO,FLG_VISTO,FECHA_VISTO,ID_USUARIO_VISTO,DESCRIPCION,ID_ESTADO_NOTIFICACION) values ('160','165','1','1',to_date('24/01/20','DD/MM/RR'),'2',null,'0',null,null,'La iniciativa de la entidad Grupo Zuiga ha sido registrado correctamente y requiere su revisin','0');
Insert into T_GENM_NOTIFICACION (ID_NOTIFICACION,ID_INICIATIVA,ID_ETAPA,ID_ESTADO,FECHA_REGISTRO,ID_ROL,ID_USUARIO,FLG_VISTO,FECHA_VISTO,ID_USUARIO_VISTO,DESCRIPCION,ID_ESTADO_NOTIFICACION) values ('166','168','1','2',to_date('24/01/20','DD/MM/RR'),'1','81','0',null,null,'Corregir descripcin','1');
Insert into T_GENM_NOTIFICACION (ID_NOTIFICACION,ID_INICIATIVA,ID_ETAPA,ID_ESTADO,FECHA_REGISTRO,ID_ROL,ID_USUARIO,FLG_VISTO,FECHA_VISTO,ID_USUARIO_VISTO,DESCRIPCION,ID_ESTADO_NOTIFICACION) values ('175','172','1','1',to_date('25/01/20','DD/MM/RR'),'2',null,'0',null,null,'La iniciativa de la entidad Grupo Zuiga S.A.C. ha sido registrado correctamente y requiere su revisin','0');
Insert into T_GENM_NOTIFICACION (ID_NOTIFICACION,ID_INICIATIVA,ID_ETAPA,ID_ESTADO,FECHA_REGISTRO,ID_ROL,ID_USUARIO,FLG_VISTO,FECHA_VISTO,ID_USUARIO_VISTO,DESCRIPCION,ID_ESTADO_NOTIFICACION) values ('176','172','2','3',to_date('25/01/20','DD/MM/RR'),'1','81','0',null,null,null,'3');
Insert into T_GENM_NOTIFICACION (ID_NOTIFICACION,ID_INICIATIVA,ID_ETAPA,ID_ESTADO,FECHA_REGISTRO,ID_ROL,ID_USUARIO,FLG_VISTO,FECHA_VISTO,ID_USUARIO_VISTO,DESCRIPCION,ID_ESTADO_NOTIFICACION) values ('85','145','1','1',to_date('22/01/20','DD/MM/RR'),'2',null,'0',null,null,'La iniciativa de la entidad SLV Store ha sido registrado correctamente y requiere su revisin','0');
Insert into T_GENM_NOTIFICACION (ID_NOTIFICACION,ID_INICIATIVA,ID_ETAPA,ID_ESTADO,FECHA_REGISTRO,ID_ROL,ID_USUARIO,FLG_VISTO,FECHA_VISTO,ID_USUARIO_VISTO,DESCRIPCION,ID_ESTADO_NOTIFICACION) values ('109','151','1','1',to_date('23/01/20','DD/MM/RR'),'2',null,'0',null,null,'La iniciativa de la entidad SLV Store ha sido registrado correctamente y requiere su revisin','0');
Insert into T_GENM_NOTIFICACION (ID_NOTIFICACION,ID_INICIATIVA,ID_ETAPA,ID_ESTADO,FECHA_REGISTRO,ID_ROL,ID_USUARIO,FLG_VISTO,FECHA_VISTO,ID_USUARIO_VISTO,DESCRIPCION,ID_ESTADO_NOTIFICACION) values ('177','172','4','3',to_date('25/01/20','DD/MM/RR'),'1',null,'0',null,null,null,'3');
Insert into T_GENM_NOTIFICACION (ID_NOTIFICACION,ID_INICIATIVA,ID_ETAPA,ID_ESTADO,FECHA_REGISTRO,ID_ROL,ID_USUARIO,FLG_VISTO,FECHA_VISTO,ID_USUARIO_VISTO,DESCRIPCION,ID_ESTADO_NOTIFICACION) values ('185','171','3','1',to_date('27/01/20','DD/MM/RR'),'2','0','0',null,null,'El usuario de la entidad Grupo Zuigaha registrado el/los detalle(s) de la Iniciativa (Flota 101 autos de carbono), en espera de su revisin','0');
Insert into T_GENM_NOTIFICACION (ID_NOTIFICACION,ID_INICIATIVA,ID_ETAPA,ID_ESTADO,FECHA_REGISTRO,ID_ROL,ID_USUARIO,FLG_VISTO,FECHA_VISTO,ID_USUARIO_VISTO,DESCRIPCION,ID_ESTADO_NOTIFICACION) values ('186','171','3','1',to_date('27/01/20','DD/MM/RR'),'2','0','0',null,null,'El usuario de la entidad Grupo Zuigaha registrado el/los detalle(s) de la Iniciativa (Flota 101 autos de carbono), en espera de su revisin','0');
Insert into T_GENM_NOTIFICACION (ID_NOTIFICACION,ID_INICIATIVA,ID_ETAPA,ID_ESTADO,FECHA_REGISTRO,ID_ROL,ID_USUARIO,FLG_VISTO,FECHA_VISTO,ID_USUARIO_VISTO,DESCRIPCION,ID_ESTADO_NOTIFICACION) values ('187','171','3','1',to_date('27/01/20','DD/MM/RR'),'2','0','0',null,null,'El usuario de la entidad Grupo Zuigaha registrado el/los detalle(s) de la Iniciativa (Flota 101 autos de carbono), en espera de su revisin','0');
Insert into T_GENM_NOTIFICACION (ID_NOTIFICACION,ID_INICIATIVA,ID_ETAPA,ID_ESTADO,FECHA_REGISTRO,ID_ROL,ID_USUARIO,FLG_VISTO,FECHA_VISTO,ID_USUARIO_VISTO,DESCRIPCION,ID_ESTADO_NOTIFICACION) values ('188','171','3','2',to_date('27/01/20','DD/MM/RR'),'1',null,'0',null,null,'Corregir','1');
Insert into T_GENM_NOTIFICACION (ID_NOTIFICACION,ID_INICIATIVA,ID_ETAPA,ID_ESTADO,FECHA_REGISTRO,ID_ROL,ID_USUARIO,FLG_VISTO,FECHA_VISTO,ID_USUARIO_VISTO,DESCRIPCION,ID_ESTADO_NOTIFICACION) values ('189','181','1','1',to_date('27/01/20','DD/MM/RR'),'2','0','0',null,null,'La iniciativa de la entidad Grupo Zuiga ha sido registrado correctamente y requiere su revisin','0');
Insert into T_GENM_NOTIFICACION (ID_NOTIFICACION,ID_INICIATIVA,ID_ETAPA,ID_ESTADO,FECHA_REGISTRO,ID_ROL,ID_USUARIO,FLG_VISTO,FECHA_VISTO,ID_USUARIO_VISTO,DESCRIPCION,ID_ESTADO_NOTIFICACION) values ('190','182','2','3',to_date('27/01/20','DD/MM/RR'),'1','81','0',null,null,null,'3');
Insert into T_GENM_NOTIFICACION (ID_NOTIFICACION,ID_INICIATIVA,ID_ETAPA,ID_ESTADO,FECHA_REGISTRO,ID_ROL,ID_USUARIO,FLG_VISTO,FECHA_VISTO,ID_USUARIO_VISTO,DESCRIPCION,ID_ESTADO_NOTIFICACION) values ('191','166','2','3',to_date('27/01/20','DD/MM/RR'),'1','81','0',null,null,null,'3');
Insert into T_GENM_NOTIFICACION (ID_NOTIFICACION,ID_INICIATIVA,ID_ETAPA,ID_ESTADO,FECHA_REGISTRO,ID_ROL,ID_USUARIO,FLG_VISTO,FECHA_VISTO,ID_USUARIO_VISTO,DESCRIPCION,ID_ESTADO_NOTIFICACION) values ('195','160','3','1',to_date('28/01/20','DD/MM/RR'),'2','0','0',null,null,'El usuario de la entidad Grupo Zuigaha registrado el/los detalle(s) de la Iniciativa (45 Autos Elctricos), en espera de su revisin','0');
Insert into T_GENM_NOTIFICACION (ID_NOTIFICACION,ID_INICIATIVA,ID_ETAPA,ID_ESTADO,FECHA_REGISTRO,ID_ROL,ID_USUARIO,FLG_VISTO,FECHA_VISTO,ID_USUARIO_VISTO,DESCRIPCION,ID_ESTADO_NOTIFICACION) values ('196','160','3','1',to_date('28/01/20','DD/MM/RR'),'2','0','0',null,null,'El usuario de la entidad Grupo Zuigaha registrado el/los detalle(s) de la Iniciativa (45 Autos Elctricos), en espera de su revisin','0');
Insert into T_GENM_NOTIFICACION (ID_NOTIFICACION,ID_INICIATIVA,ID_ETAPA,ID_ESTADO,FECHA_REGISTRO,ID_ROL,ID_USUARIO,FLG_VISTO,FECHA_VISTO,ID_USUARIO_VISTO,DESCRIPCION,ID_ESTADO_NOTIFICACION) values ('197','160','3','1',to_date('28/01/20','DD/MM/RR'),'2','0','0',null,null,'El usuario de la entidad Grupo Zuigaha registrado el/los detalle(s) de la Iniciativa (45 Autos Elctricos), en espera de su revisin','0');
Insert into T_GENM_NOTIFICACION (ID_NOTIFICACION,ID_INICIATIVA,ID_ETAPA,ID_ESTADO,FECHA_REGISTRO,ID_ROL,ID_USUARIO,FLG_VISTO,FECHA_VISTO,ID_USUARIO_VISTO,DESCRIPCION,ID_ESTADO_NOTIFICACION) values ('181','155','1','1',to_date('27/01/20','DD/MM/RR'),'2',null,'0',null,null,'La iniciativa de la entidad Grupo Zuiga ha sido registrado correctamente y requiere su revisin','0');
Insert into T_GENM_NOTIFICACION (ID_NOTIFICACION,ID_INICIATIVA,ID_ETAPA,ID_ESTADO,FECHA_REGISTRO,ID_ROL,ID_USUARIO,FLG_VISTO,FECHA_VISTO,ID_USUARIO_VISTO,DESCRIPCION,ID_ESTADO_NOTIFICACION) values ('182','167','2','3',to_date('27/01/20','DD/MM/RR'),'1','81','0',null,null,null,'3');
Insert into T_GENM_NOTIFICACION (ID_NOTIFICACION,ID_INICIATIVA,ID_ETAPA,ID_ESTADO,FECHA_REGISTRO,ID_ROL,ID_USUARIO,FLG_VISTO,FECHA_VISTO,ID_USUARIO_VISTO,DESCRIPCION,ID_ESTADO_NOTIFICACION) values ('183','171','1','1',to_date('27/01/20','DD/MM/RR'),'2',null,'0',null,null,'La iniciativa de la entidad Grupo Zuiga ha sido registrado correctamente y requiere su revisin','0');
Insert into T_GENM_NOTIFICACION (ID_NOTIFICACION,ID_INICIATIVA,ID_ETAPA,ID_ESTADO,FECHA_REGISTRO,ID_ROL,ID_USUARIO,FLG_VISTO,FECHA_VISTO,ID_USUARIO_VISTO,DESCRIPCION,ID_ESTADO_NOTIFICACION) values ('184','171','2','3',to_date('27/01/20','DD/MM/RR'),'1','81','0',null,null,null,'3');
Insert into T_GENM_NOTIFICACION (ID_NOTIFICACION,ID_INICIATIVA,ID_ETAPA,ID_ESTADO,FECHA_REGISTRO,ID_ROL,ID_USUARIO,FLG_VISTO,FECHA_VISTO,ID_USUARIO_VISTO,DESCRIPCION,ID_ESTADO_NOTIFICACION) values ('192','166','3','1',to_date('27/01/20','DD/MM/RR'),'2','0','0',null,null,'El usuario de la entidad Grupo Zuigaha registrado el/los detalle(s) de la Iniciativa (Flota 60 vehculos elctricos), en espera de su revisin','0');
Insert into T_GENM_NOTIFICACION (ID_NOTIFICACION,ID_INICIATIVA,ID_ETAPA,ID_ESTADO,FECHA_REGISTRO,ID_ROL,ID_USUARIO,FLG_VISTO,FECHA_VISTO,ID_USUARIO_VISTO,DESCRIPCION,ID_ESTADO_NOTIFICACION) values ('193','166','3','1',to_date('27/01/20','DD/MM/RR'),'2','0','0',null,null,'El usuario de la entidad Grupo Zuigaha registrado el/los detalle(s) de la Iniciativa (Flota 60 vehculos elctricos), en espera de su revisin','0');
Insert into T_GENM_NOTIFICACION (ID_NOTIFICACION,ID_INICIATIVA,ID_ETAPA,ID_ESTADO,FECHA_REGISTRO,ID_ROL,ID_USUARIO,FLG_VISTO,FECHA_VISTO,ID_USUARIO_VISTO,DESCRIPCION,ID_ESTADO_NOTIFICACION) values ('194','166','3','2',to_date('27/01/20','DD/MM/RR'),'1',null,'0',null,null,'Corregir','1');
Insert into T_GENM_NOTIFICACION (ID_NOTIFICACION,ID_INICIATIVA,ID_ETAPA,ID_ESTADO,FECHA_REGISTRO,ID_ROL,ID_USUARIO,FLG_VISTO,FECHA_VISTO,ID_USUARIO_VISTO,DESCRIPCION,ID_ESTADO_NOTIFICACION) values ('84','143','3','2',to_date('21/01/20','DD/MM/RR'),'1',null,'0',null,null,'Se observa que el monto no es representativo para la Iniciativa','1');
Insert into T_GENM_NOTIFICACION (ID_NOTIFICACION,ID_INICIATIVA,ID_ETAPA,ID_ESTADO,FECHA_REGISTRO,ID_ROL,ID_USUARIO,FLG_VISTO,FECHA_VISTO,ID_USUARIO_VISTO,DESCRIPCION,ID_ESTADO_NOTIFICACION) values ('118','153','1','1',to_date('23/01/20','DD/MM/RR'),'2',null,'0',null,null,'La iniciativa de la entidad Grupo Zuiga ha sido registrado correctamente y requiere su revisin','0');
Insert into T_GENM_NOTIFICACION (ID_NOTIFICACION,ID_INICIATIVA,ID_ETAPA,ID_ESTADO,FECHA_REGISTRO,ID_ROL,ID_USUARIO,FLG_VISTO,FECHA_VISTO,ID_USUARIO_VISTO,DESCRIPCION,ID_ESTADO_NOTIFICACION) values ('119','154','1','1',to_date('23/01/20','DD/MM/RR'),'2',null,'0',null,null,'La iniciativa de la entidad Grupo Zuiga ha sido registrado correctamente y requiere su revisin','0');
Insert into T_GENM_NOTIFICACION (ID_NOTIFICACION,ID_INICIATIVA,ID_ETAPA,ID_ESTADO,FECHA_REGISTRO,ID_ROL,ID_USUARIO,FLG_VISTO,FECHA_VISTO,ID_USUARIO_VISTO,DESCRIPCION,ID_ESTADO_NOTIFICACION) values ('123','157','1','1',to_date('23/01/20','DD/MM/RR'),'2',null,'0',null,null,'La iniciativa de la entidad SLV Store ha sido registrado correctamente y requiere su revisin','0');
Insert into T_GENM_NOTIFICACION (ID_NOTIFICACION,ID_INICIATIVA,ID_ETAPA,ID_ESTADO,FECHA_REGISTRO,ID_ROL,ID_USUARIO,FLG_VISTO,FECHA_VISTO,ID_USUARIO_VISTO,DESCRIPCION,ID_ESTADO_NOTIFICACION) values ('124','157','2','3',to_date('23/01/20','DD/MM/RR'),'1','81','0',null,null,null,'3');
Insert into T_GENM_NOTIFICACION (ID_NOTIFICACION,ID_INICIATIVA,ID_ETAPA,ID_ESTADO,FECHA_REGISTRO,ID_ROL,ID_USUARIO,FLG_VISTO,FECHA_VISTO,ID_USUARIO_VISTO,DESCRIPCION,ID_ESTADO_NOTIFICACION) values ('125','157','4','3',to_date('23/01/20','DD/MM/RR'),'1',null,'0',null,null,null,'3');
Insert into T_GENM_NOTIFICACION (ID_NOTIFICACION,ID_INICIATIVA,ID_ETAPA,ID_ESTADO,FECHA_REGISTRO,ID_ROL,ID_USUARIO,FLG_VISTO,FECHA_VISTO,ID_USUARIO_VISTO,DESCRIPCION,ID_ESTADO_NOTIFICACION) values ('127','154','2','3',to_date('23/01/20','DD/MM/RR'),'1','81','0',null,null,null,'3');
Insert into T_GENM_NOTIFICACION (ID_NOTIFICACION,ID_INICIATIVA,ID_ETAPA,ID_ESTADO,FECHA_REGISTRO,ID_ROL,ID_USUARIO,FLG_VISTO,FECHA_VISTO,ID_USUARIO_VISTO,DESCRIPCION,ID_ESTADO_NOTIFICACION) values ('79','142','1','1',to_date('21/01/20','DD/MM/RR'),'2',null,'0',null,null,'La iniciativa de la entidad SLV Store ha sido registrado correctamente y requiere su revisin','0');
Insert into T_GENM_NOTIFICACION (ID_NOTIFICACION,ID_INICIATIVA,ID_ETAPA,ID_ESTADO,FECHA_REGISTRO,ID_ROL,ID_USUARIO,FLG_VISTO,FECHA_VISTO,ID_USUARIO_VISTO,DESCRIPCION,ID_ESTADO_NOTIFICACION) values ('80','142','2','3',to_date('21/01/20','DD/MM/RR'),'1','81','0',null,null,null,'3');
Insert into T_GENM_NOTIFICACION (ID_NOTIFICACION,ID_INICIATIVA,ID_ETAPA,ID_ESTADO,FECHA_REGISTRO,ID_ROL,ID_USUARIO,FLG_VISTO,FECHA_VISTO,ID_USUARIO_VISTO,DESCRIPCION,ID_ESTADO_NOTIFICACION) values ('81','142','4','3',to_date('21/01/20','DD/MM/RR'),'1',null,'0',null,null,null,'3');
Insert into T_GENM_NOTIFICACION (ID_NOTIFICACION,ID_INICIATIVA,ID_ETAPA,ID_ESTADO,FECHA_REGISTRO,ID_ROL,ID_USUARIO,FLG_VISTO,FECHA_VISTO,ID_USUARIO_VISTO,DESCRIPCION,ID_ESTADO_NOTIFICACION) values ('82','143','1','1',to_date('21/01/20','DD/MM/RR'),'2',null,'0',null,null,'La iniciativa de la entidad SLV Store ha sido registrado correctamente y requiere su revisin','0');
Insert into T_GENM_NOTIFICACION (ID_NOTIFICACION,ID_INICIATIVA,ID_ETAPA,ID_ESTADO,FECHA_REGISTRO,ID_ROL,ID_USUARIO,FLG_VISTO,FECHA_VISTO,ID_USUARIO_VISTO,DESCRIPCION,ID_ESTADO_NOTIFICACION) values ('83','143','2','3',to_date('21/01/20','DD/MM/RR'),'1','81','0',null,null,null,'3');
Insert into T_GENM_NOTIFICACION (ID_NOTIFICACION,ID_INICIATIVA,ID_ETAPA,ID_ESTADO,FECHA_REGISTRO,ID_ROL,ID_USUARIO,FLG_VISTO,FECHA_VISTO,ID_USUARIO_VISTO,DESCRIPCION,ID_ESTADO_NOTIFICACION) values ('88','146','1','1',to_date('22/01/20','DD/MM/RR'),'2',null,'0',null,null,'La iniciativa de la entidad SLV Store ha sido registrado correctamente y requiere su revisin','0');
Insert into T_GENM_NOTIFICACION (ID_NOTIFICACION,ID_INICIATIVA,ID_ETAPA,ID_ESTADO,FECHA_REGISTRO,ID_ROL,ID_USUARIO,FLG_VISTO,FECHA_VISTO,ID_USUARIO_VISTO,DESCRIPCION,ID_ESTADO_NOTIFICACION) values ('89','145','2','3',to_date('22/01/20','DD/MM/RR'),'1','81','0',null,null,null,'3');
Insert into T_GENM_NOTIFICACION (ID_NOTIFICACION,ID_INICIATIVA,ID_ETAPA,ID_ESTADO,FECHA_REGISTRO,ID_ROL,ID_USUARIO,FLG_VISTO,FECHA_VISTO,ID_USUARIO_VISTO,DESCRIPCION,ID_ESTADO_NOTIFICACION) values ('90','145','3','2',to_date('22/01/20','DD/MM/RR'),'1',null,'0',null,null,'corrigue','1');
Insert into T_GENM_NOTIFICACION (ID_NOTIFICACION,ID_INICIATIVA,ID_ETAPA,ID_ESTADO,FECHA_REGISTRO,ID_ROL,ID_USUARIO,FLG_VISTO,FECHA_VISTO,ID_USUARIO_VISTO,DESCRIPCION,ID_ESTADO_NOTIFICACION) values ('91','145','3','1',to_date('22/01/20','DD/MM/RR'),'2','129','0',null,null,'La entidad SLV Store ha corregido el detalle de indicadores correctamente y requiere su revisin','0');
Insert into T_GENM_NOTIFICACION (ID_NOTIFICACION,ID_INICIATIVA,ID_ETAPA,ID_ESTADO,FECHA_REGISTRO,ID_ROL,ID_USUARIO,FLG_VISTO,FECHA_VISTO,ID_USUARIO_VISTO,DESCRIPCION,ID_ESTADO_NOTIFICACION) values ('92','145','4','3',to_date('22/01/20','DD/MM/RR'),'1',null,'0',null,null,null,'3');
Insert into T_GENM_NOTIFICACION (ID_NOTIFICACION,ID_INICIATIVA,ID_ETAPA,ID_ESTADO,FECHA_REGISTRO,ID_ROL,ID_USUARIO,FLG_VISTO,FECHA_VISTO,ID_USUARIO_VISTO,DESCRIPCION,ID_ESTADO_NOTIFICACION) values ('93','147','1','1',to_date('22/01/20','DD/MM/RR'),'2',null,'0',null,null,'La iniciativa de la entidad SLV Store ha sido registrado correctamente y requiere su revisin','0');
Insert into T_GENM_NOTIFICACION (ID_NOTIFICACION,ID_INICIATIVA,ID_ETAPA,ID_ESTADO,FECHA_REGISTRO,ID_ROL,ID_USUARIO,FLG_VISTO,FECHA_VISTO,ID_USUARIO_VISTO,DESCRIPCION,ID_ESTADO_NOTIFICACION) values ('106','149','3','2',to_date('23/01/20','DD/MM/RR'),'1',null,'0',null,null,' fffff','1');
Insert into T_GENM_NOTIFICACION (ID_NOTIFICACION,ID_INICIATIVA,ID_ETAPA,ID_ESTADO,FECHA_REGISTRO,ID_ROL,ID_USUARIO,FLG_VISTO,FECHA_VISTO,ID_USUARIO_VISTO,DESCRIPCION,ID_ESTADO_NOTIFICACION) values ('107','149','3','1',to_date('23/01/20','DD/MM/RR'),'2','129','0',null,null,'La entidad SLV Store ha corregido el detalle de indicadores correctamente y requiere su revisin','0');
Insert into T_GENM_NOTIFICACION (ID_NOTIFICACION,ID_INICIATIVA,ID_ETAPA,ID_ESTADO,FECHA_REGISTRO,ID_ROL,ID_USUARIO,FLG_VISTO,FECHA_VISTO,ID_USUARIO_VISTO,DESCRIPCION,ID_ESTADO_NOTIFICACION) values ('108','149','4','3',to_date('23/01/20','DD/MM/RR'),'1',null,'0',null,null,null,'3');
Insert into T_GENM_NOTIFICACION (ID_NOTIFICACION,ID_INICIATIVA,ID_ETAPA,ID_ESTADO,FECHA_REGISTRO,ID_ROL,ID_USUARIO,FLG_VISTO,FECHA_VISTO,ID_USUARIO_VISTO,DESCRIPCION,ID_ESTADO_NOTIFICACION) values ('121','156','1','1',to_date('23/01/20','DD/MM/RR'),'2',null,'0',null,null,'La iniciativa de la entidad Grupo Zuiga ha sido registrado correctamente y requiere su revisin','0');
Insert into T_GENM_NOTIFICACION (ID_NOTIFICACION,ID_INICIATIVA,ID_ETAPA,ID_ESTADO,FECHA_REGISTRO,ID_ROL,ID_USUARIO,FLG_VISTO,FECHA_VISTO,ID_USUARIO_VISTO,DESCRIPCION,ID_ESTADO_NOTIFICACION) values ('122','156','1','2',to_date('23/01/20','DD/MM/RR'),'1','81','0',null,null,'Revisar el monto y la medida','1');
Insert into T_GENM_NOTIFICACION (ID_NOTIFICACION,ID_INICIATIVA,ID_ETAPA,ID_ESTADO,FECHA_REGISTRO,ID_ROL,ID_USUARIO,FLG_VISTO,FECHA_VISTO,ID_USUARIO_VISTO,DESCRIPCION,ID_ESTADO_NOTIFICACION) values ('128','155','1','2',to_date('23/01/20','DD/MM/RR'),'1','81','0',null,null,'Revisar la iniciativa','1');
Insert into T_GENM_NOTIFICACION (ID_NOTIFICACION,ID_INICIATIVA,ID_ETAPA,ID_ESTADO,FECHA_REGISTRO,ID_ROL,ID_USUARIO,FLG_VISTO,FECHA_VISTO,ID_USUARIO_VISTO,DESCRIPCION,ID_ESTADO_NOTIFICACION) values ('129','153','2','3',to_date('23/01/20','DD/MM/RR'),'1','81','0',null,null,null,'3');
Insert into T_GENM_NOTIFICACION (ID_NOTIFICACION,ID_INICIATIVA,ID_ETAPA,ID_ESTADO,FECHA_REGISTRO,ID_ROL,ID_USUARIO,FLG_VISTO,FECHA_VISTO,ID_USUARIO_VISTO,DESCRIPCION,ID_ESTADO_NOTIFICACION) values ('147','162','1','1',to_date('24/01/20','DD/MM/RR'),'2',null,'0',null,null,'La iniciativa de la entidad colegio imperio del tahuantinsuyo ha sido registrado correctamente y requiere su revisin','0');
Insert into T_GENM_NOTIFICACION (ID_NOTIFICACION,ID_INICIATIVA,ID_ETAPA,ID_ESTADO,FECHA_REGISTRO,ID_ROL,ID_USUARIO,FLG_VISTO,FECHA_VISTO,ID_USUARIO_VISTO,DESCRIPCION,ID_ESTADO_NOTIFICACION) values ('148','162','1','2',to_date('24/01/20','DD/MM/RR'),'1','81','0',null,null,'describir ','1');
Insert into T_GENM_NOTIFICACION (ID_NOTIFICACION,ID_INICIATIVA,ID_ETAPA,ID_ESTADO,FECHA_REGISTRO,ID_ROL,ID_USUARIO,FLG_VISTO,FECHA_VISTO,ID_USUARIO_VISTO,DESCRIPCION,ID_ESTADO_NOTIFICACION) values ('86','145','1','2',to_date('22/01/20','DD/MM/RR'),'1','81','0',null,null,'Falta ingresar descripcin','1');
Insert into T_GENM_NOTIFICACION (ID_NOTIFICACION,ID_INICIATIVA,ID_ETAPA,ID_ESTADO,FECHA_REGISTRO,ID_ROL,ID_USUARIO,FLG_VISTO,FECHA_VISTO,ID_USUARIO_VISTO,DESCRIPCION,ID_ESTADO_NOTIFICACION) values ('87','145','1','1',to_date('22/01/20','DD/MM/RR'),'2',null,'0',null,null,'La iniciativa de la entidad SLV Store ha sido registrado correctamente y requiere su revisin','0');
Insert into T_GENM_NOTIFICACION (ID_NOTIFICACION,ID_INICIATIVA,ID_ETAPA,ID_ESTADO,FECHA_REGISTRO,ID_ROL,ID_USUARIO,FLG_VISTO,FECHA_VISTO,ID_USUARIO_VISTO,DESCRIPCION,ID_ESTADO_NOTIFICACION) values ('149','162','1','1',to_date('24/01/20','DD/MM/RR'),'2',null,'0',null,null,'La iniciativa de la entidad colegio imperio del tahuantinsuyo ha sido registrado correctamente y requiere su revisin','0');
Insert into T_GENM_NOTIFICACION (ID_NOTIFICACION,ID_INICIATIVA,ID_ETAPA,ID_ESTADO,FECHA_REGISTRO,ID_ROL,ID_USUARIO,FLG_VISTO,FECHA_VISTO,ID_USUARIO_VISTO,DESCRIPCION,ID_ESTADO_NOTIFICACION) values ('150','162','2','3',to_date('24/01/20','DD/MM/RR'),'1','81','0',null,null,null,'3');
Insert into T_GENM_NOTIFICACION (ID_NOTIFICACION,ID_INICIATIVA,ID_ETAPA,ID_ESTADO,FECHA_REGISTRO,ID_ROL,ID_USUARIO,FLG_VISTO,FECHA_VISTO,ID_USUARIO_VISTO,DESCRIPCION,ID_ESTADO_NOTIFICACION) values ('151','162','3','2',to_date('24/01/20','DD/MM/RR'),'1',null,'0',null,null,'detalle bien ','1');
Insert into T_GENM_NOTIFICACION (ID_NOTIFICACION,ID_INICIATIVA,ID_ETAPA,ID_ESTADO,FECHA_REGISTRO,ID_ROL,ID_USUARIO,FLG_VISTO,FECHA_VISTO,ID_USUARIO_VISTO,DESCRIPCION,ID_ESTADO_NOTIFICACION) values ('152','162','3','1',to_date('24/01/20','DD/MM/RR'),'2','142','0',null,null,'La entidad colegio imperio del tahuantinsuyo ha corregido el detalle de indicadores correctamente y requiere su revisin','0');
Insert into T_GENM_NOTIFICACION (ID_NOTIFICACION,ID_INICIATIVA,ID_ETAPA,ID_ESTADO,FECHA_REGISTRO,ID_ROL,ID_USUARIO,FLG_VISTO,FECHA_VISTO,ID_USUARIO_VISTO,DESCRIPCION,ID_ESTADO_NOTIFICACION) values ('153','162','4','3',to_date('24/01/20','DD/MM/RR'),'1',null,'0',null,null,null,'3');
Insert into T_GENM_NOTIFICACION (ID_NOTIFICACION,ID_INICIATIVA,ID_ETAPA,ID_ESTADO,FECHA_REGISTRO,ID_ROL,ID_USUARIO,FLG_VISTO,FECHA_VISTO,ID_USUARIO_VISTO,DESCRIPCION,ID_ESTADO_NOTIFICACION) values ('154','163','1','1',to_date('24/01/20','DD/MM/RR'),'2',null,'0',null,null,'La iniciativa de la entidad Grupo Zuiga ha sido registrado correctamente y requiere su revisin','0');
Insert into T_GENM_NOTIFICACION (ID_NOTIFICACION,ID_INICIATIVA,ID_ETAPA,ID_ESTADO,FECHA_REGISTRO,ID_ROL,ID_USUARIO,FLG_VISTO,FECHA_VISTO,ID_USUARIO_VISTO,DESCRIPCION,ID_ESTADO_NOTIFICACION) values ('155','163','2','3',to_date('24/01/20','DD/MM/RR'),'1','81','0',null,null,null,'3');
Insert into T_GENM_NOTIFICACION (ID_NOTIFICACION,ID_INICIATIVA,ID_ETAPA,ID_ESTADO,FECHA_REGISTRO,ID_ROL,ID_USUARIO,FLG_VISTO,FECHA_VISTO,ID_USUARIO_VISTO,DESCRIPCION,ID_ESTADO_NOTIFICACION) values ('156','163','4','3',to_date('24/01/20','DD/MM/RR'),'1',null,'0',null,null,null,'3');
Insert into T_GENM_NOTIFICACION (ID_NOTIFICACION,ID_INICIATIVA,ID_ETAPA,ID_ESTADO,FECHA_REGISTRO,ID_ROL,ID_USUARIO,FLG_VISTO,FECHA_VISTO,ID_USUARIO_VISTO,DESCRIPCION,ID_ESTADO_NOTIFICACION) values ('158','164','2','3',to_date('24/01/20','DD/MM/RR'),'1','81','0',null,null,null,'3');
Insert into T_GENM_NOTIFICACION (ID_NOTIFICACION,ID_INICIATIVA,ID_ETAPA,ID_ESTADO,FECHA_REGISTRO,ID_ROL,ID_USUARIO,FLG_VISTO,FECHA_VISTO,ID_USUARIO_VISTO,DESCRIPCION,ID_ESTADO_NOTIFICACION) values ('164','167','1','1',to_date('24/01/20','DD/MM/RR'),'2',null,'0',null,null,'La iniciativa de la entidad SLV ha sido registrado correctamente y requiere su revisin','0');
Insert into T_GENM_NOTIFICACION (ID_NOTIFICACION,ID_INICIATIVA,ID_ETAPA,ID_ESTADO,FECHA_REGISTRO,ID_ROL,ID_USUARIO,FLG_VISTO,FECHA_VISTO,ID_USUARIO_VISTO,DESCRIPCION,ID_ESTADO_NOTIFICACION) values ('165','168','1','1',to_date('24/01/20','DD/MM/RR'),'2',null,'0',null,null,'La iniciativa de la entidad Grupo Zuiga ha sido registrado correctamente y requiere su revisin','0');
Insert into T_GENM_NOTIFICACION (ID_NOTIFICACION,ID_INICIATIVA,ID_ETAPA,ID_ESTADO,FECHA_REGISTRO,ID_ROL,ID_USUARIO,FLG_VISTO,FECHA_VISTO,ID_USUARIO_VISTO,DESCRIPCION,ID_ESTADO_NOTIFICACION) values ('169','170','1','1',to_date('25/01/20','DD/MM/RR'),'2',null,'0',null,null,'La iniciativa de la entidad Grupo Zuiga ha sido registrado correctamente y requiere su revisin','0');
Insert into T_GENM_NOTIFICACION (ID_NOTIFICACION,ID_INICIATIVA,ID_ETAPA,ID_ESTADO,FECHA_REGISTRO,ID_ROL,ID_USUARIO,FLG_VISTO,FECHA_VISTO,ID_USUARIO_VISTO,DESCRIPCION,ID_ESTADO_NOTIFICACION) values ('170','170','1','2',to_date('25/01/20','DD/MM/RR'),'1','81','0',null,null,'CORREGIR TU MODAL DE OBSERVACION ','1');
Insert into T_GENM_NOTIFICACION (ID_NOTIFICACION,ID_INICIATIVA,ID_ETAPA,ID_ESTADO,FECHA_REGISTRO,ID_ROL,ID_USUARIO,FLG_VISTO,FECHA_VISTO,ID_USUARIO_VISTO,DESCRIPCION,ID_ESTADO_NOTIFICACION) values ('171','170','1','1',to_date('25/01/20','DD/MM/RR'),'2',null,'0',null,null,'La iniciativa de la entidad Grupo Zuiga ha sido registrado correctamente y requiere su revisin','0');
Insert into T_GENM_NOTIFICACION (ID_NOTIFICACION,ID_INICIATIVA,ID_ETAPA,ID_ESTADO,FECHA_REGISTRO,ID_ROL,ID_USUARIO,FLG_VISTO,FECHA_VISTO,ID_USUARIO_VISTO,DESCRIPCION,ID_ESTADO_NOTIFICACION) values ('172','170','2','3',to_date('25/01/20','DD/MM/RR'),'1','81','0',null,null,null,'3');
Insert into T_GENM_NOTIFICACION (ID_NOTIFICACION,ID_INICIATIVA,ID_ETAPA,ID_ESTADO,FECHA_REGISTRO,ID_ROL,ID_USUARIO,FLG_VISTO,FECHA_VISTO,ID_USUARIO_VISTO,DESCRIPCION,ID_ESTADO_NOTIFICACION) values ('173','171','1','1',to_date('25/01/20','DD/MM/RR'),'2',null,'0',null,null,'La iniciativa de la entidad Grupo Zuiga ha sido registrado correctamente y requiere su revisin','0');
Insert into T_GENM_NOTIFICACION (ID_NOTIFICACION,ID_INICIATIVA,ID_ETAPA,ID_ESTADO,FECHA_REGISTRO,ID_ROL,ID_USUARIO,FLG_VISTO,FECHA_VISTO,ID_USUARIO_VISTO,DESCRIPCION,ID_ESTADO_NOTIFICACION) values ('174','171','1','2',to_date('25/01/20','DD/MM/RR'),'1','81','0',null,null,'Corregir el modal','1');
Insert into T_GENM_NOTIFICACION (ID_NOTIFICACION,ID_INICIATIVA,ID_ETAPA,ID_ESTADO,FECHA_REGISTRO,ID_ROL,ID_USUARIO,FLG_VISTO,FECHA_VISTO,ID_USUARIO_VISTO,DESCRIPCION,ID_ESTADO_NOTIFICACION) values ('96','148','4','3',to_date('22/01/20','DD/MM/RR'),'1',null,'0',null,null,null,'3');
Insert into T_GENM_NOTIFICACION (ID_NOTIFICACION,ID_INICIATIVA,ID_ETAPA,ID_ESTADO,FECHA_REGISTRO,ID_ROL,ID_USUARIO,FLG_VISTO,FECHA_VISTO,ID_USUARIO_VISTO,DESCRIPCION,ID_ESTADO_NOTIFICACION) values ('97','149','1','1',to_date('22/01/20','DD/MM/RR'),'2',null,'0',null,null,'La iniciativa de la entidad SLV Store ha sido registrado correctamente y requiere su revisin','0');
Insert into T_GENM_NOTIFICACION (ID_NOTIFICACION,ID_INICIATIVA,ID_ETAPA,ID_ESTADO,FECHA_REGISTRO,ID_ROL,ID_USUARIO,FLG_VISTO,FECHA_VISTO,ID_USUARIO_VISTO,DESCRIPCION,ID_ESTADO_NOTIFICACION) values ('98','149','1','2',to_date('22/01/20','DD/MM/RR'),'1','81','0',null,null,'corregir','1');
Insert into T_GENM_NOTIFICACION (ID_NOTIFICACION,ID_INICIATIVA,ID_ETAPA,ID_ESTADO,FECHA_REGISTRO,ID_ROL,ID_USUARIO,FLG_VISTO,FECHA_VISTO,ID_USUARIO_VISTO,DESCRIPCION,ID_ESTADO_NOTIFICACION) values ('99','149','1','1',to_date('22/01/20','DD/MM/RR'),'2',null,'0',null,null,'La iniciativa de la entidad SLV Store ha sido registrado correctamente y requiere su revisin','0');
Insert into T_GENM_NOTIFICACION (ID_NOTIFICACION,ID_INICIATIVA,ID_ETAPA,ID_ESTADO,FECHA_REGISTRO,ID_ROL,ID_USUARIO,FLG_VISTO,FECHA_VISTO,ID_USUARIO_VISTO,DESCRIPCION,ID_ESTADO_NOTIFICACION) values ('94','148','1','1',to_date('22/01/20','DD/MM/RR'),'2',null,'0',null,null,'La iniciativa de la entidad Grupo Zuiga S.A.C. ha sido registrado correctamente y requiere su revisin','0');
Insert into T_GENM_NOTIFICACION (ID_NOTIFICACION,ID_INICIATIVA,ID_ETAPA,ID_ESTADO,FECHA_REGISTRO,ID_ROL,ID_USUARIO,FLG_VISTO,FECHA_VISTO,ID_USUARIO_VISTO,DESCRIPCION,ID_ESTADO_NOTIFICACION) values ('95','148','2','3',to_date('22/01/20','DD/MM/RR'),'1','81','0',null,null,null,'3');
Insert into T_GENM_NOTIFICACION (ID_NOTIFICACION,ID_INICIATIVA,ID_ETAPA,ID_ESTADO,FECHA_REGISTRO,ID_ROL,ID_USUARIO,FLG_VISTO,FECHA_VISTO,ID_USUARIO_VISTO,DESCRIPCION,ID_ESTADO_NOTIFICACION) values ('100','149','2','3',to_date('22/01/20','DD/MM/RR'),'1','81','0',null,null,null,'3');
Insert into T_GENM_NOTIFICACION (ID_NOTIFICACION,ID_INICIATIVA,ID_ETAPA,ID_ESTADO,FECHA_REGISTRO,ID_ROL,ID_USUARIO,FLG_VISTO,FECHA_VISTO,ID_USUARIO_VISTO,DESCRIPCION,ID_ESTADO_NOTIFICACION) values ('101','150','1','1',to_date('22/01/20','DD/MM/RR'),'2',null,'0',null,null,'La iniciativa de la entidad Chapilliquen SAC ha sido registrado correctamente y requiere su revisin','0');
Insert into T_GENM_NOTIFICACION (ID_NOTIFICACION,ID_INICIATIVA,ID_ETAPA,ID_ESTADO,FECHA_REGISTRO,ID_ROL,ID_USUARIO,FLG_VISTO,FECHA_VISTO,ID_USUARIO_VISTO,DESCRIPCION,ID_ESTADO_NOTIFICACION) values ('102','150','2','3',to_date('22/01/20','DD/MM/RR'),'1','81','0',null,null,null,'3');
Insert into T_GENM_NOTIFICACION (ID_NOTIFICACION,ID_INICIATIVA,ID_ETAPA,ID_ESTADO,FECHA_REGISTRO,ID_ROL,ID_USUARIO,FLG_VISTO,FECHA_VISTO,ID_USUARIO_VISTO,DESCRIPCION,ID_ESTADO_NOTIFICACION) values ('103','150','3','2',to_date('22/01/20','DD/MM/RR'),'1',null,'0',null,null,'Monto de Inversion verificar','1');
Insert into T_GENM_NOTIFICACION (ID_NOTIFICACION,ID_INICIATIVA,ID_ETAPA,ID_ESTADO,FECHA_REGISTRO,ID_ROL,ID_USUARIO,FLG_VISTO,FECHA_VISTO,ID_USUARIO_VISTO,DESCRIPCION,ID_ESTADO_NOTIFICACION) values ('104','150','3','1',to_date('22/01/20','DD/MM/RR'),'2','134','0',null,null,'La entidad Chapilliquen SAC ha corregido el detalle de indicadores correctamente y requiere su revisin','0');
Insert into T_GENM_NOTIFICACION (ID_NOTIFICACION,ID_INICIATIVA,ID_ETAPA,ID_ESTADO,FECHA_REGISTRO,ID_ROL,ID_USUARIO,FLG_VISTO,FECHA_VISTO,ID_USUARIO_VISTO,DESCRIPCION,ID_ESTADO_NOTIFICACION) values ('105','150','4','3',to_date('22/01/20','DD/MM/RR'),'1',null,'0',null,null,null,'3');
Insert into T_GENM_NOTIFICACION (ID_NOTIFICACION,ID_INICIATIVA,ID_ETAPA,ID_ESTADO,FECHA_REGISTRO,ID_ROL,ID_USUARIO,FLG_VISTO,FECHA_VISTO,ID_USUARIO_VISTO,DESCRIPCION,ID_ESTADO_NOTIFICACION) values ('115','152','1','1',to_date('23/01/20','DD/MM/RR'),'2',null,'0',null,null,'La iniciativa de la entidad SLV Store ha sido registrado correctamente y requiere su revisin','0');
Insert into T_GENM_NOTIFICACION (ID_NOTIFICACION,ID_INICIATIVA,ID_ETAPA,ID_ESTADO,FECHA_REGISTRO,ID_ROL,ID_USUARIO,FLG_VISTO,FECHA_VISTO,ID_USUARIO_VISTO,DESCRIPCION,ID_ESTADO_NOTIFICACION) values ('116','152','2','3',to_date('23/01/20','DD/MM/RR'),'1','81','0',null,null,null,'3');
Insert into T_GENM_NOTIFICACION (ID_NOTIFICACION,ID_INICIATIVA,ID_ETAPA,ID_ESTADO,FECHA_REGISTRO,ID_ROL,ID_USUARIO,FLG_VISTO,FECHA_VISTO,ID_USUARIO_VISTO,DESCRIPCION,ID_ESTADO_NOTIFICACION) values ('117','152','4','3',to_date('23/01/20','DD/MM/RR'),'1',null,'0',null,null,null,'3');
Insert into T_GENM_NOTIFICACION (ID_NOTIFICACION,ID_INICIATIVA,ID_ETAPA,ID_ESTADO,FECHA_REGISTRO,ID_ROL,ID_USUARIO,FLG_VISTO,FECHA_VISTO,ID_USUARIO_VISTO,DESCRIPCION,ID_ESTADO_NOTIFICACION) values ('120','155','1','1',to_date('23/01/20','DD/MM/RR'),'2',null,'0',null,null,'La iniciativa de la entidad Grupo Zuiga ha sido registrado correctamente y requiere su revisin','0');
Insert into T_GENM_NOTIFICACION (ID_NOTIFICACION,ID_INICIATIVA,ID_ETAPA,ID_ESTADO,FECHA_REGISTRO,ID_ROL,ID_USUARIO,FLG_VISTO,FECHA_VISTO,ID_USUARIO_VISTO,DESCRIPCION,ID_ESTADO_NOTIFICACION) values ('141','159','1','1',to_date('23/01/20','DD/MM/RR'),'2',null,'0',null,null,'La iniciativa de la entidad Grupo Zuiga ha sido registrado correctamente y requiere su revisin','0');
Insert into T_GENM_NOTIFICACION (ID_NOTIFICACION,ID_INICIATIVA,ID_ETAPA,ID_ESTADO,FECHA_REGISTRO,ID_ROL,ID_USUARIO,FLG_VISTO,FECHA_VISTO,ID_USUARIO_VISTO,DESCRIPCION,ID_ESTADO_NOTIFICACION) values ('157','164','1','1',to_date('24/01/20','DD/MM/RR'),'2',null,'0',null,null,'La iniciativa de la entidad Grupo Zuiga S.A.C. ha sido registrado correctamente y requiere su revisin','0');
Insert into T_GENM_NOTIFICACION (ID_NOTIFICACION,ID_INICIATIVA,ID_ETAPA,ID_ESTADO,FECHA_REGISTRO,ID_ROL,ID_USUARIO,FLG_VISTO,FECHA_VISTO,ID_USUARIO_VISTO,DESCRIPCION,ID_ESTADO_NOTIFICACION) values ('161','166','1','1',to_date('24/01/20','DD/MM/RR'),'2',null,'0',null,null,'La iniciativa de la entidad Grupo Zuiga ha sido registrado correctamente y requiere su revisin','0');
Insert into T_GENM_NOTIFICACION (ID_NOTIFICACION,ID_INICIATIVA,ID_ETAPA,ID_ESTADO,FECHA_REGISTRO,ID_ROL,ID_USUARIO,FLG_VISTO,FECHA_VISTO,ID_USUARIO_VISTO,DESCRIPCION,ID_ESTADO_NOTIFICACION) values ('162','165','2','3',to_date('24/01/20','DD/MM/RR'),'1','81','0',null,null,null,'3');
Insert into T_GENM_NOTIFICACION (ID_NOTIFICACION,ID_INICIATIVA,ID_ETAPA,ID_ESTADO,FECHA_REGISTRO,ID_ROL,ID_USUARIO,FLG_VISTO,FECHA_VISTO,ID_USUARIO_VISTO,DESCRIPCION,ID_ESTADO_NOTIFICACION) values ('163','153','4','3',to_date('24/01/20','DD/MM/RR'),'1',null,'0',null,null,null,'3');
Insert into T_GENM_NOTIFICACION (ID_NOTIFICACION,ID_INICIATIVA,ID_ETAPA,ID_ESTADO,FECHA_REGISTRO,ID_ROL,ID_USUARIO,FLG_VISTO,FECHA_VISTO,ID_USUARIO_VISTO,DESCRIPCION,ID_ESTADO_NOTIFICACION) values ('167','168','1','1',to_date('24/01/20','DD/MM/RR'),'2',null,'0',null,null,'La iniciativa de la entidad Grupo Zuiga ha sido registrado correctamente y requiere su revisin','0');
Insert into T_GENM_NOTIFICACION (ID_NOTIFICACION,ID_INICIATIVA,ID_ETAPA,ID_ESTADO,FECHA_REGISTRO,ID_ROL,ID_USUARIO,FLG_VISTO,FECHA_VISTO,ID_USUARIO_VISTO,DESCRIPCION,ID_ESTADO_NOTIFICACION) values ('168','165','3','1',to_date('24/01/20','DD/MM/RR'),'2','132','0',null,null,'La entidad Grupo Zuiga ha corregido el detalle de indicadores correctamente y requiere su revisin','0');
Insert into T_GENM_NOTIFICACION (ID_NOTIFICACION,ID_INICIATIVA,ID_ETAPA,ID_ESTADO,FECHA_REGISTRO,ID_ROL,ID_USUARIO,FLG_VISTO,FECHA_VISTO,ID_USUARIO_VISTO,DESCRIPCION,ID_ESTADO_NOTIFICACION) values ('130','158','1','1',to_date('23/01/20','DD/MM/RR'),'2',null,'0',null,null,'La iniciativa de la entidad Grupo Zuiga ha sido registrado correctamente y requiere su revisin','0');
Insert into T_GENM_NOTIFICACION (ID_NOTIFICACION,ID_INICIATIVA,ID_ETAPA,ID_ESTADO,FECHA_REGISTRO,ID_ROL,ID_USUARIO,FLG_VISTO,FECHA_VISTO,ID_USUARIO_VISTO,DESCRIPCION,ID_ESTADO_NOTIFICACION) values ('131','158','1','2',to_date('23/01/20','DD/MM/RR'),'1','81','0',null,null,'Corregir la cantidad y fecha','1');
Insert into T_GENM_NOTIFICACION (ID_NOTIFICACION,ID_INICIATIVA,ID_ETAPA,ID_ESTADO,FECHA_REGISTRO,ID_ROL,ID_USUARIO,FLG_VISTO,FECHA_VISTO,ID_USUARIO_VISTO,DESCRIPCION,ID_ESTADO_NOTIFICACION) values ('132','158','1','1',to_date('23/01/20','DD/MM/RR'),'2',null,'0',null,null,'La iniciativa de la entidad Grupo Zuiga ha sido registrado correctamente y requiere su revisin','0');
Insert into T_GENM_NOTIFICACION (ID_NOTIFICACION,ID_INICIATIVA,ID_ETAPA,ID_ESTADO,FECHA_REGISTRO,ID_ROL,ID_USUARIO,FLG_VISTO,FECHA_VISTO,ID_USUARIO_VISTO,DESCRIPCION,ID_ESTADO_NOTIFICACION) values ('133','158','2','3',to_date('23/01/20','DD/MM/RR'),'1','81','0',null,null,null,'3');
Insert into T_GENM_NOTIFICACION (ID_NOTIFICACION,ID_INICIATIVA,ID_ETAPA,ID_ESTADO,FECHA_REGISTRO,ID_ROL,ID_USUARIO,FLG_VISTO,FECHA_VISTO,ID_USUARIO_VISTO,DESCRIPCION,ID_ESTADO_NOTIFICACION) values ('134','158','3','2',to_date('23/01/20','DD/MM/RR'),'1',null,'0',null,null,'Corregir Detalle Indicador','1');
Insert into T_GENM_NOTIFICACION (ID_NOTIFICACION,ID_INICIATIVA,ID_ETAPA,ID_ESTADO,FECHA_REGISTRO,ID_ROL,ID_USUARIO,FLG_VISTO,FECHA_VISTO,ID_USUARIO_VISTO,DESCRIPCION,ID_ESTADO_NOTIFICACION) values ('135','158','3','1',to_date('23/01/20','DD/MM/RR'),'2','132','0',null,null,'La entidad Grupo Zuiga ha corregido el detalle de indicadores correctamente y requiere su revisin','0');
Insert into T_GENM_NOTIFICACION (ID_NOTIFICACION,ID_INICIATIVA,ID_ETAPA,ID_ESTADO,FECHA_REGISTRO,ID_ROL,ID_USUARIO,FLG_VISTO,FECHA_VISTO,ID_USUARIO_VISTO,DESCRIPCION,ID_ESTADO_NOTIFICACION) values ('136','158','4','3',to_date('23/01/20','DD/MM/RR'),'1',null,'0',null,null,null,'3');
Insert into T_GENM_NOTIFICACION (ID_NOTIFICACION,ID_INICIATIVA,ID_ETAPA,ID_ESTADO,FECHA_REGISTRO,ID_ROL,ID_USUARIO,FLG_VISTO,FECHA_VISTO,ID_USUARIO_VISTO,DESCRIPCION,ID_ESTADO_NOTIFICACION) values ('137','151','3','2',to_date('23/01/20','DD/MM/RR'),'1',null,'0',null,null,'Corregir','1');
Insert into T_GENM_NOTIFICACION (ID_NOTIFICACION,ID_INICIATIVA,ID_ETAPA,ID_ESTADO,FECHA_REGISTRO,ID_ROL,ID_USUARIO,FLG_VISTO,FECHA_VISTO,ID_USUARIO_VISTO,DESCRIPCION,ID_ESTADO_NOTIFICACION) values ('138','154','3','2',to_date('23/01/20','DD/MM/RR'),'1',null,'0',null,null,'Corregir 2','1');
Insert into T_GENM_NOTIFICACION (ID_NOTIFICACION,ID_INICIATIVA,ID_ETAPA,ID_ESTADO,FECHA_REGISTRO,ID_ROL,ID_USUARIO,FLG_VISTO,FECHA_VISTO,ID_USUARIO_VISTO,DESCRIPCION,ID_ESTADO_NOTIFICACION) values ('139','154','3','1',to_date('23/01/20','DD/MM/RR'),'2','132','0',null,null,'La entidad Grupo Zuiga ha corregido el detalle de indicadores correctamente y requiere su revisin','0');
Insert into T_GENM_NOTIFICACION (ID_NOTIFICACION,ID_INICIATIVA,ID_ETAPA,ID_ESTADO,FECHA_REGISTRO,ID_ROL,ID_USUARIO,FLG_VISTO,FECHA_VISTO,ID_USUARIO_VISTO,DESCRIPCION,ID_ESTADO_NOTIFICACION) values ('140','154','4','3',to_date('23/01/20','DD/MM/RR'),'1',null,'0',null,null,null,'3');
Insert into T_GENM_NOTIFICACION (ID_NOTIFICACION,ID_INICIATIVA,ID_ETAPA,ID_ESTADO,FECHA_REGISTRO,ID_ROL,ID_USUARIO,FLG_VISTO,FECHA_VISTO,ID_USUARIO_VISTO,DESCRIPCION,ID_ESTADO_NOTIFICACION) values ('144','161','1','1',to_date('23/01/20','DD/MM/RR'),'2',null,'0',null,null,'La iniciativa de la entidad SLV Store ha sido registrado correctamente y requiere su revisin','0');
Insert into T_GENM_NOTIFICACION (ID_NOTIFICACION,ID_INICIATIVA,ID_ETAPA,ID_ESTADO,FECHA_REGISTRO,ID_ROL,ID_USUARIO,FLG_VISTO,FECHA_VISTO,ID_USUARIO_VISTO,DESCRIPCION,ID_ESTADO_NOTIFICACION) values ('145','161','2','3',to_date('23/01/20','DD/MM/RR'),'1','81','0',null,null,null,'3');
Insert into T_GENM_NOTIFICACION (ID_NOTIFICACION,ID_INICIATIVA,ID_ETAPA,ID_ESTADO,FECHA_REGISTRO,ID_ROL,ID_USUARIO,FLG_VISTO,FECHA_VISTO,ID_USUARIO_VISTO,DESCRIPCION,ID_ESTADO_NOTIFICACION) values ('146','161','4','3',to_date('23/01/20','DD/MM/RR'),'1',null,'0',null,null,null,'3');
REM INSERTING into T_GENM_USUARIO
SET DEFINE OFF;
Insert into T_GENM_USUARIO (ID_USUARIO,NOMBRES_USUARIO,APELLIDOS_USUARIO,ID_INSTITUCION,PASSWORD_USUARIO,EMAIL_USUARIO,ID_ESTADO_USUARIO,TELEFONO_USUARIO,CELULAR_USUARIO,FLG_ESTADO,ID_TERMINOS,FLG_TERMINOS,ANEXO_USUARIO) values ('45','Pedro               ','Renteros','62','AB1NEg239a6T5htGoE3vMHfxMX6m5flx5MSIcGtTVFUAzNZ3sr7gxKJ/vv0u3deUhQ==','pedro@grupo-zuniga.com','1','9513578','929856359','1','1','1','100');
Insert into T_GENM_USUARIO (ID_USUARIO,NOMBRES_USUARIO,APELLIDOS_USUARIO,ID_INSTITUCION,PASSWORD_USUARIO,EMAIL_USUARIO,ID_ESTADO_USUARIO,TELEFONO_USUARIO,CELULAR_USUARIO,FLG_ESTADO,ID_TERMINOS,FLG_TERMINOS,ANEXO_USUARIO) values ('146','Anibal              ','Roman','165','ALsrOTVM/OUuBbCZ1ZeL+5Bmdxz1xYBGbAmG+aAfb4GpJapZLH2aRpe6XQVjnkwpMg==','anibal@grupo-zuniga.com','1','993578700','963353610','1','1','1','101');
Insert into T_GENM_USUARIO (ID_USUARIO,NOMBRES_USUARIO,APELLIDOS_USUARIO,ID_INSTITUCION,PASSWORD_USUARIO,EMAIL_USUARIO,ID_ESTADO_USUARIO,TELEFONO_USUARIO,CELULAR_USUARIO,FLG_ESTADO,ID_TERMINOS,FLG_TERMINOS,ANEXO_USUARIO) values ('144','Anibal              ','Roman','163','ANjYqujWYMej/Eq6QcK/EJSVtWzVVIvjDAPuCJiBQtVUOrV6R5uO76Z7bEwa7rKNYg==','anibal.roman@gmail.com','1','993578700','963353610','1','1','1','101');
Insert into T_GENM_USUARIO (ID_USUARIO,NOMBRES_USUARIO,APELLIDOS_USUARIO,ID_INSTITUCION,PASSWORD_USUARIO,EMAIL_USUARIO,ID_ESTADO_USUARIO,TELEFONO_USUARIO,CELULAR_USUARIO,FLG_ESTADO,ID_TERMINOS,FLG_TERMINOS,ANEXO_USUARIO) values ('145','Jose                ','Roman','164','ADU3HaKLsVO/6dKjwm0r7FRXwBSza5yoPdwrd82hyXvtLl9PAvBDsjBH4h6ZTa02lA==','ajroman2000@msn.com','1','3612036','993578700','1','1','1','101');
Insert into T_GENM_USUARIO (ID_USUARIO,NOMBRES_USUARIO,APELLIDOS_USUARIO,ID_INSTITUCION,PASSWORD_USUARIO,EMAIL_USUARIO,ID_ESTADO_USUARIO,TELEFONO_USUARIO,CELULAR_USUARIO,FLG_ESTADO,ID_TERMINOS,FLG_TERMINOS,ANEXO_USUARIO) values ('22','Carlos              ','Galdos','22','AK6/N7RQH5kHaUb1RDlVFzBkupiWnfger8B3053UodvdNnMdZqCWYcQs17U2i9Cujw==','carlos@grupo-zuniga.com','1','8976665','990765476','1','1','1',null);
Insert into T_GENM_USUARIO (ID_USUARIO,NOMBRES_USUARIO,APELLIDOS_USUARIO,ID_INSTITUCION,PASSWORD_USUARIO,EMAIL_USUARIO,ID_ESTADO_USUARIO,TELEFONO_USUARIO,CELULAR_USUARIO,FLG_ESTADO,ID_TERMINOS,FLG_TERMINOS,ANEXO_USUARIO) values ('133','Flavio              ','Zuiga','150','AENOLX+2xPnqNkU8RlcthKIG8HOmNTld9eFYphVwuKTWJgZUnGJZkWaPpgFhKe3wqg==','flaviozuniga@hotmail.com','1','923263365','923263365','1','1','1','101');
Insert into T_GENM_USUARIO (ID_USUARIO,NOMBRES_USUARIO,APELLIDOS_USUARIO,ID_INSTITUCION,PASSWORD_USUARIO,EMAIL_USUARIO,ID_ESTADO_USUARIO,TELEFONO_USUARIO,CELULAR_USUARIO,FLG_ESTADO,ID_TERMINOS,FLG_TERMINOS,ANEXO_USUARIO) values ('81','Alfonso             ','Cordova','81','AHB0Z/3ESyTwQJBkBoUbmYWOys08nT5nXmhRiovGBB0dvSL6W6d/BlVFy2tyM/rflQ==','alfonso@grupo-zuniga.com','1','93578701','965488888','1','1','1','565601');
Insert into T_GENM_USUARIO (ID_USUARIO,NOMBRES_USUARIO,APELLIDOS_USUARIO,ID_INSTITUCION,PASSWORD_USUARIO,EMAIL_USUARIO,ID_ESTADO_USUARIO,TELEFONO_USUARIO,CELULAR_USUARIO,FLG_ESTADO,ID_TERMINOS,FLG_TERMINOS,ANEXO_USUARIO) values ('1','Juan                ','Soto','4','ANkFvyc45UKVkObslW+8wFEMx2cjRN/g6oAZTeyTk45hGbte4Lb6WctzNEeeXPbQoA==','juan@grupo-zuniga.com','1','99999','9999998','1','1','1',null);
Insert into T_GENM_USUARIO (ID_USUARIO,NOMBRES_USUARIO,APELLIDOS_USUARIO,ID_INSTITUCION,PASSWORD_USUARIO,EMAIL_USUARIO,ID_ESTADO_USUARIO,TELEFONO_USUARIO,CELULAR_USUARIO,FLG_ESTADO,ID_TERMINOS,FLG_TERMINOS,ANEXO_USUARIO) values ('132','Alfredo4            ','Trelles Jimnez','149','AAXajwwBy2RMvag0Rkw+5pFfZUbAFkabO8c1skGHKaycTzqwChCuoqAaCWWfCR3A0g==','alfredotrelles97@gmail.com','1','1234567G','987654321','1','1','1','1234');
Insert into T_GENM_USUARIO (ID_USUARIO,NOMBRES_USUARIO,APELLIDOS_USUARIO,ID_INSTITUCION,PASSWORD_USUARIO,EMAIL_USUARIO,ID_ESTADO_USUARIO,TELEFONO_USUARIO,CELULAR_USUARIO,FLG_ESTADO,ID_TERMINOS,FLG_TERMINOS,ANEXO_USUARIO) values ('142','victor              ','Ponce Martinez','161','AGoWKZn7zAWtukdvG35+F9kVnFMhlsm/B1gOPNDKfQpVh+0IvOk64/7U6xKu7VUgwQ==','colegioimperio30@gmail.com','0','1234567','987654321','1','1','1','1234');
REM INSERTING into T_GENM_VARIABLE
SET DEFINE OFF;
Insert into T_GENM_VARIABLE (ID_VARIABLE,DESCRIPCION,SIGLA) values ('1','Kilometros Recorridos Vehiculo (base)','KRV');
Insert into T_GENM_VARIABLE (ID_VARIABLE,DESCRIPCION,SIGLA) values ('2','Numero de Vehiculos','N');
Insert into T_GENM_VARIABLE (ID_VARIABLE,DESCRIPCION,SIGLA) values ('3','Consumo de Electricidad','E');
REM INSERTING into T_GENM_VARIANTE
SET DEFINE OFF;
Insert into T_GENM_VARIANTE (ID_VARIANTE,DESCRIPCION,SIGLA) values ('1','Tipo de Vehiculos','TipoVeh');
Insert into T_GENM_VARIANTE (ID_VARIANTE,DESCRIPCION,SIGLA) values ('2','Tipo de Combustible','TipoCombus');
Insert into T_GENM_VARIANTE (ID_VARIANTE,DESCRIPCION,SIGLA) values ('3','Ao Iniciativa','Anno');
Insert into T_GENM_VARIANTE (ID_VARIANTE,DESCRIPCION,SIGLA) values ('4','Tipo de Vehiculos','Tipo_Vehic');
Insert into T_GENM_VARIANTE (ID_VARIANTE,DESCRIPCION,SIGLA) values ('5','Tipo de Combustible','Tipo_Combus');
Insert into T_GENM_VARIANTE (ID_VARIANTE,DESCRIPCION,SIGLA) values ('6','Ao Iniciativa','Ao');
REM INSERTING into T_MAE_ENERG
SET DEFINE OFF;
Insert into T_MAE_ENERG (ID_ENERG,DESCRIPCION,FLAG_ESTADO) values ('1','COMBUSTIBLES FOSILES',null);
Insert into T_MAE_ENERG (ID_ENERG,DESCRIPCION,FLAG_ESTADO) values ('2','ELECTRICIDAD',null);
REM INSERTING into T_MAE_ESTADO
SET DEFINE OFF;
Insert into T_MAE_ESTADO (ID_ESTADO,DESCRIPCION) values ('5','CORREGIDO');
Insert into T_MAE_ESTADO (ID_ESTADO,DESCRIPCION) values ('0','INCOMPLETO');
Insert into T_MAE_ESTADO (ID_ESTADO,DESCRIPCION) values ('1','COMPLETO');
Insert into T_MAE_ESTADO (ID_ESTADO,DESCRIPCION) values ('2','OBSERVADO');
Insert into T_MAE_ESTADO (ID_ESTADO,DESCRIPCION) values ('3','APROBADO');
Insert into T_MAE_ESTADO (ID_ESTADO,DESCRIPCION) values ('4','RECHAZADO');
Insert into T_MAE_ESTADO (ID_ESTADO,DESCRIPCION) values ('6','AVANCE');
REM INSERTING into T_MAE_ESTADO_USUARIO
SET DEFINE OFF;
Insert into T_MAE_ESTADO_USUARIO (ID_ESTADO_USUARIO,DESCRIPCION) values ('0','REGISTRADO');
Insert into T_MAE_ESTADO_USUARIO (ID_ESTADO_USUARIO,DESCRIPCION) values ('1','APROBADO');
Insert into T_MAE_ESTADO_USUARIO (ID_ESTADO_USUARIO,DESCRIPCION) values ('2','NO APROBADO');
REM INSERTING into T_MAE_ETAPA
SET DEFINE OFF;
Insert into T_MAE_ETAPA (ID_ETAPA,DESCRIPCION) values ('1','Registro de Iniciativa Mitigacin');
Insert into T_MAE_ETAPA (ID_ETAPA,DESCRIPCION) values ('2','Aprobacin de Iniciativa Mitigacin');
Insert into T_MAE_ETAPA (ID_ETAPA,DESCRIPCION) values ('3','Registro de Detalle de Indicadores');
Insert into T_MAE_ETAPA (ID_ETAPA,DESCRIPCION) values ('4','Aprobacin de Detalle de Indicadores');
Insert into T_MAE_ETAPA (ID_ETAPA,DESCRIPCION) values ('5','Aprobacin Iniciativa y Detalle');
Insert into T_MAE_ETAPA (ID_ETAPA,DESCRIPCION) values ('6','Aprobacin de Evaluacin Iniciativa Detalle');
Insert into T_MAE_ETAPA (ID_ETAPA,DESCRIPCION) values ('7','Aprobacin de Verificacin Iniciativa Detalle');
REM INSERTING into T_MAE_FAQ
SET DEFINE OFF;
Insert into T_MAE_FAQ (ID_FAQ,ID_MEDMIT,PREGUNTA,RESPUESTA) values ('1',null,'Como registro una nueva Iniciativa?','Usted, debera primero Registrarse como usuario de una Institucion');
Insert into T_MAE_FAQ (ID_FAQ,ID_MEDMIT,PREGUNTA,RESPUESTA) values ('2',null,'Que significa GEI?','Son las siglas de Gases de Efecto Invernadero');
REM INSERTING into T_MAE_F_BAU
SET DEFINE OFF;
Insert into T_MAE_F_BAU (ID_F_BAU,ID_TIPO_VEHICULO,ID_TIPO_COMBUSTIBLE,ANNO,FACTOR) values ('1','1','1','2018','187,3581');
Insert into T_MAE_F_BAU (ID_F_BAU,ID_TIPO_VEHICULO,ID_TIPO_COMBUSTIBLE,ANNO,FACTOR) values ('2','1','2','2018','174,6961');
Insert into T_MAE_F_BAU (ID_F_BAU,ID_TIPO_VEHICULO,ID_TIPO_COMBUSTIBLE,ANNO,FACTOR) values ('3','1','3','2018','178,9341');
Insert into T_MAE_F_BAU (ID_F_BAU,ID_TIPO_VEHICULO,ID_TIPO_COMBUSTIBLE,ANNO,FACTOR) values ('4','2','1','2018','773,781');
Insert into T_MAE_F_BAU (ID_F_BAU,ID_TIPO_VEHICULO,ID_TIPO_COMBUSTIBLE,ANNO,FACTOR) values ('5','2','4','2018','595,4578');
Insert into T_MAE_F_BAU (ID_F_BAU,ID_TIPO_VEHICULO,ID_TIPO_COMBUSTIBLE,ANNO,FACTOR) values ('6','3','1','2018','1315,4277');
Insert into T_MAE_F_BAU (ID_F_BAU,ID_TIPO_VEHICULO,ID_TIPO_COMBUSTIBLE,ANNO,FACTOR) values ('7','3','4','2018','961,6102');
Insert into T_MAE_F_BAU (ID_F_BAU,ID_TIPO_VEHICULO,ID_TIPO_COMBUSTIBLE,ANNO,FACTOR) values ('8','4','1','2018','1897,9984');
Insert into T_MAE_F_BAU (ID_F_BAU,ID_TIPO_VEHICULO,ID_TIPO_COMBUSTIBLE,ANNO,FACTOR) values ('9','4','4','2018','1555,1723');
Insert into T_MAE_F_BAU (ID_F_BAU,ID_TIPO_VEHICULO,ID_TIPO_COMBUSTIBLE,ANNO,FACTOR) values ('10','5','3','2018','96,6146');
Insert into T_MAE_F_BAU (ID_F_BAU,ID_TIPO_VEHICULO,ID_TIPO_COMBUSTIBLE,ANNO,FACTOR) values ('11','6','3','2018','64,4097');
REM INSERTING into T_MAE_F_MIT
SET DEFINE OFF;
Insert into T_MAE_F_MIT (ID_F_MIT,ID_TIPO_VEHICULO,ID_TIPO_FUENTE,ANNO,FACTOR) values ('1','1','1','2018','0,03');
Insert into T_MAE_F_MIT (ID_F_MIT,ID_TIPO_VEHICULO,ID_TIPO_FUENTE,ANNO,FACTOR) values ('2','1','1','2019','0,03');
Insert into T_MAE_F_MIT (ID_F_MIT,ID_TIPO_VEHICULO,ID_TIPO_FUENTE,ANNO,FACTOR) values ('3','3','1','2018','0,2');
Insert into T_MAE_F_MIT (ID_F_MIT,ID_TIPO_VEHICULO,ID_TIPO_FUENTE,ANNO,FACTOR) values ('4','3','1','2019','0,2');
Insert into T_MAE_F_MIT (ID_F_MIT,ID_TIPO_VEHICULO,ID_TIPO_FUENTE,ANNO,FACTOR) values ('5','4','1','2018','0,13');
Insert into T_MAE_F_MIT (ID_F_MIT,ID_TIPO_VEHICULO,ID_TIPO_FUENTE,ANNO,FACTOR) values ('6','4','1','2019','0,13');
Insert into T_MAE_F_MIT (ID_F_MIT,ID_TIPO_VEHICULO,ID_TIPO_FUENTE,ANNO,FACTOR) values ('7','5','1','2018','0,01');
Insert into T_MAE_F_MIT (ID_F_MIT,ID_TIPO_VEHICULO,ID_TIPO_FUENTE,ANNO,FACTOR) values ('8','5','1','2019','0,01');
Insert into T_MAE_F_MIT (ID_F_MIT,ID_TIPO_VEHICULO,ID_TIPO_FUENTE,ANNO,FACTOR) values ('9','6','1','2018','0,005');
Insert into T_MAE_F_MIT (ID_F_MIT,ID_TIPO_VEHICULO,ID_TIPO_FUENTE,ANNO,FACTOR) values ('10','6','1','2019','0,005');
Insert into T_MAE_F_MIT (ID_F_MIT,ID_TIPO_VEHICULO,ID_TIPO_FUENTE,ANNO,FACTOR) values ('11','2','1','2018','0,19');
Insert into T_MAE_F_MIT (ID_F_MIT,ID_TIPO_VEHICULO,ID_TIPO_FUENTE,ANNO,FACTOR) values ('12','2','1','2019','0,19');
REM INSERTING into T_MAE_F_PER
SET DEFINE OFF;
Insert into T_MAE_F_PER (ID_F_PER,ANNO,FACTOR) values ('1','2010','0,104');
Insert into T_MAE_F_PER (ID_F_PER,ANNO,FACTOR) values ('3','2011','0,108');
Insert into T_MAE_F_PER (ID_F_PER,ANNO,FACTOR) values ('4','2012','0,109');
Insert into T_MAE_F_PER (ID_F_PER,ANNO,FACTOR) values ('5','2013','0,109');
Insert into T_MAE_F_PER (ID_F_PER,ANNO,FACTOR) values ('6','2014','0,058');
Insert into T_MAE_F_PER (ID_F_PER,ANNO,FACTOR) values ('7','2015','0,113');
Insert into T_MAE_F_PER (ID_F_PER,ANNO,FACTOR) values ('8','2016','0,109');
Insert into T_MAE_F_PER (ID_F_PER,ANNO,FACTOR) values ('9','2017','0,108');
Insert into T_MAE_F_PER (ID_F_PER,ANNO,FACTOR) values ('10','2018','0,108');
REM INSERTING into T_MAE_F_REN
SET DEFINE OFF;
Insert into T_MAE_F_REN (ID_F_REN,ID_TIPO_VEHICULO,ID_TIPO_FUENTE,FACTOR) values ('1','1','1','0,1629');
Insert into T_MAE_F_REN (ID_F_REN,ID_TIPO_VEHICULO,ID_TIPO_FUENTE,FACTOR) values ('2','2','1','1,1');
Insert into T_MAE_F_REN (ID_F_REN,ID_TIPO_VEHICULO,ID_TIPO_FUENTE,FACTOR) values ('3','3','1','1,1765');
Insert into T_MAE_F_REN (ID_F_REN,ID_TIPO_VEHICULO,ID_TIPO_FUENTE,FACTOR) values ('4','4','1','0,76');
Insert into T_MAE_F_REN (ID_F_REN,ID_TIPO_VEHICULO,ID_TIPO_FUENTE,FACTOR) values ('5','5','1','0,0543');
Insert into T_MAE_F_REN (ID_F_REN,ID_TIPO_VEHICULO,ID_TIPO_FUENTE,FACTOR) values ('6','6','1','0,0271');
REM INSERTING into T_MAE_GEI
SET DEFINE OFF;
Insert into T_MAE_GEI (ID_GEI,DESCRIPCION,FLAG_ESTADO,AR2,AR4,AR5) values ('1','CO2','1','1','1','1');
Insert into T_MAE_GEI (ID_GEI,DESCRIPCION,FLAG_ESTADO,AR2,AR4,AR5) values ('2','CH4','1','21','25','30');
Insert into T_MAE_GEI (ID_GEI,DESCRIPCION,FLAG_ESTADO,AR2,AR4,AR5) values ('3','N2O','1','310','298','265');
REM INSERTING into T_MAE_LISTA
SET DEFINE OFF;
REM INSERTING into T_MAE_MEDMIT
SET DEFINE OFF;
Insert into T_MAE_MEDMIT (ID_MEDMIT,NUMERO_MEDMIT,NOMBRE_MEDMIT,DESCRIPCION_MEDMIT,ID_NAMA,OBJETIVO_MEDMIT,IPSC_MEDMIT,FLAG_ESTADO) values ('7','1.7','1.7 Lamparas de Alumbrado Pblico','Medida que promueve la implementacin de lmparas de alta eficiencia en el alumbrado pblico reduciendo las emisiones de GEI debido al menor uso de energa, en el marco del Plan de Acceso Universal a la Energa (RM N203-2013-MINEM/DM) y en donde se incluye el reemplazo de 100,000 lmparas de vapor de sodio de alta presin (VSAP) en alumbrado pblico por lmparas LED o de induccin, priorizando zonas vulnerables. Adems, contempla una segunda fase a travs de la implementacin de las fichas de homologacin de alumbrado pblico.','1','Reemplazo de lmparas de alumbrado pblico de vapor de sodio de alta presin por lmparas LED consiste en la implementacin de lmparas de alta eficiencia en el alumbrado pblico. Aplica para lmparas LED con fichas de homologacin, 100,000 de FISE. ','Energa - Combustin estacionaria','1');
Insert into T_MAE_MEDMIT (ID_MEDMIT,NUMERO_MEDMIT,NOMBRE_MEDMIT,DESCRIPCION_MEDMIT,ID_NAMA,OBJETIVO_MEDMIT,IPSC_MEDMIT,FLAG_ESTADO) values ('8','2.1','2.1 Medida de Coccin limpia (mbito rural)','Implementacin y sostenibilidad de tecnologas de coccin limpia (cocinas mejoradas y cocinas a gas licuado de petrleos) en zonas rurales, reemplazando aquellas cocinas o tecnologas convencionales (fogn abierto) poco eficientes en el mbito rural, con lo cual se reducir los consumos de combustibles empleados en cocinas tradicionales, tales como lea y carbn vegetal, reduciendo as emisiones de gases de efecto invernadero (GEI) y los efectos nocivos a la salud asociados a las emisiones gaseosas y del material particulado restante de la combustin.','2','Reduccin de las emisiones de gases de efecto invernadero (GEI) generadas por la coccin y calentamiento de alimentos a travs del uso de cocinas o tecnologas convencionales (fogn abierto) poco eficientes en el mbito rural. Incluye: cocinas mejoradas y a gas licuado de petrleo (GLP).','Energa - Combustin estacionaria','1');
Insert into T_MAE_MEDMIT (ID_MEDMIT,NUMERO_MEDMIT,NOMBRE_MEDMIT,DESCRIPCION_MEDMIT,ID_NAMA,OBJETIVO_MEDMIT,IPSC_MEDMIT,FLAG_ESTADO) values ('10','3.1','3.1 Combinacin de energas renovables','Aumentar la participacin de los Recursos Energticos de fuentes Renovables (RER) en la matriz energtica nacional en un 6.8% en el ao 2030, reduciendo la proporcin de la energa producida en base a la quema de combustibles fsiles, lo cual generar la reduccin de emisiones de gases de efecto invernadero (GEI). Asimismo, la medida incluye la implementacin de las centrales hidroelctricas con una capacidad instalada menor a 20 MW.','3','Aumentar la participacin de los Recursos Energticos Renovables (RER) y dar cumplimiento al Decreto Legislativo N 1002, Ley de Promocin de la Inversin en Generacin de Electricidad con el uso de Energas Renovables (2008).','Energa - Combustin estacionaria','1');
Insert into T_MAE_MEDMIT (ID_MEDMIT,NUMERO_MEDMIT,NOMBRE_MEDMIT,DESCRIPCION_MEDMIT,ID_NAMA,OBJETIVO_MEDMIT,IPSC_MEDMIT,FLAG_ESTADO) values ('9','2.2','2.2 Electrificacin Rural','En elaboracin','2','En elaboracin','Energa - Combustin estacionaria','1');
Insert into T_MAE_MEDMIT (ID_MEDMIT,NUMERO_MEDMIT,NOMBRE_MEDMIT,DESCRIPCION_MEDMIT,ID_NAMA,OBJETIVO_MEDMIT,IPSC_MEDMIT,FLAG_ESTADO) values ('11','3.2','3.2 Generacin Distribuida','Medida que abarca toda instalacin de generacin elctrica que inyecte energa elctrica a la red elctrica est conectada directamente a la Red de Distribucin.','3','Promover el uso e implementacin de sistemas de generacin elctrica con tecnologas limpias.','Energa - Combustin estacionaria','1');
Insert into T_MAE_MEDMIT (ID_MEDMIT,NUMERO_MEDMIT,NOMBRE_MEDMIT,DESCRIPCION_MEDMIT,ID_NAMA,OBJETIVO_MEDMIT,IPSC_MEDMIT,FLAG_ESTADO) values ('12','4.1','4.1 Promocin de vehculos elctricos a nivel nacional','Medida que propone reemplazar la matriz energtica utilizada en el transporte, la cual utiliza predominantemente combustibles fsiles (gasolina, disel, gas licuado de petrleo y gas natural vehicular), mediante una mayor participacin de vehculos elctricos en el parque vehicular, contribuyendo al cumplimiento del Plan Energtico Nacional 2014-2025 y reduciendo las emisiones de gases de efecto invernadero (GEI) gracias al reemplazo o al desplazamiento de vehculos que consumen gasolina o disel por nuevos vehculos elctricos. La meta trazada para esta medida de mitigacin en una primera etapa se da bajo 2 acciones: i) la introduccin de mnibus elctricos y ii) introduccin de vehculos livianos elctricos.','4','Reemplazar la matriz energtica utilizada de manera predominante en el transporte (gasolina, disel, GLP, GNV), a vehculos elctricos. ','Energa - Combustin mvil','1');
Insert into T_MAE_MEDMIT (ID_MEDMIT,NUMERO_MEDMIT,NOMBRE_MEDMIT,DESCRIPCION_MEDMIT,ID_NAMA,OBJETIVO_MEDMIT,IPSC_MEDMIT,FLAG_ESTADO) values ('1','1.1','1.1 Etiquetado de Eficiencia Energtico','Esta medida propone que los equipos que requieran suministros energticos incluyan en sus etiquetas, envases, empaques y publicidad, una etiqueta de eficiencia energtica a travs de la cual el consumidor pueda conocer el consumo de energa y la eficiencia energtica del producto para la toma de decisin de consumo, reduciendo as las emisiones de GEI debido a la reduccin del consumo de energa asociada a la mejora de eficiencia de los nuevos equipos a ser adquiridos por los consumidores. La medida se enmarca en el Reglamento Tcnico sobre el etiquetado de eficiencia energtica para equipos energticos, aprobado mediante Decreto Supremo N009-2017-EM.','1','Dar cumplimiento al Reglamento Tcnico sobre el etiquetado de eficiencia energtica para equipos energticos, aprobado mediante Decreto Supremo N009-2017-EM. Puede incluir aparatos de refrigeracin, calderas, motores elctricos, lavadoras, secadoras, equipos de aire acondicionado y calentadores de agua. No incluye luminarias. ','Energa - Combustin estacionaria','1');
Insert into T_MAE_MEDMIT (ID_MEDMIT,NUMERO_MEDMIT,NOMBRE_MEDMIT,DESCRIPCION_MEDMIT,ID_NAMA,OBJETIVO_MEDMIT,IPSC_MEDMIT,FLAG_ESTADO) values ('2','1.2','1.2 Eficiencia energtica en el sector industrial','Esta medida de mitigacin, propuesta por el Ministerio de Energa y Minas, propone la implementacin de medidas de eficiencia energtica en empresas del sector industrial fomentando la competitividad de la economa nacional y reduciendo el impacto ambiental negativo del uso y consumo de los energticos como la reduccin de emisiones de GEI. Esta medida se enmarca en la Ley de Promocin del Uso Eficiente de la Energa, Ley N27345, y su Reglamento aprobado por Decreto Supremo N053-2007-EM. As, se prev considerar el recambio de motores y calderas, una vez que se viabilice el Fondo de Financiamiento a la Eficiencia Energtica (FOFEE)','1','Fomentar la competitividad de la economa nacional y reducir el impacto ambiental negativo del uso y consumo de los energticos mediante la Ley de Promocin del Uso Eficiente de la Energa  Ley N27345 y su Reglamento, aprobado por Decreto Supremo N053-2007-EM.','Energa - Combustin estacionaria','1');
Insert into T_MAE_MEDMIT (ID_MEDMIT,NUMERO_MEDMIT,NOMBRE_MEDMIT,DESCRIPCION_MEDMIT,ID_NAMA,OBJETIVO_MEDMIT,IPSC_MEDMIT,FLAG_ESTADO) values ('3','1.3','1.3 Eficiencia energtica en el sector comercial','Medida que propone promover la racionalizacin del consumo de energa en el sector comercial de servicios.','1','Promover la racionalizacin del consumo de energa en el sector comercial de servicios, a travs de: a) reemplazo de lmparas de baja eficiencia por lmparas LED de 10W y b) instalacin de sensores de ocupacin hotelera, con el objetivo de controlar las unidades de aire acondicionado.','Energa - Combustin estacionaria','1');
Insert into T_MAE_MEDMIT (ID_MEDMIT,NUMERO_MEDMIT,NOMBRE_MEDMIT,DESCRIPCION_MEDMIT,ID_NAMA,OBJETIVO_MEDMIT,IPSC_MEDMIT,FLAG_ESTADO) values ('4','1.4','1.4 Auditoras energticas en el sector pblico','Medida que propone implementar acciones que contribuyan a reducir el consumo de energa sin que estas acciones afecten la calidad de los servicios prestados y recibidos en las entidades del sector pblico cuya facturacin mensual por consumo de energa elctrica sea mayor de cuatro (4) unidades impositivas tributarias (UIT), reduciendo as las emisiones de GEI debido a la reduccin del consumo energtico. Asimismo, prev que en un futuro las auditoras energticas puedan desarrollarse para el sector privado, bajo el mecanismo de un fondo de eficiencia energtica.','1','Implementar acciones que contribuyan a reducir el consumo de energa sin que estas acciones afecten la calidad de los servicios prestados y recibidos en las entidades del sector pblico. Incluye todo equipo que consuma electricidad (con y sin fichas de homologacin) con excepcin de lmparas con fichas.','Energa - Combustin estacionaria','1');
Insert into T_MAE_MEDMIT (ID_MEDMIT,NUMERO_MEDMIT,NOMBRE_MEDMIT,DESCRIPCION_MEDMIT,ID_NAMA,OBJETIVO_MEDMIT,IPSC_MEDMIT,FLAG_ESTADO) values ('5','1.5','1.5 Transformacin del mercado de iluminacin en el sector residencial','Medida que promueve la sustitucin de lmparas de baja eficiencia por tecnologas ms eficientes de iluminacin, reduciendo las emisiones de GEI debido al menor uso de energa, y generando la transformacin hacia un mercado de iluminacin ms eficiente, cuyo principal objetivo es promover el uso de lmparas que permitan un uso eficiente de la energa en el pas, sin menoscabar la calidad de la iluminacin, considerando los beneficios econmicos, ambientales y sociales que se tendran en el pas. La medida de mitigacin propone dos fases: i) el programa de distribucin de un milln y medio de lmparas energticamente ms eficientes a hogares de menores ingresos como meta al 2019, en el marco del Programa Anual de Promociones 2018, aprobado mediante Resolucin Ministerial N 021-2018-MINEM/DM, de acuerdo a lo establecido en el Plan de Acceso Universal a la Energa 2013-2022, aprobado con Resolucin Ministerial N 203-2013-MINEM-DM; y ii) la Estrategia de Iluminacin del Per, cuyo objetivo es incrementar la participacin de las lmparas eficientes en el mercado de iluminacin nacional, reduciendo el consumo de energa y por ende tambin reduciendo las emisiones de gases de efecto invernadero (como el CO2).','1','Promover el uso de lmparas que permitan un uso eficiente de la energa en el pas, sin menoscabar la calidad de la iluminacin, considerando los beneficios econmicos, ambientales y sociales que se tendran en el pas. Aplica para lmparas LED.','Energa - Combustin estacionaria','1');
Insert into T_MAE_MEDMIT (ID_MEDMIT,NUMERO_MEDMIT,NOMBRE_MEDMIT,DESCRIPCION_MEDMIT,ID_NAMA,OBJETIVO_MEDMIT,IPSC_MEDMIT,FLAG_ESTADO) values ('6','1.6','1.6 Reemplazo de lmparas de baja eficiencia por lmparas LED en el sector pblico','Reemplazo de lmparas de baja eficiencia por lmparas LED en el sector pblico reduciendo as el consumo de energa y por ende reduciendo tambin las emisiones de GEI, con el objetivo de impulsar el uso de lmparas y otros equipos de iluminacin LED en todas las instituciones pblicas. La medida se implementa a travs de las fichas de homologacin de tecnologa LED, aprobadas por el MINEM, y que son instrumentos que permiten el reemplazo de luminarias menos eficientes por lmparas y otros equipos de iluminacin LED en los procesos de compras pblicas, lo que permite adems la inclusin de estas tecnologas en la implementacin de nuevos establecimientos estatales.'',''1'',''Impulsar el uso de lmparas eficientes en el sector pblico a travs de las Fichas de Homologacin de lmparas de tecnologa LED. Aplica para lmparas LED. ','1','Impulsar el uso de lmparas eficientes en el sector pblico a travs de las Fichas de Homologacin de lmparas de tecnologa LED. Aplica para lmparas LED.Impulsar el uso de lmparas eficientes en el sector pblico a travs de las Fichas de Homologacin de lmparas de tecnologa LED. Aplica para lmparas LED. ','Energa - Combustin estacionaria','1');
REM INSERTING into T_MAE_MONEDA
SET DEFINE OFF;
Insert into T_MAE_MONEDA (ID_MONEDA,DESCRIPCION) values ('1','SOLES');
Insert into T_MAE_MONEDA (ID_MONEDA,DESCRIPCION) values ('2','DOLARES');
Insert into T_MAE_MONEDA (ID_MONEDA,DESCRIPCION) values ('3','EUROS');
REM INSERTING into T_MAE_NAMA
SET DEFINE OFF;
Insert into T_MAE_NAMA (ID_NAMA,DESCRIPCION_NAMA,FLG_ESTADO) values ('1','EFICIENCIA ENERGETICA','1');
Insert into T_MAE_NAMA (ID_NAMA,DESCRIPCION_NAMA,FLG_ESTADO) values ('2','ACCESO UNIVERSAL A LA ENERGIA SOSTENIBLE','1');
Insert into T_MAE_NAMA (ID_NAMA,DESCRIPCION_NAMA,FLG_ESTADO) values ('3','RED CONECTADO','1');
Insert into T_MAE_NAMA (ID_NAMA,DESCRIPCION_NAMA,FLG_ESTADO) values ('4','TRANSPORTE ELECTRICO','1');
REM INSERTING into T_MAE_OPCION
SET DEFINE OFF;
Insert into T_MAE_OPCION (ID_OPCION,DES_OPCION,FLG_ESTADO,DES_URL,DES_URLIMAGEN,DES_URLLABEL,DES_FUNCION_INI,NUM_ORDEN,NUM_NIVEL,ID_OPCION_PADRE,ID_TIPO_OPCION) values ('9','NUEVA INICIATIVA','1',null,null,null,null,null,null,null,null);
Insert into T_MAE_OPCION (ID_OPCION,DES_OPCION,FLG_ESTADO,DES_URL,DES_URLIMAGEN,DES_URLLABEL,DES_FUNCION_INI,NUM_ORDEN,NUM_NIVEL,ID_OPCION_PADRE,ID_TIPO_OPCION) values ('8','CREDENCIALES','1',null,null,null,null,null,null,null,'1');
Insert into T_MAE_OPCION (ID_OPCION,DES_OPCION,FLG_ESTADO,DES_URL,DES_URLIMAGEN,DES_URLLABEL,DES_FUNCION_INI,NUM_ORDEN,NUM_NIVEL,ID_OPCION_PADRE,ID_TIPO_OPCION) values ('1','INICIO','1',null,null,null,null,null,null,null,'1');
Insert into T_MAE_OPCION (ID_OPCION,DES_OPCION,FLG_ESTADO,DES_URL,DES_URLIMAGEN,DES_URLLABEL,DES_FUNCION_INI,NUM_ORDEN,NUM_NIVEL,ID_OPCION_PADRE,ID_TIPO_OPCION) values ('2','ACCIONES DE MITIGACION','1',null,null,null,null,null,null,null,'1');
Insert into T_MAE_OPCION (ID_OPCION,DES_OPCION,FLG_ESTADO,DES_URL,DES_URLIMAGEN,DES_URLLABEL,DES_FUNCION_INI,NUM_ORDEN,NUM_NIVEL,ID_OPCION_PADRE,ID_TIPO_OPCION) values ('3','REPORTES','1',null,null,null,null,null,null,null,'1');
Insert into T_MAE_OPCION (ID_OPCION,DES_OPCION,FLG_ESTADO,DES_URL,DES_URLIMAGEN,DES_URLLABEL,DES_FUNCION_INI,NUM_ORDEN,NUM_NIVEL,ID_OPCION_PADRE,ID_TIPO_OPCION) values ('4','ACCIONES Y RESULTADOS','1',null,null,null,null,null,null,null,'1');
Insert into T_MAE_OPCION (ID_OPCION,DES_OPCION,FLG_ESTADO,DES_URL,DES_URLIMAGEN,DES_URLLABEL,DES_FUNCION_INI,NUM_ORDEN,NUM_NIVEL,ID_OPCION_PADRE,ID_TIPO_OPCION) values ('5','NOTIFICACIONES','1',null,null,null,null,null,null,null,'1');
Insert into T_MAE_OPCION (ID_OPCION,DES_OPCION,FLG_ESTADO,DES_URL,DES_URLIMAGEN,DES_URLLABEL,DES_FUNCION_INI,NUM_ORDEN,NUM_NIVEL,ID_OPCION_PADRE,ID_TIPO_OPCION) values ('6','MANTENIMIENTO DE TABLAS','1',null,null,null,null,null,null,null,'1');
Insert into T_MAE_OPCION (ID_OPCION,DES_OPCION,FLG_ESTADO,DES_URL,DES_URLIMAGEN,DES_URLLABEL,DES_FUNCION_INI,NUM_ORDEN,NUM_NIVEL,ID_OPCION_PADRE,ID_TIPO_OPCION) values ('7','CAMBIO DE CLAVES','1',null,null,null,null,null,null,null,'1');
REM INSERTING into T_MAE_OPCION_ROL
SET DEFINE OFF;
Insert into T_MAE_OPCION_ROL (ID_OPCION,ID_ROL,FLG_ESTADO) values ('9','1','1');
Insert into T_MAE_OPCION_ROL (ID_OPCION,ID_ROL,FLG_ESTADO) values ('7','1','1');
Insert into T_MAE_OPCION_ROL (ID_OPCION,ID_ROL,FLG_ESTADO) values ('1','6','1');
Insert into T_MAE_OPCION_ROL (ID_OPCION,ID_ROL,FLG_ESTADO) values ('2','6','1');
Insert into T_MAE_OPCION_ROL (ID_OPCION,ID_ROL,FLG_ESTADO) values ('3','6','1');
Insert into T_MAE_OPCION_ROL (ID_OPCION,ID_ROL,FLG_ESTADO) values ('4','6','1');
Insert into T_MAE_OPCION_ROL (ID_OPCION,ID_ROL,FLG_ESTADO) values ('1','1','1');
Insert into T_MAE_OPCION_ROL (ID_OPCION,ID_ROL,FLG_ESTADO) values ('2','1','1');
Insert into T_MAE_OPCION_ROL (ID_OPCION,ID_ROL,FLG_ESTADO) values ('3','1','1');
Insert into T_MAE_OPCION_ROL (ID_OPCION,ID_ROL,FLG_ESTADO) values ('4','1','1');
Insert into T_MAE_OPCION_ROL (ID_OPCION,ID_ROL,FLG_ESTADO) values ('5','1','1');
Insert into T_MAE_OPCION_ROL (ID_OPCION,ID_ROL,FLG_ESTADO) values ('1','2','1');
Insert into T_MAE_OPCION_ROL (ID_OPCION,ID_ROL,FLG_ESTADO) values ('2','2','1');
Insert into T_MAE_OPCION_ROL (ID_OPCION,ID_ROL,FLG_ESTADO) values ('3','2','1');
Insert into T_MAE_OPCION_ROL (ID_OPCION,ID_ROL,FLG_ESTADO) values ('4','2','1');
Insert into T_MAE_OPCION_ROL (ID_OPCION,ID_ROL,FLG_ESTADO) values ('5','2','1');
Insert into T_MAE_OPCION_ROL (ID_OPCION,ID_ROL,FLG_ESTADO) values ('7','2','1');
Insert into T_MAE_OPCION_ROL (ID_OPCION,ID_ROL,FLG_ESTADO) values ('1','3','1');
Insert into T_MAE_OPCION_ROL (ID_OPCION,ID_ROL,FLG_ESTADO) values ('2','3','1');
Insert into T_MAE_OPCION_ROL (ID_OPCION,ID_ROL,FLG_ESTADO) values ('3','3','1');
Insert into T_MAE_OPCION_ROL (ID_OPCION,ID_ROL,FLG_ESTADO) values ('4','3','1');
Insert into T_MAE_OPCION_ROL (ID_OPCION,ID_ROL,FLG_ESTADO) values ('5','3','1');
Insert into T_MAE_OPCION_ROL (ID_OPCION,ID_ROL,FLG_ESTADO) values ('6','3','1');
Insert into T_MAE_OPCION_ROL (ID_OPCION,ID_ROL,FLG_ESTADO) values ('7','3','1');
Insert into T_MAE_OPCION_ROL (ID_OPCION,ID_ROL,FLG_ESTADO) values ('1','4','1');
Insert into T_MAE_OPCION_ROL (ID_OPCION,ID_ROL,FLG_ESTADO) values ('2','4','1');
Insert into T_MAE_OPCION_ROL (ID_OPCION,ID_ROL,FLG_ESTADO) values ('3','4','1');
Insert into T_MAE_OPCION_ROL (ID_OPCION,ID_ROL,FLG_ESTADO) values ('4','4','1');
Insert into T_MAE_OPCION_ROL (ID_OPCION,ID_ROL,FLG_ESTADO) values ('5','4','1');
Insert into T_MAE_OPCION_ROL (ID_OPCION,ID_ROL,FLG_ESTADO) values ('7','4','1');
Insert into T_MAE_OPCION_ROL (ID_OPCION,ID_ROL,FLG_ESTADO) values ('1','5','1');
Insert into T_MAE_OPCION_ROL (ID_OPCION,ID_ROL,FLG_ESTADO) values ('2','5','1');
Insert into T_MAE_OPCION_ROL (ID_OPCION,ID_ROL,FLG_ESTADO) values ('3','5','1');
Insert into T_MAE_OPCION_ROL (ID_OPCION,ID_ROL,FLG_ESTADO) values ('4','5','1');
Insert into T_MAE_OPCION_ROL (ID_OPCION,ID_ROL,FLG_ESTADO) values ('5','5','1');
Insert into T_MAE_OPCION_ROL (ID_OPCION,ID_ROL,FLG_ESTADO) values ('7','5','1');
REM INSERTING into T_MAE_PAGINA
SET DEFINE OFF;
REM INSERTING into T_MAE_PLAZO
SET DEFINE OFF;
REM INSERTING into T_MAE_ROL
SET DEFINE OFF;
Insert into T_MAE_ROL (ID_ROL,DESCRIPCION_ROL,FLG_ESTADO) values ('1','USUARIO ADMINISTRADO','1');
Insert into T_MAE_ROL (ID_ROL,DESCRIPCION_ROL,FLG_ESTADO) values ('2','ESPECIALISTA MRV','1');
Insert into T_MAE_ROL (ID_ROL,DESCRIPCION_ROL,FLG_ESTADO) values ('3','ADMINISTRADOR MINEM','1');
Insert into T_MAE_ROL (ID_ROL,DESCRIPCION_ROL,FLG_ESTADO) values ('4','EVALUADOR MRV','1');
Insert into T_MAE_ROL (ID_ROL,DESCRIPCION_ROL,FLG_ESTADO) values ('5','VERIFICADOR','1');
Insert into T_MAE_ROL (ID_ROL,DESCRIPCION_ROL,FLG_ESTADO) values ('6','VISITANTE','1');
REM INSERTING into T_MAE_SECTOR_INST
SET DEFINE OFF;
Insert into T_MAE_SECTOR_INST (ID_SECTOR_INST,DESCRIPCION,FLAG_ESTADO) values ('1','PUBLICO ADMINISTRATIVO','1');
Insert into T_MAE_SECTOR_INST (ID_SECTOR_INST,DESCRIPCION,FLAG_ESTADO) values ('2','PUBLICO SALUD','1');
Insert into T_MAE_SECTOR_INST (ID_SECTOR_INST,DESCRIPCION,FLAG_ESTADO) values ('3','PUBLICO EDUCATIVO','1');
Insert into T_MAE_SECTOR_INST (ID_SECTOR_INST,DESCRIPCION,FLAG_ESTADO) values ('4','PUBLICO SEGURIDAD','1');
Insert into T_MAE_SECTOR_INST (ID_SECTOR_INST,DESCRIPCION,FLAG_ESTADO) values ('5','COMERCIAL','1');
Insert into T_MAE_SECTOR_INST (ID_SECTOR_INST,DESCRIPCION,FLAG_ESTADO) values ('6','INDUSTRIAL MINERA','1');
Insert into T_MAE_SECTOR_INST (ID_SECTOR_INST,DESCRIPCION,FLAG_ESTADO) values ('7','INDUSTRIAL OTRO','1');
REM INSERTING into T_MAE_TERMINOS
SET DEFINE OFF;
Insert into T_MAE_TERMINOS (ID_TERMINOS,ID_ROL,CONDICIONES_TERMINOS) values ('1','1','El Proyecto Acciones Nacionales Apropiadas de Mitigacin de energa (NAMA por sus siglas en ingls) en los sectores de generacin de energa y su uso final en el Per promueve acciones de sostenibilidad para alcanzar reducciones en emisiones de gases de efecto invernadero (GEI) como parte de los compromisos internacionales asumido por Per dentro del marco de la Convencin de las Naciones Unidas sobre Cambio Climtico (CMNUCC o UNFCCC por sus siglas en ingls). 
En ese sentido, identificar y desarrollar iniciativas en el sector energa (por ejemplo, NAMAs) favorecern a la reduccin de emisiones de GEI y a su vez generarn beneficios sociales, ambientales y econmicos.  De otro lado nuestro pas, para el cumplimiento de sus compromisos, ha priorizado seis sectores para el diseo de iniciativas de reduccin de emisiones de GEI / captura de CO2, los cuales son: Energa, Transporte, Agricultura, Desechos, USCUSS (Uso de Suelo, Cambio de Uso de Suelo y Silvicultura) y Procesos Industriales. En ese sentido, el sector energtico (incluyendo transporte) es la segunda fuente de emisiones, despus de USCUSS, con el 26% de las emisiones totales de GEI del pas y llegando a aumentar 15% entre los aos 1994 y 2000 (SCNCC ) y 50% entre los aos 2000 y 2010 (FBUR ).  Por lo que, tenemos la gran responsabilidad de desarrollar NAMAs ambiciosas y efectivas para poder alcanzar el objetivo de las NDCs.  
En ese contexto, el Ministerio de Energa y Minas suscribi con el Programa de Naciones Unidas para el Desarrollo  PNUD, el Convenio para implementar el Proyecto Acciones Nacionales Apropiadas de Mitigacin (NAMA) en los sectores de generacin de energa y su uso final en el Per, cuyo financiamiento proviene del Fondo Mundial para el Medio Ambiente (GEF por su siglas en ingls), ms el apoyo y cofinanciamiento de PNUD, MINAM, MEF y MEM. 
Recayendo su implementacin en la Direccin General de Eficiencia Energtica quien deber liderar, disear, desarrollar, gestionar y coordinar cuatro (04) NAMAs de energa con sus respectivos sistemas de Monitoreo, Reporte, y Verificacin (MRV), como producto de este proyecto. En ese sentido desde abril del 2016, el Proyecto inici el proceso de diseo conceptual de los mismos enfocndose en maximizar los beneficios sociales, ambientales y econmicos para el pas.  Por tal motivo, se ha elegido desarrollar las siguientes NAMAs a desarrollarse desde 2016 hasta 2020:
1.	NAMA #1 (Eficiencia Energtica): Mejoras en Eficiencia Energtica en los sectores pblicos y privadas;  
2.	NAMA #2 (RER Conectado): La promocin de las RER en sistemas interconectados; 
3.	NAMA #3 (RER Acceso Universal): Promocin del Acceso Universal a la Energa Sostenible; y
4.	NAMA #4 (Transporte Elctrico): Promocin de eficiencia energtica en el sector transporte con la promocin de transporte elctrico.  
');
REM INSERTING into T_MAE_TIPO_COMBUSTIBLE
SET DEFINE OFF;
Insert into T_MAE_TIPO_COMBUSTIBLE (ID_TIPO_COMBUSTIBLE,DESCRIPCION) values ('1','GNV');
Insert into T_MAE_TIPO_COMBUSTIBLE (ID_TIPO_COMBUSTIBLE,DESCRIPCION) values ('2','GLP');
Insert into T_MAE_TIPO_COMBUSTIBLE (ID_TIPO_COMBUSTIBLE,DESCRIPCION) values ('3','Gasolina');
Insert into T_MAE_TIPO_COMBUSTIBLE (ID_TIPO_COMBUSTIBLE,DESCRIPCION) values ('4','Diesel');
REM INSERTING into T_MAE_TIPO_FUENTE
SET DEFINE OFF;
Insert into T_MAE_TIPO_FUENTE (ID_TIPO_FUENTE,DESCRIPCION) values ('1','ELECTRICO');
Insert into T_MAE_TIPO_FUENTE (ID_TIPO_FUENTE,DESCRIPCION) values ('1','HIBRIDO');
Insert into T_MAE_TIPO_FUENTE (ID_TIPO_FUENTE,DESCRIPCION) values ('1','HIDROGENO');
REM INSERTING into T_MAE_TIPO_OPCION
SET DEFINE OFF;
Insert into T_MAE_TIPO_OPCION (ID_TIPO_OPCION,DES_TIPO_OPCION,SIGLA) values ('1','TIPO 1','T1 ');
Insert into T_MAE_TIPO_OPCION (ID_TIPO_OPCION,DES_TIPO_OPCION,SIGLA) values ('2','TIPO 2','T2 ');
REM INSERTING into T_MAE_TIPO_VEHICULO
SET DEFINE OFF;
Insert into T_MAE_TIPO_VEHICULO (ID_TIPO_VEHICULO,DESCRIPCION) values ('1','Automovil');
Insert into T_MAE_TIPO_VEHICULO (ID_TIPO_VEHICULO,DESCRIPCION) values ('2','Bus 9m');
Insert into T_MAE_TIPO_VEHICULO (ID_TIPO_VEHICULO,DESCRIPCION) values ('3','Bus 12m');
Insert into T_MAE_TIPO_VEHICULO (ID_TIPO_VEHICULO,DESCRIPCION) values ('4','Bus 18m');
Insert into T_MAE_TIPO_VEHICULO (ID_TIPO_VEHICULO,DESCRIPCION) values ('5','Mototaxi');
Insert into T_MAE_TIPO_VEHICULO (ID_TIPO_VEHICULO,DESCRIPCION) values ('6','Moto');
REM INSERTING into T_MAE_UBICACION
SET DEFINE OFF;
Insert into T_MAE_UBICACION (ID_UBICACION,DESCRIPCION,FLG_ESTADO) values ('1','AMAZONAS',null);
Insert into T_MAE_UBICACION (ID_UBICACION,DESCRIPCION,FLG_ESTADO) values ('2','ANCASH',null);
Insert into T_MAE_UBICACION (ID_UBICACION,DESCRIPCION,FLG_ESTADO) values ('3','APURIMAC',null);
Insert into T_MAE_UBICACION (ID_UBICACION,DESCRIPCION,FLG_ESTADO) values ('4','AREQUIPA',null);
Insert into T_MAE_UBICACION (ID_UBICACION,DESCRIPCION,FLG_ESTADO) values ('5','AYACUCHO',null);
Insert into T_MAE_UBICACION (ID_UBICACION,DESCRIPCION,FLG_ESTADO) values ('6','CAJAMARCA',null);
Insert into T_MAE_UBICACION (ID_UBICACION,DESCRIPCION,FLG_ESTADO) values ('7','CALLAO',null);
Insert into T_MAE_UBICACION (ID_UBICACION,DESCRIPCION,FLG_ESTADO) values ('8','CUSCO',null);
Insert into T_MAE_UBICACION (ID_UBICACION,DESCRIPCION,FLG_ESTADO) values ('9','HUANCAVELICA',null);
Insert into T_MAE_UBICACION (ID_UBICACION,DESCRIPCION,FLG_ESTADO) values ('10','HUANUCO',null);
Insert into T_MAE_UBICACION (ID_UBICACION,DESCRIPCION,FLG_ESTADO) values ('11','ICA',null);
Insert into T_MAE_UBICACION (ID_UBICACION,DESCRIPCION,FLG_ESTADO) values ('12','JUNIN',null);
Insert into T_MAE_UBICACION (ID_UBICACION,DESCRIPCION,FLG_ESTADO) values ('13','LA LIBERTAD',null);
Insert into T_MAE_UBICACION (ID_UBICACION,DESCRIPCION,FLG_ESTADO) values ('14','LAMBAYEQUE',null);
Insert into T_MAE_UBICACION (ID_UBICACION,DESCRIPCION,FLG_ESTADO) values ('15','LIMA',null);
Insert into T_MAE_UBICACION (ID_UBICACION,DESCRIPCION,FLG_ESTADO) values ('16','LORETO',null);
Insert into T_MAE_UBICACION (ID_UBICACION,DESCRIPCION,FLG_ESTADO) values ('17','MADRE DE DIOS',null);
Insert into T_MAE_UBICACION (ID_UBICACION,DESCRIPCION,FLG_ESTADO) values ('18','MOQUEGUA',null);
Insert into T_MAE_UBICACION (ID_UBICACION,DESCRIPCION,FLG_ESTADO) values ('19','PASCO',null);
Insert into T_MAE_UBICACION (ID_UBICACION,DESCRIPCION,FLG_ESTADO) values ('20','PIURA',null);
Insert into T_MAE_UBICACION (ID_UBICACION,DESCRIPCION,FLG_ESTADO) values ('21','PUNO',null);
Insert into T_MAE_UBICACION (ID_UBICACION,DESCRIPCION,FLG_ESTADO) values ('22','SAN MARTIN','0');
Insert into T_MAE_UBICACION (ID_UBICACION,DESCRIPCION,FLG_ESTADO) values ('23','TACNA1','0');
Insert into T_MAE_UBICACION (ID_UBICACION,DESCRIPCION,FLG_ESTADO) values ('24','TUMBES2','0');
Insert into T_MAE_UBICACION (ID_UBICACION,DESCRIPCION,FLG_ESTADO) values ('25','UCAYALI','0');
REM INSERTING into T_MAE_USUARIO_MEDMIT
SET DEFINE OFF;
REM INSERTING into T_MAE_USUARIO_ROL
SET DEFINE OFF;
Insert into T_MAE_USUARIO_ROL (ID_USUARIO,ID_ROL,FLG_ESTADO,DES_COMENTARIO) values ('1','4','1',null);
Insert into T_MAE_USUARIO_ROL (ID_USUARIO,ID_ROL,FLG_ESTADO,DES_COMENTARIO) values ('130','1','1',null);
Insert into T_MAE_USUARIO_ROL (ID_USUARIO,ID_ROL,FLG_ESTADO,DES_COMENTARIO) values ('22','3','1',null);
Insert into T_MAE_USUARIO_ROL (ID_USUARIO,ID_ROL,FLG_ESTADO,DES_COMENTARIO) values ('131','1','1',null);
Insert into T_MAE_USUARIO_ROL (ID_USUARIO,ID_ROL,FLG_ESTADO,DES_COMENTARIO) values ('45','5','1',null);
Insert into T_MAE_USUARIO_ROL (ID_USUARIO,ID_ROL,FLG_ESTADO,DES_COMENTARIO) values ('143','1','1',null);
Insert into T_MAE_USUARIO_ROL (ID_USUARIO,ID_ROL,FLG_ESTADO,DES_COMENTARIO) values ('144','1','1',null);
Insert into T_MAE_USUARIO_ROL (ID_USUARIO,ID_ROL,FLG_ESTADO,DES_COMENTARIO) values ('145','1','1',null);
Insert into T_MAE_USUARIO_ROL (ID_USUARIO,ID_ROL,FLG_ESTADO,DES_COMENTARIO) values ('146','1','1',null);
Insert into T_MAE_USUARIO_ROL (ID_USUARIO,ID_ROL,FLG_ESTADO,DES_COMENTARIO) values ('133','1','1',null);
Insert into T_MAE_USUARIO_ROL (ID_USUARIO,ID_ROL,FLG_ESTADO,DES_COMENTARIO) values ('134','1','1',null);
Insert into T_MAE_USUARIO_ROL (ID_USUARIO,ID_ROL,FLG_ESTADO,DES_COMENTARIO) values ('137','1','1',null);
Insert into T_MAE_USUARIO_ROL (ID_USUARIO,ID_ROL,FLG_ESTADO,DES_COMENTARIO) values ('139','1','1',null);
Insert into T_MAE_USUARIO_ROL (ID_USUARIO,ID_ROL,FLG_ESTADO,DES_COMENTARIO) values ('81','2','1',null);
Insert into T_MAE_USUARIO_ROL (ID_USUARIO,ID_ROL,FLG_ESTADO,DES_COMENTARIO) values ('129','1','1',null);
Insert into T_MAE_USUARIO_ROL (ID_USUARIO,ID_ROL,FLG_ESTADO,DES_COMENTARIO) values ('132','1','1',null);
Insert into T_MAE_USUARIO_ROL (ID_USUARIO,ID_ROL,FLG_ESTADO,DES_COMENTARIO) values ('135','1','1',null);
Insert into T_MAE_USUARIO_ROL (ID_USUARIO,ID_ROL,FLG_ESTADO,DES_COMENTARIO) values ('136','1','1',null);
Insert into T_MAE_USUARIO_ROL (ID_USUARIO,ID_ROL,FLG_ESTADO,DES_COMENTARIO) values ('138','1','1',null);
Insert into T_MAE_USUARIO_ROL (ID_USUARIO,ID_ROL,FLG_ESTADO,DES_COMENTARIO) values ('140','1','1',null);
Insert into T_MAE_USUARIO_ROL (ID_USUARIO,ID_ROL,FLG_ESTADO,DES_COMENTARIO) values ('141','1','1',null);
Insert into T_MAE_USUARIO_ROL (ID_USUARIO,ID_ROL,FLG_ESTADO,DES_COMENTARIO) values ('142','1','1',null);
