--------------------------------------------------------
-- Archivo creado  - lunes-abril-27-2020   
--------------------------------------------------------
REM INSERTING into MRVMM.T_GENM_INICIATIVA
SET DEFINE OFF;
Insert into MRVMM.T_GENM_INICIATIVA (ID_INICIATIVA,ID_MEDMIT,ID_USUARIO,NOMBRE_INICIATIVA,DESC_INICIATIVA,ID_ESTADO,PRIVACIDAD_INICIATIVA,INVERSION_INICIATIVA,ID_MONEDA,FECHA_CREA_INICIATIVA,FECHA_IMPLE_INICIATIVA,ID_ETAPA,USUARIO_REGISTRO,FECHA_REGISTRO,IP_REGISTRO,USUARIO_MODIFICA,FECHA_MODIFICA,IP_MODIFICA,FLG_ESTADO,PRIVACIDAD_INVERSION,FECHA_FIN_INICIATIVA,GEI_TOTAL,ID_TIPO_INGRESO,ID_TIPO_INICIATIVA,ID_PLAZO_ETAPA_ESTADO,ASIGNAR_INI,ESTADO_FICHA,NOMBRE_FICHA) values ('664','9','320','Electrificación rural - ER','Todo los rurales','3','0','120000','1',to_date('24/04/20','DD/MM/RR'),to_date('22/05/17','DD/MM/RR'),'2',null,to_date('24/04/20','DD/MM/RR'),null,null,null,null,null,'0',to_date('22/06/17','DD/MM/RR'),'0',null,'1','6',null,null,null);
Insert into MRVMM.T_GENM_INICIATIVA (ID_INICIATIVA,ID_MEDMIT,ID_USUARIO,NOMBRE_INICIATIVA,DESC_INICIATIVA,ID_ESTADO,PRIVACIDAD_INICIATIVA,INVERSION_INICIATIVA,ID_MONEDA,FECHA_CREA_INICIATIVA,FECHA_IMPLE_INICIATIVA,ID_ETAPA,USUARIO_REGISTRO,FECHA_REGISTRO,IP_REGISTRO,USUARIO_MODIFICA,FECHA_MODIFICA,IP_MODIFICA,FLG_ESTADO,PRIVACIDAD_INVERSION,FECHA_FIN_INICIATIVA,GEI_TOTAL,ID_TIPO_INGRESO,ID_TIPO_INICIATIVA,ID_PLAZO_ETAPA_ESTADO,ASIGNAR_INI,ESTADO_FICHA,NOMBRE_FICHA) values ('668','5','320','Transformación del mercado de Iluminación en el Sector Residencial - ISR','Transformación del mercado de Iluminación en el Sector Residencial - ISR','3','0','2000','3',to_date('24/04/20','DD/MM/RR'),to_date('31/03/17','DD/MM/RR'),'2',null,to_date('24/04/20','DD/MM/RR'),null,null,null,null,null,'0',to_date('28/05/17','DD/MM/RR'),'0',null,'2','6',null,null,null);
Insert into MRVMM.T_GENM_INICIATIVA (ID_INICIATIVA,ID_MEDMIT,ID_USUARIO,NOMBRE_INICIATIVA,DESC_INICIATIVA,ID_ESTADO,PRIVACIDAD_INICIATIVA,INVERSION_INICIATIVA,ID_MONEDA,FECHA_CREA_INICIATIVA,FECHA_IMPLE_INICIATIVA,ID_ETAPA,USUARIO_REGISTRO,FECHA_REGISTRO,IP_REGISTRO,USUARIO_MODIFICA,FECHA_MODIFICA,IP_MODIFICA,FLG_ESTADO,PRIVACIDAD_INVERSION,FECHA_FIN_INICIATIVA,GEI_TOTAL,ID_TIPO_INGRESO,ID_TIPO_INICIATIVA,ID_PLAZO_ETAPA_ESTADO,ASIGNAR_INI,ESTADO_FICHA,NOMBRE_FICHA) values ('669','4','320','Auditorías energéticas en el sector público','Auditorías energéticas en el sector público','3','1','230000','2',to_date('24/04/20','DD/MM/RR'),to_date('23/01/17','DD/MM/RR'),'2',null,to_date('24/04/20','DD/MM/RR'),null,null,null,null,null,'1',to_date('24/12/17','DD/MM/RR'),'0',null,'2','6',null,null,null);
Insert into MRVMM.T_GENM_INICIATIVA (ID_INICIATIVA,ID_MEDMIT,ID_USUARIO,NOMBRE_INICIATIVA,DESC_INICIATIVA,ID_ESTADO,PRIVACIDAD_INICIATIVA,INVERSION_INICIATIVA,ID_MONEDA,FECHA_CREA_INICIATIVA,FECHA_IMPLE_INICIATIVA,ID_ETAPA,USUARIO_REGISTRO,FECHA_REGISTRO,IP_REGISTRO,USUARIO_MODIFICA,FECHA_MODIFICA,IP_MODIFICA,FLG_ESTADO,PRIVACIDAD_INVERSION,FECHA_FIN_INICIATIVA,GEI_TOTAL,ID_TIPO_INGRESO,ID_TIPO_INICIATIVA,ID_PLAZO_ETAPA_ESTADO,ASIGNAR_INI,ESTADO_FICHA,NOMBRE_FICHA) values ('670','3','320','Eficiencia energética en el sector comercial','Eficiencia energética en el sector comercial','3','0','305000','2',to_date('24/04/20','DD/MM/RR'),to_date('22/06/17','DD/MM/RR'),'2',null,to_date('24/04/20','DD/MM/RR'),null,null,null,null,null,'0',to_date('23/07/19','DD/MM/RR'),'0',null,'3','6',null,null,null);
Insert into MRVMM.T_GENM_INICIATIVA (ID_INICIATIVA,ID_MEDMIT,ID_USUARIO,NOMBRE_INICIATIVA,DESC_INICIATIVA,ID_ESTADO,PRIVACIDAD_INICIATIVA,INVERSION_INICIATIVA,ID_MONEDA,FECHA_CREA_INICIATIVA,FECHA_IMPLE_INICIATIVA,ID_ETAPA,USUARIO_REGISTRO,FECHA_REGISTRO,IP_REGISTRO,USUARIO_MODIFICA,FECHA_MODIFICA,IP_MODIFICA,FLG_ESTADO,PRIVACIDAD_INVERSION,FECHA_FIN_INICIATIVA,GEI_TOTAL,ID_TIPO_INGRESO,ID_TIPO_INICIATIVA,ID_PLAZO_ETAPA_ESTADO,ASIGNAR_INI,ESTADO_FICHA,NOMBRE_FICHA) values ('671','2','320','Eficiencia Energética en el sector industria','Eficiencia Energética en el sector industria','3','0','400488382','2',to_date('24/04/20','DD/MM/RR'),to_date('24/05/17','DD/MM/RR'),'2',null,to_date('24/04/20','DD/MM/RR'),null,null,null,null,null,'0',to_date('26/06/17','DD/MM/RR'),'0',null,'2','6',null,null,null);
Insert into MRVMM.T_GENM_INICIATIVA (ID_INICIATIVA,ID_MEDMIT,ID_USUARIO,NOMBRE_INICIATIVA,DESC_INICIATIVA,ID_ESTADO,PRIVACIDAD_INICIATIVA,INVERSION_INICIATIVA,ID_MONEDA,FECHA_CREA_INICIATIVA,FECHA_IMPLE_INICIATIVA,ID_ETAPA,USUARIO_REGISTRO,FECHA_REGISTRO,IP_REGISTRO,USUARIO_MODIFICA,FECHA_MODIFICA,IP_MODIFICA,FLG_ESTADO,PRIVACIDAD_INVERSION,FECHA_FIN_INICIATIVA,GEI_TOTAL,ID_TIPO_INGRESO,ID_TIPO_INICIATIVA,ID_PLAZO_ETAPA_ESTADO,ASIGNAR_INI,ESTADO_FICHA,NOMBRE_FICHA) values ('672','1','320','Etiquetado de Eficiencia Energética','Etiquetado de Eficiencia Energética','3','0','2220000','2',to_date('24/04/20','DD/MM/RR'),to_date('10/10/17','DD/MM/RR'),'2',null,to_date('24/04/20','DD/MM/RR'),null,null,null,null,null,'0',to_date('10/12/17','DD/MM/RR'),'0',null,'1','6',null,null,null);
Insert into MRVMM.T_GENM_INICIATIVA (ID_INICIATIVA,ID_MEDMIT,ID_USUARIO,NOMBRE_INICIATIVA,DESC_INICIATIVA,ID_ESTADO,PRIVACIDAD_INICIATIVA,INVERSION_INICIATIVA,ID_MONEDA,FECHA_CREA_INICIATIVA,FECHA_IMPLE_INICIATIVA,ID_ETAPA,USUARIO_REGISTRO,FECHA_REGISTRO,IP_REGISTRO,USUARIO_MODIFICA,FECHA_MODIFICA,IP_MODIFICA,FLG_ESTADO,PRIVACIDAD_INVERSION,FECHA_FIN_INICIATIVA,GEI_TOTAL,ID_TIPO_INGRESO,ID_TIPO_INICIATIVA,ID_PLAZO_ETAPA_ESTADO,ASIGNAR_INI,ESTADO_FICHA,NOMBRE_FICHA) values ('681','5','81','Transformación del mercado Mercedes Luz','Transformación del mercado Mercedes Luz','3','0','14000000','2',to_date('26/04/20','DD/MM/RR'),to_date('21/05/18','DD/MM/RR'),'2',null,to_date('26/04/20','DD/MM/RR'),null,null,null,null,null,'0',to_date('01/01/01','DD/MM/RR'),'0',null,'2','6',null,null,null);
Insert into MRVMM.T_GENM_INICIATIVA (ID_INICIATIVA,ID_MEDMIT,ID_USUARIO,NOMBRE_INICIATIVA,DESC_INICIATIVA,ID_ESTADO,PRIVACIDAD_INICIATIVA,INVERSION_INICIATIVA,ID_MONEDA,FECHA_CREA_INICIATIVA,FECHA_IMPLE_INICIATIVA,ID_ETAPA,USUARIO_REGISTRO,FECHA_REGISTRO,IP_REGISTRO,USUARIO_MODIFICA,FECHA_MODIFICA,IP_MODIFICA,FLG_ESTADO,PRIVACIDAD_INVERSION,FECHA_FIN_INICIATIVA,GEI_TOTAL,ID_TIPO_INGRESO,ID_TIPO_INICIATIVA,ID_PLAZO_ETAPA_ESTADO,ASIGNAR_INI,ESTADO_FICHA,NOMBRE_FICHA) values ('682','12','105','Vehiculos electricos 5M','Todos los vehiculos seran rojos','3','0','1500000','2',to_date('27/04/20','DD/MM/RR'),to_date('21/04/18','DD/MM/RR'),'2',null,to_date('27/04/20','DD/MM/RR'),null,null,null,null,null,'0',to_date('01/01/01','DD/MM/RR'),'0',null,'2','6',null,null,null);
Insert into MRVMM.T_GENM_INICIATIVA (ID_INICIATIVA,ID_MEDMIT,ID_USUARIO,NOMBRE_INICIATIVA,DESC_INICIATIVA,ID_ESTADO,PRIVACIDAD_INICIATIVA,INVERSION_INICIATIVA,ID_MONEDA,FECHA_CREA_INICIATIVA,FECHA_IMPLE_INICIATIVA,ID_ETAPA,USUARIO_REGISTRO,FECHA_REGISTRO,IP_REGISTRO,USUARIO_MODIFICA,FECHA_MODIFICA,IP_MODIFICA,FLG_ESTADO,PRIVACIDAD_INVERSION,FECHA_FIN_INICIATIVA,GEI_TOTAL,ID_TIPO_INGRESO,ID_TIPO_INICIATIVA,ID_PLAZO_ETAPA_ESTADO,ASIGNAR_INI,ESTADO_FICHA,NOMBRE_FICHA) values ('661','12','320','Buses de 25M eléctricos ','Todo una flota de 10 buses ','3','1','240000','1',to_date('24/04/20','DD/MM/RR'),to_date('21/04/18','DD/MM/RR'),'2',null,to_date('24/04/20','DD/MM/RR'),null,null,null,null,null,'1',to_date('22/07/18','DD/MM/RR'),'0',null,'2','6',null,null,null);
Insert into MRVMM.T_GENM_INICIATIVA (ID_INICIATIVA,ID_MEDMIT,ID_USUARIO,NOMBRE_INICIATIVA,DESC_INICIATIVA,ID_ESTADO,PRIVACIDAD_INICIATIVA,INVERSION_INICIATIVA,ID_MONEDA,FECHA_CREA_INICIATIVA,FECHA_IMPLE_INICIATIVA,ID_ETAPA,USUARIO_REGISTRO,FECHA_REGISTRO,IP_REGISTRO,USUARIO_MODIFICA,FECHA_MODIFICA,IP_MODIFICA,FLG_ESTADO,PRIVACIDAD_INVERSION,FECHA_FIN_INICIATIVA,GEI_TOTAL,ID_TIPO_INGRESO,ID_TIPO_INICIATIVA,ID_PLAZO_ETAPA_ESTADO,ASIGNAR_INI,ESTADO_FICHA,NOMBRE_FICHA) values ('662','11','320','Medida que abarca toda instalación de generación eléctrica','Toda una generación distribuida','3','0','120000','2',to_date('24/04/20','DD/MM/RR'),to_date('10/05/17','DD/MM/RR'),'2',null,to_date('24/04/20','DD/MM/RR'),null,null,null,null,null,'0',to_date('10/06/17','DD/MM/RR'),'0',null,'2','6',null,null,null);
Insert into MRVMM.T_GENM_INICIATIVA (ID_INICIATIVA,ID_MEDMIT,ID_USUARIO,NOMBRE_INICIATIVA,DESC_INICIATIVA,ID_ESTADO,PRIVACIDAD_INICIATIVA,INVERSION_INICIATIVA,ID_MONEDA,FECHA_CREA_INICIATIVA,FECHA_IMPLE_INICIATIVA,ID_ETAPA,USUARIO_REGISTRO,FECHA_REGISTRO,IP_REGISTRO,USUARIO_MODIFICA,FECHA_MODIFICA,IP_MODIFICA,FLG_ESTADO,PRIVACIDAD_INVERSION,FECHA_FIN_INICIATIVA,GEI_TOTAL,ID_TIPO_INGRESO,ID_TIPO_INICIATIVA,ID_PLAZO_ETAPA_ESTADO,ASIGNAR_INI,ESTADO_FICHA,NOMBRE_FICHA) values ('663','10','320','RER conectado','todo conectado','3','1','130000','3',to_date('24/04/20','DD/MM/RR'),to_date('21/05/18','DD/MM/RR'),'2',null,to_date('24/04/20','DD/MM/RR'),null,null,null,null,null,'1',to_date('23/06/18','DD/MM/RR'),'0',null,'3','6',null,null,null);
Insert into MRVMM.T_GENM_INICIATIVA (ID_INICIATIVA,ID_MEDMIT,ID_USUARIO,NOMBRE_INICIATIVA,DESC_INICIATIVA,ID_ESTADO,PRIVACIDAD_INICIATIVA,INVERSION_INICIATIVA,ID_MONEDA,FECHA_CREA_INICIATIVA,FECHA_IMPLE_INICIATIVA,ID_ETAPA,USUARIO_REGISTRO,FECHA_REGISTRO,IP_REGISTRO,USUARIO_MODIFICA,FECHA_MODIFICA,IP_MODIFICA,FLG_ESTADO,PRIVACIDAD_INVERSION,FECHA_FIN_INICIATIVA,GEI_TOTAL,ID_TIPO_INGRESO,ID_TIPO_INICIATIVA,ID_PLAZO_ETAPA_ESTADO,ASIGNAR_INI,ESTADO_FICHA,NOMBRE_FICHA) values ('646','12','105','BUSES DE 5M AZULES ELECTRICOS','TODA LA FLOTA SERA REEMPLAZADA','1','0','124000','3',to_date('01/04/20','DD/MM/RR'),to_date('21/05/19','DD/MM/RR'),'1',null,to_date('01/04/20','DD/MM/RR'),null,null,null,null,null,'0',to_date('01/01/01','DD/MM/RR'),'0',null,'2','2',null,null,null);
Insert into MRVMM.T_GENM_INICIATIVA (ID_INICIATIVA,ID_MEDMIT,ID_USUARIO,NOMBRE_INICIATIVA,DESC_INICIATIVA,ID_ESTADO,PRIVACIDAD_INICIATIVA,INVERSION_INICIATIVA,ID_MONEDA,FECHA_CREA_INICIATIVA,FECHA_IMPLE_INICIATIVA,ID_ETAPA,USUARIO_REGISTRO,FECHA_REGISTRO,IP_REGISTRO,USUARIO_MODIFICA,FECHA_MODIFICA,IP_MODIFICA,FLG_ESTADO,PRIVACIDAD_INVERSION,FECHA_FIN_INICIATIVA,GEI_TOTAL,ID_TIPO_INGRESO,ID_TIPO_INICIATIVA,ID_PLAZO_ETAPA_ESTADO,ASIGNAR_INI,ESTADO_FICHA,NOMBRE_FICHA) values ('647','6','105','Lamparas LED ','todo el sector','3','0','350000','1',to_date('01/04/20','DD/MM/RR'),to_date('21/05/19','DD/MM/RR'),'6',null,to_date('01/04/20','DD/MM/RR'),null,null,null,null,null,'0',to_date('01/01/01','DD/MM/RR'),'1628,99','2','3','16','300','0',null);
Insert into MRVMM.T_GENM_INICIATIVA (ID_INICIATIVA,ID_MEDMIT,ID_USUARIO,NOMBRE_INICIATIVA,DESC_INICIATIVA,ID_ESTADO,PRIVACIDAD_INICIATIVA,INVERSION_INICIATIVA,ID_MONEDA,FECHA_CREA_INICIATIVA,FECHA_IMPLE_INICIATIVA,ID_ETAPA,USUARIO_REGISTRO,FECHA_REGISTRO,IP_REGISTRO,USUARIO_MODIFICA,FECHA_MODIFICA,IP_MODIFICA,FLG_ESTADO,PRIVACIDAD_INVERSION,FECHA_FIN_INICIATIVA,GEI_TOTAL,ID_TIPO_INGRESO,ID_TIPO_INICIATIVA,ID_PLAZO_ETAPA_ESTADO,ASIGNAR_INI,ESTADO_FICHA,NOMBRE_FICHA) values ('641','1','105','Etiquetado de nuevas luces eficientes','Todos las luces de la oficina','2','0','12000','1',to_date('31/03/20','DD/MM/RR'),to_date('21/05/18','DD/MM/RR'),'3',null,to_date('31/03/20','DD/MM/RR'),null,null,null,null,null,'0',to_date('29/08/18','DD/MM/RR'),'0','1','1','9',null,'1','641_MRV.pdf');
Insert into MRVMM.T_GENM_INICIATIVA (ID_INICIATIVA,ID_MEDMIT,ID_USUARIO,NOMBRE_INICIATIVA,DESC_INICIATIVA,ID_ESTADO,PRIVACIDAD_INICIATIVA,INVERSION_INICIATIVA,ID_MONEDA,FECHA_CREA_INICIATIVA,FECHA_IMPLE_INICIATIVA,ID_ETAPA,USUARIO_REGISTRO,FECHA_REGISTRO,IP_REGISTRO,USUARIO_MODIFICA,FECHA_MODIFICA,IP_MODIFICA,FLG_ESTADO,PRIVACIDAD_INVERSION,FECHA_FIN_INICIATIVA,GEI_TOTAL,ID_TIPO_INGRESO,ID_TIPO_INICIATIVA,ID_PLAZO_ETAPA_ESTADO,ASIGNAR_INI,ESTADO_FICHA,NOMBRE_FICHA) values ('642','12','105','Vehículos eléctricos 20 ','Se creara una nueva flota','3','1','1300','3',to_date('31/03/20','DD/MM/RR'),to_date('12/01/17','DD/MM/RR'),'7',null,to_date('31/03/20','DD/MM/RR'),null,null,null,null,null,'1',to_date('22/06/17','DD/MM/RR'),'-8,96','2','1','18','301','0',null);
Insert into MRVMM.T_GENM_INICIATIVA (ID_INICIATIVA,ID_MEDMIT,ID_USUARIO,NOMBRE_INICIATIVA,DESC_INICIATIVA,ID_ESTADO,PRIVACIDAD_INICIATIVA,INVERSION_INICIATIVA,ID_MONEDA,FECHA_CREA_INICIATIVA,FECHA_IMPLE_INICIATIVA,ID_ETAPA,USUARIO_REGISTRO,FECHA_REGISTRO,IP_REGISTRO,USUARIO_MODIFICA,FECHA_MODIFICA,IP_MODIFICA,FLG_ESTADO,PRIVACIDAD_INVERSION,FECHA_FIN_INICIATIVA,GEI_TOTAL,ID_TIPO_INGRESO,ID_TIPO_INICIATIVA,ID_PLAZO_ETAPA_ESTADO,ASIGNAR_INI,ESTADO_FICHA,NOMBRE_FICHA) values ('644','6','105','Reemplazo de lámparas de baja eficiencia por lámparas LED ','Todas las lamparas ','3','0','1200','3',to_date('01/04/20','DD/MM/RR'),to_date('21/09/18','DD/MM/RR'),'7',null,to_date('01/04/20','DD/MM/RR'),null,null,null,null,null,'0',to_date('01/01/01','DD/MM/RR'),'2416,31','1','2','18','301','0','644_MRV.pdf');
Insert into MRVMM.T_GENM_INICIATIVA (ID_INICIATIVA,ID_MEDMIT,ID_USUARIO,NOMBRE_INICIATIVA,DESC_INICIATIVA,ID_ESTADO,PRIVACIDAD_INICIATIVA,INVERSION_INICIATIVA,ID_MONEDA,FECHA_CREA_INICIATIVA,FECHA_IMPLE_INICIATIVA,ID_ETAPA,USUARIO_REGISTRO,FECHA_REGISTRO,IP_REGISTRO,USUARIO_MODIFICA,FECHA_MODIFICA,IP_MODIFICA,FLG_ESTADO,PRIVACIDAD_INVERSION,FECHA_FIN_INICIATIVA,GEI_TOTAL,ID_TIPO_INGRESO,ID_TIPO_INICIATIVA,ID_PLAZO_ETAPA_ESTADO,ASIGNAR_INI,ESTADO_FICHA,NOMBRE_FICHA) values ('645','10','105','Aumentar la participación de los Recursos Energéticos de fuentes Renovables','Todos los recursos','1','0','13300','2',to_date('01/04/20','DD/MM/RR'),to_date('31/08/18','DD/MM/RR'),'1',null,to_date('01/04/20','DD/MM/RR'),null,null,null,null,null,'0',to_date('01/01/01','DD/MM/RR'),'0',null,'1','2',null,null,null);
Insert into MRVMM.T_GENM_INICIATIVA (ID_INICIATIVA,ID_MEDMIT,ID_USUARIO,NOMBRE_INICIATIVA,DESC_INICIATIVA,ID_ESTADO,PRIVACIDAD_INICIATIVA,INVERSION_INICIATIVA,ID_MONEDA,FECHA_CREA_INICIATIVA,FECHA_IMPLE_INICIATIVA,ID_ETAPA,USUARIO_REGISTRO,FECHA_REGISTRO,IP_REGISTRO,USUARIO_MODIFICA,FECHA_MODIFICA,IP_MODIFICA,FLG_ESTADO,PRIVACIDAD_INVERSION,FECHA_FIN_INICIATIVA,GEI_TOTAL,ID_TIPO_INGRESO,ID_TIPO_INICIATIVA,ID_PLAZO_ETAPA_ESTADO,ASIGNAR_INI,ESTADO_FICHA,NOMBRE_FICHA) values ('643','5','105','Cambio de luces LED en luces resildencial','En todo el sector','3','0','14000','3',to_date('31/03/20','DD/MM/RR'),to_date('21/07/18','DD/MM/RR'),'6',null,to_date('31/03/20','DD/MM/RR'),null,null,null,null,null,'0',to_date('01/01/01','DD/MM/RR'),'27391,68','1','2','16','300','1','643_MRV.pdf');
Insert into MRVMM.T_GENM_INICIATIVA (ID_INICIATIVA,ID_MEDMIT,ID_USUARIO,NOMBRE_INICIATIVA,DESC_INICIATIVA,ID_ESTADO,PRIVACIDAD_INICIATIVA,INVERSION_INICIATIVA,ID_MONEDA,FECHA_CREA_INICIATIVA,FECHA_IMPLE_INICIATIVA,ID_ETAPA,USUARIO_REGISTRO,FECHA_REGISTRO,IP_REGISTRO,USUARIO_MODIFICA,FECHA_MODIFICA,IP_MODIFICA,FLG_ESTADO,PRIVACIDAD_INVERSION,FECHA_FIN_INICIATIVA,GEI_TOTAL,ID_TIPO_INGRESO,ID_TIPO_INICIATIVA,ID_PLAZO_ETAPA_ESTADO,ASIGNAR_INI,ESTADO_FICHA,NOMBRE_FICHA) values ('665','8','320','Cocción limpia','Cocción limpia','3','1','240000','2',to_date('24/04/20','DD/MM/RR'),to_date('23/11/18','DD/MM/RR'),'2',null,to_date('24/04/20','DD/MM/RR'),null,null,null,null,null,'1',to_date('24/12/18','DD/MM/RR'),'0',null,'2','6',null,null,null);
Insert into MRVMM.T_GENM_INICIATIVA (ID_INICIATIVA,ID_MEDMIT,ID_USUARIO,NOMBRE_INICIATIVA,DESC_INICIATIVA,ID_ESTADO,PRIVACIDAD_INICIATIVA,INVERSION_INICIATIVA,ID_MONEDA,FECHA_CREA_INICIATIVA,FECHA_IMPLE_INICIATIVA,ID_ETAPA,USUARIO_REGISTRO,FECHA_REGISTRO,IP_REGISTRO,USUARIO_MODIFICA,FECHA_MODIFICA,IP_MODIFICA,FLG_ESTADO,PRIVACIDAD_INVERSION,FECHA_FIN_INICIATIVA,GEI_TOTAL,ID_TIPO_INGRESO,ID_TIPO_INICIATIVA,ID_PLAZO_ETAPA_ESTADO,ASIGNAR_INI,ESTADO_FICHA,NOMBRE_FICHA) values ('666','7','320','Lámparas de alumbrado público','Lámparas de alumbrado público','3','0','50000','1',to_date('24/04/20','DD/MM/RR'),to_date('21/04/18','DD/MM/RR'),'2',null,to_date('24/04/20','DD/MM/RR'),null,null,null,null,null,'0',to_date('22/05/18','DD/MM/RR'),'0',null,'3','6',null,null,null);
Insert into MRVMM.T_GENM_INICIATIVA (ID_INICIATIVA,ID_MEDMIT,ID_USUARIO,NOMBRE_INICIATIVA,DESC_INICIATIVA,ID_ESTADO,PRIVACIDAD_INICIATIVA,INVERSION_INICIATIVA,ID_MONEDA,FECHA_CREA_INICIATIVA,FECHA_IMPLE_INICIATIVA,ID_ETAPA,USUARIO_REGISTRO,FECHA_REGISTRO,IP_REGISTRO,USUARIO_MODIFICA,FECHA_MODIFICA,IP_MODIFICA,FLG_ESTADO,PRIVACIDAD_INVERSION,FECHA_FIN_INICIATIVA,GEI_TOTAL,ID_TIPO_INGRESO,ID_TIPO_INICIATIVA,ID_PLAZO_ETAPA_ESTADO,ASIGNAR_INI,ESTADO_FICHA,NOMBRE_FICHA) values ('667','6','320','Reemplazo de lámparas en sector público','Reemplazo de lámparas en sector público','3','1','1200','3',to_date('24/04/20','DD/MM/RR'),to_date('21/05/18','DD/MM/RR'),'2',null,to_date('24/04/20','DD/MM/RR'),null,null,null,null,null,'1',to_date('22/07/19','DD/MM/RR'),'0',null,'2','6',null,null,null);
REM INSERTING into MRVMM.T_GENM_ENFOQUE
SET DEFINE OFF;
Insert into MRVMM.T_GENM_ENFOQUE (ID_ENFOQUE,ID_MEDMIT,DESCRIPCION,FLAG_ESTADO,ADJUNTO,ADJUNTO_BASE) values ('3','12','VEHICULOS ELECTRICOS (CONSUMO)','1','4.1.PVE_vehiculos_electricos_consumo_exp.xlsx','4.1.PVE_vehiculos_electricos_consumo_exp.xlsx');
Insert into MRVMM.T_GENM_ENFOQUE (ID_ENFOQUE,ID_MEDMIT,DESCRIPCION,FLAG_ESTADO,ADJUNTO,ADJUNTO_BASE) values ('4','12','VEHICULOS HIBRIDOS (CONSUMO)','1','4.1.PVE_vehiculos_hibridos_consumo_exp.xlsx','4.1.PVE_vehiculos_hibridos_consumo_exp.xlsx');
Insert into MRVMM.T_GENM_ENFOQUE (ID_ENFOQUE,ID_MEDMIT,DESCRIPCION,FLAG_ESTADO,ADJUNTO,ADJUNTO_BASE) values ('5','11','GENERACION DISTRIBUIDA','1','3.2.GD_exp.xlsx','3.2.GD_exp.xlsx');
Insert into MRVMM.T_GENM_ENFOQUE (ID_ENFOQUE,ID_MEDMIT,DESCRIPCION,FLAG_ESTADO,ADJUNTO,ADJUNTO_BASE) values ('1','12','VEHICULOS ELECTRICOS (RECORRIDO)','1','4.1.PVE_vehiculos_electricos_recorrido_exp.xlsx','4.1.PVE_vehiculos_electricos_recorrido_exp.xlsx');
Insert into MRVMM.T_GENM_ENFOQUE (ID_ENFOQUE,ID_MEDMIT,DESCRIPCION,FLAG_ESTADO,ADJUNTO,ADJUNTO_BASE) values ('2','12','VEHICULOS HIBRIDOS (RECORRIDO)
','1','4.1.PVE_vehiculos_hibridos_recorrido_exp.xlsx','4.1.PVE_vehiculos_hibridos_recorrido_exp.xlsx');
Insert into MRVMM.T_GENM_ENFOQUE (ID_ENFOQUE,ID_MEDMIT,DESCRIPCION,FLAG_ESTADO,ADJUNTO,ADJUNTO_BASE) values ('11','6','REEMPLAZO DE LAMPARAS PUBLICO','1','1.6.LSP_exp.xlsx','1.6.LSP_exp.xlsx');
Insert into MRVMM.T_GENM_ENFOQUE (ID_ENFOQUE,ID_MEDMIT,DESCRIPCION,FLAG_ESTADO,ADJUNTO,ADJUNTO_BASE) values ('12','5','ILUMINACION RESIDENCIAL','1','1.5.ISR_exp.xlsx','1.5.ISR_exp.xlsx');
Insert into MRVMM.T_GENM_ENFOQUE (ID_ENFOQUE,ID_MEDMIT,DESCRIPCION,FLAG_ESTADO,ADJUNTO,ADJUNTO_BASE) values ('13','3','EFICIENCIA ENERGÉTICA SECTOR COMERCIAL','1','1.3.EESC_exp.xlsx','1.3.EESC_exp.xlsx');
Insert into MRVMM.T_GENM_ENFOQUE (ID_ENFOQUE,ID_MEDMIT,DESCRIPCION,FLAG_ESTADO,ADJUNTO,ADJUNTO_BASE) values ('14','2','EFICIENCIA ENERG. SECTOR INDUSTRIAL (MOTOR)','1','1.2.EESI_motores_exp.xlsx','1.2.EESI_motores_exp.xlsx');
Insert into MRVMM.T_GENM_ENFOQUE (ID_ENFOQUE,ID_MEDMIT,DESCRIPCION,FLAG_ESTADO,ADJUNTO,ADJUNTO_BASE) values ('15','2','EFICIENCIA ENERG. SECTOR INDUSTRIAL (CALDERA)','1','1.2.EESI_caldera_exp.xlsx','1.2.EESI_caldera_exp.xlsx');
Insert into MRVMM.T_GENM_ENFOQUE (ID_ENFOQUE,ID_MEDMIT,DESCRIPCION,FLAG_ESTADO,ADJUNTO,ADJUNTO_BASE) values ('22','1','ETIQUETADO CALENTADORES AGUA (ELECTRICO)','1','1.1.EEE_calentadores_electrico_exp.xlsx','1.1.EEE_calentadores_electrico_exp.xlsx');
Insert into MRVMM.T_GENM_ENFOQUE (ID_ENFOQUE,ID_MEDMIT,DESCRIPCION,FLAG_ESTADO,ADJUNTO,ADJUNTO_BASE) values ('23','1','ETIQUETADO CALENTADORES AGUA (GAS)','1','1.1.EEE_calentadores_gas_exp.xlsx','1.1.EEE_calentadores_gas_exp.xlsx');
Insert into MRVMM.T_GENM_ENFOQUE (ID_ENFOQUE,ID_MEDMIT,DESCRIPCION,FLAG_ESTADO,ADJUNTO,ADJUNTO_BASE) values ('24','1','ETIQUETADO CALENTADORES AGUA (INSTANTANEO)','1','1.1.EEE_calentadores_electrico_instantaneo_exp.xlsx','1.1.EEE_calentadores_electrico_instantaneo_exp.xlsx');
Insert into MRVMM.T_GENM_ENFOQUE (ID_ENFOQUE,ID_MEDMIT,DESCRIPCION,FLAG_ESTADO,ADJUNTO,ADJUNTO_BASE) values ('6','10','RER CONECTADO','1','3.1.RERC_exp.xlsx','3.1.RERC_exp.xlsx');
Insert into MRVMM.T_GENM_ENFOQUE (ID_ENFOQUE,ID_MEDMIT,DESCRIPCION,FLAG_ESTADO,ADJUNTO,ADJUNTO_BASE) values ('7','9','ELECTRIFICACION RURAL','1','2.2.ER_exp.xlsx','2.2.ER_exp.xlsx');
Insert into MRVMM.T_GENM_ENFOQUE (ID_ENFOQUE,ID_MEDMIT,DESCRIPCION,FLAG_ESTADO,ADJUNTO,ADJUNTO_BASE) values ('8','8','COCCION LIMPIA (LEÑA)','1','2.1.CL_leña_exp.xlsx','2.1.CL_leña_exp.xlsx');
Insert into MRVMM.T_GENM_ENFOQUE (ID_ENFOQUE,ID_MEDMIT,DESCRIPCION,FLAG_ESTADO,ADJUNTO,ADJUNTO_BASE) values ('9','8','COCCION LIMPIA (VALES FISE GLP)','1','2.1.CL_glp_exp.xlsx','2.1.CL_glp_exp.xlsx');
Insert into MRVMM.T_GENM_ENFOQUE (ID_ENFOQUE,ID_MEDMIT,DESCRIPCION,FLAG_ESTADO,ADJUNTO,ADJUNTO_BASE) values ('10','7','LAMPARAS DE ALUMBRADO PUBLICO','1','1.7.LAP_exp.xlsx','1.7.LAP_exp.xlsx');
Insert into MRVMM.T_GENM_ENFOQUE (ID_ENFOQUE,ID_MEDMIT,DESCRIPCION,FLAG_ESTADO,ADJUNTO,ADJUNTO_BASE) values ('16','1','ETIQUETADO REFRIGERADORAS','1','1.1.EEE_refrigeradora_exp.xlsx','1.1.EEE_refrigeradora_exp.xlsx');
Insert into MRVMM.T_GENM_ENFOQUE (ID_ENFOQUE,ID_MEDMIT,DESCRIPCION,FLAG_ESTADO,ADJUNTO,ADJUNTO_BASE) values ('17','1','ETIQUETADO CONGELADORAS','1','1.1.EEE_congeladora_exp.xlsx','1.1.EEE_congeladora_exp.xlsx');
Insert into MRVMM.T_GENM_ENFOQUE (ID_ENFOQUE,ID_MEDMIT,DESCRIPCION,FLAG_ESTADO,ADJUNTO,ADJUNTO_BASE) values ('25','4','AUDITORIAS ENERGETICAS ','1','1.4.AESP_exp.xlsx','1.4.AESP_exp.xlsx');
Insert into MRVMM.T_GENM_ENFOQUE (ID_ENFOQUE,ID_MEDMIT,DESCRIPCION,FLAG_ESTADO,ADJUNTO,ADJUNTO_BASE) values ('18','1','ETIQUETADO LAVADORAS','1','1.1.EEE_lavadoras_exp.xlsx','1.1.EEE_lavadoras_exp.xlsx');
Insert into MRVMM.T_GENM_ENFOQUE (ID_ENFOQUE,ID_MEDMIT,DESCRIPCION,FLAG_ESTADO,ADJUNTO,ADJUNTO_BASE) values ('19','1','ETIQUETADO SECADORAS','1','1.1.EEE_secadoras_exp.xlsx','1.1.EEE_secadoras_exp.xlsx');
Insert into MRVMM.T_GENM_ENFOQUE (ID_ENFOQUE,ID_MEDMIT,DESCRIPCION,FLAG_ESTADO,ADJUNTO,ADJUNTO_BASE) values ('20','1','ETIQUETADO MOTORES ELECTRICOS','1','1.1.EEE_motores_electricos_exp.xlsx','1.1.EEE_motores_electricos_exp.xlsx');
Insert into MRVMM.T_GENM_ENFOQUE (ID_ENFOQUE,ID_MEDMIT,DESCRIPCION,FLAG_ESTADO,ADJUNTO,ADJUNTO_BASE) values ('21','1','ETIQUETADO AIRE ACONDICIONADO','1','1.1.EEE_aire_acondicionado_exp.xlsx','1.1.EEE_aire_acondicionado_exp.xlsx');
REM INSERTING into MRVMM.T_MAE_MEDMIT
SET DEFINE OFF;
Insert into MRVMM.T_MAE_MEDMIT (ID_MEDMIT,NUMERO_MEDMIT,NOMBRE_MEDMIT,DESCRIPCION_MEDMIT,ID_NAMA,OBJETIVO_MEDMIT,IPSC_MEDMIT,FLAG_ESTADO,GEI_TOTAL,GEI_PUBLICO,GEI_PRIVADO,CANT_TOTAL,CANT_PUBLICO,CANT_PRIVADO,ASOCIADO,ID_IPCC,ADJUNTO,ADJUNTO_BASE,METODOLOGIA_MEDMIT,USUARIO_ASOCIADO_MEDMIT) values ('6','LSP','Reemplazo de lámparas en sector público - LSP','Reemplazo de lámparas de baja eficiencia por lámparas LED en el sector público reduciendo así el consumo de energía y por ende reduciendo también las emisiones de GEI, con el objetivo de impulsar el uso de lámparas y otros equipos de iluminación LED en todas las instituciones públicas. La medida se implementa a través de las fichas de homologación de tecnología LED, aprobadas por el MINEM, y que son instrumentos que permiten el reemplazo de luminarias menos eficientes por lámparas y otros equipos de iluminación LED en los procesos de compras públicas, lo que permite además la inclusión de estas tecnologías en la implementación de nuevos establecimientos estatales.'',''1'',''Impulsar el uso de lámparas eficientes en el sector público a través de las Fichas de Homologación de lámparas de tecnología LED. Aplica para lámparas LED. ','1','Impulsar el uso de lámparas eficientes en el sector público a través de las Fichas de Homologación de lámparas de tecnología LED. Aplica para lámparas LED.Impulsar el uso de lámparas eficientes en el sector público a través de las Fichas de Homologación de lámparas de tecnología LED. Aplica para lámparas LED. ','Energía - Combustión estacionaria','1','-278,4','-160','-118,4','10','7','3','81','2','ico_nama_amarillo_05.svg','ico_nama_amarillo_05.svg','Metodologia ISR','1');
Insert into MRVMM.T_MAE_MEDMIT (ID_MEDMIT,NUMERO_MEDMIT,NOMBRE_MEDMIT,DESCRIPCION_MEDMIT,ID_NAMA,OBJETIVO_MEDMIT,IPSC_MEDMIT,FLAG_ESTADO,GEI_TOTAL,GEI_PUBLICO,GEI_PRIVADO,CANT_TOTAL,CANT_PUBLICO,CANT_PRIVADO,ASOCIADO,ID_IPCC,ADJUNTO,ADJUNTO_BASE,METODOLOGIA_MEDMIT,USUARIO_ASOCIADO_MEDMIT) values ('7','LAP','Lámparas de alumbrado público - LAP','Medida que promueve la implementación de lámparas de alta eficiencia en el alumbrado público reduciendo las emisiones de GEI debido al menor uso de energía, en el marco del Plan de Acceso Universal a la Energía (RM N°203-2013-MINEM/DM) y en donde se incluye el reemplazo de 100,000 lámparas de vapor de sodio de alta presión (VSAP) en alumbrado público por lámparas LED o de inducción, priorizando zonas vulnerables. Además, contempla una segunda fase a través de la implementación de las fichas de homologación de alumbrado público.','1','Reemplazo de lámparas de alumbrado público de vapor de sodio de alta presión por lámparas LED” consiste en la implementación de lámparas de alta eficiencia en el alumbrado público. Aplica para lámparas LED con fichas de homologación, 100,000 de FISE. ','Energía - Combustión estacionaria','1','-1035','-955','-80','1','1','0','81','2','ico_nama_amarillo_02.svg','ico_nama_amarillo_02.svg','Metodologia LAP','2');
Insert into MRVMM.T_MAE_MEDMIT (ID_MEDMIT,NUMERO_MEDMIT,NOMBRE_MEDMIT,DESCRIPCION_MEDMIT,ID_NAMA,OBJETIVO_MEDMIT,IPSC_MEDMIT,FLAG_ESTADO,GEI_TOTAL,GEI_PUBLICO,GEI_PRIVADO,CANT_TOTAL,CANT_PUBLICO,CANT_PRIVADO,ASOCIADO,ID_IPCC,ADJUNTO,ADJUNTO_BASE,METODOLOGIA_MEDMIT,USUARIO_ASOCIADO_MEDMIT) values ('8','CL','Cocción limpia - CL','Implementación y sostenibilidad de tecnologías de cocción limpia (cocinas mejoradas y cocinas a gas licuado de petróleos) en zonas rurales, reemplazando aquellas cocinas o tecnologías convencionales (fogón abierto) poco eficientes en el ámbito rural, con lo cual se reducirá los consumos de combustibles empleados en cocinas tradicionales, tales como leña y carbón vegetal, reduciendo así emisiones de gases de efecto invernadero (GEI) y los efectos nocivos a la salud asociados a las emisiones gaseosas y del material particulado restante de la combustión.','2','Reducción de las emisiones de gases de efecto invernadero (GEI) generadas por la cocción y calentamiento de alimentos a través del uso de cocinas o tecnologías convencionales (fogón abierto) poco eficientes en el ámbito rural. Incluye: cocinas mejoradas y a gas licuado de petróleo (GLP).','Energía - Combustión estacionaria','1','-1823','-1565','-258','1','1','0','81','2','ico_nama_rojo_02.svg','ico_nama_rojo_02.svg','Metodologia LAP','2');
Insert into MRVMM.T_MAE_MEDMIT (ID_MEDMIT,NUMERO_MEDMIT,NOMBRE_MEDMIT,DESCRIPCION_MEDMIT,ID_NAMA,OBJETIVO_MEDMIT,IPSC_MEDMIT,FLAG_ESTADO,GEI_TOTAL,GEI_PUBLICO,GEI_PRIVADO,CANT_TOTAL,CANT_PUBLICO,CANT_PRIVADO,ASOCIADO,ID_IPCC,ADJUNTO,ADJUNTO_BASE,METODOLOGIA_MEDMIT,USUARIO_ASOCIADO_MEDMIT) values ('10','RERC','RER conectado - RERC','Aumentar la participación de los Recursos Energéticos de fuentes Renovables (RER) en la matriz energética nacional en un 6.8% en el año 2030, reduciendo la proporción de la energía producida en base a la quema de combustibles fósiles, lo cual generará la reducción de emisiones de gases de efecto invernadero (GEI). Asimismo, la medida incluye la implementación de las centrales hidroeléctricas con una capacidad instalada menor a 20 MW.','3','Aumentar la participación de los Recursos Energéticos Renovables (RER) y dar cumplimiento al Decreto Legislativo N° 1002, Ley de Promoción de la Inversión en Generación de Electricidad con el uso de Energías Renovables (2008).','Energía - Combustión estacionaria','1','-7133','-6800','-333','2','1','1','81','2','ico_nama_verde_01.svg','ico_nama_verde_01.svg','Metodologia RERC','100');
Insert into MRVMM.T_MAE_MEDMIT (ID_MEDMIT,NUMERO_MEDMIT,NOMBRE_MEDMIT,DESCRIPCION_MEDMIT,ID_NAMA,OBJETIVO_MEDMIT,IPSC_MEDMIT,FLAG_ESTADO,GEI_TOTAL,GEI_PUBLICO,GEI_PRIVADO,CANT_TOTAL,CANT_PUBLICO,CANT_PRIVADO,ASOCIADO,ID_IPCC,ADJUNTO,ADJUNTO_BASE,METODOLOGIA_MEDMIT,USUARIO_ASOCIADO_MEDMIT) values ('9','ER','Electrificación rural - ER','Llevar el servicio de electricidad a usuarios ubicados en áreas no conectadas a la red eléctrica utilizando como fuente de generación los recursos energéticos renovables (RER), mediante la instalación de sistemas fotovoltaicos (paneles solares), con lo cual se reducirán las emisiones de gases de efecto invernadero (GEI) al sustituir el uso de combustibles fósiles en los hogares para generar electricidad, por una energía eléctrica con fuentes renovables que no produce emisiones.','2','Brindar el servicio de electricidad a usuarios ubicados en áreas no conectadas a la red utilizando como fuente de generación los recursos energéticos renovables (RER), mediante la instalación de sistemas fotovoltaicos (paneles solares).','Energía - Combustión estacionaria','1','-12,6','-8','-4,6','1','1','1','81','2','ico_nama_rojo_01.svg','ico_nama_rojo_01.svg','Metodologia ER','2');
Insert into MRVMM.T_MAE_MEDMIT (ID_MEDMIT,NUMERO_MEDMIT,NOMBRE_MEDMIT,DESCRIPCION_MEDMIT,ID_NAMA,OBJETIVO_MEDMIT,IPSC_MEDMIT,FLAG_ESTADO,GEI_TOTAL,GEI_PUBLICO,GEI_PRIVADO,CANT_TOTAL,CANT_PUBLICO,CANT_PRIVADO,ASOCIADO,ID_IPCC,ADJUNTO,ADJUNTO_BASE,METODOLOGIA_MEDMIT,USUARIO_ASOCIADO_MEDMIT) values ('11','GD','Generación distribuida - GD','Medida que abarca toda instalación de generación eléctrica que inyecte energía eléctrica a la red eléctrica esté conectada directamente a la Red de Distribución.','3','Promover el uso e implementación de sistemas de generación eléctrica con tecnologías limpias.','Energía - Combustión estacionaria','1','-53','-42','-11','3','2','1','81','2','ico_nama_verde_02.svg','ico_nama_verde_02.svg','Metodologia GD','2');
Insert into MRVMM.T_MAE_MEDMIT (ID_MEDMIT,NUMERO_MEDMIT,NOMBRE_MEDMIT,DESCRIPCION_MEDMIT,ID_NAMA,OBJETIVO_MEDMIT,IPSC_MEDMIT,FLAG_ESTADO,GEI_TOTAL,GEI_PUBLICO,GEI_PRIVADO,CANT_TOTAL,CANT_PUBLICO,CANT_PRIVADO,ASOCIADO,ID_IPCC,ADJUNTO,ADJUNTO_BASE,METODOLOGIA_MEDMIT,USUARIO_ASOCIADO_MEDMIT) values ('12','PVE','Promoción de vehículos eléctricos - PVE','Medida que propone reemplazar la matriz energética utilizada en el transporte, la cual utiliza predominantemente combustibles fósiles (gasolina, diésel, gas licuado de petróleo y gas natural vehicular), mediante una mayor participación de vehículos eléctricos en el parque vehicular, contribuyendo al cumplimiento del Plan Energético Nacional 2014-2025 y reduciendo las emisiones de gases de efecto invernadero (GEI) gracias al reemplazo o al desplazamiento de vehículos que consumen gasolina o diésel por nuevos vehículos eléctricos. La meta trazada para esta medida de mitigación en una primera etapa se da bajo 2 acciones: i) la introducción de ómnibus eléctricos y ii) introducción de vehículos livianos eléctricos.','4','Reemplazar la matriz energética utilizada de manera predominante en el transporte (gasolina, diésel, GLP, GNV), a vehículos eléctricos. ','Energía - Combustión móvil','1','-2369','-1890','-479','6','4','2','81','1','ico_nama_azul_01.svg','ico_nama_azul_01.svg','Metodologia PVE','2');
Insert into MRVMM.T_MAE_MEDMIT (ID_MEDMIT,NUMERO_MEDMIT,NOMBRE_MEDMIT,DESCRIPCION_MEDMIT,ID_NAMA,OBJETIVO_MEDMIT,IPSC_MEDMIT,FLAG_ESTADO,GEI_TOTAL,GEI_PUBLICO,GEI_PRIVADO,CANT_TOTAL,CANT_PUBLICO,CANT_PRIVADO,ASOCIADO,ID_IPCC,ADJUNTO,ADJUNTO_BASE,METODOLOGIA_MEDMIT,USUARIO_ASOCIADO_MEDMIT) values ('1','EEE','Etiquetado de Eficiencia Energética - EEE','Esta medida propone que los equipos que requieran suministros energéticos incluyan en sus etiquetas, envases, empaques y publicidad, una etiqueta de eficiencia energética a través de la cual el consumidor pueda conocer el consumo de energía y la eficiencia energética del producto para la toma de decisión de consumo, reduciendo así las emisiones de GEI debido a la reducción del consumo de energía asociada a la mejora de eficiencia de los nuevos equipos a ser adquiridos por los consumidores. La medida se enmarca en el Reglamento Técnico sobre el etiquetado de eficiencia energética para equipos energéticos, aprobado mediante Decreto Supremo N°009-2017-EM.','1','Dar cumplimiento al Reglamento Técnico sobre el etiquetado de eficiencia energética para equipos energéticos, aprobado mediante Decreto Supremo N°009-2017-EM. Puede incluir aparatos de refrigeración, calderas, motores eléctricos, lavadoras, secadoras, equipos de aire acondicionado y calentadores de agua. No incluye luminarias. ','Energía - Combustión estacionaria','1','-318','-180','-138','4','2','2','81','2','ico_nama_amarillo_03.svg','ico_nama_amarillo_03.svg','Metodologia EEE','100');
Insert into MRVMM.T_MAE_MEDMIT (ID_MEDMIT,NUMERO_MEDMIT,NOMBRE_MEDMIT,DESCRIPCION_MEDMIT,ID_NAMA,OBJETIVO_MEDMIT,IPSC_MEDMIT,FLAG_ESTADO,GEI_TOTAL,GEI_PUBLICO,GEI_PRIVADO,CANT_TOTAL,CANT_PUBLICO,CANT_PRIVADO,ASOCIADO,ID_IPCC,ADJUNTO,ADJUNTO_BASE,METODOLOGIA_MEDMIT,USUARIO_ASOCIADO_MEDMIT) values ('2','EESI','Eficiencia Energética en el sector industrial - EESI','Esta medida de mitigación, propuesta por el Ministerio de Energía y Minas, propone la implementación de medidas de eficiencia energética en empresas del sector industrial fomentando la competitividad de la economía nacional y reduciendo el impacto ambiental negativo del uso y consumo de los energéticos como la reducción de emisiones de GEI. Esta medida se enmarca en la Ley de Promoción del Uso Eficiente de la Energía, Ley N°27345, y su Reglamento aprobado por Decreto Supremo N°053-2007-EM. Así, se prevé considerar el recambio de motores y calderas, una vez que se viabilice el Fondo de Financiamiento a la Eficiencia Energética (FOFEE)','1','Fomentar la competitividad de la economía nacional y reducir el impacto ambiental negativo del uso y consumo de los energéticos mediante la Ley de Promoción del Uso Eficiente de la Energía – Ley N°27345 y su Reglamento, aprobado por Decreto Supremo N°053-2007-EM.','Energía - Combustión estacionaria','1','-1605','-1200','-405','6','3','3','81','2','ico_nama_amarillo_06.svg','ico_nama_amarillo_06.svg','Metodologia PVE','2');
Insert into MRVMM.T_MAE_MEDMIT (ID_MEDMIT,NUMERO_MEDMIT,NOMBRE_MEDMIT,DESCRIPCION_MEDMIT,ID_NAMA,OBJETIVO_MEDMIT,IPSC_MEDMIT,FLAG_ESTADO,GEI_TOTAL,GEI_PUBLICO,GEI_PRIVADO,CANT_TOTAL,CANT_PUBLICO,CANT_PRIVADO,ASOCIADO,ID_IPCC,ADJUNTO,ADJUNTO_BASE,METODOLOGIA_MEDMIT,USUARIO_ASOCIADO_MEDMIT) values ('3','EESC','Eficiencia energética en el sector comercial - EESC','Medida que propone promover la racionalización del consumo de energía en el sector comercial de servicios.','1','Promover la racionalización del consumo de energía en el sector comercial de servicios, a través de: a) reemplazo de lámparas de baja eficiencia por lámparas LED de 10W y b) instalación de sensores de ocupación hotelera, con el objetivo de controlar las unidades de aire acondicionado.','Energía - Combustión estacionaria','1','-313','-250','-63','9','5','4','81','2','ico_nama_amarillo_07.svg','ico_nama_amarillo_07.svg','Metodologia EESI','2');
Insert into MRVMM.T_MAE_MEDMIT (ID_MEDMIT,NUMERO_MEDMIT,NOMBRE_MEDMIT,DESCRIPCION_MEDMIT,ID_NAMA,OBJETIVO_MEDMIT,IPSC_MEDMIT,FLAG_ESTADO,GEI_TOTAL,GEI_PUBLICO,GEI_PRIVADO,CANT_TOTAL,CANT_PUBLICO,CANT_PRIVADO,ASOCIADO,ID_IPCC,ADJUNTO,ADJUNTO_BASE,METODOLOGIA_MEDMIT,USUARIO_ASOCIADO_MEDMIT) values ('4','AESP','Auditorías energéticas en el sector público - AESP','Medida que propone implementar acciones que contribuyan a reducir el consumo de energía sin que estas acciones afecten la calidad de los servicios prestados y recibidos en las entidades del sector público cuya facturación mensual por consumo de energía eléctrica sea mayor de cuatro (4) unidades impositivas tributarias (UIT), reduciendo así las emisiones de GEI debido a la reducción del consumo energético. Asimismo, prevé que en un futuro las auditorías energéticas puedan desarrollarse para el sector privado, bajo el mecanismo de un fondo de eficiencia energética.','1','Implementar acciones que contribuyan a reducir el consumo de energía sin que estas acciones afecten la calidad de los servicios prestados y recibidos en las entidades del sector público. Incluye todo equipo que consuma electricidad (con y sin fichas de homologación) con excepción de lámparas con fichas.','Energía - Combustión estacionaria','1','-811','-600','-211','6','2','4','81','2','ico_nama_amarillo_04.svg','ico_nama_amarillo_04.svg','Metodologia EESC','100');
Insert into MRVMM.T_MAE_MEDMIT (ID_MEDMIT,NUMERO_MEDMIT,NOMBRE_MEDMIT,DESCRIPCION_MEDMIT,ID_NAMA,OBJETIVO_MEDMIT,IPSC_MEDMIT,FLAG_ESTADO,GEI_TOTAL,GEI_PUBLICO,GEI_PRIVADO,CANT_TOTAL,CANT_PUBLICO,CANT_PRIVADO,ASOCIADO,ID_IPCC,ADJUNTO,ADJUNTO_BASE,METODOLOGIA_MEDMIT,USUARIO_ASOCIADO_MEDMIT) values ('5','IRS','Transformación del mercado de Iluminación en el Sector Residencial - ISR','Medida que promueve la sustitución de lámparas de baja eficiencia por tecnologías más eficientes de iluminación, reduciendo las emisiones de GEI debido al menor uso de energía, y generando la transformación hacia un mercado de iluminación más eficiente, cuyo principal objetivo es promover el uso de lámparas que permitan un uso eficiente de la energía en el país, sin menoscabar la calidad de la iluminación, considerando los beneficios económicos, ambientales y sociales que se tendrían en el país. La medida de mitigación propone dos fases: i) el programa de distribución de un millón y medio de lámparas energéticamente más eficientes a hogares de menores ingresos como meta al 2019, en el marco del Programa Anual de Promociones 2018, aprobado mediante Resolución Ministerial Nº 021-2018-MINEM/DM, de acuerdo a lo establecido en el Plan de Acceso Universal a la Energía 2013-2022, aprobado con Resolución Ministerial Nº 203-2013-MINEM-DM; y ii) la Estrategia de Iluminación del Perú, cuyo objetivo es incrementar la participación de las lámparas eficientes en el mercado de iluminación nacional, reduciendo el consumo de energía y por ende también reduciendo las emisiones de gases de efecto invernadero (como el CO2).','1','Promover el uso de lámparas que permitan un uso eficiente de la energía en el país, sin menoscabar la calidad de la iluminación, considerando los beneficios económicos, ambientales y sociales que se tendrían en el país. Aplica para lámparas LED.','Energía - Combustión estacionaria','1','-486','-400','-86','1','1','0','81','2','ico_nama_amarillo_01.svg','ico_nama_amarillo_01.svg','Metodologia AESP','100');

REM INSERTING into MRVMM.T_GEND_ARCHIVO
SET DEFINE OFF;
REM INSERTING into MRVMM.T_GEND_DETALLE_INICIATIVA
SET DEFINE OFF;
Insert into MRVMM.T_GEND_DETALLE_INICIATIVA (ID_DETALLE_INICIATIVA,ID_INICIATIVA,ID_REMITENTE,ID_DESTINO,DESC_INICIATIVA,ID_ETAPA,ID_ESTADO,OBSERVACIONES,FECHA_DERIVACION,FECHA_RECEPCION) values ('1624','664','320','81','REGISTRO INICIATIVA','1','1','Electrificación rural - ER|Electrificación rural - ER|22/05/2017|SOLES|120000',to_date('24/04/20','DD/MM/RR'),null);
Insert into MRVMM.T_GEND_DETALLE_INICIATIVA (ID_DETALLE_INICIATIVA,ID_INICIATIVA,ID_REMITENTE,ID_DESTINO,DESC_INICIATIVA,ID_ETAPA,ID_ESTADO,OBSERVACIONES,FECHA_DERIVACION,FECHA_RECEPCION) values ('1628','668','320','81','REGISTRO INICIATIVA','1','1','Transformación del mercado de Iluminación en el Sector Residencial - ISR|Transformación del mercado de Iluminación en el Sector Residencial - ISR|31/03/2017|EUROS|2000',to_date('24/04/20','DD/MM/RR'),null);
Insert into MRVMM.T_GEND_DETALLE_INICIATIVA (ID_DETALLE_INICIATIVA,ID_INICIATIVA,ID_REMITENTE,ID_DESTINO,DESC_INICIATIVA,ID_ETAPA,ID_ESTADO,OBSERVACIONES,FECHA_DERIVACION,FECHA_RECEPCION) values ('1629','669','320','81','REGISTRO INICIATIVA','1','1','Auditorías energéticas en el sector público|Auditorías energéticas en el sector público - AESP|23/01/2017|DOLARES|230000',to_date('24/04/20','DD/MM/RR'),null);
Insert into MRVMM.T_GEND_DETALLE_INICIATIVA (ID_DETALLE_INICIATIVA,ID_INICIATIVA,ID_REMITENTE,ID_DESTINO,DESC_INICIATIVA,ID_ETAPA,ID_ESTADO,OBSERVACIONES,FECHA_DERIVACION,FECHA_RECEPCION) values ('1630','670','320','81','REGISTRO INICIATIVA','1','1','Eficiencia energética en el sector comercial|Eficiencia energética en el sector comercial - EESC|22/06/2017|DOLARES|305000',to_date('24/04/20','DD/MM/RR'),null);
Insert into MRVMM.T_GEND_DETALLE_INICIATIVA (ID_DETALLE_INICIATIVA,ID_INICIATIVA,ID_REMITENTE,ID_DESTINO,DESC_INICIATIVA,ID_ETAPA,ID_ESTADO,OBSERVACIONES,FECHA_DERIVACION,FECHA_RECEPCION) values ('1631','671','320','81','REGISTRO INICIATIVA','1','1','Eficiencia Energética en el sector industria|Eficiencia Energética en el sector industrial - EESI|24/05/2017|DOLARES|400488382',to_date('24/04/20','DD/MM/RR'),null);
Insert into MRVMM.T_GEND_DETALLE_INICIATIVA (ID_DETALLE_INICIATIVA,ID_INICIATIVA,ID_REMITENTE,ID_DESTINO,DESC_INICIATIVA,ID_ETAPA,ID_ESTADO,OBSERVACIONES,FECHA_DERIVACION,FECHA_RECEPCION) values ('1632','672','320','81','REGISTRO INICIATIVA','1','1','Etiquetado de Eficiencia Energética|Etiquetado de Eficiencia Energética - EEE|10/10/2017|DOLARES|2220000',to_date('24/04/20','DD/MM/RR'),null);
Insert into MRVMM.T_GEND_DETALLE_INICIATIVA (ID_DETALLE_INICIATIVA,ID_INICIATIVA,ID_REMITENTE,ID_DESTINO,DESC_INICIATIVA,ID_ETAPA,ID_ESTADO,OBSERVACIONES,FECHA_DERIVACION,FECHA_RECEPCION) values ('1633','661','81',null,null,'2','3','CO2 - CH4|COMBUSTIBLES SOLIDOS - ENERGIA SOLAR',to_date('24/04/20','DD/MM/RR'),null);
Insert into MRVMM.T_GEND_DETALLE_INICIATIVA (ID_DETALLE_INICIATIVA,ID_INICIATIVA,ID_REMITENTE,ID_DESTINO,DESC_INICIATIVA,ID_ETAPA,ID_ESTADO,OBSERVACIONES,FECHA_DERIVACION,FECHA_RECEPCION) values ('1634','662','81',null,null,'2','3','N2O|COMBUSTIBLES FOSILES - ELECTRICIDAD',to_date('24/04/20','DD/MM/RR'),null);
Insert into MRVMM.T_GEND_DETALLE_INICIATIVA (ID_DETALLE_INICIATIVA,ID_INICIATIVA,ID_REMITENTE,ID_DESTINO,DESC_INICIATIVA,ID_ETAPA,ID_ESTADO,OBSERVACIONES,FECHA_DERIVACION,FECHA_RECEPCION) values ('1635','663','81',null,null,'2','3','CH4|ENERGIA SOLAR - ENERGIA EOLICA',to_date('24/04/20','DD/MM/RR'),null);
Insert into MRVMM.T_GEND_DETALLE_INICIATIVA (ID_DETALLE_INICIATIVA,ID_INICIATIVA,ID_REMITENTE,ID_DESTINO,DESC_INICIATIVA,ID_ETAPA,ID_ESTADO,OBSERVACIONES,FECHA_DERIVACION,FECHA_RECEPCION) values ('1636','664','81',null,null,'2','3','CH4 - N2O|ENERGIA EOLICA - ELECTRICIDAD',to_date('24/04/20','DD/MM/RR'),null);
Insert into MRVMM.T_GEND_DETALLE_INICIATIVA (ID_DETALLE_INICIATIVA,ID_INICIATIVA,ID_REMITENTE,ID_DESTINO,DESC_INICIATIVA,ID_ETAPA,ID_ESTADO,OBSERVACIONES,FECHA_DERIVACION,FECHA_RECEPCION) values ('1637','665','81',null,null,'2','3','CO2 - CH4|COMBUSTIBLES SOLIDOS - ENERGIA SOLAR',to_date('24/04/20','DD/MM/RR'),null);
Insert into MRVMM.T_GEND_DETALLE_INICIATIVA (ID_DETALLE_INICIATIVA,ID_INICIATIVA,ID_REMITENTE,ID_DESTINO,DESC_INICIATIVA,ID_ETAPA,ID_ESTADO,OBSERVACIONES,FECHA_DERIVACION,FECHA_RECEPCION) values ('1661','681','81','81','REGISTRO INICIATIVA','1','1','Transformación del mercado Mercedes Luz|Transformación del mercado de Iluminación en el Sector Residencial - ISR|21/05/2018|DOLARES|14000000',to_date('26/04/20','DD/MM/RR'),null);
Insert into MRVMM.T_GEND_DETALLE_INICIATIVA (ID_DETALLE_INICIATIVA,ID_INICIATIVA,ID_REMITENTE,ID_DESTINO,DESC_INICIATIVA,ID_ETAPA,ID_ESTADO,OBSERVACIONES,FECHA_DERIVACION,FECHA_RECEPCION) values ('1662','681','81',null,null,'2','3','CO2|COMBUSTIBLES SOLIDOS - ENERGIA SOLAR',to_date('26/04/20','DD/MM/RR'),null);
Insert into MRVMM.T_GEND_DETALLE_INICIATIVA (ID_DETALLE_INICIATIVA,ID_INICIATIVA,ID_REMITENTE,ID_DESTINO,DESC_INICIATIVA,ID_ETAPA,ID_ESTADO,OBSERVACIONES,FECHA_DERIVACION,FECHA_RECEPCION) values ('1638','666','81',null,null,'2','3','CH4|ENERGIA SOLAR',to_date('24/04/20','DD/MM/RR'),null);
Insert into MRVMM.T_GEND_DETALLE_INICIATIVA (ID_DETALLE_INICIATIVA,ID_INICIATIVA,ID_REMITENTE,ID_DESTINO,DESC_INICIATIVA,ID_ETAPA,ID_ESTADO,OBSERVACIONES,FECHA_DERIVACION,FECHA_RECEPCION) values ('1639','667','81',null,null,'2','3','CH4 - N2O|ENERGIA SOLAR - ENERGIA EOLICA',to_date('24/04/20','DD/MM/RR'),null);
Insert into MRVMM.T_GEND_DETALLE_INICIATIVA (ID_DETALLE_INICIATIVA,ID_INICIATIVA,ID_REMITENTE,ID_DESTINO,DESC_INICIATIVA,ID_ETAPA,ID_ESTADO,OBSERVACIONES,FECHA_DERIVACION,FECHA_RECEPCION) values ('1640','668','81',null,null,'2','3','CO2|ENERGIA SOLAR - ENERGIA EOLICA',to_date('24/04/20','DD/MM/RR'),null);
Insert into MRVMM.T_GEND_DETALLE_INICIATIVA (ID_DETALLE_INICIATIVA,ID_INICIATIVA,ID_REMITENTE,ID_DESTINO,DESC_INICIATIVA,ID_ETAPA,ID_ESTADO,OBSERVACIONES,FECHA_DERIVACION,FECHA_RECEPCION) values ('1641','669','81',null,null,'2','3','CO2|ENERGIA SOLAR - ENERGIA TERMICA',to_date('24/04/20','DD/MM/RR'),null);
Insert into MRVMM.T_GEND_DETALLE_INICIATIVA (ID_DETALLE_INICIATIVA,ID_INICIATIVA,ID_REMITENTE,ID_DESTINO,DESC_INICIATIVA,ID_ETAPA,ID_ESTADO,OBSERVACIONES,FECHA_DERIVACION,FECHA_RECEPCION) values ('1642','670','81',null,null,'2','3','CH4|COMBUSTIBLES SOLIDOS - ENERGIA TERMICA',to_date('24/04/20','DD/MM/RR'),null);
Insert into MRVMM.T_GEND_DETALLE_INICIATIVA (ID_DETALLE_INICIATIVA,ID_INICIATIVA,ID_REMITENTE,ID_DESTINO,DESC_INICIATIVA,ID_ETAPA,ID_ESTADO,OBSERVACIONES,FECHA_DERIVACION,FECHA_RECEPCION) values ('1643','671','81',null,null,'2','3','CO2 - CH4|ENERGIA TERMICA - COMBUSTIBLES FOSILES',to_date('24/04/20','DD/MM/RR'),null);
Insert into MRVMM.T_GEND_DETALLE_INICIATIVA (ID_DETALLE_INICIATIVA,ID_INICIATIVA,ID_REMITENTE,ID_DESTINO,DESC_INICIATIVA,ID_ETAPA,ID_ESTADO,OBSERVACIONES,FECHA_DERIVACION,FECHA_RECEPCION) values ('1644','672','81',null,null,'2','3','CH4 - N2O|ENERGIA EOLICA - COMBUSTIBLES FOSILES',to_date('24/04/20','DD/MM/RR'),null);
Insert into MRVMM.T_GEND_DETALLE_INICIATIVA (ID_DETALLE_INICIATIVA,ID_INICIATIVA,ID_REMITENTE,ID_DESTINO,DESC_INICIATIVA,ID_ETAPA,ID_ESTADO,OBSERVACIONES,FECHA_DERIVACION,FECHA_RECEPCION) values ('1663','682','105','81','REGISTRO INICIATIVA','1','1','Vehiculos electricos 5M|Promoción de vehículos eléctricos - PVE|21/04/2018|DOLARES|1500000',to_date('27/04/20','DD/MM/RR'),null);
Insert into MRVMM.T_GEND_DETALLE_INICIATIVA (ID_DETALLE_INICIATIVA,ID_INICIATIVA,ID_REMITENTE,ID_DESTINO,DESC_INICIATIVA,ID_ETAPA,ID_ESTADO,OBSERVACIONES,FECHA_DERIVACION,FECHA_RECEPCION) values ('1664','682','81',null,null,'2','3','CH4 - N2O|ENERGIA SOLAR',to_date('27/04/20','DD/MM/RR'),null);
Insert into MRVMM.T_GEND_DETALLE_INICIATIVA (ID_DETALLE_INICIATIVA,ID_INICIATIVA,ID_REMITENTE,ID_DESTINO,DESC_INICIATIVA,ID_ETAPA,ID_ESTADO,OBSERVACIONES,FECHA_DERIVACION,FECHA_RECEPCION) values ('1621','661','320','81','REGISTRO INICIATIVA','1','1','Buses de 25M eléctricos |Promoción de vehículos eléctricos - PVE|21/04/2018|SOLES|240000',to_date('24/04/20','DD/MM/RR'),null);
Insert into MRVMM.T_GEND_DETALLE_INICIATIVA (ID_DETALLE_INICIATIVA,ID_INICIATIVA,ID_REMITENTE,ID_DESTINO,DESC_INICIATIVA,ID_ETAPA,ID_ESTADO,OBSERVACIONES,FECHA_DERIVACION,FECHA_RECEPCION) values ('1622','662','320','81','REGISTRO INICIATIVA','1','1','Medida que abarca toda instalación de generación eléctrica|Generación distribuida - GD|10/05/2017|DOLARES|120000',to_date('24/04/20','DD/MM/RR'),null);
Insert into MRVMM.T_GEND_DETALLE_INICIATIVA (ID_DETALLE_INICIATIVA,ID_INICIATIVA,ID_REMITENTE,ID_DESTINO,DESC_INICIATIVA,ID_ETAPA,ID_ESTADO,OBSERVACIONES,FECHA_DERIVACION,FECHA_RECEPCION) values ('1623','663','320','81','REGISTRO INICIATIVA','1','1','RER conectado|RER conectado - RERC|21/05/2018|EUROS|130000',to_date('24/04/20','DD/MM/RR'),null);
Insert into MRVMM.T_GEND_DETALLE_INICIATIVA (ID_DETALLE_INICIATIVA,ID_INICIATIVA,ID_REMITENTE,ID_DESTINO,DESC_INICIATIVA,ID_ETAPA,ID_ESTADO,OBSERVACIONES,FECHA_DERIVACION,FECHA_RECEPCION) values ('1570','642','105',null,'REGISTRAR DETALLE INDICADOR','3','1','Promoción de vehículos eléctricos - PVE|VEHICULOS HIBRIDOS (RECORRIDO)
|1|-8,96',to_date('31/03/20','DD/MM/RR'),null);
Insert into MRVMM.T_GEND_DETALLE_INICIATIVA (ID_DETALLE_INICIATIVA,ID_INICIATIVA,ID_REMITENTE,ID_DESTINO,DESC_INICIATIVA,ID_ETAPA,ID_ESTADO,OBSERVACIONES,FECHA_DERIVACION,FECHA_RECEPCION) values ('1577','641','105',null,'REGISTRAR DETALLE INDICADOR','3','1','Etiquetado de Eficiencia Energética - EEE|ETIQUETADO CALENTADORES AGUA (ELECTRICO)|1|0',to_date('31/03/20','DD/MM/RR'),null);
Insert into MRVMM.T_GEND_DETALLE_INICIATIVA (ID_DETALLE_INICIATIVA,ID_INICIATIVA,ID_REMITENTE,ID_DESTINO,DESC_INICIATIVA,ID_ETAPA,ID_ESTADO,OBSERVACIONES,FECHA_DERIVACION,FECHA_RECEPCION) values ('1578','641','81',null,null,'3','2','corregir',to_date('31/03/20','DD/MM/RR'),null);
Insert into MRVMM.T_GEND_DETALLE_INICIATIVA (ID_DETALLE_INICIATIVA,ID_INICIATIVA,ID_REMITENTE,ID_DESTINO,DESC_INICIATIVA,ID_ETAPA,ID_ESTADO,OBSERVACIONES,FECHA_DERIVACION,FECHA_RECEPCION) values ('1586','643','300',null,null,'6','3','Transformación del mercado de Iluminación en el Sector Residencial - ISR|Cambio de luces LED en luces resildencial|27391,68|Juan Soto|2af4d119e567f0f5ea194db911019f9e45516e776a91c514780b2217394cbf9e',to_date('01/04/20','DD/MM/RR'),null);
Insert into MRVMM.T_GEND_DETALLE_INICIATIVA (ID_DETALLE_INICIATIVA,ID_INICIATIVA,ID_REMITENTE,ID_DESTINO,DESC_INICIATIVA,ID_ETAPA,ID_ESTADO,OBSERVACIONES,FECHA_DERIVACION,FECHA_RECEPCION) values ('1592','644','105',null,'REGISTRAR DETALLE INDICADOR','3','1','Reemplazo de lámparas en sector público - LSP|REEMPLAZO DE LAMPARAS PUBLICO|1|2416,31',to_date('01/04/20','DD/MM/RR'),null);
Insert into MRVMM.T_GEND_DETALLE_INICIATIVA (ID_DETALLE_INICIATIVA,ID_INICIATIVA,ID_REMITENTE,ID_DESTINO,DESC_INICIATIVA,ID_ETAPA,ID_ESTADO,OBSERVACIONES,FECHA_DERIVACION,FECHA_RECEPCION) values ('1593','644','81',null,null,'3','2','No esta bien el registro',to_date('01/04/20','DD/MM/RR'),null);
Insert into MRVMM.T_GEND_DETALLE_INICIATIVA (ID_DETALLE_INICIATIVA,ID_INICIATIVA,ID_REMITENTE,ID_DESTINO,DESC_INICIATIVA,ID_ETAPA,ID_ESTADO,OBSERVACIONES,FECHA_DERIVACION,FECHA_RECEPCION) values ('1598','644','301',null,null,'10','3','1',to_date('01/04/20','DD/MM/RR'),null);
Insert into MRVMM.T_GEND_DETALLE_INICIATIVA (ID_DETALLE_INICIATIVA,ID_INICIATIVA,ID_REMITENTE,ID_DESTINO,DESC_INICIATIVA,ID_ETAPA,ID_ESTADO,OBSERVACIONES,FECHA_DERIVACION,FECHA_RECEPCION) values ('1599','644','301',null,null,'8','2','revisar bien ',to_date('01/04/20','DD/MM/RR'),null);
Insert into MRVMM.T_GEND_DETALLE_INICIATIVA (ID_DETALLE_INICIATIVA,ID_INICIATIVA,ID_REMITENTE,ID_DESTINO,DESC_INICIATIVA,ID_ETAPA,ID_ESTADO,OBSERVACIONES,FECHA_DERIVACION,FECHA_RECEPCION) values ('1606','647','105',null,null,'3','5','Reemplazo de lámparas en sector público - LSP|REEMPLAZO DE LAMPARAS PUBLICO|1|1628,99',to_date('01/04/20','DD/MM/RR'),null);
Insert into MRVMM.T_GEND_DETALLE_INICIATIVA (ID_DETALLE_INICIATIVA,ID_INICIATIVA,ID_REMITENTE,ID_DESTINO,DESC_INICIATIVA,ID_ETAPA,ID_ESTADO,OBSERVACIONES,FECHA_DERIVACION,FECHA_RECEPCION) values ('1563','642','105','81','REGISTRO DE INICIATIVA','1','1','Vehículos eléctricos 20 |Promoción de vehículos eléctricos - PVE|12/01/2017|EUROS|1300',to_date('31/03/20','DD/MM/RR'),null);
Insert into MRVMM.T_GEND_DETALLE_INICIATIVA (ID_DETALLE_INICIATIVA,ID_INICIATIVA,ID_REMITENTE,ID_DESTINO,DESC_INICIATIVA,ID_ETAPA,ID_ESTADO,OBSERVACIONES,FECHA_DERIVACION,FECHA_RECEPCION) values ('1605','644','22',null,null,'4','2','corregir ',to_date('01/04/20','DD/MM/RR'),null);
Insert into MRVMM.T_GEND_DETALLE_INICIATIVA (ID_DETALLE_INICIATIVA,ID_INICIATIVA,ID_REMITENTE,ID_DESTINO,DESC_INICIATIVA,ID_ETAPA,ID_ESTADO,OBSERVACIONES,FECHA_DERIVACION,FECHA_RECEPCION) values ('1575','643','105',null,'REGISTRAR DETALLE INDICADOR','3','1','Transformación del mercado de Iluminación en el Sector Residencial - ISR|ILUMINACION RESIDENCIAL|1|27391,68',to_date('31/03/20','DD/MM/RR'),null);
Insert into MRVMM.T_GEND_DETALLE_INICIATIVA (ID_DETALLE_INICIATIVA,ID_INICIATIVA,ID_REMITENTE,ID_DESTINO,DESC_INICIATIVA,ID_ETAPA,ID_ESTADO,OBSERVACIONES,FECHA_DERIVACION,FECHA_RECEPCION) values ('1603','647','105',null,'REGISTRAR DETALLE INDICADOR','3','1','Reemplazo de lámparas en sector público - LSP|REEMPLAZO DE LAMPARAS PUBLICO|1|1628,99',to_date('01/04/20','DD/MM/RR'),null);
Insert into MRVMM.T_GEND_DETALLE_INICIATIVA (ID_DETALLE_INICIATIVA,ID_INICIATIVA,ID_REMITENTE,ID_DESTINO,DESC_INICIATIVA,ID_ETAPA,ID_ESTADO,OBSERVACIONES,FECHA_DERIVACION,FECHA_RECEPCION) values ('1571','643','105','81','REGISTRO INICIATIVA','1','1','Cambio de luces LED en luces resildencial|Transformación del mercado de Iluminación en el Sector Residencial - ISR|21/07/2018|EUROS|14000',to_date('31/03/20','DD/MM/RR'),null);
Insert into MRVMM.T_GEND_DETALLE_INICIATIVA (ID_DETALLE_INICIATIVA,ID_INICIATIVA,ID_REMITENTE,ID_DESTINO,DESC_INICIATIVA,ID_ETAPA,ID_ESTADO,OBSERVACIONES,FECHA_DERIVACION,FECHA_RECEPCION) values ('1574','643','105',null,'GUARDAR AVANCE DETALLE','3','0','Transformación del mercado de Iluminación en el Sector Residencial - ISR|ILUMINACION RESIDENCIAL|0|27391,68',to_date('31/03/20','DD/MM/RR'),null);
Insert into MRVMM.T_GEND_DETALLE_INICIATIVA (ID_DETALLE_INICIATIVA,ID_INICIATIVA,ID_REMITENTE,ID_DESTINO,DESC_INICIATIVA,ID_ETAPA,ID_ESTADO,OBSERVACIONES,FECHA_DERIVACION,FECHA_RECEPCION) values ('1611','647','300',null,null,'9','3','Reemplazo de lámparas en sector público - LSP|01/01/2019 - 31/08/2019|1',to_date('01/04/20','DD/MM/RR'),null);
Insert into MRVMM.T_GEND_DETALLE_INICIATIVA (ID_DETALLE_INICIATIVA,ID_INICIATIVA,ID_REMITENTE,ID_DESTINO,DESC_INICIATIVA,ID_ETAPA,ID_ESTADO,OBSERVACIONES,FECHA_DERIVACION,FECHA_RECEPCION) values ('1610','644','22',null,null,'5','3','CO2 - CH4|COMBUSTIBLES SOLIDOS - ENERGIA SOLAR|2416,31',to_date('01/04/20','DD/MM/RR'),null);
Insert into MRVMM.T_GEND_DETALLE_INICIATIVA (ID_DETALLE_INICIATIVA,ID_INICIATIVA,ID_REMITENTE,ID_DESTINO,DESC_INICIATIVA,ID_ETAPA,ID_ESTADO,OBSERVACIONES,FECHA_DERIVACION,FECHA_RECEPCION) values ('1565','642','81',null,null,'1','2','no bien',to_date('31/03/20','DD/MM/RR'),null);
Insert into MRVMM.T_GEND_DETALLE_INICIATIVA (ID_DETALLE_INICIATIVA,ID_INICIATIVA,ID_REMITENTE,ID_DESTINO,DESC_INICIATIVA,ID_ETAPA,ID_ESTADO,OBSERVACIONES,FECHA_DERIVACION,FECHA_RECEPCION) values ('1567','641','105',null,'GUARDAR AVANCE DETALLE','3','0','Etiquetado de Eficiencia Energética - EEE|ETIQUETADO REFRIGERADORAS|0|0',to_date('31/03/20','DD/MM/RR'),null);
Insert into MRVMM.T_GEND_DETALLE_INICIATIVA (ID_DETALLE_INICIATIVA,ID_INICIATIVA,ID_REMITENTE,ID_DESTINO,DESC_INICIATIVA,ID_ETAPA,ID_ESTADO,OBSERVACIONES,FECHA_DERIVACION,FECHA_RECEPCION) values ('1568','641','105',null,'GUARDAR AVANCE DETALLE','3','0','Etiquetado de Eficiencia Energética - EEE|ETIQUETADO REFRIGERADORAS|0|0',to_date('31/03/20','DD/MM/RR'),null);
Insert into MRVMM.T_GEND_DETALLE_INICIATIVA (ID_DETALLE_INICIATIVA,ID_INICIATIVA,ID_REMITENTE,ID_DESTINO,DESC_INICIATIVA,ID_ETAPA,ID_ESTADO,OBSERVACIONES,FECHA_DERIVACION,FECHA_RECEPCION) values ('1561','641','105','81','REGISTRO INICIATIVA','1','1','Etiquetado de nuevas luces eficientes|Etiquetado de Eficiencia Energética - EEE|21/05/2018|SOLES|12000',to_date('31/03/20','DD/MM/RR'),null);
Insert into MRVMM.T_GEND_DETALLE_INICIATIVA (ID_DETALLE_INICIATIVA,ID_INICIATIVA,ID_REMITENTE,ID_DESTINO,DESC_INICIATIVA,ID_ETAPA,ID_ESTADO,OBSERVACIONES,FECHA_DERIVACION,FECHA_RECEPCION) values ('1564','641','81',null,null,'2','3','CO2|COMBUSTIBLES SOLIDOS - ENERGIA SOLAR',to_date('31/03/20','DD/MM/RR'),null);
Insert into MRVMM.T_GEND_DETALLE_INICIATIVA (ID_DETALLE_INICIATIVA,ID_INICIATIVA,ID_REMITENTE,ID_DESTINO,DESC_INICIATIVA,ID_ETAPA,ID_ESTADO,OBSERVACIONES,FECHA_DERIVACION,FECHA_RECEPCION) values ('1569','642','81',null,null,'2','3','CO2 - CH4|COMBUSTIBLES SOLIDOS',to_date('31/03/20','DD/MM/RR'),null);
Insert into MRVMM.T_GEND_DETALLE_INICIATIVA (ID_DETALLE_INICIATIVA,ID_INICIATIVA,ID_REMITENTE,ID_DESTINO,DESC_INICIATIVA,ID_ETAPA,ID_ESTADO,OBSERVACIONES,FECHA_DERIVACION,FECHA_RECEPCION) values ('1582','643','22',null,null,'5','3','CO2 - CH4|COMBUSTIBLES SOLIDOS|27391,68',to_date('01/04/20','DD/MM/RR'),null);
Insert into MRVMM.T_GEND_DETALLE_INICIATIVA (ID_DETALLE_INICIATIVA,ID_INICIATIVA,ID_REMITENTE,ID_DESTINO,DESC_INICIATIVA,ID_ETAPA,ID_ESTADO,OBSERVACIONES,FECHA_DERIVACION,FECHA_RECEPCION) values ('1583','642','22',null,null,'5','3','CO2 - CH4|COMBUSTIBLES SOLIDOS|-8,96',to_date('01/04/20','DD/MM/RR'),null);
Insert into MRVMM.T_GEND_DETALLE_INICIATIVA (ID_DETALLE_INICIATIVA,ID_INICIATIVA,ID_REMITENTE,ID_DESTINO,DESC_INICIATIVA,ID_ETAPA,ID_ESTADO,OBSERVACIONES,FECHA_DERIVACION,FECHA_RECEPCION) values ('1594','644','105',null,null,'3','5','Reemplazo de lámparas en sector público - LSP|REEMPLAZO DE LAMPARAS PUBLICO|1|2416,31',to_date('01/04/20','DD/MM/RR'),null);
Insert into MRVMM.T_GEND_DETALLE_INICIATIVA (ID_DETALLE_INICIATIVA,ID_INICIATIVA,ID_REMITENTE,ID_DESTINO,DESC_INICIATIVA,ID_ETAPA,ID_ESTADO,OBSERVACIONES,FECHA_DERIVACION,FECHA_RECEPCION) values ('1595','646','105','81','REGISTRO INICIATIVA','1','1','BUSES DE 5M AZULES ELECTRICOS|Promoción de vehículos eléctricos - PVE|21/05/2019|EUROS|124000',to_date('01/04/20','DD/MM/RR'),null);
Insert into MRVMM.T_GEND_DETALLE_INICIATIVA (ID_DETALLE_INICIATIVA,ID_INICIATIVA,ID_REMITENTE,ID_DESTINO,DESC_INICIATIVA,ID_ETAPA,ID_ESTADO,OBSERVACIONES,FECHA_DERIVACION,FECHA_RECEPCION) values ('1596','644','81',null,null,'4','3','COMBUSTIBLES SOLIDOS|CO2|2416,31',to_date('01/04/20','DD/MM/RR'),null);
Insert into MRVMM.T_GEND_DETALLE_INICIATIVA (ID_DETALLE_INICIATIVA,ID_INICIATIVA,ID_REMITENTE,ID_DESTINO,DESC_INICIATIVA,ID_ETAPA,ID_ESTADO,OBSERVACIONES,FECHA_DERIVACION,FECHA_RECEPCION) values ('1597','644','22',null,null,'5','3','CO2 - CH4|COMBUSTIBLES SOLIDOS - ENERGIA SOLAR|2416,31',to_date('01/04/20','DD/MM/RR'),null);
Insert into MRVMM.T_GEND_DETALLE_INICIATIVA (ID_DETALLE_INICIATIVA,ID_INICIATIVA,ID_REMITENTE,ID_DESTINO,DESC_INICIATIVA,ID_ETAPA,ID_ESTADO,OBSERVACIONES,FECHA_DERIVACION,FECHA_RECEPCION) values ('1600','647','105','81','REGISTRO INICIATIVA','1','1','Lamparas LED |Reemplazo de lámparas en sector público - LSP|21/05/2019|SOLES|350000',to_date('01/04/20','DD/MM/RR'),null);
Insert into MRVMM.T_GEND_DETALLE_INICIATIVA (ID_DETALLE_INICIATIVA,ID_INICIATIVA,ID_REMITENTE,ID_DESTINO,DESC_INICIATIVA,ID_ETAPA,ID_ESTADO,OBSERVACIONES,FECHA_DERIVACION,FECHA_RECEPCION) values ('1601','647','81',null,null,'2','3','CH4|ENERGIA SOLAR',to_date('01/04/20','DD/MM/RR'),null);
Insert into MRVMM.T_GEND_DETALLE_INICIATIVA (ID_DETALLE_INICIATIVA,ID_INICIATIVA,ID_REMITENTE,ID_DESTINO,DESC_INICIATIVA,ID_ETAPA,ID_ESTADO,OBSERVACIONES,FECHA_DERIVACION,FECHA_RECEPCION) values ('1602','647','105',null,'GUARDAR AVANCE DETALLE','3','0','Reemplazo de lámparas en sector público - LSP|REEMPLAZO DE LAMPARAS PUBLICO|1|1628,99',to_date('01/04/20','DD/MM/RR'),null);
Insert into MRVMM.T_GEND_DETALLE_INICIATIVA (ID_DETALLE_INICIATIVA,ID_INICIATIVA,ID_REMITENTE,ID_DESTINO,DESC_INICIATIVA,ID_ETAPA,ID_ESTADO,OBSERVACIONES,FECHA_DERIVACION,FECHA_RECEPCION) values ('1604','647','81',null,null,'3','2','corregir',to_date('01/04/20','DD/MM/RR'),null);
Insert into MRVMM.T_GEND_DETALLE_INICIATIVA (ID_DETALLE_INICIATIVA,ID_INICIATIVA,ID_REMITENTE,ID_DESTINO,DESC_INICIATIVA,ID_ETAPA,ID_ESTADO,OBSERVACIONES,FECHA_DERIVACION,FECHA_RECEPCION) values ('1607','647','81',null,null,'4','3','ENERGIA SOLAR|CH4|1628,99',to_date('01/04/20','DD/MM/RR'),null);
Insert into MRVMM.T_GEND_DETALLE_INICIATIVA (ID_DETALLE_INICIATIVA,ID_INICIATIVA,ID_REMITENTE,ID_DESTINO,DESC_INICIATIVA,ID_ETAPA,ID_ESTADO,OBSERVACIONES,FECHA_DERIVACION,FECHA_RECEPCION) values ('1608','644','81',null,null,'4','3','COMBUSTIBLES SOLIDOS - ENERGIA SOLAR|CO2 - CH4|2416,31',to_date('01/04/20','DD/MM/RR'),null);
Insert into MRVMM.T_GEND_DETALLE_INICIATIVA (ID_DETALLE_INICIATIVA,ID_INICIATIVA,ID_REMITENTE,ID_DESTINO,DESC_INICIATIVA,ID_ETAPA,ID_ESTADO,OBSERVACIONES,FECHA_DERIVACION,FECHA_RECEPCION) values ('1609','647','22',null,null,'5','3','CH4 - N2O|ENERGIA SOLAR|1628,99',to_date('01/04/20','DD/MM/RR'),null);
Insert into MRVMM.T_GEND_DETALLE_INICIATIVA (ID_DETALLE_INICIATIVA,ID_INICIATIVA,ID_REMITENTE,ID_DESTINO,DESC_INICIATIVA,ID_ETAPA,ID_ESTADO,OBSERVACIONES,FECHA_DERIVACION,FECHA_RECEPCION) values ('1612','644','301',null,null,'10','3','1',to_date('01/04/20','DD/MM/RR'),null);
Insert into MRVMM.T_GEND_DETALLE_INICIATIVA (ID_DETALLE_INICIATIVA,ID_INICIATIVA,ID_REMITENTE,ID_DESTINO,DESC_INICIATIVA,ID_ETAPA,ID_ESTADO,OBSERVACIONES,FECHA_DERIVACION,FECHA_RECEPCION) values ('1613','647','300',null,null,'6','3','Reemplazo de lámparas en sector público - LSP|Lamparas LED |1628,99|Juan Soto|c64331a7606a6c7ca2e3d78f635b6fb2dd6b6c919286c7db1949cf55f2338560',to_date('01/04/20','DD/MM/RR'),null);
Insert into MRVMM.T_GEND_DETALLE_INICIATIVA (ID_DETALLE_INICIATIVA,ID_INICIATIVA,ID_REMITENTE,ID_DESTINO,DESC_INICIATIVA,ID_ETAPA,ID_ESTADO,OBSERVACIONES,FECHA_DERIVACION,FECHA_RECEPCION) values ('1614','644','301',null,null,'7','3','Reemplazo de lámparas en sector público - LSP|Reemplazo de lámparas de baja eficiencia por lámparas LED |2416,31|Pedro Infante|56f64f89452639744c7c7bd821deb4cca98e097eda37de99fedf0026f5fe4926',to_date('01/04/20','DD/MM/RR'),null);
Insert into MRVMM.T_GEND_DETALLE_INICIATIVA (ID_DETALLE_INICIATIVA,ID_INICIATIVA,ID_REMITENTE,ID_DESTINO,DESC_INICIATIVA,ID_ETAPA,ID_ESTADO,OBSERVACIONES,FECHA_DERIVACION,FECHA_RECEPCION) values ('1572','643','81',null,null,'2','3','CO2 - CH4|COMBUSTIBLES SOLIDOS',to_date('31/03/20','DD/MM/RR'),null);
Insert into MRVMM.T_GEND_DETALLE_INICIATIVA (ID_DETALLE_INICIATIVA,ID_INICIATIVA,ID_REMITENTE,ID_DESTINO,DESC_INICIATIVA,ID_ETAPA,ID_ESTADO,OBSERVACIONES,FECHA_DERIVACION,FECHA_RECEPCION) values ('1573','642','81',null,null,'4','3','COMBUSTIBLES SOLIDOS|CO2 - CH4|-8,96',to_date('31/03/20','DD/MM/RR'),null);
Insert into MRVMM.T_GEND_DETALLE_INICIATIVA (ID_DETALLE_INICIATIVA,ID_INICIATIVA,ID_REMITENTE,ID_DESTINO,DESC_INICIATIVA,ID_ETAPA,ID_ESTADO,OBSERVACIONES,FECHA_DERIVACION,FECHA_RECEPCION) values ('1576','643','81',null,null,'3','2','corrige',to_date('31/03/20','DD/MM/RR'),null);
Insert into MRVMM.T_GEND_DETALLE_INICIATIVA (ID_DETALLE_INICIATIVA,ID_INICIATIVA,ID_REMITENTE,ID_DESTINO,DESC_INICIATIVA,ID_ETAPA,ID_ESTADO,OBSERVACIONES,FECHA_DERIVACION,FECHA_RECEPCION) values ('1579','643','105',null,'GUARDAR AVANCE DETALLE OBSERVACION','3','6','Transformación del mercado de Iluminación en el Sector Residencial - ISR|ILUMINACION RESIDENCIAL|1|27391,68',to_date('31/03/20','DD/MM/RR'),null);
Insert into MRVMM.T_GEND_DETALLE_INICIATIVA (ID_DETALLE_INICIATIVA,ID_INICIATIVA,ID_REMITENTE,ID_DESTINO,DESC_INICIATIVA,ID_ETAPA,ID_ESTADO,OBSERVACIONES,FECHA_DERIVACION,FECHA_RECEPCION) values ('1562','642','105',null,'GUARDAR AVANCE','1','0','Vehículos eléctricos 20 |Promoción de vehículos eléctricos - PVE',to_date('31/03/20','DD/MM/RR'),null);
Insert into MRVMM.T_GEND_DETALLE_INICIATIVA (ID_DETALLE_INICIATIVA,ID_INICIATIVA,ID_REMITENTE,ID_DESTINO,DESC_INICIATIVA,ID_ETAPA,ID_ESTADO,OBSERVACIONES,FECHA_DERIVACION,FECHA_RECEPCION) values ('1566','642','105','81','CORRECCION DE INICIATIVA','1','5','Vehículos eléctricos 20 |Promoción de vehículos eléctricos - PVE|12/01/2017|EUROS|1300',to_date('31/03/20','DD/MM/RR'),null);
Insert into MRVMM.T_GEND_DETALLE_INICIATIVA (ID_DETALLE_INICIATIVA,ID_INICIATIVA,ID_REMITENTE,ID_DESTINO,DESC_INICIATIVA,ID_ETAPA,ID_ESTADO,OBSERVACIONES,FECHA_DERIVACION,FECHA_RECEPCION) values ('1580','643','105',null,null,'3','5','Transformación del mercado de Iluminación en el Sector Residencial - ISR|ILUMINACION RESIDENCIAL|1|27391,68',to_date('31/03/20','DD/MM/RR'),null);
Insert into MRVMM.T_GEND_DETALLE_INICIATIVA (ID_DETALLE_INICIATIVA,ID_INICIATIVA,ID_REMITENTE,ID_DESTINO,DESC_INICIATIVA,ID_ETAPA,ID_ESTADO,OBSERVACIONES,FECHA_DERIVACION,FECHA_RECEPCION) values ('1581','643','81',null,null,'4','3','COMBUSTIBLES SOLIDOS|CO2 - CH4|27391,68',to_date('31/03/20','DD/MM/RR'),null);
Insert into MRVMM.T_GEND_DETALLE_INICIATIVA (ID_DETALLE_INICIATIVA,ID_INICIATIVA,ID_REMITENTE,ID_DESTINO,DESC_INICIATIVA,ID_ETAPA,ID_ESTADO,OBSERVACIONES,FECHA_DERIVACION,FECHA_RECEPCION) values ('1584','643','300',null,null,'9','3','Transformación del mercado de Iluminación en el Sector Residencial - ISR|01/01/2018 - 31/12/2018|1',to_date('01/04/20','DD/MM/RR'),null);
Insert into MRVMM.T_GEND_DETALLE_INICIATIVA (ID_DETALLE_INICIATIVA,ID_INICIATIVA,ID_REMITENTE,ID_DESTINO,DESC_INICIATIVA,ID_ETAPA,ID_ESTADO,OBSERVACIONES,FECHA_DERIVACION,FECHA_RECEPCION) values ('1585','642','301',null,null,'10','3','1',to_date('01/04/20','DD/MM/RR'),null);
Insert into MRVMM.T_GEND_DETALLE_INICIATIVA (ID_DETALLE_INICIATIVA,ID_INICIATIVA,ID_REMITENTE,ID_DESTINO,DESC_INICIATIVA,ID_ETAPA,ID_ESTADO,OBSERVACIONES,FECHA_DERIVACION,FECHA_RECEPCION) values ('1587','642','301',null,null,'7','3','Promoción de vehículos eléctricos - PVE|Vehículos eléctricos 20 |-8,96|Pedro Infante|1a0799add297759c61950165b4894b47f3294b48876c0a505dc7aebebd3150a8',to_date('01/04/20','DD/MM/RR'),null);
Insert into MRVMM.T_GEND_DETALLE_INICIATIVA (ID_DETALLE_INICIATIVA,ID_INICIATIVA,ID_REMITENTE,ID_DESTINO,DESC_INICIATIVA,ID_ETAPA,ID_ESTADO,OBSERVACIONES,FECHA_DERIVACION,FECHA_RECEPCION) values ('1588','644','105','81','REGISTRO INICIATIVA','1','1','Reemplazo de lámparas de baja eficiencia por lámparas LED |Reemplazo de lámparas en sector público - LSP|21/09/2018|EUROS|1200',to_date('01/04/20','DD/MM/RR'),null);
Insert into MRVMM.T_GEND_DETALLE_INICIATIVA (ID_DETALLE_INICIATIVA,ID_INICIATIVA,ID_REMITENTE,ID_DESTINO,DESC_INICIATIVA,ID_ETAPA,ID_ESTADO,OBSERVACIONES,FECHA_DERIVACION,FECHA_RECEPCION) values ('1589','645','105','81','REGISTRO INICIATIVA','1','1','Aumentar la participación de los Recursos Energéticos de fuentes Renovables|RER conectado - RERC|31/08/2018|DOLARES|13300',to_date('01/04/20','DD/MM/RR'),null);
Insert into MRVMM.T_GEND_DETALLE_INICIATIVA (ID_DETALLE_INICIATIVA,ID_INICIATIVA,ID_REMITENTE,ID_DESTINO,DESC_INICIATIVA,ID_ETAPA,ID_ESTADO,OBSERVACIONES,FECHA_DERIVACION,FECHA_RECEPCION) values ('1590','644','81',null,null,'2','3','CO2|COMBUSTIBLES SOLIDOS',to_date('01/04/20','DD/MM/RR'),null);
Insert into MRVMM.T_GEND_DETALLE_INICIATIVA (ID_DETALLE_INICIATIVA,ID_INICIATIVA,ID_REMITENTE,ID_DESTINO,DESC_INICIATIVA,ID_ETAPA,ID_ESTADO,OBSERVACIONES,FECHA_DERIVACION,FECHA_RECEPCION) values ('1591','644','105',null,'GUARDAR AVANCE DETALLE','3','0','Reemplazo de lámparas en sector público - LSP|REEMPLAZO DE LAMPARAS PUBLICO|1|1628,99',to_date('01/04/20','DD/MM/RR'),null);
Insert into MRVMM.T_GEND_DETALLE_INICIATIVA (ID_DETALLE_INICIATIVA,ID_INICIATIVA,ID_REMITENTE,ID_DESTINO,DESC_INICIATIVA,ID_ETAPA,ID_ESTADO,OBSERVACIONES,FECHA_DERIVACION,FECHA_RECEPCION) values ('1625','665','320','81','REGISTRO INICIATIVA','1','1','Cocción limpia|Cocción limpia - CL|23/11/2018|DOLARES|240000',to_date('24/04/20','DD/MM/RR'),null);
Insert into MRVMM.T_GEND_DETALLE_INICIATIVA (ID_DETALLE_INICIATIVA,ID_INICIATIVA,ID_REMITENTE,ID_DESTINO,DESC_INICIATIVA,ID_ETAPA,ID_ESTADO,OBSERVACIONES,FECHA_DERIVACION,FECHA_RECEPCION) values ('1626','666','320','81','REGISTRO INICIATIVA','1','1','Lámparas de alumbrado público|Lámparas de alumbrado público - LAP|21/04/2018|SOLES|50000',to_date('24/04/20','DD/MM/RR'),null);
Insert into MRVMM.T_GEND_DETALLE_INICIATIVA (ID_DETALLE_INICIATIVA,ID_INICIATIVA,ID_REMITENTE,ID_DESTINO,DESC_INICIATIVA,ID_ETAPA,ID_ESTADO,OBSERVACIONES,FECHA_DERIVACION,FECHA_RECEPCION) values ('1627','667','320','81','REGISTRO INICIATIVA','1','1','Reemplazo de lámparas en sector público|Reemplazo de lámparas en sector público - LSP|21/05/2018|EUROS|1200',to_date('24/04/20','DD/MM/RR'),null);
REM INSERTING into MRVMM.T_GEND_ENFOQUE_FACTOR
SET DEFINE OFF;
Insert into MRVMM.T_GEND_ENFOQUE_FACTOR (ID_ENFOQUE_FACTOR,ID_ENFOQUE,ID_FACTOR,FLAG_ESTADO,ORDEN) values ('1','1','1','1',null);
Insert into MRVMM.T_GEND_ENFOQUE_FACTOR (ID_ENFOQUE_FACTOR,ID_ENFOQUE,ID_FACTOR,FLAG_ESTADO,ORDEN) values ('2','2','2','1',null);
Insert into MRVMM.T_GEND_ENFOQUE_FACTOR (ID_ENFOQUE_FACTOR,ID_ENFOQUE,ID_FACTOR,FLAG_ESTADO,ORDEN) values ('3','2','3','1',null);
REM INSERTING into MRVMM.T_GEND_ENFOQUE_VARIABLE
SET DEFINE OFF;
Insert into MRVMM.T_GEND_ENFOQUE_VARIABLE (ID_ENFOQUE_VARIABLE,ID_ENFOQUE,ID_VARIABLE,FLAG_ESTADO,ORDEN) values ('1','1','1','1','3');
Insert into MRVMM.T_GEND_ENFOQUE_VARIABLE (ID_ENFOQUE_VARIABLE,ID_ENFOQUE,ID_VARIABLE,FLAG_ESTADO,ORDEN) values ('2','1','2','1','4');
Insert into MRVMM.T_GEND_ENFOQUE_VARIABLE (ID_ENFOQUE_VARIABLE,ID_ENFOQUE,ID_VARIABLE,FLAG_ESTADO,ORDEN) values ('3','2','3','1','3');
REM INSERTING into MRVMM.T_GEND_ENFOQUE_VARIANTE
SET DEFINE OFF;
Insert into MRVMM.T_GEND_ENFOQUE_VARIANTE (ID_ENFOQUE_VARIANTE,ID_ENFOQUE,ID_VARIANTE,FLAG_ESTADO,ORDEN) values ('1','1','1','1','1');
Insert into MRVMM.T_GEND_ENFOQUE_VARIANTE (ID_ENFOQUE_VARIANTE,ID_ENFOQUE,ID_VARIANTE,FLAG_ESTADO,ORDEN) values ('2','1','2','1','2');
Insert into MRVMM.T_GEND_ENFOQUE_VARIANTE (ID_ENFOQUE_VARIANTE,ID_ENFOQUE,ID_VARIANTE,FLAG_ESTADO,ORDEN) values ('3','1','3','1','5');
Insert into MRVMM.T_GEND_ENFOQUE_VARIANTE (ID_ENFOQUE_VARIANTE,ID_ENFOQUE,ID_VARIANTE,FLAG_ESTADO,ORDEN) values ('4','2','1','1','1');
Insert into MRVMM.T_GEND_ENFOQUE_VARIANTE (ID_ENFOQUE_VARIANTE,ID_ENFOQUE,ID_VARIANTE,FLAG_ESTADO,ORDEN) values ('5','2','2','1','2');
Insert into MRVMM.T_GEND_ENFOQUE_VARIANTE (ID_ENFOQUE_VARIANTE,ID_ENFOQUE,ID_VARIANTE,FLAG_ESTADO,ORDEN) values ('6','2','3','1','5');
REM INSERTING into MRVMM.T_GEND_FACTOR_VALOR
SET DEFINE OFF;
REM INSERTING into MRVMM.T_GEND_INDICADOR
SET DEFINE OFF;
Insert into MRVMM.T_GEND_INDICADOR (ID_INDICADOR,ID_INICIATIVA,ID_MEDMIT,ANNO_BASE,ID_TIPO_VEHICULO_BASE,ID_TIPO_COMBUSTIBLE_BASE,KRV_BASE,CANT_BASE,TOTAL_GEI_BASE,ANNO_INIMIT,ID_TIPO_VEHICULO_INIMIT,ID_TIPO_FUENTE_INIMIT,KRV_INIMIT,CANT_INIMIT,TOTAL_GEI_INIMIT,TOTAL_GEI_REDUCIDO,ID_ADJUNTO,FLG_ESTADO,FECHA_REGISTRO,ID_ETAPA,F_RENDIMIENTO,ADJUNTO,ADJUNTO_BASE,FECHA_INICIO,CONSUMO_ELECTRICIDAD,CONSUMO_COMBUSTIBLE,KRV_COMBUSTIBLE,ID_ENFOQUE,PLACA) values ('361','341',null,'2019','1','3','34184','1','6,11','2019','1','1','34184','1','1,44','4,66',null,'1',null,null,'0,25',null,null,to_date('20/07/19','DD/MM/RR'),'0','0','0','1','BCD-623');
Insert into MRVMM.T_GEND_INDICADOR (ID_INDICADOR,ID_INICIATIVA,ID_MEDMIT,ANNO_BASE,ID_TIPO_VEHICULO_BASE,ID_TIPO_COMBUSTIBLE_BASE,KRV_BASE,CANT_BASE,TOTAL_GEI_BASE,ANNO_INIMIT,ID_TIPO_VEHICULO_INIMIT,ID_TIPO_FUENTE_INIMIT,KRV_INIMIT,CANT_INIMIT,TOTAL_GEI_INIMIT,TOTAL_GEI_REDUCIDO,ID_ADJUNTO,FLG_ESTADO,FECHA_REGISTRO,ID_ETAPA,F_RENDIMIENTO,ADJUNTO,ADJUNTO_BASE,FECHA_INICIO,CONSUMO_ELECTRICIDAD,CONSUMO_COMBUSTIBLE,KRV_COMBUSTIBLE,ID_ENFOQUE,PLACA) values ('362','342',null,'2018','1','2','24000','1','4,19','2018','1','1','24000','1','121,96','-117,77',null,'1',null,null,'30',null,null,to_date('21/07/18','DD/MM/RR'),'0','0','0','1','RTY-098');
Insert into MRVMM.T_GEND_INDICADOR (ID_INDICADOR,ID_INICIATIVA,ID_MEDMIT,ANNO_BASE,ID_TIPO_VEHICULO_BASE,ID_TIPO_COMBUSTIBLE_BASE,KRV_BASE,CANT_BASE,TOTAL_GEI_BASE,ANNO_INIMIT,ID_TIPO_VEHICULO_INIMIT,ID_TIPO_FUENTE_INIMIT,KRV_INIMIT,CANT_INIMIT,TOTAL_GEI_INIMIT,TOTAL_GEI_REDUCIDO,ID_ADJUNTO,FLG_ESTADO,FECHA_REGISTRO,ID_ETAPA,F_RENDIMIENTO,ADJUNTO,ADJUNTO_BASE,FECHA_INICIO,CONSUMO_ELECTRICIDAD,CONSUMO_COMBUSTIBLE,KRV_COMBUSTIBLE,ID_ENFOQUE,PLACA) values ('381','343',null,'2018','1','1','130000','1','24,35','2018','1','1','130000','1','3,52','20,83',null,'1',null,null,'0,16',null,null,to_date('21/03/18','DD/MM/RR'),'0','0','0','1','RTG-067');
REM INSERTING into MRVMM.T_GEND_INDICADOR_ENFOQUE
SET DEFINE OFF;
Insert into MRVMM.T_GEND_INDICADOR_ENFOQUE (ID_INDICADOR_ENFOQUE,ID_INDICADOR,ID_ENFOQUE,FLAG_ESTADO) values ('1','1','1','1');
Insert into MRVMM.T_GEND_INDICADOR_ENFOQUE (ID_INDICADOR_ENFOQUE,ID_INDICADOR,ID_ENFOQUE,FLAG_ESTADO) values ('2','1','2','0');
REM INSERTING into MRVMM.T_GEND_INICIATIVA_ARCHIVO
SET DEFINE OFF;
REM INSERTING into MRVMM.T_GEND_INICIATIVA_COMP
SET DEFINE OFF;
REM INSERTING into MRVMM.T_GEND_INICIATIVA_ENERG
SET DEFINE OFF;
Insert into MRVMM.T_GEND_INICIATIVA_ENERG (ID_INICIATIVA_ENERG,ID_INICIATIVA,ID_ENERG,FLAG_ESTADO) values ('601','661','3','1');
Insert into MRVMM.T_GEND_INICIATIVA_ENERG (ID_INICIATIVA_ENERG,ID_INICIATIVA,ID_ENERG,FLAG_ESTADO) values ('602','661','4','1');
Insert into MRVMM.T_GEND_INICIATIVA_ENERG (ID_INICIATIVA_ENERG,ID_INICIATIVA,ID_ENERG,FLAG_ESTADO) values ('603','662','1','1');
Insert into MRVMM.T_GEND_INICIATIVA_ENERG (ID_INICIATIVA_ENERG,ID_INICIATIVA,ID_ENERG,FLAG_ESTADO) values ('604','662','2','1');
Insert into MRVMM.T_GEND_INICIATIVA_ENERG (ID_INICIATIVA_ENERG,ID_INICIATIVA,ID_ENERG,FLAG_ESTADO) values ('605','663','4','1');
Insert into MRVMM.T_GEND_INICIATIVA_ENERG (ID_INICIATIVA_ENERG,ID_INICIATIVA,ID_ENERG,FLAG_ESTADO) values ('606','663','5','1');
Insert into MRVMM.T_GEND_INICIATIVA_ENERG (ID_INICIATIVA_ENERG,ID_INICIATIVA,ID_ENERG,FLAG_ESTADO) values ('607','664','5','1');
Insert into MRVMM.T_GEND_INICIATIVA_ENERG (ID_INICIATIVA_ENERG,ID_INICIATIVA,ID_ENERG,FLAG_ESTADO) values ('608','664','2','1');
Insert into MRVMM.T_GEND_INICIATIVA_ENERG (ID_INICIATIVA_ENERG,ID_INICIATIVA,ID_ENERG,FLAG_ESTADO) values ('609','665','3','1');
Insert into MRVMM.T_GEND_INICIATIVA_ENERG (ID_INICIATIVA_ENERG,ID_INICIATIVA,ID_ENERG,FLAG_ESTADO) values ('610','665','4','1');
Insert into MRVMM.T_GEND_INICIATIVA_ENERG (ID_INICIATIVA_ENERG,ID_INICIATIVA,ID_ENERG,FLAG_ESTADO) values ('641','681','3','1');
Insert into MRVMM.T_GEND_INICIATIVA_ENERG (ID_INICIATIVA_ENERG,ID_INICIATIVA,ID_ENERG,FLAG_ESTADO) values ('642','681','4','1');
Insert into MRVMM.T_GEND_INICIATIVA_ENERG (ID_INICIATIVA_ENERG,ID_INICIATIVA,ID_ENERG,FLAG_ESTADO) values ('611','666','4','1');
Insert into MRVMM.T_GEND_INICIATIVA_ENERG (ID_INICIATIVA_ENERG,ID_INICIATIVA,ID_ENERG,FLAG_ESTADO) values ('612','667','4','1');
Insert into MRVMM.T_GEND_INICIATIVA_ENERG (ID_INICIATIVA_ENERG,ID_INICIATIVA,ID_ENERG,FLAG_ESTADO) values ('613','667','5','1');
Insert into MRVMM.T_GEND_INICIATIVA_ENERG (ID_INICIATIVA_ENERG,ID_INICIATIVA,ID_ENERG,FLAG_ESTADO) values ('614','668','4','1');
Insert into MRVMM.T_GEND_INICIATIVA_ENERG (ID_INICIATIVA_ENERG,ID_INICIATIVA,ID_ENERG,FLAG_ESTADO) values ('615','668','5','1');
Insert into MRVMM.T_GEND_INICIATIVA_ENERG (ID_INICIATIVA_ENERG,ID_INICIATIVA,ID_ENERG,FLAG_ESTADO) values ('616','669','4','1');
Insert into MRVMM.T_GEND_INICIATIVA_ENERG (ID_INICIATIVA_ENERG,ID_INICIATIVA,ID_ENERG,FLAG_ESTADO) values ('617','669','6','1');
Insert into MRVMM.T_GEND_INICIATIVA_ENERG (ID_INICIATIVA_ENERG,ID_INICIATIVA,ID_ENERG,FLAG_ESTADO) values ('618','670','3','1');
Insert into MRVMM.T_GEND_INICIATIVA_ENERG (ID_INICIATIVA_ENERG,ID_INICIATIVA,ID_ENERG,FLAG_ESTADO) values ('619','670','6','1');
Insert into MRVMM.T_GEND_INICIATIVA_ENERG (ID_INICIATIVA_ENERG,ID_INICIATIVA,ID_ENERG,FLAG_ESTADO) values ('620','671','6','1');
Insert into MRVMM.T_GEND_INICIATIVA_ENERG (ID_INICIATIVA_ENERG,ID_INICIATIVA,ID_ENERG,FLAG_ESTADO) values ('621','671','1','1');
Insert into MRVMM.T_GEND_INICIATIVA_ENERG (ID_INICIATIVA_ENERG,ID_INICIATIVA,ID_ENERG,FLAG_ESTADO) values ('622','672','5','1');
Insert into MRVMM.T_GEND_INICIATIVA_ENERG (ID_INICIATIVA_ENERG,ID_INICIATIVA,ID_ENERG,FLAG_ESTADO) values ('623','672','1','1');
Insert into MRVMM.T_GEND_INICIATIVA_ENERG (ID_INICIATIVA_ENERG,ID_INICIATIVA,ID_ENERG,FLAG_ESTADO) values ('643','682','4','1');
Insert into MRVMM.T_GEND_INICIATIVA_ENERG (ID_INICIATIVA_ENERG,ID_INICIATIVA,ID_ENERG,FLAG_ESTADO) values ('588','644','4','1');
Insert into MRVMM.T_GEND_INICIATIVA_ENERG (ID_INICIATIVA_ENERG,ID_INICIATIVA,ID_ENERG,FLAG_ESTADO) values ('589','647','4','1');
Insert into MRVMM.T_GEND_INICIATIVA_ENERG (ID_INICIATIVA_ENERG,ID_INICIATIVA,ID_ENERG,FLAG_ESTADO) values ('584','641','4','1');
Insert into MRVMM.T_GEND_INICIATIVA_ENERG (ID_INICIATIVA_ENERG,ID_INICIATIVA,ID_ENERG,FLAG_ESTADO) values ('585','642','3','1');
Insert into MRVMM.T_GEND_INICIATIVA_ENERG (ID_INICIATIVA_ENERG,ID_INICIATIVA,ID_ENERG,FLAG_ESTADO) values ('587','644','3','1');
Insert into MRVMM.T_GEND_INICIATIVA_ENERG (ID_INICIATIVA_ENERG,ID_INICIATIVA,ID_ENERG,FLAG_ESTADO) values ('583','641','3','1');
Insert into MRVMM.T_GEND_INICIATIVA_ENERG (ID_INICIATIVA_ENERG,ID_INICIATIVA,ID_ENERG,FLAG_ESTADO) values ('586','643','3','1');
REM INSERTING into MRVMM.T_GEND_INICIATIVA_GEI
SET DEFINE OFF;
Insert into MRVMM.T_GEND_INICIATIVA_GEI (ID_INICIATIVA_GEI,ID_INICIATIVA,ID_GEI,FLAG_ESTADO) values ('721','661','1','1');
Insert into MRVMM.T_GEND_INICIATIVA_GEI (ID_INICIATIVA_GEI,ID_INICIATIVA,ID_GEI,FLAG_ESTADO) values ('722','661','2','1');
Insert into MRVMM.T_GEND_INICIATIVA_GEI (ID_INICIATIVA_GEI,ID_INICIATIVA,ID_GEI,FLAG_ESTADO) values ('723','662','3','1');
Insert into MRVMM.T_GEND_INICIATIVA_GEI (ID_INICIATIVA_GEI,ID_INICIATIVA,ID_GEI,FLAG_ESTADO) values ('724','663','2','1');
Insert into MRVMM.T_GEND_INICIATIVA_GEI (ID_INICIATIVA_GEI,ID_INICIATIVA,ID_GEI,FLAG_ESTADO) values ('725','664','2','1');
Insert into MRVMM.T_GEND_INICIATIVA_GEI (ID_INICIATIVA_GEI,ID_INICIATIVA,ID_GEI,FLAG_ESTADO) values ('726','664','3','1');
Insert into MRVMM.T_GEND_INICIATIVA_GEI (ID_INICIATIVA_GEI,ID_INICIATIVA,ID_GEI,FLAG_ESTADO) values ('727','665','1','1');
Insert into MRVMM.T_GEND_INICIATIVA_GEI (ID_INICIATIVA_GEI,ID_INICIATIVA,ID_GEI,FLAG_ESTADO) values ('728','665','2','1');
Insert into MRVMM.T_GEND_INICIATIVA_GEI (ID_INICIATIVA_GEI,ID_INICIATIVA,ID_GEI,FLAG_ESTADO) values ('741','681','1','1');
Insert into MRVMM.T_GEND_INICIATIVA_GEI (ID_INICIATIVA_GEI,ID_INICIATIVA,ID_GEI,FLAG_ESTADO) values ('729','666','2','1');
Insert into MRVMM.T_GEND_INICIATIVA_GEI (ID_INICIATIVA_GEI,ID_INICIATIVA,ID_GEI,FLAG_ESTADO) values ('730','667','2','1');
Insert into MRVMM.T_GEND_INICIATIVA_GEI (ID_INICIATIVA_GEI,ID_INICIATIVA,ID_GEI,FLAG_ESTADO) values ('731','667','3','1');
Insert into MRVMM.T_GEND_INICIATIVA_GEI (ID_INICIATIVA_GEI,ID_INICIATIVA,ID_GEI,FLAG_ESTADO) values ('732','668','1','1');
Insert into MRVMM.T_GEND_INICIATIVA_GEI (ID_INICIATIVA_GEI,ID_INICIATIVA,ID_GEI,FLAG_ESTADO) values ('733','669','1','1');
Insert into MRVMM.T_GEND_INICIATIVA_GEI (ID_INICIATIVA_GEI,ID_INICIATIVA,ID_GEI,FLAG_ESTADO) values ('734','670','2','1');
Insert into MRVMM.T_GEND_INICIATIVA_GEI (ID_INICIATIVA_GEI,ID_INICIATIVA,ID_GEI,FLAG_ESTADO) values ('735','671','1','1');
Insert into MRVMM.T_GEND_INICIATIVA_GEI (ID_INICIATIVA_GEI,ID_INICIATIVA,ID_GEI,FLAG_ESTADO) values ('736','671','2','1');
Insert into MRVMM.T_GEND_INICIATIVA_GEI (ID_INICIATIVA_GEI,ID_INICIATIVA,ID_GEI,FLAG_ESTADO) values ('737','672','2','1');
Insert into MRVMM.T_GEND_INICIATIVA_GEI (ID_INICIATIVA_GEI,ID_INICIATIVA,ID_GEI,FLAG_ESTADO) values ('738','672','3','1');
Insert into MRVMM.T_GEND_INICIATIVA_GEI (ID_INICIATIVA_GEI,ID_INICIATIVA,ID_GEI,FLAG_ESTADO) values ('742','682','2','1');
Insert into MRVMM.T_GEND_INICIATIVA_GEI (ID_INICIATIVA_GEI,ID_INICIATIVA,ID_GEI,FLAG_ESTADO) values ('743','682','3','1');
Insert into MRVMM.T_GEND_INICIATIVA_GEI (ID_INICIATIVA_GEI,ID_INICIATIVA,ID_GEI,FLAG_ESTADO) values ('703','642','2','1');
Insert into MRVMM.T_GEND_INICIATIVA_GEI (ID_INICIATIVA_GEI,ID_INICIATIVA,ID_GEI,FLAG_ESTADO) values ('707','644','2','1');
Insert into MRVMM.T_GEND_INICIATIVA_GEI (ID_INICIATIVA_GEI,ID_INICIATIVA,ID_GEI,FLAG_ESTADO) values ('709','647','3','1');
Insert into MRVMM.T_GEND_INICIATIVA_GEI (ID_INICIATIVA_GEI,ID_INICIATIVA,ID_GEI,FLAG_ESTADO) values ('701','641','1','1');
Insert into MRVMM.T_GEND_INICIATIVA_GEI (ID_INICIATIVA_GEI,ID_INICIATIVA,ID_GEI,FLAG_ESTADO) values ('702','642','1','1');
Insert into MRVMM.T_GEND_INICIATIVA_GEI (ID_INICIATIVA_GEI,ID_INICIATIVA,ID_GEI,FLAG_ESTADO) values ('706','644','1','1');
Insert into MRVMM.T_GEND_INICIATIVA_GEI (ID_INICIATIVA_GEI,ID_INICIATIVA,ID_GEI,FLAG_ESTADO) values ('704','643','1','1');
Insert into MRVMM.T_GEND_INICIATIVA_GEI (ID_INICIATIVA_GEI,ID_INICIATIVA,ID_GEI,FLAG_ESTADO) values ('705','643','2','1');
Insert into MRVMM.T_GEND_INICIATIVA_GEI (ID_INICIATIVA_GEI,ID_INICIATIVA,ID_GEI,FLAG_ESTADO) values ('708','647','2','1');
REM INSERTING into MRVMM.T_GEND_INICIATIVA_SUSTENTA
SET DEFINE OFF;
Insert into MRVMM.T_GEND_INICIATIVA_SUSTENTA (ID_INICIATIVA_SUSTENTATORIO,ID_INICIATIVA,ADJUNTO,FLAG_ESTADO,ADJUNTO_BASE) values ('445','647','d021472b-973d-4091-8df9-cc88b0ae4917.xlsx','1','1.6.LSP_exp.xlsx');
Insert into MRVMM.T_GEND_INICIATIVA_SUSTENTA (ID_INICIATIVA_SUSTENTATORIO,ID_INICIATIVA,ADJUNTO,FLAG_ESTADO,ADJUNTO_BASE) values ('441','642','f843a82f-9c53-4395-8772-c774879fb2c9.xlsx','1','LISTA_INICIATIVA_MITIGACION_31_03_2020 18_00_36.xlsx');
Insert into MRVMM.T_GEND_INICIATIVA_SUSTENTA (ID_INICIATIVA_SUSTENTATORIO,ID_INICIATIVA,ADJUNTO,FLAG_ESTADO,ADJUNTO_BASE) values ('444','644','35d25ff5-1201-417f-93cb-739a9e1bc443.xlsx','1','LISTA_INICIATIVA_MITIGACION_1_04_2020 09_05_55.xlsx');
Insert into MRVMM.T_GEND_INICIATIVA_SUSTENTA (ID_INICIATIVA_SUSTENTATORIO,ID_INICIATIVA,ADJUNTO,FLAG_ESTADO,ADJUNTO_BASE) values ('442','643','32066bd0-38e5-4488-b00e-906f48aa291d.xlsx','1','LISTA_INICIATIVA_MITIGACION_31_03_2020 18_18_43.xlsx');
Insert into MRVMM.T_GEND_INICIATIVA_SUSTENTA (ID_INICIATIVA_SUSTENTATORIO,ID_INICIATIVA,ADJUNTO,FLAG_ESTADO,ADJUNTO_BASE) values ('443','641','0b35b4a9-d555-4aad-ba28-30b0e6d03a1c.xlsx','1','LISTA_INICIATIVA_MITIGACION_31_03_2020 18_00_36.xlsx');
REM INSERTING into MRVMM.T_GEND_INICIATIVA_UBICACION
SET DEFINE OFF;
Insert into MRVMM.T_GEND_INICIATIVA_UBICACION (ID_INICIATIVA_UBICACION,ID_INICIATIVA,ID_UBICACION,FLAG_ESTADO) values ('907','664','14','1');
Insert into MRVMM.T_GEND_INICIATIVA_UBICACION (ID_INICIATIVA_UBICACION,ID_INICIATIVA,ID_UBICACION,FLAG_ESTADO) values ('911','668','21','1');
Insert into MRVMM.T_GEND_INICIATIVA_UBICACION (ID_INICIATIVA_UBICACION,ID_INICIATIVA,ID_UBICACION,FLAG_ESTADO) values ('912','668','22','1');
Insert into MRVMM.T_GEND_INICIATIVA_UBICACION (ID_INICIATIVA_UBICACION,ID_INICIATIVA,ID_UBICACION,FLAG_ESTADO) values ('913','669','1','1');
Insert into MRVMM.T_GEND_INICIATIVA_UBICACION (ID_INICIATIVA_UBICACION,ID_INICIATIVA,ID_UBICACION,FLAG_ESTADO) values ('914','669','2','1');
Insert into MRVMM.T_GEND_INICIATIVA_UBICACION (ID_INICIATIVA_UBICACION,ID_INICIATIVA,ID_UBICACION,FLAG_ESTADO) values ('915','670','3','1');
Insert into MRVMM.T_GEND_INICIATIVA_UBICACION (ID_INICIATIVA_UBICACION,ID_INICIATIVA,ID_UBICACION,FLAG_ESTADO) values ('916','670','4','1');
Insert into MRVMM.T_GEND_INICIATIVA_UBICACION (ID_INICIATIVA_UBICACION,ID_INICIATIVA,ID_UBICACION,FLAG_ESTADO) values ('917','670','5','1');
Insert into MRVMM.T_GEND_INICIATIVA_UBICACION (ID_INICIATIVA_UBICACION,ID_INICIATIVA,ID_UBICACION,FLAG_ESTADO) values ('918','670','13','1');
Insert into MRVMM.T_GEND_INICIATIVA_UBICACION (ID_INICIATIVA_UBICACION,ID_INICIATIVA,ID_UBICACION,FLAG_ESTADO) values ('919','670','19','1');
Insert into MRVMM.T_GEND_INICIATIVA_UBICACION (ID_INICIATIVA_UBICACION,ID_INICIATIVA,ID_UBICACION,FLAG_ESTADO) values ('920','670','24','1');
Insert into MRVMM.T_GEND_INICIATIVA_UBICACION (ID_INICIATIVA_UBICACION,ID_INICIATIVA,ID_UBICACION,FLAG_ESTADO) values ('921','671','2','1');
Insert into MRVMM.T_GEND_INICIATIVA_UBICACION (ID_INICIATIVA_UBICACION,ID_INICIATIVA,ID_UBICACION,FLAG_ESTADO) values ('922','671','3','1');
Insert into MRVMM.T_GEND_INICIATIVA_UBICACION (ID_INICIATIVA_UBICACION,ID_INICIATIVA,ID_UBICACION,FLAG_ESTADO) values ('923','672','6','1');
Insert into MRVMM.T_GEND_INICIATIVA_UBICACION (ID_INICIATIVA_UBICACION,ID_INICIATIVA,ID_UBICACION,FLAG_ESTADO) values ('924','672','7','1');
Insert into MRVMM.T_GEND_INICIATIVA_UBICACION (ID_INICIATIVA_UBICACION,ID_INICIATIVA,ID_UBICACION,FLAG_ESTADO) values ('941','681','2','1');
Insert into MRVMM.T_GEND_INICIATIVA_UBICACION (ID_INICIATIVA_UBICACION,ID_INICIATIVA,ID_UBICACION,FLAG_ESTADO) values ('942','681','3','1');
Insert into MRVMM.T_GEND_INICIATIVA_UBICACION (ID_INICIATIVA_UBICACION,ID_INICIATIVA,ID_UBICACION,FLAG_ESTADO) values ('943','682','4','1');
Insert into MRVMM.T_GEND_INICIATIVA_UBICACION (ID_INICIATIVA_UBICACION,ID_INICIATIVA,ID_UBICACION,FLAG_ESTADO) values ('944','682','5','1');
Insert into MRVMM.T_GEND_INICIATIVA_UBICACION (ID_INICIATIVA_UBICACION,ID_INICIATIVA,ID_UBICACION,FLAG_ESTADO) values ('901','661','1','1');
Insert into MRVMM.T_GEND_INICIATIVA_UBICACION (ID_INICIATIVA_UBICACION,ID_INICIATIVA,ID_UBICACION,FLAG_ESTADO) values ('902','661','2','1');
Insert into MRVMM.T_GEND_INICIATIVA_UBICACION (ID_INICIATIVA_UBICACION,ID_INICIATIVA,ID_UBICACION,FLAG_ESTADO) values ('903','662','1','1');
Insert into MRVMM.T_GEND_INICIATIVA_UBICACION (ID_INICIATIVA_UBICACION,ID_INICIATIVA,ID_UBICACION,FLAG_ESTADO) values ('904','662','2','1');
Insert into MRVMM.T_GEND_INICIATIVA_UBICACION (ID_INICIATIVA_UBICACION,ID_INICIATIVA,ID_UBICACION,FLAG_ESTADO) values ('905','663','6','1');
Insert into MRVMM.T_GEND_INICIATIVA_UBICACION (ID_INICIATIVA_UBICACION,ID_INICIATIVA,ID_UBICACION,FLAG_ESTADO) values ('906','663','7','1');
Insert into MRVMM.T_GEND_INICIATIVA_UBICACION (ID_INICIATIVA_UBICACION,ID_INICIATIVA,ID_UBICACION,FLAG_ESTADO) values ('893','646','2','1');
Insert into MRVMM.T_GEND_INICIATIVA_UBICACION (ID_INICIATIVA_UBICACION,ID_INICIATIVA,ID_UBICACION,FLAG_ESTADO) values ('894','646','6','1');
Insert into MRVMM.T_GEND_INICIATIVA_UBICACION (ID_INICIATIVA_UBICACION,ID_INICIATIVA,ID_UBICACION,FLAG_ESTADO) values ('895','647','4','1');
Insert into MRVMM.T_GEND_INICIATIVA_UBICACION (ID_INICIATIVA_UBICACION,ID_INICIATIVA,ID_UBICACION,FLAG_ESTADO) values ('883','641','1','1');
Insert into MRVMM.T_GEND_INICIATIVA_UBICACION (ID_INICIATIVA_UBICACION,ID_INICIATIVA,ID_UBICACION,FLAG_ESTADO) values ('885','642','1','1');
Insert into MRVMM.T_GEND_INICIATIVA_UBICACION (ID_INICIATIVA_UBICACION,ID_INICIATIVA,ID_UBICACION,FLAG_ESTADO) values ('889','644','1','1');
Insert into MRVMM.T_GEND_INICIATIVA_UBICACION (ID_INICIATIVA_UBICACION,ID_INICIATIVA,ID_UBICACION,FLAG_ESTADO) values ('890','644','6','1');
Insert into MRVMM.T_GEND_INICIATIVA_UBICACION (ID_INICIATIVA_UBICACION,ID_INICIATIVA,ID_UBICACION,FLAG_ESTADO) values ('891','645','2','1');
Insert into MRVMM.T_GEND_INICIATIVA_UBICACION (ID_INICIATIVA_UBICACION,ID_INICIATIVA,ID_UBICACION,FLAG_ESTADO) values ('892','645','4','1');
Insert into MRVMM.T_GEND_INICIATIVA_UBICACION (ID_INICIATIVA_UBICACION,ID_INICIATIVA,ID_UBICACION,FLAG_ESTADO) values ('884','641','2','1');
Insert into MRVMM.T_GEND_INICIATIVA_UBICACION (ID_INICIATIVA_UBICACION,ID_INICIATIVA,ID_UBICACION,FLAG_ESTADO) values ('886','642','7','1');
Insert into MRVMM.T_GEND_INICIATIVA_UBICACION (ID_INICIATIVA_UBICACION,ID_INICIATIVA,ID_UBICACION,FLAG_ESTADO) values ('887','643','1','1');
Insert into MRVMM.T_GEND_INICIATIVA_UBICACION (ID_INICIATIVA_UBICACION,ID_INICIATIVA,ID_UBICACION,FLAG_ESTADO) values ('888','643','6','1');
Insert into MRVMM.T_GEND_INICIATIVA_UBICACION (ID_INICIATIVA_UBICACION,ID_INICIATIVA,ID_UBICACION,FLAG_ESTADO) values ('908','665','25','1');
Insert into MRVMM.T_GEND_INICIATIVA_UBICACION (ID_INICIATIVA_UBICACION,ID_INICIATIVA,ID_UBICACION,FLAG_ESTADO) values ('909','666','5','1');
Insert into MRVMM.T_GEND_INICIATIVA_UBICACION (ID_INICIATIVA_UBICACION,ID_INICIATIVA,ID_UBICACION,FLAG_ESTADO) values ('910','667','13','1');
REM INSERTING into MRVMM.T_GEND_INI_TIPDOCAVAL
SET DEFINE OFF;
REM INSERTING into MRVMM.T_GEND_MEDMIT_GEI
SET DEFINE OFF;
REM INSERTING into MRVMM.T_GEND_TOOLTIP
SET DEFINE OFF;
Insert into MRVMM.T_GEND_TOOLTIP (ID_TOOLTIP,ID_AYUDATOOLTIP,SECCION_TOOLTIP,DESCRIPCION_TOOLTIP,FLAG_ESTADO) values ('1','1','titulo de registro de iniciativa','Complete los campos obligatorios para registrar una nueva iniciativa de mitigación','1');
Insert into MRVMM.T_GEND_TOOLTIP (ID_TOOLTIP,ID_AYUDATOOLTIP,SECCION_TOOLTIP,DESCRIPCION_TOOLTIP,FLAG_ESTADO) values ('2','1','boton cambiar de medida','No te preocupes, que podrás cambiar la medida de mitigacion en cualquier momento','1');
Insert into MRVMM.T_GEND_TOOLTIP (ID_TOOLTIP,ID_AYUDATOOLTIP,SECCION_TOOLTIP,DESCRIPCION_TOOLTIP,FLAG_ESTADO) values ('3','1','boton solicitar revision','Una vez complete todos los campos solicite una revisión para su iniciativa de mitigación','1');
Insert into MRVMM.T_GEND_TOOLTIP (ID_TOOLTIP,ID_AYUDATOOLTIP,SECCION_TOOLTIP,DESCRIPCION_TOOLTIP,FLAG_ESTADO) values ('4','1','boton guardar avances','¿No tiene toda la información de su inicitiva?, guarde sus avances y retómelo después','1');
Insert into MRVMM.T_GEND_TOOLTIP (ID_TOOLTIP,ID_AYUDATOOLTIP,SECCION_TOOLTIP,DESCRIPCION_TOOLTIP,FLAG_ESTADO) values ('5','1','nombre de la iniciativa','En caso no posea un nombre, coloque el nombre de la medida de mitigación seguido de un guión y nombre o siglas de la institución.','1');
Insert into MRVMM.T_GEND_TOOLTIP (ID_TOOLTIP,ID_AYUDATOOLTIP,SECCION_TOOLTIP,DESCRIPCION_TOOLTIP,FLAG_ESTADO) values ('6','1','descripcion de la iniciativa','Indicar la ubicación, tecnología considerada y cantidades de la misma.','1');
Insert into MRVMM.T_GEND_TOOLTIP (ID_TOOLTIP,ID_AYUDATOOLTIP,SECCION_TOOLTIP,DESCRIPCION_TOOLTIP,FLAG_ESTADO) values ('7','1','ubicacion','Seleccione una o varias ubicaciones - regiones','1');
Insert into MRVMM.T_GEND_TOOLTIP (ID_TOOLTIP,ID_AYUDATOOLTIP,SECCION_TOOLTIP,DESCRIPCION_TOOLTIP,FLAG_ESTADO) values ('8','1','monto de inversion','Indique el monto total que costó su inversión','1');
Insert into MRVMM.T_GEND_TOOLTIP (ID_TOOLTIP,ID_AYUDATOOLTIP,SECCION_TOOLTIP,DESCRIPCION_TOOLTIP,FLAG_ESTADO) values ('9','1','fecha de inicio del proyecto','Indique la fecha de inicio del proyecto','1');
Insert into MRVMM.T_GEND_TOOLTIP (ID_TOOLTIP,ID_AYUDATOOLTIP,SECCION_TOOLTIP,DESCRIPCION_TOOLTIP,FLAG_ESTADO) values ('10','1','fecha de fin del proyecto','Indique la fecha de finalización del proyecto','1');
Insert into MRVMM.T_GEND_TOOLTIP (ID_TOOLTIP,ID_AYUDATOOLTIP,SECCION_TOOLTIP,DESCRIPCION_TOOLTIP,FLAG_ESTADO) values ('11','1','energetico asociado','Seleccione uno o varios energéticos asociados de acuerdo a la medida de mitigación seleccionada','1');
Insert into MRVMM.T_GEND_TOOLTIP (ID_TOOLTIP,ID_AYUDATOOLTIP,SECCION_TOOLTIP,DESCRIPCION_TOOLTIP,FLAG_ESTADO) values ('12','1','gases de efecto invernadero','Seleccione uno o varios GEI de acuerdo a la medida de mitigación seleccionada','1');
Insert into MRVMM.T_GEND_TOOLTIP (ID_TOOLTIP,ID_AYUDATOOLTIP,SECCION_TOOLTIP,DESCRIPCION_TOOLTIP,FLAG_ESTADO) values ('13','2','buscar','Ingrese si conoce el nombre de la iniciativa o la(s) palabra(s) asociada(s) a las iniciativas de interés. En caso de no encontrar resultados acceda a la búsqueda avanzada.','1');
Insert into MRVMM.T_GEND_TOOLTIP (ID_TOOLTIP,ID_AYUDATOOLTIP,SECCION_TOOLTIP,DESCRIPCION_TOOLTIP,FLAG_ESTADO) values ('14','2','bandeja de iniciativas de mitigacion','Bandeja de todas las iniciativas de mitigación públicas','1');
Insert into MRVMM.T_GEND_TOOLTIP (ID_TOOLTIP,ID_AYUDATOOLTIP,SECCION_TOOLTIP,DESCRIPCION_TOOLTIP,FLAG_ESTADO) values ('15','3','bandeja de iniciativas de mitigacion','Bandeja de iniciativas de mitigación registradas por su institución','1');
Insert into MRVMM.T_GEND_TOOLTIP (ID_TOOLTIP,ID_AYUDATOOLTIP,SECCION_TOOLTIP,DESCRIPCION_TOOLTIP,FLAG_ESTADO) values ('16','3','boton agregar iniciativa','Seleccione una medida de mitigación para agregar una nueva inicitiva de mitigación','1');
Insert into MRVMM.T_GEND_TOOLTIP (ID_TOOLTIP,ID_AYUDATOOLTIP,SECCION_TOOLTIP,DESCRIPCION_TOOLTIP,FLAG_ESTADO) values ('17','4','buscar','Utilice la búsqueda ingresando una descripción para ubicar sus registros','1');
Insert into MRVMM.T_GEND_TOOLTIP (ID_TOOLTIP,ID_AYUDATOOLTIP,SECCION_TOOLTIP,DESCRIPCION_TOOLTIP,FLAG_ESTADO) values ('18','4','bandeja de usuarios','Bandeja principal donde encontrará todos los usuarios registrados','1');
Insert into MRVMM.T_GEND_TOOLTIP (ID_TOOLTIP,ID_AYUDATOOLTIP,SECCION_TOOLTIP,DESCRIPCION_TOOLTIP,FLAG_ESTADO) values ('19','4','boton agregar usuario','Agregue un nuevo usuario con un rol específico','1');
Insert into MRVMM.T_GEND_TOOLTIP (ID_TOOLTIP,ID_AYUDATOOLTIP,SECCION_TOOLTIP,DESCRIPCION_TOOLTIP,FLAG_ESTADO) values ('20','5','Campo institucion','Ingrese el nombre comercial o razón social de su empresa','1');
Insert into MRVMM.T_GEND_TOOLTIP (ID_TOOLTIP,ID_AYUDATOOLTIP,SECCION_TOOLTIP,DESCRIPCION_TOOLTIP,FLAG_ESTADO) values ('21','5','campo ruc','Se recomienda un RUC de persona jurídica','1');
Insert into MRVMM.T_GEND_TOOLTIP (ID_TOOLTIP,ID_AYUDATOOLTIP,SECCION_TOOLTIP,DESCRIPCION_TOOLTIP,FLAG_ESTADO) values ('22','5','campo contraseña','Su contraseña debe incluir 6 caracteres como mínimo, 1 minúscula, 1 mayúscula, 1 número y 1 caracter especial (!@#$&*)','1');
Insert into MRVMM.T_GEND_TOOLTIP (ID_TOOLTIP,ID_AYUDATOOLTIP,SECCION_TOOLTIP,DESCRIPCION_TOOLTIP,FLAG_ESTADO) values ('23','6','campo enfoque','Seleccione un enfoque ligado a su medida de mitigación','1');
Insert into MRVMM.T_GEND_TOOLTIP (ID_TOOLTIP,ID_AYUDATOOLTIP,SECCION_TOOLTIP,DESCRIPCION_TOOLTIP,FLAG_ESTADO) values ('24','6','registro de detalles de indicadores','Complete los campos de acuerdo al enfoque seleccionado','1');
Insert into MRVMM.T_GEND_TOOLTIP (ID_TOOLTIP,ID_AYUDATOOLTIP,SECCION_TOOLTIP,DESCRIPCION_TOOLTIP,FLAG_ESTADO) values ('25','6','resumen de detalles de indicadores','Mostramos el resumen total calculado en el detalle de indicadores','1');
Insert into MRVMM.T_GEND_TOOLTIP (ID_TOOLTIP,ID_AYUDATOOLTIP,SECCION_TOOLTIP,DESCRIPCION_TOOLTIP,FLAG_ESTADO) values ('26','7','enfoque','Seleccione un enfoque ligado a su medida de mitigación','1');
Insert into MRVMM.T_GEND_TOOLTIP (ID_TOOLTIP,ID_AYUDATOOLTIP,SECCION_TOOLTIP,DESCRIPCION_TOOLTIP,FLAG_ESTADO) values ('27','7','plantilla excel','Descargue la plantilla de excel que contiene el formato de columnas que debe completar','1');
Insert into MRVMM.T_GEND_TOOLTIP (ID_TOOLTIP,ID_AYUDATOOLTIP,SECCION_TOOLTIP,DESCRIPCION_TOOLTIP,FLAG_ESTADO) values ('28','8','seleccionar','Seleccione una opción de la siguiente lista y presione ir al reporte para visualizarlo','1');
Insert into MRVMM.T_GEND_TOOLTIP (ID_TOOLTIP,ID_AYUDATOOLTIP,SECCION_TOOLTIP,DESCRIPCION_TOOLTIP,FLAG_ESTADO) values ('29','9','aprobar revision','Dar por aprobado esta iniciativa de mitigacion','1');
Insert into MRVMM.T_GEND_TOOLTIP (ID_TOOLTIP,ID_AYUDATOOLTIP,SECCION_TOOLTIP,DESCRIPCION_TOOLTIP,FLAG_ESTADO) values ('30','9','observar revision','¿Encontró alguna observación? utilice esta opción para solicitar una corrección','1');
Insert into MRVMM.T_GEND_TOOLTIP (ID_TOOLTIP,ID_AYUDATOOLTIP,SECCION_TOOLTIP,DESCRIPCION_TOOLTIP,FLAG_ESTADO) values ('31','3','buscar','Ingrese si conoce el nombre de la iniciativa o la(s) palabra(s) asociada(s) a las iniciativas de interés. En caso de no encontrar resultados acceda a la búsqueda avanzada.','1');
Insert into MRVMM.T_GEND_TOOLTIP (ID_TOOLTIP,ID_AYUDATOOLTIP,SECCION_TOOLTIP,DESCRIPCION_TOOLTIP,FLAG_ESTADO) values ('32','2','medida de mitigacion','Seleccione, de la lista desplegable, la medida de mitigación de interés','1');
Insert into MRVMM.T_GEND_TOOLTIP (ID_TOOLTIP,ID_AYUDATOOLTIP,SECCION_TOOLTIP,DESCRIPCION_TOOLTIP,FLAG_ESTADO) values ('33','2','año de inicio del proyecto','Indique el año de inicio del proyecto','1');
Insert into MRVMM.T_GEND_TOOLTIP (ID_TOOLTIP,ID_AYUDATOOLTIP,SECCION_TOOLTIP,DESCRIPCION_TOOLTIP,FLAG_ESTADO) values ('34','2','sector','Seleccione, de la lista desplegable, el sector de la iniciativa de mitigación de interés','1');
Insert into MRVMM.T_GEND_TOOLTIP (ID_TOOLTIP,ID_AYUDATOOLTIP,SECCION_TOOLTIP,DESCRIPCION_TOOLTIP,FLAG_ESTADO) values ('35','2','energetico de linea base','Seleccione, de la lista desplegable, el tipo de energía que se consumía antes de la iniciativa','1');
Insert into MRVMM.T_GEND_TOOLTIP (ID_TOOLTIP,ID_AYUDATOOLTIP,SECCION_TOOLTIP,DESCRIPCION_TOOLTIP,FLAG_ESTADO) values ('36','2','energetico de proyecto','Seleccione, de la lista desplegable, el tipo de energía que se consume en la iniciativa','1');
Insert into MRVMM.T_GEND_TOOLTIP (ID_TOOLTIP,ID_AYUDATOOLTIP,SECCION_TOOLTIP,DESCRIPCION_TOOLTIP,FLAG_ESTADO) values ('37','3','medida de mitigacion','Seleccione, de la lista desplegable, la medida de mitigación de interés','1');
Insert into MRVMM.T_GEND_TOOLTIP (ID_TOOLTIP,ID_AYUDATOOLTIP,SECCION_TOOLTIP,DESCRIPCION_TOOLTIP,FLAG_ESTADO) values ('38','3','año de inicio del proyecto','Indique el año de inicio del proyecto','1');
Insert into MRVMM.T_GEND_TOOLTIP (ID_TOOLTIP,ID_AYUDATOOLTIP,SECCION_TOOLTIP,DESCRIPCION_TOOLTIP,FLAG_ESTADO) values ('39','3','sector','Seleccione, de la lista desplegable, el sector de la iniciativa de mitigación de interés','1');
Insert into MRVMM.T_GEND_TOOLTIP (ID_TOOLTIP,ID_AYUDATOOLTIP,SECCION_TOOLTIP,DESCRIPCION_TOOLTIP,FLAG_ESTADO) values ('40','3','energetico de linea base','Seleccione, de la lista desplegable, el tipo de energía que se consumía antes de la iniciativa','1');
Insert into MRVMM.T_GEND_TOOLTIP (ID_TOOLTIP,ID_AYUDATOOLTIP,SECCION_TOOLTIP,DESCRIPCION_TOOLTIP,FLAG_ESTADO) values ('41','3','energetico de proyecto','Seleccione, de la lista desplegable, el tipo de energía que se consume en la iniciativa','1');
Insert into MRVMM.T_GEND_TOOLTIP (ID_TOOLTIP,ID_AYUDATOOLTIP,SECCION_TOOLTIP,DESCRIPCION_TOOLTIP,FLAG_ESTADO) values ('42','10','aprovar evaluacion','Dar por aprobado esta iniciativa de mitigacion','1');
Insert into MRVMM.T_GEND_TOOLTIP (ID_TOOLTIP,ID_AYUDATOOLTIP,SECCION_TOOLTIP,DESCRIPCION_TOOLTIP,FLAG_ESTADO) values ('43','10','observar evaluacion','¿Encontró alguna observación? utilice esta opción para solicitar una corrección','1');
Insert into MRVMM.T_GEND_TOOLTIP (ID_TOOLTIP,ID_AYUDATOOLTIP,SECCION_TOOLTIP,DESCRIPCION_TOOLTIP,FLAG_ESTADO) values ('44','11','buscar','Utilice la búsqueda ingresando una descripción para ubicar sus registros','1');
Insert into MRVMM.T_GEND_TOOLTIP (ID_TOOLTIP,ID_AYUDATOOLTIP,SECCION_TOOLTIP,DESCRIPCION_TOOLTIP,FLAG_ESTADO) values ('45','6','cambiar de tipo','No te preocupes, que podrás cambiar la medida de mitigacion en cualquier momento','1');
Insert into MRVMM.T_GEND_TOOLTIP (ID_TOOLTIP,ID_AYUDATOOLTIP,SECCION_TOOLTIP,DESCRIPCION_TOOLTIP,FLAG_ESTADO) values ('46','6','solicitar revision','Una vez complete todos los campos solicite una revisión para su iniciativa de mitigación','1');
Insert into MRVMM.T_GEND_TOOLTIP (ID_TOOLTIP,ID_AYUDATOOLTIP,SECCION_TOOLTIP,DESCRIPCION_TOOLTIP,FLAG_ESTADO) values ('47','6','guardar avances','¿No tiene toda la información de su inicitiva?, guarde sus avances y retómelo después','1');
Insert into MRVMM.T_GEND_TOOLTIP (ID_TOOLTIP,ID_AYUDATOOLTIP,SECCION_TOOLTIP,DESCRIPCION_TOOLTIP,FLAG_ESTADO) values ('48','6','boton subir archivo','Seleccione uno o varios archivos a la vez para adjuntarlos como documentos sustentatorios','1');
Insert into MRVMM.T_GEND_TOOLTIP (ID_TOOLTIP,ID_AYUDATOOLTIP,SECCION_TOOLTIP,DESCRIPCION_TOOLTIP,FLAG_ESTADO) values ('49','7','cambiar de tipo','No te preocupes, que podrás cambiar la medida de mitigacion en cualquier momento','1');
Insert into MRVMM.T_GEND_TOOLTIP (ID_TOOLTIP,ID_AYUDATOOLTIP,SECCION_TOOLTIP,DESCRIPCION_TOOLTIP,FLAG_ESTADO) values ('50','7','solicitar revision','Una vez complete todos los campos solicite una revisión para su iniciativa de mitigación','1');
Insert into MRVMM.T_GEND_TOOLTIP (ID_TOOLTIP,ID_AYUDATOOLTIP,SECCION_TOOLTIP,DESCRIPCION_TOOLTIP,FLAG_ESTADO) values ('51','7','guardar avances','¿No tiene toda la información de su inicitiva?, guarde sus avances y retómelo después','1');
Insert into MRVMM.T_GEND_TOOLTIP (ID_TOOLTIP,ID_AYUDATOOLTIP,SECCION_TOOLTIP,DESCRIPCION_TOOLTIP,FLAG_ESTADO) values ('52','7','resumen de detalles de indicadores','Mostramos el resumen total calculado en el detalle de indicadores','1');
Insert into MRVMM.T_GEND_TOOLTIP (ID_TOOLTIP,ID_AYUDATOOLTIP,SECCION_TOOLTIP,DESCRIPCION_TOOLTIP,FLAG_ESTADO) values ('53','7','boton subir archivo','Seleccione uno o varios archivos a la vez para adjuntarlos como documentos sustentatorios','1');
Insert into MRVMM.T_GEND_TOOLTIP (ID_TOOLTIP,ID_AYUDATOOLTIP,SECCION_TOOLTIP,DESCRIPCION_TOOLTIP,FLAG_ESTADO) values ('54','12','aprobar revision','Dar por aprobado esta iniciativa de mitigación','1');
Insert into MRVMM.T_GEND_TOOLTIP (ID_TOOLTIP,ID_AYUDATOOLTIP,SECCION_TOOLTIP,DESCRIPCION_TOOLTIP,FLAG_ESTADO) values ('55','12','observar revision','¿Encontró alguna observación? utilice esta opción para solicitar una corrección','1');
Insert into MRVMM.T_GEND_TOOLTIP (ID_TOOLTIP,ID_AYUDATOOLTIP,SECCION_TOOLTIP,DESCRIPCION_TOOLTIP,FLAG_ESTADO) values ('56','13','aprobar verificación','Dar por aprobado esta iniciativa de mitigación','1');
Insert into MRVMM.T_GEND_TOOLTIP (ID_TOOLTIP,ID_AYUDATOOLTIP,SECCION_TOOLTIP,DESCRIPCION_TOOLTIP,FLAG_ESTADO) values ('57','13','observar verificacion','¿Encontró alguna observación? utilice esta opción para solicitar una corrección','1');
REM INSERTING into MRVMM.T_GEND_VARIABLE_VALOR
SET DEFINE OFF;
REM INSERTING into MRVMM.T_GEND_VARIANTE_ATRIBUTO
SET DEFINE OFF;
REM INSERTING into MRVMM.T_GEND_VARIANTE_VALOR
SET DEFINE OFF;
REM INSERTING into MRVMM.T_GENM_AYUDA
SET DEFINE OFF;
REM INSERTING into MRVMM.T_GENM_AYUDATOOLTIP
SET DEFINE OFF;
Insert into MRVMM.T_GENM_AYUDATOOLTIP (ID_AYUDATOOLTIP,DESCRIPCION_PAGINA,FLAG_ESTADO) values ('1','Registro de iniciativa','1');
Insert into MRVMM.T_GENM_AYUDATOOLTIP (ID_AYUDATOOLTIP,DESCRIPCION_PAGINA,FLAG_ESTADO) values ('2','Acciones de mitigacion','1');
Insert into MRVMM.T_GENM_AYUDATOOLTIP (ID_AYUDATOOLTIP,DESCRIPCION_PAGINA,FLAG_ESTADO) values ('3','Acciones de mitigacion interno','1');
Insert into MRVMM.T_GENM_AYUDATOOLTIP (ID_AYUDATOOLTIP,DESCRIPCION_PAGINA,FLAG_ESTADO) values ('4','Mantenimiento de usuarios','1');
Insert into MRVMM.T_GENM_AYUDATOOLTIP (ID_AYUDATOOLTIP,DESCRIPCION_PAGINA,FLAG_ESTADO) values ('5','Registro de usuario','1');
Insert into MRVMM.T_GENM_AYUDATOOLTIP (ID_AYUDATOOLTIP,DESCRIPCION_PAGINA,FLAG_ESTADO) values ('6','Registro de detalles de indicadores manual','1');
Insert into MRVMM.T_GENM_AYUDATOOLTIP (ID_AYUDATOOLTIP,DESCRIPCION_PAGINA,FLAG_ESTADO) values ('7','Registro de detalle de indicadores masivo','1');
Insert into MRVMM.T_GENM_AYUDATOOLTIP (ID_AYUDATOOLTIP,DESCRIPCION_PAGINA,FLAG_ESTADO) values ('8','Reporte','1');
Insert into MRVMM.T_GENM_AYUDATOOLTIP (ID_AYUDATOOLTIP,DESCRIPCION_PAGINA,FLAG_ESTADO) values ('9','Revision de iniciativa','1');
Insert into MRVMM.T_GENM_AYUDATOOLTIP (ID_AYUDATOOLTIP,DESCRIPCION_PAGINA,FLAG_ESTADO) values ('10','Evaluacion de iniciativa y detalle','1');
Insert into MRVMM.T_GENM_AYUDATOOLTIP (ID_AYUDATOOLTIP,DESCRIPCION_PAGINA,FLAG_ESTADO) values ('11','Notificaciones','1');
Insert into MRVMM.T_GENM_AYUDATOOLTIP (ID_AYUDATOOLTIP,DESCRIPCION_PAGINA,FLAG_ESTADO) values ('12','Revision de iniciativa y detalle','1');
Insert into MRVMM.T_GENM_AYUDATOOLTIP (ID_AYUDATOOLTIP,DESCRIPCION_PAGINA,FLAG_ESTADO) values ('13','Verificacion de iniciativa y detalle','1');
REM INSERTING into MRVMM.T_GENM_BLOCKCHAIN
SET DEFINE OFF;
Insert into MRVMM.T_GENM_BLOCKCHAIN (ID_BLOCKCHAIN,ID_INICIATIVA,HASH,USUARIO_REGISTRO,FECHA_REGISTRO,IP_REGISTRO,GENERADO_PDF,NOMBRE_PDF) values ('1','484','1d94e3664c6abdf323b5cca3ca294a615dee3a9c8b61c3256bce6f04464e6ccb','122',to_date('07/03/20','DD/MM/RR'),'::1',null,null);
Insert into MRVMM.T_GENM_BLOCKCHAIN (ID_BLOCKCHAIN,ID_INICIATIVA,HASH,USUARIO_REGISTRO,FECHA_REGISTRO,IP_REGISTRO,GENERADO_PDF,NOMBRE_PDF) values ('3','443','3547a2983f4313629a803bc27997ce06fa4d8b4e6829db77f74e4e3e0afc4ed6','122',to_date('07/03/20','DD/MM/RR'),'::1',null,null);
Insert into MRVMM.T_GENM_BLOCKCHAIN (ID_BLOCKCHAIN,ID_INICIATIVA,HASH,USUARIO_REGISTRO,FECHA_REGISTRO,IP_REGISTRO,GENERADO_PDF,NOMBRE_PDF) values ('29','502','e0e68cd456fe6111ab8d2ff2812fd3887eb3b6f157b19b7a4ec8bf117d586e41','123',to_date('10/03/20','DD/MM/RR'),'10.0.0.103',null,null);
Insert into MRVMM.T_GENM_BLOCKCHAIN (ID_BLOCKCHAIN,ID_INICIATIVA,HASH,USUARIO_REGISTRO,FECHA_REGISTRO,IP_REGISTRO,GENERADO_PDF,NOMBRE_PDF) values ('31','504','7ac69352b2a904fdea5c61144a7072f11ba959778e2b31fc5efe2d2f5d17345f','123',to_date('10/03/20','DD/MM/RR'),'10.0.0.102',null,null);
Insert into MRVMM.T_GENM_BLOCKCHAIN (ID_BLOCKCHAIN,ID_INICIATIVA,HASH,USUARIO_REGISTRO,FECHA_REGISTRO,IP_REGISTRO,GENERADO_PDF,NOMBRE_PDF) values ('42','465','5b686f42d3830c32a64dae2b32cfb33f53b9eed33091312fca8d8cecd8139aa3','123',to_date('12/03/20','DD/MM/RR'),'::1',null,null);
Insert into MRVMM.T_GENM_BLOCKCHAIN (ID_BLOCKCHAIN,ID_INICIATIVA,HASH,USUARIO_REGISTRO,FECHA_REGISTRO,IP_REGISTRO,GENERADO_PDF,NOMBRE_PDF) values ('43','395','503198405f7004cf6bee09063c14884f5e71ac50fa48fbae6669d94b4fed4c29','123',to_date('12/03/20','DD/MM/RR'),'::1',null,null);
Insert into MRVMM.T_GENM_BLOCKCHAIN (ID_BLOCKCHAIN,ID_INICIATIVA,HASH,USUARIO_REGISTRO,FECHA_REGISTRO,IP_REGISTRO,GENERADO_PDF,NOMBRE_PDF) values ('82','503','1805b2dfe76a61f073095601ab5604a4604bae883b29ee908cca6f9ac1d64464','123',to_date('14/03/20','DD/MM/RR'),'::1',null,null);
Insert into MRVMM.T_GENM_BLOCKCHAIN (ID_BLOCKCHAIN,ID_INICIATIVA,HASH,USUARIO_REGISTRO,FECHA_REGISTRO,IP_REGISTRO,GENERADO_PDF,NOMBRE_PDF) values ('83','453','4bddf0a250b8e3b966ef1a112fbb5319cba944018f5ec016976dc2a368c7e544','123',to_date('14/03/20','DD/MM/RR'),'::1',null,null);
Insert into MRVMM.T_GENM_BLOCKCHAIN (ID_BLOCKCHAIN,ID_INICIATIVA,HASH,USUARIO_REGISTRO,FECHA_REGISTRO,IP_REGISTRO,GENERADO_PDF,NOMBRE_PDF) values ('84','453','81d5dea1e30cdc1f305ae141e4b951c8187aaacbc269ac9ccbe024caa28650f5','123',to_date('14/03/20','DD/MM/RR'),'::1',null,null);
Insert into MRVMM.T_GENM_BLOCKCHAIN (ID_BLOCKCHAIN,ID_INICIATIVA,HASH,USUARIO_REGISTRO,FECHA_REGISTRO,IP_REGISTRO,GENERADO_PDF,NOMBRE_PDF) values ('85','429','3be5b84b2174f48845c6c7e448aa55e75bf2e2f941461d085abc1dbcfdc95bba','123',to_date('14/03/20','DD/MM/RR'),'::1',null,null);
Insert into MRVMM.T_GENM_BLOCKCHAIN (ID_BLOCKCHAIN,ID_INICIATIVA,HASH,USUARIO_REGISTRO,FECHA_REGISTRO,IP_REGISTRO,GENERADO_PDF,NOMBRE_PDF) values ('86','424','5a69266938eab30c505ab0b656bd5975aea05632fd60e4aede159cf085edf9d4','122',to_date('14/03/20','DD/MM/RR'),'::1',null,null);
Insert into MRVMM.T_GENM_BLOCKCHAIN (ID_BLOCKCHAIN,ID_INICIATIVA,HASH,USUARIO_REGISTRO,FECHA_REGISTRO,IP_REGISTRO,GENERADO_PDF,NOMBRE_PDF) values ('87','394','059514883fb05d4a994b9c201b808db7c02b1325e3fb7a86db7995fa1679e814','122',to_date('14/03/20','DD/MM/RR'),'::1',null,null);
Insert into MRVMM.T_GENM_BLOCKCHAIN (ID_BLOCKCHAIN,ID_INICIATIVA,HASH,USUARIO_REGISTRO,FECHA_REGISTRO,IP_REGISTRO,GENERADO_PDF,NOMBRE_PDF) values ('124','586','3ad450c26b13892184926e88e89e9b4d3db136bf7524fa1fffa6c2ccc4131445','123',to_date('22/03/20','DD/MM/RR'),'10.0.0.103',null,null);
Insert into MRVMM.T_GENM_BLOCKCHAIN (ID_BLOCKCHAIN,ID_INICIATIVA,HASH,USUARIO_REGISTRO,FECHA_REGISTRO,IP_REGISTRO,GENERADO_PDF,NOMBRE_PDF) values ('143','647','c64331a7606a6c7ca2e3d78f635b6fb2dd6b6c919286c7db1949cf55f2338560','300',to_date('01/04/20','DD/MM/RR'),'10.0.0.103',null,null);
Insert into MRVMM.T_GENM_BLOCKCHAIN (ID_BLOCKCHAIN,ID_INICIATIVA,HASH,USUARIO_REGISTRO,FECHA_REGISTRO,IP_REGISTRO,GENERADO_PDF,NOMBRE_PDF) values ('144','644','56f64f89452639744c7c7bd821deb4cca98e097eda37de99fedf0026f5fe4926','301',to_date('01/04/20','DD/MM/RR'),'10.0.0.103','1','b9afab31-0990-45dd-b6fa-6a1d91941668.pdf');
Insert into MRVMM.T_GENM_BLOCKCHAIN (ID_BLOCKCHAIN,ID_INICIATIVA,HASH,USUARIO_REGISTRO,FECHA_REGISTRO,IP_REGISTRO,GENERADO_PDF,NOMBRE_PDF) values ('23','451','16ddfb842f248a87754719879cf15823d10e477f0b9750fac57999a9ea6d65c4','123',to_date('10/03/20','DD/MM/RR'),'::1',null,null);
Insert into MRVMM.T_GENM_BLOCKCHAIN (ID_BLOCKCHAIN,ID_INICIATIVA,HASH,USUARIO_REGISTRO,FECHA_REGISTRO,IP_REGISTRO,GENERADO_PDF,NOMBRE_PDF) values ('24','462','a4092db964e4cc89af29e03f2e3536d8ac387576e8d71eb90d1df57aef80ec28','123',to_date('10/03/20','DD/MM/RR'),'::1',null,null);
Insert into MRVMM.T_GENM_BLOCKCHAIN (ID_BLOCKCHAIN,ID_INICIATIVA,HASH,USUARIO_REGISTRO,FECHA_REGISTRO,IP_REGISTRO,GENERADO_PDF,NOMBRE_PDF) values ('26','342','46a74d06cea5b2458284e7cdb59906e8cb5c87d362276dc223f32723e3d53335','123',to_date('10/03/20','DD/MM/RR'),'::1',null,null);
Insert into MRVMM.T_GENM_BLOCKCHAIN (ID_BLOCKCHAIN,ID_INICIATIVA,HASH,USUARIO_REGISTRO,FECHA_REGISTRO,IP_REGISTRO,GENERADO_PDF,NOMBRE_PDF) values ('141','643','2af4d119e567f0f5ea194db911019f9e45516e776a91c514780b2217394cbf9e','300',to_date('01/04/20','DD/MM/RR'),'10.0.0.103',null,null);
Insert into MRVMM.T_GENM_BLOCKCHAIN (ID_BLOCKCHAIN,ID_INICIATIVA,HASH,USUARIO_REGISTRO,FECHA_REGISTRO,IP_REGISTRO,GENERADO_PDF,NOMBRE_PDF) values ('142','642','1a0799add297759c61950165b4894b47f3294b48876c0a505dc7aebebd3150a8','301',to_date('01/04/20','DD/MM/RR'),'10.0.0.103','1','1d48f988-8353-418d-8bed-e1e713f8e417.pdf');
Insert into MRVMM.T_GENM_BLOCKCHAIN (ID_BLOCKCHAIN,ID_INICIATIVA,HASH,USUARIO_REGISTRO,FECHA_REGISTRO,IP_REGISTRO,GENERADO_PDF,NOMBRE_PDF) values ('41','443','96576288ee73293122acc95973677ecbcaf8977072b20027d0c255cc5b9b4cfb','123',to_date('12/03/20','DD/MM/RR'),'::1',null,null);
Insert into MRVMM.T_GENM_BLOCKCHAIN (ID_BLOCKCHAIN,ID_INICIATIVA,HASH,USUARIO_REGISTRO,FECHA_REGISTRO,IP_REGISTRO,GENERADO_PDF,NOMBRE_PDF) values ('2','482','5a8297e34202202776a3609a07119b2d347944b0b63927b64e06888959169e66','122',to_date('07/03/20','DD/MM/RR'),'::1',null,null);
Insert into MRVMM.T_GENM_BLOCKCHAIN (ID_BLOCKCHAIN,ID_INICIATIVA,HASH,USUARIO_REGISTRO,FECHA_REGISTRO,IP_REGISTRO,GENERADO_PDF,NOMBRE_PDF) values ('21','484','4610cc2e8da494e0d436bb5c4a6e43483c3fc1b6874b7e32ef0aa47d132d142b','123',to_date('10/03/20','DD/MM/RR'),'::1',null,null);
Insert into MRVMM.T_GENM_BLOCKCHAIN (ID_BLOCKCHAIN,ID_INICIATIVA,HASH,USUARIO_REGISTRO,FECHA_REGISTRO,IP_REGISTRO,GENERADO_PDF,NOMBRE_PDF) values ('30','504','7daea64929add67068a8139bc4c90a831ddcfd425c0073842fd7babb5d3179d3','122',to_date('10/03/20','DD/MM/RR'),'10.0.0.102',null,null);
Insert into MRVMM.T_GENM_BLOCKCHAIN (ID_BLOCKCHAIN,ID_INICIATIVA,HASH,USUARIO_REGISTRO,FECHA_REGISTRO,IP_REGISTRO,GENERADO_PDF,NOMBRE_PDF) values ('65','429','798fa26cc2ea995ceef4c68c834e5af4f90eecccff7912c52998cea369f1e1de','122',to_date('13/03/20','DD/MM/RR'),'::1',null,null);
Insert into MRVMM.T_GENM_BLOCKCHAIN (ID_BLOCKCHAIN,ID_INICIATIVA,HASH,USUARIO_REGISTRO,FECHA_REGISTRO,IP_REGISTRO,GENERADO_PDF,NOMBRE_PDF) values ('66','428','2ee3cdd75df64736a408e6f637a5fca353b7fc7452144ce86c232b1d234db222','122',to_date('13/03/20','DD/MM/RR'),'::1',null,null);
Insert into MRVMM.T_GENM_BLOCKCHAIN (ID_BLOCKCHAIN,ID_INICIATIVA,HASH,USUARIO_REGISTRO,FECHA_REGISTRO,IP_REGISTRO,GENERADO_PDF,NOMBRE_PDF) values ('67','344','69703b426d09e8f41ac618ba2647bf9c05c59541f0c27105f5d41e57732dce84','122',to_date('13/03/20','DD/MM/RR'),'::1',null,null);
Insert into MRVMM.T_GENM_BLOCKCHAIN (ID_BLOCKCHAIN,ID_INICIATIVA,HASH,USUARIO_REGISTRO,FECHA_REGISTRO,IP_REGISTRO,GENERADO_PDF,NOMBRE_PDF) values ('102','587','0b886203e0f542e80a9500489bb3ae01957ec5dd0103efe0025489885935ff24','123',to_date('20/03/20','DD/MM/RR'),'10.0.0.103','1','19ce5dcb-6dfd-4abe-b140-a7c4bceaf330.pdf');
Insert into MRVMM.T_GENM_BLOCKCHAIN (ID_BLOCKCHAIN,ID_INICIATIVA,HASH,USUARIO_REGISTRO,FECHA_REGISTRO,IP_REGISTRO,GENERADO_PDF,NOMBRE_PDF) values ('4','387','6df01424fd3ab5a7f16458d37ffa42ecb3eeb0760638e5163828e0ba1e958606','122',to_date('07/03/20','DD/MM/RR'),'10.0.0.103',null,null);
Insert into MRVMM.T_GENM_BLOCKCHAIN (ID_BLOCKCHAIN,ID_INICIATIVA,HASH,USUARIO_REGISTRO,FECHA_REGISTRO,IP_REGISTRO,GENERADO_PDF,NOMBRE_PDF) values ('22','482','3fe944287fbfe021e6af9881979923ad6edd80a44b7333647a84d01e063ede82','123',to_date('10/03/20','DD/MM/RR'),'10.0.0.103',null,null);
Insert into MRVMM.T_GENM_BLOCKCHAIN (ID_BLOCKCHAIN,ID_INICIATIVA,HASH,USUARIO_REGISTRO,FECHA_REGISTRO,IP_REGISTRO,GENERADO_PDF,NOMBRE_PDF) values ('25','387','3971629a6de7cd32f79f2751075ca4719515d65b7ee9b4ad394961c3a805ebbf','123',to_date('10/03/20','DD/MM/RR'),'::1',null,null);
Insert into MRVMM.T_GENM_BLOCKCHAIN (ID_BLOCKCHAIN,ID_INICIATIVA,HASH,USUARIO_REGISTRO,FECHA_REGISTRO,IP_REGISTRO,GENERADO_PDF,NOMBRE_PDF) values ('27','376','b10809a9cde41d536c131980b9dbe2efd8cd32b0522c72adcd8b6a2569a4fab2','123',to_date('10/03/20','DD/MM/RR'),'::1',null,null);
Insert into MRVMM.T_GENM_BLOCKCHAIN (ID_BLOCKCHAIN,ID_INICIATIVA,HASH,USUARIO_REGISTRO,FECHA_REGISTRO,IP_REGISTRO,GENERADO_PDF,NOMBRE_PDF) values ('28','502','c546c69f72f7366ff72eafd0e63f0bb18fdc2fd675c7152dcfe628ca4b52a93d','122',to_date('10/03/20','DD/MM/RR'),'10.0.0.103',null,null);
Insert into MRVMM.T_GENM_BLOCKCHAIN (ID_BLOCKCHAIN,ID_INICIATIVA,HASH,USUARIO_REGISTRO,FECHA_REGISTRO,IP_REGISTRO,GENERADO_PDF,NOMBRE_PDF) values ('61','453','d1ca6c682ee51afcaf0b55a67ab52067bd43efb2d61aa54821729426b593017a','122',to_date('13/03/20','DD/MM/RR'),'::1',null,null);
Insert into MRVMM.T_GENM_BLOCKCHAIN (ID_BLOCKCHAIN,ID_INICIATIVA,HASH,USUARIO_REGISTRO,FECHA_REGISTRO,IP_REGISTRO,GENERADO_PDF,NOMBRE_PDF) values ('62','438','f55618995a3515294ac4a4e188d66a7fe61896df091d71351aa2e173ada4c311','122',to_date('13/03/20','DD/MM/RR'),'::1',null,null);
Insert into MRVMM.T_GENM_BLOCKCHAIN (ID_BLOCKCHAIN,ID_INICIATIVA,HASH,USUARIO_REGISTRO,FECHA_REGISTRO,IP_REGISTRO,GENERADO_PDF,NOMBRE_PDF) values ('63','450','605ffdd1fac0a2195c8ec46c9d609cd5cbc31d8a0581b7038167924b6f78b56e','123',to_date('13/03/20','DD/MM/RR'),'::1',null,null);
Insert into MRVMM.T_GENM_BLOCKCHAIN (ID_BLOCKCHAIN,ID_INICIATIVA,HASH,USUARIO_REGISTRO,FECHA_REGISTRO,IP_REGISTRO,GENERADO_PDF,NOMBRE_PDF) values ('64','503','7d4762586dba06d7556051cd1c4f63bbe2e26a18d97f3cf6bf41ca8cf47d932a','122',to_date('13/03/20','DD/MM/RR'),'::1',null,null);
Insert into MRVMM.T_GENM_BLOCKCHAIN (ID_BLOCKCHAIN,ID_INICIATIVA,HASH,USUARIO_REGISTRO,FECHA_REGISTRO,IP_REGISTRO,GENERADO_PDF,NOMBRE_PDF) values ('81','421','24638b0f330f50bac9c211dab3eab253aeaa50d3b4fdf302cc457f8af04a0471','123',to_date('14/03/20','DD/MM/RR'),'::1',null,null);
Insert into MRVMM.T_GENM_BLOCKCHAIN (ID_BLOCKCHAIN,ID_INICIATIVA,HASH,USUARIO_REGISTRO,FECHA_REGISTRO,IP_REGISTRO,GENERADO_PDF,NOMBRE_PDF) values ('88','562','1a94828113c0b7abac334271ff252e9a8ff62f28eb4e32608a4d42673500f70c','122',to_date('14/03/20','DD/MM/RR'),'10.0.0.102',null,null);
Insert into MRVMM.T_GENM_BLOCKCHAIN (ID_BLOCKCHAIN,ID_INICIATIVA,HASH,USUARIO_REGISTRO,FECHA_REGISTRO,IP_REGISTRO,GENERADO_PDF,NOMBRE_PDF) values ('101','583','a2d5695e543fb937f379a1a5dde0fc50ec3b80447e0c2728f7f15efe83c88cff','123',to_date('17/03/20','DD/MM/RR'),'10.0.0.103','1','24fbf9e0-291e-444d-9f6a-2e80a10c06a3.pdf');
Insert into MRVMM.T_GENM_BLOCKCHAIN (ID_BLOCKCHAIN,ID_INICIATIVA,HASH,USUARIO_REGISTRO,FECHA_REGISTRO,IP_REGISTRO,GENERADO_PDF,NOMBRE_PDF) values ('121','588','5a81632d0ec40be2cb433c9a25449bef26966863e5239df0e9d78c1133719a39','122',to_date('22/03/20','DD/MM/RR'),'10.0.0.103','1','3a43c7ed-d8b1-4180-9ff6-470bed2b5682.pdf');
Insert into MRVMM.T_GENM_BLOCKCHAIN (ID_BLOCKCHAIN,ID_INICIATIVA,HASH,USUARIO_REGISTRO,FECHA_REGISTRO,IP_REGISTRO,GENERADO_PDF,NOMBRE_PDF) values ('122','585','dd75fab52e3884ae4ad48380d7ba98a149187df17f4ab9f8547993fe61572f28','122',to_date('22/03/20','DD/MM/RR'),'10.0.0.103',null,null);
Insert into MRVMM.T_GENM_BLOCKCHAIN (ID_BLOCKCHAIN,ID_INICIATIVA,HASH,USUARIO_REGISTRO,FECHA_REGISTRO,IP_REGISTRO,GENERADO_PDF,NOMBRE_PDF) values ('123','542','ae5bbcf34696b19f43725d87dd54c5ee5ff255b734ecd1aa833ef514b75fcfbf','122',to_date('22/03/20','DD/MM/RR'),'10.0.0.103',null,null);
Insert into MRVMM.T_GENM_BLOCKCHAIN (ID_BLOCKCHAIN,ID_INICIATIVA,HASH,USUARIO_REGISTRO,FECHA_REGISTRO,IP_REGISTRO,GENERADO_PDF,NOMBRE_PDF) values ('125','602','4d156c231567496a7eb0aa441b0b992da47ba17fa356e80f1fd127fd48cb3c67','122',to_date('25/03/20','DD/MM/RR'),'10.0.0.103',null,null);
Insert into MRVMM.T_GENM_BLOCKCHAIN (ID_BLOCKCHAIN,ID_INICIATIVA,HASH,USUARIO_REGISTRO,FECHA_REGISTRO,IP_REGISTRO,GENERADO_PDF,NOMBRE_PDF) values ('126','541','1292e02946eb3cb3dd20335e8750a18ae276e1746b5ed711caea39679d32ea97','122',to_date('25/03/20','DD/MM/RR'),'10.0.0.103',null,null);

REM INSERTING into MRVMM.T_GENM_ESCENARIO
SET DEFINE OFF;
Insert into MRVMM.T_GENM_ESCENARIO (ID_ESCENARIO,ID_MEDMIT,ANNO,BAU_EMISION,MIT_EMISION,REDUCCION,VALOR_SOFTWARE,EXPOST,META_ANUAL,FLAG_ESTADO) values ('1','7','2010','317,5','189,2',null,null,null,null,'1');
Insert into MRVMM.T_GENM_ESCENARIO (ID_ESCENARIO,ID_MEDMIT,ANNO,BAU_EMISION,MIT_EMISION,REDUCCION,VALOR_SOFTWARE,EXPOST,META_ANUAL,FLAG_ESTADO) values ('2','7','2011','330,2','199,6',null,null,null,null,'1');
Insert into MRVMM.T_GENM_ESCENARIO (ID_ESCENARIO,ID_MEDMIT,ANNO,BAU_EMISION,MIT_EMISION,REDUCCION,VALOR_SOFTWARE,EXPOST,META_ANUAL,FLAG_ESTADO) values ('3','7','2012','681','411,6',null,null,null,null,'1');
Insert into MRVMM.T_GENM_ESCENARIO (ID_ESCENARIO,ID_MEDMIT,ANNO,BAU_EMISION,MIT_EMISION,REDUCCION,VALOR_SOFTWARE,EXPOST,META_ANUAL,FLAG_ESTADO) values ('4','7','2013','653,8','395,2',null,null,null,null,'1');
Insert into MRVMM.T_GENM_ESCENARIO (ID_ESCENARIO,ID_MEDMIT,ANNO,BAU_EMISION,MIT_EMISION,REDUCCION,VALOR_SOFTWARE,EXPOST,META_ANUAL,FLAG_ESTADO) values ('5','7','2014','734','444',null,null,null,null,'1');
Insert into MRVMM.T_GENM_ESCENARIO (ID_ESCENARIO,ID_MEDMIT,ANNO,BAU_EMISION,MIT_EMISION,REDUCCION,VALOR_SOFTWARE,EXPOST,META_ANUAL,FLAG_ESTADO) values ('6','7','2015','445,7','165,2',null,null,null,null,'1');
Insert into MRVMM.T_GENM_ESCENARIO (ID_ESCENARIO,ID_MEDMIT,ANNO,BAU_EMISION,MIT_EMISION,REDUCCION,VALOR_SOFTWARE,EXPOST,META_ANUAL,FLAG_ESTADO) values ('7','7','2016','387,1','193,5',null,null,null,null,'1');
Insert into MRVMM.T_GENM_ESCENARIO (ID_ESCENARIO,ID_MEDMIT,ANNO,BAU_EMISION,MIT_EMISION,REDUCCION,VALOR_SOFTWARE,EXPOST,META_ANUAL,FLAG_ESTADO) values ('8','7','2017','245,1','50,5',null,null,null,null,'1');
Insert into MRVMM.T_GENM_ESCENARIO (ID_ESCENARIO,ID_MEDMIT,ANNO,BAU_EMISION,MIT_EMISION,REDUCCION,VALOR_SOFTWARE,EXPOST,META_ANUAL,FLAG_ESTADO) values ('9','7','2018','262,3','54',null,null,null,null,'1');
Insert into MRVMM.T_GENM_ESCENARIO (ID_ESCENARIO,ID_MEDMIT,ANNO,BAU_EMISION,MIT_EMISION,REDUCCION,VALOR_SOFTWARE,EXPOST,META_ANUAL,FLAG_ESTADO) values ('10','7','2019','280,6','57,8',null,null,null,null,'1');
Insert into MRVMM.T_GENM_ESCENARIO (ID_ESCENARIO,ID_MEDMIT,ANNO,BAU_EMISION,MIT_EMISION,REDUCCION,VALOR_SOFTWARE,EXPOST,META_ANUAL,FLAG_ESTADO) values ('11','7','2020','300,3','61,8',null,'214,5',null,null,'1');
Insert into MRVMM.T_GENM_ESCENARIO (ID_ESCENARIO,ID_MEDMIT,ANNO,BAU_EMISION,MIT_EMISION,REDUCCION,VALOR_SOFTWARE,EXPOST,META_ANUAL,FLAG_ESTADO) values ('12','7','2021','717,4','68',null,'527,6',null,null,'1');
Insert into MRVMM.T_GENM_ESCENARIO (ID_ESCENARIO,ID_MEDMIT,ANNO,BAU_EMISION,MIT_EMISION,REDUCCION,VALOR_SOFTWARE,EXPOST,META_ANUAL,FLAG_ESTADO) values ('23','7','2022','608,5','74,8',null,'548,4',null,null,'1');
Insert into MRVMM.T_GENM_ESCENARIO (ID_ESCENARIO,ID_MEDMIT,ANNO,BAU_EMISION,MIT_EMISION,REDUCCION,VALOR_SOFTWARE,EXPOST,META_ANUAL,FLAG_ESTADO) values ('24','7','2023','661,9','82,3',null,'572,4',null,null,'1');
Insert into MRVMM.T_GENM_ESCENARIO (ID_ESCENARIO,ID_MEDMIT,ANNO,BAU_EMISION,MIT_EMISION,REDUCCION,VALOR_SOFTWARE,EXPOST,META_ANUAL,FLAG_ESTADO) values ('25','7','2024','740,3','94,7',null,'664,8',null,null,'1');
Insert into MRVMM.T_GENM_ESCENARIO (ID_ESCENARIO,ID_MEDMIT,ANNO,BAU_EMISION,MIT_EMISION,REDUCCION,VALOR_SOFTWARE,EXPOST,META_ANUAL,FLAG_ESTADO) values ('26','7','2025','828,8','108,9',null,'703,1',null,null,'1');
Insert into MRVMM.T_GENM_ESCENARIO (ID_ESCENARIO,ID_MEDMIT,ANNO,BAU_EMISION,MIT_EMISION,REDUCCION,VALOR_SOFTWARE,EXPOST,META_ANUAL,FLAG_ESTADO) values ('27','7','2026','938,2','125,2',null,'824,6',null,null,'1');
Insert into MRVMM.T_GENM_ESCENARIO (ID_ESCENARIO,ID_MEDMIT,ANNO,BAU_EMISION,MIT_EMISION,REDUCCION,VALOR_SOFTWARE,EXPOST,META_ANUAL,FLAG_ESTADO) values ('28','7','2028','1520,1','181,4',null,'1278,3',null,null,'1');
Insert into MRVMM.T_GENM_ESCENARIO (ID_ESCENARIO,ID_MEDMIT,ANNO,BAU_EMISION,MIT_EMISION,REDUCCION,VALOR_SOFTWARE,EXPOST,META_ANUAL,FLAG_ESTADO) values ('29','7','2029','1772,3','219,5',null,'1521,4',null,null,'1');
Insert into MRVMM.T_GENM_ESCENARIO (ID_ESCENARIO,ID_MEDMIT,ANNO,BAU_EMISION,MIT_EMISION,REDUCCION,VALOR_SOFTWARE,EXPOST,META_ANUAL,FLAG_ESTADO) values ('30','7','2027','1479,8','150,2',null,'1023,7',null,null,'1');
Insert into MRVMM.T_GENM_ESCENARIO (ID_ESCENARIO,ID_MEDMIT,ANNO,BAU_EMISION,MIT_EMISION,REDUCCION,VALOR_SOFTWARE,EXPOST,META_ANUAL,FLAG_ESTADO) values ('31','7','2030','2122,2','273,8',null,'1931,7',null,null,'1');
Insert into MRVMM.T_GENM_ESCENARIO (ID_ESCENARIO,ID_MEDMIT,ANNO,BAU_EMISION,MIT_EMISION,REDUCCION,VALOR_SOFTWARE,EXPOST,META_ANUAL,FLAG_ESTADO) values ('32','9','2017','23','123','234','0','0','0','0');
REM INSERTING into MRVMM.T_GENM_FACTOR
SET DEFINE OFF;
Insert into MRVMM.T_GENM_FACTOR (ID_FACTOR,DESCRIPCION,SIGLA,FUNCION) values ('1','Factor Emision Base','F_BAU',null);
Insert into MRVMM.T_GENM_FACTOR (ID_FACTOR,DESCRIPCION,SIGLA,FUNCION) values ('2','Factor Electrico','F_ELE',null);
Insert into MRVMM.T_GENM_FACTOR (ID_FACTOR,DESCRIPCION,SIGLA,FUNCION) values ('3','Factor Emision Base','F_BAU',null);

REM INSERTING into MRVMM.T_GENM_INSTITUCION
SET DEFINE OFF;
Insert into MRVMM.T_GENM_INSTITUCION (ID_INSTITUCION,ID_SECTOR_INSTITUCION,RUC_INSTITUCION,NOMBRE_INSTITUCION,DIRECCION_INSTITUCION,FLAG_ESTADO) values ('381','1','20747364736','Cooperativa de ahorro','Av. Los rosales','1');
Insert into MRVMM.T_GENM_INSTITUCION (ID_INSTITUCION,ID_SECTOR_INSTITUCION,RUC_INSTITUCION,NOMBRE_INSTITUCION,DIRECCION_INSTITUCION,FLAG_ESTADO) values ('382','1','20389438473','Minerias Rojas','Av. San bartolo','1');
Insert into MRVMM.T_GENM_INSTITUCION (ID_INSTITUCION,ID_SECTOR_INSTITUCION,RUC_INSTITUCION,NOMBRE_INSTITUCION,DIRECCION_INSTITUCION,FLAG_ESTADO) values ('361','1','20334587643','Entidad Privada SAC','Av. Los rosales','1');
Insert into MRVMM.T_GENM_INSTITUCION (ID_INSTITUCION,ID_SECTOR_INSTITUCION,RUC_INSTITUCION,NOMBRE_INSTITUCION,DIRECCION_INSTITUCION,FLAG_ESTADO) values ('201','2','20601457262
','Grupo Zuñiga S.A.C.','Av. Caminos del Inca 3140 Of. 502 Surco',null);
Insert into MRVMM.T_GENM_INSTITUCION (ID_INSTITUCION,ID_SECTOR_INSTITUCION,RUC_INSTITUCION,NOMBRE_INSTITUCION,DIRECCION_INSTITUCION,FLAG_ESTADO) values ('42','1','20131368829','MINISTERIO DE ENERGIA Y MINAS','Av. De Las Artes Sur 260, San Borja 15036',null);
Insert into MRVMM.T_GENM_INSTITUCION (ID_INSTITUCION,ID_SECTOR_INSTITUCION,RUC_INSTITUCION,NOMBRE_INSTITUCION,DIRECCION_INSTITUCION,FLAG_ESTADO) values ('362','1','20547824613','Asociación Anónima SAC ','Av. Primaveras 211','1');
REM INSERTING into MRVMM.T_GENM_MEDMIT_ENERG
SET DEFINE OFF;
Insert into MRVMM.T_GENM_MEDMIT_ENERG (ID_MEDMIT_ENERG,ID_MEDMIT,ID_ENERG,FLAG_ESTADO) values ('1','1','2','1');
Insert into MRVMM.T_GENM_MEDMIT_ENERG (ID_MEDMIT_ENERG,ID_MEDMIT,ID_ENERG,FLAG_ESTADO) values ('2','2',null,'1');
Insert into MRVMM.T_GENM_MEDMIT_ENERG (ID_MEDMIT_ENERG,ID_MEDMIT,ID_ENERG,FLAG_ESTADO) values ('3','3','2','1');
Insert into MRVMM.T_GENM_MEDMIT_ENERG (ID_MEDMIT_ENERG,ID_MEDMIT,ID_ENERG,FLAG_ESTADO) values ('4','4',null,'1');
Insert into MRVMM.T_GENM_MEDMIT_ENERG (ID_MEDMIT_ENERG,ID_MEDMIT,ID_ENERG,FLAG_ESTADO) values ('5','5','2','1');
Insert into MRVMM.T_GENM_MEDMIT_ENERG (ID_MEDMIT_ENERG,ID_MEDMIT,ID_ENERG,FLAG_ESTADO) values ('6','6','2','1');
Insert into MRVMM.T_GENM_MEDMIT_ENERG (ID_MEDMIT_ENERG,ID_MEDMIT,ID_ENERG,FLAG_ESTADO) values ('7','7','2','1');
Insert into MRVMM.T_GENM_MEDMIT_ENERG (ID_MEDMIT_ENERG,ID_MEDMIT,ID_ENERG,FLAG_ESTADO) values ('8','8',null,'1');
Insert into MRVMM.T_GENM_MEDMIT_ENERG (ID_MEDMIT_ENERG,ID_MEDMIT,ID_ENERG,FLAG_ESTADO) values ('9','9','4','1');
Insert into MRVMM.T_GENM_MEDMIT_ENERG (ID_MEDMIT_ENERG,ID_MEDMIT,ID_ENERG,FLAG_ESTADO) values ('10','10',null,'1');
Insert into MRVMM.T_GENM_MEDMIT_ENERG (ID_MEDMIT_ENERG,ID_MEDMIT,ID_ENERG,FLAG_ESTADO) values ('11','11','4','1');
Insert into MRVMM.T_GENM_MEDMIT_ENERG (ID_MEDMIT_ENERG,ID_MEDMIT,ID_ENERG,FLAG_ESTADO) values ('12','12',null,'1');
REM INSERTING into MRVMM.T_GENM_MEDMIT_GEI
SET DEFINE OFF;
Insert into MRVMM.T_GENM_MEDMIT_GEI (ID_MEDMIT_GEI,ID_MEDMIT,ID_GEI,FLAG_ESTADO) values ('1','1','1','1');
Insert into MRVMM.T_GENM_MEDMIT_GEI (ID_MEDMIT_GEI,ID_MEDMIT,ID_GEI,FLAG_ESTADO) values ('2','1','2','1');
Insert into MRVMM.T_GENM_MEDMIT_GEI (ID_MEDMIT_GEI,ID_MEDMIT,ID_GEI,FLAG_ESTADO) values ('3','1','3','1');
Insert into MRVMM.T_GENM_MEDMIT_GEI (ID_MEDMIT_GEI,ID_MEDMIT,ID_GEI,FLAG_ESTADO) values ('4','2','1','1');
Insert into MRVMM.T_GENM_MEDMIT_GEI (ID_MEDMIT_GEI,ID_MEDMIT,ID_GEI,FLAG_ESTADO) values ('5','2','2','1');
Insert into MRVMM.T_GENM_MEDMIT_GEI (ID_MEDMIT_GEI,ID_MEDMIT,ID_GEI,FLAG_ESTADO) values ('6','2','3','1');
Insert into MRVMM.T_GENM_MEDMIT_GEI (ID_MEDMIT_GEI,ID_MEDMIT,ID_GEI,FLAG_ESTADO) values ('7','3','1','1');
Insert into MRVMM.T_GENM_MEDMIT_GEI (ID_MEDMIT_GEI,ID_MEDMIT,ID_GEI,FLAG_ESTADO) values ('8','3','2','1');
Insert into MRVMM.T_GENM_MEDMIT_GEI (ID_MEDMIT_GEI,ID_MEDMIT,ID_GEI,FLAG_ESTADO) values ('9','3','3','1');
Insert into MRVMM.T_GENM_MEDMIT_GEI (ID_MEDMIT_GEI,ID_MEDMIT,ID_GEI,FLAG_ESTADO) values ('10','4','1','1');
Insert into MRVMM.T_GENM_MEDMIT_GEI (ID_MEDMIT_GEI,ID_MEDMIT,ID_GEI,FLAG_ESTADO) values ('11','4','2','1');
Insert into MRVMM.T_GENM_MEDMIT_GEI (ID_MEDMIT_GEI,ID_MEDMIT,ID_GEI,FLAG_ESTADO) values ('12','4','3','1');
Insert into MRVMM.T_GENM_MEDMIT_GEI (ID_MEDMIT_GEI,ID_MEDMIT,ID_GEI,FLAG_ESTADO) values ('13','5','1','1');
Insert into MRVMM.T_GENM_MEDMIT_GEI (ID_MEDMIT_GEI,ID_MEDMIT,ID_GEI,FLAG_ESTADO) values ('14','5','2','1');
Insert into MRVMM.T_GENM_MEDMIT_GEI (ID_MEDMIT_GEI,ID_MEDMIT,ID_GEI,FLAG_ESTADO) values ('15','5','3','1');
Insert into MRVMM.T_GENM_MEDMIT_GEI (ID_MEDMIT_GEI,ID_MEDMIT,ID_GEI,FLAG_ESTADO) values ('16','6','1','1');
Insert into MRVMM.T_GENM_MEDMIT_GEI (ID_MEDMIT_GEI,ID_MEDMIT,ID_GEI,FLAG_ESTADO) values ('17','6','2','1');
Insert into MRVMM.T_GENM_MEDMIT_GEI (ID_MEDMIT_GEI,ID_MEDMIT,ID_GEI,FLAG_ESTADO) values ('18','6','3','1');
Insert into MRVMM.T_GENM_MEDMIT_GEI (ID_MEDMIT_GEI,ID_MEDMIT,ID_GEI,FLAG_ESTADO) values ('19','7','1','1');
Insert into MRVMM.T_GENM_MEDMIT_GEI (ID_MEDMIT_GEI,ID_MEDMIT,ID_GEI,FLAG_ESTADO) values ('20','7','2','1');
Insert into MRVMM.T_GENM_MEDMIT_GEI (ID_MEDMIT_GEI,ID_MEDMIT,ID_GEI,FLAG_ESTADO) values ('21','7','3','1');
Insert into MRVMM.T_GENM_MEDMIT_GEI (ID_MEDMIT_GEI,ID_MEDMIT,ID_GEI,FLAG_ESTADO) values ('22','8','1','1');
Insert into MRVMM.T_GENM_MEDMIT_GEI (ID_MEDMIT_GEI,ID_MEDMIT,ID_GEI,FLAG_ESTADO) values ('23','8','2','1');
Insert into MRVMM.T_GENM_MEDMIT_GEI (ID_MEDMIT_GEI,ID_MEDMIT,ID_GEI,FLAG_ESTADO) values ('24','8','3','1');
Insert into MRVMM.T_GENM_MEDMIT_GEI (ID_MEDMIT_GEI,ID_MEDMIT,ID_GEI,FLAG_ESTADO) values ('25','9','1','1');
Insert into MRVMM.T_GENM_MEDMIT_GEI (ID_MEDMIT_GEI,ID_MEDMIT,ID_GEI,FLAG_ESTADO) values ('26','10','1','1');
Insert into MRVMM.T_GENM_MEDMIT_GEI (ID_MEDMIT_GEI,ID_MEDMIT,ID_GEI,FLAG_ESTADO) values ('27','10','2','1');
Insert into MRVMM.T_GENM_MEDMIT_GEI (ID_MEDMIT_GEI,ID_MEDMIT,ID_GEI,FLAG_ESTADO) values ('28','10','3','1');
Insert into MRVMM.T_GENM_MEDMIT_GEI (ID_MEDMIT_GEI,ID_MEDMIT,ID_GEI,FLAG_ESTADO) values ('29','11','1','1');
Insert into MRVMM.T_GENM_MEDMIT_GEI (ID_MEDMIT_GEI,ID_MEDMIT,ID_GEI,FLAG_ESTADO) values ('30','12','1','1');
Insert into MRVMM.T_GENM_MEDMIT_GEI (ID_MEDMIT_GEI,ID_MEDMIT,ID_GEI,FLAG_ESTADO) values ('31','12','2','1');
Insert into MRVMM.T_GENM_MEDMIT_GEI (ID_MEDMIT_GEI,ID_MEDMIT,ID_GEI,FLAG_ESTADO) values ('32','12','3','1');
REM INSERTING into MRVMM.T_GENM_NOTIFICACION
SET DEFINE OFF;
Insert into MRVMM.T_GENM_NOTIFICACION (ID_NOTIFICACION,ID_INICIATIVA,ID_ETAPA,ID_ESTADO,FECHA_REGISTRO,ID_ROL,ID_USUARIO,FLG_VISTO,FECHA_VISTO,ID_USUARIO_VISTO,DESCRIPCION,ID_ESTADO_NOTIFICACION,ID_USUARIO_REMITENTE) values ('1284','664','1','1',to_date('24/04/20','DD/MM/RR'),'2','81','0',null,null,'La iniciativa de la entidad Cooperativa de ahorro ha sido registrado correctamente y requiere su revisión','0','320');
Insert into MRVMM.T_GENM_NOTIFICACION (ID_NOTIFICACION,ID_INICIATIVA,ID_ETAPA,ID_ESTADO,FECHA_REGISTRO,ID_ROL,ID_USUARIO,FLG_VISTO,FECHA_VISTO,ID_USUARIO_VISTO,DESCRIPCION,ID_ESTADO_NOTIFICACION,ID_USUARIO_REMITENTE) values ('1288','668','1','1',to_date('24/04/20','DD/MM/RR'),'2','81','0',null,null,'La iniciativa de la entidad Cooperativa de ahorro ha sido registrado correctamente y requiere su revisión','0','320');
Insert into MRVMM.T_GENM_NOTIFICACION (ID_NOTIFICACION,ID_INICIATIVA,ID_ETAPA,ID_ESTADO,FECHA_REGISTRO,ID_ROL,ID_USUARIO,FLG_VISTO,FECHA_VISTO,ID_USUARIO_VISTO,DESCRIPCION,ID_ESTADO_NOTIFICACION,ID_USUARIO_REMITENTE) values ('1289','669','1','1',to_date('24/04/20','DD/MM/RR'),'2','81','0',null,null,'La iniciativa de la entidad Cooperativa de ahorro ha sido registrado correctamente y requiere su revisión','0','320');
Insert into MRVMM.T_GENM_NOTIFICACION (ID_NOTIFICACION,ID_INICIATIVA,ID_ETAPA,ID_ESTADO,FECHA_REGISTRO,ID_ROL,ID_USUARIO,FLG_VISTO,FECHA_VISTO,ID_USUARIO_VISTO,DESCRIPCION,ID_ESTADO_NOTIFICACION,ID_USUARIO_REMITENTE) values ('1290','670','1','1',to_date('24/04/20','DD/MM/RR'),'2','81','0',null,null,'La iniciativa de la entidad Cooperativa de ahorro ha sido registrado correctamente y requiere su revisión','0','320');
Insert into MRVMM.T_GENM_NOTIFICACION (ID_NOTIFICACION,ID_INICIATIVA,ID_ETAPA,ID_ESTADO,FECHA_REGISTRO,ID_ROL,ID_USUARIO,FLG_VISTO,FECHA_VISTO,ID_USUARIO_VISTO,DESCRIPCION,ID_ESTADO_NOTIFICACION,ID_USUARIO_REMITENTE) values ('1291','671','1','1',to_date('24/04/20','DD/MM/RR'),'2','81','0',null,null,'La iniciativa de la entidad Cooperativa de ahorro ha sido registrado correctamente y requiere su revisión','0','320');
Insert into MRVMM.T_GENM_NOTIFICACION (ID_NOTIFICACION,ID_INICIATIVA,ID_ETAPA,ID_ESTADO,FECHA_REGISTRO,ID_ROL,ID_USUARIO,FLG_VISTO,FECHA_VISTO,ID_USUARIO_VISTO,DESCRIPCION,ID_ESTADO_NOTIFICACION,ID_USUARIO_REMITENTE) values ('1292','672','1','1',to_date('24/04/20','DD/MM/RR'),'2','81','0',null,null,'La iniciativa de la entidad Cooperativa de ahorro ha sido registrado correctamente y requiere su revisión','0','320');
Insert into MRVMM.T_GENM_NOTIFICACION (ID_NOTIFICACION,ID_INICIATIVA,ID_ETAPA,ID_ESTADO,FECHA_REGISTRO,ID_ROL,ID_USUARIO,FLG_VISTO,FECHA_VISTO,ID_USUARIO_VISTO,DESCRIPCION,ID_ESTADO_NOTIFICACION,ID_USUARIO_REMITENTE) values ('1293','661','2','3',to_date('24/04/20','DD/MM/RR'),'1','320','0',null,null,'Su iniciativa fue revisada y aprobada','3','81');
Insert into MRVMM.T_GENM_NOTIFICACION (ID_NOTIFICACION,ID_INICIATIVA,ID_ETAPA,ID_ESTADO,FECHA_REGISTRO,ID_ROL,ID_USUARIO,FLG_VISTO,FECHA_VISTO,ID_USUARIO_VISTO,DESCRIPCION,ID_ESTADO_NOTIFICACION,ID_USUARIO_REMITENTE) values ('1294','662','2','3',to_date('24/04/20','DD/MM/RR'),'1','320','0',null,null,'Su iniciativa fue revisada y aprobada','3','81');
Insert into MRVMM.T_GENM_NOTIFICACION (ID_NOTIFICACION,ID_INICIATIVA,ID_ETAPA,ID_ESTADO,FECHA_REGISTRO,ID_ROL,ID_USUARIO,FLG_VISTO,FECHA_VISTO,ID_USUARIO_VISTO,DESCRIPCION,ID_ESTADO_NOTIFICACION,ID_USUARIO_REMITENTE) values ('1295','663','2','3',to_date('24/04/20','DD/MM/RR'),'1','320','0',null,null,'Su iniciativa fue revisada y aprobada','3','81');
Insert into MRVMM.T_GENM_NOTIFICACION (ID_NOTIFICACION,ID_INICIATIVA,ID_ETAPA,ID_ESTADO,FECHA_REGISTRO,ID_ROL,ID_USUARIO,FLG_VISTO,FECHA_VISTO,ID_USUARIO_VISTO,DESCRIPCION,ID_ESTADO_NOTIFICACION,ID_USUARIO_REMITENTE) values ('1296','664','2','3',to_date('24/04/20','DD/MM/RR'),'1','320','0',null,null,'Su iniciativa fue revisada y aprobada','3','81');
Insert into MRVMM.T_GENM_NOTIFICACION (ID_NOTIFICACION,ID_INICIATIVA,ID_ETAPA,ID_ESTADO,FECHA_REGISTRO,ID_ROL,ID_USUARIO,FLG_VISTO,FECHA_VISTO,ID_USUARIO_VISTO,DESCRIPCION,ID_ESTADO_NOTIFICACION,ID_USUARIO_REMITENTE) values ('1297','665','2','3',to_date('24/04/20','DD/MM/RR'),'1','320','0',null,null,'Su iniciativa fue revisada y aprobada','3','81');
Insert into MRVMM.T_GENM_NOTIFICACION (ID_NOTIFICACION,ID_INICIATIVA,ID_ETAPA,ID_ESTADO,FECHA_REGISTRO,ID_ROL,ID_USUARIO,FLG_VISTO,FECHA_VISTO,ID_USUARIO_VISTO,DESCRIPCION,ID_ESTADO_NOTIFICACION,ID_USUARIO_REMITENTE) values ('1321','681','1','1',to_date('26/04/20','DD/MM/RR'),'2','81','0',null,null,'La iniciativa de la entidad MINISTERIO DE ENERGIA Y MINAS ha sido registrado correctamente y requiere su revisión','0','81');
Insert into MRVMM.T_GENM_NOTIFICACION (ID_NOTIFICACION,ID_INICIATIVA,ID_ETAPA,ID_ESTADO,FECHA_REGISTRO,ID_ROL,ID_USUARIO,FLG_VISTO,FECHA_VISTO,ID_USUARIO_VISTO,DESCRIPCION,ID_ESTADO_NOTIFICACION,ID_USUARIO_REMITENTE) values ('1322','681','2','3',to_date('26/04/20','DD/MM/RR'),'1','81','0',null,null,'Su iniciativa fue revisada y aprobada','3','81');
Insert into MRVMM.T_GENM_NOTIFICACION (ID_NOTIFICACION,ID_INICIATIVA,ID_ETAPA,ID_ESTADO,FECHA_REGISTRO,ID_ROL,ID_USUARIO,FLG_VISTO,FECHA_VISTO,ID_USUARIO_VISTO,DESCRIPCION,ID_ESTADO_NOTIFICACION,ID_USUARIO_REMITENTE) values ('1298','666','2','3',to_date('24/04/20','DD/MM/RR'),'1','320','0',null,null,'Su iniciativa fue revisada y aprobada','3','81');
Insert into MRVMM.T_GENM_NOTIFICACION (ID_NOTIFICACION,ID_INICIATIVA,ID_ETAPA,ID_ESTADO,FECHA_REGISTRO,ID_ROL,ID_USUARIO,FLG_VISTO,FECHA_VISTO,ID_USUARIO_VISTO,DESCRIPCION,ID_ESTADO_NOTIFICACION,ID_USUARIO_REMITENTE) values ('1299','667','2','3',to_date('24/04/20','DD/MM/RR'),'1','320','0',null,null,'Su iniciativa fue revisada y aprobada','3','81');
Insert into MRVMM.T_GENM_NOTIFICACION (ID_NOTIFICACION,ID_INICIATIVA,ID_ETAPA,ID_ESTADO,FECHA_REGISTRO,ID_ROL,ID_USUARIO,FLG_VISTO,FECHA_VISTO,ID_USUARIO_VISTO,DESCRIPCION,ID_ESTADO_NOTIFICACION,ID_USUARIO_REMITENTE) values ('1300','668','2','3',to_date('24/04/20','DD/MM/RR'),'1','320','0',null,null,'Su iniciativa fue revisada y aprobada','3','81');
Insert into MRVMM.T_GENM_NOTIFICACION (ID_NOTIFICACION,ID_INICIATIVA,ID_ETAPA,ID_ESTADO,FECHA_REGISTRO,ID_ROL,ID_USUARIO,FLG_VISTO,FECHA_VISTO,ID_USUARIO_VISTO,DESCRIPCION,ID_ESTADO_NOTIFICACION,ID_USUARIO_REMITENTE) values ('1301','669','2','3',to_date('24/04/20','DD/MM/RR'),'1','320','0',null,null,'Su iniciativa fue revisada y aprobada','3','81');
Insert into MRVMM.T_GENM_NOTIFICACION (ID_NOTIFICACION,ID_INICIATIVA,ID_ETAPA,ID_ESTADO,FECHA_REGISTRO,ID_ROL,ID_USUARIO,FLG_VISTO,FECHA_VISTO,ID_USUARIO_VISTO,DESCRIPCION,ID_ESTADO_NOTIFICACION,ID_USUARIO_REMITENTE) values ('1302','670','2','3',to_date('24/04/20','DD/MM/RR'),'1','320','0',null,null,'Su iniciativa fue revisada y aprobada','3','81');
Insert into MRVMM.T_GENM_NOTIFICACION (ID_NOTIFICACION,ID_INICIATIVA,ID_ETAPA,ID_ESTADO,FECHA_REGISTRO,ID_ROL,ID_USUARIO,FLG_VISTO,FECHA_VISTO,ID_USUARIO_VISTO,DESCRIPCION,ID_ESTADO_NOTIFICACION,ID_USUARIO_REMITENTE) values ('1303','671','2','3',to_date('24/04/20','DD/MM/RR'),'1','320','0',null,null,'Su iniciativa fue revisada y aprobada','3','81');
Insert into MRVMM.T_GENM_NOTIFICACION (ID_NOTIFICACION,ID_INICIATIVA,ID_ETAPA,ID_ESTADO,FECHA_REGISTRO,ID_ROL,ID_USUARIO,FLG_VISTO,FECHA_VISTO,ID_USUARIO_VISTO,DESCRIPCION,ID_ESTADO_NOTIFICACION,ID_USUARIO_REMITENTE) values ('1304','672','2','3',to_date('24/04/20','DD/MM/RR'),'1','320','0',null,null,'Su iniciativa fue revisada y aprobada','3','81');
Insert into MRVMM.T_GENM_NOTIFICACION (ID_NOTIFICACION,ID_INICIATIVA,ID_ETAPA,ID_ESTADO,FECHA_REGISTRO,ID_ROL,ID_USUARIO,FLG_VISTO,FECHA_VISTO,ID_USUARIO_VISTO,DESCRIPCION,ID_ESTADO_NOTIFICACION,ID_USUARIO_REMITENTE) values ('1323','682','1','1',to_date('27/04/20','DD/MM/RR'),'2','81','0',null,null,'La iniciativa de la entidad Grupo Zuñiga S.A.C. ha sido registrado correctamente y requiere su revisión','0','105');
Insert into MRVMM.T_GENM_NOTIFICACION (ID_NOTIFICACION,ID_INICIATIVA,ID_ETAPA,ID_ESTADO,FECHA_REGISTRO,ID_ROL,ID_USUARIO,FLG_VISTO,FECHA_VISTO,ID_USUARIO_VISTO,DESCRIPCION,ID_ESTADO_NOTIFICACION,ID_USUARIO_REMITENTE) values ('1324','682','2','3',to_date('27/04/20','DD/MM/RR'),'1','105','0',null,null,'Su iniciativa fue revisada y aprobada','3','81');
Insert into MRVMM.T_GENM_NOTIFICACION (ID_NOTIFICACION,ID_INICIATIVA,ID_ETAPA,ID_ESTADO,FECHA_REGISTRO,ID_ROL,ID_USUARIO,FLG_VISTO,FECHA_VISTO,ID_USUARIO_VISTO,DESCRIPCION,ID_ESTADO_NOTIFICACION,ID_USUARIO_REMITENTE) values ('1281','661','1','1',to_date('24/04/20','DD/MM/RR'),'2','81','0',null,null,'La iniciativa de la entidad Cooperativa de ahorro ha sido registrado correctamente y requiere su revisión','0','320');
Insert into MRVMM.T_GENM_NOTIFICACION (ID_NOTIFICACION,ID_INICIATIVA,ID_ETAPA,ID_ESTADO,FECHA_REGISTRO,ID_ROL,ID_USUARIO,FLG_VISTO,FECHA_VISTO,ID_USUARIO_VISTO,DESCRIPCION,ID_ESTADO_NOTIFICACION,ID_USUARIO_REMITENTE) values ('1282','662','1','1',to_date('24/04/20','DD/MM/RR'),'2','81','0',null,null,'La iniciativa de la entidad Cooperativa de ahorro ha sido registrado correctamente y requiere su revisión','0','320');
Insert into MRVMM.T_GENM_NOTIFICACION (ID_NOTIFICACION,ID_INICIATIVA,ID_ETAPA,ID_ESTADO,FECHA_REGISTRO,ID_ROL,ID_USUARIO,FLG_VISTO,FECHA_VISTO,ID_USUARIO_VISTO,DESCRIPCION,ID_ESTADO_NOTIFICACION,ID_USUARIO_REMITENTE) values ('1283','663','1','1',to_date('24/04/20','DD/MM/RR'),'2','81','0',null,null,'La iniciativa de la entidad Cooperativa de ahorro ha sido registrado correctamente y requiere su revisión','0','320');
Insert into MRVMM.T_GENM_NOTIFICACION (ID_NOTIFICACION,ID_INICIATIVA,ID_ETAPA,ID_ESTADO,FECHA_REGISTRO,ID_ROL,ID_USUARIO,FLG_VISTO,FECHA_VISTO,ID_USUARIO_VISTO,DESCRIPCION,ID_ESTADO_NOTIFICACION,ID_USUARIO_REMITENTE) values ('1238','641','3','2',to_date('31/03/20','DD/MM/RR'),'1','81','0',null,null,'corregir','1','81');
Insert into MRVMM.T_GENM_NOTIFICACION (ID_NOTIFICACION,ID_INICIATIVA,ID_ETAPA,ID_ESTADO,FECHA_REGISTRO,ID_ROL,ID_USUARIO,FLG_VISTO,FECHA_VISTO,ID_USUARIO_VISTO,DESCRIPCION,ID_ESTADO_NOTIFICACION,ID_USUARIO_REMITENTE) values ('1248','644','3','1',to_date('01/04/20','DD/MM/RR'),'2','81','0',null,null,'El usuario de la entidad Grupo Zuñiga S.A.C.ha registrado el/los detalle(s) de la Iniciativa (Reemplazo de lámparas de baja eficiencia por lámparas LED ), en espera de su revisión','0','105');
Insert into MRVMM.T_GENM_NOTIFICACION (ID_NOTIFICACION,ID_INICIATIVA,ID_ETAPA,ID_ESTADO,FECHA_REGISTRO,ID_ROL,ID_USUARIO,FLG_VISTO,FECHA_VISTO,ID_USUARIO_VISTO,DESCRIPCION,ID_ESTADO_NOTIFICACION,ID_USUARIO_REMITENTE) values ('1249','644','3','2',to_date('01/04/20','DD/MM/RR'),'1','81','0',null,null,'No esta bien el registro','1','81');
Insert into MRVMM.T_GENM_NOTIFICACION (ID_NOTIFICACION,ID_INICIATIVA,ID_ETAPA,ID_ESTADO,FECHA_REGISTRO,ID_ROL,ID_USUARIO,FLG_VISTO,FECHA_VISTO,ID_USUARIO_VISTO,DESCRIPCION,ID_ESTADO_NOTIFICACION,ID_USUARIO_REMITENTE) values ('1230','642','3','1',to_date('31/03/20','DD/MM/RR'),'2','104','0',null,null,'El usuario de la entidad Grupo Zuñiga S.A.C.ha registrado el/los detalle(s) de la Iniciativa (Vehículos eléctricos 20 ), en espera de su revisión','0','105');
Insert into MRVMM.T_GENM_NOTIFICACION (ID_NOTIFICACION,ID_INICIATIVA,ID_ETAPA,ID_ESTADO,FECHA_REGISTRO,ID_ROL,ID_USUARIO,FLG_VISTO,FECHA_VISTO,ID_USUARIO_VISTO,DESCRIPCION,ID_ESTADO_NOTIFICACION,ID_USUARIO_REMITENTE) values ('1237','641','3','1',to_date('31/03/20','DD/MM/RR'),'2','81','0',null,null,'El usuario de la entidad Grupo Zuñiga S.A.C.ha registrado el/los detalle(s) de la Iniciativa (Etiquetado de nuevas luces eficientes), en espera de su revisión','0','105');
Insert into MRVMM.T_GENM_NOTIFICACION (ID_NOTIFICACION,ID_INICIATIVA,ID_ETAPA,ID_ESTADO,FECHA_REGISTRO,ID_ROL,ID_USUARIO,FLG_VISTO,FECHA_VISTO,ID_USUARIO_VISTO,DESCRIPCION,ID_ESTADO_NOTIFICACION,ID_USUARIO_REMITENTE) values ('1255','644','8','2',to_date('01/04/20','DD/MM/RR'),'3','22','0',null,null,'revisar bien ','1','301');
Insert into MRVMM.T_GENM_NOTIFICACION (ID_NOTIFICACION,ID_INICIATIVA,ID_ETAPA,ID_ESTADO,FECHA_REGISTRO,ID_ROL,ID_USUARIO,FLG_VISTO,FECHA_VISTO,ID_USUARIO_VISTO,DESCRIPCION,ID_ESTADO_NOTIFICACION,ID_USUARIO_REMITENTE) values ('1261','647','3','1',to_date('01/04/20','DD/MM/RR'),'2','105','0',null,null,'La entidad Grupo Zuñiga S.A.C. ha corregido el detalle de indicadores correctamente y requiere su revisión','0','81');
Insert into MRVMM.T_GENM_NOTIFICACION (ID_NOTIFICACION,ID_INICIATIVA,ID_ETAPA,ID_ESTADO,FECHA_REGISTRO,ID_ROL,ID_USUARIO,FLG_VISTO,FECHA_VISTO,ID_USUARIO_VISTO,DESCRIPCION,ID_ESTADO_NOTIFICACION,ID_USUARIO_REMITENTE) values ('1225','642','1','1',to_date('31/03/20','DD/MM/RR'),'2','104','0',null,null,'La iniciativa de la entidad Grupo Zuñiga S.A.C. ha sido registrado correctamente y requiere su revisión','0','105');
Insert into MRVMM.T_GENM_NOTIFICACION (ID_NOTIFICACION,ID_INICIATIVA,ID_ETAPA,ID_ESTADO,FECHA_REGISTRO,ID_ROL,ID_USUARIO,FLG_VISTO,FECHA_VISTO,ID_USUARIO_VISTO,DESCRIPCION,ID_ESTADO_NOTIFICACION,ID_USUARIO_REMITENTE) values ('1260','644','4','2',to_date('01/04/20','DD/MM/RR'),'2','81','0',null,null,'corregir ','1','22');
Insert into MRVMM.T_GENM_NOTIFICACION (ID_NOTIFICACION,ID_INICIATIVA,ID_ETAPA,ID_ESTADO,FECHA_REGISTRO,ID_ROL,ID_USUARIO,FLG_VISTO,FECHA_VISTO,ID_USUARIO_VISTO,DESCRIPCION,ID_ESTADO_NOTIFICACION,ID_USUARIO_REMITENTE) values ('1258','647','3','1',to_date('01/04/20','DD/MM/RR'),'2','81','0',null,null,'El usuario de la entidad Grupo Zuñiga S.A.C.ha registrado el/los detalle(s) de la Iniciativa (Lamparas LED ), en espera de su revisión','0','105');
Insert into MRVMM.T_GENM_NOTIFICACION (ID_NOTIFICACION,ID_INICIATIVA,ID_ETAPA,ID_ESTADO,FECHA_REGISTRO,ID_ROL,ID_USUARIO,FLG_VISTO,FECHA_VISTO,ID_USUARIO_VISTO,DESCRIPCION,ID_ESTADO_NOTIFICACION,ID_USUARIO_REMITENTE) values ('1231','643','1','1',to_date('31/03/20','DD/MM/RR'),'2','241','0',null,null,'La iniciativa de la entidad Grupo Zuñiga S.A.C. ha sido registrado correctamente y requiere su revisión','0','105');
Insert into MRVMM.T_GENM_NOTIFICACION (ID_NOTIFICACION,ID_INICIATIVA,ID_ETAPA,ID_ESTADO,FECHA_REGISTRO,ID_ROL,ID_USUARIO,FLG_VISTO,FECHA_VISTO,ID_USUARIO_VISTO,DESCRIPCION,ID_ESTADO_NOTIFICACION,ID_USUARIO_REMITENTE) values ('1235','643','3','1',to_date('31/03/20','DD/MM/RR'),'2','241','0',null,null,'El usuario de la entidad Grupo Zuñiga S.A.C.ha registrado el/los detalle(s) de la Iniciativa (Cambio de luces LED en luces resildencial), en espera de su revisión','0','105');
Insert into MRVMM.T_GENM_NOTIFICACION (ID_NOTIFICACION,ID_INICIATIVA,ID_ETAPA,ID_ESTADO,FECHA_REGISTRO,ID_ROL,ID_USUARIO,FLG_VISTO,FECHA_VISTO,ID_USUARIO_VISTO,DESCRIPCION,ID_ESTADO_NOTIFICACION,ID_USUARIO_REMITENTE) values ('1267','644','5','3',to_date('01/04/20','DD/MM/RR'),'2','81','0',null,null,'Los detalles de indicadores y la iniciativa fueron revisados y aprobadas por el Administrador MINEM','3','22');
Insert into MRVMM.T_GENM_NOTIFICACION (ID_NOTIFICACION,ID_INICIATIVA,ID_ETAPA,ID_ESTADO,FECHA_REGISTRO,ID_ROL,ID_USUARIO,FLG_VISTO,FECHA_VISTO,ID_USUARIO_VISTO,DESCRIPCION,ID_ESTADO_NOTIFICACION,ID_USUARIO_REMITENTE) values ('1224','641','1','1',to_date('31/03/20','DD/MM/RR'),'2','81','0',null,null,'La iniciativa de la entidad Grupo Zuñiga S.A.C. ha sido registrado correctamente y requiere su revisión','0','105');
Insert into MRVMM.T_GENM_NOTIFICACION (ID_NOTIFICACION,ID_INICIATIVA,ID_ETAPA,ID_ESTADO,FECHA_REGISTRO,ID_ROL,ID_USUARIO,FLG_VISTO,FECHA_VISTO,ID_USUARIO_VISTO,DESCRIPCION,ID_ESTADO_NOTIFICACION,ID_USUARIO_REMITENTE) values ('1226','641','2','3',to_date('31/03/20','DD/MM/RR'),'1','105','0',null,null,'Su iniciativa fue revisada y aprobada','3','81');
Insert into MRVMM.T_GENM_NOTIFICACION (ID_NOTIFICACION,ID_INICIATIVA,ID_ETAPA,ID_ESTADO,FECHA_REGISTRO,ID_ROL,ID_USUARIO,FLG_VISTO,FECHA_VISTO,ID_USUARIO_VISTO,DESCRIPCION,ID_ESTADO_NOTIFICACION,ID_USUARIO_REMITENTE) values ('1227','642','1','2',to_date('31/03/20','DD/MM/RR'),'1','105','0',null,null,'no bien','1','81');
Insert into MRVMM.T_GENM_NOTIFICACION (ID_NOTIFICACION,ID_INICIATIVA,ID_ETAPA,ID_ESTADO,FECHA_REGISTRO,ID_ROL,ID_USUARIO,FLG_VISTO,FECHA_VISTO,ID_USUARIO_VISTO,DESCRIPCION,ID_ESTADO_NOTIFICACION,ID_USUARIO_REMITENTE) values ('1229','642','2','3',to_date('31/03/20','DD/MM/RR'),'1','105','0',null,null,'Su iniciativa fue revisada y aprobada','3','81');
Insert into MRVMM.T_GENM_NOTIFICACION (ID_NOTIFICACION,ID_INICIATIVA,ID_ETAPA,ID_ESTADO,FECHA_REGISTRO,ID_ROL,ID_USUARIO,FLG_VISTO,FECHA_VISTO,ID_USUARIO_VISTO,DESCRIPCION,ID_ESTADO_NOTIFICACION,ID_USUARIO_REMITENTE) values ('1242','643','5','3',to_date('01/04/20','DD/MM/RR'),'2','241','0',null,null,'Los detalles de indicadores y la iniciativa fueron revisados y aprobadas por el Administrador MINEM','3','22');
Insert into MRVMM.T_GENM_NOTIFICACION (ID_NOTIFICACION,ID_INICIATIVA,ID_ETAPA,ID_ESTADO,FECHA_REGISTRO,ID_ROL,ID_USUARIO,FLG_VISTO,FECHA_VISTO,ID_USUARIO_VISTO,DESCRIPCION,ID_ESTADO_NOTIFICACION,ID_USUARIO_REMITENTE) values ('1243','642','5','3',to_date('01/04/20','DD/MM/RR'),'2','104','0',null,null,'Los detalles de indicadores y la iniciativa fueron revisados y aprobadas por el Administrador MINEM','3','22');
Insert into MRVMM.T_GENM_NOTIFICACION (ID_NOTIFICACION,ID_INICIATIVA,ID_ETAPA,ID_ESTADO,FECHA_REGISTRO,ID_ROL,ID_USUARIO,FLG_VISTO,FECHA_VISTO,ID_USUARIO_VISTO,DESCRIPCION,ID_ESTADO_NOTIFICACION,ID_USUARIO_REMITENTE) values ('1250','644','3','1',to_date('01/04/20','DD/MM/RR'),'2','105','0',null,null,'La entidad Grupo Zuñiga S.A.C. ha corregido el detalle de indicadores correctamente y requiere su revisión','0','81');
Insert into MRVMM.T_GENM_NOTIFICACION (ID_NOTIFICACION,ID_INICIATIVA,ID_ETAPA,ID_ESTADO,FECHA_REGISTRO,ID_ROL,ID_USUARIO,FLG_VISTO,FECHA_VISTO,ID_USUARIO_VISTO,DESCRIPCION,ID_ESTADO_NOTIFICACION,ID_USUARIO_REMITENTE) values ('1251','646','1','1',to_date('01/04/20','DD/MM/RR'),'2','104','0',null,null,'La iniciativa de la entidad Grupo Zuñiga S.A.C. ha sido registrado correctamente y requiere su revisión','0','105');
Insert into MRVMM.T_GENM_NOTIFICACION (ID_NOTIFICACION,ID_INICIATIVA,ID_ETAPA,ID_ESTADO,FECHA_REGISTRO,ID_ROL,ID_USUARIO,FLG_VISTO,FECHA_VISTO,ID_USUARIO_VISTO,DESCRIPCION,ID_ESTADO_NOTIFICACION,ID_USUARIO_REMITENTE) values ('1252','644','4','3',to_date('01/04/20','DD/MM/RR'),'1','105','0',null,null,'Los detalles de indicadores de su iniciativa fueron revisadas y aprobadas','3','81');
Insert into MRVMM.T_GENM_NOTIFICACION (ID_NOTIFICACION,ID_INICIATIVA,ID_ETAPA,ID_ESTADO,FECHA_REGISTRO,ID_ROL,ID_USUARIO,FLG_VISTO,FECHA_VISTO,ID_USUARIO_VISTO,DESCRIPCION,ID_ESTADO_NOTIFICACION,ID_USUARIO_REMITENTE) values ('1253','644','5','1',to_date('01/04/20','DD/MM/RR'),'3','261','0',null,null,'La iniciativa y el detalle de indicadores de la entidad Grupo Zuñiga S.A.C. fueron revisadas y aprobadas, y estan a la espera de su revisión','0','81');
Insert into MRVMM.T_GENM_NOTIFICACION (ID_NOTIFICACION,ID_INICIATIVA,ID_ETAPA,ID_ESTADO,FECHA_REGISTRO,ID_ROL,ID_USUARIO,FLG_VISTO,FECHA_VISTO,ID_USUARIO_VISTO,DESCRIPCION,ID_ESTADO_NOTIFICACION,ID_USUARIO_REMITENTE) values ('1254','644','5','3',to_date('01/04/20','DD/MM/RR'),'2','81','0',null,null,'Los detalles de indicadores y la iniciativa fueron revisados y aprobadas por el Administrador MINEM','3','22');
Insert into MRVMM.T_GENM_NOTIFICACION (ID_NOTIFICACION,ID_INICIATIVA,ID_ETAPA,ID_ESTADO,FECHA_REGISTRO,ID_ROL,ID_USUARIO,FLG_VISTO,FECHA_VISTO,ID_USUARIO_VISTO,DESCRIPCION,ID_ESTADO_NOTIFICACION,ID_USUARIO_REMITENTE) values ('1256','647','1','1',to_date('01/04/20','DD/MM/RR'),'2','81','0',null,null,'La iniciativa de la entidad Grupo Zuñiga S.A.C. ha sido registrado correctamente y requiere su revisión','0','105');
Insert into MRVMM.T_GENM_NOTIFICACION (ID_NOTIFICACION,ID_INICIATIVA,ID_ETAPA,ID_ESTADO,FECHA_REGISTRO,ID_ROL,ID_USUARIO,FLG_VISTO,FECHA_VISTO,ID_USUARIO_VISTO,DESCRIPCION,ID_ESTADO_NOTIFICACION,ID_USUARIO_REMITENTE) values ('1257','647','2','3',to_date('01/04/20','DD/MM/RR'),'1','105','0',null,null,'Su iniciativa fue revisada y aprobada','3','81');
Insert into MRVMM.T_GENM_NOTIFICACION (ID_NOTIFICACION,ID_INICIATIVA,ID_ETAPA,ID_ESTADO,FECHA_REGISTRO,ID_ROL,ID_USUARIO,FLG_VISTO,FECHA_VISTO,ID_USUARIO_VISTO,DESCRIPCION,ID_ESTADO_NOTIFICACION,ID_USUARIO_REMITENTE) values ('1259','647','3','2',to_date('01/04/20','DD/MM/RR'),'1','81','0',null,null,'corregir','1','81');
Insert into MRVMM.T_GENM_NOTIFICACION (ID_NOTIFICACION,ID_INICIATIVA,ID_ETAPA,ID_ESTADO,FECHA_REGISTRO,ID_ROL,ID_USUARIO,FLG_VISTO,FECHA_VISTO,ID_USUARIO_VISTO,DESCRIPCION,ID_ESTADO_NOTIFICACION,ID_USUARIO_REMITENTE) values ('1262','647','4','3',to_date('01/04/20','DD/MM/RR'),'1','105','0',null,null,'Los detalles de indicadores de su iniciativa fueron revisadas y aprobadas','3','81');
Insert into MRVMM.T_GENM_NOTIFICACION (ID_NOTIFICACION,ID_INICIATIVA,ID_ETAPA,ID_ESTADO,FECHA_REGISTRO,ID_ROL,ID_USUARIO,FLG_VISTO,FECHA_VISTO,ID_USUARIO_VISTO,DESCRIPCION,ID_ESTADO_NOTIFICACION,ID_USUARIO_REMITENTE) values ('1263','647','5','1',to_date('01/04/20','DD/MM/RR'),'3','261','0',null,null,'La iniciativa y el detalle de indicadores de la entidad Grupo Zuñiga S.A.C. fueron revisadas y aprobadas, y estan a la espera de su revisión','0','81');
Insert into MRVMM.T_GENM_NOTIFICACION (ID_NOTIFICACION,ID_INICIATIVA,ID_ETAPA,ID_ESTADO,FECHA_REGISTRO,ID_ROL,ID_USUARIO,FLG_VISTO,FECHA_VISTO,ID_USUARIO_VISTO,DESCRIPCION,ID_ESTADO_NOTIFICACION,ID_USUARIO_REMITENTE) values ('1264','644','4','3',to_date('01/04/20','DD/MM/RR'),'1','105','0',null,null,'Los detalles de indicadores de su iniciativa fueron revisadas y aprobadas','3','81');
Insert into MRVMM.T_GENM_NOTIFICACION (ID_NOTIFICACION,ID_INICIATIVA,ID_ETAPA,ID_ESTADO,FECHA_REGISTRO,ID_ROL,ID_USUARIO,FLG_VISTO,FECHA_VISTO,ID_USUARIO_VISTO,DESCRIPCION,ID_ESTADO_NOTIFICACION,ID_USUARIO_REMITENTE) values ('1265','644','5','1',to_date('01/04/20','DD/MM/RR'),'3','261','0',null,null,'La iniciativa y el detalle de indicadores de la entidad Grupo Zuñiga S.A.C. fueron revisadas y aprobadas, y estan a la espera de su revisión','0','81');
Insert into MRVMM.T_GENM_NOTIFICACION (ID_NOTIFICACION,ID_INICIATIVA,ID_ETAPA,ID_ESTADO,FECHA_REGISTRO,ID_ROL,ID_USUARIO,FLG_VISTO,FECHA_VISTO,ID_USUARIO_VISTO,DESCRIPCION,ID_ESTADO_NOTIFICACION,ID_USUARIO_REMITENTE) values ('1266','647','5','3',to_date('01/04/20','DD/MM/RR'),'2','81','0',null,null,'Los detalles de indicadores y la iniciativa fueron revisados y aprobadas por el Administrador MINEM','3','22');
Insert into MRVMM.T_GENM_NOTIFICACION (ID_NOTIFICACION,ID_INICIATIVA,ID_ETAPA,ID_ESTADO,FECHA_REGISTRO,ID_ROL,ID_USUARIO,FLG_VISTO,FECHA_VISTO,ID_USUARIO_VISTO,DESCRIPCION,ID_ESTADO_NOTIFICACION,ID_USUARIO_REMITENTE) values ('1268','644','7','3',to_date('01/04/20','DD/MM/RR'),'3','22','0',null,null,'Los detalles de indicadores y la iniciativa fueron revisados y aprobadas por el Verificador Externo','3','301');
Insert into MRVMM.T_GENM_NOTIFICACION (ID_NOTIFICACION,ID_INICIATIVA,ID_ETAPA,ID_ESTADO,FECHA_REGISTRO,ID_ROL,ID_USUARIO,FLG_VISTO,FECHA_VISTO,ID_USUARIO_VISTO,DESCRIPCION,ID_ESTADO_NOTIFICACION,ID_USUARIO_REMITENTE) values ('1233','642','4','3',to_date('31/03/20','DD/MM/RR'),'1','105','0',null,null,'Los detalles de indicadores de su iniciativa fueron revisadas y aprobadas','3','81');
Insert into MRVMM.T_GENM_NOTIFICACION (ID_NOTIFICACION,ID_INICIATIVA,ID_ETAPA,ID_ESTADO,FECHA_REGISTRO,ID_ROL,ID_USUARIO,FLG_VISTO,FECHA_VISTO,ID_USUARIO_VISTO,DESCRIPCION,ID_ESTADO_NOTIFICACION,ID_USUARIO_REMITENTE) values ('1234','642','5','1',to_date('31/03/20','DD/MM/RR'),'3','261','0',null,null,'La iniciativa y el detalle de indicadores de la entidad Grupo Zuñiga S.A.C. fueron revisadas y aprobadas, y estan a la espera de su revisión','0','81');
Insert into MRVMM.T_GENM_NOTIFICACION (ID_NOTIFICACION,ID_INICIATIVA,ID_ETAPA,ID_ESTADO,FECHA_REGISTRO,ID_ROL,ID_USUARIO,FLG_VISTO,FECHA_VISTO,ID_USUARIO_VISTO,DESCRIPCION,ID_ESTADO_NOTIFICACION,ID_USUARIO_REMITENTE) values ('1236','643','3','2',to_date('31/03/20','DD/MM/RR'),'1','241','0',null,null,'corrige','1','81');
Insert into MRVMM.T_GENM_NOTIFICACION (ID_NOTIFICACION,ID_INICIATIVA,ID_ETAPA,ID_ESTADO,FECHA_REGISTRO,ID_ROL,ID_USUARIO,FLG_VISTO,FECHA_VISTO,ID_USUARIO_VISTO,DESCRIPCION,ID_ESTADO_NOTIFICACION,ID_USUARIO_REMITENTE) values ('1239','643','3','1',to_date('31/03/20','DD/MM/RR'),'2','105','0',null,null,'La entidad Grupo Zuñiga S.A.C. ha corregido el detalle de indicadores correctamente y requiere su revisión','0','241');
Insert into MRVMM.T_GENM_NOTIFICACION (ID_NOTIFICACION,ID_INICIATIVA,ID_ETAPA,ID_ESTADO,FECHA_REGISTRO,ID_ROL,ID_USUARIO,FLG_VISTO,FECHA_VISTO,ID_USUARIO_VISTO,DESCRIPCION,ID_ESTADO_NOTIFICACION,ID_USUARIO_REMITENTE) values ('1240','643','4','3',to_date('31/03/20','DD/MM/RR'),'1','105','0',null,null,'Los detalles de indicadores de su iniciativa fueron revisadas y aprobadas','3','81');
Insert into MRVMM.T_GENM_NOTIFICACION (ID_NOTIFICACION,ID_INICIATIVA,ID_ETAPA,ID_ESTADO,FECHA_REGISTRO,ID_ROL,ID_USUARIO,FLG_VISTO,FECHA_VISTO,ID_USUARIO_VISTO,DESCRIPCION,ID_ESTADO_NOTIFICACION,ID_USUARIO_REMITENTE) values ('1241','643','5','1',to_date('31/03/20','DD/MM/RR'),'3','261','0',null,null,'La iniciativa y el detalle de indicadores de la entidad Grupo Zuñiga S.A.C. fueron revisadas y aprobadas, y estan a la espera de su revisión','0','81');
Insert into MRVMM.T_GENM_NOTIFICACION (ID_NOTIFICACION,ID_INICIATIVA,ID_ETAPA,ID_ESTADO,FECHA_REGISTRO,ID_ROL,ID_USUARIO,FLG_VISTO,FECHA_VISTO,ID_USUARIO_VISTO,DESCRIPCION,ID_ESTADO_NOTIFICACION,ID_USUARIO_REMITENTE) values ('1244','642','7','3',to_date('01/04/20','DD/MM/RR'),'3','22','0',null,null,'Los detalles de indicadores y la iniciativa fueron revisados y aprobadas por el Verificador Externo','3','301');
Insert into MRVMM.T_GENM_NOTIFICACION (ID_NOTIFICACION,ID_INICIATIVA,ID_ETAPA,ID_ESTADO,FECHA_REGISTRO,ID_ROL,ID_USUARIO,FLG_VISTO,FECHA_VISTO,ID_USUARIO_VISTO,DESCRIPCION,ID_ESTADO_NOTIFICACION,ID_USUARIO_REMITENTE) values ('1245','644','1','1',to_date('01/04/20','DD/MM/RR'),'2','0','0',null,null,'La iniciativa de la entidad Grupo Zuñiga S.A.C. ha sido registrado correctamente y requiere su revisión','0','105');
Insert into MRVMM.T_GENM_NOTIFICACION (ID_NOTIFICACION,ID_INICIATIVA,ID_ETAPA,ID_ESTADO,FECHA_REGISTRO,ID_ROL,ID_USUARIO,FLG_VISTO,FECHA_VISTO,ID_USUARIO_VISTO,DESCRIPCION,ID_ESTADO_NOTIFICACION,ID_USUARIO_REMITENTE) values ('1246','645','1','1',to_date('01/04/20','DD/MM/RR'),'2','241','0',null,null,'La iniciativa de la entidad Grupo Zuñiga S.A.C. ha sido registrado correctamente y requiere su revisión','0','105');
Insert into MRVMM.T_GENM_NOTIFICACION (ID_NOTIFICACION,ID_INICIATIVA,ID_ETAPA,ID_ESTADO,FECHA_REGISTRO,ID_ROL,ID_USUARIO,FLG_VISTO,FECHA_VISTO,ID_USUARIO_VISTO,DESCRIPCION,ID_ESTADO_NOTIFICACION,ID_USUARIO_REMITENTE) values ('1247','644','2','3',to_date('01/04/20','DD/MM/RR'),'1','105','0',null,null,'Su iniciativa fue revisada y aprobada','3','81');
Insert into MRVMM.T_GENM_NOTIFICACION (ID_NOTIFICACION,ID_INICIATIVA,ID_ETAPA,ID_ESTADO,FECHA_REGISTRO,ID_ROL,ID_USUARIO,FLG_VISTO,FECHA_VISTO,ID_USUARIO_VISTO,DESCRIPCION,ID_ESTADO_NOTIFICACION,ID_USUARIO_REMITENTE) values ('1228','642','1','5',to_date('31/03/20','DD/MM/RR'),'2','104','0',null,null,'La iniciativa de la entidad Grupo Zuñiga S.A.C. ha sido subsanado correctamente y requiere su revisión','0','105');
Insert into MRVMM.T_GENM_NOTIFICACION (ID_NOTIFICACION,ID_INICIATIVA,ID_ETAPA,ID_ESTADO,FECHA_REGISTRO,ID_ROL,ID_USUARIO,FLG_VISTO,FECHA_VISTO,ID_USUARIO_VISTO,DESCRIPCION,ID_ESTADO_NOTIFICACION,ID_USUARIO_REMITENTE) values ('1232','643','2','3',to_date('31/03/20','DD/MM/RR'),'1','105','0',null,null,'Su iniciativa fue revisada y aprobada','3','81');
Insert into MRVMM.T_GENM_NOTIFICACION (ID_NOTIFICACION,ID_INICIATIVA,ID_ETAPA,ID_ESTADO,FECHA_REGISTRO,ID_ROL,ID_USUARIO,FLG_VISTO,FECHA_VISTO,ID_USUARIO_VISTO,DESCRIPCION,ID_ESTADO_NOTIFICACION,ID_USUARIO_REMITENTE) values ('1285','665','1','1',to_date('24/04/20','DD/MM/RR'),'2','81','0',null,null,'La iniciativa de la entidad Cooperativa de ahorro ha sido registrado correctamente y requiere su revisión','0','320');
Insert into MRVMM.T_GENM_NOTIFICACION (ID_NOTIFICACION,ID_INICIATIVA,ID_ETAPA,ID_ESTADO,FECHA_REGISTRO,ID_ROL,ID_USUARIO,FLG_VISTO,FECHA_VISTO,ID_USUARIO_VISTO,DESCRIPCION,ID_ESTADO_NOTIFICACION,ID_USUARIO_REMITENTE) values ('1286','666','1','1',to_date('24/04/20','DD/MM/RR'),'2','81','0',null,null,'La iniciativa de la entidad Cooperativa de ahorro ha sido registrado correctamente y requiere su revisión','0','320');
Insert into MRVMM.T_GENM_NOTIFICACION (ID_NOTIFICACION,ID_INICIATIVA,ID_ETAPA,ID_ESTADO,FECHA_REGISTRO,ID_ROL,ID_USUARIO,FLG_VISTO,FECHA_VISTO,ID_USUARIO_VISTO,DESCRIPCION,ID_ESTADO_NOTIFICACION,ID_USUARIO_REMITENTE) values ('1287','667','1','1',to_date('24/04/20','DD/MM/RR'),'2','81','0',null,null,'La iniciativa de la entidad Cooperativa de ahorro ha sido registrado correctamente y requiere su revisión','0','320');
REM INSERTING into MRVMM.T_GENM_USUARIO
SET DEFINE OFF;
Insert into MRVMM.T_GENM_USUARIO (ID_USUARIO,NOMBRES_USUARIO,APELLIDOS_USUARIO,ID_INSTITUCION,PASSWORD_USUARIO,EMAIL_USUARIO,ID_ESTADO_USUARIO,TELEFONO_USUARIO,CELULAR_USUARIO,FLG_ESTADO,ID_TERMINOS,FLG_TERMINOS,ANEXO_USUARIO,PRIMER_INICIO,ADJUNTO,ADJUNTO_BASE) values ('320','Veronica            ','Perez ','381','AP697qdtPFwfbz6ZzNcDbiG6qB/fJWNnnjLE2EdDmE6Zl2RGfR6upysXTZxjctRCBg==','lidino06@gmail.com','1','012347567','9845647361','1','1','1','3456','0',null,null);
Insert into MRVMM.T_GENM_USUARIO (ID_USUARIO,NOMBRES_USUARIO,APELLIDOS_USUARIO,ID_INSTITUCION,PASSWORD_USUARIO,EMAIL_USUARIO,ID_ESTADO_USUARIO,TELEFONO_USUARIO,CELULAR_USUARIO,FLG_ESTADO,ID_TERMINOS,FLG_TERMINOS,ANEXO_USUARIO,PRIMER_INICIO,ADJUNTO,ADJUNTO_BASE) values ('321','Alfredo             ','Romero Rojas','382','ANepezZHhdoPfh8weWYemBRQtbXmgjbfKq2Mp78FKr1FD4HgsCZSlmiz12FnFYvQjA==','alfredotrelles97@gmail.com','0','017373736','987374636','1','1','1','3356','1',null,null);
Insert into MRVMM.T_GENM_USUARIO (ID_USUARIO,NOMBRES_USUARIO,APELLIDOS_USUARIO,ID_INSTITUCION,PASSWORD_USUARIO,EMAIL_USUARIO,ID_ESTADO_USUARIO,TELEFONO_USUARIO,CELULAR_USUARIO,FLG_ESTADO,ID_TERMINOS,FLG_TERMINOS,ANEXO_USUARIO,PRIMER_INICIO,ADJUNTO,ADJUNTO_BASE) values ('105','Anibal              ','Roman','201','AK6/N7RQH5kHaUb1RDlVFzBkupiWnfger8B3053UodvdNnMdZqCWYcQs17U2i9Cujw==','anibal.roman@gmail.com','1','993578700','963353610','1','1','1','101','0',null,null);
Insert into MRVMM.T_GENM_USUARIO (ID_USUARIO,NOMBRES_USUARIO,APELLIDOS_USUARIO,ID_INSTITUCION,PASSWORD_USUARIO,EMAIL_USUARIO,ID_ESTADO_USUARIO,TELEFONO_USUARIO,CELULAR_USUARIO,FLG_ESTADO,ID_TERMINOS,FLG_TERMINOS,ANEXO_USUARIO,PRIMER_INICIO,ADJUNTO,ADJUNTO_BASE) values ('22','Carlos              ','Galdos','42','AK6/N7RQH5kHaUb1RDlVFzBkupiWnfger8B3053UodvdNnMdZqCWYcQs17U2i9Cujw==','carlos@grupo-zuniga.com','1','8976665','990765476','1','1','1',null,null,null,null);
Insert into MRVMM.T_GENM_USUARIO (ID_USUARIO,NOMBRES_USUARIO,APELLIDOS_USUARIO,ID_INSTITUCION,PASSWORD_USUARIO,EMAIL_USUARIO,ID_ESTADO_USUARIO,TELEFONO_USUARIO,CELULAR_USUARIO,FLG_ESTADO,ID_TERMINOS,FLG_TERMINOS,ANEXO_USUARIO,PRIMER_INICIO,ADJUNTO,ADJUNTO_BASE) values ('81','Alfonso             ','Cordova','42','AK6/N7RQH5kHaUb1RDlVFzBkupiWnfger8B3053UodvdNnMdZqCWYcQs17U2i9Cujw==','alfonso@grupo-zuniga.com','1','93578701','965488888','1','1','1','565601',null,null,null);
Insert into MRVMM.T_GENM_USUARIO (ID_USUARIO,NOMBRES_USUARIO,APELLIDOS_USUARIO,ID_INSTITUCION,PASSWORD_USUARIO,EMAIL_USUARIO,ID_ESTADO_USUARIO,TELEFONO_USUARIO,CELULAR_USUARIO,FLG_ESTADO,ID_TERMINOS,FLG_TERMINOS,ANEXO_USUARIO,PRIMER_INICIO,ADJUNTO,ADJUNTO_BASE) values ('301','Pedro               ','Infante','362','AC1NBSoAUIq6lMky4g66ZAJKMIjCA3TB0k5mtl4B97VbtUwvZTPsblKE0/dnjG4BOg==','pedro@grupo-zuniga.com','1','1234567','984321452','1','1','1','2367','0',null,null);
Insert into MRVMM.T_GENM_USUARIO (ID_USUARIO,NOMBRES_USUARIO,APELLIDOS_USUARIO,ID_INSTITUCION,PASSWORD_USUARIO,EMAIL_USUARIO,ID_ESTADO_USUARIO,TELEFONO_USUARIO,CELULAR_USUARIO,FLG_ESTADO,ID_TERMINOS,FLG_TERMINOS,ANEXO_USUARIO,PRIMER_INICIO,ADJUNTO,ADJUNTO_BASE) values ('300','Juan                ','Soto','361','ADF9/nKXaKmhcW9VKJIYbYpHMg62lY29wF9EhYaZ2FS+E47xtYcU00zJP8XwVXfPPg==','juan@grupo-zuniga.com','1','1234567','987654321','1','1','1','4738','0',null,null);
REM INSERTING into MRVMM.T_GENM_VARIABLE
SET DEFINE OFF;
Insert into MRVMM.T_GENM_VARIABLE (ID_VARIABLE,DESCRIPCION,SIGLA) values ('1','Kilometros Recorridos Vehiculo (base)','KRV');
Insert into MRVMM.T_GENM_VARIABLE (ID_VARIABLE,DESCRIPCION,SIGLA) values ('2','Numero de Vehiculos','N');
Insert into MRVMM.T_GENM_VARIABLE (ID_VARIABLE,DESCRIPCION,SIGLA) values ('3','Consumo de Electricidad','E');
REM INSERTING into MRVMM.T_GENM_VARIANTE
SET DEFINE OFF;
Insert into MRVMM.T_GENM_VARIANTE (ID_VARIANTE,DESCRIPCION,SIGLA) values ('1','Tipo de Vehiculos','TipoVeh');
Insert into MRVMM.T_GENM_VARIANTE (ID_VARIANTE,DESCRIPCION,SIGLA) values ('2','Tipo de Combustible','TipoCombus');
Insert into MRVMM.T_GENM_VARIANTE (ID_VARIANTE,DESCRIPCION,SIGLA) values ('3','Año Iniciativa','Anno');
Insert into MRVMM.T_GENM_VARIANTE (ID_VARIANTE,DESCRIPCION,SIGLA) values ('4','Tipo de Vehiculos','Tipo_Vehic');
Insert into MRVMM.T_GENM_VARIANTE (ID_VARIANTE,DESCRIPCION,SIGLA) values ('5','Tipo de Combustible','Tipo_Combus');
Insert into MRVMM.T_GENM_VARIANTE (ID_VARIANTE,DESCRIPCION,SIGLA) values ('6','Año Iniciativa','Año');
REM INSERTING into MRVMM.T_MAE_ANNO
SET DEFINE OFF;
Insert into MRVMM.T_MAE_ANNO (ID_ANNO,DESCRIPCION,FLG_ESTADO) values ('1','2010','1');
Insert into MRVMM.T_MAE_ANNO (ID_ANNO,DESCRIPCION,FLG_ESTADO) values ('2','2011','1');
Insert into MRVMM.T_MAE_ANNO (ID_ANNO,DESCRIPCION,FLG_ESTADO) values ('3','2012','1');
Insert into MRVMM.T_MAE_ANNO (ID_ANNO,DESCRIPCION,FLG_ESTADO) values ('4','2013','1');
Insert into MRVMM.T_MAE_ANNO (ID_ANNO,DESCRIPCION,FLG_ESTADO) values ('5','2014','1');
Insert into MRVMM.T_MAE_ANNO (ID_ANNO,DESCRIPCION,FLG_ESTADO) values ('6','2015','1');
Insert into MRVMM.T_MAE_ANNO (ID_ANNO,DESCRIPCION,FLG_ESTADO) values ('7','2016','1');
Insert into MRVMM.T_MAE_ANNO (ID_ANNO,DESCRIPCION,FLG_ESTADO) values ('8','2017','1');
Insert into MRVMM.T_MAE_ANNO (ID_ANNO,DESCRIPCION,FLG_ESTADO) values ('9','2018','1');
Insert into MRVMM.T_MAE_ANNO (ID_ANNO,DESCRIPCION,FLG_ESTADO) values ('10','2019','1');
Insert into MRVMM.T_MAE_ANNO (ID_ANNO,DESCRIPCION,FLG_ESTADO) values ('11','2020','1');
Insert into MRVMM.T_MAE_ANNO (ID_ANNO,DESCRIPCION,FLG_ESTADO) values ('12','2021','1');
Insert into MRVMM.T_MAE_ANNO (ID_ANNO,DESCRIPCION,FLG_ESTADO) values ('13','2022','1');
REM INSERTING into MRVMM.T_MAE_ENERG
SET DEFINE OFF;
Insert into MRVMM.T_MAE_ENERG (ID_ENERG,DESCRIPCION,FLAG_ESTADO) values ('3','COMBUSTIBLES SOLIDOS',null);
Insert into MRVMM.T_MAE_ENERG (ID_ENERG,DESCRIPCION,FLAG_ESTADO) values ('4','ENERGIA SOLAR',null);
Insert into MRVMM.T_MAE_ENERG (ID_ENERG,DESCRIPCION,FLAG_ESTADO) values ('5','ENERGIA EOLICA',null);
Insert into MRVMM.T_MAE_ENERG (ID_ENERG,DESCRIPCION,FLAG_ESTADO) values ('6','ENERGIA TERMICA',null);
Insert into MRVMM.T_MAE_ENERG (ID_ENERG,DESCRIPCION,FLAG_ESTADO) values ('1','COMBUSTIBLES FOSILES',null);
Insert into MRVMM.T_MAE_ENERG (ID_ENERG,DESCRIPCION,FLAG_ESTADO) values ('2','ELECTRICIDAD',null);
REM INSERTING into MRVMM.T_MAE_ESTADO
SET DEFINE OFF;
Insert into MRVMM.T_MAE_ESTADO (ID_ESTADO,DESCRIPCION) values ('5','CORREGIDO');
Insert into MRVMM.T_MAE_ESTADO (ID_ESTADO,DESCRIPCION) values ('0','AVANCE');
Insert into MRVMM.T_MAE_ESTADO (ID_ESTADO,DESCRIPCION) values ('1','ENVIADO');
Insert into MRVMM.T_MAE_ESTADO (ID_ESTADO,DESCRIPCION) values ('2','OBSERVADO');
Insert into MRVMM.T_MAE_ESTADO (ID_ESTADO,DESCRIPCION) values ('3','APROBADO');
Insert into MRVMM.T_MAE_ESTADO (ID_ESTADO,DESCRIPCION) values ('4','RECHAZADO');
Insert into MRVMM.T_MAE_ESTADO (ID_ESTADO,DESCRIPCION) values ('6','AVANCE EN CORREGIDO');
REM INSERTING into MRVMM.T_MAE_ESTADO_USUARIO
SET DEFINE OFF;
Insert into MRVMM.T_MAE_ESTADO_USUARIO (ID_ESTADO_USUARIO,DESCRIPCION) values ('0','REGISTRADO');
Insert into MRVMM.T_MAE_ESTADO_USUARIO (ID_ESTADO_USUARIO,DESCRIPCION) values ('1','APROBADO');
Insert into MRVMM.T_MAE_ESTADO_USUARIO (ID_ESTADO_USUARIO,DESCRIPCION) values ('2','NO APROBADO');
REM INSERTING into MRVMM.T_MAE_ETAPA
SET DEFINE OFF;
Insert into MRVMM.T_MAE_ETAPA (ID_ETAPA,DESCRIPCION) values ('9','Iniciativa Enviada a Evaluador MINAM');
Insert into MRVMM.T_MAE_ETAPA (ID_ETAPA,DESCRIPCION) values ('10','Iniciativa Enviada a Verificador Externo');
Insert into MRVMM.T_MAE_ETAPA (ID_ETAPA,DESCRIPCION) values ('8','Revisión Iniciativa y Detalle Derivado');
Insert into MRVMM.T_MAE_ETAPA (ID_ETAPA,DESCRIPCION) values ('1','Iniciativa Mitigación');
Insert into MRVMM.T_MAE_ETAPA (ID_ETAPA,DESCRIPCION) values ('2','Revisión de Iniciativa Mitigación');
Insert into MRVMM.T_MAE_ETAPA (ID_ETAPA,DESCRIPCION) values ('3','Detalle de la Iniciativa de Mitigación');
Insert into MRVMM.T_MAE_ETAPA (ID_ETAPA,DESCRIPCION) values ('4','Revisión del Detalle de la Iniciativa de Mitigación');
Insert into MRVMM.T_MAE_ETAPA (ID_ETAPA,DESCRIPCION) values ('5','Revisión de la Iniciativa de Mitigación y su Detalle');
Insert into MRVMM.T_MAE_ETAPA (ID_ETAPA,DESCRIPCION) values ('6','Evaluación de la Iniciativa de Mitigación y su Detalle');
Insert into MRVMM.T_MAE_ETAPA (ID_ETAPA,DESCRIPCION) values ('7','Verificación de la Iniciativa de Mitigación y su Detalle');
REM INSERTING into MRVMM.T_MAE_FAQ
SET DEFINE OFF;
Insert into MRVMM.T_MAE_FAQ (ID_FAQ,ID_MEDMIT,PREGUNTA,RESPUESTA) values ('1',null,'¿Como registro una nueva Iniciativa?','Usted, debera primero Registrarse como usuario de una Institucion');
Insert into MRVMM.T_MAE_FAQ (ID_FAQ,ID_MEDMIT,PREGUNTA,RESPUESTA) values ('2',null,'¿Que significa GEI?','Son las siglas de Gases de Efecto Invernadero');
REM INSERTING into MRVMM.T_MAE_GEI
SET DEFINE OFF;
Insert into MRVMM.T_MAE_GEI (ID_GEI,DESCRIPCION,FLAG_ESTADO,AR2,AR4,AR5,AR6) values ('1','CO2','1','1','1','1','0');
Insert into MRVMM.T_MAE_GEI (ID_GEI,DESCRIPCION,FLAG_ESTADO,AR2,AR4,AR5,AR6) values ('2','CH4','1','21','25','30','0');
Insert into MRVMM.T_MAE_GEI (ID_GEI,DESCRIPCION,FLAG_ESTADO,AR2,AR4,AR5,AR6) values ('3','N2O','1','310','298','265','0');
REM INSERTING into MRVMM.T_MAE_IPCC
SET DEFINE OFF;
Insert into MRVMM.T_MAE_IPCC (ID_IPCC,IPCC,FLAG_ESTADO) values ('1','Energía - Combustión móvil','1');
Insert into MRVMM.T_MAE_IPCC (ID_IPCC,IPCC,FLAG_ESTADO) values ('2','Energía - Combustión estacionaria','1');
REM INSERTING into MRVMM.T_MAE_LISTA
SET DEFINE OFF;

REM INSERTING into MRVMM.T_MAE_MONEDA
SET DEFINE OFF;
Insert into MRVMM.T_MAE_MONEDA (ID_MONEDA,DESCRIPCION,FLAG_ESTADO) values ('4','Libra','0');
Insert into MRVMM.T_MAE_MONEDA (ID_MONEDA,DESCRIPCION,FLAG_ESTADO) values ('5','Yen','0');
Insert into MRVMM.T_MAE_MONEDA (ID_MONEDA,DESCRIPCION,FLAG_ESTADO) values ('1','SOLES','1');
Insert into MRVMM.T_MAE_MONEDA (ID_MONEDA,DESCRIPCION,FLAG_ESTADO) values ('2','DOLARES','1');
Insert into MRVMM.T_MAE_MONEDA (ID_MONEDA,DESCRIPCION,FLAG_ESTADO) values ('3','EUROS','1');
REM INSERTING into MRVMM.T_MAE_NAMA
SET DEFINE OFF;
Insert into MRVMM.T_MAE_NAMA (ID_NAMA,DESCRIPCION_NAMA,FLG_ESTADO) values ('1','EFICIENCIA ENERGETICA','1');
Insert into MRVMM.T_MAE_NAMA (ID_NAMA,DESCRIPCION_NAMA,FLG_ESTADO) values ('2','ACCESO UNIVERSAL A LA ENERGIA SOSTENIBLE','1');
Insert into MRVMM.T_MAE_NAMA (ID_NAMA,DESCRIPCION_NAMA,FLG_ESTADO) values ('3','RED CONECTADO','1');
Insert into MRVMM.T_MAE_NAMA (ID_NAMA,DESCRIPCION_NAMA,FLG_ESTADO) values ('4','TRANSPORTE ELECTRICO','1');
REM INSERTING into MRVMM.T_MAE_OPCION
SET DEFINE OFF;
Insert into MRVMM.T_MAE_OPCION (ID_OPCION,DES_OPCION,FLG_ESTADO,DES_URL,DES_URLIMAGEN,DES_URLLABEL,DES_FUNCION_INI,NUM_ORDEN,NUM_NIVEL,ID_OPCION_PADRE,ID_TIPO_OPCION) values ('9','NUEVA INICIATIVA','1',null,null,null,null,null,null,null,null);
Insert into MRVMM.T_MAE_OPCION (ID_OPCION,DES_OPCION,FLG_ESTADO,DES_URL,DES_URLIMAGEN,DES_URLLABEL,DES_FUNCION_INI,NUM_ORDEN,NUM_NIVEL,ID_OPCION_PADRE,ID_TIPO_OPCION) values ('8','CREDENCIALES','1',null,null,null,null,null,null,null,'1');
Insert into MRVMM.T_MAE_OPCION (ID_OPCION,DES_OPCION,FLG_ESTADO,DES_URL,DES_URLIMAGEN,DES_URLLABEL,DES_FUNCION_INI,NUM_ORDEN,NUM_NIVEL,ID_OPCION_PADRE,ID_TIPO_OPCION) values ('1','INICIO','1',null,null,null,null,null,null,null,'1');
Insert into MRVMM.T_MAE_OPCION (ID_OPCION,DES_OPCION,FLG_ESTADO,DES_URL,DES_URLIMAGEN,DES_URLLABEL,DES_FUNCION_INI,NUM_ORDEN,NUM_NIVEL,ID_OPCION_PADRE,ID_TIPO_OPCION) values ('2','ACCIONES DE MITIGACION','1',null,null,null,null,null,null,null,'1');
Insert into MRVMM.T_MAE_OPCION (ID_OPCION,DES_OPCION,FLG_ESTADO,DES_URL,DES_URLIMAGEN,DES_URLLABEL,DES_FUNCION_INI,NUM_ORDEN,NUM_NIVEL,ID_OPCION_PADRE,ID_TIPO_OPCION) values ('3','REPORTES','1',null,null,null,null,null,null,null,'1');
Insert into MRVMM.T_MAE_OPCION (ID_OPCION,DES_OPCION,FLG_ESTADO,DES_URL,DES_URLIMAGEN,DES_URLLABEL,DES_FUNCION_INI,NUM_ORDEN,NUM_NIVEL,ID_OPCION_PADRE,ID_TIPO_OPCION) values ('4','ACCIONES Y RESULTADOS','1',null,null,null,null,null,null,null,'1');
Insert into MRVMM.T_MAE_OPCION (ID_OPCION,DES_OPCION,FLG_ESTADO,DES_URL,DES_URLIMAGEN,DES_URLLABEL,DES_FUNCION_INI,NUM_ORDEN,NUM_NIVEL,ID_OPCION_PADRE,ID_TIPO_OPCION) values ('5','NOTIFICACIONES','1',null,null,null,null,null,null,null,'1');
Insert into MRVMM.T_MAE_OPCION (ID_OPCION,DES_OPCION,FLG_ESTADO,DES_URL,DES_URLIMAGEN,DES_URLLABEL,DES_FUNCION_INI,NUM_ORDEN,NUM_NIVEL,ID_OPCION_PADRE,ID_TIPO_OPCION) values ('6','MANTENIMIENTO DE TABLAS','1',null,null,null,null,null,null,null,'1');
Insert into MRVMM.T_MAE_OPCION (ID_OPCION,DES_OPCION,FLG_ESTADO,DES_URL,DES_URLIMAGEN,DES_URLLABEL,DES_FUNCION_INI,NUM_ORDEN,NUM_NIVEL,ID_OPCION_PADRE,ID_TIPO_OPCION) values ('7','CAMBIO DE CLAVES','1',null,null,null,null,null,null,null,'1');
REM INSERTING into MRVMM.T_MAE_OPCION_ROL
SET DEFINE OFF;
Insert into MRVMM.T_MAE_OPCION_ROL (ID_OPCION,ID_ROL,FLG_ESTADO) values ('9','1','1');
Insert into MRVMM.T_MAE_OPCION_ROL (ID_OPCION,ID_ROL,FLG_ESTADO) values ('7','1','1');
Insert into MRVMM.T_MAE_OPCION_ROL (ID_OPCION,ID_ROL,FLG_ESTADO) values ('1','6','1');
Insert into MRVMM.T_MAE_OPCION_ROL (ID_OPCION,ID_ROL,FLG_ESTADO) values ('2','6','1');
Insert into MRVMM.T_MAE_OPCION_ROL (ID_OPCION,ID_ROL,FLG_ESTADO) values ('3','6','1');
Insert into MRVMM.T_MAE_OPCION_ROL (ID_OPCION,ID_ROL,FLG_ESTADO) values ('4','6','1');
Insert into MRVMM.T_MAE_OPCION_ROL (ID_OPCION,ID_ROL,FLG_ESTADO) values ('1','1','1');
Insert into MRVMM.T_MAE_OPCION_ROL (ID_OPCION,ID_ROL,FLG_ESTADO) values ('2','1','1');
Insert into MRVMM.T_MAE_OPCION_ROL (ID_OPCION,ID_ROL,FLG_ESTADO) values ('3','1','1');
Insert into MRVMM.T_MAE_OPCION_ROL (ID_OPCION,ID_ROL,FLG_ESTADO) values ('4','1','1');
Insert into MRVMM.T_MAE_OPCION_ROL (ID_OPCION,ID_ROL,FLG_ESTADO) values ('5','1','1');
Insert into MRVMM.T_MAE_OPCION_ROL (ID_OPCION,ID_ROL,FLG_ESTADO) values ('1','2','1');
Insert into MRVMM.T_MAE_OPCION_ROL (ID_OPCION,ID_ROL,FLG_ESTADO) values ('2','2','1');
Insert into MRVMM.T_MAE_OPCION_ROL (ID_OPCION,ID_ROL,FLG_ESTADO) values ('3','2','1');
Insert into MRVMM.T_MAE_OPCION_ROL (ID_OPCION,ID_ROL,FLG_ESTADO) values ('4','2','1');
Insert into MRVMM.T_MAE_OPCION_ROL (ID_OPCION,ID_ROL,FLG_ESTADO) values ('5','2','1');
Insert into MRVMM.T_MAE_OPCION_ROL (ID_OPCION,ID_ROL,FLG_ESTADO) values ('7','2','1');
Insert into MRVMM.T_MAE_OPCION_ROL (ID_OPCION,ID_ROL,FLG_ESTADO) values ('1','3','1');
Insert into MRVMM.T_MAE_OPCION_ROL (ID_OPCION,ID_ROL,FLG_ESTADO) values ('2','3','1');
Insert into MRVMM.T_MAE_OPCION_ROL (ID_OPCION,ID_ROL,FLG_ESTADO) values ('3','3','1');
Insert into MRVMM.T_MAE_OPCION_ROL (ID_OPCION,ID_ROL,FLG_ESTADO) values ('4','3','1');
Insert into MRVMM.T_MAE_OPCION_ROL (ID_OPCION,ID_ROL,FLG_ESTADO) values ('5','3','1');
Insert into MRVMM.T_MAE_OPCION_ROL (ID_OPCION,ID_ROL,FLG_ESTADO) values ('6','3','1');
Insert into MRVMM.T_MAE_OPCION_ROL (ID_OPCION,ID_ROL,FLG_ESTADO) values ('7','3','1');
Insert into MRVMM.T_MAE_OPCION_ROL (ID_OPCION,ID_ROL,FLG_ESTADO) values ('1','4','1');
Insert into MRVMM.T_MAE_OPCION_ROL (ID_OPCION,ID_ROL,FLG_ESTADO) values ('2','4','1');
Insert into MRVMM.T_MAE_OPCION_ROL (ID_OPCION,ID_ROL,FLG_ESTADO) values ('3','4','1');
Insert into MRVMM.T_MAE_OPCION_ROL (ID_OPCION,ID_ROL,FLG_ESTADO) values ('4','4','1');
Insert into MRVMM.T_MAE_OPCION_ROL (ID_OPCION,ID_ROL,FLG_ESTADO) values ('5','4','1');
Insert into MRVMM.T_MAE_OPCION_ROL (ID_OPCION,ID_ROL,FLG_ESTADO) values ('7','4','1');
Insert into MRVMM.T_MAE_OPCION_ROL (ID_OPCION,ID_ROL,FLG_ESTADO) values ('1','5','1');
Insert into MRVMM.T_MAE_OPCION_ROL (ID_OPCION,ID_ROL,FLG_ESTADO) values ('2','5','1');
Insert into MRVMM.T_MAE_OPCION_ROL (ID_OPCION,ID_ROL,FLG_ESTADO) values ('3','5','1');
Insert into MRVMM.T_MAE_OPCION_ROL (ID_OPCION,ID_ROL,FLG_ESTADO) values ('4','5','1');
Insert into MRVMM.T_MAE_OPCION_ROL (ID_OPCION,ID_ROL,FLG_ESTADO) values ('5','5','1');
Insert into MRVMM.T_MAE_OPCION_ROL (ID_OPCION,ID_ROL,FLG_ESTADO) values ('7','5','1');
REM INSERTING into MRVMM.T_MAE_PAGINA
SET DEFINE OFF;
REM INSERTING into MRVMM.T_MAE_PLAZO
SET DEFINE OFF;
REM INSERTING into MRVMM.T_MAE_PLAZO_ETAPA_ESTADO
SET DEFINE OFF;
Insert into MRVMM.T_MAE_PLAZO_ETAPA_ESTADO (ID_PLAZO_ETAPA_ESTADO,ID_ETAPA,ID_ESTADO,DESCRIPCION,PLAZO,ID_ROL,SIG_ROL) values ('1','1','0','Iniciativa de mitigación pendiente de enviar para su revisión','10','1','1');
Insert into MRVMM.T_MAE_PLAZO_ETAPA_ESTADO (ID_PLAZO_ETAPA_ESTADO,ID_ETAPA,ID_ESTADO,DESCRIPCION,PLAZO,ID_ROL,SIG_ROL) values ('2','1','1','Iniciativa de mitigación enviado para su revisión','30','1','2');
Insert into MRVMM.T_MAE_PLAZO_ETAPA_ESTADO (ID_PLAZO_ETAPA_ESTADO,ID_ETAPA,ID_ESTADO,DESCRIPCION,PLAZO,ID_ROL,SIG_ROL) values ('3','1','2','Iniciativa de mitigación observado por el Especialista','30','2','1');
Insert into MRVMM.T_MAE_PLAZO_ETAPA_ESTADO (ID_PLAZO_ETAPA_ESTADO,ID_ETAPA,ID_ESTADO,DESCRIPCION,PLAZO,ID_ROL,SIG_ROL) values ('4','1','6','Iniciativa de mitigación subsanadas las observaciones pendiente de enviar','10','1','1');
Insert into MRVMM.T_MAE_PLAZO_ETAPA_ESTADO (ID_PLAZO_ETAPA_ESTADO,ID_ETAPA,ID_ESTADO,DESCRIPCION,PLAZO,ID_ROL,SIG_ROL) values ('5','1','5','Iniciativa de mitigación subsanadas las observaciones enviado para su revisión','30','1','2');
Insert into MRVMM.T_MAE_PLAZO_ETAPA_ESTADO (ID_PLAZO_ETAPA_ESTADO,ID_ETAPA,ID_ESTADO,DESCRIPCION,PLAZO,ID_ROL,SIG_ROL) values ('6','2','3','Iniciativa de mitigación aprobado por el Especialista','30','2','1');
Insert into MRVMM.T_MAE_PLAZO_ETAPA_ESTADO (ID_PLAZO_ETAPA_ESTADO,ID_ETAPA,ID_ESTADO,DESCRIPCION,PLAZO,ID_ROL,SIG_ROL) values ('7','3','0','Detalle de la iniciativa de mitigación pendiente de enviar para su revisión','10','1','1');
Insert into MRVMM.T_MAE_PLAZO_ETAPA_ESTADO (ID_PLAZO_ETAPA_ESTADO,ID_ETAPA,ID_ESTADO,DESCRIPCION,PLAZO,ID_ROL,SIG_ROL) values ('8','3','1','Detalle de la iniciativa de mitigación enviado para su revisión','30','1','2');
Insert into MRVMM.T_MAE_PLAZO_ETAPA_ESTADO (ID_PLAZO_ETAPA_ESTADO,ID_ETAPA,ID_ESTADO,DESCRIPCION,PLAZO,ID_ROL,SIG_ROL) values ('9','3','2','Detalle de la iniciativa de mitigación observado por el Especialista','30','2','1');
Insert into MRVMM.T_MAE_PLAZO_ETAPA_ESTADO (ID_PLAZO_ETAPA_ESTADO,ID_ETAPA,ID_ESTADO,DESCRIPCION,PLAZO,ID_ROL,SIG_ROL) values ('10','3','6','Detalle de la iniciativa de mitigación subsanadas las observaciones pendiente enviar','10','1','1');
Insert into MRVMM.T_MAE_PLAZO_ETAPA_ESTADO (ID_PLAZO_ETAPA_ESTADO,ID_ETAPA,ID_ESTADO,DESCRIPCION,PLAZO,ID_ROL,SIG_ROL) values ('11','3','5','Detalle de la iniciativa de mitigación subsanadas las observaciones enviado para su revisión','30','1','2');
Insert into MRVMM.T_MAE_PLAZO_ETAPA_ESTADO (ID_PLAZO_ETAPA_ESTADO,ID_ETAPA,ID_ESTADO,DESCRIPCION,PLAZO,ID_ROL,SIG_ROL) values ('12','4','3','Detalle de la iniciativa de mitigación aprobado por el Especialista','30','2','3');
Insert into MRVMM.T_MAE_PLAZO_ETAPA_ESTADO (ID_PLAZO_ETAPA_ESTADO,ID_ETAPA,ID_ESTADO,DESCRIPCION,PLAZO,ID_ROL,SIG_ROL) values ('13','4','2','Iniciativa de mitigación y su detalle observado por el Administrador MRV ','30','3','2');
Insert into MRVMM.T_MAE_PLAZO_ETAPA_ESTADO (ID_PLAZO_ETAPA_ESTADO,ID_ETAPA,ID_ESTADO,DESCRIPCION,PLAZO,ID_ROL,SIG_ROL) values ('14','5','3','Iniciativa de mitigación y su detalle aprobado por el Administrador MRV','30','3','4');
Insert into MRVMM.T_MAE_PLAZO_ETAPA_ESTADO (ID_PLAZO_ETAPA_ESTADO,ID_ETAPA,ID_ESTADO,DESCRIPCION,PLAZO,ID_ROL,SIG_ROL) values ('15','5','2','Iniciativa de mitigación y su detalle observado por el Evaluador MINAM','30','4','3');
Insert into MRVMM.T_MAE_PLAZO_ETAPA_ESTADO (ID_PLAZO_ETAPA_ESTADO,ID_ETAPA,ID_ESTADO,DESCRIPCION,PLAZO,ID_ROL,SIG_ROL) values ('16','6','3','Iniciativa de mitigación y su detalle aprobado por el Evaluador MINAM','30','4','4');
Insert into MRVMM.T_MAE_PLAZO_ETAPA_ESTADO (ID_PLAZO_ETAPA_ESTADO,ID_ETAPA,ID_ESTADO,DESCRIPCION,PLAZO,ID_ROL,SIG_ROL) values ('17','6','2','Iniciativa de mitigación y su detalle observado por el Verificador Externo','30','5','4');
Insert into MRVMM.T_MAE_PLAZO_ETAPA_ESTADO (ID_PLAZO_ETAPA_ESTADO,ID_ETAPA,ID_ESTADO,DESCRIPCION,PLAZO,ID_ROL,SIG_ROL) values ('18','7','3','Iniciativa de mitigación y su detalle aprobado por el Verificador Externo','30','5','5');
Insert into MRVMM.T_MAE_PLAZO_ETAPA_ESTADO (ID_PLAZO_ETAPA_ESTADO,ID_ETAPA,ID_ESTADO,DESCRIPCION,PLAZO,ID_ROL,SIG_ROL) values ('19','8','2','Iniciativa de mitigación y su detalle observado por el Verificador Externo','30','5','3');
Insert into MRVMM.T_MAE_PLAZO_ETAPA_ESTADO (ID_PLAZO_ETAPA_ESTADO,ID_ETAPA,ID_ESTADO,DESCRIPCION,PLAZO,ID_ROL,SIG_ROL) values ('20','8','3','Iniciativa de mitigación y su detalle aprobado por el Administrador MRV','30','3','5');
Insert into MRVMM.T_MAE_PLAZO_ETAPA_ESTADO (ID_PLAZO_ETAPA_ESTADO,ID_ETAPA,ID_ESTADO,DESCRIPCION,PLAZO,ID_ROL,SIG_ROL) values ('21','9','3','Iniciativa de mitigación enviada al Evaluador MINAM','30','3','4');
Insert into MRVMM.T_MAE_PLAZO_ETAPA_ESTADO (ID_PLAZO_ETAPA_ESTADO,ID_ETAPA,ID_ESTADO,DESCRIPCION,PLAZO,ID_ROL,SIG_ROL) values ('22','10','3','Iniciativa de mitigación enviada al Verificador Externo','30','3','5');
REM INSERTING into MRVMM.T_MAE_ROL
SET DEFINE OFF;
Insert into MRVMM.T_MAE_ROL (ID_ROL,DESCRIPCION_ROL,FLG_ESTADO) values ('1','Usuario administrado','1');
Insert into MRVMM.T_MAE_ROL (ID_ROL,DESCRIPCION_ROL,FLG_ESTADO) values ('2','ESPECIALISTA','1');
Insert into MRVMM.T_MAE_ROL (ID_ROL,DESCRIPCION_ROL,FLG_ESTADO) values ('3','Administrador MRV','1');
Insert into MRVMM.T_MAE_ROL (ID_ROL,DESCRIPCION_ROL,FLG_ESTADO) values ('4','Evaluador MINAM','1');
Insert into MRVMM.T_MAE_ROL (ID_ROL,DESCRIPCION_ROL,FLG_ESTADO) values ('5','Verificador externo','1');
Insert into MRVMM.T_MAE_ROL (ID_ROL,DESCRIPCION_ROL,FLG_ESTADO) values ('6','Visitante','0');
REM INSERTING into MRVMM.T_MAE_SECTOR_INST
SET DEFINE OFF;
Insert into MRVMM.T_MAE_SECTOR_INST (ID_SECTOR_INST,DESCRIPCION,FLAG_ESTADO) values ('1','SECTOR PUBLICO','1');
Insert into MRVMM.T_MAE_SECTOR_INST (ID_SECTOR_INST,DESCRIPCION,FLAG_ESTADO) values ('2','SECTOR PRIVADO','1');
Insert into MRVMM.T_MAE_SECTOR_INST (ID_SECTOR_INST,DESCRIPCION,FLAG_ESTADO) values ('3','SECTOR INDUSTRIAL','0');
REM INSERTING into MRVMM.T_MAE_TERMINOS
SET DEFINE OFF;
Insert into MRVMM.T_MAE_TERMINOS (ID_TERMINOS,ID_ROL,CONDICIONES_TERMINOS) values ('1','1','El Proyecto “Acciones Nacionales Apropiadas de Mitigación de energía (NAMA por sus siglas en inglés) en los sectores de generación de energía y su uso final en el Perú” promueve acciones de sostenibilidad para alcanzar reducciones en emisiones de gases de efecto invernadero (GEI) como parte de los compromisos internacionales asumido por Perú dentro del marco de la Convención de las Naciones Unidas sobre Cambio Climático (CMNUCC o UNFCCC por sus siglas en inglés). 
En ese sentido, identificar y desarrollar iniciativas en el sector energía (por ejemplo, NAMAs) favorecerán a la reducción de emisiones de GEI y a su vez generarán beneficios sociales, ambientales y económicos.  De otro lado nuestro país, para el cumplimiento de sus compromisos, ha priorizado seis sectores para el diseño de iniciativas de reducción de emisiones de GEI / captura de CO2, los cuales son: Energía, Transporte, Agricultura, Desechos, USCUSS (Uso de Suelo, Cambio de Uso de Suelo y Silvicultura) y Procesos Industriales. En ese sentido, el sector energético (incluyendo transporte) es la segunda fuente de emisiones, después de USCUSS, con el 26% de las emisiones totales de GEI del país y llegando a aumentar 15% entre los años 1994 y 2000 (SCNCC ) y 50% entre los años 2000 y 2010 (FBUR ).  Por lo que, tenemos la gran responsabilidad de desarrollar NAMAs ambiciosas y efectivas para poder alcanzar el objetivo de las NDCs.  
En ese contexto, el Ministerio de Energía y Minas suscribió con el Programa de Naciones Unidas para el Desarrollo – PNUD, el Convenio para implementar el Proyecto “Acciones Nacionales Apropiadas de Mitigación (NAMA) en los sectores de generación de energía y su uso final en el Perú”, cuyo financiamiento proviene del Fondo Mundial para el Medio Ambiente (GEF por su siglas en inglés), más el apoyo y cofinanciamiento de PNUD, MINAM, MEF y MEM. 
Recayendo su implementación en la Dirección General de Eficiencia Energética quien deberá liderar, diseñar, desarrollar, gestionar y coordinar cuatro (04) NAMAs de energía con sus respectivos sistemas de Monitoreo, Reporte, y Verificación (MRV), como producto de este proyecto. En ese sentido desde abril del 2016, el Proyecto inició el proceso de diseño conceptual de los mismos enfocándose en maximizar los beneficios sociales, ambientales y económicos para el país.  Por tal motivo, se ha elegido desarrollar las siguientes NAMAs a desarrollarse desde 2016 hasta 2020:
1.	NAMA #1 (Eficiencia Energética): Mejoras en Eficiencia Energética en los sectores públicos y privadas;  
2.	NAMA #2 (RER Conectado): La promoción de las RER en sistemas interconectados; 
3.	NAMA #3 (RER Acceso Universal): Promoción del Acceso Universal a la Energía Sostenible; y
4.	NAMA #4 (Transporte Eléctrico): Promoción de eficiencia energética en el sector transporte con la promoción de transporte eléctrico.  
');
REM INSERTING into MRVMM.T_MAE_TIPO_COMBUSTIBLE
SET DEFINE OFF;
Insert into MRVMM.T_MAE_TIPO_COMBUSTIBLE (ID_TIPO_COMBUSTIBLE,DESCRIPCION,FLG_ESTADO) values ('1','GNV','1');
Insert into MRVMM.T_MAE_TIPO_COMBUSTIBLE (ID_TIPO_COMBUSTIBLE,DESCRIPCION,FLG_ESTADO) values ('2','GLP','1');
Insert into MRVMM.T_MAE_TIPO_COMBUSTIBLE (ID_TIPO_COMBUSTIBLE,DESCRIPCION,FLG_ESTADO) values ('3','Gasolina','1');
Insert into MRVMM.T_MAE_TIPO_COMBUSTIBLE (ID_TIPO_COMBUSTIBLE,DESCRIPCION,FLG_ESTADO) values ('4','Diesel','1');
REM INSERTING into MRVMM.T_MAE_TIPO_FUENTE
SET DEFINE OFF;
Insert into MRVMM.T_MAE_TIPO_FUENTE (ID_TIPO_FUENTE,DESCRIPCION) values ('1','ELECTRICO');
Insert into MRVMM.T_MAE_TIPO_FUENTE (ID_TIPO_FUENTE,DESCRIPCION) values ('2','HIBRIDO');
Insert into MRVMM.T_MAE_TIPO_FUENTE (ID_TIPO_FUENTE,DESCRIPCION) values ('3','HIDROGENO');
REM INSERTING into MRVMM.T_MAE_TIPO_INGRESO
SET DEFINE OFF;
Insert into MRVMM.T_MAE_TIPO_INGRESO (ID_TIPO_INGRESO,TIPO_INGRESO) values ('1','MANUAL');
Insert into MRVMM.T_MAE_TIPO_INGRESO (ID_TIPO_INGRESO,TIPO_INGRESO) values ('2','MASIVO');
REM INSERTING into MRVMM.T_MAE_TIPO_INICIATIVA
SET DEFINE OFF;
Insert into MRVMM.T_MAE_TIPO_INICIATIVA (ID_TIPO_INICIATIVA,TIPO_INICIATIVA,FLAG_ESTADO) values ('3','Comercializará las emisiones reducidas internacionalmente','1');
Insert into MRVMM.T_MAE_TIPO_INICIATIVA (ID_TIPO_INICIATIVA,TIPO_INICIATIVA,FLAG_ESTADO) values ('1','Contribuirá con los compromisos internacionales (NDC)','1');
Insert into MRVMM.T_MAE_TIPO_INICIATIVA (ID_TIPO_INICIATIVA,TIPO_INICIATIVA,FLAG_ESTADO) values ('2','Comercializará las emisiones reducidas nacionales','1');
REM INSERTING into MRVMM.T_MAE_TIPO_MIT_COCCION
SET DEFINE OFF;
REM INSERTING into MRVMM.T_MAE_TIPO_OPCION
SET DEFINE OFF;
Insert into MRVMM.T_MAE_TIPO_OPCION (ID_TIPO_OPCION,DES_TIPO_OPCION,SIGLA) values ('1','TIPO 1','T1 ');
Insert into MRVMM.T_MAE_TIPO_OPCION (ID_TIPO_OPCION,DES_TIPO_OPCION,SIGLA) values ('2','TIPO 2','T2 ');
REM INSERTING into MRVMM.T_MAE_TIPO_VEHICULO
SET DEFINE OFF;
Insert into MRVMM.T_MAE_TIPO_VEHICULO (ID_TIPO_VEHICULO,DESCRIPCION,FLG_ESTADO) values ('1','Automovil','1');
Insert into MRVMM.T_MAE_TIPO_VEHICULO (ID_TIPO_VEHICULO,DESCRIPCION,FLG_ESTADO) values ('2','Bus 9m','1');
Insert into MRVMM.T_MAE_TIPO_VEHICULO (ID_TIPO_VEHICULO,DESCRIPCION,FLG_ESTADO) values ('3','Bus 12m','1');
Insert into MRVMM.T_MAE_TIPO_VEHICULO (ID_TIPO_VEHICULO,DESCRIPCION,FLG_ESTADO) values ('4','Bus 18m','1');
Insert into MRVMM.T_MAE_TIPO_VEHICULO (ID_TIPO_VEHICULO,DESCRIPCION,FLG_ESTADO) values ('5','Mototaxi','1');
Insert into MRVMM.T_MAE_TIPO_VEHICULO (ID_TIPO_VEHICULO,DESCRIPCION,FLG_ESTADO) values ('6','Moto','1');
REM INSERTING into MRVMM.T_MAE_UBICACION
SET DEFINE OFF;
Insert into MRVMM.T_MAE_UBICACION (ID_UBICACION,DESCRIPCION,FLG_ESTADO) values ('1','AMAZONAS','1');
Insert into MRVMM.T_MAE_UBICACION (ID_UBICACION,DESCRIPCION,FLG_ESTADO) values ('2','ANCASH','1');
Insert into MRVMM.T_MAE_UBICACION (ID_UBICACION,DESCRIPCION,FLG_ESTADO) values ('3','APURIMAC','1');
Insert into MRVMM.T_MAE_UBICACION (ID_UBICACION,DESCRIPCION,FLG_ESTADO) values ('4','AREQUIPA','1');
Insert into MRVMM.T_MAE_UBICACION (ID_UBICACION,DESCRIPCION,FLG_ESTADO) values ('5','AYACUCHO','1');
Insert into MRVMM.T_MAE_UBICACION (ID_UBICACION,DESCRIPCION,FLG_ESTADO) values ('6','CAJAMARCA','1');
Insert into MRVMM.T_MAE_UBICACION (ID_UBICACION,DESCRIPCION,FLG_ESTADO) values ('7','CALLAO','1');
Insert into MRVMM.T_MAE_UBICACION (ID_UBICACION,DESCRIPCION,FLG_ESTADO) values ('8','CUSCO','1');
Insert into MRVMM.T_MAE_UBICACION (ID_UBICACION,DESCRIPCION,FLG_ESTADO) values ('9','HUANCAVELICA','1');
Insert into MRVMM.T_MAE_UBICACION (ID_UBICACION,DESCRIPCION,FLG_ESTADO) values ('10','HUANUCO','1');
Insert into MRVMM.T_MAE_UBICACION (ID_UBICACION,DESCRIPCION,FLG_ESTADO) values ('11','ICA','1');
Insert into MRVMM.T_MAE_UBICACION (ID_UBICACION,DESCRIPCION,FLG_ESTADO) values ('12','JUNIN','1');
Insert into MRVMM.T_MAE_UBICACION (ID_UBICACION,DESCRIPCION,FLG_ESTADO) values ('13','LA LIBERTAD','1');
Insert into MRVMM.T_MAE_UBICACION (ID_UBICACION,DESCRIPCION,FLG_ESTADO) values ('14','LAMBAYEQUE','1');
Insert into MRVMM.T_MAE_UBICACION (ID_UBICACION,DESCRIPCION,FLG_ESTADO) values ('15','LIMA','1');
Insert into MRVMM.T_MAE_UBICACION (ID_UBICACION,DESCRIPCION,FLG_ESTADO) values ('16','LORETO','1');
Insert into MRVMM.T_MAE_UBICACION (ID_UBICACION,DESCRIPCION,FLG_ESTADO) values ('17','MADRE DE DIOS','1');
Insert into MRVMM.T_MAE_UBICACION (ID_UBICACION,DESCRIPCION,FLG_ESTADO) values ('18','MOQUEGUA','1');
Insert into MRVMM.T_MAE_UBICACION (ID_UBICACION,DESCRIPCION,FLG_ESTADO) values ('19','PASCO','1');
Insert into MRVMM.T_MAE_UBICACION (ID_UBICACION,DESCRIPCION,FLG_ESTADO) values ('20','PIURA','1');
Insert into MRVMM.T_MAE_UBICACION (ID_UBICACION,DESCRIPCION,FLG_ESTADO) values ('21','PUNO','1');
Insert into MRVMM.T_MAE_UBICACION (ID_UBICACION,DESCRIPCION,FLG_ESTADO) values ('22','SAN MARTIN','1');
Insert into MRVMM.T_MAE_UBICACION (ID_UBICACION,DESCRIPCION,FLG_ESTADO) values ('23','TACNA','1');
Insert into MRVMM.T_MAE_UBICACION (ID_UBICACION,DESCRIPCION,FLG_ESTADO) values ('24','TUMBES','1');
Insert into MRVMM.T_MAE_UBICACION (ID_UBICACION,DESCRIPCION,FLG_ESTADO) values ('25','UCAYALI','1');
REM INSERTING into MRVMM.T_MAE_USUARIO_MEDMIT
SET DEFINE OFF;
Insert into MRVMM.T_MAE_USUARIO_MEDMIT (ID_USUARIO,ID_MEDMIT,FLG_ESTADO,USUARIO_REGISTRO,FECHA_REGISTRO,IP_REGISTRO,USUARIO_MODIFICA,FECHA_MODIFICA,IP_MODIFICA) values ('81','12','1','22',to_date('02/04/20','DD/MM/RR'),'10.0.0.103','22',to_date('24/04/20','DD/MM/RR'),'::1');
Insert into MRVMM.T_MAE_USUARIO_MEDMIT (ID_USUARIO,ID_MEDMIT,FLG_ESTADO,USUARIO_REGISTRO,FECHA_REGISTRO,IP_REGISTRO,USUARIO_MODIFICA,FECHA_MODIFICA,IP_MODIFICA) values ('81','2','1','22',to_date('02/04/20','DD/MM/RR'),'10.0.0.103','22',to_date('24/04/20','DD/MM/RR'),'::1');
Insert into MRVMM.T_MAE_USUARIO_MEDMIT (ID_USUARIO,ID_MEDMIT,FLG_ESTADO,USUARIO_REGISTRO,FECHA_REGISTRO,IP_REGISTRO,USUARIO_MODIFICA,FECHA_MODIFICA,IP_MODIFICA) values ('81','3','1','22',to_date('02/04/20','DD/MM/RR'),'10.0.0.103','22',to_date('24/04/20','DD/MM/RR'),'::1');
Insert into MRVMM.T_MAE_USUARIO_MEDMIT (ID_USUARIO,ID_MEDMIT,FLG_ESTADO,USUARIO_REGISTRO,FECHA_REGISTRO,IP_REGISTRO,USUARIO_MODIFICA,FECHA_MODIFICA,IP_MODIFICA) values ('81','4','1','22',to_date('02/04/20','DD/MM/RR'),'10.0.0.103','22',to_date('24/04/20','DD/MM/RR'),'::1');
Insert into MRVMM.T_MAE_USUARIO_MEDMIT (ID_USUARIO,ID_MEDMIT,FLG_ESTADO,USUARIO_REGISTRO,FECHA_REGISTRO,IP_REGISTRO,USUARIO_MODIFICA,FECHA_MODIFICA,IP_MODIFICA) values ('81','5','1','22',to_date('02/04/20','DD/MM/RR'),'10.0.0.103','22',to_date('24/04/20','DD/MM/RR'),'::1');
Insert into MRVMM.T_MAE_USUARIO_MEDMIT (ID_USUARIO,ID_MEDMIT,FLG_ESTADO,USUARIO_REGISTRO,FECHA_REGISTRO,IP_REGISTRO,USUARIO_MODIFICA,FECHA_MODIFICA,IP_MODIFICA) values ('81','6','1','22',to_date('02/04/20','DD/MM/RR'),'10.0.0.103','22',to_date('24/04/20','DD/MM/RR'),'::1');
Insert into MRVMM.T_MAE_USUARIO_MEDMIT (ID_USUARIO,ID_MEDMIT,FLG_ESTADO,USUARIO_REGISTRO,FECHA_REGISTRO,IP_REGISTRO,USUARIO_MODIFICA,FECHA_MODIFICA,IP_MODIFICA) values ('81','7','1','22',to_date('02/04/20','DD/MM/RR'),'10.0.0.103','22',to_date('24/04/20','DD/MM/RR'),'::1');
Insert into MRVMM.T_MAE_USUARIO_MEDMIT (ID_USUARIO,ID_MEDMIT,FLG_ESTADO,USUARIO_REGISTRO,FECHA_REGISTRO,IP_REGISTRO,USUARIO_MODIFICA,FECHA_MODIFICA,IP_MODIFICA) values ('81','8','1','22',to_date('02/04/20','DD/MM/RR'),'10.0.0.103','22',to_date('24/04/20','DD/MM/RR'),'::1');
Insert into MRVMM.T_MAE_USUARIO_MEDMIT (ID_USUARIO,ID_MEDMIT,FLG_ESTADO,USUARIO_REGISTRO,FECHA_REGISTRO,IP_REGISTRO,USUARIO_MODIFICA,FECHA_MODIFICA,IP_MODIFICA) values ('81','10','1','22',to_date('02/04/20','DD/MM/RR'),'10.0.0.103','22',to_date('24/04/20','DD/MM/RR'),'::1');
Insert into MRVMM.T_MAE_USUARIO_MEDMIT (ID_USUARIO,ID_MEDMIT,FLG_ESTADO,USUARIO_REGISTRO,FECHA_REGISTRO,IP_REGISTRO,USUARIO_MODIFICA,FECHA_MODIFICA,IP_MODIFICA) values ('81','9','1','22',to_date('02/04/20','DD/MM/RR'),'10.0.0.103','22',to_date('24/04/20','DD/MM/RR'),'::1');
Insert into MRVMM.T_MAE_USUARIO_MEDMIT (ID_USUARIO,ID_MEDMIT,FLG_ESTADO,USUARIO_REGISTRO,FECHA_REGISTRO,IP_REGISTRO,USUARIO_MODIFICA,FECHA_MODIFICA,IP_MODIFICA) values ('81','11','1','22',to_date('02/04/20','DD/MM/RR'),'10.0.0.103','22',to_date('24/04/20','DD/MM/RR'),'::1');
Insert into MRVMM.T_MAE_USUARIO_MEDMIT (ID_USUARIO,ID_MEDMIT,FLG_ESTADO,USUARIO_REGISTRO,FECHA_REGISTRO,IP_REGISTRO,USUARIO_MODIFICA,FECHA_MODIFICA,IP_MODIFICA) values ('81','1','1','22',to_date('02/04/20','DD/MM/RR'),'10.0.0.103','22',to_date('24/04/20','DD/MM/RR'),'::1');
REM INSERTING into MRVMM.T_MAE_USUARIO_ROL
SET DEFINE OFF;
Insert into MRVMM.T_MAE_USUARIO_ROL (ID_USUARIO,ID_ROL,FLG_ESTADO,DES_COMENTARIO) values ('320','1','1',null);
Insert into MRVMM.T_MAE_USUARIO_ROL (ID_USUARIO,ID_ROL,FLG_ESTADO,DES_COMENTARIO) values ('321','1','1',null);
Insert into MRVMM.T_MAE_USUARIO_ROL (ID_USUARIO,ID_ROL,FLG_ESTADO,DES_COMENTARIO) values ('260','4','1',null);
Insert into MRVMM.T_MAE_USUARIO_ROL (ID_USUARIO,ID_ROL,FLG_ESTADO,DES_COMENTARIO) values ('280','1','1',null);
Insert into MRVMM.T_MAE_USUARIO_ROL (ID_USUARIO,ID_ROL,FLG_ESTADO,DES_COMENTARIO) values ('140','1','1',null);
Insert into MRVMM.T_MAE_USUARIO_ROL (ID_USUARIO,ID_ROL,FLG_ESTADO,DES_COMENTARIO) values ('241','2','1',null);
Insert into MRVMM.T_MAE_USUARIO_ROL (ID_USUARIO,ID_ROL,FLG_ESTADO,DES_COMENTARIO) values ('261','3','1',null);
Insert into MRVMM.T_MAE_USUARIO_ROL (ID_USUARIO,ID_ROL,FLG_ESTADO,DES_COMENTARIO) values ('200','1','1',null);
Insert into MRVMM.T_MAE_USUARIO_ROL (ID_USUARIO,ID_ROL,FLG_ESTADO,DES_COMENTARIO) values ('121','1','1',null);
Insert into MRVMM.T_MAE_USUARIO_ROL (ID_USUARIO,ID_ROL,FLG_ESTADO,DES_COMENTARIO) values ('123','5','1',null);
Insert into MRVMM.T_MAE_USUARIO_ROL (ID_USUARIO,ID_ROL,FLG_ESTADO,DES_COMENTARIO) values ('122','4','1',null);
Insert into MRVMM.T_MAE_USUARIO_ROL (ID_USUARIO,ID_ROL,FLG_ESTADO,DES_COMENTARIO) values ('120','1','1',null);
Insert into MRVMM.T_MAE_USUARIO_ROL (ID_USUARIO,ID_ROL,FLG_ESTADO,DES_COMENTARIO) values ('124','2','1',null);
Insert into MRVMM.T_MAE_USUARIO_ROL (ID_USUARIO,ID_ROL,FLG_ESTADO,DES_COMENTARIO) values ('104','2','1',null);
Insert into MRVMM.T_MAE_USUARIO_ROL (ID_USUARIO,ID_ROL,FLG_ESTADO,DES_COMENTARIO) values ('100','1','1',null);
Insert into MRVMM.T_MAE_USUARIO_ROL (ID_USUARIO,ID_ROL,FLG_ESTADO,DES_COMENTARIO) values ('101','1','1',null);
Insert into MRVMM.T_MAE_USUARIO_ROL (ID_USUARIO,ID_ROL,FLG_ESTADO,DES_COMENTARIO) values ('103','1','1',null);
Insert into MRVMM.T_MAE_USUARIO_ROL (ID_USUARIO,ID_ROL,FLG_ESTADO,DES_COMENTARIO) values ('106','1','1',null);
Insert into MRVMM.T_MAE_USUARIO_ROL (ID_USUARIO,ID_ROL,FLG_ESTADO,DES_COMENTARIO) values ('107','4','1',null);
Insert into MRVMM.T_MAE_USUARIO_ROL (ID_USUARIO,ID_ROL,FLG_ESTADO,DES_COMENTARIO) values ('1','4','1',null);
Insert into MRVMM.T_MAE_USUARIO_ROL (ID_USUARIO,ID_ROL,FLG_ESTADO,DES_COMENTARIO) values ('105','1','1',null);
Insert into MRVMM.T_MAE_USUARIO_ROL (ID_USUARIO,ID_ROL,FLG_ESTADO,DES_COMENTARIO) values ('22','3','1',null);
Insert into MRVMM.T_MAE_USUARIO_ROL (ID_USUARIO,ID_ROL,FLG_ESTADO,DES_COMENTARIO) values ('45','5','1',null);
Insert into MRVMM.T_MAE_USUARIO_ROL (ID_USUARIO,ID_ROL,FLG_ESTADO,DES_COMENTARIO) values ('81','2','1',null);
Insert into MRVMM.T_MAE_USUARIO_ROL (ID_USUARIO,ID_ROL,FLG_ESTADO,DES_COMENTARIO) values ('102','1','1',null);
Insert into MRVMM.T_MAE_USUARIO_ROL (ID_USUARIO,ID_ROL,FLG_ESTADO,DES_COMENTARIO) values ('160','1','1',null);
Insert into MRVMM.T_MAE_USUARIO_ROL (ID_USUARIO,ID_ROL,FLG_ESTADO,DES_COMENTARIO) values ('180','1','1',null);
Insert into MRVMM.T_MAE_USUARIO_ROL (ID_USUARIO,ID_ROL,FLG_ESTADO,DES_COMENTARIO) values ('181','1','1',null);
Insert into MRVMM.T_MAE_USUARIO_ROL (ID_USUARIO,ID_ROL,FLG_ESTADO,DES_COMENTARIO) values ('182','1','1',null);
Insert into MRVMM.T_MAE_USUARIO_ROL (ID_USUARIO,ID_ROL,FLG_ESTADO,DES_COMENTARIO) values ('183','1','1',null);
Insert into MRVMM.T_MAE_USUARIO_ROL (ID_USUARIO,ID_ROL,FLG_ESTADO,DES_COMENTARIO) values ('220','1','1',null);
Insert into MRVMM.T_MAE_USUARIO_ROL (ID_USUARIO,ID_ROL,FLG_ESTADO,DES_COMENTARIO) values ('221','1','1',null);
Insert into MRVMM.T_MAE_USUARIO_ROL (ID_USUARIO,ID_ROL,FLG_ESTADO,DES_COMENTARIO) values ('240','1','1',null);
Insert into MRVMM.T_MAE_USUARIO_ROL (ID_USUARIO,ID_ROL,FLG_ESTADO,DES_COMENTARIO) values ('301','5','1',null);
Insert into MRVMM.T_MAE_USUARIO_ROL (ID_USUARIO,ID_ROL,FLG_ESTADO,DES_COMENTARIO) values ('281','1','1',null);
Insert into MRVMM.T_MAE_USUARIO_ROL (ID_USUARIO,ID_ROL,FLG_ESTADO,DES_COMENTARIO) values ('300','4','1',null);
