--------------------------------------------------------
-- Archivo creado  - sábado-marzo-21-2020   
--------------------------------------------------------
REM INSERTING into MRVMM.T_GEND_ARCHIVO
SET DEFINE OFF;
REM INSERTING into MRVMM.T_GEND_DETALLE_INICIATIVA
SET DEFINE OFF;
Insert into MRVMM.T_GEND_DETALLE_INICIATIVA (ID_DETALLE_INICIATIVA,ID_INICIATIVA,ID_REMITENTE,ID_DESTINO,DESC_INICIATIVA,ID_ETAPA,ID_ESTADO,OBSERVACIONES,FECHA_DERIVACION,FECHA_RECEPCION) values ('786','312','123',null,null,'7','3',null,to_date('13/02/20','DD/MM/RR'),null);
Insert into MRVMM.T_GEND_DETALLE_INICIATIVA (ID_DETALLE_INICIATIVA,ID_INICIATIVA,ID_REMITENTE,ID_DESTINO,DESC_INICIATIVA,ID_ETAPA,ID_ESTADO,OBSERVACIONES,FECHA_DERIVACION,FECHA_RECEPCION) values ('787','341','105','81','REGISTRO INICIATIVA','1','1',null,to_date('13/02/20','DD/MM/RR'),null);
Insert into MRVMM.T_GEND_DETALLE_INICIATIVA (ID_DETALLE_INICIATIVA,ID_INICIATIVA,ID_REMITENTE,ID_DESTINO,DESC_INICIATIVA,ID_ETAPA,ID_ESTADO,OBSERVACIONES,FECHA_DERIVACION,FECHA_RECEPCION) values ('788','341','81',null,null,'2','3',null,to_date('13/02/20','DD/MM/RR'),null);
Insert into MRVMM.T_GEND_DETALLE_INICIATIVA (ID_DETALLE_INICIATIVA,ID_INICIATIVA,ID_REMITENTE,ID_DESTINO,DESC_INICIATIVA,ID_ETAPA,ID_ESTADO,OBSERVACIONES,FECHA_DERIVACION,FECHA_RECEPCION) values ('789','341','105',null,'REGISTRAR DETALLE INDICADOR','3','1',null,to_date('13/02/20','DD/MM/RR'),null);
Insert into MRVMM.T_GEND_DETALLE_INICIATIVA (ID_DETALLE_INICIATIVA,ID_INICIATIVA,ID_REMITENTE,ID_DESTINO,DESC_INICIATIVA,ID_ETAPA,ID_ESTADO,OBSERVACIONES,FECHA_DERIVACION,FECHA_RECEPCION) values ('790','341','81',null,null,'4','3',null,to_date('13/02/20','DD/MM/RR'),null);
Insert into MRVMM.T_GEND_DETALLE_INICIATIVA (ID_DETALLE_INICIATIVA,ID_INICIATIVA,ID_REMITENTE,ID_DESTINO,DESC_INICIATIVA,ID_ETAPA,ID_ESTADO,OBSERVACIONES,FECHA_DERIVACION,FECHA_RECEPCION) values ('801','342','81',null,null,'4','3',null,to_date('14/02/20','DD/MM/RR'),null);
Insert into MRVMM.T_GEND_DETALLE_INICIATIVA (ID_DETALLE_INICIATIVA,ID_INICIATIVA,ID_REMITENTE,ID_DESTINO,DESC_INICIATIVA,ID_ETAPA,ID_ESTADO,OBSERVACIONES,FECHA_DERIVACION,FECHA_RECEPCION) values ('807','361','105','81','REGISTRO INICIATIVA','1','1',null,to_date('17/02/20','DD/MM/RR'),null);
Insert into MRVMM.T_GEND_DETALLE_INICIATIVA (ID_DETALLE_INICIATIVA,ID_INICIATIVA,ID_REMITENTE,ID_DESTINO,DESC_INICIATIVA,ID_ETAPA,ID_ESTADO,OBSERVACIONES,FECHA_DERIVACION,FECHA_RECEPCION) values ('808','362','105','81','REGISTRO INICIATIVA','1','1',null,to_date('17/02/20','DD/MM/RR'),null);
Insert into MRVMM.T_GEND_DETALLE_INICIATIVA (ID_DETALLE_INICIATIVA,ID_INICIATIVA,ID_REMITENTE,ID_DESTINO,DESC_INICIATIVA,ID_ETAPA,ID_ESTADO,OBSERVACIONES,FECHA_DERIVACION,FECHA_RECEPCION) values ('809','363','105','81','REGISTRO INICIATIVA','1','1',null,to_date('17/02/20','DD/MM/RR'),null);
Insert into MRVMM.T_GEND_DETALLE_INICIATIVA (ID_DETALLE_INICIATIVA,ID_INICIATIVA,ID_REMITENTE,ID_DESTINO,DESC_INICIATIVA,ID_ETAPA,ID_ESTADO,OBSERVACIONES,FECHA_DERIVACION,FECHA_RECEPCION) values ('810','364','105','81','REGISTRO INICIATIVA','1','1',null,to_date('17/02/20','DD/MM/RR'),null);
Insert into MRVMM.T_GEND_DETALLE_INICIATIVA (ID_DETALLE_INICIATIVA,ID_INICIATIVA,ID_REMITENTE,ID_DESTINO,DESC_INICIATIVA,ID_ETAPA,ID_ESTADO,OBSERVACIONES,FECHA_DERIVACION,FECHA_RECEPCION) values ('811','365','105','81','REGISTRO INICIATIVA','1','1',null,to_date('17/02/20','DD/MM/RR'),null);
Insert into MRVMM.T_GEND_DETALLE_INICIATIVA (ID_DETALLE_INICIATIVA,ID_INICIATIVA,ID_REMITENTE,ID_DESTINO,DESC_INICIATIVA,ID_ETAPA,ID_ESTADO,OBSERVACIONES,FECHA_DERIVACION,FECHA_RECEPCION) values ('812','366','105','81','REGISTRO INICIATIVA','1','1',null,to_date('17/02/20','DD/MM/RR'),null);
Insert into MRVMM.T_GEND_DETALLE_INICIATIVA (ID_DETALLE_INICIATIVA,ID_INICIATIVA,ID_REMITENTE,ID_DESTINO,DESC_INICIATIVA,ID_ETAPA,ID_ESTADO,OBSERVACIONES,FECHA_DERIVACION,FECHA_RECEPCION) values ('813','367','105','81','REGISTRO INICIATIVA','1','1',null,to_date('17/02/20','DD/MM/RR'),null);
Insert into MRVMM.T_GEND_DETALLE_INICIATIVA (ID_DETALLE_INICIATIVA,ID_INICIATIVA,ID_REMITENTE,ID_DESTINO,DESC_INICIATIVA,ID_ETAPA,ID_ESTADO,OBSERVACIONES,FECHA_DERIVACION,FECHA_RECEPCION) values ('814','368','105','81','REGISTRO INICIATIVA','1','1',null,to_date('17/02/20','DD/MM/RR'),null);
Insert into MRVMM.T_GEND_DETALLE_INICIATIVA (ID_DETALLE_INICIATIVA,ID_INICIATIVA,ID_REMITENTE,ID_DESTINO,DESC_INICIATIVA,ID_ETAPA,ID_ESTADO,OBSERVACIONES,FECHA_DERIVACION,FECHA_RECEPCION) values ('815','369','105','81','REGISTRO INICIATIVA','1','1',null,to_date('17/02/20','DD/MM/RR'),null);
Insert into MRVMM.T_GEND_DETALLE_INICIATIVA (ID_DETALLE_INICIATIVA,ID_INICIATIVA,ID_REMITENTE,ID_DESTINO,DESC_INICIATIVA,ID_ETAPA,ID_ESTADO,OBSERVACIONES,FECHA_DERIVACION,FECHA_RECEPCION) values ('816','370','105','81','REGISTRO INICIATIVA','1','1',null,to_date('17/02/20','DD/MM/RR'),null);
Insert into MRVMM.T_GEND_DETALLE_INICIATIVA (ID_DETALLE_INICIATIVA,ID_INICIATIVA,ID_REMITENTE,ID_DESTINO,DESC_INICIATIVA,ID_ETAPA,ID_ESTADO,OBSERVACIONES,FECHA_DERIVACION,FECHA_RECEPCION) values ('817','371','105','81','REGISTRO INICIATIVA','1','1',null,to_date('17/02/20','DD/MM/RR'),null);
Insert into MRVMM.T_GEND_DETALLE_INICIATIVA (ID_DETALLE_INICIATIVA,ID_INICIATIVA,ID_REMITENTE,ID_DESTINO,DESC_INICIATIVA,ID_ETAPA,ID_ESTADO,OBSERVACIONES,FECHA_DERIVACION,FECHA_RECEPCION) values ('857','383','105',null,'REGISTRAR DETALLE INDICADOR','3','1',null,to_date('20/02/20','DD/MM/RR'),null);
Insert into MRVMM.T_GEND_DETALLE_INICIATIVA (ID_DETALLE_INICIATIVA,ID_INICIATIVA,ID_REMITENTE,ID_DESTINO,DESC_INICIATIVA,ID_ETAPA,ID_ESTADO,OBSERVACIONES,FECHA_DERIVACION,FECHA_RECEPCION) values ('859','386','182','81','REGISTRO DE INICIATIVA','1','1',null,to_date('20/02/20','DD/MM/RR'),null);
Insert into MRVMM.T_GEND_DETALLE_INICIATIVA (ID_DETALLE_INICIATIVA,ID_INICIATIVA,ID_REMITENTE,ID_DESTINO,DESC_INICIATIVA,ID_ETAPA,ID_ESTADO,OBSERVACIONES,FECHA_DERIVACION,FECHA_RECEPCION) values ('860','376','81',null,null,'4','3',null,to_date('20/02/20','DD/MM/RR'),null);
Insert into MRVMM.T_GEND_DETALLE_INICIATIVA (ID_DETALLE_INICIATIVA,ID_INICIATIVA,ID_REMITENTE,ID_DESTINO,DESC_INICIATIVA,ID_ETAPA,ID_ESTADO,OBSERVACIONES,FECHA_DERIVACION,FECHA_RECEPCION) values ('864','386','81',null,null,'1','2',null,to_date('20/02/20','DD/MM/RR'),null);
Insert into MRVMM.T_GEND_DETALLE_INICIATIVA (ID_DETALLE_INICIATIVA,ID_INICIATIVA,ID_REMITENTE,ID_DESTINO,DESC_INICIATIVA,ID_ETAPA,ID_ESTADO,OBSERVACIONES,FECHA_DERIVACION,FECHA_RECEPCION) values ('868','386','81',null,null,'3','2',null,to_date('20/02/20','DD/MM/RR'),null);
Insert into MRVMM.T_GEND_DETALLE_INICIATIVA (ID_DETALLE_INICIATIVA,ID_INICIATIVA,ID_REMITENTE,ID_DESTINO,DESC_INICIATIVA,ID_ETAPA,ID_ESTADO,OBSERVACIONES,FECHA_DERIVACION,FECHA_RECEPCION) values ('1007','444','182',null,'GUARDAR AVANCE DETALLE','3','0',null,to_date('26/02/20','DD/MM/RR'),null);
Insert into MRVMM.T_GEND_DETALLE_INICIATIVA (ID_DETALLE_INICIATIVA,ID_INICIATIVA,ID_REMITENTE,ID_DESTINO,DESC_INICIATIVA,ID_ETAPA,ID_ESTADO,OBSERVACIONES,FECHA_DERIVACION,FECHA_RECEPCION) values ('1028','449','220',null,'GUARDAR AVANCE DETALLE','3','0',null,to_date('27/02/20','DD/MM/RR'),null);
Insert into MRVMM.T_GEND_DETALLE_INICIATIVA (ID_DETALLE_INICIATIVA,ID_INICIATIVA,ID_REMITENTE,ID_DESTINO,DESC_INICIATIVA,ID_ETAPA,ID_ESTADO,OBSERVACIONES,FECHA_DERIVACION,FECHA_RECEPCION) values ('1029','449','220',null,'GUARDAR AVANCE DETALLE','3','0',null,to_date('27/02/20','DD/MM/RR'),null);
Insert into MRVMM.T_GEND_DETALLE_INICIATIVA (ID_DETALLE_INICIATIVA,ID_INICIATIVA,ID_REMITENTE,ID_DESTINO,DESC_INICIATIVA,ID_ETAPA,ID_ESTADO,OBSERVACIONES,FECHA_DERIVACION,FECHA_RECEPCION) values ('1030','449','220',null,'GUARDAR AVANCE DETALLE','3','0',null,to_date('27/02/20','DD/MM/RR'),null);
Insert into MRVMM.T_GEND_DETALLE_INICIATIVA (ID_DETALLE_INICIATIVA,ID_INICIATIVA,ID_REMITENTE,ID_DESTINO,DESC_INICIATIVA,ID_ETAPA,ID_ESTADO,OBSERVACIONES,FECHA_DERIVACION,FECHA_RECEPCION) values ('1045','450','104',null,null,'1','2',null,to_date('27/02/20','DD/MM/RR'),null);
Insert into MRVMM.T_GEND_DETALLE_INICIATIVA (ID_DETALLE_INICIATIVA,ID_INICIATIVA,ID_REMITENTE,ID_DESTINO,DESC_INICIATIVA,ID_ETAPA,ID_ESTADO,OBSERVACIONES,FECHA_DERIVACION,FECHA_RECEPCION) values ('1082','462','105','81','REGISTRO INICIATIVA','1','1',null,to_date('28/02/20','DD/MM/RR'),null);
Insert into MRVMM.T_GEND_DETALLE_INICIATIVA (ID_DETALLE_INICIATIVA,ID_INICIATIVA,ID_REMITENTE,ID_DESTINO,DESC_INICIATIVA,ID_ETAPA,ID_ESTADO,OBSERVACIONES,FECHA_DERIVACION,FECHA_RECEPCION) values ('1087','463','182','81','REGISTRO DE INICIATIVA','1','1',null,to_date('28/02/20','DD/MM/RR'),null);
Insert into MRVMM.T_GEND_DETALLE_INICIATIVA (ID_DETALLE_INICIATIVA,ID_INICIATIVA,ID_REMITENTE,ID_DESTINO,DESC_INICIATIVA,ID_ETAPA,ID_ESTADO,OBSERVACIONES,FECHA_DERIVACION,FECHA_RECEPCION) values ('1088','463','81',null,null,'2','3',null,to_date('28/02/20','DD/MM/RR'),null);
Insert into MRVMM.T_GEND_DETALLE_INICIATIVA (ID_DETALLE_INICIATIVA,ID_INICIATIVA,ID_REMITENTE,ID_DESTINO,DESC_INICIATIVA,ID_ETAPA,ID_ESTADO,OBSERVACIONES,FECHA_DERIVACION,FECHA_RECEPCION) values ('1101','451','221',null,'GUARDAR AVANCE DETALLE','3','0',null,to_date('28/02/20','DD/MM/RR'),null);
Insert into MRVMM.T_GEND_DETALLE_INICIATIVA (ID_DETALLE_INICIATIVA,ID_INICIATIVA,ID_REMITENTE,ID_DESTINO,DESC_INICIATIVA,ID_ETAPA,ID_ESTADO,OBSERVACIONES,FECHA_DERIVACION,FECHA_RECEPCION) values ('1103','462','104',null,null,'4','3',null,to_date('28/02/20','DD/MM/RR'),null);
Insert into MRVMM.T_GEND_DETALLE_INICIATIVA (ID_DETALLE_INICIATIVA,ID_INICIATIVA,ID_REMITENTE,ID_DESTINO,DESC_INICIATIVA,ID_ETAPA,ID_ESTADO,OBSERVACIONES,FECHA_DERIVACION,FECHA_RECEPCION) values ('1118','466','220',null,null,'3','5',null,to_date('29/02/20','DD/MM/RR'),null);
Insert into MRVMM.T_GEND_DETALLE_INICIATIVA (ID_DETALLE_INICIATIVA,ID_INICIATIVA,ID_REMITENTE,ID_DESTINO,DESC_INICIATIVA,ID_ETAPA,ID_ESTADO,OBSERVACIONES,FECHA_DERIVACION,FECHA_RECEPCION) values ('1123','429','104',null,null,'4','3',null,to_date('29/02/20','DD/MM/RR'),null);
Insert into MRVMM.T_GEND_DETALLE_INICIATIVA (ID_DETALLE_INICIATIVA,ID_INICIATIVA,ID_REMITENTE,ID_DESTINO,DESC_INICIATIVA,ID_ETAPA,ID_ESTADO,OBSERVACIONES,FECHA_DERIVACION,FECHA_RECEPCION) values ('1147','386','123',null,null,'7','3',null,to_date('04/03/20','DD/MM/RR'),null);
Insert into MRVMM.T_GEND_DETALLE_INICIATIVA (ID_DETALLE_INICIATIVA,ID_INICIATIVA,ID_REMITENTE,ID_DESTINO,DESC_INICIATIVA,ID_ETAPA,ID_ESTADO,OBSERVACIONES,FECHA_DERIVACION,FECHA_RECEPCION) values ('1149','483','81',null,null,'1','2',null,to_date('04/03/20','DD/MM/RR'),null);
Insert into MRVMM.T_GEND_DETALLE_INICIATIVA (ID_DETALLE_INICIATIVA,ID_INICIATIVA,ID_REMITENTE,ID_DESTINO,DESC_INICIATIVA,ID_ETAPA,ID_ESTADO,OBSERVACIONES,FECHA_DERIVACION,FECHA_RECEPCION) values ('1150','483','102','81','REGISTRO DE INICIATIVA','1','1',null,to_date('04/03/20','DD/MM/RR'),null);
Insert into MRVMM.T_GEND_DETALLE_INICIATIVA (ID_DETALLE_INICIATIVA,ID_INICIATIVA,ID_REMITENTE,ID_DESTINO,DESC_INICIATIVA,ID_ETAPA,ID_ESTADO,OBSERVACIONES,FECHA_DERIVACION,FECHA_RECEPCION) values ('1151','483','81',null,null,'1','2',null,to_date('04/03/20','DD/MM/RR'),null);
Insert into MRVMM.T_GEND_DETALLE_INICIATIVA (ID_DETALLE_INICIATIVA,ID_INICIATIVA,ID_REMITENTE,ID_DESTINO,DESC_INICIATIVA,ID_ETAPA,ID_ESTADO,OBSERVACIONES,FECHA_DERIVACION,FECHA_RECEPCION) values ('1153','483','81',null,null,'1','2',null,to_date('04/03/20','DD/MM/RR'),null);
Insert into MRVMM.T_GEND_DETALLE_INICIATIVA (ID_DETALLE_INICIATIVA,ID_INICIATIVA,ID_REMITENTE,ID_DESTINO,DESC_INICIATIVA,ID_ETAPA,ID_ESTADO,OBSERVACIONES,FECHA_DERIVACION,FECHA_RECEPCION) values ('1154','483','102','81','REGISTRO DE INICIATIVA','1','1',null,to_date('04/03/20','DD/MM/RR'),null);
Insert into MRVMM.T_GEND_DETALLE_INICIATIVA (ID_DETALLE_INICIATIVA,ID_INICIATIVA,ID_REMITENTE,ID_DESTINO,DESC_INICIATIVA,ID_ETAPA,ID_ESTADO,OBSERVACIONES,FECHA_DERIVACION,FECHA_RECEPCION) values ('1155','483','81',null,null,'1','2',null,to_date('04/03/20','DD/MM/RR'),null);
Insert into MRVMM.T_GEND_DETALLE_INICIATIVA (ID_DETALLE_INICIATIVA,ID_INICIATIVA,ID_REMITENTE,ID_DESTINO,DESC_INICIATIVA,ID_ETAPA,ID_ESTADO,OBSERVACIONES,FECHA_DERIVACION,FECHA_RECEPCION) values ('1156','483','102','81','REGISTRO DE INICIATIVA','1','1',null,to_date('04/03/20','DD/MM/RR'),null);
Insert into MRVMM.T_GEND_DETALLE_INICIATIVA (ID_DETALLE_INICIATIVA,ID_INICIATIVA,ID_REMITENTE,ID_DESTINO,DESC_INICIATIVA,ID_ETAPA,ID_ESTADO,OBSERVACIONES,FECHA_DERIVACION,FECHA_RECEPCION) values ('1157','483','81',null,null,'1','2',null,to_date('04/03/20','DD/MM/RR'),null);
Insert into MRVMM.T_GEND_DETALLE_INICIATIVA (ID_DETALLE_INICIATIVA,ID_INICIATIVA,ID_REMITENTE,ID_DESTINO,DESC_INICIATIVA,ID_ETAPA,ID_ESTADO,OBSERVACIONES,FECHA_DERIVACION,FECHA_RECEPCION) values ('1158','483','102','81','REGISTRO DE INICIATIVA','1','1',null,to_date('04/03/20','DD/MM/RR'),null);
Insert into MRVMM.T_GEND_DETALLE_INICIATIVA (ID_DETALLE_INICIATIVA,ID_INICIATIVA,ID_REMITENTE,ID_DESTINO,DESC_INICIATIVA,ID_ETAPA,ID_ESTADO,OBSERVACIONES,FECHA_DERIVACION,FECHA_RECEPCION) values ('1159','483','81',null,null,'1','2',null,to_date('04/03/20','DD/MM/RR'),null);
Insert into MRVMM.T_GEND_DETALLE_INICIATIVA (ID_DETALLE_INICIATIVA,ID_INICIATIVA,ID_REMITENTE,ID_DESTINO,DESC_INICIATIVA,ID_ETAPA,ID_ESTADO,OBSERVACIONES,FECHA_DERIVACION,FECHA_RECEPCION) values ('1160','483','102','81','REGISTRO DE INICIATIVA','1','1',null,to_date('04/03/20','DD/MM/RR'),null);
Insert into MRVMM.T_GEND_DETALLE_INICIATIVA (ID_DETALLE_INICIATIVA,ID_INICIATIVA,ID_REMITENTE,ID_DESTINO,DESC_INICIATIVA,ID_ETAPA,ID_ESTADO,OBSERVACIONES,FECHA_DERIVACION,FECHA_RECEPCION) values ('1161','483','81',null,null,'2','3',null,to_date('04/03/20','DD/MM/RR'),null);
Insert into MRVMM.T_GEND_DETALLE_INICIATIVA (ID_DETALLE_INICIATIVA,ID_INICIATIVA,ID_REMITENTE,ID_DESTINO,DESC_INICIATIVA,ID_ETAPA,ID_ESTADO,OBSERVACIONES,FECHA_DERIVACION,FECHA_RECEPCION) values ('1162','483','102',null,'REGISTRAR DETALLE INDICADOR','3','1',null,to_date('04/03/20','DD/MM/RR'),null);
Insert into MRVMM.T_GEND_DETALLE_INICIATIVA (ID_DETALLE_INICIATIVA,ID_INICIATIVA,ID_REMITENTE,ID_DESTINO,DESC_INICIATIVA,ID_ETAPA,ID_ESTADO,OBSERVACIONES,FECHA_DERIVACION,FECHA_RECEPCION) values ('1163','483','81',null,null,'3','2',null,to_date('04/03/20','DD/MM/RR'),null);
Insert into MRVMM.T_GEND_DETALLE_INICIATIVA (ID_DETALLE_INICIATIVA,ID_INICIATIVA,ID_REMITENTE,ID_DESTINO,DESC_INICIATIVA,ID_ETAPA,ID_ESTADO,OBSERVACIONES,FECHA_DERIVACION,FECHA_RECEPCION) values ('1164','483','102',null,null,'3','5',null,to_date('04/03/20','DD/MM/RR'),null);
Insert into MRVMM.T_GEND_DETALLE_INICIATIVA (ID_DETALLE_INICIATIVA,ID_INICIATIVA,ID_REMITENTE,ID_DESTINO,DESC_INICIATIVA,ID_ETAPA,ID_ESTADO,OBSERVACIONES,FECHA_DERIVACION,FECHA_RECEPCION) values ('1165','483','81',null,null,'3','2',null,to_date('04/03/20','DD/MM/RR'),null);
Insert into MRVMM.T_GEND_DETALLE_INICIATIVA (ID_DETALLE_INICIATIVA,ID_INICIATIVA,ID_REMITENTE,ID_DESTINO,DESC_INICIATIVA,ID_ETAPA,ID_ESTADO,OBSERVACIONES,FECHA_DERIVACION,FECHA_RECEPCION) values ('1166','342','122',null,null,'6','3',null,to_date('04/03/20','DD/MM/RR'),null);
Insert into MRVMM.T_GEND_DETALLE_INICIATIVA (ID_DETALLE_INICIATIVA,ID_INICIATIVA,ID_REMITENTE,ID_DESTINO,DESC_INICIATIVA,ID_ETAPA,ID_ESTADO,OBSERVACIONES,FECHA_DERIVACION,FECHA_RECEPCION) values ('1168','482','105',null,'REGISTRAR DETALLE INDICADOR','3','1',null,to_date('04/03/20','DD/MM/RR'),null);
Insert into MRVMM.T_GEND_DETALLE_INICIATIVA (ID_DETALLE_INICIATIVA,ID_INICIATIVA,ID_REMITENTE,ID_DESTINO,DESC_INICIATIVA,ID_ETAPA,ID_ESTADO,OBSERVACIONES,FECHA_DERIVACION,FECHA_RECEPCION) values ('1172','484','81',null,null,'4','3',null,to_date('04/03/20','DD/MM/RR'),null);
Insert into MRVMM.T_GEND_DETALLE_INICIATIVA (ID_DETALLE_INICIATIVA,ID_INICIATIVA,ID_REMITENTE,ID_DESTINO,DESC_INICIATIVA,ID_ETAPA,ID_ESTADO,OBSERVACIONES,FECHA_DERIVACION,FECHA_RECEPCION) values ('1173','484','22',null,null,'5','3',null,to_date('04/03/20','DD/MM/RR'),null);
Insert into MRVMM.T_GEND_DETALLE_INICIATIVA (ID_DETALLE_INICIATIVA,ID_INICIATIVA,ID_REMITENTE,ID_DESTINO,DESC_INICIATIVA,ID_ETAPA,ID_ESTADO,OBSERVACIONES,FECHA_DERIVACION,FECHA_RECEPCION) values ('1183','484','122',null,null,'6','3',null,to_date('07/03/20','DD/MM/RR'),null);
Insert into MRVMM.T_GEND_DETALLE_INICIATIVA (ID_DETALLE_INICIATIVA,ID_INICIATIVA,ID_REMITENTE,ID_DESTINO,DESC_INICIATIVA,ID_ETAPA,ID_ESTADO,OBSERVACIONES,FECHA_DERIVACION,FECHA_RECEPCION) values ('1185','443','22',null,null,'5','3',null,to_date('07/03/20','DD/MM/RR'),null);
Insert into MRVMM.T_GEND_DETALLE_INICIATIVA (ID_DETALLE_INICIATIVA,ID_INICIATIVA,ID_REMITENTE,ID_DESTINO,DESC_INICIATIVA,ID_ETAPA,ID_ESTADO,OBSERVACIONES,FECHA_DERIVACION,FECHA_RECEPCION) values ('1186','387','22',null,null,'5','3',null,to_date('07/03/20','DD/MM/RR'),null);
Insert into MRVMM.T_GEND_DETALLE_INICIATIVA (ID_DETALLE_INICIATIVA,ID_INICIATIVA,ID_REMITENTE,ID_DESTINO,DESC_INICIATIVA,ID_ETAPA,ID_ESTADO,OBSERVACIONES,FECHA_DERIVACION,FECHA_RECEPCION) values ('1187','443','122',null,null,'6','3',null,to_date('07/03/20','DD/MM/RR'),null);
Insert into MRVMM.T_GEND_DETALLE_INICIATIVA (ID_DETALLE_INICIATIVA,ID_INICIATIVA,ID_REMITENTE,ID_DESTINO,DESC_INICIATIVA,ID_ETAPA,ID_ESTADO,OBSERVACIONES,FECHA_DERIVACION,FECHA_RECEPCION) values ('1189','485','105','81','REGISTRO DE INICIATIVA','1','1',null,to_date('09/03/20','DD/MM/RR'),null);
Insert into MRVMM.T_GEND_DETALLE_INICIATIVA (ID_DETALLE_INICIATIVA,ID_INICIATIVA,ID_REMITENTE,ID_DESTINO,DESC_INICIATIVA,ID_ETAPA,ID_ESTADO,OBSERVACIONES,FECHA_DERIVACION,FECHA_RECEPCION) values ('1190','485','104',null,null,'2','3',null,to_date('09/03/20','DD/MM/RR'),null);
Insert into MRVMM.T_GEND_DETALLE_INICIATIVA (ID_DETALLE_INICIATIVA,ID_INICIATIVA,ID_REMITENTE,ID_DESTINO,DESC_INICIATIVA,ID_ETAPA,ID_ESTADO,OBSERVACIONES,FECHA_DERIVACION,FECHA_RECEPCION) values ('1191','501','105','81','REGISTRO INICIATIVA','1','1',null,to_date('09/03/20','DD/MM/RR'),null);
Insert into MRVMM.T_GEND_DETALLE_INICIATIVA (ID_DETALLE_INICIATIVA,ID_INICIATIVA,ID_REMITENTE,ID_DESTINO,DESC_INICIATIVA,ID_ETAPA,ID_ESTADO,OBSERVACIONES,FECHA_DERIVACION,FECHA_RECEPCION) values ('1194','501','104',null,null,'1','2',null,to_date('09/03/20','DD/MM/RR'),null);
Insert into MRVMM.T_GEND_DETALLE_INICIATIVA (ID_DETALLE_INICIATIVA,ID_INICIATIVA,ID_REMITENTE,ID_DESTINO,DESC_INICIATIVA,ID_ETAPA,ID_ESTADO,OBSERVACIONES,FECHA_DERIVACION,FECHA_RECEPCION) values ('1205','502','81',null,null,'2','3',null,to_date('10/03/20','DD/MM/RR'),null);
Insert into MRVMM.T_GEND_DETALLE_INICIATIVA (ID_DETALLE_INICIATIVA,ID_INICIATIVA,ID_REMITENTE,ID_DESTINO,DESC_INICIATIVA,ID_ETAPA,ID_ESTADO,OBSERVACIONES,FECHA_DERIVACION,FECHA_RECEPCION) values ('1206','502','105',null,'REGISTRAR DETALLE INDICADOR','3','1',null,to_date('10/03/20','DD/MM/RR'),null);
Insert into MRVMM.T_GEND_DETALLE_INICIATIVA (ID_DETALLE_INICIATIVA,ID_INICIATIVA,ID_REMITENTE,ID_DESTINO,DESC_INICIATIVA,ID_ETAPA,ID_ESTADO,OBSERVACIONES,FECHA_DERIVACION,FECHA_RECEPCION) values ('1207','502','81',null,null,'4','3',null,to_date('10/03/20','DD/MM/RR'),null);
Insert into MRVMM.T_GEND_DETALLE_INICIATIVA (ID_DETALLE_INICIATIVA,ID_INICIATIVA,ID_REMITENTE,ID_DESTINO,DESC_INICIATIVA,ID_ETAPA,ID_ESTADO,OBSERVACIONES,FECHA_DERIVACION,FECHA_RECEPCION) values ('1209','502','122',null,null,'6','3',null,to_date('10/03/20','DD/MM/RR'),null);
Insert into MRVMM.T_GEND_DETALLE_INICIATIVA (ID_DETALLE_INICIATIVA,ID_INICIATIVA,ID_REMITENTE,ID_DESTINO,DESC_INICIATIVA,ID_ETAPA,ID_ESTADO,OBSERVACIONES,FECHA_DERIVACION,FECHA_RECEPCION) values ('1210','502','123',null,null,'7','3',null,to_date('10/03/20','DD/MM/RR'),null);
Insert into MRVMM.T_GEND_DETALLE_INICIATIVA (ID_DETALLE_INICIATIVA,ID_INICIATIVA,ID_REMITENTE,ID_DESTINO,DESC_INICIATIVA,ID_ETAPA,ID_ESTADO,OBSERVACIONES,FECHA_DERIVACION,FECHA_RECEPCION) values ('1211','503','105','81','REGISTRO INICIATIVA','1','1',null,to_date('10/03/20','DD/MM/RR'),null);
Insert into MRVMM.T_GEND_DETALLE_INICIATIVA (ID_DETALLE_INICIATIVA,ID_INICIATIVA,ID_REMITENTE,ID_DESTINO,DESC_INICIATIVA,ID_ETAPA,ID_ESTADO,OBSERVACIONES,FECHA_DERIVACION,FECHA_RECEPCION) values ('1212','504','105','81','REGISTRO INICIATIVA','1','1',null,to_date('10/03/20','DD/MM/RR'),null);
Insert into MRVMM.T_GEND_DETALLE_INICIATIVA (ID_DETALLE_INICIATIVA,ID_INICIATIVA,ID_REMITENTE,ID_DESTINO,DESC_INICIATIVA,ID_ETAPA,ID_ESTADO,OBSERVACIONES,FECHA_DERIVACION,FECHA_RECEPCION) values ('1213','504','81',null,null,'2','3',null,to_date('10/03/20','DD/MM/RR'),null);
Insert into MRVMM.T_GEND_DETALLE_INICIATIVA (ID_DETALLE_INICIATIVA,ID_INICIATIVA,ID_REMITENTE,ID_DESTINO,DESC_INICIATIVA,ID_ETAPA,ID_ESTADO,OBSERVACIONES,FECHA_DERIVACION,FECHA_RECEPCION) values ('1214','504','105',null,'REGISTRAR DETALLE INDICADOR','3','1',null,to_date('10/03/20','DD/MM/RR'),null);
Insert into MRVMM.T_GEND_DETALLE_INICIATIVA (ID_DETALLE_INICIATIVA,ID_INICIATIVA,ID_REMITENTE,ID_DESTINO,DESC_INICIATIVA,ID_ETAPA,ID_ESTADO,OBSERVACIONES,FECHA_DERIVACION,FECHA_RECEPCION) values ('1215','504','81',null,null,'4','3',null,to_date('10/03/20','DD/MM/RR'),null);
Insert into MRVMM.T_GEND_DETALLE_INICIATIVA (ID_DETALLE_INICIATIVA,ID_INICIATIVA,ID_REMITENTE,ID_DESTINO,DESC_INICIATIVA,ID_ETAPA,ID_ESTADO,OBSERVACIONES,FECHA_DERIVACION,FECHA_RECEPCION) values ('1216','504','22',null,null,'5','3',null,to_date('10/03/20','DD/MM/RR'),null);
Insert into MRVMM.T_GEND_DETALLE_INICIATIVA (ID_DETALLE_INICIATIVA,ID_INICIATIVA,ID_REMITENTE,ID_DESTINO,DESC_INICIATIVA,ID_ETAPA,ID_ESTADO,OBSERVACIONES,FECHA_DERIVACION,FECHA_RECEPCION) values ('1218','504','123',null,null,'7','3',null,to_date('10/03/20','DD/MM/RR'),null);
Insert into MRVMM.T_GEND_DETALLE_INICIATIVA (ID_DETALLE_INICIATIVA,ID_INICIATIVA,ID_REMITENTE,ID_DESTINO,DESC_INICIATIVA,ID_ETAPA,ID_ESTADO,OBSERVACIONES,FECHA_DERIVACION,FECHA_RECEPCION) values ('1221','521','105','81','REGISTRO INICIATIVA','1','1',null,to_date('11/03/20','DD/MM/RR'),null);
Insert into MRVMM.T_GEND_DETALLE_INICIATIVA (ID_DETALLE_INICIATIVA,ID_INICIATIVA,ID_REMITENTE,ID_DESTINO,DESC_INICIATIVA,ID_ETAPA,ID_ESTADO,OBSERVACIONES,FECHA_DERIVACION,FECHA_RECEPCION) values ('1224','429','22',null,null,'5','3',null,to_date('11/03/20','DD/MM/RR'),null);
Insert into MRVMM.T_GEND_DETALLE_INICIATIVA (ID_DETALLE_INICIATIVA,ID_INICIATIVA,ID_REMITENTE,ID_DESTINO,DESC_INICIATIVA,ID_ETAPA,ID_ESTADO,OBSERVACIONES,FECHA_DERIVACION,FECHA_RECEPCION) values ('1225','428','22',null,null,'5','3',null,to_date('11/03/20','DD/MM/RR'),null);
Insert into MRVMM.T_GEND_DETALLE_INICIATIVA (ID_DETALLE_INICIATIVA,ID_INICIATIVA,ID_REMITENTE,ID_DESTINO,DESC_INICIATIVA,ID_ETAPA,ID_ESTADO,OBSERVACIONES,FECHA_DERIVACION,FECHA_RECEPCION) values ('1226','421','22',null,null,'8','3',null,to_date('11/03/20','DD/MM/RR'),null);
Insert into MRVMM.T_GEND_DETALLE_INICIATIVA (ID_DETALLE_INICIATIVA,ID_INICIATIVA,ID_REMITENTE,ID_DESTINO,DESC_INICIATIVA,ID_ETAPA,ID_ESTADO,OBSERVACIONES,FECHA_DERIVACION,FECHA_RECEPCION) values ('1227','344','22',null,null,'5','3',null,to_date('11/03/20','DD/MM/RR'),null);
Insert into MRVMM.T_GEND_DETALLE_INICIATIVA (ID_DETALLE_INICIATIVA,ID_INICIATIVA,ID_REMITENTE,ID_DESTINO,DESC_INICIATIVA,ID_ETAPA,ID_ESTADO,OBSERVACIONES,FECHA_DERIVACION,FECHA_RECEPCION) values ('1228','395','81',null,null,'4','3',null,to_date('11/03/20','DD/MM/RR'),null);
Insert into MRVMM.T_GEND_DETALLE_INICIATIVA (ID_DETALLE_INICIATIVA,ID_INICIATIVA,ID_REMITENTE,ID_DESTINO,DESC_INICIATIVA,ID_ETAPA,ID_ESTADO,OBSERVACIONES,FECHA_DERIVACION,FECHA_RECEPCION) values ('1246','465','123',null,null,'7','3',null,to_date('12/03/20','DD/MM/RR'),null);
Insert into MRVMM.T_GEND_DETALLE_INICIATIVA (ID_DETALLE_INICIATIVA,ID_INICIATIVA,ID_REMITENTE,ID_DESTINO,DESC_INICIATIVA,ID_ETAPA,ID_ESTADO,OBSERVACIONES,FECHA_DERIVACION,FECHA_RECEPCION) values ('1249','395','123',null,null,'7','3',null,to_date('12/03/20','DD/MM/RR'),null);
Insert into MRVMM.T_GEND_DETALLE_INICIATIVA (ID_DETALLE_INICIATIVA,ID_INICIATIVA,ID_REMITENTE,ID_DESTINO,DESC_INICIATIVA,ID_ETAPA,ID_ESTADO,OBSERVACIONES,FECHA_DERIVACION,FECHA_RECEPCION) values ('1264','394','0',null,null,'9','3',null,to_date('12/03/20','DD/MM/RR'),null);
Insert into MRVMM.T_GEND_DETALLE_INICIATIVA (ID_DETALLE_INICIATIVA,ID_INICIATIVA,ID_REMITENTE,ID_DESTINO,DESC_INICIATIVA,ID_ETAPA,ID_ESTADO,OBSERVACIONES,FECHA_DERIVACION,FECHA_RECEPCION) values ('1268','503','81',null,null,'4','3',null,to_date('12/03/20','DD/MM/RR'),null);
Insert into MRVMM.T_GEND_DETALLE_INICIATIVA (ID_DETALLE_INICIATIVA,ID_INICIATIVA,ID_REMITENTE,ID_DESTINO,DESC_INICIATIVA,ID_ETAPA,ID_ESTADO,OBSERVACIONES,FECHA_DERIVACION,FECHA_RECEPCION) values ('1277','343','105',null,'REGISTRAR DETALLE INDICADOR','3','1',null,to_date('12/03/20','DD/MM/RR'),null);
Insert into MRVMM.T_GEND_DETALLE_INICIATIVA (ID_DETALLE_INICIATIVA,ID_INICIATIVA,ID_REMITENTE,ID_DESTINO,DESC_INICIATIVA,ID_ETAPA,ID_ESTADO,OBSERVACIONES,FECHA_DERIVACION,FECHA_RECEPCION) values ('1284','541','105','81','REGISTRO INICIATIVA','1','1',null,to_date('12/03/20','DD/MM/RR'),null);
Insert into MRVMM.T_GEND_DETALLE_INICIATIVA (ID_DETALLE_INICIATIVA,ID_INICIATIVA,ID_REMITENTE,ID_DESTINO,DESC_INICIATIVA,ID_ETAPA,ID_ESTADO,OBSERVACIONES,FECHA_DERIVACION,FECHA_RECEPCION) values ('1285','542','105','81','REGISTRO INICIATIVA','1','1',null,to_date('12/03/20','DD/MM/RR'),null);
Insert into MRVMM.T_GEND_DETALLE_INICIATIVA (ID_DETALLE_INICIATIVA,ID_INICIATIVA,ID_REMITENTE,ID_DESTINO,DESC_INICIATIVA,ID_ETAPA,ID_ESTADO,OBSERVACIONES,FECHA_DERIVACION,FECHA_RECEPCION) values ('1294','485','105',null,'GUARDAR AVANCE DETALLE','3','0',null,to_date('12/03/20','DD/MM/RR'),null);
Insert into MRVMM.T_GEND_DETALLE_INICIATIVA (ID_DETALLE_INICIATIVA,ID_INICIATIVA,ID_REMITENTE,ID_DESTINO,DESC_INICIATIVA,ID_ETAPA,ID_ESTADO,OBSERVACIONES,FECHA_DERIVACION,FECHA_RECEPCION) values ('1305','423','105',null,'GUARDAR AVANCE DETALLE','3','0',null,to_date('12/03/20','DD/MM/RR'),null);
Insert into MRVMM.T_GEND_DETALLE_INICIATIVA (ID_DETALLE_INICIATIVA,ID_INICIATIVA,ID_REMITENTE,ID_DESTINO,DESC_INICIATIVA,ID_ETAPA,ID_ESTADO,OBSERVACIONES,FECHA_DERIVACION,FECHA_RECEPCION) values ('1327','423','22',null,null,'5','3','CO2 - CH4|COMBUSTIBLES SOLIDOS - ENERGIA SOLAR - ENERGIA EOLICA|134.11',to_date('13/03/20','DD/MM/RR'),null);
Insert into MRVMM.T_GEND_DETALLE_INICIATIVA (ID_DETALLE_INICIATIVA,ID_INICIATIVA,ID_REMITENTE,ID_DESTINO,DESC_INICIATIVA,ID_ETAPA,ID_ESTADO,OBSERVACIONES,FECHA_DERIVACION,FECHA_RECEPCION) values ('1365','453','123',null,null,'7','3','Promoción de vehículos eléctricos - PVE|Flota 3004 autos carbono|0|123|123',to_date('14/03/20','DD/MM/RR'),null);
Insert into MRVMM.T_GEND_DETALLE_INICIATIVA (ID_DETALLE_INICIATIVA,ID_INICIATIVA,ID_REMITENTE,ID_DESTINO,DESC_INICIATIVA,ID_ETAPA,ID_ESTADO,OBSERVACIONES,FECHA_DERIVACION,FECHA_RECEPCION) values ('1366','429','123',null,null,'7','3','Promoción de vehículos eléctricos - PVE|Compra de nueva flota de autos 4M|0|123|123',to_date('14/03/20','DD/MM/RR'),null);
Insert into MRVMM.T_GEND_DETALLE_INICIATIVA (ID_DETALLE_INICIATIVA,ID_INICIATIVA,ID_REMITENTE,ID_DESTINO,DESC_INICIATIVA,ID_ETAPA,ID_ESTADO,OBSERVACIONES,FECHA_DERIVACION,FECHA_RECEPCION) values ('1367','562','105',null,'GUARDAR AVANCE','1','0','Buses y carros de prueba electricos|Promoción de vehículos eléctricos - PVE',to_date('14/03/20','DD/MM/RR'),null);
Insert into MRVMM.T_GEND_DETALLE_INICIATIVA (ID_DETALLE_INICIATIVA,ID_INICIATIVA,ID_REMITENTE,ID_DESTINO,DESC_INICIATIVA,ID_ETAPA,ID_ESTADO,OBSERVACIONES,FECHA_DERIVACION,FECHA_RECEPCION) values ('1368','562','105','81','REGISTRO DE INICIATIVA','1','1','Buses y carros de prueba electricos|Promoción de vehículos eléctricos - PVE|21/03/2019|SOLES|12000',to_date('14/03/20','DD/MM/RR'),null);
Insert into MRVMM.T_GEND_DETALLE_INICIATIVA (ID_DETALLE_INICIATIVA,ID_INICIATIVA,ID_REMITENTE,ID_DESTINO,DESC_INICIATIVA,ID_ETAPA,ID_ESTADO,OBSERVACIONES,FECHA_DERIVACION,FECHA_RECEPCION) values ('1370','562','105',null,'GUARDAR AVANCE','1','6','Buses y carros de prueba electricos|Promoción de vehículos eléctricos - PVE|21/03/2019|SOLES|12000',to_date('14/03/20','DD/MM/RR'),null);
Insert into MRVMM.T_GEND_DETALLE_INICIATIVA (ID_DETALLE_INICIATIVA,ID_INICIATIVA,ID_REMITENTE,ID_DESTINO,DESC_INICIATIVA,ID_ETAPA,ID_ESTADO,OBSERVACIONES,FECHA_DERIVACION,FECHA_RECEPCION) values ('1371','562','105','81','CORRECCION DE INICIATIVA','1','5','Buses y carros de prueba electricos|Promoción de vehículos eléctricos - PVE|21/03/2019|SOLES|12000',to_date('14/03/20','DD/MM/RR'),null);
Insert into MRVMM.T_GEND_DETALLE_INICIATIVA (ID_DETALLE_INICIATIVA,ID_INICIATIVA,ID_REMITENTE,ID_DESTINO,DESC_INICIATIVA,ID_ETAPA,ID_ESTADO,OBSERVACIONES,FECHA_DERIVACION,FECHA_RECEPCION) values ('1372','394','122',null,null,'6','3','Lámparas de alumbrado público - LAP|Alumbrado LED Parque Cieneguilla|9.1|Juan Soto|059514883fb05d4a994b9c201b808db7c02b1325e3fb7a86db7995fa1679e814',to_date('14/03/20','DD/MM/RR'),null);
Insert into MRVMM.T_GEND_DETALLE_INICIATIVA (ID_DETALLE_INICIATIVA,ID_INICIATIVA,ID_REMITENTE,ID_DESTINO,DESC_INICIATIVA,ID_ETAPA,ID_ESTADO,OBSERVACIONES,FECHA_DERIVACION,FECHA_RECEPCION) values ('1374','562','105',null,'GUARDAR AVANCE DETALLE','3','0','Promoción de vehículos eléctricos - PVE|VEHICULOS ELECTRICOS (CONSUMO)|0|0',to_date('14/03/20','DD/MM/RR'),null);
Insert into MRVMM.T_GEND_DETALLE_INICIATIVA (ID_DETALLE_INICIATIVA,ID_INICIATIVA,ID_REMITENTE,ID_DESTINO,DESC_INICIATIVA,ID_ETAPA,ID_ESTADO,OBSERVACIONES,FECHA_DERIVACION,FECHA_RECEPCION) values ('1375','562','105',null,'REGISTRAR DETALLE INDICADOR','3','1','Promoción de vehículos eléctricos - PVE|VEHICULOS ELECTRICOS (RECORRIDO)|1|0',to_date('14/03/20','DD/MM/RR'),null);
Insert into MRVMM.T_GEND_DETALLE_INICIATIVA (ID_DETALLE_INICIATIVA,ID_INICIATIVA,ID_REMITENTE,ID_DESTINO,DESC_INICIATIVA,ID_ETAPA,ID_ESTADO,OBSERVACIONES,FECHA_DERIVACION,FECHA_RECEPCION) values ('1377','562','105',null,null,'3','5','Promoción de vehículos eléctricos - PVE|VEHICULOS ELECTRICOS (RECORRIDO)|1|0',to_date('14/03/20','DD/MM/RR'),null);
Insert into MRVMM.T_GEND_DETALLE_INICIATIVA (ID_DETALLE_INICIATIVA,ID_INICIATIVA,ID_REMITENTE,ID_DESTINO,DESC_INICIATIVA,ID_ETAPA,ID_ESTADO,OBSERVACIONES,FECHA_DERIVACION,FECHA_RECEPCION) values ('1391','565','105','81','REGISTRO INICIATIVA','1','1','Cambio de buses electricos de 15M|Promoción de vehículos eléctricos - PVE|21/03/2018|DOLARES|120000',to_date('14/03/20','DD/MM/RR'),null);
Insert into MRVMM.T_GEND_DETALLE_INICIATIVA (ID_DETALLE_INICIATIVA,ID_INICIATIVA,ID_REMITENTE,ID_DESTINO,DESC_INICIATIVA,ID_ETAPA,ID_ESTADO,OBSERVACIONES,FECHA_DERIVACION,FECHA_RECEPCION) values ('1392','563','105',null,'REGISTRAR DETALLE INDICADOR','3','1','Cocción limpia - CL|COCCION LIMPIA (LEÑA)|1|807.51',to_date('14/03/20','DD/MM/RR'),null);
Insert into MRVMM.T_GEND_DETALLE_INICIATIVA (ID_DETALLE_INICIATIVA,ID_INICIATIVA,ID_REMITENTE,ID_DESTINO,DESC_INICIATIVA,ID_ETAPA,ID_ESTADO,OBSERVACIONES,FECHA_DERIVACION,FECHA_RECEPCION) values ('1393','565','104',null,null,'2','3','CO2|COMBUSTIBLES SOLIDOS',to_date('14/03/20','DD/MM/RR'),null);
Insert into MRVMM.T_GEND_DETALLE_INICIATIVA (ID_DETALLE_INICIATIVA,ID_INICIATIVA,ID_REMITENTE,ID_DESTINO,DESC_INICIATIVA,ID_ETAPA,ID_ESTADO,OBSERVACIONES,FECHA_DERIVACION,FECHA_RECEPCION) values ('1395','565','105',null,'REGISTRAR DETALLE INDICADOR','3','1','Promoción de vehículos eléctricos - PVE|VEHICULOS ELECTRICOS (RECORRIDO)|1|0',to_date('14/03/20','DD/MM/RR'),null);
Insert into MRVMM.T_GEND_DETALLE_INICIATIVA (ID_DETALLE_INICIATIVA,ID_INICIATIVA,ID_REMITENTE,ID_DESTINO,DESC_INICIATIVA,ID_ETAPA,ID_ESTADO,OBSERVACIONES,FECHA_DERIVACION,FECHA_RECEPCION) values ('1396','562','122',null,null,'6','3','Promoción de vehículos eléctricos - PVE|Buses y carros de prueba electricos|4891,84|Juan Soto|1a94828113c0b7abac334271ff252e9a8ff62f28eb4e32608a4d42673500f70c',to_date('14/03/20','DD/MM/RR'),null);
Insert into MRVMM.T_GEND_DETALLE_INICIATIVA (ID_DETALLE_INICIATIVA,ID_INICIATIVA,ID_REMITENTE,ID_DESTINO,DESC_INICIATIVA,ID_ETAPA,ID_ESTADO,OBSERVACIONES,FECHA_DERIVACION,FECHA_RECEPCION) values ('1397','566','105','81','REGISTRO INICIATIVA','1','1','Autos eléctricos 4001 |Promoción de vehículos eléctricos - PVE|10/10/2021|SOLES|12000002',to_date('14/03/20','DD/MM/RR'),null);
Insert into MRVMM.T_GEND_DETALLE_INICIATIVA (ID_DETALLE_INICIATIVA,ID_INICIATIVA,ID_REMITENTE,ID_DESTINO,DESC_INICIATIVA,ID_ETAPA,ID_ESTADO,OBSERVACIONES,FECHA_DERIVACION,FECHA_RECEPCION) values ('1398','567','105','81','REGISTRO INICIATIVA','1','1','Autos electricos 4002|Promoción de vehículos eléctricos - PVE|11/02/2020|SOLES|12000000.2',to_date('14/03/20','DD/MM/RR'),null);
Insert into MRVMM.T_GEND_DETALLE_INICIATIVA (ID_DETALLE_INICIATIVA,ID_INICIATIVA,ID_REMITENTE,ID_DESTINO,DESC_INICIATIVA,ID_ETAPA,ID_ESTADO,OBSERVACIONES,FECHA_DERIVACION,FECHA_RECEPCION) values ('1403','374','105',null,null,'3','5','Promoción de vehículos eléctricos - PVE|VEHICULOS ELECTRICOS (RECORRIDO)|2|7.87',to_date('14/03/20','DD/MM/RR'),null);
Insert into MRVMM.T_GEND_DETALLE_INICIATIVA (ID_DETALLE_INICIATIVA,ID_INICIATIVA,ID_REMITENTE,ID_DESTINO,DESC_INICIATIVA,ID_ETAPA,ID_ESTADO,OBSERVACIONES,FECHA_DERIVACION,FECHA_RECEPCION) values ('1404','568','105',null,'REGISTRAR DETALLE INDICADOR','3','1','Cocción limpia - CL|COCCION LIMPIA (LEÑA)|2|0',to_date('14/03/20','DD/MM/RR'),null);
Insert into MRVMM.T_GEND_DETALLE_INICIATIVA (ID_DETALLE_INICIATIVA,ID_INICIATIVA,ID_REMITENTE,ID_DESTINO,DESC_INICIATIVA,ID_ETAPA,ID_ESTADO,OBSERVACIONES,FECHA_DERIVACION,FECHA_RECEPCION) values ('1405','568','105',null,'REGISTRAR DETALLE INDICADOR','3','1','Cocción limpia - CL|COCCION LIMPIA (LEÑA)|2|0',to_date('14/03/20','DD/MM/RR'),null);
Insert into MRVMM.T_GEND_DETALLE_INICIATIVA (ID_DETALLE_INICIATIVA,ID_INICIATIVA,ID_REMITENTE,ID_DESTINO,DESC_INICIATIVA,ID_ETAPA,ID_ESTADO,OBSERVACIONES,FECHA_DERIVACION,FECHA_RECEPCION) values ('1406','374','105',null,null,'3','5','Promoción de vehículos eléctricos - PVE|VEHICULOS ELECTRICOS (RECORRIDO)|2|7.87',to_date('14/03/20','DD/MM/RR'),null);
Insert into MRVMM.T_GEND_DETALLE_INICIATIVA (ID_DETALLE_INICIATIVA,ID_INICIATIVA,ID_REMITENTE,ID_DESTINO,DESC_INICIATIVA,ID_ETAPA,ID_ESTADO,OBSERVACIONES,FECHA_DERIVACION,FECHA_RECEPCION) values ('1408','568','81',null,null,'4','3','COMBUSTIBLES SOLIDOS - ENERGIA SOLAR|CO2 - CH4|6956,02',to_date('14/03/20','DD/MM/RR'),null);
Insert into MRVMM.T_GEND_DETALLE_INICIATIVA (ID_DETALLE_INICIATIVA,ID_INICIATIVA,ID_REMITENTE,ID_DESTINO,DESC_INICIATIVA,ID_ETAPA,ID_ESTADO,OBSERVACIONES,FECHA_DERIVACION,FECHA_RECEPCION) values ('1409','568','81',null,null,'4','3','COMBUSTIBLES SOLIDOS - ENERGIA SOLAR|CO2 - CH4|6956,02',to_date('14/03/20','DD/MM/RR'),null);
Insert into MRVMM.T_GEND_DETALLE_INICIATIVA (ID_DETALLE_INICIATIVA,ID_INICIATIVA,ID_REMITENTE,ID_DESTINO,DESC_INICIATIVA,ID_ETAPA,ID_ESTADO,OBSERVACIONES,FECHA_DERIVACION,FECHA_RECEPCION) values ('1411','569','105','81','REGISTRO INICIATIVA','1','1','Carros Honda y buses Etuchisa electricos|Promoción de vehículos eléctricos - PVE|21/03/2017|SOLES|1200',to_date('14/03/20','DD/MM/RR'),null);
Insert into MRVMM.T_GEND_DETALLE_INICIATIVA (ID_DETALLE_INICIATIVA,ID_INICIATIVA,ID_REMITENTE,ID_DESTINO,DESC_INICIATIVA,ID_ETAPA,ID_ESTADO,OBSERVACIONES,FECHA_DERIVACION,FECHA_RECEPCION) values ('1412','569','104',null,null,'2','3','CO2 - CH4|COMBUSTIBLES SOLIDOS - ENERGIA SOLAR',to_date('14/03/20','DD/MM/RR'),null);
Insert into MRVMM.T_GEND_DETALLE_INICIATIVA (ID_DETALLE_INICIATIVA,ID_INICIATIVA,ID_REMITENTE,ID_DESTINO,DESC_INICIATIVA,ID_ETAPA,ID_ESTADO,OBSERVACIONES,FECHA_DERIVACION,FECHA_RECEPCION) values ('795','344','105','81','REGISTRO INICIATIVA','1','1',null,to_date('13/02/20','DD/MM/RR'),null);
Insert into MRVMM.T_GEND_DETALLE_INICIATIVA (ID_DETALLE_INICIATIVA,ID_INICIATIVA,ID_REMITENTE,ID_DESTINO,DESC_INICIATIVA,ID_ETAPA,ID_ESTADO,OBSERVACIONES,FECHA_DERIVACION,FECHA_RECEPCION) values ('796','343','81',null,null,'2','3',null,to_date('13/02/20','DD/MM/RR'),null);
Insert into MRVMM.T_GEND_DETALLE_INICIATIVA (ID_DETALLE_INICIATIVA,ID_INICIATIVA,ID_REMITENTE,ID_DESTINO,DESC_INICIATIVA,ID_ETAPA,ID_ESTADO,OBSERVACIONES,FECHA_DERIVACION,FECHA_RECEPCION) values ('803','344','81',null,null,'2','3',null,to_date('14/02/20','DD/MM/RR'),null);
Insert into MRVMM.T_GEND_DETALLE_INICIATIVA (ID_DETALLE_INICIATIVA,ID_INICIATIVA,ID_REMITENTE,ID_DESTINO,DESC_INICIATIVA,ID_ETAPA,ID_ESTADO,OBSERVACIONES,FECHA_DERIVACION,FECHA_RECEPCION) values ('804','344','105',null,'REGISTRAR DETALLE INDICADOR','3','1',null,to_date('14/02/20','DD/MM/RR'),null);
Insert into MRVMM.T_GEND_DETALLE_INICIATIVA (ID_DETALLE_INICIATIVA,ID_INICIATIVA,ID_REMITENTE,ID_DESTINO,DESC_INICIATIVA,ID_ETAPA,ID_ESTADO,OBSERVACIONES,FECHA_DERIVACION,FECHA_RECEPCION) values ('850','382','181','81','REGISTRO INICIATIVA','1','1',null,to_date('20/02/20','DD/MM/RR'),null);
Insert into MRVMM.T_GEND_DETALLE_INICIATIVA (ID_DETALLE_INICIATIVA,ID_INICIATIVA,ID_REMITENTE,ID_DESTINO,DESC_INICIATIVA,ID_ETAPA,ID_ESTADO,OBSERVACIONES,FECHA_DERIVACION,FECHA_RECEPCION) values ('876','388','105','81','REGISTRO INICIATIVA','1','1',null,to_date('20/02/20','DD/MM/RR'),null);
Insert into MRVMM.T_GEND_DETALLE_INICIATIVA (ID_DETALLE_INICIATIVA,ID_INICIATIVA,ID_REMITENTE,ID_DESTINO,DESC_INICIATIVA,ID_ETAPA,ID_ESTADO,OBSERVACIONES,FECHA_DERIVACION,FECHA_RECEPCION) values ('877','388','81',null,null,'2','3',null,to_date('20/02/20','DD/MM/RR'),null);
Insert into MRVMM.T_GEND_DETALLE_INICIATIVA (ID_DETALLE_INICIATIVA,ID_INICIATIVA,ID_REMITENTE,ID_DESTINO,DESC_INICIATIVA,ID_ETAPA,ID_ESTADO,OBSERVACIONES,FECHA_DERIVACION,FECHA_RECEPCION) values ('954','421','105',null,'REGISTRAR DETALLE INDICADOR','3','1',null,to_date('25/02/20','DD/MM/RR'),null);
Insert into MRVMM.T_GEND_DETALLE_INICIATIVA (ID_DETALLE_INICIATIVA,ID_INICIATIVA,ID_REMITENTE,ID_DESTINO,DESC_INICIATIVA,ID_ETAPA,ID_ESTADO,OBSERVACIONES,FECHA_DERIVACION,FECHA_RECEPCION) values ('955','421','81',null,null,'4','3',null,to_date('25/02/20','DD/MM/RR'),null);
Insert into MRVMM.T_GEND_DETALLE_INICIATIVA (ID_DETALLE_INICIATIVA,ID_INICIATIVA,ID_REMITENTE,ID_DESTINO,DESC_INICIATIVA,ID_ETAPA,ID_ESTADO,OBSERVACIONES,FECHA_DERIVACION,FECHA_RECEPCION) values ('956','366','81',null,null,'2','3',null,to_date('25/02/20','DD/MM/RR'),null);
Insert into MRVMM.T_GEND_DETALLE_INICIATIVA (ID_DETALLE_INICIATIVA,ID_INICIATIVA,ID_REMITENTE,ID_DESTINO,DESC_INICIATIVA,ID_ETAPA,ID_ESTADO,OBSERVACIONES,FECHA_DERIVACION,FECHA_RECEPCION) values ('957','428','105',null,'REGISTRAR DETALLE INDICADOR','3','1',null,to_date('25/02/20','DD/MM/RR'),null);
Insert into MRVMM.T_GEND_DETALLE_INICIATIVA (ID_DETALLE_INICIATIVA,ID_INICIATIVA,ID_REMITENTE,ID_DESTINO,DESC_INICIATIVA,ID_ETAPA,ID_ESTADO,OBSERVACIONES,FECHA_DERIVACION,FECHA_RECEPCION) values ('958','428','104',null,null,'3','2',null,to_date('25/02/20','DD/MM/RR'),null);
Insert into MRVMM.T_GEND_DETALLE_INICIATIVA (ID_DETALLE_INICIATIVA,ID_INICIATIVA,ID_REMITENTE,ID_DESTINO,DESC_INICIATIVA,ID_ETAPA,ID_ESTADO,OBSERVACIONES,FECHA_DERIVACION,FECHA_RECEPCION) values ('960','428','104',null,null,'3','2',null,to_date('25/02/20','DD/MM/RR'),null);
Insert into MRVMM.T_GEND_DETALLE_INICIATIVA (ID_DETALLE_INICIATIVA,ID_INICIATIVA,ID_REMITENTE,ID_DESTINO,DESC_INICIATIVA,ID_ETAPA,ID_ESTADO,OBSERVACIONES,FECHA_DERIVACION,FECHA_RECEPCION) values ('962','430','81',null,null,'2','3',null,to_date('25/02/20','DD/MM/RR'),null);
Insert into MRVMM.T_GEND_DETALLE_INICIATIVA (ID_DETALLE_INICIATIVA,ID_INICIATIVA,ID_REMITENTE,ID_DESTINO,DESC_INICIATIVA,ID_ETAPA,ID_ESTADO,OBSERVACIONES,FECHA_DERIVACION,FECHA_RECEPCION) values ('963','428','105',null,'GUARDAR AVANCE DETALLE OBSERVACION','3','6',null,to_date('25/02/20','DD/MM/RR'),null);
Insert into MRVMM.T_GEND_DETALLE_INICIATIVA (ID_DETALLE_INICIATIVA,ID_INICIATIVA,ID_REMITENTE,ID_DESTINO,DESC_INICIATIVA,ID_ETAPA,ID_ESTADO,OBSERVACIONES,FECHA_DERIVACION,FECHA_RECEPCION) values ('964','428','105',null,'GUARDAR AVANCE DETALLE OBSERVACION','3','6',null,to_date('25/02/20','DD/MM/RR'),null);
Insert into MRVMM.T_GEND_DETALLE_INICIATIVA (ID_DETALLE_INICIATIVA,ID_INICIATIVA,ID_REMITENTE,ID_DESTINO,DESC_INICIATIVA,ID_ETAPA,ID_ESTADO,OBSERVACIONES,FECHA_DERIVACION,FECHA_RECEPCION) values ('965','428','105',null,'GUARDAR AVANCE DETALLE OBSERVACION','3','6',null,to_date('25/02/20','DD/MM/RR'),null);
Insert into MRVMM.T_GEND_DETALLE_INICIATIVA (ID_DETALLE_INICIATIVA,ID_INICIATIVA,ID_REMITENTE,ID_DESTINO,DESC_INICIATIVA,ID_ETAPA,ID_ESTADO,OBSERVACIONES,FECHA_DERIVACION,FECHA_RECEPCION) values ('966','428','105',null,'GUARDAR AVANCE DETALLE OBSERVACION','3','6',null,to_date('25/02/20','DD/MM/RR'),null);
Insert into MRVMM.T_GEND_DETALLE_INICIATIVA (ID_DETALLE_INICIATIVA,ID_INICIATIVA,ID_REMITENTE,ID_DESTINO,DESC_INICIATIVA,ID_ETAPA,ID_ESTADO,OBSERVACIONES,FECHA_DERIVACION,FECHA_RECEPCION) values ('967','428','105',null,'GUARDAR AVANCE DETALLE OBSERVACION','3','6',null,to_date('25/02/20','DD/MM/RR'),null);
Insert into MRVMM.T_GEND_DETALLE_INICIATIVA (ID_DETALLE_INICIATIVA,ID_INICIATIVA,ID_REMITENTE,ID_DESTINO,DESC_INICIATIVA,ID_ETAPA,ID_ESTADO,OBSERVACIONES,FECHA_DERIVACION,FECHA_RECEPCION) values ('968','428','105',null,'GUARDAR AVANCE DETALLE OBSERVACION','3','6',null,to_date('25/02/20','DD/MM/RR'),null);
Insert into MRVMM.T_GEND_DETALLE_INICIATIVA (ID_DETALLE_INICIATIVA,ID_INICIATIVA,ID_REMITENTE,ID_DESTINO,DESC_INICIATIVA,ID_ETAPA,ID_ESTADO,OBSERVACIONES,FECHA_DERIVACION,FECHA_RECEPCION) values ('969','431','220','81','REGISTRO INICIATIVA','1','1',null,to_date('26/02/20','DD/MM/RR'),null);
Insert into MRVMM.T_GEND_DETALLE_INICIATIVA (ID_DETALLE_INICIATIVA,ID_INICIATIVA,ID_REMITENTE,ID_DESTINO,DESC_INICIATIVA,ID_ETAPA,ID_ESTADO,OBSERVACIONES,FECHA_DERIVACION,FECHA_RECEPCION) values ('972','434','220','81','REGISTRO INICIATIVA','1','1',null,to_date('26/02/20','DD/MM/RR'),null);
Insert into MRVMM.T_GEND_DETALLE_INICIATIVA (ID_DETALLE_INICIATIVA,ID_INICIATIVA,ID_REMITENTE,ID_DESTINO,DESC_INICIATIVA,ID_ETAPA,ID_ESTADO,OBSERVACIONES,FECHA_DERIVACION,FECHA_RECEPCION) values ('975','437','220','81','REGISTRO INICIATIVA','1','1',null,to_date('26/02/20','DD/MM/RR'),null);
Insert into MRVMM.T_GEND_DETALLE_INICIATIVA (ID_DETALLE_INICIATIVA,ID_INICIATIVA,ID_REMITENTE,ID_DESTINO,DESC_INICIATIVA,ID_ETAPA,ID_ESTADO,OBSERVACIONES,FECHA_DERIVACION,FECHA_RECEPCION) values ('976','438','220','81','REGISTRO INICIATIVA','1','1',null,to_date('26/02/20','DD/MM/RR'),null);
Insert into MRVMM.T_GEND_DETALLE_INICIATIVA (ID_DETALLE_INICIATIVA,ID_INICIATIVA,ID_REMITENTE,ID_DESTINO,DESC_INICIATIVA,ID_ETAPA,ID_ESTADO,OBSERVACIONES,FECHA_DERIVACION,FECHA_RECEPCION) values ('1000','428','105',null,'GUARDAR AVANCE DETALLE OBSERVACION','3','6',null,to_date('26/02/20','DD/MM/RR'),null);
Insert into MRVMM.T_GEND_DETALLE_INICIATIVA (ID_DETALLE_INICIATIVA,ID_INICIATIVA,ID_REMITENTE,ID_DESTINO,DESC_INICIATIVA,ID_ETAPA,ID_ESTADO,OBSERVACIONES,FECHA_DERIVACION,FECHA_RECEPCION) values ('1001','428','105',null,null,'3','5',null,to_date('26/02/20','DD/MM/RR'),null);
Insert into MRVMM.T_GEND_DETALLE_INICIATIVA (ID_DETALLE_INICIATIVA,ID_INICIATIVA,ID_REMITENTE,ID_DESTINO,DESC_INICIATIVA,ID_ETAPA,ID_ESTADO,OBSERVACIONES,FECHA_DERIVACION,FECHA_RECEPCION) values ('1002','445','182',null,'GUARDAR AVANCE','1','0',null,to_date('26/02/20','DD/MM/RR'),null);
Insert into MRVMM.T_GEND_DETALLE_INICIATIVA (ID_DETALLE_INICIATIVA,ID_INICIATIVA,ID_REMITENTE,ID_DESTINO,DESC_INICIATIVA,ID_ETAPA,ID_ESTADO,OBSERVACIONES,FECHA_DERIVACION,FECHA_RECEPCION) values ('1003','445','182','81','REGISTRO DE INICIATIVA','1','1',null,to_date('26/02/20','DD/MM/RR'),null);
Insert into MRVMM.T_GEND_DETALLE_INICIATIVA (ID_DETALLE_INICIATIVA,ID_INICIATIVA,ID_REMITENTE,ID_DESTINO,DESC_INICIATIVA,ID_ETAPA,ID_ESTADO,OBSERVACIONES,FECHA_DERIVACION,FECHA_RECEPCION) values ('1004','445','81',null,null,'2','3',null,to_date('26/02/20','DD/MM/RR'),null);
Insert into MRVMM.T_GEND_DETALLE_INICIATIVA (ID_DETALLE_INICIATIVA,ID_INICIATIVA,ID_REMITENTE,ID_DESTINO,DESC_INICIATIVA,ID_ETAPA,ID_ESTADO,OBSERVACIONES,FECHA_DERIVACION,FECHA_RECEPCION) values ('1006','444','182',null,'GUARDAR AVANCE DETALLE','3','0',null,to_date('26/02/20','DD/MM/RR'),null);
Insert into MRVMM.T_GEND_DETALLE_INICIATIVA (ID_DETALLE_INICIATIVA,ID_INICIATIVA,ID_REMITENTE,ID_DESTINO,DESC_INICIATIVA,ID_ETAPA,ID_ESTADO,OBSERVACIONES,FECHA_DERIVACION,FECHA_RECEPCION) values ('1009','372','105',null,'GUARDAR AVANCE DETALLE','3','0',null,to_date('26/02/20','DD/MM/RR'),null);
Insert into MRVMM.T_GEND_DETALLE_INICIATIVA (ID_DETALLE_INICIATIVA,ID_INICIATIVA,ID_REMITENTE,ID_DESTINO,DESC_INICIATIVA,ID_ETAPA,ID_ESTADO,OBSERVACIONES,FECHA_DERIVACION,FECHA_RECEPCION) values ('1011','372','105',null,'GUARDAR AVANCE DETALLE','3','0',null,to_date('26/02/20','DD/MM/RR'),null);
Insert into MRVMM.T_GEND_DETALLE_INICIATIVA (ID_DETALLE_INICIATIVA,ID_INICIATIVA,ID_REMITENTE,ID_DESTINO,DESC_INICIATIVA,ID_ETAPA,ID_ESTADO,OBSERVACIONES,FECHA_DERIVACION,FECHA_RECEPCION) values ('1012','372','105',null,'GUARDAR AVANCE DETALLE','3','0',null,to_date('26/02/20','DD/MM/RR'),null);
Insert into MRVMM.T_GEND_DETALLE_INICIATIVA (ID_DETALLE_INICIATIVA,ID_INICIATIVA,ID_REMITENTE,ID_DESTINO,DESC_INICIATIVA,ID_ETAPA,ID_ESTADO,OBSERVACIONES,FECHA_DERIVACION,FECHA_RECEPCION) values ('1013','372','105',null,'GUARDAR AVANCE DETALLE','3','0',null,to_date('26/02/20','DD/MM/RR'),null);
Insert into MRVMM.T_GEND_DETALLE_INICIATIVA (ID_DETALLE_INICIATIVA,ID_INICIATIVA,ID_REMITENTE,ID_DESTINO,DESC_INICIATIVA,ID_ETAPA,ID_ESTADO,OBSERVACIONES,FECHA_DERIVACION,FECHA_RECEPCION) values ('1014','372','105',null,'GUARDAR AVANCE DETALLE','3','0',null,to_date('26/02/20','DD/MM/RR'),null);
Insert into MRVMM.T_GEND_DETALLE_INICIATIVA (ID_DETALLE_INICIATIVA,ID_INICIATIVA,ID_REMITENTE,ID_DESTINO,DESC_INICIATIVA,ID_ETAPA,ID_ESTADO,OBSERVACIONES,FECHA_DERIVACION,FECHA_RECEPCION) values ('1015','444','182',null,'REGISTRAR DETALLE INDICADOR','3','1',null,to_date('26/02/20','DD/MM/RR'),null);
Insert into MRVMM.T_GEND_DETALLE_INICIATIVA (ID_DETALLE_INICIATIVA,ID_INICIATIVA,ID_REMITENTE,ID_DESTINO,DESC_INICIATIVA,ID_ETAPA,ID_ESTADO,OBSERVACIONES,FECHA_DERIVACION,FECHA_RECEPCION) values ('1023','448','105','81','REGISTRO INICIATIVA','1','1',null,to_date('27/02/20','DD/MM/RR'),null);
Insert into MRVMM.T_GEND_DETALLE_INICIATIVA (ID_DETALLE_INICIATIVA,ID_INICIATIVA,ID_REMITENTE,ID_DESTINO,DESC_INICIATIVA,ID_ETAPA,ID_ESTADO,OBSERVACIONES,FECHA_DERIVACION,FECHA_RECEPCION) values ('1024','449','220','81','REGISTRO INICIATIVA','1','1',null,to_date('27/02/20','DD/MM/RR'),null);
Insert into MRVMM.T_GEND_DETALLE_INICIATIVA (ID_DETALLE_INICIATIVA,ID_INICIATIVA,ID_REMITENTE,ID_DESTINO,DESC_INICIATIVA,ID_ETAPA,ID_ESTADO,OBSERVACIONES,FECHA_DERIVACION,FECHA_RECEPCION) values ('1026','449','220','81','REGISTRO DE INICIATIVA','1','1',null,to_date('27/02/20','DD/MM/RR'),null);
Insert into MRVMM.T_GEND_DETALLE_INICIATIVA (ID_DETALLE_INICIATIVA,ID_INICIATIVA,ID_REMITENTE,ID_DESTINO,DESC_INICIATIVA,ID_ETAPA,ID_ESTADO,OBSERVACIONES,FECHA_DERIVACION,FECHA_RECEPCION) values ('1038','438','220',null,'GUARDAR AVANCE DETALLE','3','0',null,to_date('27/02/20','DD/MM/RR'),null);
Insert into MRVMM.T_GEND_DETALLE_INICIATIVA (ID_DETALLE_INICIATIVA,ID_INICIATIVA,ID_REMITENTE,ID_DESTINO,DESC_INICIATIVA,ID_ETAPA,ID_ESTADO,OBSERVACIONES,FECHA_DERIVACION,FECHA_RECEPCION) values ('1116','466','104',null,null,'3','2',null,to_date('29/02/20','DD/MM/RR'),null);
Insert into MRVMM.T_GEND_DETALLE_INICIATIVA (ID_DETALLE_INICIATIVA,ID_INICIATIVA,ID_REMITENTE,ID_DESTINO,DESC_INICIATIVA,ID_ETAPA,ID_ESTADO,OBSERVACIONES,FECHA_DERIVACION,FECHA_RECEPCION) values ('1117','464','104',null,null,'4','3',null,to_date('29/02/20','DD/MM/RR'),null);
Insert into MRVMM.T_GEND_DETALLE_INICIATIVA (ID_DETALLE_INICIATIVA,ID_INICIATIVA,ID_REMITENTE,ID_DESTINO,DESC_INICIATIVA,ID_ETAPA,ID_ESTADO,OBSERVACIONES,FECHA_DERIVACION,FECHA_RECEPCION) values ('1133','466','22',null,null,'4','2',null,to_date('29/02/20','DD/MM/RR'),null);
Insert into MRVMM.T_GEND_DETALLE_INICIATIVA (ID_DETALLE_INICIATIVA,ID_INICIATIVA,ID_REMITENTE,ID_DESTINO,DESC_INICIATIVA,ID_ETAPA,ID_ESTADO,OBSERVACIONES,FECHA_DERIVACION,FECHA_RECEPCION) values ('1134','451','22',null,null,'5','3',null,to_date('29/02/20','DD/MM/RR'),null);
Insert into MRVMM.T_GEND_DETALLE_INICIATIVA (ID_DETALLE_INICIATIVA,ID_INICIATIVA,ID_REMITENTE,ID_DESTINO,DESC_INICIATIVA,ID_ETAPA,ID_ESTADO,OBSERVACIONES,FECHA_DERIVACION,FECHA_RECEPCION) values ('1135','448','123',null,null,'6','2',null,to_date('29/02/20','DD/MM/RR'),null);
Insert into MRVMM.T_GEND_DETALLE_INICIATIVA (ID_DETALLE_INICIATIVA,ID_INICIATIVA,ID_REMITENTE,ID_DESTINO,DESC_INICIATIVA,ID_ETAPA,ID_ESTADO,OBSERVACIONES,FECHA_DERIVACION,FECHA_RECEPCION) values ('1136','383','123',null,null,'7','3',null,to_date('29/02/20','DD/MM/RR'),null);
Insert into MRVMM.T_GEND_DETALLE_INICIATIVA (ID_DETALLE_INICIATIVA,ID_INICIATIVA,ID_REMITENTE,ID_DESTINO,DESC_INICIATIVA,ID_ETAPA,ID_ESTADO,OBSERVACIONES,FECHA_DERIVACION,FECHA_RECEPCION) values ('1137','451','122',null,null,'6','3',null,to_date('29/02/20','DD/MM/RR'),null);
Insert into MRVMM.T_GEND_DETALLE_INICIATIVA (ID_DETALLE_INICIATIVA,ID_INICIATIVA,ID_REMITENTE,ID_DESTINO,DESC_INICIATIVA,ID_ETAPA,ID_ESTADO,OBSERVACIONES,FECHA_DERIVACION,FECHA_RECEPCION) values ('1139','481','81',null,null,'2','3',null,to_date('02/03/20','DD/MM/RR'),null);
Insert into MRVMM.T_GEND_DETALLE_INICIATIVA (ID_DETALLE_INICIATIVA,ID_INICIATIVA,ID_REMITENTE,ID_DESTINO,DESC_INICIATIVA,ID_ETAPA,ID_ESTADO,OBSERVACIONES,FECHA_DERIVACION,FECHA_RECEPCION) values ('1140','387','81',null,null,'4','3',null,to_date('02/03/20','DD/MM/RR'),null);
Insert into MRVMM.T_GEND_DETALLE_INICIATIVA (ID_DETALLE_INICIATIVA,ID_INICIATIVA,ID_REMITENTE,ID_DESTINO,DESC_INICIATIVA,ID_ETAPA,ID_ESTADO,OBSERVACIONES,FECHA_DERIVACION,FECHA_RECEPCION) values ('1141','482','105','81','REGISTRO INICIATIVA','1','1',null,to_date('02/03/20','DD/MM/RR'),null);
Insert into MRVMM.T_GEND_DETALLE_INICIATIVA (ID_DETALLE_INICIATIVA,ID_INICIATIVA,ID_REMITENTE,ID_DESTINO,DESC_INICIATIVA,ID_ETAPA,ID_ESTADO,OBSERVACIONES,FECHA_DERIVACION,FECHA_RECEPCION) values ('1142','482','81',null,null,'2','3',null,to_date('02/03/20','DD/MM/RR'),null);
Insert into MRVMM.T_GEND_DETALLE_INICIATIVA (ID_DETALLE_INICIATIVA,ID_INICIATIVA,ID_REMITENTE,ID_DESTINO,DESC_INICIATIVA,ID_ETAPA,ID_ESTADO,OBSERVACIONES,FECHA_DERIVACION,FECHA_RECEPCION) values ('1167','484','105','81','REGISTRO INICIATIVA','1','1',null,to_date('04/03/20','DD/MM/RR'),null);
Insert into MRVMM.T_GEND_DETALLE_INICIATIVA (ID_DETALLE_INICIATIVA,ID_INICIATIVA,ID_REMITENTE,ID_DESTINO,DESC_INICIATIVA,ID_ETAPA,ID_ESTADO,OBSERVACIONES,FECHA_DERIVACION,FECHA_RECEPCION) values ('1169','484','81',null,null,'2','3',null,to_date('04/03/20','DD/MM/RR'),null);
Insert into MRVMM.T_GEND_DETALLE_INICIATIVA (ID_DETALLE_INICIATIVA,ID_INICIATIVA,ID_REMITENTE,ID_DESTINO,DESC_INICIATIVA,ID_ETAPA,ID_ESTADO,OBSERVACIONES,FECHA_DERIVACION,FECHA_RECEPCION) values ('1170','484','81',null,null,'2','3',null,to_date('04/03/20','DD/MM/RR'),null);
Insert into MRVMM.T_GEND_DETALLE_INICIATIVA (ID_DETALLE_INICIATIVA,ID_INICIATIVA,ID_REMITENTE,ID_DESTINO,DESC_INICIATIVA,ID_ETAPA,ID_ESTADO,OBSERVACIONES,FECHA_DERIVACION,FECHA_RECEPCION) values ('793','342','0',null,'REGISTRAR DETALLE INDICADOR','3','1',null,to_date('13/02/20','DD/MM/RR'),null);
Insert into MRVMM.T_GEND_DETALLE_INICIATIVA (ID_DETALLE_INICIATIVA,ID_INICIATIVA,ID_REMITENTE,ID_DESTINO,DESC_INICIATIVA,ID_ETAPA,ID_ESTADO,OBSERVACIONES,FECHA_DERIVACION,FECHA_RECEPCION) values ('794','343','105','81','REGISTRO INICIATIVA','1','1',null,to_date('13/02/20','DD/MM/RR'),null);
Insert into MRVMM.T_GEND_DETALLE_INICIATIVA (ID_DETALLE_INICIATIVA,ID_INICIATIVA,ID_REMITENTE,ID_DESTINO,DESC_INICIATIVA,ID_ETAPA,ID_ESTADO,OBSERVACIONES,FECHA_DERIVACION,FECHA_RECEPCION) values ('1171','484','105',null,'REGISTRAR DETALLE INDICADOR','3','1',null,to_date('04/03/20','DD/MM/RR'),null);
Insert into MRVMM.T_GEND_DETALLE_INICIATIVA (ID_DETALLE_INICIATIVA,ID_INICIATIVA,ID_REMITENTE,ID_DESTINO,DESC_INICIATIVA,ID_ETAPA,ID_ESTADO,OBSERVACIONES,FECHA_DERIVACION,FECHA_RECEPCION) values ('1174','465','105',null,'REGISTRAR DETALLE INDICADOR','3','1',null,to_date('04/03/20','DD/MM/RR'),null);
Insert into MRVMM.T_GEND_DETALLE_INICIATIVA (ID_DETALLE_INICIATIVA,ID_INICIATIVA,ID_REMITENTE,ID_DESTINO,DESC_INICIATIVA,ID_ETAPA,ID_ESTADO,OBSERVACIONES,FECHA_DERIVACION,FECHA_RECEPCION) values ('1177','482','22',null,null,'5','3',null,to_date('05/03/20','DD/MM/RR'),null);
Insert into MRVMM.T_GEND_DETALLE_INICIATIVA (ID_DETALLE_INICIATIVA,ID_INICIATIVA,ID_REMITENTE,ID_DESTINO,DESC_INICIATIVA,ID_ETAPA,ID_ESTADO,OBSERVACIONES,FECHA_DERIVACION,FECHA_RECEPCION) values ('1179','394','105',null,'REGISTRAR DETALLE INDICADOR','3','1',null,to_date('05/03/20','DD/MM/RR'),null);
Insert into MRVMM.T_GEND_DETALLE_INICIATIVA (ID_DETALLE_INICIATIVA,ID_INICIATIVA,ID_REMITENTE,ID_DESTINO,DESC_INICIATIVA,ID_ETAPA,ID_ESTADO,OBSERVACIONES,FECHA_DERIVACION,FECHA_RECEPCION) values ('1181','485','105',null,'GUARDAR AVANCE','1','0',null,to_date('05/03/20','DD/MM/RR'),null);
Insert into MRVMM.T_GEND_DETALLE_INICIATIVA (ID_DETALLE_INICIATIVA,ID_INICIATIVA,ID_REMITENTE,ID_DESTINO,DESC_INICIATIVA,ID_ETAPA,ID_ESTADO,OBSERVACIONES,FECHA_DERIVACION,FECHA_RECEPCION) values ('1193','395','105',null,'REGISTRAR DETALLE INDICADOR','3','1',null,to_date('09/03/20','DD/MM/RR'),null);
Insert into MRVMM.T_GEND_DETALLE_INICIATIVA (ID_DETALLE_INICIATIVA,ID_INICIATIVA,ID_REMITENTE,ID_DESTINO,DESC_INICIATIVA,ID_ETAPA,ID_ESTADO,OBSERVACIONES,FECHA_DERIVACION,FECHA_RECEPCION) values ('1196','372','104',null,null,'3','2',null,to_date('09/03/20','DD/MM/RR'),null);
Insert into MRVMM.T_GEND_DETALLE_INICIATIVA (ID_DETALLE_INICIATIVA,ID_INICIATIVA,ID_REMITENTE,ID_DESTINO,DESC_INICIATIVA,ID_ETAPA,ID_ESTADO,OBSERVACIONES,FECHA_DERIVACION,FECHA_RECEPCION) values ('1197','484','123',null,null,'7','3',null,to_date('10/03/20','DD/MM/RR'),null);
Insert into MRVMM.T_GEND_DETALLE_INICIATIVA (ID_DETALLE_INICIATIVA,ID_INICIATIVA,ID_REMITENTE,ID_DESTINO,DESC_INICIATIVA,ID_ETAPA,ID_ESTADO,OBSERVACIONES,FECHA_DERIVACION,FECHA_RECEPCION) values ('1199','451','123',null,null,'7','3',null,to_date('10/03/20','DD/MM/RR'),null);
Insert into MRVMM.T_GEND_DETALLE_INICIATIVA (ID_DETALLE_INICIATIVA,ID_INICIATIVA,ID_REMITENTE,ID_DESTINO,DESC_INICIATIVA,ID_ETAPA,ID_ESTADO,OBSERVACIONES,FECHA_DERIVACION,FECHA_RECEPCION) values ('1200','462','123',null,null,'7','3',null,to_date('10/03/20','DD/MM/RR'),null);
Insert into MRVMM.T_GEND_DETALLE_INICIATIVA (ID_DETALLE_INICIATIVA,ID_INICIATIVA,ID_REMITENTE,ID_DESTINO,DESC_INICIATIVA,ID_ETAPA,ID_ESTADO,OBSERVACIONES,FECHA_DERIVACION,FECHA_RECEPCION) values ('1202','342','123',null,null,'7','3',null,to_date('10/03/20','DD/MM/RR'),null);
Insert into MRVMM.T_GEND_DETALLE_INICIATIVA (ID_DETALLE_INICIATIVA,ID_INICIATIVA,ID_REMITENTE,ID_DESTINO,DESC_INICIATIVA,ID_ETAPA,ID_ESTADO,OBSERVACIONES,FECHA_DERIVACION,FECHA_RECEPCION) values ('1291','541','81',null,null,'4','3',null,to_date('12/03/20','DD/MM/RR'),null);
Insert into MRVMM.T_GEND_DETALLE_INICIATIVA (ID_DETALLE_INICIATIVA,ID_INICIATIVA,ID_REMITENTE,ID_DESTINO,DESC_INICIATIVA,ID_ETAPA,ID_ESTADO,OBSERVACIONES,FECHA_DERIVACION,FECHA_RECEPCION) values ('1308','423','105',null,null,'3','5',null,to_date('12/03/20','DD/MM/RR'),null);
Insert into MRVMM.T_GEND_DETALLE_INICIATIVA (ID_DETALLE_INICIATIVA,ID_INICIATIVA,ID_REMITENTE,ID_DESTINO,DESC_INICIATIVA,ID_ETAPA,ID_ESTADO,OBSERVACIONES,FECHA_DERIVACION,FECHA_RECEPCION) values ('1310','543','105',null,'GUARDAR AVANCE','1','0','Lote de Lámparas|Lámparas de alumbrado público - LAP',to_date('12/03/20','DD/MM/RR'),null);
Insert into MRVMM.T_GEND_DETALLE_INICIATIVA (ID_DETALLE_INICIATIVA,ID_INICIATIVA,ID_REMITENTE,ID_DESTINO,DESC_INICIATIVA,ID_ETAPA,ID_ESTADO,OBSERVACIONES,FECHA_DERIVACION,FECHA_RECEPCION) values ('1316','544','105','81','REGISTRO INICIATIVA','1','1','2019/04/21',to_date('12/03/20','DD/MM/RR'),null);
Insert into MRVMM.T_GEND_DETALLE_INICIATIVA (ID_DETALLE_INICIATIVA,ID_INICIATIVA,ID_REMITENTE,ID_DESTINO,DESC_INICIATIVA,ID_ETAPA,ID_ESTADO,OBSERVACIONES,FECHA_DERIVACION,FECHA_RECEPCION) values ('1394','565','105',null,'GUARDAR AVANCE DETALLE','3','0','Promoción de vehículos eléctricos - PVE|VEHICULOS ELECTRICOS (CONSUMO)|0|0',to_date('14/03/20','DD/MM/RR'),null);
Insert into MRVMM.T_GEND_DETALLE_INICIATIVA (ID_DETALLE_INICIATIVA,ID_INICIATIVA,ID_REMITENTE,ID_DESTINO,DESC_INICIATIVA,ID_ETAPA,ID_ESTADO,OBSERVACIONES,FECHA_DERIVACION,FECHA_RECEPCION) values ('1399','568','105','81','REGISTRO INICIATIVA','1','1','Cocinas hirviendo|Cocción limpia - CL|21/03/2018|SOLES|120000',to_date('14/03/20','DD/MM/RR'),null);
Insert into MRVMM.T_GEND_DETALLE_INICIATIVA (ID_DETALLE_INICIATIVA,ID_INICIATIVA,ID_REMITENTE,ID_DESTINO,DESC_INICIATIVA,ID_ETAPA,ID_ESTADO,OBSERVACIONES,FECHA_DERIVACION,FECHA_RECEPCION) values ('1400','568','81',null,null,'2','3','CO2 - CH4|COMBUSTIBLES SOLIDOS - ENERGIA SOLAR',to_date('14/03/20','DD/MM/RR'),null);
Insert into MRVMM.T_GEND_DETALLE_INICIATIVA (ID_DETALLE_INICIATIVA,ID_INICIATIVA,ID_REMITENTE,ID_DESTINO,DESC_INICIATIVA,ID_ETAPA,ID_ESTADO,OBSERVACIONES,FECHA_DERIVACION,FECHA_RECEPCION) values ('1413','570','102','81','REGISTRO INICIATIVA','1','1','Autos Eléctricos 5001|Promoción de vehículos eléctricos - PVE|11/11/2019|SOLES|6788882.22',to_date('14/03/20','DD/MM/RR'),null);
Insert into MRVMM.T_GEND_DETALLE_INICIATIVA (ID_DETALLE_INICIATIVA,ID_INICIATIVA,ID_REMITENTE,ID_DESTINO,DESC_INICIATIVA,ID_ETAPA,ID_ESTADO,OBSERVACIONES,FECHA_DERIVACION,FECHA_RECEPCION) values ('1415','570','81',null,null,'2','3','CO2|COMBUSTIBLES SOLIDOS - ENERGIA SOLAR',to_date('14/03/20','DD/MM/RR'),null);
Insert into MRVMM.T_GEND_DETALLE_INICIATIVA (ID_DETALLE_INICIATIVA,ID_INICIATIVA,ID_REMITENTE,ID_DESTINO,DESC_INICIATIVA,ID_ETAPA,ID_ESTADO,OBSERVACIONES,FECHA_DERIVACION,FECHA_RECEPCION) values ('1416','569','104',null,null,'4','3','COMBUSTIBLES SOLIDOS - ENERGIA SOLAR|CO2 - CH4|25,28',to_date('14/03/20','DD/MM/RR'),null);
Insert into MRVMM.T_GEND_DETALLE_INICIATIVA (ID_DETALLE_INICIATIVA,ID_INICIATIVA,ID_REMITENTE,ID_DESTINO,DESC_INICIATIVA,ID_ETAPA,ID_ESTADO,OBSERVACIONES,FECHA_DERIVACION,FECHA_RECEPCION) values ('1417','567','81',null,null,'2','3','CO2|COMBUSTIBLES SOLIDOS',to_date('14/03/20','DD/MM/RR'),null);
Insert into MRVMM.T_GEND_DETALLE_INICIATIVA (ID_DETALLE_INICIATIVA,ID_INICIATIVA,ID_REMITENTE,ID_DESTINO,DESC_INICIATIVA,ID_ETAPA,ID_ESTADO,OBSERVACIONES,FECHA_DERIVACION,FECHA_RECEPCION) values ('1418','566','104',null,null,'1','2','no esta definido',to_date('14/03/20','DD/MM/RR'),null);
Insert into MRVMM.T_GEND_DETALLE_INICIATIVA (ID_DETALLE_INICIATIVA,ID_INICIATIVA,ID_REMITENTE,ID_DESTINO,DESC_INICIATIVA,ID_ETAPA,ID_ESTADO,OBSERVACIONES,FECHA_DERIVACION,FECHA_RECEPCION) values ('1419','567','105',null,'GUARDAR AVANCE DETALLE','3','0','Promoción de vehículos eléctricos - PVE|VEHICULOS ELECTRICOS (RECORRIDO)|0|0',to_date('14/03/20','DD/MM/RR'),null);
Insert into MRVMM.T_GEND_DETALLE_INICIATIVA (ID_DETALLE_INICIATIVA,ID_INICIATIVA,ID_REMITENTE,ID_DESTINO,DESC_INICIATIVA,ID_ETAPA,ID_ESTADO,OBSERVACIONES,FECHA_DERIVACION,FECHA_RECEPCION) values ('1420','567','105',null,'REGISTRAR DETALLE INDICADOR','3','1','Promoción de vehículos eléctricos - PVE|VEHICULOS HIBRIDOS (RECORRIDO)|1|0',to_date('14/03/20','DD/MM/RR'),null);
Insert into MRVMM.T_GEND_DETALLE_INICIATIVA (ID_DETALLE_INICIATIVA,ID_INICIATIVA,ID_REMITENTE,ID_DESTINO,DESC_INICIATIVA,ID_ETAPA,ID_ESTADO,OBSERVACIONES,FECHA_DERIVACION,FECHA_RECEPCION) values ('1421','567','104',null,null,'4','3','COMBUSTIBLES SOLIDOS|CO2|61,55',to_date('14/03/20','DD/MM/RR'),null);
Insert into MRVMM.T_GEND_DETALLE_INICIATIVA (ID_DETALLE_INICIATIVA,ID_INICIATIVA,ID_REMITENTE,ID_DESTINO,DESC_INICIATIVA,ID_ETAPA,ID_ESTADO,OBSERVACIONES,FECHA_DERIVACION,FECHA_RECEPCION) values ('1422','567','104',null,null,'4','3','COMBUSTIBLES SOLIDOS|CO2|61,55',to_date('14/03/20','DD/MM/RR'),null);
Insert into MRVMM.T_GEND_DETALLE_INICIATIVA (ID_DETALLE_INICIATIVA,ID_INICIATIVA,ID_REMITENTE,ID_DESTINO,DESC_INICIATIVA,ID_ETAPA,ID_ESTADO,OBSERVACIONES,FECHA_DERIVACION,FECHA_RECEPCION) values ('1423','581','105',null,'GUARDAR AVANCE','1','0','Cocina a gas 1002|Cocción limpia - CL',to_date('17/03/20','DD/MM/RR'),null);
Insert into MRVMM.T_GEND_DETALLE_INICIATIVA (ID_DETALLE_INICIATIVA,ID_INICIATIVA,ID_REMITENTE,ID_DESTINO,DESC_INICIATIVA,ID_ETAPA,ID_ESTADO,OBSERVACIONES,FECHA_DERIVACION,FECHA_RECEPCION) values ('1424','581','105','81','REGISTRO DE INICIATIVA','1','1','Cocina a gas 1002|Cocción limpia - CL|10/02/2019|DOLARES|23780000',to_date('17/03/20','DD/MM/RR'),null);
Insert into MRVMM.T_GEND_DETALLE_INICIATIVA (ID_DETALLE_INICIATIVA,ID_INICIATIVA,ID_REMITENTE,ID_DESTINO,DESC_INICIATIVA,ID_ETAPA,ID_ESTADO,OBSERVACIONES,FECHA_DERIVACION,FECHA_RECEPCION) values ('1425','582','105',null,'GUARDAR AVANCE','1','0','Cocina a gas 1002|Cocción limpia - CL',to_date('17/03/20','DD/MM/RR'),null);
Insert into MRVMM.T_GEND_DETALLE_INICIATIVA (ID_DETALLE_INICIATIVA,ID_INICIATIVA,ID_REMITENTE,ID_DESTINO,DESC_INICIATIVA,ID_ETAPA,ID_ESTADO,OBSERVACIONES,FECHA_DERIVACION,FECHA_RECEPCION) values ('1426','582','105','81','REGISTRO DE INICIATIVA','1','1','Cocina a gas 1002|Cocción limpia - CL|10/02/2019|EUROS|23780000',to_date('17/03/20','DD/MM/RR'),null);
Insert into MRVMM.T_GEND_DETALLE_INICIATIVA (ID_DETALLE_INICIATIVA,ID_INICIATIVA,ID_REMITENTE,ID_DESTINO,DESC_INICIATIVA,ID_ETAPA,ID_ESTADO,OBSERVACIONES,FECHA_DERIVACION,FECHA_RECEPCION) values ('1427','583','281',null,'GUARDAR AVANCE','1','0','Buses  de 5M azules|Promoción de vehículos eléctricos - PVE',to_date('17/03/20','DD/MM/RR'),null);
Insert into MRVMM.T_GEND_DETALLE_INICIATIVA (ID_DETALLE_INICIATIVA,ID_INICIATIVA,ID_REMITENTE,ID_DESTINO,DESC_INICIATIVA,ID_ETAPA,ID_ESTADO,OBSERVACIONES,FECHA_DERIVACION,FECHA_RECEPCION) values ('1428','583','281','81','REGISTRO DE INICIATIVA','1','1','Buses  de 5M azules|Promoción de vehículos eléctricos - PVE|21/03/2017|SOLES|12000',to_date('17/03/20','DD/MM/RR'),null);
Insert into MRVMM.T_GEND_DETALLE_INICIATIVA (ID_DETALLE_INICIATIVA,ID_INICIATIVA,ID_REMITENTE,ID_DESTINO,DESC_INICIATIVA,ID_ETAPA,ID_ESTADO,OBSERVACIONES,FECHA_DERIVACION,FECHA_RECEPCION) values ('1429','583','104',null,null,'1','2','Describir razón',to_date('17/03/20','DD/MM/RR'),null);
Insert into MRVMM.T_GEND_DETALLE_INICIATIVA (ID_DETALLE_INICIATIVA,ID_INICIATIVA,ID_REMITENTE,ID_DESTINO,DESC_INICIATIVA,ID_ETAPA,ID_ESTADO,OBSERVACIONES,FECHA_DERIVACION,FECHA_RECEPCION) values ('1430','583','281','81','CORRECCION DE INICIATIVA','1','5','Buses  de 5M azules|Promoción de vehículos eléctricos - PVE|21/03/2017|SOLES|12000',to_date('17/03/20','DD/MM/RR'),null);
Insert into MRVMM.T_GEND_DETALLE_INICIATIVA (ID_DETALLE_INICIATIVA,ID_INICIATIVA,ID_REMITENTE,ID_DESTINO,DESC_INICIATIVA,ID_ETAPA,ID_ESTADO,OBSERVACIONES,FECHA_DERIVACION,FECHA_RECEPCION) values ('1431','583','104',null,null,'1','2','ya esta bien ',to_date('17/03/20','DD/MM/RR'),null);
Insert into MRVMM.T_GEND_DETALLE_INICIATIVA (ID_DETALLE_INICIATIVA,ID_INICIATIVA,ID_REMITENTE,ID_DESTINO,DESC_INICIATIVA,ID_ETAPA,ID_ESTADO,OBSERVACIONES,FECHA_DERIVACION,FECHA_RECEPCION) values ('1432','583','281','81','CORRECCION DE INICIATIVA','1','5','Buses  de 5M azules|Promoción de vehículos eléctricos - PVE|21/03/2017|SOLES|12000',to_date('17/03/20','DD/MM/RR'),null);
Insert into MRVMM.T_GEND_DETALLE_INICIATIVA (ID_DETALLE_INICIATIVA,ID_INICIATIVA,ID_REMITENTE,ID_DESTINO,DESC_INICIATIVA,ID_ETAPA,ID_ESTADO,OBSERVACIONES,FECHA_DERIVACION,FECHA_RECEPCION) values ('1433','582','81',null,null,'1','2','aaaa',to_date('17/03/20','DD/MM/RR'),null);
Insert into MRVMM.T_GEND_DETALLE_INICIATIVA (ID_DETALLE_INICIATIVA,ID_INICIATIVA,ID_REMITENTE,ID_DESTINO,DESC_INICIATIVA,ID_ETAPA,ID_ESTADO,OBSERVACIONES,FECHA_DERIVACION,FECHA_RECEPCION) values ('1434','581','81',null,null,'2','3','CO2 - CH4|COMBUSTIBLES SOLIDOS',to_date('17/03/20','DD/MM/RR'),null);
Insert into MRVMM.T_GEND_DETALLE_INICIATIVA (ID_DETALLE_INICIATIVA,ID_INICIATIVA,ID_REMITENTE,ID_DESTINO,DESC_INICIATIVA,ID_ETAPA,ID_ESTADO,OBSERVACIONES,FECHA_DERIVACION,FECHA_RECEPCION) values ('1435','583','104',null,null,'2','3','CO2|COMBUSTIBLES SOLIDOS',to_date('17/03/20','DD/MM/RR'),null);
Insert into MRVMM.T_GEND_DETALLE_INICIATIVA (ID_DETALLE_INICIATIVA,ID_INICIATIVA,ID_REMITENTE,ID_DESTINO,DESC_INICIATIVA,ID_ETAPA,ID_ESTADO,OBSERVACIONES,FECHA_DERIVACION,FECHA_RECEPCION) values ('1436','583','281',null,'GUARDAR AVANCE DETALLE','3','0','Promoción de vehículos eléctricos - PVE|VEHICULOS ELECTRICOS (CONSUMO)|0|0',to_date('17/03/20','DD/MM/RR'),null);
Insert into MRVMM.T_GEND_DETALLE_INICIATIVA (ID_DETALLE_INICIATIVA,ID_INICIATIVA,ID_REMITENTE,ID_DESTINO,DESC_INICIATIVA,ID_ETAPA,ID_ESTADO,OBSERVACIONES,FECHA_DERIVACION,FECHA_RECEPCION) values ('1437','583','281',null,'GUARDAR AVANCE DETALLE','3','0','Promoción de vehículos eléctricos - PVE|VEHICULOS HIBRIDOS (RECORRIDO)|0|0',to_date('17/03/20','DD/MM/RR'),null);
Insert into MRVMM.T_GEND_DETALLE_INICIATIVA (ID_DETALLE_INICIATIVA,ID_INICIATIVA,ID_REMITENTE,ID_DESTINO,DESC_INICIATIVA,ID_ETAPA,ID_ESTADO,OBSERVACIONES,FECHA_DERIVACION,FECHA_RECEPCION) values ('1438','583','281',null,'REGISTRAR DETALLE INDICADOR','3','1','Promoción de vehículos eléctricos - PVE|VEHICULOS HIBRIDOS (RECORRIDO)|1|0',to_date('17/03/20','DD/MM/RR'),null);
Insert into MRVMM.T_GEND_DETALLE_INICIATIVA (ID_DETALLE_INICIATIVA,ID_INICIATIVA,ID_REMITENTE,ID_DESTINO,DESC_INICIATIVA,ID_ETAPA,ID_ESTADO,OBSERVACIONES,FECHA_DERIVACION,FECHA_RECEPCION) values ('1439','583','104',null,null,'4','3','COMBUSTIBLES SOLIDOS|CO2|36,27',to_date('17/03/20','DD/MM/RR'),null);
Insert into MRVMM.T_GEND_DETALLE_INICIATIVA (ID_DETALLE_INICIATIVA,ID_INICIATIVA,ID_REMITENTE,ID_DESTINO,DESC_INICIATIVA,ID_ETAPA,ID_ESTADO,OBSERVACIONES,FECHA_DERIVACION,FECHA_RECEPCION) values ('1440','583','22',null,null,'5','3','CO2|COMBUSTIBLES SOLIDOS|36,27',to_date('17/03/20','DD/MM/RR'),null);
Insert into MRVMM.T_GEND_DETALLE_INICIATIVA (ID_DETALLE_INICIATIVA,ID_INICIATIVA,ID_REMITENTE,ID_DESTINO,DESC_INICIATIVA,ID_ETAPA,ID_ESTADO,OBSERVACIONES,FECHA_DERIVACION,FECHA_RECEPCION) values ('1441','568','22',null,null,'5','3','CO2 - CH4|COMBUSTIBLES SOLIDOS - ENERGIA SOLAR|6956,02',to_date('17/03/20','DD/MM/RR'),null);
Insert into MRVMM.T_GEND_DETALLE_INICIATIVA (ID_DETALLE_INICIATIVA,ID_INICIATIVA,ID_REMITENTE,ID_DESTINO,DESC_INICIATIVA,ID_ETAPA,ID_ESTADO,OBSERVACIONES,FECHA_DERIVACION,FECHA_RECEPCION) values ('1442','583','123',null,null,'10','3','2',to_date('17/03/20','DD/MM/RR'),null);
Insert into MRVMM.T_GEND_DETALLE_INICIATIVA (ID_DETALLE_INICIATIVA,ID_INICIATIVA,ID_REMITENTE,ID_DESTINO,DESC_INICIATIVA,ID_ETAPA,ID_ESTADO,OBSERVACIONES,FECHA_DERIVACION,FECHA_RECEPCION) values ('1443','568','123',null,null,'10','3','2',to_date('17/03/20','DD/MM/RR'),null);
Insert into MRVMM.T_GEND_DETALLE_INICIATIVA (ID_DETALLE_INICIATIVA,ID_INICIATIVA,ID_REMITENTE,ID_DESTINO,DESC_INICIATIVA,ID_ETAPA,ID_ESTADO,OBSERVACIONES,FECHA_DERIVACION,FECHA_RECEPCION) values ('1444','583','123',null,null,'8','2','no esta bien ',to_date('17/03/20','DD/MM/RR'),null);
Insert into MRVMM.T_GEND_DETALLE_INICIATIVA (ID_DETALLE_INICIATIVA,ID_INICIATIVA,ID_REMITENTE,ID_DESTINO,DESC_INICIATIVA,ID_ETAPA,ID_ESTADO,OBSERVACIONES,FECHA_DERIVACION,FECHA_RECEPCION) values ('1445','583','22',null,null,'5','3','CO2|COMBUSTIBLES SOLIDOS|36,27',to_date('17/03/20','DD/MM/RR'),null);
Insert into MRVMM.T_GEND_DETALLE_INICIATIVA (ID_DETALLE_INICIATIVA,ID_INICIATIVA,ID_REMITENTE,ID_DESTINO,DESC_INICIATIVA,ID_ETAPA,ID_ESTADO,OBSERVACIONES,FECHA_DERIVACION,FECHA_RECEPCION) values ('1446','583','123',null,null,'10','3','1',to_date('17/03/20','DD/MM/RR'),null);
Insert into MRVMM.T_GEND_DETALLE_INICIATIVA (ID_DETALLE_INICIATIVA,ID_INICIATIVA,ID_REMITENTE,ID_DESTINO,DESC_INICIATIVA,ID_ETAPA,ID_ESTADO,OBSERVACIONES,FECHA_DERIVACION,FECHA_RECEPCION) values ('1447','583','123',null,null,'7','3','Promoción de vehículos eléctricos - PVE|Buses  de 5M azules|36,27|Pedro Renteros|a2d5695e543fb937f379a1a5dde0fc50ec3b80447e0c2728f7f15efe83c88cff',to_date('17/03/20','DD/MM/RR'),null);
Insert into MRVMM.T_GEND_DETALLE_INICIATIVA (ID_DETALLE_INICIATIVA,ID_INICIATIVA,ID_REMITENTE,ID_DESTINO,DESC_INICIATIVA,ID_ETAPA,ID_ESTADO,OBSERVACIONES,FECHA_DERIVACION,FECHA_RECEPCION) values ('1448','584','281','81','REGISTRO INICIATIVA','1','1','Cambio de luces LED de colores|Eficiencia Energética en el sector industrial - EESI|22/05/2019|SOLES|1200',to_date('18/03/20','DD/MM/RR'),null);
Insert into MRVMM.T_GEND_DETALLE_INICIATIVA (ID_DETALLE_INICIATIVA,ID_INICIATIVA,ID_REMITENTE,ID_DESTINO,DESC_INICIATIVA,ID_ETAPA,ID_ESTADO,OBSERVACIONES,FECHA_DERIVACION,FECHA_RECEPCION) values ('1449','584','104',null,null,'2','3','CO2|COMBUSTIBLES SOLIDOS',to_date('18/03/20','DD/MM/RR'),null);
Insert into MRVMM.T_GEND_DETALLE_INICIATIVA (ID_DETALLE_INICIATIVA,ID_INICIATIVA,ID_REMITENTE,ID_DESTINO,DESC_INICIATIVA,ID_ETAPA,ID_ESTADO,OBSERVACIONES,FECHA_DERIVACION,FECHA_RECEPCION) values ('1450','584','281',null,'REGISTRAR DETALLE INDICADOR','3','1','Eficiencia Energética en el sector industrial - EESI|EFICIENCIA ENERG. SECTOR INDUSTRIAL (MOTOR)|1|0',to_date('18/03/20','DD/MM/RR'),null);
Insert into MRVMM.T_GEND_DETALLE_INICIATIVA (ID_DETALLE_INICIATIVA,ID_INICIATIVA,ID_REMITENTE,ID_DESTINO,DESC_INICIATIVA,ID_ETAPA,ID_ESTADO,OBSERVACIONES,FECHA_DERIVACION,FECHA_RECEPCION) values ('1451','584','104',null,null,'4','3','COMBUSTIBLES SOLIDOS|CO2|6054,68',to_date('18/03/20','DD/MM/RR'),null);
Insert into MRVMM.T_GEND_DETALLE_INICIATIVA (ID_DETALLE_INICIATIVA,ID_INICIATIVA,ID_REMITENTE,ID_DESTINO,DESC_INICIATIVA,ID_ETAPA,ID_ESTADO,OBSERVACIONES,FECHA_DERIVACION,FECHA_RECEPCION) values ('806','341','122',null,null,'6','3',null,to_date('15/02/20','DD/MM/RR'),null);
Insert into MRVMM.T_GEND_DETALLE_INICIATIVA (ID_DETALLE_INICIATIVA,ID_INICIATIVA,ID_REMITENTE,ID_DESTINO,DESC_INICIATIVA,ID_ETAPA,ID_ESTADO,OBSERVACIONES,FECHA_DERIVACION,FECHA_RECEPCION) values ('839','373','122',null,null,'6','3',null,to_date('19/02/20','DD/MM/RR'),null);
Insert into MRVMM.T_GEND_DETALLE_INICIATIVA (ID_DETALLE_INICIATIVA,ID_INICIATIVA,ID_REMITENTE,ID_DESTINO,DESC_INICIATIVA,ID_ETAPA,ID_ESTADO,OBSERVACIONES,FECHA_DERIVACION,FECHA_RECEPCION) values ('840','373','123',null,null,'7','3',null,to_date('19/02/20','DD/MM/RR'),null);
Insert into MRVMM.T_GEND_DETALLE_INICIATIVA (ID_DETALLE_INICIATIVA,ID_INICIATIVA,ID_REMITENTE,ID_DESTINO,DESC_INICIATIVA,ID_ETAPA,ID_ESTADO,OBSERVACIONES,FECHA_DERIVACION,FECHA_RECEPCION) values ('901','401','81',null,null,'2','3',null,to_date('21/02/20','DD/MM/RR'),null);
Insert into MRVMM.T_GEND_DETALLE_INICIATIVA (ID_DETALLE_INICIATIVA,ID_INICIATIVA,ID_REMITENTE,ID_DESTINO,DESC_INICIATIVA,ID_ETAPA,ID_ESTADO,OBSERVACIONES,FECHA_DERIVACION,FECHA_RECEPCION) values ('921','365','81',null,null,'2','3',null,to_date('24/02/20','DD/MM/RR'),null);
Insert into MRVMM.T_GEND_DETALLE_INICIATIVA (ID_DETALLE_INICIATIVA,ID_INICIATIVA,ID_REMITENTE,ID_DESTINO,DESC_INICIATIVA,ID_ETAPA,ID_ESTADO,OBSERVACIONES,FECHA_DERIVACION,FECHA_RECEPCION) values ('948','427','105','81','REGISTRO INICIATIVA','1','1',null,to_date('24/02/20','DD/MM/RR'),null);
Insert into MRVMM.T_GEND_DETALLE_INICIATIVA (ID_DETALLE_INICIATIVA,ID_INICIATIVA,ID_REMITENTE,ID_DESTINO,DESC_INICIATIVA,ID_ETAPA,ID_ESTADO,OBSERVACIONES,FECHA_DERIVACION,FECHA_RECEPCION) values ('1005','444','182',null,'GUARDAR AVANCE DETALLE','3','0',null,to_date('26/02/20','DD/MM/RR'),null);
Insert into MRVMM.T_GEND_DETALLE_INICIATIVA (ID_DETALLE_INICIATIVA,ID_INICIATIVA,ID_REMITENTE,ID_DESTINO,DESC_INICIATIVA,ID_ETAPA,ID_ESTADO,OBSERVACIONES,FECHA_DERIVACION,FECHA_RECEPCION) values ('1016','383','122',null,null,'6','3',null,to_date('27/02/20','DD/MM/RR'),null);
Insert into MRVMM.T_GEND_DETALLE_INICIATIVA (ID_DETALLE_INICIATIVA,ID_INICIATIVA,ID_REMITENTE,ID_DESTINO,DESC_INICIATIVA,ID_ETAPA,ID_ESTADO,OBSERVACIONES,FECHA_DERIVACION,FECHA_RECEPCION) values ('1017','446','182','81','REGISTRO INICIATIVA','1','1',null,to_date('27/02/20','DD/MM/RR'),null);
Insert into MRVMM.T_GEND_DETALLE_INICIATIVA (ID_DETALLE_INICIATIVA,ID_INICIATIVA,ID_REMITENTE,ID_DESTINO,DESC_INICIATIVA,ID_ETAPA,ID_ESTADO,OBSERVACIONES,FECHA_DERIVACION,FECHA_RECEPCION) values ('1018','446','81',null,null,'1','2',null,to_date('27/02/20','DD/MM/RR'),null);
Insert into MRVMM.T_GEND_DETALLE_INICIATIVA (ID_DETALLE_INICIATIVA,ID_INICIATIVA,ID_REMITENTE,ID_DESTINO,DESC_INICIATIVA,ID_ETAPA,ID_ESTADO,OBSERVACIONES,FECHA_DERIVACION,FECHA_RECEPCION) values ('1025','449','104',null,null,'1','2',null,to_date('27/02/20','DD/MM/RR'),null);
Insert into MRVMM.T_GEND_DETALLE_INICIATIVA (ID_DETALLE_INICIATIVA,ID_INICIATIVA,ID_REMITENTE,ID_DESTINO,DESC_INICIATIVA,ID_ETAPA,ID_ESTADO,OBSERVACIONES,FECHA_DERIVACION,FECHA_RECEPCION) values ('1064','450','0',null,'GUARDAR AVANCE DETALLE','3','0',null,to_date('27/02/20','DD/MM/RR'),null);
Insert into MRVMM.T_GEND_DETALLE_INICIATIVA (ID_DETALLE_INICIATIVA,ID_INICIATIVA,ID_REMITENTE,ID_DESTINO,DESC_INICIATIVA,ID_ETAPA,ID_ESTADO,OBSERVACIONES,FECHA_DERIVACION,FECHA_RECEPCION) values ('1065','450','221',null,'REGISTRAR DETALLE INDICADOR','3','1',null,to_date('27/02/20','DD/MM/RR'),null);
Insert into MRVMM.T_GEND_DETALLE_INICIATIVA (ID_DETALLE_INICIATIVA,ID_INICIATIVA,ID_REMITENTE,ID_DESTINO,DESC_INICIATIVA,ID_ETAPA,ID_ESTADO,OBSERVACIONES,FECHA_DERIVACION,FECHA_RECEPCION) values ('1066','450','104',null,null,'4','3',null,to_date('27/02/20','DD/MM/RR'),null);
Insert into MRVMM.T_GEND_DETALLE_INICIATIVA (ID_DETALLE_INICIATIVA,ID_INICIATIVA,ID_REMITENTE,ID_DESTINO,DESC_INICIATIVA,ID_ETAPA,ID_ESTADO,OBSERVACIONES,FECHA_DERIVACION,FECHA_RECEPCION) values ('1081','461','105','81','REGISTRO INICIATIVA','1','1',null,to_date('28/02/20','DD/MM/RR'),null);
Insert into MRVMM.T_GEND_DETALLE_INICIATIVA (ID_DETALLE_INICIATIVA,ID_INICIATIVA,ID_REMITENTE,ID_DESTINO,DESC_INICIATIVA,ID_ETAPA,ID_ESTADO,OBSERVACIONES,FECHA_DERIVACION,FECHA_RECEPCION) values ('1092','443','105',null,'REGISTRAR DETALLE INDICADOR','3','1',null,to_date('28/02/20','DD/MM/RR'),null);
Insert into MRVMM.T_GEND_DETALLE_INICIATIVA (ID_DETALLE_INICIATIVA,ID_INICIATIVA,ID_REMITENTE,ID_DESTINO,DESC_INICIATIVA,ID_ETAPA,ID_ESTADO,OBSERVACIONES,FECHA_DERIVACION,FECHA_RECEPCION) values ('1102','451','221',null,'REGISTRAR DETALLE INDICADOR','3','1',null,to_date('28/02/20','DD/MM/RR'),null);
Insert into MRVMM.T_GEND_DETALLE_INICIATIVA (ID_DETALLE_INICIATIVA,ID_INICIATIVA,ID_REMITENTE,ID_DESTINO,DESC_INICIATIVA,ID_ETAPA,ID_ESTADO,OBSERVACIONES,FECHA_DERIVACION,FECHA_RECEPCION) values ('1106','426','104',null,null,'4','3',null,to_date('28/02/20','DD/MM/RR'),null);
Insert into MRVMM.T_GEND_DETALLE_INICIATIVA (ID_DETALLE_INICIATIVA,ID_INICIATIVA,ID_REMITENTE,ID_DESTINO,DESC_INICIATIVA,ID_ETAPA,ID_ESTADO,OBSERVACIONES,FECHA_DERIVACION,FECHA_RECEPCION) values ('1113','468','220','81','REGISTRO INICIATIVA','1','1',null,to_date('28/02/20','DD/MM/RR'),null);
Insert into MRVMM.T_GEND_DETALLE_INICIATIVA (ID_DETALLE_INICIATIVA,ID_INICIATIVA,ID_REMITENTE,ID_DESTINO,DESC_INICIATIVA,ID_ETAPA,ID_ESTADO,OBSERVACIONES,FECHA_DERIVACION,FECHA_RECEPCION) values ('1138','481','105','81','REGISTRO INICIATIVA','1','1',null,to_date('02/03/20','DD/MM/RR'),null);
Insert into MRVMM.T_GEND_DETALLE_INICIATIVA (ID_DETALLE_INICIATIVA,ID_INICIATIVA,ID_REMITENTE,ID_DESTINO,DESC_INICIATIVA,ID_ETAPA,ID_ESTADO,OBSERVACIONES,FECHA_DERIVACION,FECHA_RECEPCION) values ('1144','368','105',null,'REGISTRAR DETALLE INDICADOR','3','1',null,to_date('03/03/20','DD/MM/RR'),null);
Insert into MRVMM.T_GEND_DETALLE_INICIATIVA (ID_DETALLE_INICIATIVA,ID_INICIATIVA,ID_REMITENTE,ID_DESTINO,DESC_INICIATIVA,ID_ETAPA,ID_ESTADO,OBSERVACIONES,FECHA_DERIVACION,FECHA_RECEPCION) values ('1222','521','81',null,null,'2','3',null,to_date('11/03/20','DD/MM/RR'),null);
Insert into MRVMM.T_GEND_DETALLE_INICIATIVA (ID_DETALLE_INICIATIVA,ID_INICIATIVA,ID_REMITENTE,ID_DESTINO,DESC_INICIATIVA,ID_ETAPA,ID_ESTADO,OBSERVACIONES,FECHA_DERIVACION,FECHA_RECEPCION) values ('1223','450','22',null,null,'5','3',null,to_date('11/03/20','DD/MM/RR'),null);
Insert into MRVMM.T_GEND_DETALLE_INICIATIVA (ID_DETALLE_INICIATIVA,ID_INICIATIVA,ID_REMITENTE,ID_DESTINO,DESC_INICIATIVA,ID_ETAPA,ID_ESTADO,OBSERVACIONES,FECHA_DERIVACION,FECHA_RECEPCION) values ('1241','443','123',null,null,'7','3',null,to_date('12/03/20','DD/MM/RR'),null);
Insert into MRVMM.T_GEND_DETALLE_INICIATIVA (ID_DETALLE_INICIATIVA,ID_INICIATIVA,ID_REMITENTE,ID_DESTINO,DESC_INICIATIVA,ID_ETAPA,ID_ESTADO,OBSERVACIONES,FECHA_DERIVACION,FECHA_RECEPCION) values ('1242','465','81',null,null,'4','3',null,to_date('12/03/20','DD/MM/RR'),null);
Insert into MRVMM.T_GEND_DETALLE_INICIATIVA (ID_DETALLE_INICIATIVA,ID_INICIATIVA,ID_REMITENTE,ID_DESTINO,DESC_INICIATIVA,ID_ETAPA,ID_ESTADO,OBSERVACIONES,FECHA_DERIVACION,FECHA_RECEPCION) values ('1243','453','81',null,null,'4','3',null,to_date('12/03/20','DD/MM/RR'),null);
Insert into MRVMM.T_GEND_DETALLE_INICIATIVA (ID_DETALLE_INICIATIVA,ID_INICIATIVA,ID_REMITENTE,ID_DESTINO,DESC_INICIATIVA,ID_ETAPA,ID_ESTADO,OBSERVACIONES,FECHA_DERIVACION,FECHA_RECEPCION) values ('1244','465','22',null,null,'8','3',null,to_date('12/03/20','DD/MM/RR'),null);
Insert into MRVMM.T_GEND_DETALLE_INICIATIVA (ID_DETALLE_INICIATIVA,ID_INICIATIVA,ID_REMITENTE,ID_DESTINO,DESC_INICIATIVA,ID_ETAPA,ID_ESTADO,OBSERVACIONES,FECHA_DERIVACION,FECHA_RECEPCION) values ('1245','465','22',null,null,'8','3',null,to_date('12/03/20','DD/MM/RR'),null);
Insert into MRVMM.T_GEND_DETALLE_INICIATIVA (ID_DETALLE_INICIATIVA,ID_INICIATIVA,ID_REMITENTE,ID_DESTINO,DESC_INICIATIVA,ID_ETAPA,ID_ESTADO,OBSERVACIONES,FECHA_DERIVACION,FECHA_RECEPCION) values ('1247','453','22',null,null,'5','3',null,to_date('12/03/20','DD/MM/RR'),null);
Insert into MRVMM.T_GEND_DETALLE_INICIATIVA (ID_DETALLE_INICIATIVA,ID_INICIATIVA,ID_REMITENTE,ID_DESTINO,DESC_INICIATIVA,ID_ETAPA,ID_ESTADO,OBSERVACIONES,FECHA_DERIVACION,FECHA_RECEPCION) values ('1248','395','22',null,null,'8','3',null,to_date('12/03/20','DD/MM/RR'),null);
Insert into MRVMM.T_GEND_DETALLE_INICIATIVA (ID_DETALLE_INICIATIVA,ID_INICIATIVA,ID_REMITENTE,ID_DESTINO,DESC_INICIATIVA,ID_ETAPA,ID_ESTADO,OBSERVACIONES,FECHA_DERIVACION,FECHA_RECEPCION) values ('1250','438','81',null,null,'4','3',null,to_date('12/03/20','DD/MM/RR'),null);
Insert into MRVMM.T_GEND_DETALLE_INICIATIVA (ID_DETALLE_INICIATIVA,ID_INICIATIVA,ID_REMITENTE,ID_DESTINO,DESC_INICIATIVA,ID_ETAPA,ID_ESTADO,OBSERVACIONES,FECHA_DERIVACION,FECHA_RECEPCION) values ('1251','438','22',null,null,'5','3',null,to_date('12/03/20','DD/MM/RR'),null);
Insert into MRVMM.T_GEND_DETALLE_INICIATIVA (ID_DETALLE_INICIATIVA,ID_INICIATIVA,ID_REMITENTE,ID_DESTINO,DESC_INICIATIVA,ID_ETAPA,ID_ESTADO,OBSERVACIONES,FECHA_DERIVACION,FECHA_RECEPCION) values ('1252','52','0',null,null,'9','3',null,to_date('12/03/20','DD/MM/RR'),null);
Insert into MRVMM.T_GEND_DETALLE_INICIATIVA (ID_DETALLE_INICIATIVA,ID_INICIATIVA,ID_REMITENTE,ID_DESTINO,DESC_INICIATIVA,ID_ETAPA,ID_ESTADO,OBSERVACIONES,FECHA_DERIVACION,FECHA_RECEPCION) values ('802','343','105',null,'REGISTRAR DETALLE INDICADOR','3','1',null,to_date('14/02/20','DD/MM/RR'),null);
Insert into MRVMM.T_GEND_DETALLE_INICIATIVA (ID_DETALLE_INICIATIVA,ID_INICIATIVA,ID_REMITENTE,ID_DESTINO,DESC_INICIATIVA,ID_ETAPA,ID_ESTADO,OBSERVACIONES,FECHA_DERIVACION,FECHA_RECEPCION) values ('805','341','22',null,null,'5','3',null,to_date('15/02/20','DD/MM/RR'),null);
Insert into MRVMM.T_GEND_DETALLE_INICIATIVA (ID_DETALLE_INICIATIVA,ID_INICIATIVA,ID_REMITENTE,ID_DESTINO,DESC_INICIATIVA,ID_ETAPA,ID_ESTADO,OBSERVACIONES,FECHA_DERIVACION,FECHA_RECEPCION) values ('1253','53','0',null,null,'9','3',null,to_date('12/03/20','DD/MM/RR'),null);
Insert into MRVMM.T_GEND_DETALLE_INICIATIVA (ID_DETALLE_INICIATIVA,ID_INICIATIVA,ID_REMITENTE,ID_DESTINO,DESC_INICIATIVA,ID_ETAPA,ID_ESTADO,OBSERVACIONES,FECHA_DERIVACION,FECHA_RECEPCION) values ('1254','51','0',null,null,'9','3',null,to_date('12/03/20','DD/MM/RR'),null);
Insert into MRVMM.T_GEND_DETALLE_INICIATIVA (ID_DETALLE_INICIATIVA,ID_INICIATIVA,ID_REMITENTE,ID_DESTINO,DESC_INICIATIVA,ID_ETAPA,ID_ESTADO,OBSERVACIONES,FECHA_DERIVACION,FECHA_RECEPCION) values ('1255','44','0',null,null,'9','3',null,to_date('12/03/20','DD/MM/RR'),null);
Insert into MRVMM.T_GEND_DETALLE_INICIATIVA (ID_DETALLE_INICIATIVA,ID_INICIATIVA,ID_REMITENTE,ID_DESTINO,DESC_INICIATIVA,ID_ETAPA,ID_ESTADO,OBSERVACIONES,FECHA_DERIVACION,FECHA_RECEPCION) values ('1256','52','0',null,null,'9','3',null,to_date('12/03/20','DD/MM/RR'),null);
Insert into MRVMM.T_GEND_DETALLE_INICIATIVA (ID_DETALLE_INICIATIVA,ID_INICIATIVA,ID_REMITENTE,ID_DESTINO,DESC_INICIATIVA,ID_ETAPA,ID_ESTADO,OBSERVACIONES,FECHA_DERIVACION,FECHA_RECEPCION) values ('1257','51','0',null,null,'9','3',null,to_date('12/03/20','DD/MM/RR'),null);
Insert into MRVMM.T_GEND_DETALLE_INICIATIVA (ID_DETALLE_INICIATIVA,ID_INICIATIVA,ID_REMITENTE,ID_DESTINO,DESC_INICIATIVA,ID_ETAPA,ID_ESTADO,OBSERVACIONES,FECHA_DERIVACION,FECHA_RECEPCION) values ('1258','56','0',null,null,'9','3',null,to_date('12/03/20','DD/MM/RR'),null);
Insert into MRVMM.T_GEND_DETALLE_INICIATIVA (ID_DETALLE_INICIATIVA,ID_INICIATIVA,ID_REMITENTE,ID_DESTINO,DESC_INICIATIVA,ID_ETAPA,ID_ESTADO,OBSERVACIONES,FECHA_DERIVACION,FECHA_RECEPCION) values ('1259','394','81',null,null,'4','3',null,to_date('12/03/20','DD/MM/RR'),null);
Insert into MRVMM.T_GEND_DETALLE_INICIATIVA (ID_DETALLE_INICIATIVA,ID_INICIATIVA,ID_REMITENTE,ID_DESTINO,DESC_INICIATIVA,ID_ETAPA,ID_ESTADO,OBSERVACIONES,FECHA_DERIVACION,FECHA_RECEPCION) values ('1260','424','81',null,null,'4','3',null,to_date('12/03/20','DD/MM/RR'),null);
Insert into MRVMM.T_GEND_DETALLE_INICIATIVA (ID_DETALLE_INICIATIVA,ID_INICIATIVA,ID_REMITENTE,ID_DESTINO,DESC_INICIATIVA,ID_ETAPA,ID_ESTADO,OBSERVACIONES,FECHA_DERIVACION,FECHA_RECEPCION) values ('1261','424','22',null,null,'5','3',null,to_date('12/03/20','DD/MM/RR'),null);
Insert into MRVMM.T_GEND_DETALLE_INICIATIVA (ID_DETALLE_INICIATIVA,ID_INICIATIVA,ID_REMITENTE,ID_DESTINO,DESC_INICIATIVA,ID_ETAPA,ID_ESTADO,OBSERVACIONES,FECHA_DERIVACION,FECHA_RECEPCION) values ('1262','394','22',null,null,'5','3',null,to_date('12/03/20','DD/MM/RR'),null);
Insert into MRVMM.T_GEND_DETALLE_INICIATIVA (ID_DETALLE_INICIATIVA,ID_INICIATIVA,ID_REMITENTE,ID_DESTINO,DESC_INICIATIVA,ID_ETAPA,ID_ESTADO,OBSERVACIONES,FECHA_DERIVACION,FECHA_RECEPCION) values ('1263','424','0',null,null,'9','3',null,to_date('12/03/20','DD/MM/RR'),null);
Insert into MRVMM.T_GEND_DETALLE_INICIATIVA (ID_DETALLE_INICIATIVA,ID_INICIATIVA,ID_REMITENTE,ID_DESTINO,DESC_INICIATIVA,ID_ETAPA,ID_ESTADO,OBSERVACIONES,FECHA_DERIVACION,FECHA_RECEPCION) values ('1265','503','81',null,null,'2','3',null,to_date('12/03/20','DD/MM/RR'),null);
Insert into MRVMM.T_GEND_DETALLE_INICIATIVA (ID_DETALLE_INICIATIVA,ID_INICIATIVA,ID_REMITENTE,ID_DESTINO,DESC_INICIATIVA,ID_ETAPA,ID_ESTADO,OBSERVACIONES,FECHA_DERIVACION,FECHA_RECEPCION) values ('1266','423','81',null,null,'2','3',null,to_date('12/03/20','DD/MM/RR'),null);
Insert into MRVMM.T_GEND_DETALLE_INICIATIVA (ID_DETALLE_INICIATIVA,ID_INICIATIVA,ID_REMITENTE,ID_DESTINO,DESC_INICIATIVA,ID_ETAPA,ID_ESTADO,OBSERVACIONES,FECHA_DERIVACION,FECHA_RECEPCION) values ('1267','503','105',null,'REGISTRAR DETALLE INDICADOR','3','1',null,to_date('12/03/20','DD/MM/RR'),null);
Insert into MRVMM.T_GEND_DETALLE_INICIATIVA (ID_DETALLE_INICIATIVA,ID_INICIATIVA,ID_REMITENTE,ID_DESTINO,DESC_INICIATIVA,ID_ETAPA,ID_ESTADO,OBSERVACIONES,FECHA_DERIVACION,FECHA_RECEPCION) values ('1269','503','22',null,null,'5','3',null,to_date('12/03/20','DD/MM/RR'),null);
Insert into MRVMM.T_GEND_DETALLE_INICIATIVA (ID_DETALLE_INICIATIVA,ID_INICIATIVA,ID_REMITENTE,ID_DESTINO,DESC_INICIATIVA,ID_ETAPA,ID_ESTADO,OBSERVACIONES,FECHA_DERIVACION,FECHA_RECEPCION) values ('1270','391','104',null,null,'2','3',null,to_date('12/03/20','DD/MM/RR'),null);
Insert into MRVMM.T_GEND_DETALLE_INICIATIVA (ID_DETALLE_INICIATIVA,ID_INICIATIVA,ID_REMITENTE,ID_DESTINO,DESC_INICIATIVA,ID_ETAPA,ID_ESTADO,OBSERVACIONES,FECHA_DERIVACION,FECHA_RECEPCION) values ('1271','381','104',null,null,'2','3',null,to_date('12/03/20','DD/MM/RR'),null);
Insert into MRVMM.T_GEND_DETALLE_INICIATIVA (ID_DETALLE_INICIATIVA,ID_INICIATIVA,ID_REMITENTE,ID_DESTINO,DESC_INICIATIVA,ID_ETAPA,ID_ESTADO,OBSERVACIONES,FECHA_DERIVACION,FECHA_RECEPCION) values ('1272','379','104',null,null,'2','3',null,to_date('12/03/20','DD/MM/RR'),null);
Insert into MRVMM.T_GEND_DETALLE_INICIATIVA (ID_DETALLE_INICIATIVA,ID_INICIATIVA,ID_REMITENTE,ID_DESTINO,DESC_INICIATIVA,ID_ETAPA,ID_ESTADO,OBSERVACIONES,FECHA_DERIVACION,FECHA_RECEPCION) values ('1273','367','104',null,null,'2','3',null,to_date('12/03/20','DD/MM/RR'),null);
Insert into MRVMM.T_GEND_DETALLE_INICIATIVA (ID_DETALLE_INICIATIVA,ID_INICIATIVA,ID_REMITENTE,ID_DESTINO,DESC_INICIATIVA,ID_ETAPA,ID_ESTADO,OBSERVACIONES,FECHA_DERIVACION,FECHA_RECEPCION) values ('1274','364','104',null,null,'2','3',null,to_date('12/03/20','DD/MM/RR'),null);
Insert into MRVMM.T_GEND_DETALLE_INICIATIVA (ID_DETALLE_INICIATIVA,ID_INICIATIVA,ID_REMITENTE,ID_DESTINO,DESC_INICIATIVA,ID_ETAPA,ID_ESTADO,OBSERVACIONES,FECHA_DERIVACION,FECHA_RECEPCION) values ('1275','363','104',null,null,'2','3',null,to_date('12/03/20','DD/MM/RR'),null);
Insert into MRVMM.T_GEND_DETALLE_INICIATIVA (ID_DETALLE_INICIATIVA,ID_INICIATIVA,ID_REMITENTE,ID_DESTINO,DESC_INICIATIVA,ID_ETAPA,ID_ESTADO,OBSERVACIONES,FECHA_DERIVACION,FECHA_RECEPCION) values ('1276','392','105',null,'REGISTRAR DETALLE INDICADOR','3','1',null,to_date('12/03/20','DD/MM/RR'),null);
Insert into MRVMM.T_GEND_DETALLE_INICIATIVA (ID_DETALLE_INICIATIVA,ID_INICIATIVA,ID_REMITENTE,ID_DESTINO,DESC_INICIATIVA,ID_ETAPA,ID_ESTADO,OBSERVACIONES,FECHA_DERIVACION,FECHA_RECEPCION) values ('1278','390','105','81','REGISTRO DE INICIATIVA','1','1',null,to_date('12/03/20','DD/MM/RR'),null);
Insert into MRVMM.T_GEND_DETALLE_INICIATIVA (ID_DETALLE_INICIATIVA,ID_INICIATIVA,ID_REMITENTE,ID_DESTINO,DESC_INICIATIVA,ID_ETAPA,ID_ESTADO,OBSERVACIONES,FECHA_DERIVACION,FECHA_RECEPCION) values ('1279','389','105','81','REGISTRO DE INICIATIVA','1','1',null,to_date('12/03/20','DD/MM/RR'),null);
Insert into MRVMM.T_GEND_DETALLE_INICIATIVA (ID_DETALLE_INICIATIVA,ID_INICIATIVA,ID_REMITENTE,ID_DESTINO,DESC_INICIATIVA,ID_ETAPA,ID_ESTADO,OBSERVACIONES,FECHA_DERIVACION,FECHA_RECEPCION) values ('1280','392','81',null,null,'4','3',null,to_date('12/03/20','DD/MM/RR'),null);
Insert into MRVMM.T_GEND_DETALLE_INICIATIVA (ID_DETALLE_INICIATIVA,ID_INICIATIVA,ID_REMITENTE,ID_DESTINO,DESC_INICIATIVA,ID_ETAPA,ID_ESTADO,OBSERVACIONES,FECHA_DERIVACION,FECHA_RECEPCION) values ('1281','343','81',null,null,'4','3',null,to_date('12/03/20','DD/MM/RR'),null);
Insert into MRVMM.T_GEND_DETALLE_INICIATIVA (ID_DETALLE_INICIATIVA,ID_INICIATIVA,ID_REMITENTE,ID_DESTINO,DESC_INICIATIVA,ID_ETAPA,ID_ESTADO,OBSERVACIONES,FECHA_DERIVACION,FECHA_RECEPCION) values ('1282','390','81',null,null,'2','3',null,to_date('12/03/20','DD/MM/RR'),null);
Insert into MRVMM.T_GEND_DETALLE_INICIATIVA (ID_DETALLE_INICIATIVA,ID_INICIATIVA,ID_REMITENTE,ID_DESTINO,DESC_INICIATIVA,ID_ETAPA,ID_ESTADO,OBSERVACIONES,FECHA_DERIVACION,FECHA_RECEPCION) values ('1283','389','81',null,null,'2','3',null,to_date('12/03/20','DD/MM/RR'),null);
Insert into MRVMM.T_GEND_DETALLE_INICIATIVA (ID_DETALLE_INICIATIVA,ID_INICIATIVA,ID_REMITENTE,ID_DESTINO,DESC_INICIATIVA,ID_ETAPA,ID_ESTADO,OBSERVACIONES,FECHA_DERIVACION,FECHA_RECEPCION) values ('1286','542','81',null,null,'2','3',null,to_date('12/03/20','DD/MM/RR'),null);
Insert into MRVMM.T_GEND_DETALLE_INICIATIVA (ID_DETALLE_INICIATIVA,ID_INICIATIVA,ID_REMITENTE,ID_DESTINO,DESC_INICIATIVA,ID_ETAPA,ID_ESTADO,OBSERVACIONES,FECHA_DERIVACION,FECHA_RECEPCION) values ('1287','541','81',null,null,'2','3',null,to_date('12/03/20','DD/MM/RR'),null);
Insert into MRVMM.T_GEND_DETALLE_INICIATIVA (ID_DETALLE_INICIATIVA,ID_INICIATIVA,ID_REMITENTE,ID_DESTINO,DESC_INICIATIVA,ID_ETAPA,ID_ESTADO,OBSERVACIONES,FECHA_DERIVACION,FECHA_RECEPCION) values ('1288','542','105',null,'REGISTRAR DETALLE INDICADOR','3','1',null,to_date('12/03/20','DD/MM/RR'),null);
Insert into MRVMM.T_GEND_DETALLE_INICIATIVA (ID_DETALLE_INICIATIVA,ID_INICIATIVA,ID_REMITENTE,ID_DESTINO,DESC_INICIATIVA,ID_ETAPA,ID_ESTADO,OBSERVACIONES,FECHA_DERIVACION,FECHA_RECEPCION) values ('1289','541','105',null,'REGISTRAR DETALLE INDICADOR','3','1',null,to_date('12/03/20','DD/MM/RR'),null);
Insert into MRVMM.T_GEND_DETALLE_INICIATIVA (ID_DETALLE_INICIATIVA,ID_INICIATIVA,ID_REMITENTE,ID_DESTINO,DESC_INICIATIVA,ID_ETAPA,ID_ESTADO,OBSERVACIONES,FECHA_DERIVACION,FECHA_RECEPCION) values ('1290','542','81',null,null,'4','3',null,to_date('12/03/20','DD/MM/RR'),null);
Insert into MRVMM.T_GEND_DETALLE_INICIATIVA (ID_DETALLE_INICIATIVA,ID_INICIATIVA,ID_REMITENTE,ID_DESTINO,DESC_INICIATIVA,ID_ETAPA,ID_ESTADO,OBSERVACIONES,FECHA_DERIVACION,FECHA_RECEPCION) values ('1292','485','105',null,'GUARDAR AVANCE DETALLE','3','0',null,to_date('12/03/20','DD/MM/RR'),null);
Insert into MRVMM.T_GEND_DETALLE_INICIATIVA (ID_DETALLE_INICIATIVA,ID_INICIATIVA,ID_REMITENTE,ID_DESTINO,DESC_INICIATIVA,ID_ETAPA,ID_ESTADO,OBSERVACIONES,FECHA_DERIVACION,FECHA_RECEPCION) values ('1293','485','105',null,'GUARDAR AVANCE DETALLE','3','0',null,to_date('12/03/20','DD/MM/RR'),null);
Insert into MRVMM.T_GEND_DETALLE_INICIATIVA (ID_DETALLE_INICIATIVA,ID_INICIATIVA,ID_REMITENTE,ID_DESTINO,DESC_INICIATIVA,ID_ETAPA,ID_ESTADO,OBSERVACIONES,FECHA_DERIVACION,FECHA_RECEPCION) values ('1295','485','105',null,'GUARDAR AVANCE DETALLE','3','0',null,to_date('12/03/20','DD/MM/RR'),null);
Insert into MRVMM.T_GEND_DETALLE_INICIATIVA (ID_DETALLE_INICIATIVA,ID_INICIATIVA,ID_REMITENTE,ID_DESTINO,DESC_INICIATIVA,ID_ETAPA,ID_ESTADO,OBSERVACIONES,FECHA_DERIVACION,FECHA_RECEPCION) values ('1296','485','105',null,'GUARDAR AVANCE DETALLE','3','0',null,to_date('12/03/20','DD/MM/RR'),null);
Insert into MRVMM.T_GEND_DETALLE_INICIATIVA (ID_DETALLE_INICIATIVA,ID_INICIATIVA,ID_REMITENTE,ID_DESTINO,DESC_INICIATIVA,ID_ETAPA,ID_ESTADO,OBSERVACIONES,FECHA_DERIVACION,FECHA_RECEPCION) values ('1297','485','105',null,'REGISTRAR DETALLE INDICADOR','3','1',null,to_date('12/03/20','DD/MM/RR'),null);
Insert into MRVMM.T_GEND_DETALLE_INICIATIVA (ID_DETALLE_INICIATIVA,ID_INICIATIVA,ID_REMITENTE,ID_DESTINO,DESC_INICIATIVA,ID_ETAPA,ID_ESTADO,OBSERVACIONES,FECHA_DERIVACION,FECHA_RECEPCION) values ('1298','485','81',null,null,'3','2',null,to_date('12/03/20','DD/MM/RR'),null);
Insert into MRVMM.T_GEND_DETALLE_INICIATIVA (ID_DETALLE_INICIATIVA,ID_INICIATIVA,ID_REMITENTE,ID_DESTINO,DESC_INICIATIVA,ID_ETAPA,ID_ESTADO,OBSERVACIONES,FECHA_DERIVACION,FECHA_RECEPCION) values ('1299','485','105',null,'GUARDAR AVANCE DETALLE OBSERVACION','3','6',null,to_date('12/03/20','DD/MM/RR'),null);
Insert into MRVMM.T_GEND_DETALLE_INICIATIVA (ID_DETALLE_INICIATIVA,ID_INICIATIVA,ID_REMITENTE,ID_DESTINO,DESC_INICIATIVA,ID_ETAPA,ID_ESTADO,OBSERVACIONES,FECHA_DERIVACION,FECHA_RECEPCION) values ('1300','485','105',null,'GUARDAR AVANCE DETALLE OBSERVACION','3','6',null,to_date('12/03/20','DD/MM/RR'),null);
Insert into MRVMM.T_GEND_DETALLE_INICIATIVA (ID_DETALLE_INICIATIVA,ID_INICIATIVA,ID_REMITENTE,ID_DESTINO,DESC_INICIATIVA,ID_ETAPA,ID_ESTADO,OBSERVACIONES,FECHA_DERIVACION,FECHA_RECEPCION) values ('1301','485','105',null,'GUARDAR AVANCE DETALLE OBSERVACION','3','6',null,to_date('12/03/20','DD/MM/RR'),null);
Insert into MRVMM.T_GEND_DETALLE_INICIATIVA (ID_DETALLE_INICIATIVA,ID_INICIATIVA,ID_REMITENTE,ID_DESTINO,DESC_INICIATIVA,ID_ETAPA,ID_ESTADO,OBSERVACIONES,FECHA_DERIVACION,FECHA_RECEPCION) values ('1302','485','105',null,'GUARDAR AVANCE DETALLE OBSERVACION','3','6',null,to_date('12/03/20','DD/MM/RR'),null);
Insert into MRVMM.T_GEND_DETALLE_INICIATIVA (ID_DETALLE_INICIATIVA,ID_INICIATIVA,ID_REMITENTE,ID_DESTINO,DESC_INICIATIVA,ID_ETAPA,ID_ESTADO,OBSERVACIONES,FECHA_DERIVACION,FECHA_RECEPCION) values ('1303','485','105',null,'GUARDAR AVANCE DETALLE OBSERVACION','3','6',null,to_date('12/03/20','DD/MM/RR'),null);
Insert into MRVMM.T_GEND_DETALLE_INICIATIVA (ID_DETALLE_INICIATIVA,ID_INICIATIVA,ID_REMITENTE,ID_DESTINO,DESC_INICIATIVA,ID_ETAPA,ID_ESTADO,OBSERVACIONES,FECHA_DERIVACION,FECHA_RECEPCION) values ('1304','423','105',null,'GUARDAR AVANCE DETALLE','3','0',null,to_date('12/03/20','DD/MM/RR'),null);
Insert into MRVMM.T_GEND_DETALLE_INICIATIVA (ID_DETALLE_INICIATIVA,ID_INICIATIVA,ID_REMITENTE,ID_DESTINO,DESC_INICIATIVA,ID_ETAPA,ID_ESTADO,OBSERVACIONES,FECHA_DERIVACION,FECHA_RECEPCION) values ('1376','562','104',null,null,'3','2','no estamos',to_date('14/03/20','DD/MM/RR'),null);
Insert into MRVMM.T_GEND_DETALLE_INICIATIVA (ID_DETALLE_INICIATIVA,ID_INICIATIVA,ID_REMITENTE,ID_DESTINO,DESC_INICIATIVA,ID_ETAPA,ID_ESTADO,OBSERVACIONES,FECHA_DERIVACION,FECHA_RECEPCION) values ('1414','569','105',null,'REGISTRAR DETALLE INDICADOR','3','1','Promoción de vehículos eléctricos - PVE|VEHICULOS ELECTRICOS (RECORRIDO)|1|0',to_date('14/03/20','DD/MM/RR'),null);
Insert into MRVMM.T_GEND_DETALLE_INICIATIVA (ID_DETALLE_INICIATIVA,ID_INICIATIVA,ID_REMITENTE,ID_DESTINO,DESC_INICIATIVA,ID_ETAPA,ID_ESTADO,OBSERVACIONES,FECHA_DERIVACION,FECHA_RECEPCION) values ('1452','584','22',null,null,'5','3','CO2|COMBUSTIBLES SOLIDOS|6054,68',to_date('18/03/20','DD/MM/RR'),null);
Insert into MRVMM.T_GEND_DETALLE_INICIATIVA (ID_DETALLE_INICIATIVA,ID_INICIATIVA,ID_REMITENTE,ID_DESTINO,DESC_INICIATIVA,ID_ETAPA,ID_ESTADO,OBSERVACIONES,FECHA_DERIVACION,FECHA_RECEPCION) values ('1453','584','122',null,null,'9','3','Eficiencia Energética en el sector industrial - EESI|01/01/2019 - 31/12/2019|1',to_date('18/03/20','DD/MM/RR'),null);
Insert into MRVMM.T_GEND_DETALLE_INICIATIVA (ID_DETALLE_INICIATIVA,ID_INICIATIVA,ID_REMITENTE,ID_DESTINO,DESC_INICIATIVA,ID_ETAPA,ID_ESTADO,OBSERVACIONES,FECHA_DERIVACION,FECHA_RECEPCION) values ('1454','565','104',null,null,'4','3','COMBUSTIBLES SOLIDOS|CO2|229,5',to_date('18/03/20','DD/MM/RR'),null);
Insert into MRVMM.T_GEND_DETALLE_INICIATIVA (ID_DETALLE_INICIATIVA,ID_INICIATIVA,ID_REMITENTE,ID_DESTINO,DESC_INICIATIVA,ID_ETAPA,ID_ESTADO,OBSERVACIONES,FECHA_DERIVACION,FECHA_RECEPCION) values ('1455','569','22',null,null,'5','3','CO2 - CH4|COMBUSTIBLES SOLIDOS - ENERGIA SOLAR|25,28',to_date('18/03/20','DD/MM/RR'),null);
Insert into MRVMM.T_GEND_DETALLE_INICIATIVA (ID_DETALLE_INICIATIVA,ID_INICIATIVA,ID_REMITENTE,ID_DESTINO,DESC_INICIATIVA,ID_ETAPA,ID_ESTADO,OBSERVACIONES,FECHA_DERIVACION,FECHA_RECEPCION) values ('1456','569','123',null,null,'10','3','1',to_date('18/03/20','DD/MM/RR'),null);
Insert into MRVMM.T_GEND_DETALLE_INICIATIVA (ID_DETALLE_INICIATIVA,ID_INICIATIVA,ID_REMITENTE,ID_DESTINO,DESC_INICIATIVA,ID_ETAPA,ID_ESTADO,OBSERVACIONES,FECHA_DERIVACION,FECHA_RECEPCION) values ('1457','585','281','81','REGISTRO INICIATIVA','1','1','Carros eléctricos 40 de color azul|Promoción de vehículos eléctricos - PVE|21/03/2018|SOLES|12000',to_date('19/03/20','DD/MM/RR'),null);
Insert into MRVMM.T_GEND_DETALLE_INICIATIVA (ID_DETALLE_INICIATIVA,ID_INICIATIVA,ID_REMITENTE,ID_DESTINO,DESC_INICIATIVA,ID_ETAPA,ID_ESTADO,OBSERVACIONES,FECHA_DERIVACION,FECHA_RECEPCION) values ('1458','586','281','81','REGISTRO INICIATIVA','1','1','Cambio de luces del poste público|Lámparas de alumbrado público - LAP|21/03/2019|SOLES|12000',to_date('19/03/20','DD/MM/RR'),null);
Insert into MRVMM.T_GEND_DETALLE_INICIATIVA (ID_DETALLE_INICIATIVA,ID_INICIATIVA,ID_REMITENTE,ID_DESTINO,DESC_INICIATIVA,ID_ETAPA,ID_ESTADO,OBSERVACIONES,FECHA_DERIVACION,FECHA_RECEPCION) values ('1459','585','104',null,null,'2','3','CO2|COMBUSTIBLES SOLIDOS',to_date('19/03/20','DD/MM/RR'),null);
Insert into MRVMM.T_GEND_DETALLE_INICIATIVA (ID_DETALLE_INICIATIVA,ID_INICIATIVA,ID_REMITENTE,ID_DESTINO,DESC_INICIATIVA,ID_ETAPA,ID_ESTADO,OBSERVACIONES,FECHA_DERIVACION,FECHA_RECEPCION) values ('1460','585','281',null,'REGISTRAR DETALLE INDICADOR','3','1','Promoción de vehículos eléctricos - PVE|VEHICULOS ELECTRICOS (RECORRIDO)|1|4,67',to_date('19/03/20','DD/MM/RR'),null);
Insert into MRVMM.T_GEND_DETALLE_INICIATIVA (ID_DETALLE_INICIATIVA,ID_INICIATIVA,ID_REMITENTE,ID_DESTINO,DESC_INICIATIVA,ID_ETAPA,ID_ESTADO,OBSERVACIONES,FECHA_DERIVACION,FECHA_RECEPCION) values ('1461','585','104',null,null,'4','3','COMBUSTIBLES SOLIDOS|CO2|4,67',to_date('19/03/20','DD/MM/RR'),null);
Insert into MRVMM.T_GEND_DETALLE_INICIATIVA (ID_DETALLE_INICIATIVA,ID_INICIATIVA,ID_REMITENTE,ID_DESTINO,DESC_INICIATIVA,ID_ETAPA,ID_ESTADO,OBSERVACIONES,FECHA_DERIVACION,FECHA_RECEPCION) values ('1462','586','104',null,null,'2','3','CO2|COMBUSTIBLES SOLIDOS',to_date('19/03/20','DD/MM/RR'),null);
Insert into MRVMM.T_GEND_DETALLE_INICIATIVA (ID_DETALLE_INICIATIVA,ID_INICIATIVA,ID_REMITENTE,ID_DESTINO,DESC_INICIATIVA,ID_ETAPA,ID_ESTADO,OBSERVACIONES,FECHA_DERIVACION,FECHA_RECEPCION) values ('1463','586','281',null,'REGISTRAR DETALLE INDICADOR','3','1','Lámparas de alumbrado público - LAP|LAMPARAS DE ALUMBRADO PUBLICO|1|0',to_date('19/03/20','DD/MM/RR'),null);
Insert into MRVMM.T_GEND_DETALLE_INICIATIVA (ID_DETALLE_INICIATIVA,ID_INICIATIVA,ID_REMITENTE,ID_DESTINO,DESC_INICIATIVA,ID_ETAPA,ID_ESTADO,OBSERVACIONES,FECHA_DERIVACION,FECHA_RECEPCION) values ('1464','586','104',null,null,'4','3','COMBUSTIBLES SOLIDOS|CO2|22273,11',to_date('19/03/20','DD/MM/RR'),null);
Insert into MRVMM.T_GEND_DETALLE_INICIATIVA (ID_DETALLE_INICIATIVA,ID_INICIATIVA,ID_REMITENTE,ID_DESTINO,DESC_INICIATIVA,ID_ETAPA,ID_ESTADO,OBSERVACIONES,FECHA_DERIVACION,FECHA_RECEPCION) values ('1465','587','281','81','REGISTRO INICIATIVA','1','1','Buses naranjas de 12 M |Promoción de vehículos eléctricos - PVE|21/05/2018|SOLES|10300',to_date('20/03/20','DD/MM/RR'),null);
Insert into MRVMM.T_GEND_DETALLE_INICIATIVA (ID_DETALLE_INICIATIVA,ID_INICIATIVA,ID_REMITENTE,ID_DESTINO,DESC_INICIATIVA,ID_ETAPA,ID_ESTADO,OBSERVACIONES,FECHA_DERIVACION,FECHA_RECEPCION) values ('1466','587','104',null,null,'1','2','Describir',to_date('20/03/20','DD/MM/RR'),null);
Insert into MRVMM.T_GEND_DETALLE_INICIATIVA (ID_DETALLE_INICIATIVA,ID_INICIATIVA,ID_REMITENTE,ID_DESTINO,DESC_INICIATIVA,ID_ETAPA,ID_ESTADO,OBSERVACIONES,FECHA_DERIVACION,FECHA_RECEPCION) values ('1467','587','281','81','CORRECCION DE INICIATIVA','1','5','Buses naranjas de 12 M |Promoción de vehículos eléctricos - PVE|21/05/2018|SOLES|10300',to_date('20/03/20','DD/MM/RR'),null);
Insert into MRVMM.T_GEND_DETALLE_INICIATIVA (ID_DETALLE_INICIATIVA,ID_INICIATIVA,ID_REMITENTE,ID_DESTINO,DESC_INICIATIVA,ID_ETAPA,ID_ESTADO,OBSERVACIONES,FECHA_DERIVACION,FECHA_RECEPCION) values ('1468','587','104',null,null,'2','3','CH4|ENERGIA SOLAR',to_date('20/03/20','DD/MM/RR'),null);
Insert into MRVMM.T_GEND_DETALLE_INICIATIVA (ID_DETALLE_INICIATIVA,ID_INICIATIVA,ID_REMITENTE,ID_DESTINO,DESC_INICIATIVA,ID_ETAPA,ID_ESTADO,OBSERVACIONES,FECHA_DERIVACION,FECHA_RECEPCION) values ('1469','587','281',null,'REGISTRAR DETALLE INDICADOR','3','1','Promoción de vehículos eléctricos - PVE|VEHICULOS ELECTRICOS (CONSUMO)|1|224,83',to_date('20/03/20','DD/MM/RR'),null);
Insert into MRVMM.T_GEND_DETALLE_INICIATIVA (ID_DETALLE_INICIATIVA,ID_INICIATIVA,ID_REMITENTE,ID_DESTINO,DESC_INICIATIVA,ID_ETAPA,ID_ESTADO,OBSERVACIONES,FECHA_DERIVACION,FECHA_RECEPCION) values ('1470','587','104',null,null,'4','3','ENERGIA SOLAR|CH4|201,68',to_date('20/03/20','DD/MM/RR'),null);
Insert into MRVMM.T_GEND_DETALLE_INICIATIVA (ID_DETALLE_INICIATIVA,ID_INICIATIVA,ID_REMITENTE,ID_DESTINO,DESC_INICIATIVA,ID_ETAPA,ID_ESTADO,OBSERVACIONES,FECHA_DERIVACION,FECHA_RECEPCION) values ('1471','587','22',null,null,'4','2','corregigeir',to_date('20/03/20','DD/MM/RR'),null);
Insert into MRVMM.T_GEND_DETALLE_INICIATIVA (ID_DETALLE_INICIATIVA,ID_INICIATIVA,ID_REMITENTE,ID_DESTINO,DESC_INICIATIVA,ID_ETAPA,ID_ESTADO,OBSERVACIONES,FECHA_DERIVACION,FECHA_RECEPCION) values ('1472','587','104',null,null,'3','2','observado',to_date('20/03/20','DD/MM/RR'),null);
Insert into MRVMM.T_GEND_DETALLE_INICIATIVA (ID_DETALLE_INICIATIVA,ID_INICIATIVA,ID_REMITENTE,ID_DESTINO,DESC_INICIATIVA,ID_ETAPA,ID_ESTADO,OBSERVACIONES,FECHA_DERIVACION,FECHA_RECEPCION) values ('1473','587','281',null,null,'3','5','Promoción de vehículos eléctricos - PVE|VEHICULOS ELECTRICOS (CONSUMO)|1|224,83',to_date('20/03/20','DD/MM/RR'),null);
Insert into MRVMM.T_GEND_DETALLE_INICIATIVA (ID_DETALLE_INICIATIVA,ID_INICIATIVA,ID_REMITENTE,ID_DESTINO,DESC_INICIATIVA,ID_ETAPA,ID_ESTADO,OBSERVACIONES,FECHA_DERIVACION,FECHA_RECEPCION) values ('1474','587','104',null,null,'4','3','ENERGIA SOLAR|CH4|224,83',to_date('20/03/20','DD/MM/RR'),null);
Insert into MRVMM.T_GEND_DETALLE_INICIATIVA (ID_DETALLE_INICIATIVA,ID_INICIATIVA,ID_REMITENTE,ID_DESTINO,DESC_INICIATIVA,ID_ETAPA,ID_ESTADO,OBSERVACIONES,FECHA_DERIVACION,FECHA_RECEPCION) values ('1475','587','22',null,null,'5','3','CH4|ENERGIA SOLAR|224,83',to_date('20/03/20','DD/MM/RR'),null);
Insert into MRVMM.T_GEND_DETALLE_INICIATIVA (ID_DETALLE_INICIATIVA,ID_INICIATIVA,ID_REMITENTE,ID_DESTINO,DESC_INICIATIVA,ID_ETAPA,ID_ESTADO,OBSERVACIONES,FECHA_DERIVACION,FECHA_RECEPCION) values ('1476','587','123',null,null,'10','3','1',to_date('20/03/20','DD/MM/RR'),null);
Insert into MRVMM.T_GEND_DETALLE_INICIATIVA (ID_DETALLE_INICIATIVA,ID_INICIATIVA,ID_REMITENTE,ID_DESTINO,DESC_INICIATIVA,ID_ETAPA,ID_ESTADO,OBSERVACIONES,FECHA_DERIVACION,FECHA_RECEPCION) values ('1477','587','123',null,null,'7','3','Promoción de vehículos eléctricos - PVE|Buses naranjas de 12 M |224,83|Pedro Renteros|0b886203e0f542e80a9500489bb3ae01957ec5dd0103efe0025489885935ff24',to_date('20/03/20','DD/MM/RR'),null);
Insert into MRVMM.T_GEND_DETALLE_INICIATIVA (ID_DETALLE_INICIATIVA,ID_INICIATIVA,ID_REMITENTE,ID_DESTINO,DESC_INICIATIVA,ID_ETAPA,ID_ESTADO,OBSERVACIONES,FECHA_DERIVACION,FECHA_RECEPCION) values ('1478','561','104',null,null,'1','2','ya pues anotar bien el nombre',to_date('20/03/20','DD/MM/RR'),null);
Insert into MRVMM.T_GEND_DETALLE_INICIATIVA (ID_DETALLE_INICIATIVA,ID_INICIATIVA,ID_REMITENTE,ID_DESTINO,DESC_INICIATIVA,ID_ETAPA,ID_ESTADO,OBSERVACIONES,FECHA_DERIVACION,FECHA_RECEPCION) values ('1479','588','281','81','REGISTRO INICIATIVA','1','1','Coches rosados eléctricos|Promoción de vehículos eléctricos - PVE|21/07/2018|DOLARES|120000',to_date('20/03/20','DD/MM/RR'),null);
Insert into MRVMM.T_GEND_DETALLE_INICIATIVA (ID_DETALLE_INICIATIVA,ID_INICIATIVA,ID_REMITENTE,ID_DESTINO,DESC_INICIATIVA,ID_ETAPA,ID_ESTADO,OBSERVACIONES,FECHA_DERIVACION,FECHA_RECEPCION) values ('1480','588','104',null,null,'2','3','CH4|COMBUSTIBLES SOLIDOS',to_date('20/03/20','DD/MM/RR'),null);
Insert into MRVMM.T_GEND_DETALLE_INICIATIVA (ID_DETALLE_INICIATIVA,ID_INICIATIVA,ID_REMITENTE,ID_DESTINO,DESC_INICIATIVA,ID_ETAPA,ID_ESTADO,OBSERVACIONES,FECHA_DERIVACION,FECHA_RECEPCION) values ('1481','588','281',null,'REGISTRAR DETALLE INDICADOR','3','1','Promoción de vehículos eléctricos - PVE|VEHICULOS ELECTRICOS (RECORRIDO)|1|0',to_date('20/03/20','DD/MM/RR'),null);
Insert into MRVMM.T_GEND_DETALLE_INICIATIVA (ID_DETALLE_INICIATIVA,ID_INICIATIVA,ID_REMITENTE,ID_DESTINO,DESC_INICIATIVA,ID_ETAPA,ID_ESTADO,OBSERVACIONES,FECHA_DERIVACION,FECHA_RECEPCION) values ('1482','588','104',null,null,'4','3','COMBUSTIBLES SOLIDOS|CH4|25,28',to_date('20/03/20','DD/MM/RR'),null);
Insert into MRVMM.T_GEND_DETALLE_INICIATIVA (ID_DETALLE_INICIATIVA,ID_INICIATIVA,ID_REMITENTE,ID_DESTINO,DESC_INICIATIVA,ID_ETAPA,ID_ESTADO,OBSERVACIONES,FECHA_DERIVACION,FECHA_RECEPCION) values ('1483','586','22',null,null,'5','3','CO2|COMBUSTIBLES SOLIDOS|22273,11',to_date('20/03/20','DD/MM/RR'),null);
Insert into MRVMM.T_GEND_DETALLE_INICIATIVA (ID_DETALLE_INICIATIVA,ID_INICIATIVA,ID_REMITENTE,ID_DESTINO,DESC_INICIATIVA,ID_ETAPA,ID_ESTADO,OBSERVACIONES,FECHA_DERIVACION,FECHA_RECEPCION) values ('1484','585','22',null,null,'5','3','CO2|COMBUSTIBLES SOLIDOS|4,67',to_date('20/03/20','DD/MM/RR'),null);
Insert into MRVMM.T_GEND_DETALLE_INICIATIVA (ID_DETALLE_INICIATIVA,ID_INICIATIVA,ID_REMITENTE,ID_DESTINO,DESC_INICIATIVA,ID_ETAPA,ID_ESTADO,OBSERVACIONES,FECHA_DERIVACION,FECHA_RECEPCION) values ('1485','588','22',null,null,'5','3','CH4|COMBUSTIBLES SOLIDOS|25,28',to_date('21/03/20','DD/MM/RR'),null);
Insert into MRVMM.T_GEND_DETALLE_INICIATIVA (ID_DETALLE_INICIATIVA,ID_INICIATIVA,ID_REMITENTE,ID_DESTINO,DESC_INICIATIVA,ID_ETAPA,ID_ESTADO,OBSERVACIONES,FECHA_DERIVACION,FECHA_RECEPCION) values ('818','371','81',null,null,'2','3',null,to_date('17/02/20','DD/MM/RR'),null);
Insert into MRVMM.T_GEND_DETALLE_INICIATIVA (ID_DETALLE_INICIATIVA,ID_INICIATIVA,ID_REMITENTE,ID_DESTINO,DESC_INICIATIVA,ID_ETAPA,ID_ESTADO,OBSERVACIONES,FECHA_DERIVACION,FECHA_RECEPCION) values ('819','372','105','81','REGISTRO INICIATIVA','1','1',null,to_date('17/02/20','DD/MM/RR'),null);
Insert into MRVMM.T_GEND_DETALLE_INICIATIVA (ID_DETALLE_INICIATIVA,ID_INICIATIVA,ID_REMITENTE,ID_DESTINO,DESC_INICIATIVA,ID_ETAPA,ID_ESTADO,OBSERVACIONES,FECHA_DERIVACION,FECHA_RECEPCION) values ('820','372','81',null,null,'2','3',null,to_date('17/02/20','DD/MM/RR'),null);
Insert into MRVMM.T_GEND_DETALLE_INICIATIVA (ID_DETALLE_INICIATIVA,ID_INICIATIVA,ID_REMITENTE,ID_DESTINO,DESC_INICIATIVA,ID_ETAPA,ID_ESTADO,OBSERVACIONES,FECHA_DERIVACION,FECHA_RECEPCION) values ('821','373','105','81','REGISTRO INICIATIVA','1','1',null,to_date('17/02/20','DD/MM/RR'),null);
Insert into MRVMM.T_GEND_DETALLE_INICIATIVA (ID_DETALLE_INICIATIVA,ID_INICIATIVA,ID_REMITENTE,ID_DESTINO,DESC_INICIATIVA,ID_ETAPA,ID_ESTADO,OBSERVACIONES,FECHA_DERIVACION,FECHA_RECEPCION) values ('822','373','81',null,null,'2','3',null,to_date('17/02/20','DD/MM/RR'),null);
Insert into MRVMM.T_GEND_DETALLE_INICIATIVA (ID_DETALLE_INICIATIVA,ID_INICIATIVA,ID_REMITENTE,ID_DESTINO,DESC_INICIATIVA,ID_ETAPA,ID_ESTADO,OBSERVACIONES,FECHA_DERIVACION,FECHA_RECEPCION) values ('823','373','105',null,'REGISTRAR DETALLE INDICADOR','3','1',null,to_date('18/02/20','DD/MM/RR'),null);
Insert into MRVMM.T_GEND_DETALLE_INICIATIVA (ID_DETALLE_INICIATIVA,ID_INICIATIVA,ID_REMITENTE,ID_DESTINO,DESC_INICIATIVA,ID_ETAPA,ID_ESTADO,OBSERVACIONES,FECHA_DERIVACION,FECHA_RECEPCION) values ('824','373','81',null,null,'3','2',null,to_date('18/02/20','DD/MM/RR'),null);
Insert into MRVMM.T_GEND_DETALLE_INICIATIVA (ID_DETALLE_INICIATIVA,ID_INICIATIVA,ID_REMITENTE,ID_DESTINO,DESC_INICIATIVA,ID_ETAPA,ID_ESTADO,OBSERVACIONES,FECHA_DERIVACION,FECHA_RECEPCION) values ('825','374','105','81','REGISTRO INICIATIVA','1','1',null,to_date('18/02/20','DD/MM/RR'),null);
Insert into MRVMM.T_GEND_DETALLE_INICIATIVA (ID_DETALLE_INICIATIVA,ID_INICIATIVA,ID_REMITENTE,ID_DESTINO,DESC_INICIATIVA,ID_ETAPA,ID_ESTADO,OBSERVACIONES,FECHA_DERIVACION,FECHA_RECEPCION) values ('826','374','81',null,null,'2','3',null,to_date('18/02/20','DD/MM/RR'),null);
Insert into MRVMM.T_GEND_DETALLE_INICIATIVA (ID_DETALLE_INICIATIVA,ID_INICIATIVA,ID_REMITENTE,ID_DESTINO,DESC_INICIATIVA,ID_ETAPA,ID_ESTADO,OBSERVACIONES,FECHA_DERIVACION,FECHA_RECEPCION) values ('827','343','81',null,null,'3','2',null,to_date('18/02/20','DD/MM/RR'),null);
Insert into MRVMM.T_GEND_DETALLE_INICIATIVA (ID_DETALLE_INICIATIVA,ID_INICIATIVA,ID_REMITENTE,ID_DESTINO,DESC_INICIATIVA,ID_ETAPA,ID_ESTADO,OBSERVACIONES,FECHA_DERIVACION,FECHA_RECEPCION) values ('828','372','105',null,'GUARDAR AVANCE DETALLE','3','0',null,to_date('18/02/20','DD/MM/RR'),null);
Insert into MRVMM.T_GEND_DETALLE_INICIATIVA (ID_DETALLE_INICIATIVA,ID_INICIATIVA,ID_REMITENTE,ID_DESTINO,DESC_INICIATIVA,ID_ETAPA,ID_ESTADO,OBSERVACIONES,FECHA_DERIVACION,FECHA_RECEPCION) values ('829','372','105',null,'GUARDAR AVANCE DETALLE','3','0',null,to_date('18/02/20','DD/MM/RR'),null);
Insert into MRVMM.T_GEND_DETALLE_INICIATIVA (ID_DETALLE_INICIATIVA,ID_INICIATIVA,ID_REMITENTE,ID_DESTINO,DESC_INICIATIVA,ID_ETAPA,ID_ESTADO,OBSERVACIONES,FECHA_DERIVACION,FECHA_RECEPCION) values ('831','375','105','81','REGISTRO INICIATIVA','1','1',null,to_date('19/02/20','DD/MM/RR'),null);
Insert into MRVMM.T_GEND_DETALLE_INICIATIVA (ID_DETALLE_INICIATIVA,ID_INICIATIVA,ID_REMITENTE,ID_DESTINO,DESC_INICIATIVA,ID_ETAPA,ID_ESTADO,OBSERVACIONES,FECHA_DERIVACION,FECHA_RECEPCION) values ('832','375','104',null,null,'1','2',null,to_date('19/02/20','DD/MM/RR'),null);
Insert into MRVMM.T_GEND_DETALLE_INICIATIVA (ID_DETALLE_INICIATIVA,ID_INICIATIVA,ID_REMITENTE,ID_DESTINO,DESC_INICIATIVA,ID_ETAPA,ID_ESTADO,OBSERVACIONES,FECHA_DERIVACION,FECHA_RECEPCION) values ('834','368','104',null,null,'2','3',null,to_date('19/02/20','DD/MM/RR'),null);
Insert into MRVMM.T_GEND_DETALLE_INICIATIVA (ID_DETALLE_INICIATIVA,ID_INICIATIVA,ID_REMITENTE,ID_DESTINO,DESC_INICIATIVA,ID_ETAPA,ID_ESTADO,OBSERVACIONES,FECHA_DERIVACION,FECHA_RECEPCION) values ('835','373','104',null,null,'4','3',null,to_date('19/02/20','DD/MM/RR'),null);
Insert into MRVMM.T_GEND_DETALLE_INICIATIVA (ID_DETALLE_INICIATIVA,ID_INICIATIVA,ID_REMITENTE,ID_DESTINO,DESC_INICIATIVA,ID_ETAPA,ID_ESTADO,OBSERVACIONES,FECHA_DERIVACION,FECHA_RECEPCION) values ('836','373','104',null,null,'2','3',null,to_date('19/02/20','DD/MM/RR'),null);
Insert into MRVMM.T_GEND_DETALLE_INICIATIVA (ID_DETALLE_INICIATIVA,ID_INICIATIVA,ID_REMITENTE,ID_DESTINO,DESC_INICIATIVA,ID_ETAPA,ID_ESTADO,OBSERVACIONES,FECHA_DERIVACION,FECHA_RECEPCION) values ('837','372','104',null,null,'2','3',null,to_date('19/02/20','DD/MM/RR'),null);
Insert into MRVMM.T_GEND_DETALLE_INICIATIVA (ID_DETALLE_INICIATIVA,ID_INICIATIVA,ID_REMITENTE,ID_DESTINO,DESC_INICIATIVA,ID_ETAPA,ID_ESTADO,OBSERVACIONES,FECHA_DERIVACION,FECHA_RECEPCION) values ('838','373','22',null,null,'5','3',null,to_date('19/02/20','DD/MM/RR'),null);
Insert into MRVMM.T_GEND_DETALLE_INICIATIVA (ID_DETALLE_INICIATIVA,ID_INICIATIVA,ID_REMITENTE,ID_DESTINO,DESC_INICIATIVA,ID_ETAPA,ID_ESTADO,OBSERVACIONES,FECHA_DERIVACION,FECHA_RECEPCION) values ('846','370','81',null,null,'2','3',null,to_date('19/02/20','DD/MM/RR'),null);
Insert into MRVMM.T_GEND_DETALLE_INICIATIVA (ID_DETALLE_INICIATIVA,ID_INICIATIVA,ID_REMITENTE,ID_DESTINO,DESC_INICIATIVA,ID_ETAPA,ID_ESTADO,OBSERVACIONES,FECHA_DERIVACION,FECHA_RECEPCION) values ('847','379','105','81','REGISTRO INICIATIVA','1','1',null,to_date('20/02/20','DD/MM/RR'),null);
Insert into MRVMM.T_GEND_DETALLE_INICIATIVA (ID_DETALLE_INICIATIVA,ID_INICIATIVA,ID_REMITENTE,ID_DESTINO,DESC_INICIATIVA,ID_ETAPA,ID_ESTADO,OBSERVACIONES,FECHA_DERIVACION,FECHA_RECEPCION) values ('848','380','180','81','REGISTRO INICIATIVA','1','1',null,to_date('20/02/20','DD/MM/RR'),null);
Insert into MRVMM.T_GEND_DETALLE_INICIATIVA (ID_DETALLE_INICIATIVA,ID_INICIATIVA,ID_REMITENTE,ID_DESTINO,DESC_INICIATIVA,ID_ETAPA,ID_ESTADO,OBSERVACIONES,FECHA_DERIVACION,FECHA_RECEPCION) values ('849','381','180','81','REGISTRO INICIATIVA','1','1',null,to_date('20/02/20','DD/MM/RR'),null);
Insert into MRVMM.T_GEND_DETALLE_INICIATIVA (ID_DETALLE_INICIATIVA,ID_INICIATIVA,ID_REMITENTE,ID_DESTINO,DESC_INICIATIVA,ID_ETAPA,ID_ESTADO,OBSERVACIONES,FECHA_DERIVACION,FECHA_RECEPCION) values ('852','376','105',null,'REGISTRAR DETALLE INDICADOR','3','1',null,to_date('20/02/20','DD/MM/RR'),null);
Insert into MRVMM.T_GEND_DETALLE_INICIATIVA (ID_DETALLE_INICIATIVA,ID_INICIATIVA,ID_REMITENTE,ID_DESTINO,DESC_INICIATIVA,ID_ETAPA,ID_ESTADO,OBSERVACIONES,FECHA_DERIVACION,FECHA_RECEPCION) values ('853','383','105','81','REGISTRO INICIATIVA','1','1',null,to_date('20/02/20','DD/MM/RR'),null);
Insert into MRVMM.T_GEND_DETALLE_INICIATIVA (ID_DETALLE_INICIATIVA,ID_INICIATIVA,ID_REMITENTE,ID_DESTINO,DESC_INICIATIVA,ID_ETAPA,ID_ESTADO,OBSERVACIONES,FECHA_DERIVACION,FECHA_RECEPCION) values ('854','383','81',null,null,'2','3',null,to_date('20/02/20','DD/MM/RR'),null);
Insert into MRVMM.T_GEND_DETALLE_INICIATIVA (ID_DETALLE_INICIATIVA,ID_INICIATIVA,ID_REMITENTE,ID_DESTINO,DESC_INICIATIVA,ID_ETAPA,ID_ESTADO,OBSERVACIONES,FECHA_DERIVACION,FECHA_RECEPCION) values ('855','386','182','81','REGISTRO INICIATIVA','1','1',null,to_date('20/02/20','DD/MM/RR'),null);
Insert into MRVMM.T_GEND_DETALLE_INICIATIVA (ID_DETALLE_INICIATIVA,ID_INICIATIVA,ID_REMITENTE,ID_DESTINO,DESC_INICIATIVA,ID_ETAPA,ID_ESTADO,OBSERVACIONES,FECHA_DERIVACION,FECHA_RECEPCION) values ('856','386','81',null,null,'1','2',null,to_date('20/02/20','DD/MM/RR'),null);
Insert into MRVMM.T_GEND_DETALLE_INICIATIVA (ID_DETALLE_INICIATIVA,ID_INICIATIVA,ID_REMITENTE,ID_DESTINO,DESC_INICIATIVA,ID_ETAPA,ID_ESTADO,OBSERVACIONES,FECHA_DERIVACION,FECHA_RECEPCION) values ('865','386','182','81','REGISTRO DE INICIATIVA','1','1',null,to_date('20/02/20','DD/MM/RR'),null);
Insert into MRVMM.T_GEND_DETALLE_INICIATIVA (ID_DETALLE_INICIATIVA,ID_INICIATIVA,ID_REMITENTE,ID_DESTINO,DESC_INICIATIVA,ID_ETAPA,ID_ESTADO,OBSERVACIONES,FECHA_DERIVACION,FECHA_RECEPCION) values ('866','386','81',null,null,'2','3',null,to_date('20/02/20','DD/MM/RR'),null);
Insert into MRVMM.T_GEND_DETALLE_INICIATIVA (ID_DETALLE_INICIATIVA,ID_INICIATIVA,ID_REMITENTE,ID_DESTINO,DESC_INICIATIVA,ID_ETAPA,ID_ESTADO,OBSERVACIONES,FECHA_DERIVACION,FECHA_RECEPCION) values ('867','386','182',null,'REGISTRAR DETALLE INDICADOR','3','1',null,to_date('20/02/20','DD/MM/RR'),null);
Insert into MRVMM.T_GEND_DETALLE_INICIATIVA (ID_DETALLE_INICIATIVA,ID_INICIATIVA,ID_REMITENTE,ID_DESTINO,DESC_INICIATIVA,ID_ETAPA,ID_ESTADO,OBSERVACIONES,FECHA_DERIVACION,FECHA_RECEPCION) values ('870','386','81',null,null,'4','3',null,to_date('20/02/20','DD/MM/RR'),null);
Insert into MRVMM.T_GEND_DETALLE_INICIATIVA (ID_DETALLE_INICIATIVA,ID_INICIATIVA,ID_REMITENTE,ID_DESTINO,DESC_INICIATIVA,ID_ETAPA,ID_ESTADO,OBSERVACIONES,FECHA_DERIVACION,FECHA_RECEPCION) values ('871','387','105','81','REGISTRO INICIATIVA','1','1',null,to_date('20/02/20','DD/MM/RR'),null);
Insert into MRVMM.T_GEND_DETALLE_INICIATIVA (ID_DETALLE_INICIATIVA,ID_INICIATIVA,ID_REMITENTE,ID_DESTINO,DESC_INICIATIVA,ID_ETAPA,ID_ESTADO,OBSERVACIONES,FECHA_DERIVACION,FECHA_RECEPCION) values ('872','387','104',null,null,'2','3',null,to_date('20/02/20','DD/MM/RR'),null);
Insert into MRVMM.T_GEND_DETALLE_INICIATIVA (ID_DETALLE_INICIATIVA,ID_INICIATIVA,ID_REMITENTE,ID_DESTINO,DESC_INICIATIVA,ID_ETAPA,ID_ESTADO,OBSERVACIONES,FECHA_DERIVACION,FECHA_RECEPCION) values ('873','380','81',null,null,'2','3',null,to_date('20/02/20','DD/MM/RR'),null);
Insert into MRVMM.T_GEND_DETALLE_INICIATIVA (ID_DETALLE_INICIATIVA,ID_INICIATIVA,ID_REMITENTE,ID_DESTINO,DESC_INICIATIVA,ID_ETAPA,ID_ESTADO,OBSERVACIONES,FECHA_DERIVACION,FECHA_RECEPCION) values ('874','386','22',null,null,'5','3',null,to_date('20/02/20','DD/MM/RR'),null);
Insert into MRVMM.T_GEND_DETALLE_INICIATIVA (ID_DETALLE_INICIATIVA,ID_INICIATIVA,ID_REMITENTE,ID_DESTINO,DESC_INICIATIVA,ID_ETAPA,ID_ESTADO,OBSERVACIONES,FECHA_DERIVACION,FECHA_RECEPCION) values ('875','386','122',null,null,'6','3',null,to_date('20/02/20','DD/MM/RR'),null);
Insert into MRVMM.T_GEND_DETALLE_INICIATIVA (ID_DETALLE_INICIATIVA,ID_INICIATIVA,ID_REMITENTE,ID_DESTINO,DESC_INICIATIVA,ID_ETAPA,ID_ESTADO,OBSERVACIONES,FECHA_DERIVACION,FECHA_RECEPCION) values ('878','389','105',null,'GUARDAR AVANCE','1','0',null,to_date('20/02/20','DD/MM/RR'),null);
Insert into MRVMM.T_GEND_DETALLE_INICIATIVA (ID_DETALLE_INICIATIVA,ID_INICIATIVA,ID_REMITENTE,ID_DESTINO,DESC_INICIATIVA,ID_ETAPA,ID_ESTADO,OBSERVACIONES,FECHA_DERIVACION,FECHA_RECEPCION) values ('879','390','105',null,'GUARDAR AVANCE','1','0',null,to_date('20/02/20','DD/MM/RR'),null);
Insert into MRVMM.T_GEND_DETALLE_INICIATIVA (ID_DETALLE_INICIATIVA,ID_INICIATIVA,ID_REMITENTE,ID_DESTINO,DESC_INICIATIVA,ID_ETAPA,ID_ESTADO,OBSERVACIONES,FECHA_DERIVACION,FECHA_RECEPCION) values ('880','391','105',null,'GUARDAR AVANCE','1','0',null,to_date('20/02/20','DD/MM/RR'),null);
Insert into MRVMM.T_GEND_DETALLE_INICIATIVA (ID_DETALLE_INICIATIVA,ID_INICIATIVA,ID_REMITENTE,ID_DESTINO,DESC_INICIATIVA,ID_ETAPA,ID_ESTADO,OBSERVACIONES,FECHA_DERIVACION,FECHA_RECEPCION) values ('883','391','105','81','REGISTRO DE INICIATIVA','1','1',null,to_date('20/02/20','DD/MM/RR'),null);
Insert into MRVMM.T_GEND_DETALLE_INICIATIVA (ID_DETALLE_INICIATIVA,ID_INICIATIVA,ID_REMITENTE,ID_DESTINO,DESC_INICIATIVA,ID_ETAPA,ID_ESTADO,OBSERVACIONES,FECHA_DERIVACION,FECHA_RECEPCION) values ('886','390','105',null,'GUARDAR AVANCE','1','0',null,to_date('20/02/20','DD/MM/RR'),null);
Insert into MRVMM.T_GEND_DETALLE_INICIATIVA (ID_DETALLE_INICIATIVA,ID_INICIATIVA,ID_REMITENTE,ID_DESTINO,DESC_INICIATIVA,ID_ETAPA,ID_ESTADO,OBSERVACIONES,FECHA_DERIVACION,FECHA_RECEPCION) values ('887','390','105',null,'GUARDAR AVANCE','1','0',null,to_date('20/02/20','DD/MM/RR'),null);
Insert into MRVMM.T_GEND_DETALLE_INICIATIVA (ID_DETALLE_INICIATIVA,ID_INICIATIVA,ID_REMITENTE,ID_DESTINO,DESC_INICIATIVA,ID_ETAPA,ID_ESTADO,OBSERVACIONES,FECHA_DERIVACION,FECHA_RECEPCION) values ('889','394','105','81','REGISTRO INICIATIVA','1','1',null,to_date('21/02/20','DD/MM/RR'),null);
Insert into MRVMM.T_GEND_DETALLE_INICIATIVA (ID_DETALLE_INICIATIVA,ID_INICIATIVA,ID_REMITENTE,ID_DESTINO,DESC_INICIATIVA,ID_ETAPA,ID_ESTADO,OBSERVACIONES,FECHA_DERIVACION,FECHA_RECEPCION) values ('890','394','81',null,null,'2','3',null,to_date('21/02/20','DD/MM/RR'),null);
Insert into MRVMM.T_GEND_DETALLE_INICIATIVA (ID_DETALLE_INICIATIVA,ID_INICIATIVA,ID_REMITENTE,ID_DESTINO,DESC_INICIATIVA,ID_ETAPA,ID_ESTADO,OBSERVACIONES,FECHA_DERIVACION,FECHA_RECEPCION) values ('891','387','105',null,'GUARDAR AVANCE DETALLE','3','0',null,to_date('21/02/20','DD/MM/RR'),null);
Insert into MRVMM.T_GEND_DETALLE_INICIATIVA (ID_DETALLE_INICIATIVA,ID_INICIATIVA,ID_REMITENTE,ID_DESTINO,DESC_INICIATIVA,ID_ETAPA,ID_ESTADO,OBSERVACIONES,FECHA_DERIVACION,FECHA_RECEPCION) values ('892','387','105',null,'GUARDAR AVANCE DETALLE','3','0',null,to_date('21/02/20','DD/MM/RR'),null);
Insert into MRVMM.T_GEND_DETALLE_INICIATIVA (ID_DETALLE_INICIATIVA,ID_INICIATIVA,ID_REMITENTE,ID_DESTINO,DESC_INICIATIVA,ID_ETAPA,ID_ESTADO,OBSERVACIONES,FECHA_DERIVACION,FECHA_RECEPCION) values ('893','387','105',null,'REGISTRAR DETALLE INDICADOR','3','1',null,to_date('21/02/20','DD/MM/RR'),null);
Insert into MRVMM.T_GEND_DETALLE_INICIATIVA (ID_DETALLE_INICIATIVA,ID_INICIATIVA,ID_REMITENTE,ID_DESTINO,DESC_INICIATIVA,ID_ETAPA,ID_ESTADO,OBSERVACIONES,FECHA_DERIVACION,FECHA_RECEPCION) values ('900','401','105','81','REGISTRO INICIATIVA','1','1',null,to_date('21/02/20','DD/MM/RR'),null);
Insert into MRVMM.T_GEND_DETALLE_INICIATIVA (ID_DETALLE_INICIATIVA,ID_INICIATIVA,ID_REMITENTE,ID_DESTINO,DESC_INICIATIVA,ID_ETAPA,ID_ESTADO,OBSERVACIONES,FECHA_DERIVACION,FECHA_RECEPCION) values ('923','421','81',null,null,'2','3',null,to_date('24/02/20','DD/MM/RR'),null);
Insert into MRVMM.T_GEND_DETALLE_INICIATIVA (ID_DETALLE_INICIATIVA,ID_INICIATIVA,ID_REMITENTE,ID_DESTINO,DESC_INICIATIVA,ID_ETAPA,ID_ESTADO,OBSERVACIONES,FECHA_DERIVACION,FECHA_RECEPCION) values ('924','422','182','81','REGISTRO INICIATIVA','1','1',null,to_date('24/02/20','DD/MM/RR'),null);
Insert into MRVMM.T_GEND_DETALLE_INICIATIVA (ID_DETALLE_INICIATIVA,ID_INICIATIVA,ID_REMITENTE,ID_DESTINO,DESC_INICIATIVA,ID_ETAPA,ID_ESTADO,OBSERVACIONES,FECHA_DERIVACION,FECHA_RECEPCION) values ('931','422','81',null,null,'1','2',null,to_date('24/02/20','DD/MM/RR'),null);
Insert into MRVMM.T_GEND_DETALLE_INICIATIVA (ID_DETALLE_INICIATIVA,ID_INICIATIVA,ID_REMITENTE,ID_DESTINO,DESC_INICIATIVA,ID_ETAPA,ID_ESTADO,OBSERVACIONES,FECHA_DERIVACION,FECHA_RECEPCION) values ('936','423','105',null,'GUARDAR AVANCE','1','0',null,to_date('24/02/20','DD/MM/RR'),null);
Insert into MRVMM.T_GEND_DETALLE_INICIATIVA (ID_DETALLE_INICIATIVA,ID_INICIATIVA,ID_REMITENTE,ID_DESTINO,DESC_INICIATIVA,ID_ETAPA,ID_ESTADO,OBSERVACIONES,FECHA_DERIVACION,FECHA_RECEPCION) values ('943','425','105','81','REGISTRO INICIATIVA','1','1',null,to_date('24/02/20','DD/MM/RR'),null);
Insert into MRVMM.T_GEND_DETALLE_INICIATIVA (ID_DETALLE_INICIATIVA,ID_INICIATIVA,ID_REMITENTE,ID_DESTINO,DESC_INICIATIVA,ID_ETAPA,ID_ESTADO,OBSERVACIONES,FECHA_DERIVACION,FECHA_RECEPCION) values ('944','425','81',null,null,'2','3',null,to_date('24/02/20','DD/MM/RR'),null);
Insert into MRVMM.T_GEND_DETALLE_INICIATIVA (ID_DETALLE_INICIATIVA,ID_INICIATIVA,ID_REMITENTE,ID_DESTINO,DESC_INICIATIVA,ID_ETAPA,ID_ESTADO,OBSERVACIONES,FECHA_DERIVACION,FECHA_RECEPCION) values ('945','426','182','81','REGISTRO INICIATIVA','1','1',null,to_date('24/02/20','DD/MM/RR'),null);
Insert into MRVMM.T_GEND_DETALLE_INICIATIVA (ID_DETALLE_INICIATIVA,ID_INICIATIVA,ID_REMITENTE,ID_DESTINO,DESC_INICIATIVA,ID_ETAPA,ID_ESTADO,OBSERVACIONES,FECHA_DERIVACION,FECHA_RECEPCION) values ('946','392','105',null,'GUARDAR AVANCE DETALLE','3','0',null,to_date('24/02/20','DD/MM/RR'),null);
Insert into MRVMM.T_GEND_DETALLE_INICIATIVA (ID_DETALLE_INICIATIVA,ID_INICIATIVA,ID_REMITENTE,ID_DESTINO,DESC_INICIATIVA,ID_ETAPA,ID_ESTADO,OBSERVACIONES,FECHA_DERIVACION,FECHA_RECEPCION) values ('947','426','81',null,null,'2','3',null,to_date('24/02/20','DD/MM/RR'),null);
Insert into MRVMM.T_GEND_DETALLE_INICIATIVA (ID_DETALLE_INICIATIVA,ID_INICIATIVA,ID_REMITENTE,ID_DESTINO,DESC_INICIATIVA,ID_ETAPA,ID_ESTADO,OBSERVACIONES,FECHA_DERIVACION,FECHA_RECEPCION) values ('949','427','81',null,null,'2','3',null,to_date('24/02/20','DD/MM/RR'),null);
Insert into MRVMM.T_GEND_DETALLE_INICIATIVA (ID_DETALLE_INICIATIVA,ID_INICIATIVA,ID_REMITENTE,ID_DESTINO,DESC_INICIATIVA,ID_ETAPA,ID_ESTADO,OBSERVACIONES,FECHA_DERIVACION,FECHA_RECEPCION) values ('950','426','182',null,'REGISTRAR DETALLE INDICADOR','3','1',null,to_date('24/02/20','DD/MM/RR'),null);
Insert into MRVMM.T_GEND_DETALLE_INICIATIVA (ID_DETALLE_INICIATIVA,ID_INICIATIVA,ID_REMITENTE,ID_DESTINO,DESC_INICIATIVA,ID_ETAPA,ID_ESTADO,OBSERVACIONES,FECHA_DERIVACION,FECHA_RECEPCION) values ('951','428','105','81','REGISTRO INICIATIVA','1','1',null,to_date('24/02/20','DD/MM/RR'),null);
Insert into MRVMM.T_GEND_DETALLE_INICIATIVA (ID_DETALLE_INICIATIVA,ID_INICIATIVA,ID_REMITENTE,ID_DESTINO,DESC_INICIATIVA,ID_ETAPA,ID_ESTADO,OBSERVACIONES,FECHA_DERIVACION,FECHA_RECEPCION) values ('952','428','81',null,null,'2','3',null,to_date('24/02/20','DD/MM/RR'),null);
Insert into MRVMM.T_GEND_DETALLE_INICIATIVA (ID_DETALLE_INICIATIVA,ID_INICIATIVA,ID_REMITENTE,ID_DESTINO,DESC_INICIATIVA,ID_ETAPA,ID_ESTADO,OBSERVACIONES,FECHA_DERIVACION,FECHA_RECEPCION) values ('970','432','220','81','REGISTRO INICIATIVA','1','1',null,to_date('26/02/20','DD/MM/RR'),null);
Insert into MRVMM.T_GEND_DETALLE_INICIATIVA (ID_DETALLE_INICIATIVA,ID_INICIATIVA,ID_REMITENTE,ID_DESTINO,DESC_INICIATIVA,ID_ETAPA,ID_ESTADO,OBSERVACIONES,FECHA_DERIVACION,FECHA_RECEPCION) values ('971','433','220','81','REGISTRO INICIATIVA','1','1',null,to_date('26/02/20','DD/MM/RR'),null);
Insert into MRVMM.T_GEND_DETALLE_INICIATIVA (ID_DETALLE_INICIATIVA,ID_INICIATIVA,ID_REMITENTE,ID_DESTINO,DESC_INICIATIVA,ID_ETAPA,ID_ESTADO,OBSERVACIONES,FECHA_DERIVACION,FECHA_RECEPCION) values ('974','436','220','81','REGISTRO INICIATIVA','1','1',null,to_date('26/02/20','DD/MM/RR'),null);
Insert into MRVMM.T_GEND_DETALLE_INICIATIVA (ID_DETALLE_INICIATIVA,ID_INICIATIVA,ID_REMITENTE,ID_DESTINO,DESC_INICIATIVA,ID_ETAPA,ID_ESTADO,OBSERVACIONES,FECHA_DERIVACION,FECHA_RECEPCION) values ('977','439','220','81','REGISTRO INICIATIVA','1','1',null,to_date('26/02/20','DD/MM/RR'),null);
Insert into MRVMM.T_GEND_DETALLE_INICIATIVA (ID_DETALLE_INICIATIVA,ID_INICIATIVA,ID_REMITENTE,ID_DESTINO,DESC_INICIATIVA,ID_ETAPA,ID_ESTADO,OBSERVACIONES,FECHA_DERIVACION,FECHA_RECEPCION) values ('978','440','220','81','REGISTRO INICIATIVA','1','1',null,to_date('26/02/20','DD/MM/RR'),null);
Insert into MRVMM.T_GEND_DETALLE_INICIATIVA (ID_DETALLE_INICIATIVA,ID_INICIATIVA,ID_REMITENTE,ID_DESTINO,DESC_INICIATIVA,ID_ETAPA,ID_ESTADO,OBSERVACIONES,FECHA_DERIVACION,FECHA_RECEPCION) values ('979','441','220','81','REGISTRO INICIATIVA','1','1',null,to_date('26/02/20','DD/MM/RR'),null);
Insert into MRVMM.T_GEND_DETALLE_INICIATIVA (ID_DETALLE_INICIATIVA,ID_INICIATIVA,ID_REMITENTE,ID_DESTINO,DESC_INICIATIVA,ID_ETAPA,ID_ESTADO,OBSERVACIONES,FECHA_DERIVACION,FECHA_RECEPCION) values ('980','442','220','81','REGISTRO INICIATIVA','1','1',null,to_date('26/02/20','DD/MM/RR'),null);
Insert into MRVMM.T_GEND_DETALLE_INICIATIVA (ID_DETALLE_INICIATIVA,ID_INICIATIVA,ID_REMITENTE,ID_DESTINO,DESC_INICIATIVA,ID_ETAPA,ID_ESTADO,OBSERVACIONES,FECHA_DERIVACION,FECHA_RECEPCION) values ('1008','444','182',null,'GUARDAR AVANCE DETALLE','3','0',null,to_date('26/02/20','DD/MM/RR'),null);
Insert into MRVMM.T_GEND_DETALLE_INICIATIVA (ID_DETALLE_INICIATIVA,ID_INICIATIVA,ID_REMITENTE,ID_DESTINO,DESC_INICIATIVA,ID_ETAPA,ID_ESTADO,OBSERVACIONES,FECHA_DERIVACION,FECHA_RECEPCION) values ('1021','447','105','81','REGISTRO INICIATIVA','1','1',null,to_date('27/02/20','DD/MM/RR'),null);
Insert into MRVMM.T_GEND_DETALLE_INICIATIVA (ID_DETALLE_INICIATIVA,ID_INICIATIVA,ID_REMITENTE,ID_DESTINO,DESC_INICIATIVA,ID_ETAPA,ID_ESTADO,OBSERVACIONES,FECHA_DERIVACION,FECHA_RECEPCION) values ('1022','447','81',null,null,'2','3',null,to_date('27/02/20','DD/MM/RR'),null);
Insert into MRVMM.T_GEND_DETALLE_INICIATIVA (ID_DETALLE_INICIATIVA,ID_INICIATIVA,ID_REMITENTE,ID_DESTINO,DESC_INICIATIVA,ID_ETAPA,ID_ESTADO,OBSERVACIONES,FECHA_DERIVACION,FECHA_RECEPCION) values ('1027','449','104',null,null,'2','3',null,to_date('27/02/20','DD/MM/RR'),null);
Insert into MRVMM.T_GEND_DETALLE_INICIATIVA (ID_DETALLE_INICIATIVA,ID_INICIATIVA,ID_REMITENTE,ID_DESTINO,DESC_INICIATIVA,ID_ETAPA,ID_ESTADO,OBSERVACIONES,FECHA_DERIVACION,FECHA_RECEPCION) values ('1031','449','220',null,'GUARDAR AVANCE DETALLE','3','0',null,to_date('27/02/20','DD/MM/RR'),null);
Insert into MRVMM.T_GEND_DETALLE_INICIATIVA (ID_DETALLE_INICIATIVA,ID_INICIATIVA,ID_REMITENTE,ID_DESTINO,DESC_INICIATIVA,ID_ETAPA,ID_ESTADO,OBSERVACIONES,FECHA_DERIVACION,FECHA_RECEPCION) values ('1032','444','104',null,null,'4','3',null,to_date('27/02/20','DD/MM/RR'),null);
Insert into MRVMM.T_GEND_DETALLE_INICIATIVA (ID_DETALLE_INICIATIVA,ID_INICIATIVA,ID_REMITENTE,ID_DESTINO,DESC_INICIATIVA,ID_ETAPA,ID_ESTADO,OBSERVACIONES,FECHA_DERIVACION,FECHA_RECEPCION) values ('1033','429','104',null,null,'2','3',null,to_date('27/02/20','DD/MM/RR'),null);
Insert into MRVMM.T_GEND_DETALLE_INICIATIVA (ID_DETALLE_INICIATIVA,ID_INICIATIVA,ID_REMITENTE,ID_DESTINO,DESC_INICIATIVA,ID_ETAPA,ID_ESTADO,OBSERVACIONES,FECHA_DERIVACION,FECHA_RECEPCION) values ('1034','362','104',null,null,'2','3',null,to_date('27/02/20','DD/MM/RR'),null);
Insert into MRVMM.T_GEND_DETALLE_INICIATIVA (ID_DETALLE_INICIATIVA,ID_INICIATIVA,ID_REMITENTE,ID_DESTINO,DESC_INICIATIVA,ID_ETAPA,ID_ESTADO,OBSERVACIONES,FECHA_DERIVACION,FECHA_RECEPCION) values ('1035','448','104',null,null,'2','3',null,to_date('27/02/20','DD/MM/RR'),null);
Insert into MRVMM.T_GEND_DETALLE_INICIATIVA (ID_DETALLE_INICIATIVA,ID_INICIATIVA,ID_REMITENTE,ID_DESTINO,DESC_INICIATIVA,ID_ETAPA,ID_ESTADO,OBSERVACIONES,FECHA_DERIVACION,FECHA_RECEPCION) values ('1036','428','104',null,null,'4','3',null,to_date('27/02/20','DD/MM/RR'),null);
Insert into MRVMM.T_GEND_DETALLE_INICIATIVA (ID_DETALLE_INICIATIVA,ID_INICIATIVA,ID_REMITENTE,ID_DESTINO,DESC_INICIATIVA,ID_ETAPA,ID_ESTADO,OBSERVACIONES,FECHA_DERIVACION,FECHA_RECEPCION) values ('1037','448','105',null,'REGISTRAR DETALLE INDICADOR','3','1',null,to_date('27/02/20','DD/MM/RR'),null);
Insert into MRVMM.T_GEND_DETALLE_INICIATIVA (ID_DETALLE_INICIATIVA,ID_INICIATIVA,ID_REMITENTE,ID_DESTINO,DESC_INICIATIVA,ID_ETAPA,ID_ESTADO,OBSERVACIONES,FECHA_DERIVACION,FECHA_RECEPCION) values ('1039','438','220',null,'GUARDAR AVANCE DETALLE','3','0',null,to_date('27/02/20','DD/MM/RR'),null);
Insert into MRVMM.T_GEND_DETALLE_INICIATIVA (ID_DETALLE_INICIATIVA,ID_INICIATIVA,ID_REMITENTE,ID_DESTINO,DESC_INICIATIVA,ID_ETAPA,ID_ESTADO,OBSERVACIONES,FECHA_DERIVACION,FECHA_RECEPCION) values ('1040','438','220',null,'REGISTRAR DETALLE INDICADOR','3','1',null,to_date('27/02/20','DD/MM/RR'),null);
Insert into MRVMM.T_GEND_DETALLE_INICIATIVA (ID_DETALLE_INICIATIVA,ID_INICIATIVA,ID_REMITENTE,ID_DESTINO,DESC_INICIATIVA,ID_ETAPA,ID_ESTADO,OBSERVACIONES,FECHA_DERIVACION,FECHA_RECEPCION) values ('1041','449','220',null,'REGISTRAR DETALLE INDICADOR','3','1',null,to_date('27/02/20','DD/MM/RR'),null);
Insert into MRVMM.T_GEND_DETALLE_INICIATIVA (ID_DETALLE_INICIATIVA,ID_INICIATIVA,ID_REMITENTE,ID_DESTINO,DESC_INICIATIVA,ID_ETAPA,ID_ESTADO,OBSERVACIONES,FECHA_DERIVACION,FECHA_RECEPCION) values ('1042','449','104',null,null,'3','2',null,to_date('27/02/20','DD/MM/RR'),null);
Insert into MRVMM.T_GEND_DETALLE_INICIATIVA (ID_DETALLE_INICIATIVA,ID_INICIATIVA,ID_REMITENTE,ID_DESTINO,DESC_INICIATIVA,ID_ETAPA,ID_ESTADO,OBSERVACIONES,FECHA_DERIVACION,FECHA_RECEPCION) values ('1043','438','104',null,null,'3','2',null,to_date('27/02/20','DD/MM/RR'),null);
Insert into MRVMM.T_GEND_DETALLE_INICIATIVA (ID_DETALLE_INICIATIVA,ID_INICIATIVA,ID_REMITENTE,ID_DESTINO,DESC_INICIATIVA,ID_ETAPA,ID_ESTADO,OBSERVACIONES,FECHA_DERIVACION,FECHA_RECEPCION) values ('1044','450','221','81','REGISTRO INICIATIVA','1','1',null,to_date('27/02/20','DD/MM/RR'),null);
Insert into MRVMM.T_GEND_DETALLE_INICIATIVA (ID_DETALLE_INICIATIVA,ID_INICIATIVA,ID_REMITENTE,ID_DESTINO,DESC_INICIATIVA,ID_ETAPA,ID_ESTADO,OBSERVACIONES,FECHA_DERIVACION,FECHA_RECEPCION) values ('1046','450','221','81','REGISTRO DE INICIATIVA','1','1',null,to_date('27/02/20','DD/MM/RR'),null);
Insert into MRVMM.T_GEND_DETALLE_INICIATIVA (ID_DETALLE_INICIATIVA,ID_INICIATIVA,ID_REMITENTE,ID_DESTINO,DESC_INICIATIVA,ID_ETAPA,ID_ESTADO,OBSERVACIONES,FECHA_DERIVACION,FECHA_RECEPCION) values ('1055','452','81',null,null,'2','3',null,to_date('27/02/20','DD/MM/RR'),null);
Insert into MRVMM.T_GEND_DETALLE_INICIATIVA (ID_DETALLE_INICIATIVA,ID_INICIATIVA,ID_REMITENTE,ID_DESTINO,DESC_INICIATIVA,ID_ETAPA,ID_ESTADO,OBSERVACIONES,FECHA_DERIVACION,FECHA_RECEPCION) values ('1057','452','182',null,'REGISTRAR DETALLE INDICADOR','3','1',null,to_date('27/02/20','DD/MM/RR'),null);
Insert into MRVMM.T_GEND_DETALLE_INICIATIVA (ID_DETALLE_INICIATIVA,ID_INICIATIVA,ID_REMITENTE,ID_DESTINO,DESC_INICIATIVA,ID_ETAPA,ID_ESTADO,OBSERVACIONES,FECHA_DERIVACION,FECHA_RECEPCION) values ('1061','454','105','81','REGISTRO INICIATIVA','1','1',null,to_date('27/02/20','DD/MM/RR'),null);
Insert into MRVMM.T_GEND_DETALLE_INICIATIVA (ID_DETALLE_INICIATIVA,ID_INICIATIVA,ID_REMITENTE,ID_DESTINO,DESC_INICIATIVA,ID_ETAPA,ID_ESTADO,OBSERVACIONES,FECHA_DERIVACION,FECHA_RECEPCION) values ('1063','453','182',null,'REGISTRAR DETALLE INDICADOR','3','1',null,to_date('27/02/20','DD/MM/RR'),null);
Insert into MRVMM.T_GEND_DETALLE_INICIATIVA (ID_DETALLE_INICIATIVA,ID_INICIATIVA,ID_REMITENTE,ID_DESTINO,DESC_INICIATIVA,ID_ETAPA,ID_ESTADO,OBSERVACIONES,FECHA_DERIVACION,FECHA_RECEPCION) values ('1085','463','182','81','REGISTRO INICIATIVA','1','1',null,to_date('28/02/20','DD/MM/RR'),null);
Insert into MRVMM.T_GEND_DETALLE_INICIATIVA (ID_DETALLE_INICIATIVA,ID_INICIATIVA,ID_REMITENTE,ID_DESTINO,DESC_INICIATIVA,ID_ETAPA,ID_ESTADO,OBSERVACIONES,FECHA_DERIVACION,FECHA_RECEPCION) values ('1093','462','105',null,'GUARDAR AVANCE DETALLE','3','0',null,to_date('28/02/20','DD/MM/RR'),null);
Insert into MRVMM.T_GEND_DETALLE_INICIATIVA (ID_DETALLE_INICIATIVA,ID_INICIATIVA,ID_REMITENTE,ID_DESTINO,DESC_INICIATIVA,ID_ETAPA,ID_ESTADO,OBSERVACIONES,FECHA_DERIVACION,FECHA_RECEPCION) values ('1094','462','105',null,'GUARDAR AVANCE DETALLE','3','0',null,to_date('28/02/20','DD/MM/RR'),null);
Insert into MRVMM.T_GEND_DETALLE_INICIATIVA (ID_DETALLE_INICIATIVA,ID_INICIATIVA,ID_REMITENTE,ID_DESTINO,DESC_INICIATIVA,ID_ETAPA,ID_ESTADO,OBSERVACIONES,FECHA_DERIVACION,FECHA_RECEPCION) values ('1095','465','105','81','REGISTRO INICIATIVA','1','1',null,to_date('28/02/20','DD/MM/RR'),null);
Insert into MRVMM.T_GEND_DETALLE_INICIATIVA (ID_DETALLE_INICIATIVA,ID_INICIATIVA,ID_REMITENTE,ID_DESTINO,DESC_INICIATIVA,ID_ETAPA,ID_ESTADO,OBSERVACIONES,FECHA_DERIVACION,FECHA_RECEPCION) values ('1096','465','81',null,null,'2','3',null,to_date('28/02/20','DD/MM/RR'),null);
Insert into MRVMM.T_GEND_DETALLE_INICIATIVA (ID_DETALLE_INICIATIVA,ID_INICIATIVA,ID_REMITENTE,ID_DESTINO,DESC_INICIATIVA,ID_ETAPA,ID_ESTADO,OBSERVACIONES,FECHA_DERIVACION,FECHA_RECEPCION) values ('1105','463','104',null,null,'4','3',null,to_date('28/02/20','DD/MM/RR'),null);
Insert into MRVMM.T_GEND_DETALLE_INICIATIVA (ID_DETALLE_INICIATIVA,ID_INICIATIVA,ID_REMITENTE,ID_DESTINO,DESC_INICIATIVA,ID_ETAPA,ID_ESTADO,OBSERVACIONES,FECHA_DERIVACION,FECHA_RECEPCION) values ('1107','466','220','81','REGISTRO INICIATIVA','1','1',null,to_date('28/02/20','DD/MM/RR'),null);
Insert into MRVMM.T_GEND_DETALLE_INICIATIVA (ID_DETALLE_INICIATIVA,ID_INICIATIVA,ID_REMITENTE,ID_DESTINO,DESC_INICIATIVA,ID_ETAPA,ID_ESTADO,OBSERVACIONES,FECHA_DERIVACION,FECHA_RECEPCION) values ('1108','374','105',null,'REGISTRAR DETALLE INDICADOR','3','1',null,to_date('28/02/20','DD/MM/RR'),null);
Insert into MRVMM.T_GEND_DETALLE_INICIATIVA (ID_DETALLE_INICIATIVA,ID_INICIATIVA,ID_REMITENTE,ID_DESTINO,DESC_INICIATIVA,ID_ETAPA,ID_ESTADO,OBSERVACIONES,FECHA_DERIVACION,FECHA_RECEPCION) values ('1109','467','220','81','REGISTRO INICIATIVA','1','1',null,to_date('28/02/20','DD/MM/RR'),null);
Insert into MRVMM.T_GEND_DETALLE_INICIATIVA (ID_DETALLE_INICIATIVA,ID_INICIATIVA,ID_REMITENTE,ID_DESTINO,DESC_INICIATIVA,ID_ETAPA,ID_ESTADO,OBSERVACIONES,FECHA_DERIVACION,FECHA_RECEPCION) values ('1110','466','104',null,null,'2','3',null,to_date('28/02/20','DD/MM/RR'),null);
Insert into MRVMM.T_GEND_DETALLE_INICIATIVA (ID_DETALLE_INICIATIVA,ID_INICIATIVA,ID_REMITENTE,ID_DESTINO,DESC_INICIATIVA,ID_ETAPA,ID_ESTADO,OBSERVACIONES,FECHA_DERIVACION,FECHA_RECEPCION) values ('1111','466','220',null,'GUARDAR AVANCE DETALLE','3','0',null,to_date('28/02/20','DD/MM/RR'),null);
Insert into MRVMM.T_GEND_DETALLE_INICIATIVA (ID_DETALLE_INICIATIVA,ID_INICIATIVA,ID_REMITENTE,ID_DESTINO,DESC_INICIATIVA,ID_ETAPA,ID_ESTADO,OBSERVACIONES,FECHA_DERIVACION,FECHA_RECEPCION) values ('1112','466','220',null,'REGISTRAR DETALLE INDICADOR','3','1',null,to_date('28/02/20','DD/MM/RR'),null);
Insert into MRVMM.T_GEND_DETALLE_INICIATIVA (ID_DETALLE_INICIATIVA,ID_INICIATIVA,ID_REMITENTE,ID_DESTINO,DESC_INICIATIVA,ID_ETAPA,ID_ESTADO,OBSERVACIONES,FECHA_DERIVACION,FECHA_RECEPCION) values ('1114','468','104',null,null,'1','2',null,to_date('28/02/20','DD/MM/RR'),null);
Insert into MRVMM.T_GEND_DETALLE_INICIATIVA (ID_DETALLE_INICIATIVA,ID_INICIATIVA,ID_REMITENTE,ID_DESTINO,DESC_INICIATIVA,ID_ETAPA,ID_ESTADO,OBSERVACIONES,FECHA_DERIVACION,FECHA_RECEPCION) values ('1115','467','104',null,null,'2','3',null,to_date('28/02/20','DD/MM/RR'),null);
Insert into MRVMM.T_GEND_DETALLE_INICIATIVA (ID_DETALLE_INICIATIVA,ID_INICIATIVA,ID_REMITENTE,ID_DESTINO,DESC_INICIATIVA,ID_ETAPA,ID_ESTADO,OBSERVACIONES,FECHA_DERIVACION,FECHA_RECEPCION) values ('1119','448','104',null,null,'4','3',null,to_date('29/02/20','DD/MM/RR'),null);
Insert into MRVMM.T_GEND_DETALLE_INICIATIVA (ID_DETALLE_INICIATIVA,ID_INICIATIVA,ID_REMITENTE,ID_DESTINO,DESC_INICIATIVA,ID_ETAPA,ID_ESTADO,OBSERVACIONES,FECHA_DERIVACION,FECHA_RECEPCION) values ('1120','448','22',null,null,'5','3',null,to_date('29/02/20','DD/MM/RR'),null);
Insert into MRVMM.T_GEND_DETALLE_INICIATIVA (ID_DETALLE_INICIATIVA,ID_INICIATIVA,ID_REMITENTE,ID_DESTINO,DESC_INICIATIVA,ID_ETAPA,ID_ESTADO,OBSERVACIONES,FECHA_DERIVACION,FECHA_RECEPCION) values ('1121','466','104',null,null,'4','3',null,to_date('29/02/20','DD/MM/RR'),null);
Insert into MRVMM.T_GEND_DETALLE_INICIATIVA (ID_DETALLE_INICIATIVA,ID_INICIATIVA,ID_REMITENTE,ID_DESTINO,DESC_INICIATIVA,ID_ETAPA,ID_ESTADO,OBSERVACIONES,FECHA_DERIVACION,FECHA_RECEPCION) values ('1122','443','104',null,null,'4','3',null,to_date('29/02/20','DD/MM/RR'),null);
Insert into MRVMM.T_GEND_DETALLE_INICIATIVA (ID_DETALLE_INICIATIVA,ID_INICIATIVA,ID_REMITENTE,ID_DESTINO,DESC_INICIATIVA,ID_ETAPA,ID_ESTADO,OBSERVACIONES,FECHA_DERIVACION,FECHA_RECEPCION) values ('1124','452','22',null,null,'4','2',null,to_date('29/02/20','DD/MM/RR'),null);
Insert into MRVMM.T_GEND_DETALLE_INICIATIVA (ID_DETALLE_INICIATIVA,ID_INICIATIVA,ID_REMITENTE,ID_DESTINO,DESC_INICIATIVA,ID_ETAPA,ID_ESTADO,OBSERVACIONES,FECHA_DERIVACION,FECHA_RECEPCION) values ('1125','463','22',null,null,'4','2',null,to_date('29/02/20','DD/MM/RR'),null);
Insert into MRVMM.T_GEND_DETALLE_INICIATIVA (ID_DETALLE_INICIATIVA,ID_INICIATIVA,ID_REMITENTE,ID_DESTINO,DESC_INICIATIVA,ID_ETAPA,ID_ESTADO,OBSERVACIONES,FECHA_DERIVACION,FECHA_RECEPCION) values ('1126','444','22',null,null,'4','2',null,to_date('29/02/20','DD/MM/RR'),null);
Insert into MRVMM.T_GEND_DETALLE_INICIATIVA (ID_DETALLE_INICIATIVA,ID_INICIATIVA,ID_REMITENTE,ID_DESTINO,DESC_INICIATIVA,ID_ETAPA,ID_ESTADO,OBSERVACIONES,FECHA_DERIVACION,FECHA_RECEPCION) values ('1127','426','22',null,null,'4','2',null,to_date('29/02/20','DD/MM/RR'),null);
Insert into MRVMM.T_GEND_DETALLE_INICIATIVA (ID_DETALLE_INICIATIVA,ID_INICIATIVA,ID_REMITENTE,ID_DESTINO,DESC_INICIATIVA,ID_ETAPA,ID_ESTADO,OBSERVACIONES,FECHA_DERIVACION,FECHA_RECEPCION) values ('1128','422','22',null,null,'4','2',null,to_date('29/02/20','DD/MM/RR'),null);
Insert into MRVMM.T_GEND_DETALLE_INICIATIVA (ID_DETALLE_INICIATIVA,ID_INICIATIVA,ID_REMITENTE,ID_DESTINO,DESC_INICIATIVA,ID_ETAPA,ID_ESTADO,OBSERVACIONES,FECHA_DERIVACION,FECHA_RECEPCION) values ('1129','464','22',null,null,'5','3',null,to_date('29/02/20','DD/MM/RR'),null);
Insert into MRVMM.T_GEND_DETALLE_INICIATIVA (ID_DETALLE_INICIATIVA,ID_INICIATIVA,ID_REMITENTE,ID_DESTINO,DESC_INICIATIVA,ID_ETAPA,ID_ESTADO,OBSERVACIONES,FECHA_DERIVACION,FECHA_RECEPCION) values ('1130','462','22',null,null,'5','3',null,to_date('29/02/20','DD/MM/RR'),null);
Insert into MRVMM.T_GEND_DETALLE_INICIATIVA (ID_DETALLE_INICIATIVA,ID_INICIATIVA,ID_REMITENTE,ID_DESTINO,DESC_INICIATIVA,ID_ETAPA,ID_ESTADO,OBSERVACIONES,FECHA_DERIVACION,FECHA_RECEPCION) values ('1131','464','122',null,null,'5','2',null,to_date('29/02/20','DD/MM/RR'),null);
Insert into MRVMM.T_GEND_DETALLE_INICIATIVA (ID_DETALLE_INICIATIVA,ID_INICIATIVA,ID_REMITENTE,ID_DESTINO,DESC_INICIATIVA,ID_ETAPA,ID_ESTADO,OBSERVACIONES,FECHA_DERIVACION,FECHA_RECEPCION) values ('1132','448','122',null,null,'6','3',null,to_date('29/02/20','DD/MM/RR'),null);
Insert into MRVMM.T_GEND_DETALLE_INICIATIVA (ID_DETALLE_INICIATIVA,ID_INICIATIVA,ID_REMITENTE,ID_DESTINO,DESC_INICIATIVA,ID_ETAPA,ID_ESTADO,OBSERVACIONES,FECHA_DERIVACION,FECHA_RECEPCION) values ('1175','369','81',null,null,'2','3',null,to_date('05/03/20','DD/MM/RR'),null);
Insert into MRVMM.T_GEND_DETALLE_INICIATIVA (ID_DETALLE_INICIATIVA,ID_INICIATIVA,ID_REMITENTE,ID_DESTINO,DESC_INICIATIVA,ID_ETAPA,ID_ESTADO,OBSERVACIONES,FECHA_DERIVACION,FECHA_RECEPCION) values ('1178','438','220',null,null,'3','5',null,to_date('05/03/20','DD/MM/RR'),null);
Insert into MRVMM.T_GEND_DETALLE_INICIATIVA (ID_DETALLE_INICIATIVA,ID_INICIATIVA,ID_REMITENTE,ID_DESTINO,DESC_INICIATIVA,ID_ETAPA,ID_ESTADO,OBSERVACIONES,FECHA_DERIVACION,FECHA_RECEPCION) values ('1184','482','122',null,null,'6','3',null,to_date('07/03/20','DD/MM/RR'),null);
Insert into MRVMM.T_GEND_DETALLE_INICIATIVA (ID_DETALLE_INICIATIVA,ID_INICIATIVA,ID_REMITENTE,ID_DESTINO,DESC_INICIATIVA,ID_ETAPA,ID_ESTADO,OBSERVACIONES,FECHA_DERIVACION,FECHA_RECEPCION) values ('1192','424','182',null,'REGISTRAR DETALLE INDICADOR','3','1',null,to_date('09/03/20','DD/MM/RR'),null);
Insert into MRVMM.T_GEND_DETALLE_INICIATIVA (ID_DETALLE_INICIATIVA,ID_INICIATIVA,ID_REMITENTE,ID_DESTINO,DESC_INICIATIVA,ID_ETAPA,ID_ESTADO,OBSERVACIONES,FECHA_DERIVACION,FECHA_RECEPCION) values ('1208','502','22',null,null,'5','3',null,to_date('10/03/20','DD/MM/RR'),null);
Insert into MRVMM.T_GEND_DETALLE_INICIATIVA (ID_DETALLE_INICIATIVA,ID_INICIATIVA,ID_REMITENTE,ID_DESTINO,DESC_INICIATIVA,ID_ETAPA,ID_ESTADO,OBSERVACIONES,FECHA_DERIVACION,FECHA_RECEPCION) values ('1217','504','122',null,null,'6','3',null,to_date('10/03/20','DD/MM/RR'),null);
Insert into MRVMM.T_GEND_DETALLE_INICIATIVA (ID_DETALLE_INICIATIVA,ID_INICIATIVA,ID_REMITENTE,ID_DESTINO,DESC_INICIATIVA,ID_ETAPA,ID_ESTADO,OBSERVACIONES,FECHA_DERIVACION,FECHA_RECEPCION) values ('1318','544','104',null,null,'1','2',null,to_date('12/03/20','DD/MM/RR'),null);
Insert into MRVMM.T_GEND_DETALLE_INICIATIVA (ID_DETALLE_INICIATIVA,ID_INICIATIVA,ID_REMITENTE,ID_DESTINO,DESC_INICIATIVA,ID_ETAPA,ID_ESTADO,OBSERVACIONES,FECHA_DERIVACION,FECHA_RECEPCION) values ('1325','542','22',null,null,'5','3','CO2 - CH4|COMBUSTIBLES SOLIDOS - ENERGIA SOLAR|25.28',to_date('13/03/20','DD/MM/RR'),null);
Insert into MRVMM.T_GEND_DETALLE_INICIATIVA (ID_DETALLE_INICIATIVA,ID_INICIATIVA,ID_REMITENTE,ID_DESTINO,DESC_INICIATIVA,ID_ETAPA,ID_ESTADO,OBSERVACIONES,FECHA_DERIVACION,FECHA_RECEPCION) values ('1319','543','105','81','REGISTRO DE INICIATIVA','1','1',null,to_date('12/03/20','DD/MM/RR'),null);
Insert into MRVMM.T_GEND_DETALLE_INICIATIVA (ID_DETALLE_INICIATIVA,ID_INICIATIVA,ID_REMITENTE,ID_DESTINO,DESC_INICIATIVA,ID_ETAPA,ID_ESTADO,OBSERVACIONES,FECHA_DERIVACION,FECHA_RECEPCION) values ('1326','541','22',null,null,'5','3','CH4|ENERGIA SOLAR - ENERGIA TERMICA|25.28',to_date('13/03/20','DD/MM/RR'),null);
Insert into MRVMM.T_GEND_DETALLE_INICIATIVA (ID_DETALLE_INICIATIVA,ID_INICIATIVA,ID_REMITENTE,ID_DESTINO,DESC_INICIATIVA,ID_ETAPA,ID_ESTADO,OBSERVACIONES,FECHA_DERIVACION,FECHA_RECEPCION) values ('1342','429','122',null,null,'6','3','Promoción de vehículos eléctricos - PVE|Compra de nueva flota de autos 4M|0|Juan Soto|798fa26cc2ea995ceef4c68c834e5af4f90eecccff7912c52998cea369f1e1de',to_date('13/03/20','DD/MM/RR'),null);
Insert into MRVMM.T_GEND_DETALLE_INICIATIVA (ID_DETALLE_INICIATIVA,ID_INICIATIVA,ID_REMITENTE,ID_DESTINO,DESC_INICIATIVA,ID_ETAPA,ID_ESTADO,OBSERVACIONES,FECHA_DERIVACION,FECHA_RECEPCION) values ('1343','428','122',null,null,'6','3','Promoción de vehículos eléctricos - PVE|Vehiculos Electricos Aeropuerto Iquitos|0|Juan Soto|2ee3cdd75df64736a408e6f637a5fca353b7fc7452144ce86c232b1d234db222',to_date('13/03/20','DD/MM/RR'),null);
Insert into MRVMM.T_GEND_DETALLE_INICIATIVA (ID_DETALLE_INICIATIVA,ID_INICIATIVA,ID_REMITENTE,ID_DESTINO,DESC_INICIATIVA,ID_ETAPA,ID_ESTADO,OBSERVACIONES,FECHA_DERIVACION,FECHA_RECEPCION) values ('1344','344','122',null,null,'6','3','Promoción de vehículos eléctricos - PVE|Vehiculo electrico de 5M|165|Juan Soto|69703b426d09e8f41ac618ba2647bf9c05c59541f0c27105f5d41e57732dce84',to_date('13/03/20','DD/MM/RR'),null);
Insert into MRVMM.T_GEND_DETALLE_INICIATIVA (ID_DETALLE_INICIATIVA,ID_INICIATIVA,ID_REMITENTE,ID_DESTINO,DESC_INICIATIVA,ID_ETAPA,ID_ESTADO,OBSERVACIONES,FECHA_DERIVACION,FECHA_RECEPCION) values ('1364','503','123',null,null,'7','3','Promoción de vehículos eléctricos - PVE|todo autois|.78|123|123',to_date('14/03/20','DD/MM/RR'),null);
Insert into MRVMM.T_GEND_DETALLE_INICIATIVA (ID_DETALLE_INICIATIVA,ID_INICIATIVA,ID_REMITENTE,ID_DESTINO,DESC_INICIATIVA,ID_ETAPA,ID_ESTADO,OBSERVACIONES,FECHA_DERIVACION,FECHA_RECEPCION) values ('1369','562','104',null,null,'1','2','no se debe realizar de esa forma',to_date('14/03/20','DD/MM/RR'),null);
Insert into MRVMM.T_GEND_DETALLE_INICIATIVA (ID_DETALLE_INICIATIVA,ID_INICIATIVA,ID_REMITENTE,ID_DESTINO,DESC_INICIATIVA,ID_ETAPA,ID_ESTADO,OBSERVACIONES,FECHA_DERIVACION,FECHA_RECEPCION) values ('1373','562','104',null,null,'2','3','CO2|COMBUSTIBLES SOLIDOS',to_date('14/03/20','DD/MM/RR'),null);
Insert into MRVMM.T_GEND_DETALLE_INICIATIVA (ID_DETALLE_INICIATIVA,ID_INICIATIVA,ID_REMITENTE,ID_DESTINO,DESC_INICIATIVA,ID_ETAPA,ID_ESTADO,OBSERVACIONES,FECHA_DERIVACION,FECHA_RECEPCION) values ('1382','562','122',null,null,'9','3','Promoción de vehículos eléctricos - PVE|01/01/2019 - 31/12/2019|1',to_date('14/03/20','DD/MM/RR'),null);
Insert into MRVMM.T_GEND_DETALLE_INICIATIVA (ID_DETALLE_INICIATIVA,ID_INICIATIVA,ID_REMITENTE,ID_DESTINO,DESC_INICIATIVA,ID_ETAPA,ID_ESTADO,OBSERVACIONES,FECHA_DERIVACION,FECHA_RECEPCION) values ('1390','564','81',null,null,'2','3','CO2|COMBUSTIBLES SOLIDOS',to_date('14/03/20','DD/MM/RR'),null);
Insert into MRVMM.T_GEND_DETALLE_INICIATIVA (ID_DETALLE_INICIATIVA,ID_INICIATIVA,ID_REMITENTE,ID_DESTINO,DESC_INICIATIVA,ID_ETAPA,ID_ESTADO,OBSERVACIONES,FECHA_DERIVACION,FECHA_RECEPCION) values ('1401','568','105',null,'GUARDAR AVANCE DETALLE','3','0','Cocción limpia - CL|COCCION LIMPIA (LEÑA)|1|0',to_date('14/03/20','DD/MM/RR'),null);
Insert into MRVMM.T_GEND_DETALLE_INICIATIVA (ID_DETALLE_INICIATIVA,ID_INICIATIVA,ID_REMITENTE,ID_DESTINO,DESC_INICIATIVA,ID_ETAPA,ID_ESTADO,OBSERVACIONES,FECHA_DERIVACION,FECHA_RECEPCION) values ('1402','568','105',null,'REGISTRAR DETALLE INDICADOR','3','1','Cocción limpia - CL|COCCION LIMPIA (LEÑA)|2|0',to_date('14/03/20','DD/MM/RR'),null);
Insert into MRVMM.T_GEND_DETALLE_INICIATIVA (ID_DETALLE_INICIATIVA,ID_INICIATIVA,ID_REMITENTE,ID_DESTINO,DESC_INICIATIVA,ID_ETAPA,ID_ESTADO,OBSERVACIONES,FECHA_DERIVACION,FECHA_RECEPCION) values ('1407','370','105',null,'REGISTRAR DETALLE INDICADOR','3','1','Generación distribuida - GD|GENERACION DISTRIBUIDA|1|1.03',to_date('14/03/20','DD/MM/RR'),null);
Insert into MRVMM.T_GEND_DETALLE_INICIATIVA (ID_DETALLE_INICIATIVA,ID_INICIATIVA,ID_REMITENTE,ID_DESTINO,DESC_INICIATIVA,ID_ETAPA,ID_ESTADO,OBSERVACIONES,FECHA_DERIVACION,FECHA_RECEPCION) values ('1410','461','105',null,'REGISTRAR DETALLE INDICADOR','3','1','Cocción limpia - CL|COCCION LIMPIA (LEÑA)|1|0',to_date('14/03/20','DD/MM/RR'),null);
Insert into MRVMM.T_GEND_DETALLE_INICIATIVA (ID_DETALLE_INICIATIVA,ID_INICIATIVA,ID_REMITENTE,ID_DESTINO,DESC_INICIATIVA,ID_ETAPA,ID_ESTADO,OBSERVACIONES,FECHA_DERIVACION,FECHA_RECEPCION) values ('792','342','81',null,null,'2','3',null,to_date('13/02/20','DD/MM/RR'),null);
Insert into MRVMM.T_GEND_DETALLE_INICIATIVA (ID_DETALLE_INICIATIVA,ID_INICIATIVA,ID_REMITENTE,ID_DESTINO,DESC_INICIATIVA,ID_ETAPA,ID_ESTADO,OBSERVACIONES,FECHA_DERIVACION,FECHA_RECEPCION) values ('830','373','105',null,'GUARDAR AVANCE DETALLE OBSERVACION','3','6',null,to_date('18/02/20','DD/MM/RR'),null);
Insert into MRVMM.T_GEND_DETALLE_INICIATIVA (ID_DETALLE_INICIATIVA,ID_INICIATIVA,ID_REMITENTE,ID_DESTINO,DESC_INICIATIVA,ID_ETAPA,ID_ESTADO,OBSERVACIONES,FECHA_DERIVACION,FECHA_RECEPCION) values ('833','341','123',null,null,'7','3',null,to_date('19/02/20','DD/MM/RR'),null);
Insert into MRVMM.T_GEND_DETALLE_INICIATIVA (ID_DETALLE_INICIATIVA,ID_INICIATIVA,ID_REMITENTE,ID_DESTINO,DESC_INICIATIVA,ID_ETAPA,ID_ESTADO,OBSERVACIONES,FECHA_DERIVACION,FECHA_RECEPCION) values ('841','342','22',null,null,'8','3',null,to_date('19/02/20','DD/MM/RR'),null);
Insert into MRVMM.T_GEND_DETALLE_INICIATIVA (ID_DETALLE_INICIATIVA,ID_INICIATIVA,ID_REMITENTE,ID_DESTINO,DESC_INICIATIVA,ID_ETAPA,ID_ESTADO,OBSERVACIONES,FECHA_DERIVACION,FECHA_RECEPCION) values ('842','342','123',null,null,'8','2',null,to_date('19/02/20','DD/MM/RR'),null);
Insert into MRVMM.T_GEND_DETALLE_INICIATIVA (ID_DETALLE_INICIATIVA,ID_INICIATIVA,ID_REMITENTE,ID_DESTINO,DESC_INICIATIVA,ID_ETAPA,ID_ESTADO,OBSERVACIONES,FECHA_DERIVACION,FECHA_RECEPCION) values ('843','342','22',null,null,'5','3',null,to_date('19/02/20','DD/MM/RR'),null);
Insert into MRVMM.T_GEND_DETALLE_INICIATIVA (ID_DETALLE_INICIATIVA,ID_INICIATIVA,ID_REMITENTE,ID_DESTINO,DESC_INICIATIVA,ID_ETAPA,ID_ESTADO,OBSERVACIONES,FECHA_DERIVACION,FECHA_RECEPCION) values ('844','376','105','81','REGISTRO INICIATIVA','1','1',null,to_date('19/02/20','DD/MM/RR'),null);
Insert into MRVMM.T_GEND_DETALLE_INICIATIVA (ID_DETALLE_INICIATIVA,ID_INICIATIVA,ID_REMITENTE,ID_DESTINO,DESC_INICIATIVA,ID_ETAPA,ID_ESTADO,OBSERVACIONES,FECHA_DERIVACION,FECHA_RECEPCION) values ('845','376','81',null,null,'2','3',null,to_date('19/02/20','DD/MM/RR'),null);
Insert into MRVMM.T_GEND_DETALLE_INICIATIVA (ID_DETALLE_INICIATIVA,ID_INICIATIVA,ID_REMITENTE,ID_DESTINO,DESC_INICIATIVA,ID_ETAPA,ID_ESTADO,OBSERVACIONES,FECHA_DERIVACION,FECHA_RECEPCION) values ('851','382','104',null,null,'1','2',null,to_date('20/02/20','DD/MM/RR'),null);
Insert into MRVMM.T_GEND_DETALLE_INICIATIVA (ID_DETALLE_INICIATIVA,ID_INICIATIVA,ID_REMITENTE,ID_DESTINO,DESC_INICIATIVA,ID_ETAPA,ID_ESTADO,OBSERVACIONES,FECHA_DERIVACION,FECHA_RECEPCION) values ('858','383','81',null,null,'4','3',null,to_date('20/02/20','DD/MM/RR'),null);
Insert into MRVMM.T_GEND_DETALLE_INICIATIVA (ID_DETALLE_INICIATIVA,ID_INICIATIVA,ID_REMITENTE,ID_DESTINO,DESC_INICIATIVA,ID_ETAPA,ID_ESTADO,OBSERVACIONES,FECHA_DERIVACION,FECHA_RECEPCION) values ('861','344','104',null,null,'4','3',null,to_date('20/02/20','DD/MM/RR'),null);
Insert into MRVMM.T_GEND_DETALLE_INICIATIVA (ID_DETALLE_INICIATIVA,ID_INICIATIVA,ID_REMITENTE,ID_DESTINO,DESC_INICIATIVA,ID_ETAPA,ID_ESTADO,OBSERVACIONES,FECHA_DERIVACION,FECHA_RECEPCION) values ('862','383','22',null,null,'5','3',null,to_date('20/02/20','DD/MM/RR'),null);
Insert into MRVMM.T_GEND_DETALLE_INICIATIVA (ID_DETALLE_INICIATIVA,ID_INICIATIVA,ID_REMITENTE,ID_DESTINO,DESC_INICIATIVA,ID_ETAPA,ID_ESTADO,OBSERVACIONES,FECHA_DERIVACION,FECHA_RECEPCION) values ('863','376','22',null,null,'8','3',null,to_date('20/02/20','DD/MM/RR'),null);
Insert into MRVMM.T_GEND_DETALLE_INICIATIVA (ID_DETALLE_INICIATIVA,ID_INICIATIVA,ID_REMITENTE,ID_DESTINO,DESC_INICIATIVA,ID_ETAPA,ID_ESTADO,OBSERVACIONES,FECHA_DERIVACION,FECHA_RECEPCION) values ('869','386','182',null,null,'3','5',null,to_date('20/02/20','DD/MM/RR'),null);
Insert into MRVMM.T_GEND_DETALLE_INICIATIVA (ID_DETALLE_INICIATIVA,ID_INICIATIVA,ID_REMITENTE,ID_DESTINO,DESC_INICIATIVA,ID_ETAPA,ID_ESTADO,OBSERVACIONES,FECHA_DERIVACION,FECHA_RECEPCION) values ('881','392','105','81','REGISTRO INICIATIVA','1','1',null,to_date('20/02/20','DD/MM/RR'),null);
Insert into MRVMM.T_GEND_DETALLE_INICIATIVA (ID_DETALLE_INICIATIVA,ID_INICIATIVA,ID_REMITENTE,ID_DESTINO,DESC_INICIATIVA,ID_ETAPA,ID_ESTADO,OBSERVACIONES,FECHA_DERIVACION,FECHA_RECEPCION) values ('882','392','81',null,null,'2','3',null,to_date('20/02/20','DD/MM/RR'),null);
Insert into MRVMM.T_GEND_DETALLE_INICIATIVA (ID_DETALLE_INICIATIVA,ID_INICIATIVA,ID_REMITENTE,ID_DESTINO,DESC_INICIATIVA,ID_ETAPA,ID_ESTADO,OBSERVACIONES,FECHA_DERIVACION,FECHA_RECEPCION) values ('884','393','105','81','REGISTRO INICIATIVA','1','1',null,to_date('20/02/20','DD/MM/RR'),null);
Insert into MRVMM.T_GEND_DETALLE_INICIATIVA (ID_DETALLE_INICIATIVA,ID_INICIATIVA,ID_REMITENTE,ID_DESTINO,DESC_INICIATIVA,ID_ETAPA,ID_ESTADO,OBSERVACIONES,FECHA_DERIVACION,FECHA_RECEPCION) values ('885','393','81',null,null,'2','3',null,to_date('20/02/20','DD/MM/RR'),null);
Insert into MRVMM.T_GEND_DETALLE_INICIATIVA (ID_DETALLE_INICIATIVA,ID_INICIATIVA,ID_REMITENTE,ID_DESTINO,DESC_INICIATIVA,ID_ETAPA,ID_ESTADO,OBSERVACIONES,FECHA_DERIVACION,FECHA_RECEPCION) values ('888','361','81',null,null,'2','3',null,to_date('20/02/20','DD/MM/RR'),null);
Insert into MRVMM.T_GEND_DETALLE_INICIATIVA (ID_DETALLE_INICIATIVA,ID_INICIATIVA,ID_REMITENTE,ID_DESTINO,DESC_INICIATIVA,ID_ETAPA,ID_ESTADO,OBSERVACIONES,FECHA_DERIVACION,FECHA_RECEPCION) values ('894','395','105','81','REGISTRO INICIATIVA','1','1',null,to_date('21/02/20','DD/MM/RR'),null);
Insert into MRVMM.T_GEND_DETALLE_INICIATIVA (ID_DETALLE_INICIATIVA,ID_INICIATIVA,ID_REMITENTE,ID_DESTINO,DESC_INICIATIVA,ID_ETAPA,ID_ESTADO,OBSERVACIONES,FECHA_DERIVACION,FECHA_RECEPCION) values ('895','395','81',null,null,'2','3',null,to_date('21/02/20','DD/MM/RR'),null);
Insert into MRVMM.T_GEND_DETALLE_INICIATIVA (ID_DETALLE_INICIATIVA,ID_INICIATIVA,ID_REMITENTE,ID_DESTINO,DESC_INICIATIVA,ID_ETAPA,ID_ESTADO,OBSERVACIONES,FECHA_DERIVACION,FECHA_RECEPCION) values ('896','374','105',null,'GUARDAR AVANCE DETALLE','3','0',null,to_date('21/02/20','DD/MM/RR'),null);
Insert into MRVMM.T_GEND_DETALLE_INICIATIVA (ID_DETALLE_INICIATIVA,ID_INICIATIVA,ID_REMITENTE,ID_DESTINO,DESC_INICIATIVA,ID_ETAPA,ID_ESTADO,OBSERVACIONES,FECHA_DERIVACION,FECHA_RECEPCION) values ('897','374','105',null,'GUARDAR AVANCE DETALLE','3','0',null,to_date('21/02/20','DD/MM/RR'),null);
Insert into MRVMM.T_GEND_DETALLE_INICIATIVA (ID_DETALLE_INICIATIVA,ID_INICIATIVA,ID_REMITENTE,ID_DESTINO,DESC_INICIATIVA,ID_ETAPA,ID_ESTADO,OBSERVACIONES,FECHA_DERIVACION,FECHA_RECEPCION) values ('898','395','105',null,'GUARDAR AVANCE DETALLE','3','0',null,to_date('21/02/20','DD/MM/RR'),null);
Insert into MRVMM.T_GEND_DETALLE_INICIATIVA (ID_DETALLE_INICIATIVA,ID_INICIATIVA,ID_REMITENTE,ID_DESTINO,DESC_INICIATIVA,ID_ETAPA,ID_ESTADO,OBSERVACIONES,FECHA_DERIVACION,FECHA_RECEPCION) values ('899','395','105',null,'GUARDAR AVANCE DETALLE','3','0',null,to_date('21/02/20','DD/MM/RR'),null);
Insert into MRVMM.T_GEND_DETALLE_INICIATIVA (ID_DETALLE_INICIATIVA,ID_INICIATIVA,ID_REMITENTE,ID_DESTINO,DESC_INICIATIVA,ID_ETAPA,ID_ESTADO,OBSERVACIONES,FECHA_DERIVACION,FECHA_RECEPCION) values ('922','421','105','81','REGISTRO INICIATIVA','1','1',null,to_date('24/02/20','DD/MM/RR'),null);
Insert into MRVMM.T_GEND_DETALLE_INICIATIVA (ID_DETALLE_INICIATIVA,ID_INICIATIVA,ID_REMITENTE,ID_DESTINO,DESC_INICIATIVA,ID_ETAPA,ID_ESTADO,OBSERVACIONES,FECHA_DERIVACION,FECHA_RECEPCION) values ('927','423','105','81','REGISTRO INICIATIVA','1','1',null,to_date('24/02/20','DD/MM/RR'),null);
Insert into MRVMM.T_GEND_DETALLE_INICIATIVA (ID_DETALLE_INICIATIVA,ID_INICIATIVA,ID_REMITENTE,ID_DESTINO,DESC_INICIATIVA,ID_ETAPA,ID_ESTADO,OBSERVACIONES,FECHA_DERIVACION,FECHA_RECEPCION) values ('929','422','81',null,null,'1','2',null,to_date('24/02/20','DD/MM/RR'),null);
Insert into MRVMM.T_GEND_DETALLE_INICIATIVA (ID_DETALLE_INICIATIVA,ID_INICIATIVA,ID_REMITENTE,ID_DESTINO,DESC_INICIATIVA,ID_ETAPA,ID_ESTADO,OBSERVACIONES,FECHA_DERIVACION,FECHA_RECEPCION) values ('930','422','182','81','REGISTRO DE INICIATIVA','1','1',null,to_date('24/02/20','DD/MM/RR'),null);
Insert into MRVMM.T_GEND_DETALLE_INICIATIVA (ID_DETALLE_INICIATIVA,ID_INICIATIVA,ID_REMITENTE,ID_DESTINO,DESC_INICIATIVA,ID_ETAPA,ID_ESTADO,OBSERVACIONES,FECHA_DERIVACION,FECHA_RECEPCION) values ('932','422','182','81','REGISTRO DE INICIATIVA','1','1',null,to_date('24/02/20','DD/MM/RR'),null);
Insert into MRVMM.T_GEND_DETALLE_INICIATIVA (ID_DETALLE_INICIATIVA,ID_INICIATIVA,ID_REMITENTE,ID_DESTINO,DESC_INICIATIVA,ID_ETAPA,ID_ESTADO,OBSERVACIONES,FECHA_DERIVACION,FECHA_RECEPCION) values ('933','422','81',null,null,'2','3',null,to_date('24/02/20','DD/MM/RR'),null);
Insert into MRVMM.T_GEND_DETALLE_INICIATIVA (ID_DETALLE_INICIATIVA,ID_INICIATIVA,ID_REMITENTE,ID_DESTINO,DESC_INICIATIVA,ID_ETAPA,ID_ESTADO,OBSERVACIONES,FECHA_DERIVACION,FECHA_RECEPCION) values ('934','423','81',null,null,'1','2',null,to_date('24/02/20','DD/MM/RR'),null);
Insert into MRVMM.T_GEND_DETALLE_INICIATIVA (ID_DETALLE_INICIATIVA,ID_INICIATIVA,ID_REMITENTE,ID_DESTINO,DESC_INICIATIVA,ID_ETAPA,ID_ESTADO,OBSERVACIONES,FECHA_DERIVACION,FECHA_RECEPCION) values ('935','423','105',null,'GUARDAR AVANCE','1','0',null,to_date('24/02/20','DD/MM/RR'),null);
Insert into MRVMM.T_GEND_DETALLE_INICIATIVA (ID_DETALLE_INICIATIVA,ID_INICIATIVA,ID_REMITENTE,ID_DESTINO,DESC_INICIATIVA,ID_ETAPA,ID_ESTADO,OBSERVACIONES,FECHA_DERIVACION,FECHA_RECEPCION) values ('937','423','105',null,'GUARDAR AVANCE','1','0',null,to_date('24/02/20','DD/MM/RR'),null);
Insert into MRVMM.T_GEND_DETALLE_INICIATIVA (ID_DETALLE_INICIATIVA,ID_INICIATIVA,ID_REMITENTE,ID_DESTINO,DESC_INICIATIVA,ID_ETAPA,ID_ESTADO,OBSERVACIONES,FECHA_DERIVACION,FECHA_RECEPCION) values ('938','422','182',null,'REGISTRAR DETALLE INDICADOR','3','1',null,to_date('24/02/20','DD/MM/RR'),null);
Insert into MRVMM.T_GEND_DETALLE_INICIATIVA (ID_DETALLE_INICIATIVA,ID_INICIATIVA,ID_REMITENTE,ID_DESTINO,DESC_INICIATIVA,ID_ETAPA,ID_ESTADO,OBSERVACIONES,FECHA_DERIVACION,FECHA_RECEPCION) values ('939','422','81',null,null,'4','3',null,to_date('24/02/20','DD/MM/RR'),null);
Insert into MRVMM.T_GEND_DETALLE_INICIATIVA (ID_DETALLE_INICIATIVA,ID_INICIATIVA,ID_REMITENTE,ID_DESTINO,DESC_INICIATIVA,ID_ETAPA,ID_ESTADO,OBSERVACIONES,FECHA_DERIVACION,FECHA_RECEPCION) values ('940','424','182','81','REGISTRO INICIATIVA','1','1',null,to_date('24/02/20','DD/MM/RR'),null);
Insert into MRVMM.T_GEND_DETALLE_INICIATIVA (ID_DETALLE_INICIATIVA,ID_INICIATIVA,ID_REMITENTE,ID_DESTINO,DESC_INICIATIVA,ID_ETAPA,ID_ESTADO,OBSERVACIONES,FECHA_DERIVACION,FECHA_RECEPCION) values ('941','424','81',null,null,'2','3',null,to_date('24/02/20','DD/MM/RR'),null);
Insert into MRVMM.T_GEND_DETALLE_INICIATIVA (ID_DETALLE_INICIATIVA,ID_INICIATIVA,ID_REMITENTE,ID_DESTINO,DESC_INICIATIVA,ID_ETAPA,ID_ESTADO,OBSERVACIONES,FECHA_DERIVACION,FECHA_RECEPCION) values ('942','424','182',null,'GUARDAR AVANCE DETALLE','3','0',null,to_date('24/02/20','DD/MM/RR'),null);
Insert into MRVMM.T_GEND_DETALLE_INICIATIVA (ID_DETALLE_INICIATIVA,ID_INICIATIVA,ID_REMITENTE,ID_DESTINO,DESC_INICIATIVA,ID_ETAPA,ID_ESTADO,OBSERVACIONES,FECHA_DERIVACION,FECHA_RECEPCION) values ('953','429','105','81','REGISTRO INICIATIVA','1','1',null,to_date('25/02/20','DD/MM/RR'),null);
Insert into MRVMM.T_GEND_DETALLE_INICIATIVA (ID_DETALLE_INICIATIVA,ID_INICIATIVA,ID_REMITENTE,ID_DESTINO,DESC_INICIATIVA,ID_ETAPA,ID_ESTADO,OBSERVACIONES,FECHA_DERIVACION,FECHA_RECEPCION) values ('959','428','105',null,null,'3','5',null,to_date('25/02/20','DD/MM/RR'),null);
Insert into MRVMM.T_GEND_DETALLE_INICIATIVA (ID_DETALLE_INICIATIVA,ID_INICIATIVA,ID_REMITENTE,ID_DESTINO,DESC_INICIATIVA,ID_ETAPA,ID_ESTADO,OBSERVACIONES,FECHA_DERIVACION,FECHA_RECEPCION) values ('961','430','105','81','REGISTRO INICIATIVA','1','1',null,to_date('25/02/20','DD/MM/RR'),null);
Insert into MRVMM.T_GEND_DETALLE_INICIATIVA (ID_DETALLE_INICIATIVA,ID_INICIATIVA,ID_REMITENTE,ID_DESTINO,DESC_INICIATIVA,ID_ETAPA,ID_ESTADO,OBSERVACIONES,FECHA_DERIVACION,FECHA_RECEPCION) values ('973','435','220','81','REGISTRO INICIATIVA','1','1',null,to_date('26/02/20','DD/MM/RR'),null);
Insert into MRVMM.T_GEND_DETALLE_INICIATIVA (ID_DETALLE_INICIATIVA,ID_INICIATIVA,ID_REMITENTE,ID_DESTINO,DESC_INICIATIVA,ID_ETAPA,ID_ESTADO,OBSERVACIONES,FECHA_DERIVACION,FECHA_RECEPCION) values ('981','442','81',null,null,'2','3',null,to_date('26/02/20','DD/MM/RR'),null);
Insert into MRVMM.T_GEND_DETALLE_INICIATIVA (ID_DETALLE_INICIATIVA,ID_INICIATIVA,ID_REMITENTE,ID_DESTINO,DESC_INICIATIVA,ID_ETAPA,ID_ESTADO,OBSERVACIONES,FECHA_DERIVACION,FECHA_RECEPCION) values ('982','441','81',null,null,'2','3',null,to_date('26/02/20','DD/MM/RR'),null);
Insert into MRVMM.T_GEND_DETALLE_INICIATIVA (ID_DETALLE_INICIATIVA,ID_INICIATIVA,ID_REMITENTE,ID_DESTINO,DESC_INICIATIVA,ID_ETAPA,ID_ESTADO,OBSERVACIONES,FECHA_DERIVACION,FECHA_RECEPCION) values ('983','440','81',null,null,'2','3',null,to_date('26/02/20','DD/MM/RR'),null);
Insert into MRVMM.T_GEND_DETALLE_INICIATIVA (ID_DETALLE_INICIATIVA,ID_INICIATIVA,ID_REMITENTE,ID_DESTINO,DESC_INICIATIVA,ID_ETAPA,ID_ESTADO,OBSERVACIONES,FECHA_DERIVACION,FECHA_RECEPCION) values ('984','439','81',null,null,'2','3',null,to_date('26/02/20','DD/MM/RR'),null);
Insert into MRVMM.T_GEND_DETALLE_INICIATIVA (ID_DETALLE_INICIATIVA,ID_INICIATIVA,ID_REMITENTE,ID_DESTINO,DESC_INICIATIVA,ID_ETAPA,ID_ESTADO,OBSERVACIONES,FECHA_DERIVACION,FECHA_RECEPCION) values ('985','438','81',null,null,'2','3',null,to_date('26/02/20','DD/MM/RR'),null);
Insert into MRVMM.T_GEND_DETALLE_INICIATIVA (ID_DETALLE_INICIATIVA,ID_INICIATIVA,ID_REMITENTE,ID_DESTINO,DESC_INICIATIVA,ID_ETAPA,ID_ESTADO,OBSERVACIONES,FECHA_DERIVACION,FECHA_RECEPCION) values ('986','437','81',null,null,'2','3',null,to_date('26/02/20','DD/MM/RR'),null);
Insert into MRVMM.T_GEND_DETALLE_INICIATIVA (ID_DETALLE_INICIATIVA,ID_INICIATIVA,ID_REMITENTE,ID_DESTINO,DESC_INICIATIVA,ID_ETAPA,ID_ESTADO,OBSERVACIONES,FECHA_DERIVACION,FECHA_RECEPCION) values ('987','436','81',null,null,'2','3',null,to_date('26/02/20','DD/MM/RR'),null);
Insert into MRVMM.T_GEND_DETALLE_INICIATIVA (ID_DETALLE_INICIATIVA,ID_INICIATIVA,ID_REMITENTE,ID_DESTINO,DESC_INICIATIVA,ID_ETAPA,ID_ESTADO,OBSERVACIONES,FECHA_DERIVACION,FECHA_RECEPCION) values ('988','435','81',null,null,'2','3',null,to_date('26/02/20','DD/MM/RR'),null);
Insert into MRVMM.T_GEND_DETALLE_INICIATIVA (ID_DETALLE_INICIATIVA,ID_INICIATIVA,ID_REMITENTE,ID_DESTINO,DESC_INICIATIVA,ID_ETAPA,ID_ESTADO,OBSERVACIONES,FECHA_DERIVACION,FECHA_RECEPCION) values ('989','434','81',null,null,'2','3',null,to_date('26/02/20','DD/MM/RR'),null);
Insert into MRVMM.T_GEND_DETALLE_INICIATIVA (ID_DETALLE_INICIATIVA,ID_INICIATIVA,ID_REMITENTE,ID_DESTINO,DESC_INICIATIVA,ID_ETAPA,ID_ESTADO,OBSERVACIONES,FECHA_DERIVACION,FECHA_RECEPCION) values ('990','433','81',null,null,'2','3',null,to_date('26/02/20','DD/MM/RR'),null);
Insert into MRVMM.T_GEND_DETALLE_INICIATIVA (ID_DETALLE_INICIATIVA,ID_INICIATIVA,ID_REMITENTE,ID_DESTINO,DESC_INICIATIVA,ID_ETAPA,ID_ESTADO,OBSERVACIONES,FECHA_DERIVACION,FECHA_RECEPCION) values ('991','432','81',null,null,'2','3',null,to_date('26/02/20','DD/MM/RR'),null);
Insert into MRVMM.T_GEND_DETALLE_INICIATIVA (ID_DETALLE_INICIATIVA,ID_INICIATIVA,ID_REMITENTE,ID_DESTINO,DESC_INICIATIVA,ID_ETAPA,ID_ESTADO,OBSERVACIONES,FECHA_DERIVACION,FECHA_RECEPCION) values ('992','431','81',null,null,'2','3',null,to_date('26/02/20','DD/MM/RR'),null);
Insert into MRVMM.T_GEND_DETALLE_INICIATIVA (ID_DETALLE_INICIATIVA,ID_INICIATIVA,ID_REMITENTE,ID_DESTINO,DESC_INICIATIVA,ID_ETAPA,ID_ESTADO,OBSERVACIONES,FECHA_DERIVACION,FECHA_RECEPCION) values ('993','372','105',null,'GUARDAR AVANCE DETALLE','3','0',null,to_date('26/02/20','DD/MM/RR'),null);
Insert into MRVMM.T_GEND_DETALLE_INICIATIVA (ID_DETALLE_INICIATIVA,ID_INICIATIVA,ID_REMITENTE,ID_DESTINO,DESC_INICIATIVA,ID_ETAPA,ID_ESTADO,OBSERVACIONES,FECHA_DERIVACION,FECHA_RECEPCION) values ('994','443','105','81','REGISTRO INICIATIVA','1','1',null,to_date('26/02/20','DD/MM/RR'),null);
Insert into MRVMM.T_GEND_DETALLE_INICIATIVA (ID_DETALLE_INICIATIVA,ID_INICIATIVA,ID_REMITENTE,ID_DESTINO,DESC_INICIATIVA,ID_ETAPA,ID_ESTADO,OBSERVACIONES,FECHA_DERIVACION,FECHA_RECEPCION) values ('995','443','104',null,null,'2','3',null,to_date('26/02/20','DD/MM/RR'),null);
Insert into MRVMM.T_GEND_DETALLE_INICIATIVA (ID_DETALLE_INICIATIVA,ID_INICIATIVA,ID_REMITENTE,ID_DESTINO,DESC_INICIATIVA,ID_ETAPA,ID_ESTADO,OBSERVACIONES,FECHA_DERIVACION,FECHA_RECEPCION) values ('996','444','182','81','REGISTRO INICIATIVA','1','1',null,to_date('26/02/20','DD/MM/RR'),null);
Insert into MRVMM.T_GEND_DETALLE_INICIATIVA (ID_DETALLE_INICIATIVA,ID_INICIATIVA,ID_REMITENTE,ID_DESTINO,DESC_INICIATIVA,ID_ETAPA,ID_ESTADO,OBSERVACIONES,FECHA_DERIVACION,FECHA_RECEPCION) values ('997','444','81',null,null,'1','2',null,to_date('26/02/20','DD/MM/RR'),null);
Insert into MRVMM.T_GEND_DETALLE_INICIATIVA (ID_DETALLE_INICIATIVA,ID_INICIATIVA,ID_REMITENTE,ID_DESTINO,DESC_INICIATIVA,ID_ETAPA,ID_ESTADO,OBSERVACIONES,FECHA_DERIVACION,FECHA_RECEPCION) values ('998','444','182','81','REGISTRO DE INICIATIVA','1','1',null,to_date('26/02/20','DD/MM/RR'),null);
Insert into MRVMM.T_GEND_DETALLE_INICIATIVA (ID_DETALLE_INICIATIVA,ID_INICIATIVA,ID_REMITENTE,ID_DESTINO,DESC_INICIATIVA,ID_ETAPA,ID_ESTADO,OBSERVACIONES,FECHA_DERIVACION,FECHA_RECEPCION) values ('999','444','81',null,null,'2','3',null,to_date('26/02/20','DD/MM/RR'),null);
Insert into MRVMM.T_GEND_DETALLE_INICIATIVA (ID_DETALLE_INICIATIVA,ID_INICIATIVA,ID_REMITENTE,ID_DESTINO,DESC_INICIATIVA,ID_ETAPA,ID_ESTADO,OBSERVACIONES,FECHA_DERIVACION,FECHA_RECEPCION) values ('1010','372','105',null,'GUARDAR AVANCE DETALLE','3','0',null,to_date('26/02/20','DD/MM/RR'),null);
Insert into MRVMM.T_GEND_DETALLE_INICIATIVA (ID_DETALLE_INICIATIVA,ID_INICIATIVA,ID_REMITENTE,ID_DESTINO,DESC_INICIATIVA,ID_ETAPA,ID_ESTADO,OBSERVACIONES,FECHA_DERIVACION,FECHA_RECEPCION) values ('1019','446','182','81','REGISTRO DE INICIATIVA','1','1',null,to_date('27/02/20','DD/MM/RR'),null);
Insert into MRVMM.T_GEND_DETALLE_INICIATIVA (ID_DETALLE_INICIATIVA,ID_INICIATIVA,ID_REMITENTE,ID_DESTINO,DESC_INICIATIVA,ID_ETAPA,ID_ESTADO,OBSERVACIONES,FECHA_DERIVACION,FECHA_RECEPCION) values ('1020','446','81',null,null,'2','3',null,to_date('27/02/20','DD/MM/RR'),null);
Insert into MRVMM.T_GEND_DETALLE_INICIATIVA (ID_DETALLE_INICIATIVA,ID_INICIATIVA,ID_REMITENTE,ID_DESTINO,DESC_INICIATIVA,ID_ETAPA,ID_ESTADO,OBSERVACIONES,FECHA_DERIVACION,FECHA_RECEPCION) values ('1047','450','104',null,null,'2','3',null,to_date('27/02/20','DD/MM/RR'),null);
Insert into MRVMM.T_GEND_DETALLE_INICIATIVA (ID_DETALLE_INICIATIVA,ID_INICIATIVA,ID_REMITENTE,ID_DESTINO,DESC_INICIATIVA,ID_ETAPA,ID_ESTADO,OBSERVACIONES,FECHA_DERIVACION,FECHA_RECEPCION) values ('1048','451','221',null,'GUARDAR AVANCE','1','0',null,to_date('27/02/20','DD/MM/RR'),null);
Insert into MRVMM.T_GEND_DETALLE_INICIATIVA (ID_DETALLE_INICIATIVA,ID_INICIATIVA,ID_REMITENTE,ID_DESTINO,DESC_INICIATIVA,ID_ETAPA,ID_ESTADO,OBSERVACIONES,FECHA_DERIVACION,FECHA_RECEPCION) values ('1049','451','221','81','REGISTRO DE INICIATIVA','1','1',null,to_date('27/02/20','DD/MM/RR'),null);
Insert into MRVMM.T_GEND_DETALLE_INICIATIVA (ID_DETALLE_INICIATIVA,ID_INICIATIVA,ID_REMITENTE,ID_DESTINO,DESC_INICIATIVA,ID_ETAPA,ID_ESTADO,OBSERVACIONES,FECHA_DERIVACION,FECHA_RECEPCION) values ('1050','452','182','81','REGISTRO INICIATIVA','1','1',null,to_date('27/02/20','DD/MM/RR'),null);
Insert into MRVMM.T_GEND_DETALLE_INICIATIVA (ID_DETALLE_INICIATIVA,ID_INICIATIVA,ID_REMITENTE,ID_DESTINO,DESC_INICIATIVA,ID_ETAPA,ID_ESTADO,OBSERVACIONES,FECHA_DERIVACION,FECHA_RECEPCION) values ('1051','452','81',null,null,'1','2',null,to_date('27/02/20','DD/MM/RR'),null);
Insert into MRVMM.T_GEND_DETALLE_INICIATIVA (ID_DETALLE_INICIATIVA,ID_INICIATIVA,ID_REMITENTE,ID_DESTINO,DESC_INICIATIVA,ID_ETAPA,ID_ESTADO,OBSERVACIONES,FECHA_DERIVACION,FECHA_RECEPCION) values ('1052','452','182','81','REGISTRO DE INICIATIVA','1','1',null,to_date('27/02/20','DD/MM/RR'),null);
Insert into MRVMM.T_GEND_DETALLE_INICIATIVA (ID_DETALLE_INICIATIVA,ID_INICIATIVA,ID_REMITENTE,ID_DESTINO,DESC_INICIATIVA,ID_ETAPA,ID_ESTADO,OBSERVACIONES,FECHA_DERIVACION,FECHA_RECEPCION) values ('1053','452','81',null,null,'1','2',null,to_date('27/02/20','DD/MM/RR'),null);
Insert into MRVMM.T_GEND_DETALLE_INICIATIVA (ID_DETALLE_INICIATIVA,ID_INICIATIVA,ID_REMITENTE,ID_DESTINO,DESC_INICIATIVA,ID_ETAPA,ID_ESTADO,OBSERVACIONES,FECHA_DERIVACION,FECHA_RECEPCION) values ('1054','452','182','81','REGISTRO DE INICIATIVA','1','1',null,to_date('27/02/20','DD/MM/RR'),null);
Insert into MRVMM.T_GEND_DETALLE_INICIATIVA (ID_DETALLE_INICIATIVA,ID_INICIATIVA,ID_REMITENTE,ID_DESTINO,DESC_INICIATIVA,ID_ETAPA,ID_ESTADO,OBSERVACIONES,FECHA_DERIVACION,FECHA_RECEPCION) values ('1056','453','182','81','REGISTRO INICIATIVA','1','1',null,to_date('27/02/20','DD/MM/RR'),null);
Insert into MRVMM.T_GEND_DETALLE_INICIATIVA (ID_DETALLE_INICIATIVA,ID_INICIATIVA,ID_REMITENTE,ID_DESTINO,DESC_INICIATIVA,ID_ETAPA,ID_ESTADO,OBSERVACIONES,FECHA_DERIVACION,FECHA_RECEPCION) values ('1058','423','105','81','REGISTRO DE INICIATIVA','1','1',null,to_date('27/02/20','DD/MM/RR'),null);
Insert into MRVMM.T_GEND_DETALLE_INICIATIVA (ID_DETALLE_INICIATIVA,ID_INICIATIVA,ID_REMITENTE,ID_DESTINO,DESC_INICIATIVA,ID_ETAPA,ID_ESTADO,OBSERVACIONES,FECHA_DERIVACION,FECHA_RECEPCION) values ('1059','452','81',null,null,'4','3',null,to_date('27/02/20','DD/MM/RR'),null);
Insert into MRVMM.T_GEND_DETALLE_INICIATIVA (ID_DETALLE_INICIATIVA,ID_INICIATIVA,ID_REMITENTE,ID_DESTINO,DESC_INICIATIVA,ID_ETAPA,ID_ESTADO,OBSERVACIONES,FECHA_DERIVACION,FECHA_RECEPCION) values ('1060','453','81',null,null,'2','3',null,to_date('27/02/20','DD/MM/RR'),null);
Insert into MRVMM.T_GEND_DETALLE_INICIATIVA (ID_DETALLE_INICIATIVA,ID_INICIATIVA,ID_REMITENTE,ID_DESTINO,DESC_INICIATIVA,ID_ETAPA,ID_ESTADO,OBSERVACIONES,FECHA_DERIVACION,FECHA_RECEPCION) values ('1062','451','104',null,null,'2','3',null,to_date('27/02/20','DD/MM/RR'),null);
Insert into MRVMM.T_GEND_DETALLE_INICIATIVA (ID_DETALLE_INICIATIVA,ID_INICIATIVA,ID_REMITENTE,ID_DESTINO,DESC_INICIATIVA,ID_ETAPA,ID_ESTADO,OBSERVACIONES,FECHA_DERIVACION,FECHA_RECEPCION) values ('1083','461','81',null,null,'2','3',null,to_date('28/02/20','DD/MM/RR'),null);
Insert into MRVMM.T_GEND_DETALLE_INICIATIVA (ID_DETALLE_INICIATIVA,ID_INICIATIVA,ID_REMITENTE,ID_DESTINO,DESC_INICIATIVA,ID_ETAPA,ID_ESTADO,OBSERVACIONES,FECHA_DERIVACION,FECHA_RECEPCION) values ('1084','462','104',null,null,'2','3',null,to_date('28/02/20','DD/MM/RR'),null);
Insert into MRVMM.T_GEND_DETALLE_INICIATIVA (ID_DETALLE_INICIATIVA,ID_INICIATIVA,ID_REMITENTE,ID_DESTINO,DESC_INICIATIVA,ID_ETAPA,ID_ESTADO,OBSERVACIONES,FECHA_DERIVACION,FECHA_RECEPCION) values ('1086','463','81',null,null,'1','2',null,to_date('28/02/20','DD/MM/RR'),null);
Insert into MRVMM.T_GEND_DETALLE_INICIATIVA (ID_DETALLE_INICIATIVA,ID_INICIATIVA,ID_REMITENTE,ID_DESTINO,DESC_INICIATIVA,ID_ETAPA,ID_ESTADO,OBSERVACIONES,FECHA_DERIVACION,FECHA_RECEPCION) values ('1089','464','105','81','REGISTRO INICIATIVA','1','1',null,to_date('28/02/20','DD/MM/RR'),null);
Insert into MRVMM.T_GEND_DETALLE_INICIATIVA (ID_DETALLE_INICIATIVA,ID_INICIATIVA,ID_REMITENTE,ID_DESTINO,DESC_INICIATIVA,ID_ETAPA,ID_ESTADO,OBSERVACIONES,FECHA_DERIVACION,FECHA_RECEPCION) values ('1090','464','81',null,null,'2','3',null,to_date('28/02/20','DD/MM/RR'),null);
Insert into MRVMM.T_GEND_DETALLE_INICIATIVA (ID_DETALLE_INICIATIVA,ID_INICIATIVA,ID_REMITENTE,ID_DESTINO,DESC_INICIATIVA,ID_ETAPA,ID_ESTADO,OBSERVACIONES,FECHA_DERIVACION,FECHA_RECEPCION) values ('1091','463','0',null,'REGISTRAR DETALLE INDICADOR','3','1',null,to_date('28/02/20','DD/MM/RR'),null);
Insert into MRVMM.T_GEND_DETALLE_INICIATIVA (ID_DETALLE_INICIATIVA,ID_INICIATIVA,ID_REMITENTE,ID_DESTINO,DESC_INICIATIVA,ID_ETAPA,ID_ESTADO,OBSERVACIONES,FECHA_DERIVACION,FECHA_RECEPCION) values ('1097','462','105',null,'REGISTRAR DETALLE INDICADOR','3','1',null,to_date('28/02/20','DD/MM/RR'),null);
Insert into MRVMM.T_GEND_DETALLE_INICIATIVA (ID_DETALLE_INICIATIVA,ID_INICIATIVA,ID_REMITENTE,ID_DESTINO,DESC_INICIATIVA,ID_ETAPA,ID_ESTADO,OBSERVACIONES,FECHA_DERIVACION,FECHA_RECEPCION) values ('1098','0','105',null,'GUARDAR AVANCE DETALLE','3','0',null,to_date('28/02/20','DD/MM/RR'),null);
Insert into MRVMM.T_GEND_DETALLE_INICIATIVA (ID_DETALLE_INICIATIVA,ID_INICIATIVA,ID_REMITENTE,ID_DESTINO,DESC_INICIATIVA,ID_ETAPA,ID_ESTADO,OBSERVACIONES,FECHA_DERIVACION,FECHA_RECEPCION) values ('1099','429','105',null,'REGISTRAR DETALLE INDICADOR','3','1',null,to_date('28/02/20','DD/MM/RR'),null);
Insert into MRVMM.T_GEND_DETALLE_INICIATIVA (ID_DETALLE_INICIATIVA,ID_INICIATIVA,ID_REMITENTE,ID_DESTINO,DESC_INICIATIVA,ID_ETAPA,ID_ESTADO,OBSERVACIONES,FECHA_DERIVACION,FECHA_RECEPCION) values ('1100','464','105',null,'REGISTRAR DETALLE INDICADOR','3','1',null,to_date('28/02/20','DD/MM/RR'),null);
Insert into MRVMM.T_GEND_DETALLE_INICIATIVA (ID_DETALLE_INICIATIVA,ID_INICIATIVA,ID_REMITENTE,ID_DESTINO,DESC_INICIATIVA,ID_ETAPA,ID_ESTADO,OBSERVACIONES,FECHA_DERIVACION,FECHA_RECEPCION) values ('1104','451','104',null,null,'4','3',null,to_date('28/02/20','DD/MM/RR'),null);
Insert into MRVMM.T_GEND_DETALLE_INICIATIVA (ID_DETALLE_INICIATIVA,ID_INICIATIVA,ID_REMITENTE,ID_DESTINO,DESC_INICIATIVA,ID_ETAPA,ID_ESTADO,OBSERVACIONES,FECHA_DERIVACION,FECHA_RECEPCION) values ('1143','343','105',null,'GUARDAR AVANCE DETALLE','3','0',null,to_date('03/03/20','DD/MM/RR'),null);
Insert into MRVMM.T_GEND_DETALLE_INICIATIVA (ID_DETALLE_INICIATIVA,ID_INICIATIVA,ID_REMITENTE,ID_DESTINO,DESC_INICIATIVA,ID_ETAPA,ID_ESTADO,OBSERVACIONES,FECHA_DERIVACION,FECHA_RECEPCION) values ('1145','368','81',null,null,'3','2',null,to_date('03/03/20','DD/MM/RR'),null);
Insert into MRVMM.T_GEND_DETALLE_INICIATIVA (ID_DETALLE_INICIATIVA,ID_INICIATIVA,ID_REMITENTE,ID_DESTINO,DESC_INICIATIVA,ID_ETAPA,ID_ESTADO,OBSERVACIONES,FECHA_DERIVACION,FECHA_RECEPCION) values ('1146','462','122',null,null,'6','3',null,to_date('04/03/20','DD/MM/RR'),null);
Insert into MRVMM.T_GEND_DETALLE_INICIATIVA (ID_DETALLE_INICIATIVA,ID_INICIATIVA,ID_REMITENTE,ID_DESTINO,DESC_INICIATIVA,ID_ETAPA,ID_ESTADO,OBSERVACIONES,FECHA_DERIVACION,FECHA_RECEPCION) values ('1148','483','102','81','REGISTRO INICIATIVA','1','1',null,to_date('04/03/20','DD/MM/RR'),null);
Insert into MRVMM.T_GEND_DETALLE_INICIATIVA (ID_DETALLE_INICIATIVA,ID_INICIATIVA,ID_REMITENTE,ID_DESTINO,DESC_INICIATIVA,ID_ETAPA,ID_ESTADO,OBSERVACIONES,FECHA_DERIVACION,FECHA_RECEPCION) values ('1152','483','102','81','REGISTRO DE INICIATIVA','1','1',null,to_date('04/03/20','DD/MM/RR'),null);
Insert into MRVMM.T_GEND_DETALLE_INICIATIVA (ID_DETALLE_INICIATIVA,ID_INICIATIVA,ID_REMITENTE,ID_DESTINO,DESC_INICIATIVA,ID_ETAPA,ID_ESTADO,OBSERVACIONES,FECHA_DERIVACION,FECHA_RECEPCION) values ('1176','482','81',null,null,'4','3',null,to_date('05/03/20','DD/MM/RR'),null);
Insert into MRVMM.T_GEND_DETALLE_INICIATIVA (ID_DETALLE_INICIATIVA,ID_INICIATIVA,ID_REMITENTE,ID_DESTINO,DESC_INICIATIVA,ID_ETAPA,ID_ESTADO,OBSERVACIONES,FECHA_DERIVACION,FECHA_RECEPCION) values ('1180','374','81',null,null,'3','2',null,to_date('05/03/20','DD/MM/RR'),null);
Insert into MRVMM.T_GEND_DETALLE_INICIATIVA (ID_DETALLE_INICIATIVA,ID_INICIATIVA,ID_REMITENTE,ID_DESTINO,DESC_INICIATIVA,ID_ETAPA,ID_ESTADO,OBSERVACIONES,FECHA_DERIVACION,FECHA_RECEPCION) values ('791','342','105','81','REGISTRO INICIATIVA','1','1',null,to_date('13/02/20','DD/MM/RR'),null);
Insert into MRVMM.T_GEND_DETALLE_INICIATIVA (ID_DETALLE_INICIATIVA,ID_INICIATIVA,ID_REMITENTE,ID_DESTINO,DESC_INICIATIVA,ID_ETAPA,ID_ESTADO,OBSERVACIONES,FECHA_DERIVACION,FECHA_RECEPCION) values ('1182','454','81',null,null,'2','3',null,to_date('06/03/20','DD/MM/RR'),null);
Insert into MRVMM.T_GEND_DETALLE_INICIATIVA (ID_DETALLE_INICIATIVA,ID_INICIATIVA,ID_REMITENTE,ID_DESTINO,DESC_INICIATIVA,ID_ETAPA,ID_ESTADO,OBSERVACIONES,FECHA_DERIVACION,FECHA_RECEPCION) values ('1188','387','122',null,null,'6','3',null,to_date('07/03/20','DD/MM/RR'),null);
Insert into MRVMM.T_GEND_DETALLE_INICIATIVA (ID_DETALLE_INICIATIVA,ID_INICIATIVA,ID_REMITENTE,ID_DESTINO,DESC_INICIATIVA,ID_ETAPA,ID_ESTADO,OBSERVACIONES,FECHA_DERIVACION,FECHA_RECEPCION) values ('1195','372','105',null,'REGISTRAR DETALLE INDICADOR','3','1',null,to_date('09/03/20','DD/MM/RR'),null);
Insert into MRVMM.T_GEND_DETALLE_INICIATIVA (ID_DETALLE_INICIATIVA,ID_INICIATIVA,ID_REMITENTE,ID_DESTINO,DESC_INICIATIVA,ID_ETAPA,ID_ESTADO,OBSERVACIONES,FECHA_DERIVACION,FECHA_RECEPCION) values ('1198','482','123',null,null,'7','3',null,to_date('10/03/20','DD/MM/RR'),null);
Insert into MRVMM.T_GEND_DETALLE_INICIATIVA (ID_DETALLE_INICIATIVA,ID_INICIATIVA,ID_REMITENTE,ID_DESTINO,DESC_INICIATIVA,ID_ETAPA,ID_ESTADO,OBSERVACIONES,FECHA_DERIVACION,FECHA_RECEPCION) values ('1201','387','123',null,null,'7','3',null,to_date('10/03/20','DD/MM/RR'),null);
Insert into MRVMM.T_GEND_DETALLE_INICIATIVA (ID_DETALLE_INICIATIVA,ID_INICIATIVA,ID_REMITENTE,ID_DESTINO,DESC_INICIATIVA,ID_ETAPA,ID_ESTADO,OBSERVACIONES,FECHA_DERIVACION,FECHA_RECEPCION) values ('1203','376','123',null,null,'7','3',null,to_date('10/03/20','DD/MM/RR'),null);
Insert into MRVMM.T_GEND_DETALLE_INICIATIVA (ID_DETALLE_INICIATIVA,ID_INICIATIVA,ID_REMITENTE,ID_DESTINO,DESC_INICIATIVA,ID_ETAPA,ID_ESTADO,OBSERVACIONES,FECHA_DERIVACION,FECHA_RECEPCION) values ('1204','502','105','81','REGISTRO INICIATIVA','1','1',null,to_date('10/03/20','DD/MM/RR'),null);
Insert into MRVMM.T_GEND_DETALLE_INICIATIVA (ID_DETALLE_INICIATIVA,ID_INICIATIVA,ID_REMITENTE,ID_DESTINO,DESC_INICIATIVA,ID_ETAPA,ID_ESTADO,OBSERVACIONES,FECHA_DERIVACION,FECHA_RECEPCION) values ('1306','423','105',null,'REGISTRAR DETALLE INDICADOR','3','1',null,to_date('12/03/20','DD/MM/RR'),null);
Insert into MRVMM.T_GEND_DETALLE_INICIATIVA (ID_DETALLE_INICIATIVA,ID_INICIATIVA,ID_REMITENTE,ID_DESTINO,DESC_INICIATIVA,ID_ETAPA,ID_ESTADO,OBSERVACIONES,FECHA_DERIVACION,FECHA_RECEPCION) values ('1307','423','81',null,null,'3','2',null,to_date('12/03/20','DD/MM/RR'),null);
Insert into MRVMM.T_GEND_DETALLE_INICIATIVA (ID_DETALLE_INICIATIVA,ID_INICIATIVA,ID_REMITENTE,ID_DESTINO,DESC_INICIATIVA,ID_ETAPA,ID_ESTADO,OBSERVACIONES,FECHA_DERIVACION,FECHA_RECEPCION) values ('1309','423','81',null,null,'4','3',null,to_date('12/03/20','DD/MM/RR'),null);
Insert into MRVMM.T_GEND_DETALLE_INICIATIVA (ID_DETALLE_INICIATIVA,ID_INICIATIVA,ID_REMITENTE,ID_DESTINO,DESC_INICIATIVA,ID_ETAPA,ID_ESTADO,OBSERVACIONES,FECHA_DERIVACION,FECHA_RECEPCION) values ('1322','453','122',null,null,'6','3','Promoción de vehículos eléctricos - PVE|Flota 3004 autos carbono|0|Juan Soto|d1ca6c682ee51afcaf0b55a67ab52067bd43efb2d61aa54821729426b593017a',to_date('13/03/20','DD/MM/RR'),null);
Insert into MRVMM.T_GEND_DETALLE_INICIATIVA (ID_DETALLE_INICIATIVA,ID_INICIATIVA,ID_REMITENTE,ID_DESTINO,DESC_INICIATIVA,ID_ETAPA,ID_ESTADO,OBSERVACIONES,FECHA_DERIVACION,FECHA_RECEPCION) values ('1323','438','122',null,null,'6','3','Promoción de vehículos eléctricos - PVE|Buses de 12M|206.35|Juan Soto|f55618995a3515294ac4a4e188d66a7fe61896df091d71351aa2e173ada4c311',to_date('13/03/20','DD/MM/RR'),null);
Insert into MRVMM.T_GEND_DETALLE_INICIATIVA (ID_DETALLE_INICIATIVA,ID_INICIATIVA,ID_REMITENTE,ID_DESTINO,DESC_INICIATIVA,ID_ETAPA,ID_ESTADO,OBSERVACIONES,FECHA_DERIVACION,FECHA_RECEPCION) values ('1324','450','123',null,null,'7','3','Promoción de vehículos eléctricos - PVE|Nueva flota de vehículos eléctricos |0|Pedro Renteros|605ffdd1fac0a2195c8ec46c9d609cd5cbc31d8a0581b7038167924b6f78b56e',to_date('13/03/20','DD/MM/RR'),null);
Insert into MRVMM.T_GEND_DETALLE_INICIATIVA (ID_DETALLE_INICIATIVA,ID_INICIATIVA,ID_REMITENTE,ID_DESTINO,DESC_INICIATIVA,ID_ETAPA,ID_ESTADO,OBSERVACIONES,FECHA_DERIVACION,FECHA_RECEPCION) values ('1328','542','22',null,null,'9','3','Promoción de vehículos eléctricos - PVE|01/01/2019 - 31/12/2019|3',to_date('13/03/20','DD/MM/RR'),null);
Insert into MRVMM.T_GEND_DETALLE_INICIATIVA (ID_DETALLE_INICIATIVA,ID_INICIATIVA,ID_REMITENTE,ID_DESTINO,DESC_INICIATIVA,ID_ETAPA,ID_ESTADO,OBSERVACIONES,FECHA_DERIVACION,FECHA_RECEPCION) values ('1329','541','22',null,null,'9','3','Promoción de vehículos eléctricos - PVE|01/01/2019 - 31/12/2019|3',to_date('13/03/20','DD/MM/RR'),null);
Insert into MRVMM.T_GEND_DETALLE_INICIATIVA (ID_DETALLE_INICIATIVA,ID_INICIATIVA,ID_REMITENTE,ID_DESTINO,DESC_INICIATIVA,ID_ETAPA,ID_ESTADO,OBSERVACIONES,FECHA_DERIVACION,FECHA_RECEPCION) values ('1330','423','22',null,null,'9','3','Promoción de vehículos eléctricos - PVE|01/01/2019 - 31/12/2019|3',to_date('13/03/20','DD/MM/RR'),null);
Insert into MRVMM.T_GEND_DETALLE_INICIATIVA (ID_DETALLE_INICIATIVA,ID_INICIATIVA,ID_REMITENTE,ID_DESTINO,DESC_INICIATIVA,ID_ETAPA,ID_ESTADO,OBSERVACIONES,FECHA_DERIVACION,FECHA_RECEPCION) values ('1331','392','22',null,null,'5','3','CO2 - CH4 - N2O|ELECTRICIDAD|1.59',to_date('13/03/20','DD/MM/RR'),null);
Insert into MRVMM.T_GEND_DETALLE_INICIATIVA (ID_DETALLE_INICIATIVA,ID_INICIATIVA,ID_REMITENTE,ID_DESTINO,DESC_INICIATIVA,ID_ETAPA,ID_ESTADO,OBSERVACIONES,FECHA_DERIVACION,FECHA_RECEPCION) values ('1332','503','22',null,null,'9','3','Promoción de vehículos eléctricos - PVE|01/01/2018 - 31/12/2018|1',to_date('13/03/20','DD/MM/RR'),null);
Insert into MRVMM.T_GEND_DETALLE_INICIATIVA (ID_DETALLE_INICIATIVA,ID_INICIATIVA,ID_REMITENTE,ID_DESTINO,DESC_INICIATIVA,ID_ETAPA,ID_ESTADO,OBSERVACIONES,FECHA_DERIVACION,FECHA_RECEPCION) values ('1333','392','22',null,null,'10','3','1',to_date('13/03/20','DD/MM/RR'),null);
Insert into MRVMM.T_GEND_DETALLE_INICIATIVA (ID_DETALLE_INICIATIVA,ID_INICIATIVA,ID_REMITENTE,ID_DESTINO,DESC_INICIATIVA,ID_ETAPA,ID_ESTADO,OBSERVACIONES,FECHA_DERIVACION,FECHA_RECEPCION) values ('1334','343','22',null,null,'5','3','CH4|ENERGIA SOLAR|7.87',to_date('13/03/20','DD/MM/RR'),null);
Insert into MRVMM.T_GEND_DETALLE_INICIATIVA (ID_DETALLE_INICIATIVA,ID_INICIATIVA,ID_REMITENTE,ID_DESTINO,DESC_INICIATIVA,ID_ETAPA,ID_ESTADO,OBSERVACIONES,FECHA_DERIVACION,FECHA_RECEPCION) values ('1335','343','123',null,null,'10','3','1',to_date('13/03/20','DD/MM/RR'),null);
Insert into MRVMM.T_GEND_DETALLE_INICIATIVA (ID_DETALLE_INICIATIVA,ID_INICIATIVA,ID_REMITENTE,ID_DESTINO,DESC_INICIATIVA,ID_ETAPA,ID_ESTADO,OBSERVACIONES,FECHA_DERIVACION,FECHA_RECEPCION) values ('1341','503','122',null,null,'6','3','Promoción de vehículos eléctricos - PVE|todo autois|.78|Juan Soto|7d4762586dba06d7556051cd1c4f63bbe2e26a18d97f3cf6bf41ca8cf47d932a',to_date('13/03/20','DD/MM/RR'),null);
Insert into MRVMM.T_GEND_DETALLE_INICIATIVA (ID_DETALLE_INICIATIVA,ID_INICIATIVA,ID_REMITENTE,ID_DESTINO,DESC_INICIATIVA,ID_ETAPA,ID_ESTADO,OBSERVACIONES,FECHA_DERIVACION,FECHA_RECEPCION) values ('1361','421','123',null,null,'7','3','Eficiencia Energética en el sector industrial - EESI|Cambio de Motores DIVEMOTOR|0|Pedro Renteros|24638b0f330f50bac9c211dab3eab253aeaa50d3b4fdf302cc457f8af04a0471',to_date('14/03/20','DD/MM/RR'),null);
Insert into MRVMM.T_GEND_DETALLE_INICIATIVA (ID_DETALLE_INICIATIVA,ID_INICIATIVA,ID_REMITENTE,ID_DESTINO,DESC_INICIATIVA,ID_ETAPA,ID_ESTADO,OBSERVACIONES,FECHA_DERIVACION,FECHA_RECEPCION) values ('1362','543','81',null,null,'2','3','|',to_date('14/03/20','DD/MM/RR'),null);
Insert into MRVMM.T_GEND_DETALLE_INICIATIVA (ID_DETALLE_INICIATIVA,ID_INICIATIVA,ID_REMITENTE,ID_DESTINO,DESC_INICIATIVA,ID_ETAPA,ID_ESTADO,OBSERVACIONES,FECHA_DERIVACION,FECHA_RECEPCION) values ('1363','561','182','81','REGISTRO INICIATIVA','1','1','nombre de la iniciativa|Promoción de vehículos eléctricos - PVE|01/01/2018|SOLES|12222222',to_date('14/03/20','DD/MM/RR'),null);
Insert into MRVMM.T_GEND_DETALLE_INICIATIVA (ID_DETALLE_INICIATIVA,ID_INICIATIVA,ID_REMITENTE,ID_DESTINO,DESC_INICIATIVA,ID_ETAPA,ID_ESTADO,OBSERVACIONES,FECHA_DERIVACION,FECHA_RECEPCION) values ('1378','562','104',null,null,'4','3','||4891,84',to_date('14/03/20','DD/MM/RR'),null);
Insert into MRVMM.T_GEND_DETALLE_INICIATIVA (ID_DETALLE_INICIATIVA,ID_INICIATIVA,ID_REMITENTE,ID_DESTINO,DESC_INICIATIVA,ID_ETAPA,ID_ESTADO,OBSERVACIONES,FECHA_DERIVACION,FECHA_RECEPCION) values ('1379','562','22',null,null,'4','2','no especilsita',to_date('14/03/20','DD/MM/RR'),null);
Insert into MRVMM.T_GEND_DETALLE_INICIATIVA (ID_DETALLE_INICIATIVA,ID_INICIATIVA,ID_REMITENTE,ID_DESTINO,DESC_INICIATIVA,ID_ETAPA,ID_ESTADO,OBSERVACIONES,FECHA_DERIVACION,FECHA_RECEPCION) values ('1380','562','104',null,null,'4','3','||4891,84',to_date('14/03/20','DD/MM/RR'),null);
Insert into MRVMM.T_GEND_DETALLE_INICIATIVA (ID_DETALLE_INICIATIVA,ID_INICIATIVA,ID_REMITENTE,ID_DESTINO,DESC_INICIATIVA,ID_ETAPA,ID_ESTADO,OBSERVACIONES,FECHA_DERIVACION,FECHA_RECEPCION) values ('1381','562','22',null,null,'5','3','||4891,84',to_date('14/03/20','DD/MM/RR'),null);
Insert into MRVMM.T_GEND_DETALLE_INICIATIVA (ID_DETALLE_INICIATIVA,ID_INICIATIVA,ID_REMITENTE,ID_DESTINO,DESC_INICIATIVA,ID_ETAPA,ID_ESTADO,OBSERVACIONES,FECHA_DERIVACION,FECHA_RECEPCION) values ('1383','563','105',null,'GUARDAR AVANCE','1','0','Cocina a electricidad 10|Cocción limpia - CL',to_date('14/03/20','DD/MM/RR'),null);
Insert into MRVMM.T_GEND_DETALLE_INICIATIVA (ID_DETALLE_INICIATIVA,ID_INICIATIVA,ID_REMITENTE,ID_DESTINO,DESC_INICIATIVA,ID_ETAPA,ID_ESTADO,OBSERVACIONES,FECHA_DERIVACION,FECHA_RECEPCION) values ('1384','563','105','81','REGISTRO DE INICIATIVA','1','1','Cocina a electricidad 10|Cocción limpia - CL|10/11/2019|DOLARES|120000',to_date('14/03/20','DD/MM/RR'),null);
Insert into MRVMM.T_GEND_DETALLE_INICIATIVA (ID_DETALLE_INICIATIVA,ID_INICIATIVA,ID_REMITENTE,ID_DESTINO,DESC_INICIATIVA,ID_ETAPA,ID_ESTADO,OBSERVACIONES,FECHA_DERIVACION,FECHA_RECEPCION) values ('1385','563','81',null,null,'2','3','CO2 - CH4|COMBUSTIBLES SOLIDOS - ENERGIA SOLAR',to_date('14/03/20','DD/MM/RR'),null);
Insert into MRVMM.T_GEND_DETALLE_INICIATIVA (ID_DETALLE_INICIATIVA,ID_INICIATIVA,ID_REMITENTE,ID_DESTINO,DESC_INICIATIVA,ID_ETAPA,ID_ESTADO,OBSERVACIONES,FECHA_DERIVACION,FECHA_RECEPCION) values ('1386','563','105',null,'GUARDAR AVANCE DETALLE','3','0','Cocción limpia - CL|COCCION LIMPIA (LEÑA)|0|1086.6',to_date('14/03/20','DD/MM/RR'),null);
Insert into MRVMM.T_GEND_DETALLE_INICIATIVA (ID_DETALLE_INICIATIVA,ID_INICIATIVA,ID_REMITENTE,ID_DESTINO,DESC_INICIATIVA,ID_ETAPA,ID_ESTADO,OBSERVACIONES,FECHA_DERIVACION,FECHA_RECEPCION) values ('1387','563','105',null,'GUARDAR AVANCE DETALLE','3','0','Cocción limpia - CL|COCCION LIMPIA (VALES FISE GLP)|0|.56',to_date('14/03/20','DD/MM/RR'),null);
Insert into MRVMM.T_GEND_DETALLE_INICIATIVA (ID_DETALLE_INICIATIVA,ID_INICIATIVA,ID_REMITENTE,ID_DESTINO,DESC_INICIATIVA,ID_ETAPA,ID_ESTADO,OBSERVACIONES,FECHA_DERIVACION,FECHA_RECEPCION) values ('1388','564','105','81','REGISTRO INICIATIVA','1','1','Auditoria de Minem|Auditorías energéticas en el sector público - AESP|21/03/2019|DOLARES|1200',to_date('14/03/20','DD/MM/RR'),null);
Insert into MRVMM.T_GEND_DETALLE_INICIATIVA (ID_DETALLE_INICIATIVA,ID_INICIATIVA,ID_REMITENTE,ID_DESTINO,DESC_INICIATIVA,ID_ETAPA,ID_ESTADO,OBSERVACIONES,FECHA_DERIVACION,FECHA_RECEPCION) values ('1389','563','105',null,'GUARDAR AVANCE DETALLE','3','0','Cocción limpia - CL|COCCION LIMPIA (LEÑA)|0|807.51',to_date('14/03/20','DD/MM/RR'),null);
REM INSERTING into MRVMM.T_GEND_ENFOQUE_FACTOR
SET DEFINE OFF;
Insert into MRVMM.T_GEND_ENFOQUE_FACTOR (ID_ENFOQUE_FACTOR,ID_ENFOQUE,ID_FACTOR,FLAG_ESTADO,ORDEN) values ('1','1','1','1',null);
Insert into MRVMM.T_GEND_ENFOQUE_FACTOR (ID_ENFOQUE_FACTOR,ID_ENFOQUE,ID_FACTOR,FLAG_ESTADO,ORDEN) values ('2','2','2','1',null);
Insert into MRVMM.T_GEND_ENFOQUE_FACTOR (ID_ENFOQUE_FACTOR,ID_ENFOQUE,ID_FACTOR,FLAG_ESTADO,ORDEN) values ('3','2','3','1',null);
REM INSERTING into MRVMM.T_GEND_ENFOQUE_VARIABLE
SET DEFINE OFF;
Insert into MRVMM.T_GEND_ENFOQUE_VARIABLE (ID_ENFOQUE_VARIABLE,ID_ENFOQUE,ID_VARIABLE,FLAG_ESTADO,ORDEN) values ('1','1','1','1','3');
Insert into MRVMM.T_GEND_ENFOQUE_VARIABLE (ID_ENFOQUE_VARIABLE,ID_ENFOQUE,ID_VARIABLE,FLAG_ESTADO,ORDEN) values ('2','1','2','1','4');
Insert into MRVMM.T_GEND_ENFOQUE_VARIABLE (ID_ENFOQUE_VARIABLE,ID_ENFOQUE,ID_VARIABLE,FLAG_ESTADO,ORDEN) values ('3','2','3','1','3');
REM INSERTING into MRVMM.T_GEND_ENFOQUE_VARIANTE
SET DEFINE OFF;
Insert into MRVMM.T_GEND_ENFOQUE_VARIANTE (ID_ENFOQUE_VARIANTE,ID_ENFOQUE,ID_VARIANTE,FLAG_ESTADO,ORDEN) values ('1','1','1','1','1');
Insert into MRVMM.T_GEND_ENFOQUE_VARIANTE (ID_ENFOQUE_VARIANTE,ID_ENFOQUE,ID_VARIANTE,FLAG_ESTADO,ORDEN) values ('2','1','2','1','2');
Insert into MRVMM.T_GEND_ENFOQUE_VARIANTE (ID_ENFOQUE_VARIANTE,ID_ENFOQUE,ID_VARIANTE,FLAG_ESTADO,ORDEN) values ('3','1','3','1','5');
Insert into MRVMM.T_GEND_ENFOQUE_VARIANTE (ID_ENFOQUE_VARIANTE,ID_ENFOQUE,ID_VARIANTE,FLAG_ESTADO,ORDEN) values ('4','2','1','1','1');
Insert into MRVMM.T_GEND_ENFOQUE_VARIANTE (ID_ENFOQUE_VARIANTE,ID_ENFOQUE,ID_VARIANTE,FLAG_ESTADO,ORDEN) values ('5','2','2','1','2');
Insert into MRVMM.T_GEND_ENFOQUE_VARIANTE (ID_ENFOQUE_VARIANTE,ID_ENFOQUE,ID_VARIANTE,FLAG_ESTADO,ORDEN) values ('6','2','3','1','5');
REM INSERTING into MRVMM.T_GEND_FACTOR_VALOR
SET DEFINE OFF;
REM INSERTING into MRVMM.T_GEND_INDICADOR
SET DEFINE OFF;
Insert into MRVMM.T_GEND_INDICADOR (ID_INDICADOR,ID_INICIATIVA,ID_MEDMIT,ANNO_BASE,ID_TIPO_VEHICULO_BASE,ID_TIPO_COMBUSTIBLE_BASE,KRV_BASE,CANT_BASE,TOTAL_GEI_BASE,ANNO_INIMIT,ID_TIPO_VEHICULO_INIMIT,ID_TIPO_FUENTE_INIMIT,KRV_INIMIT,CANT_INIMIT,TOTAL_GEI_INIMIT,TOTAL_GEI_REDUCIDO,ID_ADJUNTO,FLG_ESTADO,FECHA_REGISTRO,ID_ETAPA,F_RENDIMIENTO,ADJUNTO,ADJUNTO_BASE,FECHA_INICIO,CONSUMO_ELECTRICIDAD,CONSUMO_COMBUSTIBLE,KRV_COMBUSTIBLE,ID_ENFOQUE,PLACA) values ('361','341',null,'2019','1','3','34184','1','6,11','2019','1','1','34184','1','1,44','4,66',null,'1',null,null,'0,25',null,null,to_date('20/07/19','DD/MM/RR'),'0','0','0','1','BCD-623');
Insert into MRVMM.T_GEND_INDICADOR (ID_INDICADOR,ID_INICIATIVA,ID_MEDMIT,ANNO_BASE,ID_TIPO_VEHICULO_BASE,ID_TIPO_COMBUSTIBLE_BASE,KRV_BASE,CANT_BASE,TOTAL_GEI_BASE,ANNO_INIMIT,ID_TIPO_VEHICULO_INIMIT,ID_TIPO_FUENTE_INIMIT,KRV_INIMIT,CANT_INIMIT,TOTAL_GEI_INIMIT,TOTAL_GEI_REDUCIDO,ID_ADJUNTO,FLG_ESTADO,FECHA_REGISTRO,ID_ETAPA,F_RENDIMIENTO,ADJUNTO,ADJUNTO_BASE,FECHA_INICIO,CONSUMO_ELECTRICIDAD,CONSUMO_COMBUSTIBLE,KRV_COMBUSTIBLE,ID_ENFOQUE,PLACA) values ('362','342',null,'2018','1','2','24000','1','4,19','2018','1','1','24000','1','121,96','-117,77',null,'1',null,null,'30',null,null,to_date('21/07/18','DD/MM/RR'),'0','0','0','1','RTY-098');
Insert into MRVMM.T_GEND_INDICADOR (ID_INDICADOR,ID_INICIATIVA,ID_MEDMIT,ANNO_BASE,ID_TIPO_VEHICULO_BASE,ID_TIPO_COMBUSTIBLE_BASE,KRV_BASE,CANT_BASE,TOTAL_GEI_BASE,ANNO_INIMIT,ID_TIPO_VEHICULO_INIMIT,ID_TIPO_FUENTE_INIMIT,KRV_INIMIT,CANT_INIMIT,TOTAL_GEI_INIMIT,TOTAL_GEI_REDUCIDO,ID_ADJUNTO,FLG_ESTADO,FECHA_REGISTRO,ID_ETAPA,F_RENDIMIENTO,ADJUNTO,ADJUNTO_BASE,FECHA_INICIO,CONSUMO_ELECTRICIDAD,CONSUMO_COMBUSTIBLE,KRV_COMBUSTIBLE,ID_ENFOQUE,PLACA) values ('381','343',null,'2018','1','1','130000','1','24,35','2018','1','1','130000','1','3,52','20,83',null,'1',null,null,'0,16',null,null,to_date('21/03/18','DD/MM/RR'),'0','0','0','1','RTG-067');
REM INSERTING into MRVMM.T_GEND_INDICADOR_ENFOQUE
SET DEFINE OFF;
Insert into MRVMM.T_GEND_INDICADOR_ENFOQUE (ID_INDICADOR_ENFOQUE,ID_INDICADOR,ID_ENFOQUE,FLAG_ESTADO) values ('1','1','1','1');
Insert into MRVMM.T_GEND_INDICADOR_ENFOQUE (ID_INDICADOR_ENFOQUE,ID_INDICADOR,ID_ENFOQUE,FLAG_ESTADO) values ('2','1','2','0');
REM INSERTING into MRVMM.T_GEND_INICIATIVA_ARCHIVO
SET DEFINE OFF;
REM INSERTING into MRVMM.T_GEND_INICIATIVA_COMP
SET DEFINE OFF;
REM INSERTING into MRVMM.T_GEND_INICIATIVA_ENERG
SET DEFINE OFF;
Insert into MRVMM.T_GEND_INICIATIVA_ENERG (ID_INICIATIVA_ENERG,ID_INICIATIVA,ID_ENERG,FLAG_ESTADO) values ('342','362','4','1');
Insert into MRVMM.T_GEND_INICIATIVA_ENERG (ID_INICIATIVA_ENERG,ID_INICIATIVA,ID_ENERG,FLAG_ESTADO) values ('343','363','4','1');
Insert into MRVMM.T_GEND_INICIATIVA_ENERG (ID_INICIATIVA_ENERG,ID_INICIATIVA,ID_ENERG,FLAG_ESTADO) values ('344','364','4','1');
Insert into MRVMM.T_GEND_INICIATIVA_ENERG (ID_INICIATIVA_ENERG,ID_INICIATIVA,ID_ENERG,FLAG_ESTADO) values ('345','365','4','1');
Insert into MRVMM.T_GEND_INICIATIVA_ENERG (ID_INICIATIVA_ENERG,ID_INICIATIVA,ID_ENERG,FLAG_ESTADO) values ('346','366','4','1');
Insert into MRVMM.T_GEND_INICIATIVA_ENERG (ID_INICIATIVA_ENERG,ID_INICIATIVA,ID_ENERG,FLAG_ESTADO) values ('347','367','4','1');
Insert into MRVMM.T_GEND_INICIATIVA_ENERG (ID_INICIATIVA_ENERG,ID_INICIATIVA,ID_ENERG,FLAG_ESTADO) values ('348','368','4','1');
Insert into MRVMM.T_GEND_INICIATIVA_ENERG (ID_INICIATIVA_ENERG,ID_INICIATIVA,ID_ENERG,FLAG_ESTADO) values ('321','341','2','1');
Insert into MRVMM.T_GEND_INICIATIVA_ENERG (ID_INICIATIVA_ENERG,ID_INICIATIVA,ID_ENERG,FLAG_ESTADO) values ('341','361','3','1');
Insert into MRVMM.T_GEND_INICIATIVA_ENERG (ID_INICIATIVA_ENERG,ID_INICIATIVA,ID_ENERG,FLAG_ESTADO) values ('349','369','4','1');
Insert into MRVMM.T_GEND_INICIATIVA_ENERG (ID_INICIATIVA_ENERG,ID_INICIATIVA,ID_ENERG,FLAG_ESTADO) values ('350','370','4','1');
Insert into MRVMM.T_GEND_INICIATIVA_ENERG (ID_INICIATIVA_ENERG,ID_INICIATIVA,ID_ENERG,FLAG_ESTADO) values ('351','371','3','1');
Insert into MRVMM.T_GEND_INICIATIVA_ENERG (ID_INICIATIVA_ENERG,ID_INICIATIVA,ID_ENERG,FLAG_ESTADO) values ('352','371','4','1');
Insert into MRVMM.T_GEND_INICIATIVA_ENERG (ID_INICIATIVA_ENERG,ID_INICIATIVA,ID_ENERG,FLAG_ESTADO) values ('398','430','2','1');
Insert into MRVMM.T_GEND_INICIATIVA_ENERG (ID_INICIATIVA_ENERG,ID_INICIATIVA,ID_ENERG,FLAG_ESTADO) values ('464','504','4','1');
Insert into MRVMM.T_GEND_INICIATIVA_ENERG (ID_INICIATIVA_ENERG,ID_INICIATIVA,ID_ENERG,FLAG_ESTADO) values ('530','569','3','1');
Insert into MRVMM.T_GEND_INICIATIVA_ENERG (ID_INICIATIVA_ENERG,ID_INICIATIVA,ID_ENERG,FLAG_ESTADO) values ('531','569','4','1');
Insert into MRVMM.T_GEND_INICIATIVA_ENERG (ID_INICIATIVA_ENERG,ID_INICIATIVA,ID_ENERG,FLAG_ESTADO) values ('545','586','3','1');
Insert into MRVMM.T_GEND_INICIATIVA_ENERG (ID_INICIATIVA_ENERG,ID_INICIATIVA,ID_ENERG,FLAG_ESTADO) values ('546','587','4','1');
Insert into MRVMM.T_GEND_INICIATIVA_ENERG (ID_INICIATIVA_ENERG,ID_INICIATIVA,ID_ENERG,FLAG_ESTADO) values ('365','382','3','1');
Insert into MRVMM.T_GEND_INICIATIVA_ENERG (ID_INICIATIVA_ENERG,ID_INICIATIVA,ID_ENERG,FLAG_ESTADO) values ('370','388','3','1');
Insert into MRVMM.T_GEND_INICIATIVA_ENERG (ID_INICIATIVA_ENERG,ID_INICIATIVA,ID_ENERG,FLAG_ESTADO) values ('381','421','2','1');
Insert into MRVMM.T_GEND_INICIATIVA_ENERG (ID_INICIATIVA_ENERG,ID_INICIATIVA,ID_ENERG,FLAG_ESTADO) values ('400','432','3','1');
Insert into MRVMM.T_GEND_INICIATIVA_ENERG (ID_INICIATIVA_ENERG,ID_INICIATIVA,ID_ENERG,FLAG_ESTADO) values ('407','437','3','1');
Insert into MRVMM.T_GEND_INICIATIVA_ENERG (ID_INICIATIVA_ENERG,ID_INICIATIVA,ID_ENERG,FLAG_ESTADO) values ('408','438','4','1');
Insert into MRVMM.T_GEND_INICIATIVA_ENERG (ID_INICIATIVA_ENERG,ID_INICIATIVA,ID_ENERG,FLAG_ESTADO) values ('420','445','1','1');
Insert into MRVMM.T_GEND_INICIATIVA_ENERG (ID_INICIATIVA_ENERG,ID_INICIATIVA,ID_ENERG,FLAG_ESTADO) values ('424','448','3','1');
Insert into MRVMM.T_GEND_INICIATIVA_ENERG (ID_INICIATIVA_ENERG,ID_INICIATIVA,ID_ENERG,FLAG_ESTADO) values ('425','448','4','1');
Insert into MRVMM.T_GEND_INICIATIVA_ENERG (ID_INICIATIVA_ENERG,ID_INICIATIVA,ID_ENERG,FLAG_ESTADO) values ('426','449','3','1');
Insert into MRVMM.T_GEND_INICIATIVA_ENERG (ID_INICIATIVA_ENERG,ID_INICIATIVA,ID_ENERG,FLAG_ESTADO) values ('427','449','4','1');
Insert into MRVMM.T_GEND_INICIATIVA_ENERG (ID_INICIATIVA_ENERG,ID_INICIATIVA,ID_ENERG,FLAG_ESTADO) values ('323','343','4','1');
Insert into MRVMM.T_GEND_INICIATIVA_ENERG (ID_INICIATIVA_ENERG,ID_INICIATIVA,ID_ENERG,FLAG_ESTADO) values ('324','344','4','1');
Insert into MRVMM.T_GEND_INICIATIVA_ENERG (ID_INICIATIVA_ENERG,ID_INICIATIVA,ID_ENERG,FLAG_ESTADO) values ('432','453','3','1');
Insert into MRVMM.T_GEND_INICIATIVA_ENERG (ID_INICIATIVA_ENERG,ID_INICIATIVA,ID_ENERG,FLAG_ESTADO) values ('461','485','4','1');
Insert into MRVMM.T_GEND_INICIATIVA_ENERG (ID_INICIATIVA_ENERG,ID_INICIATIVA,ID_ENERG,FLAG_ESTADO) values ('528','568','3','1');
Insert into MRVMM.T_GEND_INICIATIVA_ENERG (ID_INICIATIVA_ENERG,ID_INICIATIVA,ID_ENERG,FLAG_ESTADO) values ('529','568','4','1');
Insert into MRVMM.T_GEND_INICIATIVA_ENERG (ID_INICIATIVA_ENERG,ID_INICIATIVA,ID_ENERG,FLAG_ESTADO) values ('422','446','4','1');
Insert into MRVMM.T_GEND_INICIATIVA_ENERG (ID_INICIATIVA_ENERG,ID_INICIATIVA,ID_ENERG,FLAG_ESTADO) values ('482','521','4','1');
Insert into MRVMM.T_GEND_INICIATIVA_ENERG (ID_INICIATIVA_ENERG,ID_INICIATIVA,ID_ENERG,FLAG_ESTADO) values ('483','521','5','1');
Insert into MRVMM.T_GEND_INICIATIVA_ENERG (ID_INICIATIVA_ENERG,ID_INICIATIVA,ID_ENERG,FLAG_ESTADO) values ('484','521','6','1');
Insert into MRVMM.T_GEND_INICIATIVA_ENERG (ID_INICIATIVA_ENERG,ID_INICIATIVA,ID_ENERG,FLAG_ESTADO) values ('503','438','3','1');
Insert into MRVMM.T_GEND_INICIATIVA_ENERG (ID_INICIATIVA_ENERG,ID_INICIATIVA,ID_ENERG,FLAG_ESTADO) values ('504','503','3','1');
Insert into MRVMM.T_GEND_INICIATIVA_ENERG (ID_INICIATIVA_ENERG,ID_INICIATIVA,ID_ENERG,FLAG_ESTADO) values ('505','503','4','1');
Insert into MRVMM.T_GEND_INICIATIVA_ENERG (ID_INICIATIVA_ENERG,ID_INICIATIVA,ID_ENERG,FLAG_ESTADO) values ('395','427','2','1');
Insert into MRVMM.T_GEND_INICIATIVA_ENERG (ID_INICIATIVA_ENERG,ID_INICIATIVA,ID_ENERG,FLAG_ESTADO) values ('421','446','3','1');
Insert into MRVMM.T_GEND_INICIATIVA_ENERG (ID_INICIATIVA_ENERG,ID_INICIATIVA,ID_ENERG,FLAG_ESTADO) values ('506','423','5','1');
Insert into MRVMM.T_GEND_INICIATIVA_ENERG (ID_INICIATIVA_ENERG,ID_INICIATIVA,ID_ENERG,FLAG_ESTADO) values ('507','390','4','1');
Insert into MRVMM.T_GEND_INICIATIVA_ENERG (ID_INICIATIVA_ENERG,ID_INICIATIVA,ID_ENERG,FLAG_ESTADO) values ('508','542','3','1');
Insert into MRVMM.T_GEND_INICIATIVA_ENERG (ID_INICIATIVA_ENERG,ID_INICIATIVA,ID_ENERG,FLAG_ESTADO) values ('509','542','4','1');
Insert into MRVMM.T_GEND_INICIATIVA_ENERG (ID_INICIATIVA_ENERG,ID_INICIATIVA,ID_ENERG,FLAG_ESTADO) values ('510','541','4','1');
Insert into MRVMM.T_GEND_INICIATIVA_ENERG (ID_INICIATIVA_ENERG,ID_INICIATIVA,ID_ENERG,FLAG_ESTADO) values ('511','541','6','1');
Insert into MRVMM.T_GEND_INICIATIVA_ENERG (ID_INICIATIVA_ENERG,ID_INICIATIVA,ID_ENERG,FLAG_ESTADO) values ('354','372','4','1');
Insert into MRVMM.T_GEND_INICIATIVA_ENERG (ID_INICIATIVA_ENERG,ID_INICIATIVA,ID_ENERG,FLAG_ESTADO) values ('355','373','2','1');
Insert into MRVMM.T_GEND_INICIATIVA_ENERG (ID_INICIATIVA_ENERG,ID_INICIATIVA,ID_ENERG,FLAG_ESTADO) values ('356','374','2','1');
Insert into MRVMM.T_GEND_INICIATIVA_ENERG (ID_INICIATIVA_ENERG,ID_INICIATIVA,ID_ENERG,FLAG_ESTADO) values ('357','375','3','1');
Insert into MRVMM.T_GEND_INICIATIVA_ENERG (ID_INICIATIVA_ENERG,ID_INICIATIVA,ID_ENERG,FLAG_ESTADO) values ('358','375','4','1');
Insert into MRVMM.T_GEND_INICIATIVA_ENERG (ID_INICIATIVA_ENERG,ID_INICIATIVA,ID_ENERG,FLAG_ESTADO) values ('360','379','3','1');
Insert into MRVMM.T_GEND_INICIATIVA_ENERG (ID_INICIATIVA_ENERG,ID_INICIATIVA,ID_ENERG,FLAG_ESTADO) values ('361','379','4','1');
Insert into MRVMM.T_GEND_INICIATIVA_ENERG (ID_INICIATIVA_ENERG,ID_INICIATIVA,ID_ENERG,FLAG_ESTADO) values ('362','380','3','1');
Insert into MRVMM.T_GEND_INICIATIVA_ENERG (ID_INICIATIVA_ENERG,ID_INICIATIVA,ID_ENERG,FLAG_ESTADO) values ('363','380','4','1');
Insert into MRVMM.T_GEND_INICIATIVA_ENERG (ID_INICIATIVA_ENERG,ID_INICIATIVA,ID_ENERG,FLAG_ESTADO) values ('364','381','3','1');
Insert into MRVMM.T_GEND_INICIATIVA_ENERG (ID_INICIATIVA_ENERG,ID_INICIATIVA,ID_ENERG,FLAG_ESTADO) values ('366','383','2','1');
Insert into MRVMM.T_GEND_INICIATIVA_ENERG (ID_INICIATIVA_ENERG,ID_INICIATIVA,ID_ENERG,FLAG_ESTADO) values ('367','386','3','1');
Insert into MRVMM.T_GEND_INICIATIVA_ENERG (ID_INICIATIVA_ENERG,ID_INICIATIVA,ID_ENERG,FLAG_ESTADO) values ('368','387','3','1');
Insert into MRVMM.T_GEND_INICIATIVA_ENERG (ID_INICIATIVA_ENERG,ID_INICIATIVA,ID_ENERG,FLAG_ESTADO) values ('369','387','4','1');
Insert into MRVMM.T_GEND_INICIATIVA_ENERG (ID_INICIATIVA_ENERG,ID_INICIATIVA,ID_ENERG,FLAG_ESTADO) values ('371','389','3','1');
Insert into MRVMM.T_GEND_INICIATIVA_ENERG (ID_INICIATIVA_ENERG,ID_INICIATIVA,ID_ENERG,FLAG_ESTADO) values ('372','389','4','1');
Insert into MRVMM.T_GEND_INICIATIVA_ENERG (ID_INICIATIVA_ENERG,ID_INICIATIVA,ID_ENERG,FLAG_ESTADO) values ('373','390','3','1');
Insert into MRVMM.T_GEND_INICIATIVA_ENERG (ID_INICIATIVA_ENERG,ID_INICIATIVA,ID_ENERG,FLAG_ESTADO) values ('374','391','3','1');
Insert into MRVMM.T_GEND_INICIATIVA_ENERG (ID_INICIATIVA_ENERG,ID_INICIATIVA,ID_ENERG,FLAG_ESTADO) values ('375','391','4','1');
Insert into MRVMM.T_GEND_INICIATIVA_ENERG (ID_INICIATIVA_ENERG,ID_INICIATIVA,ID_ENERG,FLAG_ESTADO) values ('378','394','2','1');
Insert into MRVMM.T_GEND_INICIATIVA_ENERG (ID_INICIATIVA_ENERG,ID_INICIATIVA,ID_ENERG,FLAG_ESTADO) values ('380','401','2','1');
Insert into MRVMM.T_GEND_INICIATIVA_ENERG (ID_INICIATIVA_ENERG,ID_INICIATIVA,ID_ENERG,FLAG_ESTADO) values ('382','422','3','1');
Insert into MRVMM.T_GEND_INICIATIVA_ENERG (ID_INICIATIVA_ENERG,ID_INICIATIVA,ID_ENERG,FLAG_ESTADO) values ('383','422','4','1');
Insert into MRVMM.T_GEND_INICIATIVA_ENERG (ID_INICIATIVA_ENERG,ID_INICIATIVA,ID_ENERG,FLAG_ESTADO) values ('388','425','2','1');
Insert into MRVMM.T_GEND_INICIATIVA_ENERG (ID_INICIATIVA_ENERG,ID_INICIATIVA,ID_ENERG,FLAG_ESTADO) values ('389','426','3','1');
Insert into MRVMM.T_GEND_INICIATIVA_ENERG (ID_INICIATIVA_ENERG,ID_INICIATIVA,ID_ENERG,FLAG_ESTADO) values ('390','426','4','1');
Insert into MRVMM.T_GEND_INICIATIVA_ENERG (ID_INICIATIVA_ENERG,ID_INICIATIVA,ID_ENERG,FLAG_ESTADO) values ('391','426','5','1');
Insert into MRVMM.T_GEND_INICIATIVA_ENERG (ID_INICIATIVA_ENERG,ID_INICIATIVA,ID_ENERG,FLAG_ESTADO) values ('392','426','6','1');
Insert into MRVMM.T_GEND_INICIATIVA_ENERG (ID_INICIATIVA_ENERG,ID_INICIATIVA,ID_ENERG,FLAG_ESTADO) values ('393','426','1','1');
Insert into MRVMM.T_GEND_INICIATIVA_ENERG (ID_INICIATIVA_ENERG,ID_INICIATIVA,ID_ENERG,FLAG_ESTADO) values ('394','426','2','1');
Insert into MRVMM.T_GEND_INICIATIVA_ENERG (ID_INICIATIVA_ENERG,ID_INICIATIVA,ID_ENERG,FLAG_ESTADO) values ('396','428','2','1');
Insert into MRVMM.T_GEND_INICIATIVA_ENERG (ID_INICIATIVA_ENERG,ID_INICIATIVA,ID_ENERG,FLAG_ESTADO) values ('399','431','3','1');
Insert into MRVMM.T_GEND_INICIATIVA_ENERG (ID_INICIATIVA_ENERG,ID_INICIATIVA,ID_ENERG,FLAG_ESTADO) values ('401','432','5','1');
Insert into MRVMM.T_GEND_INICIATIVA_ENERG (ID_INICIATIVA_ENERG,ID_INICIATIVA,ID_ENERG,FLAG_ESTADO) values ('402','433','3','1');
Insert into MRVMM.T_GEND_INICIATIVA_ENERG (ID_INICIATIVA_ENERG,ID_INICIATIVA,ID_ENERG,FLAG_ESTADO) values ('403','434','3','1');
Insert into MRVMM.T_GEND_INICIATIVA_ENERG (ID_INICIATIVA_ENERG,ID_INICIATIVA,ID_ENERG,FLAG_ESTADO) values ('404','434','4','1');
Insert into MRVMM.T_GEND_INICIATIVA_ENERG (ID_INICIATIVA_ENERG,ID_INICIATIVA,ID_ENERG,FLAG_ESTADO) values ('406','436','3','1');
Insert into MRVMM.T_GEND_INICIATIVA_ENERG (ID_INICIATIVA_ENERG,ID_INICIATIVA,ID_ENERG,FLAG_ESTADO) values ('409','439','3','1');
Insert into MRVMM.T_GEND_INICIATIVA_ENERG (ID_INICIATIVA_ENERG,ID_INICIATIVA,ID_ENERG,FLAG_ESTADO) values ('410','440','3','1');
Insert into MRVMM.T_GEND_INICIATIVA_ENERG (ID_INICIATIVA_ENERG,ID_INICIATIVA,ID_ENERG,FLAG_ESTADO) values ('411','441','4','1');
Insert into MRVMM.T_GEND_INICIATIVA_ENERG (ID_INICIATIVA_ENERG,ID_INICIATIVA,ID_ENERG,FLAG_ESTADO) values ('412','442','3','1');
Insert into MRVMM.T_GEND_INICIATIVA_ENERG (ID_INICIATIVA_ENERG,ID_INICIATIVA,ID_ENERG,FLAG_ESTADO) values ('423','447','3','1');
Insert into MRVMM.T_GEND_INICIATIVA_ENERG (ID_INICIATIVA_ENERG,ID_INICIATIVA,ID_ENERG,FLAG_ESTADO) values ('428','450','3','1');
Insert into MRVMM.T_GEND_INICIATIVA_ENERG (ID_INICIATIVA_ENERG,ID_INICIATIVA,ID_ENERG,FLAG_ESTADO) values ('429','450','4','1');
Insert into MRVMM.T_GEND_INICIATIVA_ENERG (ID_INICIATIVA_ENERG,ID_INICIATIVA,ID_ENERG,FLAG_ESTADO) values ('353','372','3','1');
Insert into MRVMM.T_GEND_INICIATIVA_ENERG (ID_INICIATIVA_ENERG,ID_INICIATIVA,ID_ENERG,FLAG_ESTADO) values ('481','521','3','1');
Insert into MRVMM.T_GEND_INICIATIVA_ENERG (ID_INICIATIVA_ENERG,ID_INICIATIVA,ID_ENERG,FLAG_ESTADO) values ('521','543','3','1');
Insert into MRVMM.T_GEND_INICIATIVA_ENERG (ID_INICIATIVA_ENERG,ID_INICIATIVA,ID_ENERG,FLAG_ESTADO) values ('523','562','3','1');
Insert into MRVMM.T_GEND_INICIATIVA_ENERG (ID_INICIATIVA_ENERG,ID_INICIATIVA,ID_ENERG,FLAG_ESTADO) values ('526','564','3','1');
Insert into MRVMM.T_GEND_INICIATIVA_ENERG (ID_INICIATIVA_ENERG,ID_INICIATIVA,ID_ENERG,FLAG_ESTADO) values ('376','392','2','1');
Insert into MRVMM.T_GEND_INICIATIVA_ENERG (ID_INICIATIVA_ENERG,ID_INICIATIVA,ID_ENERG,FLAG_ESTADO) values ('377','393','2','1');
Insert into MRVMM.T_GEND_INICIATIVA_ENERG (ID_INICIATIVA_ENERG,ID_INICIATIVA,ID_ENERG,FLAG_ESTADO) values ('379','395','2','1');
Insert into MRVMM.T_GEND_INICIATIVA_ENERG (ID_INICIATIVA_ENERG,ID_INICIATIVA,ID_ENERG,FLAG_ESTADO) values ('384','423','3','1');
Insert into MRVMM.T_GEND_INICIATIVA_ENERG (ID_INICIATIVA_ENERG,ID_INICIATIVA,ID_ENERG,FLAG_ESTADO) values ('385','423','4','1');
Insert into MRVMM.T_GEND_INICIATIVA_ENERG (ID_INICIATIVA_ENERG,ID_INICIATIVA,ID_ENERG,FLAG_ESTADO) values ('386','424','3','1');
Insert into MRVMM.T_GEND_INICIATIVA_ENERG (ID_INICIATIVA_ENERG,ID_INICIATIVA,ID_ENERG,FLAG_ESTADO) values ('387','424','4','1');
Insert into MRVMM.T_GEND_INICIATIVA_ENERG (ID_INICIATIVA_ENERG,ID_INICIATIVA,ID_ENERG,FLAG_ESTADO) values ('397','429','3','1');
Insert into MRVMM.T_GEND_INICIATIVA_ENERG (ID_INICIATIVA_ENERG,ID_INICIATIVA,ID_ENERG,FLAG_ESTADO) values ('405','435','3','1');
Insert into MRVMM.T_GEND_INICIATIVA_ENERG (ID_INICIATIVA_ENERG,ID_INICIATIVA,ID_ENERG,FLAG_ESTADO) values ('413','443','4','1');
Insert into MRVMM.T_GEND_INICIATIVA_ENERG (ID_INICIATIVA_ENERG,ID_INICIATIVA,ID_ENERG,FLAG_ESTADO) values ('414','444','3','1');
Insert into MRVMM.T_GEND_INICIATIVA_ENERG (ID_INICIATIVA_ENERG,ID_INICIATIVA,ID_ENERG,FLAG_ESTADO) values ('415','444','4','1');
Insert into MRVMM.T_GEND_INICIATIVA_ENERG (ID_INICIATIVA_ENERG,ID_INICIATIVA,ID_ENERG,FLAG_ESTADO) values ('416','444','5','1');
Insert into MRVMM.T_GEND_INICIATIVA_ENERG (ID_INICIATIVA_ENERG,ID_INICIATIVA,ID_ENERG,FLAG_ESTADO) values ('322','342','4','1');
Insert into MRVMM.T_GEND_INICIATIVA_ENERG (ID_INICIATIVA_ENERG,ID_INICIATIVA,ID_ENERG,FLAG_ESTADO) values ('359','376','4','1');
Insert into MRVMM.T_GEND_INICIATIVA_ENERG (ID_INICIATIVA_ENERG,ID_INICIATIVA,ID_ENERG,FLAG_ESTADO) values ('417','444','6','1');
Insert into MRVMM.T_GEND_INICIATIVA_ENERG (ID_INICIATIVA_ENERG,ID_INICIATIVA,ID_ENERG,FLAG_ESTADO) values ('418','444','1','1');
Insert into MRVMM.T_GEND_INICIATIVA_ENERG (ID_INICIATIVA_ENERG,ID_INICIATIVA,ID_ENERG,FLAG_ESTADO) values ('419','444','2','1');
Insert into MRVMM.T_GEND_INICIATIVA_ENERG (ID_INICIATIVA_ENERG,ID_INICIATIVA,ID_ENERG,FLAG_ESTADO) values ('430','451','3','1');
Insert into MRVMM.T_GEND_INICIATIVA_ENERG (ID_INICIATIVA_ENERG,ID_INICIATIVA,ID_ENERG,FLAG_ESTADO) values ('431','452','3','1');
Insert into MRVMM.T_GEND_INICIATIVA_ENERG (ID_INICIATIVA_ENERG,ID_INICIATIVA,ID_ENERG,FLAG_ESTADO) values ('433','453','4','1');
Insert into MRVMM.T_GEND_INICIATIVA_ENERG (ID_INICIATIVA_ENERG,ID_INICIATIVA,ID_ENERG,FLAG_ESTADO) values ('441','454','3','1');
Insert into MRVMM.T_GEND_INICIATIVA_ENERG (ID_INICIATIVA_ENERG,ID_INICIATIVA,ID_ENERG,FLAG_ESTADO) values ('442','454','4','1');
Insert into MRVMM.T_GEND_INICIATIVA_ENERG (ID_INICIATIVA_ENERG,ID_INICIATIVA,ID_ENERG,FLAG_ESTADO) values ('462','502','4','1');
Insert into MRVMM.T_GEND_INICIATIVA_ENERG (ID_INICIATIVA_ENERG,ID_INICIATIVA,ID_ENERG,FLAG_ESTADO) values ('463','504','3','1');
Insert into MRVMM.T_GEND_INICIATIVA_ENERG (ID_INICIATIVA_ENERG,ID_INICIATIVA,ID_ENERG,FLAG_ESTADO) values ('501','465','3','1');
Insert into MRVMM.T_GEND_INICIATIVA_ENERG (ID_INICIATIVA_ENERG,ID_INICIATIVA,ID_ENERG,FLAG_ESTADO) values ('502','465','4','1');
Insert into MRVMM.T_GEND_INICIATIVA_ENERG (ID_INICIATIVA_ENERG,ID_INICIATIVA,ID_ENERG,FLAG_ESTADO) values ('522','543','4','1');
Insert into MRVMM.T_GEND_INICIATIVA_ENERG (ID_INICIATIVA_ENERG,ID_INICIATIVA,ID_ENERG,FLAG_ESTADO) values ('524','563','3','1');
Insert into MRVMM.T_GEND_INICIATIVA_ENERG (ID_INICIATIVA_ENERG,ID_INICIATIVA,ID_ENERG,FLAG_ESTADO) values ('525','563','4','1');
Insert into MRVMM.T_GEND_INICIATIVA_ENERG (ID_INICIATIVA_ENERG,ID_INICIATIVA,ID_ENERG,FLAG_ESTADO) values ('527','565','3','1');
Insert into MRVMM.T_GEND_INICIATIVA_ENERG (ID_INICIATIVA_ENERG,ID_INICIATIVA,ID_ENERG,FLAG_ESTADO) values ('532','570','3','1');
Insert into MRVMM.T_GEND_INICIATIVA_ENERG (ID_INICIATIVA_ENERG,ID_INICIATIVA,ID_ENERG,FLAG_ESTADO) values ('533','570','4','1');
Insert into MRVMM.T_GEND_INICIATIVA_ENERG (ID_INICIATIVA_ENERG,ID_INICIATIVA,ID_ENERG,FLAG_ESTADO) values ('534','567','3','1');
Insert into MRVMM.T_GEND_INICIATIVA_ENERG (ID_INICIATIVA_ENERG,ID_INICIATIVA,ID_ENERG,FLAG_ESTADO) values ('541','581','3','1');
Insert into MRVMM.T_GEND_INICIATIVA_ENERG (ID_INICIATIVA_ENERG,ID_INICIATIVA,ID_ENERG,FLAG_ESTADO) values ('542','583','3','1');
Insert into MRVMM.T_GEND_INICIATIVA_ENERG (ID_INICIATIVA_ENERG,ID_INICIATIVA,ID_ENERG,FLAG_ESTADO) values ('543','584','3','1');
Insert into MRVMM.T_GEND_INICIATIVA_ENERG (ID_INICIATIVA_ENERG,ID_INICIATIVA,ID_ENERG,FLAG_ESTADO) values ('544','585','3','1');
Insert into MRVMM.T_GEND_INICIATIVA_ENERG (ID_INICIATIVA_ENERG,ID_INICIATIVA,ID_ENERG,FLAG_ESTADO) values ('547','588','3','1');
REM INSERTING into MRVMM.T_GEND_INICIATIVA_GEI
SET DEFINE OFF;
Insert into MRVMM.T_GEND_INICIATIVA_GEI (ID_INICIATIVA_GEI,ID_INICIATIVA,ID_GEI,FLAG_ESTADO) values ('403','341','3','1');
Insert into MRVMM.T_GEND_INICIATIVA_GEI (ID_INICIATIVA_GEI,ID_INICIATIVA,ID_GEI,FLAG_ESTADO) values ('421','361','2','1');
Insert into MRVMM.T_GEND_INICIATIVA_GEI (ID_INICIATIVA_GEI,ID_INICIATIVA,ID_GEI,FLAG_ESTADO) values ('422','362','2','1');
Insert into MRVMM.T_GEND_INICIATIVA_GEI (ID_INICIATIVA_GEI,ID_INICIATIVA,ID_GEI,FLAG_ESTADO) values ('423','363','2','1');
Insert into MRVMM.T_GEND_INICIATIVA_GEI (ID_INICIATIVA_GEI,ID_INICIATIVA,ID_GEI,FLAG_ESTADO) values ('424','364','2','1');
Insert into MRVMM.T_GEND_INICIATIVA_GEI (ID_INICIATIVA_GEI,ID_INICIATIVA,ID_GEI,FLAG_ESTADO) values ('425','365','2','1');
Insert into MRVMM.T_GEND_INICIATIVA_GEI (ID_INICIATIVA_GEI,ID_INICIATIVA,ID_GEI,FLAG_ESTADO) values ('426','366','2','1');
Insert into MRVMM.T_GEND_INICIATIVA_GEI (ID_INICIATIVA_GEI,ID_INICIATIVA,ID_GEI,FLAG_ESTADO) values ('427','367','1','1');
Insert into MRVMM.T_GEND_INICIATIVA_GEI (ID_INICIATIVA_GEI,ID_INICIATIVA,ID_GEI,FLAG_ESTADO) values ('401','341','1','1');
Insert into MRVMM.T_GEND_INICIATIVA_GEI (ID_INICIATIVA_GEI,ID_INICIATIVA,ID_GEI,FLAG_ESTADO) values ('402','341','2','1');
Insert into MRVMM.T_GEND_INICIATIVA_GEI (ID_INICIATIVA_GEI,ID_INICIATIVA,ID_GEI,FLAG_ESTADO) values ('428','368','2','1');
Insert into MRVMM.T_GEND_INICIATIVA_GEI (ID_INICIATIVA_GEI,ID_INICIATIVA,ID_GEI,FLAG_ESTADO) values ('429','369','2','1');
Insert into MRVMM.T_GEND_INICIATIVA_GEI (ID_INICIATIVA_GEI,ID_INICIATIVA,ID_GEI,FLAG_ESTADO) values ('430','370','2','1');
Insert into MRVMM.T_GEND_INICIATIVA_GEI (ID_INICIATIVA_GEI,ID_INICIATIVA,ID_GEI,FLAG_ESTADO) values ('431','371','2','1');
Insert into MRVMM.T_GEND_INICIATIVA_GEI (ID_INICIATIVA_GEI,ID_INICIATIVA,ID_GEI,FLAG_ESTADO) values ('455','386','1','1');
Insert into MRVMM.T_GEND_INICIATIVA_GEI (ID_INICIATIVA_GEI,ID_INICIATIVA,ID_GEI,FLAG_ESTADO) values ('561','485','2','1');
Insert into MRVMM.T_GEND_INICIATIVA_GEI (ID_INICIATIVA_GEI,ID_INICIATIVA,ID_GEI,FLAG_ESTADO) values ('562','502','2','1');
Insert into MRVMM.T_GEND_INICIATIVA_GEI (ID_INICIATIVA_GEI,ID_INICIATIVA,ID_GEI,FLAG_ESTADO) values ('563','504','1','1');
Insert into MRVMM.T_GEND_INICIATIVA_GEI (ID_INICIATIVA_GEI,ID_INICIATIVA,ID_GEI,FLAG_ESTADO) values ('564','504','2','1');
Insert into MRVMM.T_GEND_INICIATIVA_GEI (ID_INICIATIVA_GEI,ID_INICIATIVA,ID_GEI,FLAG_ESTADO) values ('630','569','1','1');
Insert into MRVMM.T_GEND_INICIATIVA_GEI (ID_INICIATIVA_GEI,ID_INICIATIVA,ID_GEI,FLAG_ESTADO) values ('631','569','2','1');
Insert into MRVMM.T_GEND_INICIATIVA_GEI (ID_INICIATIVA_GEI,ID_INICIATIVA,ID_GEI,FLAG_ESTADO) values ('646','586','1','1');
Insert into MRVMM.T_GEND_INICIATIVA_GEI (ID_INICIATIVA_GEI,ID_INICIATIVA,ID_GEI,FLAG_ESTADO) values ('450','382','1','1');
Insert into MRVMM.T_GEND_INICIATIVA_GEI (ID_INICIATIVA_GEI,ID_INICIATIVA,ID_GEI,FLAG_ESTADO) values ('458','388','1','1');
Insert into MRVMM.T_GEND_INICIATIVA_GEI (ID_INICIATIVA_GEI,ID_INICIATIVA,ID_GEI,FLAG_ESTADO) values ('504','431','1','1');
Insert into MRVMM.T_GEND_INICIATIVA_GEI (ID_INICIATIVA_GEI,ID_INICIATIVA,ID_GEI,FLAG_ESTADO) values ('511','437','2','1');
Insert into MRVMM.T_GEND_INICIATIVA_GEI (ID_INICIATIVA_GEI,ID_INICIATIVA,ID_GEI,FLAG_ESTADO) values ('512','438','1','1');
Insert into MRVMM.T_GEND_INICIATIVA_GEI (ID_INICIATIVA_GEI,ID_INICIATIVA,ID_GEI,FLAG_ESTADO) values ('522','445','1','1');
Insert into MRVMM.T_GEND_INICIATIVA_GEI (ID_INICIATIVA_GEI,ID_INICIATIVA,ID_GEI,FLAG_ESTADO) values ('628','568','1','1');
Insert into MRVMM.T_GEND_INICIATIVA_GEI (ID_INICIATIVA_GEI,ID_INICIATIVA,ID_GEI,FLAG_ESTADO) values ('629','568','2','1');
Insert into MRVMM.T_GEND_INICIATIVA_GEI (ID_INICIATIVA_GEI,ID_INICIATIVA,ID_GEI,FLAG_ESTADO) values ('405','343','2','1');
Insert into MRVMM.T_GEND_INICIATIVA_GEI (ID_INICIATIVA_GEI,ID_INICIATIVA,ID_GEI,FLAG_ESTADO) values ('406','344','2','1');
Insert into MRVMM.T_GEND_INICIATIVA_GEI (ID_INICIATIVA_GEI,ID_INICIATIVA,ID_GEI,FLAG_ESTADO) values ('496','427','3','1');
Insert into MRVMM.T_GEND_INICIATIVA_GEI (ID_INICIATIVA_GEI,ID_INICIATIVA,ID_GEI,FLAG_ESTADO) values ('581','521','1','1');
Insert into MRVMM.T_GEND_INICIATIVA_GEI (ID_INICIATIVA_GEI,ID_INICIATIVA,ID_GEI,FLAG_ESTADO) values ('583','521','3','1');
Insert into MRVMM.T_GEND_INICIATIVA_GEI (ID_INICIATIVA_GEI,ID_INICIATIVA,ID_GEI,FLAG_ESTADO) values ('584','450','1','1');
Insert into MRVMM.T_GEND_INICIATIVA_GEI (ID_INICIATIVA_GEI,ID_INICIATIVA,ID_GEI,FLAG_ESTADO) values ('585','450','2','1');
Insert into MRVMM.T_GEND_INICIATIVA_GEI (ID_INICIATIVA_GEI,ID_INICIATIVA,ID_GEI,FLAG_ESTADO) values ('601','465','1','1');
Insert into MRVMM.T_GEND_INICIATIVA_GEI (ID_INICIATIVA_GEI,ID_INICIATIVA,ID_GEI,FLAG_ESTADO) values ('602','453','1','1');
Insert into MRVMM.T_GEND_INICIATIVA_GEI (ID_INICIATIVA_GEI,ID_INICIATIVA,ID_GEI,FLAG_ESTADO) values ('603','503','1','1');
Insert into MRVMM.T_GEND_INICIATIVA_GEI (ID_INICIATIVA_GEI,ID_INICIATIVA,ID_GEI,FLAG_ESTADO) values ('604','423','2','1');
Insert into MRVMM.T_GEND_INICIATIVA_GEI (ID_INICIATIVA_GEI,ID_INICIATIVA,ID_GEI,FLAG_ESTADO) values ('605','389','2','1');
Insert into MRVMM.T_GEND_INICIATIVA_GEI (ID_INICIATIVA_GEI,ID_INICIATIVA,ID_GEI,FLAG_ESTADO) values ('606','542','1','1');
Insert into MRVMM.T_GEND_INICIATIVA_GEI (ID_INICIATIVA_GEI,ID_INICIATIVA,ID_GEI,FLAG_ESTADO) values ('494','427','1','1');
Insert into MRVMM.T_GEND_INICIATIVA_GEI (ID_INICIATIVA_GEI,ID_INICIATIVA,ID_GEI,FLAG_ESTADO) values ('495','427','2','1');
Insert into MRVMM.T_GEND_INICIATIVA_GEI (ID_INICIATIVA_GEI,ID_INICIATIVA,ID_GEI,FLAG_ESTADO) values ('607','542','2','1');
Insert into MRVMM.T_GEND_INICIATIVA_GEI (ID_INICIATIVA_GEI,ID_INICIATIVA,ID_GEI,FLAG_ESTADO) values ('608','541','2','1');
Insert into MRVMM.T_GEND_INICIATIVA_GEI (ID_INICIATIVA_GEI,ID_INICIATIVA,ID_GEI,FLAG_ESTADO) values ('641','581','1','1');
Insert into MRVMM.T_GEND_INICIATIVA_GEI (ID_INICIATIVA_GEI,ID_INICIATIVA,ID_GEI,FLAG_ESTADO) values ('434','373','2','1');
Insert into MRVMM.T_GEND_INICIATIVA_GEI (ID_INICIATIVA_GEI,ID_INICIATIVA,ID_GEI,FLAG_ESTADO) values ('435','373','3','1');
Insert into MRVMM.T_GEND_INICIATIVA_GEI (ID_INICIATIVA_GEI,ID_INICIATIVA,ID_GEI,FLAG_ESTADO) values ('436','374','1','1');
Insert into MRVMM.T_GEND_INICIATIVA_GEI (ID_INICIATIVA_GEI,ID_INICIATIVA,ID_GEI,FLAG_ESTADO) values ('437','374','2','1');
Insert into MRVMM.T_GEND_INICIATIVA_GEI (ID_INICIATIVA_GEI,ID_INICIATIVA,ID_GEI,FLAG_ESTADO) values ('438','374','3','1');
Insert into MRVMM.T_GEND_INICIATIVA_GEI (ID_INICIATIVA_GEI,ID_INICIATIVA,ID_GEI,FLAG_ESTADO) values ('439','375','1','1');
Insert into MRVMM.T_GEND_INICIATIVA_GEI (ID_INICIATIVA_GEI,ID_INICIATIVA,ID_GEI,FLAG_ESTADO) values ('440','375','2','1');
Insert into MRVMM.T_GEND_INICIATIVA_GEI (ID_INICIATIVA_GEI,ID_INICIATIVA,ID_GEI,FLAG_ESTADO) values ('444','379','1','1');
Insert into MRVMM.T_GEND_INICIATIVA_GEI (ID_INICIATIVA_GEI,ID_INICIATIVA,ID_GEI,FLAG_ESTADO) values ('445','379','2','1');
Insert into MRVMM.T_GEND_INICIATIVA_GEI (ID_INICIATIVA_GEI,ID_INICIATIVA,ID_GEI,FLAG_ESTADO) values ('446','380','1','1');
Insert into MRVMM.T_GEND_INICIATIVA_GEI (ID_INICIATIVA_GEI,ID_INICIATIVA,ID_GEI,FLAG_ESTADO) values ('447','380','2','1');
Insert into MRVMM.T_GEND_INICIATIVA_GEI (ID_INICIATIVA_GEI,ID_INICIATIVA,ID_GEI,FLAG_ESTADO) values ('448','381','1','1');
Insert into MRVMM.T_GEND_INICIATIVA_GEI (ID_INICIATIVA_GEI,ID_INICIATIVA,ID_GEI,FLAG_ESTADO) values ('449','381','2','1');
Insert into MRVMM.T_GEND_INICIATIVA_GEI (ID_INICIATIVA_GEI,ID_INICIATIVA,ID_GEI,FLAG_ESTADO) values ('451','383','1','1');
Insert into MRVMM.T_GEND_INICIATIVA_GEI (ID_INICIATIVA_GEI,ID_INICIATIVA,ID_GEI,FLAG_ESTADO) values ('452','383','2','1');
Insert into MRVMM.T_GEND_INICIATIVA_GEI (ID_INICIATIVA_GEI,ID_INICIATIVA,ID_GEI,FLAG_ESTADO) values ('453','383','3','1');
Insert into MRVMM.T_GEND_INICIATIVA_GEI (ID_INICIATIVA_GEI,ID_INICIATIVA,ID_GEI,FLAG_ESTADO) values ('454','386','3','1');
Insert into MRVMM.T_GEND_INICIATIVA_GEI (ID_INICIATIVA_GEI,ID_INICIATIVA,ID_GEI,FLAG_ESTADO) values ('456','387','1','1');
Insert into MRVMM.T_GEND_INICIATIVA_GEI (ID_INICIATIVA_GEI,ID_INICIATIVA,ID_GEI,FLAG_ESTADO) values ('457','387','2','1');
Insert into MRVMM.T_GEND_INICIATIVA_GEI (ID_INICIATIVA_GEI,ID_INICIATIVA,ID_GEI,FLAG_ESTADO) values ('459','389','1','1');
Insert into MRVMM.T_GEND_INICIATIVA_GEI (ID_INICIATIVA_GEI,ID_INICIATIVA,ID_GEI,FLAG_ESTADO) values ('460','390','1','1');
Insert into MRVMM.T_GEND_INICIATIVA_GEI (ID_INICIATIVA_GEI,ID_INICIATIVA,ID_GEI,FLAG_ESTADO) values ('461','390','2','1');
Insert into MRVMM.T_GEND_INICIATIVA_GEI (ID_INICIATIVA_GEI,ID_INICIATIVA,ID_GEI,FLAG_ESTADO) values ('462','391','1','1');
Insert into MRVMM.T_GEND_INICIATIVA_GEI (ID_INICIATIVA_GEI,ID_INICIATIVA,ID_GEI,FLAG_ESTADO) values ('463','391','2','1');
Insert into MRVMM.T_GEND_INICIATIVA_GEI (ID_INICIATIVA_GEI,ID_INICIATIVA,ID_GEI,FLAG_ESTADO) values ('470','394','1','1');
Insert into MRVMM.T_GEND_INICIATIVA_GEI (ID_INICIATIVA_GEI,ID_INICIATIVA,ID_GEI,FLAG_ESTADO) values ('471','394','2','1');
Insert into MRVMM.T_GEND_INICIATIVA_GEI (ID_INICIATIVA_GEI,ID_INICIATIVA,ID_GEI,FLAG_ESTADO) values ('472','394','3','1');
Insert into MRVMM.T_GEND_INICIATIVA_GEI (ID_INICIATIVA_GEI,ID_INICIATIVA,ID_GEI,FLAG_ESTADO) values ('476','401','1','1');
Insert into MRVMM.T_GEND_INICIATIVA_GEI (ID_INICIATIVA_GEI,ID_INICIATIVA,ID_GEI,FLAG_ESTADO) values ('477','401','2','1');
Insert into MRVMM.T_GEND_INICIATIVA_GEI (ID_INICIATIVA_GEI,ID_INICIATIVA,ID_GEI,FLAG_ESTADO) values ('478','401','3','1');
Insert into MRVMM.T_GEND_INICIATIVA_GEI (ID_INICIATIVA_GEI,ID_INICIATIVA,ID_GEI,FLAG_ESTADO) values ('484','422','1','1');
Insert into MRVMM.T_GEND_INICIATIVA_GEI (ID_INICIATIVA_GEI,ID_INICIATIVA,ID_GEI,FLAG_ESTADO) values ('485','422','2','1');
Insert into MRVMM.T_GEND_INICIATIVA_GEI (ID_INICIATIVA_GEI,ID_INICIATIVA,ID_GEI,FLAG_ESTADO) values ('488','425','1','1');
Insert into MRVMM.T_GEND_INICIATIVA_GEI (ID_INICIATIVA_GEI,ID_INICIATIVA,ID_GEI,FLAG_ESTADO) values ('489','425','2','1');
Insert into MRVMM.T_GEND_INICIATIVA_GEI (ID_INICIATIVA_GEI,ID_INICIATIVA,ID_GEI,FLAG_ESTADO) values ('490','425','3','1');
Insert into MRVMM.T_GEND_INICIATIVA_GEI (ID_INICIATIVA_GEI,ID_INICIATIVA,ID_GEI,FLAG_ESTADO) values ('491','426','1','1');
Insert into MRVMM.T_GEND_INICIATIVA_GEI (ID_INICIATIVA_GEI,ID_INICIATIVA,ID_GEI,FLAG_ESTADO) values ('492','426','2','1');
Insert into MRVMM.T_GEND_INICIATIVA_GEI (ID_INICIATIVA_GEI,ID_INICIATIVA,ID_GEI,FLAG_ESTADO) values ('493','426','3','1');
Insert into MRVMM.T_GEND_INICIATIVA_GEI (ID_INICIATIVA_GEI,ID_INICIATIVA,ID_GEI,FLAG_ESTADO) values ('497','428','1','1');
Insert into MRVMM.T_GEND_INICIATIVA_GEI (ID_INICIATIVA_GEI,ID_INICIATIVA,ID_GEI,FLAG_ESTADO) values ('498','428','2','1');
Insert into MRVMM.T_GEND_INICIATIVA_GEI (ID_INICIATIVA_GEI,ID_INICIATIVA,ID_GEI,FLAG_ESTADO) values ('499','428','3','1');
Insert into MRVMM.T_GEND_INICIATIVA_GEI (ID_INICIATIVA_GEI,ID_INICIATIVA,ID_GEI,FLAG_ESTADO) values ('505','432','1','1');
Insert into MRVMM.T_GEND_INICIATIVA_GEI (ID_INICIATIVA_GEI,ID_INICIATIVA,ID_GEI,FLAG_ESTADO) values ('506','433','1','1');
Insert into MRVMM.T_GEND_INICIATIVA_GEI (ID_INICIATIVA_GEI,ID_INICIATIVA,ID_GEI,FLAG_ESTADO) values ('507','434','1','1');
Insert into MRVMM.T_GEND_INICIATIVA_GEI (ID_INICIATIVA_GEI,ID_INICIATIVA,ID_GEI,FLAG_ESTADO) values ('510','436','2','1');
Insert into MRVMM.T_GEND_INICIATIVA_GEI (ID_INICIATIVA_GEI,ID_INICIATIVA,ID_GEI,FLAG_ESTADO) values ('513','439','2','1');
Insert into MRVMM.T_GEND_INICIATIVA_GEI (ID_INICIATIVA_GEI,ID_INICIATIVA,ID_GEI,FLAG_ESTADO) values ('514','440','1','1');
Insert into MRVMM.T_GEND_INICIATIVA_GEI (ID_INICIATIVA_GEI,ID_INICIATIVA,ID_GEI,FLAG_ESTADO) values ('515','441','2','1');
Insert into MRVMM.T_GEND_INICIATIVA_GEI (ID_INICIATIVA_GEI,ID_INICIATIVA,ID_GEI,FLAG_ESTADO) values ('516','442','1','1');
Insert into MRVMM.T_GEND_INICIATIVA_GEI (ID_INICIATIVA_GEI,ID_INICIATIVA,ID_GEI,FLAG_ESTADO) values ('517','442','2','1');
Insert into MRVMM.T_GEND_INICIATIVA_GEI (ID_INICIATIVA_GEI,ID_INICIATIVA,ID_GEI,FLAG_ESTADO) values ('582','521','2','1');
Insert into MRVMM.T_GEND_INICIATIVA_GEI (ID_INICIATIVA_GEI,ID_INICIATIVA,ID_GEI,FLAG_ESTADO) values ('622','543','2','1');
Insert into MRVMM.T_GEND_INICIATIVA_GEI (ID_INICIATIVA_GEI,ID_INICIATIVA,ID_GEI,FLAG_ESTADO) values ('623','562','1','1');
Insert into MRVMM.T_GEND_INICIATIVA_GEI (ID_INICIATIVA_GEI,ID_INICIATIVA,ID_GEI,FLAG_ESTADO) values ('626','564','1','1');
Insert into MRVMM.T_GEND_INICIATIVA_GEI (ID_INICIATIVA_GEI,ID_INICIATIVA,ID_GEI,FLAG_ESTADO) values ('644','584','1','1');
Insert into MRVMM.T_GEND_INICIATIVA_GEI (ID_INICIATIVA_GEI,ID_INICIATIVA,ID_GEI,FLAG_ESTADO) values ('432','372','1','1');
Insert into MRVMM.T_GEND_INICIATIVA_GEI (ID_INICIATIVA_GEI,ID_INICIATIVA,ID_GEI,FLAG_ESTADO) values ('433','373','1','1');
Insert into MRVMM.T_GEND_INICIATIVA_GEI (ID_INICIATIVA_GEI,ID_INICIATIVA,ID_GEI,FLAG_ESTADO) values ('442','376','2','1');
Insert into MRVMM.T_GEND_INICIATIVA_GEI (ID_INICIATIVA_GEI,ID_INICIATIVA,ID_GEI,FLAG_ESTADO) values ('443','376','3','1');
Insert into MRVMM.T_GEND_INICIATIVA_GEI (ID_INICIATIVA_GEI,ID_INICIATIVA,ID_GEI,FLAG_ESTADO) values ('464','392','1','1');
Insert into MRVMM.T_GEND_INICIATIVA_GEI (ID_INICIATIVA_GEI,ID_INICIATIVA,ID_GEI,FLAG_ESTADO) values ('465','392','2','1');
Insert into MRVMM.T_GEND_INICIATIVA_GEI (ID_INICIATIVA_GEI,ID_INICIATIVA,ID_GEI,FLAG_ESTADO) values ('466','392','3','1');
Insert into MRVMM.T_GEND_INICIATIVA_GEI (ID_INICIATIVA_GEI,ID_INICIATIVA,ID_GEI,FLAG_ESTADO) values ('467','393','1','1');
Insert into MRVMM.T_GEND_INICIATIVA_GEI (ID_INICIATIVA_GEI,ID_INICIATIVA,ID_GEI,FLAG_ESTADO) values ('468','393','2','1');
Insert into MRVMM.T_GEND_INICIATIVA_GEI (ID_INICIATIVA_GEI,ID_INICIATIVA,ID_GEI,FLAG_ESTADO) values ('469','393','3','1');
Insert into MRVMM.T_GEND_INICIATIVA_GEI (ID_INICIATIVA_GEI,ID_INICIATIVA,ID_GEI,FLAG_ESTADO) values ('473','395','1','1');
Insert into MRVMM.T_GEND_INICIATIVA_GEI (ID_INICIATIVA_GEI,ID_INICIATIVA,ID_GEI,FLAG_ESTADO) values ('474','395','2','1');
Insert into MRVMM.T_GEND_INICIATIVA_GEI (ID_INICIATIVA_GEI,ID_INICIATIVA,ID_GEI,FLAG_ESTADO) values ('475','395','3','1');
Insert into MRVMM.T_GEND_INICIATIVA_GEI (ID_INICIATIVA_GEI,ID_INICIATIVA,ID_GEI,FLAG_ESTADO) values ('481','421','1','1');
Insert into MRVMM.T_GEND_INICIATIVA_GEI (ID_INICIATIVA_GEI,ID_INICIATIVA,ID_GEI,FLAG_ESTADO) values ('482','421','2','1');
Insert into MRVMM.T_GEND_INICIATIVA_GEI (ID_INICIATIVA_GEI,ID_INICIATIVA,ID_GEI,FLAG_ESTADO) values ('483','421','3','1');
Insert into MRVMM.T_GEND_INICIATIVA_GEI (ID_INICIATIVA_GEI,ID_INICIATIVA,ID_GEI,FLAG_ESTADO) values ('486','423','1','1');
Insert into MRVMM.T_GEND_INICIATIVA_GEI (ID_INICIATIVA_GEI,ID_INICIATIVA,ID_GEI,FLAG_ESTADO) values ('487','424','2','1');
Insert into MRVMM.T_GEND_INICIATIVA_GEI (ID_INICIATIVA_GEI,ID_INICIATIVA,ID_GEI,FLAG_ESTADO) values ('500','429','1','1');
Insert into MRVMM.T_GEND_INICIATIVA_GEI (ID_INICIATIVA_GEI,ID_INICIATIVA,ID_GEI,FLAG_ESTADO) values ('404','342','2','1');
Insert into MRVMM.T_GEND_INICIATIVA_GEI (ID_INICIATIVA_GEI,ID_INICIATIVA,ID_GEI,FLAG_ESTADO) values ('441','376','1','1');
Insert into MRVMM.T_GEND_INICIATIVA_GEI (ID_INICIATIVA_GEI,ID_INICIATIVA,ID_GEI,FLAG_ESTADO) values ('501','430','1','1');
Insert into MRVMM.T_GEND_INICIATIVA_GEI (ID_INICIATIVA_GEI,ID_INICIATIVA,ID_GEI,FLAG_ESTADO) values ('502','430','2','1');
Insert into MRVMM.T_GEND_INICIATIVA_GEI (ID_INICIATIVA_GEI,ID_INICIATIVA,ID_GEI,FLAG_ESTADO) values ('503','430','3','1');
Insert into MRVMM.T_GEND_INICIATIVA_GEI (ID_INICIATIVA_GEI,ID_INICIATIVA,ID_GEI,FLAG_ESTADO) values ('508','435','1','1');
Insert into MRVMM.T_GEND_INICIATIVA_GEI (ID_INICIATIVA_GEI,ID_INICIATIVA,ID_GEI,FLAG_ESTADO) values ('509','435','2','1');
Insert into MRVMM.T_GEND_INICIATIVA_GEI (ID_INICIATIVA_GEI,ID_INICIATIVA,ID_GEI,FLAG_ESTADO) values ('518','443','2','1');
Insert into MRVMM.T_GEND_INICIATIVA_GEI (ID_INICIATIVA_GEI,ID_INICIATIVA,ID_GEI,FLAG_ESTADO) values ('519','444','1','1');
Insert into MRVMM.T_GEND_INICIATIVA_GEI (ID_INICIATIVA_GEI,ID_INICIATIVA,ID_GEI,FLAG_ESTADO) values ('520','444','2','1');
Insert into MRVMM.T_GEND_INICIATIVA_GEI (ID_INICIATIVA_GEI,ID_INICIATIVA,ID_GEI,FLAG_ESTADO) values ('521','444','3','1');
Insert into MRVMM.T_GEND_INICIATIVA_GEI (ID_INICIATIVA_GEI,ID_INICIATIVA,ID_GEI,FLAG_ESTADO) values ('541','454','1','1');
Insert into MRVMM.T_GEND_INICIATIVA_GEI (ID_INICIATIVA_GEI,ID_INICIATIVA,ID_GEI,FLAG_ESTADO) values ('621','543','1','1');
Insert into MRVMM.T_GEND_INICIATIVA_GEI (ID_INICIATIVA_GEI,ID_INICIATIVA,ID_GEI,FLAG_ESTADO) values ('624','563','1','1');
Insert into MRVMM.T_GEND_INICIATIVA_GEI (ID_INICIATIVA_GEI,ID_INICIATIVA,ID_GEI,FLAG_ESTADO) values ('625','563','2','1');
Insert into MRVMM.T_GEND_INICIATIVA_GEI (ID_INICIATIVA_GEI,ID_INICIATIVA,ID_GEI,FLAG_ESTADO) values ('627','565','1','1');
Insert into MRVMM.T_GEND_INICIATIVA_GEI (ID_INICIATIVA_GEI,ID_INICIATIVA,ID_GEI,FLAG_ESTADO) values ('632','570','1','1');
Insert into MRVMM.T_GEND_INICIATIVA_GEI (ID_INICIATIVA_GEI,ID_INICIATIVA,ID_GEI,FLAG_ESTADO) values ('633','567','1','1');
Insert into MRVMM.T_GEND_INICIATIVA_GEI (ID_INICIATIVA_GEI,ID_INICIATIVA,ID_GEI,FLAG_ESTADO) values ('642','581','2','1');
Insert into MRVMM.T_GEND_INICIATIVA_GEI (ID_INICIATIVA_GEI,ID_INICIATIVA,ID_GEI,FLAG_ESTADO) values ('643','583','1','1');
Insert into MRVMM.T_GEND_INICIATIVA_GEI (ID_INICIATIVA_GEI,ID_INICIATIVA,ID_GEI,FLAG_ESTADO) values ('645','585','1','1');
Insert into MRVMM.T_GEND_INICIATIVA_GEI (ID_INICIATIVA_GEI,ID_INICIATIVA,ID_GEI,FLAG_ESTADO) values ('647','587','2','1');
Insert into MRVMM.T_GEND_INICIATIVA_GEI (ID_INICIATIVA_GEI,ID_INICIATIVA,ID_GEI,FLAG_ESTADO) values ('648','588','2','1');
REM INSERTING into MRVMM.T_GEND_INICIATIVA_SUSTENTA
SET DEFINE OFF;
Insert into MRVMM.T_GEND_INICIATIVA_SUSTENTA (ID_INICIATIVA_SUSTENTATORIO,ID_INICIATIVA,ADJUNTO,FLAG_ESTADO,ADJUNTO_BASE) values ('267','444','f0735dc6-2e5f-4c80-b7ec-920b84f37b61.xlsx','1','1.7 Plantilla_Lamparas_de_alumbrado_publico.xlsx');
Insert into MRVMM.T_GEND_INICIATIVA_SUSTENTA (ID_INICIATIVA_SUSTENTATORIO,ID_INICIATIVA,ADJUNTO,FLAG_ESTADO,ADJUNTO_BASE) values ('302','483','38949f3e-d0e6-471e-9665-6eb99f4f7035.xlsx','1','2.1 Plantilla Coccion limpia_vales_fise.xlsx');
Insert into MRVMM.T_GEND_INICIATIVA_SUSTENTA (ID_INICIATIVA_SUSTENTATORIO,ID_INICIATIVA,ADJUNTO,FLAG_ESTADO,ADJUNTO_BASE) values ('303','482','34171be0-9a8d-4efd-9be5-42e388b94f6c.pdf','1','rptMedMit.pdf');
Insert into MRVMM.T_GEND_INICIATIVA_SUSTENTA (ID_INICIATIVA_SUSTENTATORIO,ID_INICIATIVA,ADJUNTO,FLAG_ESTADO,ADJUNTO_BASE) values ('324','502','87ac4cfd-3d92-449b-9a79-16f67ebae15a.txt','1','vaiadaicones 22-01.txt');
Insert into MRVMM.T_GEND_INICIATIVA_SUSTENTA (ID_INICIATIVA_SUSTENTATORIO,ID_INICIATIVA,ADJUNTO,FLAG_ESTADO,ADJUNTO_BASE) values ('325','504','866dfc29-b385-4ca8-a3ff-9141a42f48b7.xlsx','1','DETALLE_INDICADORES_4_03_2020 09_44_56.xlsx');
Insert into MRVMM.T_GEND_INICIATIVA_SUSTENTA (ID_INICIATIVA_SUSTENTATORIO,ID_INICIATIVA,ADJUNTO,FLAG_ESTADO,ADJUNTO_BASE) values ('363','562','b33b0663-0e26-4bd6-b744-9114cac68122.xlsm','1','4.1 Plantilla_Vehiculos_electricos_Recorrido.xlsm');
Insert into MRVMM.T_GEND_INICIATIVA_SUSTENTA (ID_INICIATIVA_SUSTENTATORIO,ID_INICIATIVA,ADJUNTO,FLAG_ESTADO,ADJUNTO_BASE) values ('382','584','632728a2-5932-4650-a2cb-28f71676c745.xlsx','1','LISTA_INICIATIVA_MITIGACION_17_03_2020 19_55_19.xlsx');
Insert into MRVMM.T_GEND_INICIATIVA_SUSTENTA (ID_INICIATIVA_SUSTENTATORIO,ID_INICIATIVA,ADJUNTO,FLAG_ESTADO,ADJUNTO_BASE) values ('384','586','fae96bde-fd0c-4b50-8757-2edca1338d82.xlsx','1','1.7 Plantilla_Lamparas_de_alumbrado_publico.xlsx');
Insert into MRVMM.T_GEND_INICIATIVA_SUSTENTA (ID_INICIATIVA_SUSTENTATORIO,ID_INICIATIVA,ADJUNTO,FLAG_ESTADO,ADJUNTO_BASE) values ('385','587','6de76fc7-c697-4fec-b251-3b98f39d0795.xlsx','1','LISTA_INICIATIVA_MITIGACION_19_03_2020 13_09_05.xlsx');
Insert into MRVMM.T_GEND_INICIATIVA_SUSTENTA (ID_INICIATIVA_SUSTENTATORIO,ID_INICIATIVA,ADJUNTO,FLAG_ESTADO,ADJUNTO_BASE) values ('181','341','e6fdcc86-b5c5-4a19-a2f0-3ab4f188cd68.pdf','1','rptMedMit.pdf');
Insert into MRVMM.T_GEND_INICIATIVA_SUSTENTA (ID_INICIATIVA_SUSTENTATORIO,ID_INICIATIVA,ADJUNTO,FLAG_ESTADO,ADJUNTO_BASE) values ('222','383','6780f49e-f454-4880-bc27-378a4ac72f87.pdf','1','modelo-declaracion-jurada.pdf');
Insert into MRVMM.T_GEND_INICIATIVA_SUSTENTA (ID_INICIATIVA_SUSTENTATORIO,ID_INICIATIVA,ADJUNTO,FLAG_ESTADO,ADJUNTO_BASE) values ('249','428','8619b960-15b4-4d61-9467-05b79e9da166.xlsm','1','4.1 Plantilla_Vehiculos_electricos_Consumo.xlsm');
Insert into MRVMM.T_GEND_INICIATIVA_SUSTENTA (ID_INICIATIVA_SUSTENTATORIO,ID_INICIATIVA,ADJUNTO,FLAG_ESTADO,ADJUNTO_BASE) values ('250','428','c3a93cc6-0d04-47a1-a528-aebae6a85ac0.xlsm','1','4.1 Plantilla_Vehiculos_hibridos_consumo.xlsm');
Insert into MRVMM.T_GEND_INICIATIVA_SUSTENTA (ID_INICIATIVA_SUSTENTATORIO,ID_INICIATIVA,ADJUNTO,FLAG_ESTADO,ADJUNTO_BASE) values ('251','428','ab7e225e-09ea-4153-b6c3-31cd7e1503f8.xlsx','1','3.2 Plantilla_Generacion_Distribuida.xlsx');
Insert into MRVMM.T_GEND_INICIATIVA_SUSTENTA (ID_INICIATIVA_SUSTENTATORIO,ID_INICIATIVA,ADJUNTO,FLAG_ESTADO,ADJUNTO_BASE) values ('252','428','8ce39a6d-f17b-4d50-97ee-b0036ef96866.xlsm','1','4.1 Plantilla_Vehiculos_hibridos_Recorrido.xlsm');
Insert into MRVMM.T_GEND_INICIATIVA_SUSTENTA (ID_INICIATIVA_SUSTENTATORIO,ID_INICIATIVA,ADJUNTO,FLAG_ESTADO,ADJUNTO_BASE) values ('253','428','d7461375-f060-4875-92d0-610c3690cc56.xlsm','1','4.1 Plantilla_Vehiculos_hibridos_Recorrido.xlsm');
Insert into MRVMM.T_GEND_INICIATIVA_SUSTENTA (ID_INICIATIVA_SUSTENTATORIO,ID_INICIATIVA,ADJUNTO,FLAG_ESTADO,ADJUNTO_BASE) values ('263','444','5273e536-0995-4844-90b8-e28cf229e81e.pptx','1','Comentarios Mantenimiento.pptx');
Insert into MRVMM.T_GEND_INICIATIVA_SUSTENTA (ID_INICIATIVA_SUSTENTATORIO,ID_INICIATIVA,ADJUNTO,FLAG_ESTADO,ADJUNTO_BASE) values ('265','444','641f6239-ba7c-41e1-8dc9-91fbdeb3b38e.xlsx','1','1.7 Plantilla_Lamparas_de_alumbrado_publico.xlsx');
Insert into MRVMM.T_GEND_INICIATIVA_SUSTENTA (ID_INICIATIVA_SUSTENTATORIO,ID_INICIATIVA,ADJUNTO,FLAG_ESTADO,ADJUNTO_BASE) values ('268','444','f74bf14f-0c4b-41c4-9cd6-2ba01a26544e.xlsx','1','1.7 Plantilla_Lamparas_de_alumbrado_publico.xlsx');
Insert into MRVMM.T_GEND_INICIATIVA_SUSTENTA (ID_INICIATIVA_SUSTENTATORIO,ID_INICIATIVA,ADJUNTO,FLAG_ESTADO,ADJUNTO_BASE) values ('281','443','28a9e9a0-86c1-4bc8-b278-a7fe4a90b2a5.txt','1','Ahora.txt');
Insert into MRVMM.T_GEND_INICIATIVA_SUSTENTA (ID_INICIATIVA_SUSTENTATORIO,ID_INICIATIVA,ADJUNTO,FLAG_ESTADO,ADJUNTO_BASE) values ('301','368',null,'1','logo_mrv_new_negro.jpg');
Insert into MRVMM.T_GEND_INICIATIVA_SUSTENTA (ID_INICIATIVA_SUSTENTATORIO,ID_INICIATIVA,ADJUNTO,FLAG_ESTADO,ADJUNTO_BASE) values ('182','342','190b0623-4bdd-4d28-8630-cd06ec3a5316.txt','1','Sustento.txt');
Insert into MRVMM.T_GEND_INICIATIVA_SUSTENTA (ID_INICIATIVA_SUSTENTATORIO,ID_INICIATIVA,ADJUNTO,FLAG_ESTADO,ADJUNTO_BASE) values ('242','422','f9c422a5-d666-427e-be13-c15bc9683d62.xlsx','1','LISTA_INICIATIVA_MITIGACION_20_02_2020 11_40_20.xlsx');
Insert into MRVMM.T_GEND_INICIATIVA_SUSTENTA (ID_INICIATIVA_SUSTENTATORIO,ID_INICIATIVA,ADJUNTO,FLAG_ESTADO,ADJUNTO_BASE) values ('304','484',null,'1','logo_mrv_new_negro.jpg');
Insert into MRVMM.T_GEND_INICIATIVA_SUSTENTA (ID_INICIATIVA_SUSTENTATORIO,ID_INICIATIVA,ADJUNTO,FLAG_ESTADO,ADJUNTO_BASE) values ('305','465','86bd3b02-c3da-45ab-a0f8-5145f57a0ced.xlsx','1','1.1 Plantilla_Etiquetado_de_eficiencia_Lavadoras.xlsx');
Insert into MRVMM.T_GEND_INICIATIVA_SUSTENTA (ID_INICIATIVA_SUSTENTATORIO,ID_INICIATIVA,ADJUNTO,FLAG_ESTADO,ADJUNTO_BASE) values ('307','394','9568450c-afd6-4e80-b8fa-d4fb5db678be.jpg','1','logo_mrv_new_negro.jpg');
Insert into MRVMM.T_GEND_INICIATIVA_SUSTENTA (ID_INICIATIVA_SUSTENTATORIO,ID_INICIATIVA,ADJUNTO,FLAG_ESTADO,ADJUNTO_BASE) values ('321','424','5d09bc5b-8f71-4a7b-9b74-79d89d9f4423.xlsx','1','Correcciones a realizar PART1.xlsx');
Insert into MRVMM.T_GEND_INICIATIVA_SUSTENTA (ID_INICIATIVA_SUSTENTATORIO,ID_INICIATIVA,ADJUNTO,FLAG_ESTADO,ADJUNTO_BASE) values ('322','395','a2b350b7-a969-47e0-96e2-215a670fba57.txt','1','ordenar.txt');
Insert into MRVMM.T_GEND_INICIATIVA_SUSTENTA (ID_INICIATIVA_SUSTENTATORIO,ID_INICIATIVA,ADJUNTO,FLAG_ESTADO,ADJUNTO_BASE) values ('286','451','ca22f6c0-a8e3-488c-a67a-659218795b00.pdf','1','Xerox Scan_27022020175546 (1).pdf');
Insert into MRVMM.T_GEND_INICIATIVA_SUSTENTA (ID_INICIATIVA_SUSTENTATORIO,ID_INICIATIVA,ADJUNTO,FLAG_ESTADO,ADJUNTO_BASE) values ('287','451','9ea1d4ab-c10f-4f51-a7b0-903aaf6c8e23.pdf','1','Xerox Scan_27022020175546.pdf');
Insert into MRVMM.T_GEND_INICIATIVA_SUSTENTA (ID_INICIATIVA_SUSTENTATORIO,ID_INICIATIVA,ADJUNTO,FLAG_ESTADO,ADJUNTO_BASE) values ('341','503',null,'1','2.1 Plantilla_Coccion_Lena (1).xlsx');
Insert into MRVMM.T_GEND_INICIATIVA_SUSTENTA (ID_INICIATIVA_SUSTENTATORIO,ID_INICIATIVA,ADJUNTO,FLAG_ESTADO,ADJUNTO_BASE) values ('342','392','eac15d63-51fc-42a3-9752-09b5b52e401b.pdf','1','066bfbd6-ad24-41fd-a816-d19f88e71ddf.pdf');
Insert into MRVMM.T_GEND_INICIATIVA_SUSTENTA (ID_INICIATIVA_SUSTENTATORIO,ID_INICIATIVA,ADJUNTO,FLAG_ESTADO,ADJUNTO_BASE) values ('343','542','7945a3f9-dcad-47e0-801e-241e4da83e59.pdf','1','066bfbd6-ad24-41fd-a816-d19f88e71ddf.pdf');
Insert into MRVMM.T_GEND_INICIATIVA_SUSTENTA (ID_INICIATIVA_SUSTENTATORIO,ID_INICIATIVA,ADJUNTO,FLAG_ESTADO,ADJUNTO_BASE) values ('344','541','71e4aee9-2347-4713-a266-9db73db407e7.pdf','1','066bfbd6-ad24-41fd-a816-d19f88e71ddf.pdf');
Insert into MRVMM.T_GEND_INICIATIVA_SUSTENTA (ID_INICIATIVA_SUSTENTATORIO,ID_INICIATIVA,ADJUNTO,FLAG_ESTADO,ADJUNTO_BASE) values ('201','343','071d95ea-2be4-40cc-92dd-279481985a3c.txt','1','Sustento.txt');
Insert into MRVMM.T_GEND_INICIATIVA_SUSTENTA (ID_INICIATIVA_SUSTENTATORIO,ID_INICIATIVA,ADJUNTO,FLAG_ESTADO,ADJUNTO_BASE) values ('277','450','482c10a9-d89e-447f-a486-7c400887fd74.txt','1','Ahora.txt');
Insert into MRVMM.T_GEND_INICIATIVA_SUSTENTA (ID_INICIATIVA_SUSTENTATORIO,ID_INICIATIVA,ADJUNTO,FLAG_ESTADO,ADJUNTO_BASE) values ('345','485',null,'1','2.1 Plantilla_Coccion_Lena (1).xlsx');
Insert into MRVMM.T_GEND_INICIATIVA_SUSTENTA (ID_INICIATIVA_SUSTENTATORIO,ID_INICIATIVA,ADJUNTO,FLAG_ESTADO,ADJUNTO_BASE) values ('224','386','0144400c-8311-4d61-9d4c-b6e9ff844de2.pdf','0','modelo-declaracion-jurada (3).pdf');
Insert into MRVMM.T_GEND_INICIATIVA_SUSTENTA (ID_INICIATIVA_SUSTENTATORIO,ID_INICIATIVA,ADJUNTO,FLAG_ESTADO,ADJUNTO_BASE) values ('225','386','b2720a4b-bfff-4aec-ad07-aaa65f917c7b.docx','0','Guia rapida Usuario Especialista.docx');
Insert into MRVMM.T_GEND_INICIATIVA_SUSTENTA (ID_INICIATIVA_SUSTENTATORIO,ID_INICIATIVA,ADJUNTO,FLAG_ESTADO,ADJUNTO_BASE) values ('243','426','285075e5-4d9f-414b-bb82-c7a5ba9d251c.xlsx','1','1.7 Plantilla_Lamparas_de_alumbrado_publico.xlsx');
Insert into MRVMM.T_GEND_INICIATIVA_SUSTENTA (ID_INICIATIVA_SUSTENTATORIO,ID_INICIATIVA,ADJUNTO,FLAG_ESTADO,ADJUNTO_BASE) values ('244','426','e3a2509f-a50d-4dd7-9936-009dd721489c.docx','1','OBSERVACIONES AL 24-02-20.docx');
Insert into MRVMM.T_GEND_INICIATIVA_SUSTENTA (ID_INICIATIVA_SUSTENTATORIO,ID_INICIATIVA,ADJUNTO,FLAG_ESTADO,ADJUNTO_BASE) values ('245','426','88668731-e4ba-4d51-b58f-43ff9941fbdc.xlsm','1','4.1 Plantilla_Electricos_Masivo (3)222.xlsm');
Insert into MRVMM.T_GEND_INICIATIVA_SUSTENTA (ID_INICIATIVA_SUSTENTATORIO,ID_INICIATIVA,ADJUNTO,FLAG_ESTADO,ADJUNTO_BASE) values ('246','426','ab800451-eaa5-4e02-8eae-6bd21079d7e5.xlsm','1','4.1 Plantilla_Electricos_Masivo (2).xlsm');
Insert into MRVMM.T_GEND_INICIATIVA_SUSTENTA (ID_INICIATIVA_SUSTENTATORIO,ID_INICIATIVA,ADJUNTO,FLAG_ESTADO,ADJUNTO_BASE) values ('247','426','c47e14bd-d735-4c49-a2b2-aacd3f42ae19.xlsx','1','DETALLE_INDICADORES_24_02_2020 12_24_29.xlsx');
Insert into MRVMM.T_GEND_INICIATIVA_SUSTENTA (ID_INICIATIVA_SUSTENTATORIO,ID_INICIATIVA,ADJUNTO,FLAG_ESTADO,ADJUNTO_BASE) values ('248','426','a5834742-493c-482c-919a-0e69b0292061.xlsx','1','LISTA_USUARIO_24_02_2020 11_54_03.xlsx');
Insert into MRVMM.T_GEND_INICIATIVA_SUSTENTA (ID_INICIATIVA_SUSTENTATORIO,ID_INICIATIVA,ADJUNTO,FLAG_ESTADO,ADJUNTO_BASE) values ('261','444','f6d9315b-24d2-4d74-b461-599daf1aec4a.pptx','1','Comentarios Mantenimiento.pptx');
Insert into MRVMM.T_GEND_INICIATIVA_SUSTENTA (ID_INICIATIVA_SUSTENTATORIO,ID_INICIATIVA,ADJUNTO,FLAG_ESTADO,ADJUNTO_BASE) values ('269','449','0428cdfd-5cce-436d-868c-0a6fb440811f.txt','1','Ahora.txt');
Insert into MRVMM.T_GEND_INICIATIVA_SUSTENTA (ID_INICIATIVA_SUSTENTATORIO,ID_INICIATIVA,ADJUNTO,FLAG_ESTADO,ADJUNTO_BASE) values ('270','449','913315a9-30da-46d0-b2d6-79fc28331e6d.txt','1','vaiadaicones 22-01.txt');
Insert into MRVMM.T_GEND_INICIATIVA_SUSTENTA (ID_INICIATIVA_SUSTENTATORIO,ID_INICIATIVA,ADJUNTO,FLAG_ESTADO,ADJUNTO_BASE) values ('271','452','dd60845a-4068-4e52-a63d-d31eb625db1c.xlsm','1','4.1 Plantilla_Vehiculos_electricos_Recorrido.xlsm');
Insert into MRVMM.T_GEND_INICIATIVA_SUSTENTA (ID_INICIATIVA_SUSTENTATORIO,ID_INICIATIVA,ADJUNTO,FLAG_ESTADO,ADJUNTO_BASE) values ('273','452','9d15f6df-2c20-46b2-b64e-47afa4a2bc9b.xlsx','1','Datos para registro de MM.xlsx');
Insert into MRVMM.T_GEND_INICIATIVA_SUSTENTA (ID_INICIATIVA_SUSTENTATORIO,ID_INICIATIVA,ADJUNTO,FLAG_ESTADO,ADJUNTO_BASE) values ('274','452','fcf2eadb-6efb-4cfa-8840-a9623bdf656e.pptx','1','Comentarios Mantenimiento 3.pptx');
Insert into MRVMM.T_GEND_INICIATIVA_SUSTENTA (ID_INICIATIVA_SUSTENTATORIO,ID_INICIATIVA,ADJUNTO,FLAG_ESTADO,ADJUNTO_BASE) values ('275','452','c93609ed-bd6b-44c9-9dc6-0913788a73fb.pptx','1','Comentarios Mantenimiento 2.pptx');
Insert into MRVMM.T_GEND_INICIATIVA_SUSTENTA (ID_INICIATIVA_SUSTENTATORIO,ID_INICIATIVA,ADJUNTO,FLAG_ESTADO,ADJUNTO_BASE) values ('276','452','3806345f-4240-4332-86d8-5663adf77910.docx','1','OBSERVACIONES AL 26-02-20.docx');
Insert into MRVMM.T_GEND_INICIATIVA_SUSTENTA (ID_INICIATIVA_SUSTENTATORIO,ID_INICIATIVA,ADJUNTO,FLAG_ESTADO,ADJUNTO_BASE) values ('288','374','d2d11d76-ec4d-47bf-b065-220a8abc0fa7.txt','1','CABECERA.txt');
Insert into MRVMM.T_GEND_INICIATIVA_SUSTENTA (ID_INICIATIVA_SUSTENTATORIO,ID_INICIATIVA,ADJUNTO,FLAG_ESTADO,ADJUNTO_BASE) values ('289','374','7e7fa865-376f-49e9-b7d2-b57102d8f6ce.txt','1','COMANDO GITH.txt');
Insert into MRVMM.T_GEND_INICIATIVA_SUSTENTA (ID_INICIATIVA_SUSTENTATORIO,ID_INICIATIVA,ADJUNTO,FLAG_ESTADO,ADJUNTO_BASE) values ('290','466','20eaa9fc-35b1-45d6-8085-bb36ba5f08ae.pdf','1','rptMedMit (1).pdf');
Insert into MRVMM.T_GEND_INICIATIVA_SUSTENTA (ID_INICIATIVA_SUSTENTATORIO,ID_INICIATIVA,ADJUNTO,FLAG_ESTADO,ADJUNTO_BASE) values ('291','466','8d8e24a3-69de-4102-bb50-e09bb30bd68f.pdf','1','rptMedMit.pdf');
Insert into MRVMM.T_GEND_INICIATIVA_SUSTENTA (ID_INICIATIVA_SUSTENTATORIO,ID_INICIATIVA,ADJUNTO,FLAG_ESTADO,ADJUNTO_BASE) values ('306','438','eef791f5-c092-4c04-9a87-ed0739bb0445.txt','1','Ahora.txt');
Insert into MRVMM.T_GEND_INICIATIVA_SUSTENTA (ID_INICIATIVA_SUSTENTATORIO,ID_INICIATIVA,ADJUNTO,FLAG_ESTADO,ADJUNTO_BASE) values ('366','568','ef39ba79-6d80-4494-8aa7-605100e20db4.xlsx','1','2.1 Plantilla_Coccion_Lena.xlsx');
Insert into MRVMM.T_GEND_INICIATIVA_SUSTENTA (ID_INICIATIVA_SUSTENTATORIO,ID_INICIATIVA,ADJUNTO,FLAG_ESTADO,ADJUNTO_BASE) values ('367','568',null,'1','2.1 Plantilla_Coccion_Lena.xlsx');
Insert into MRVMM.T_GEND_INICIATIVA_SUSTENTA (ID_INICIATIVA_SUSTENTATORIO,ID_INICIATIVA,ADJUNTO,FLAG_ESTADO,ADJUNTO_BASE) values ('368','370',null,'1','4.1 Plantilla_Vehiculos_electricos_Recorrido (2).xlsm');
Insert into MRVMM.T_GEND_INICIATIVA_SUSTENTA (ID_INICIATIVA_SUSTENTATORIO,ID_INICIATIVA,ADJUNTO,FLAG_ESTADO,ADJUNTO_BASE) values ('369','461',null,'1','4.1 Plantilla_Vehiculos_electricos_Recorrido (2).xlsm');
Insert into MRVMM.T_GEND_INICIATIVA_SUSTENTA (ID_INICIATIVA_SUSTENTATORIO,ID_INICIATIVA,ADJUNTO,FLAG_ESTADO,ADJUNTO_BASE) values ('371','567','22ed7b3e-af1b-42d7-8f13-1a8818c6120c.xlsm','1','4.1 Plantilla_Vehiculos_electricos_Recorrido.xlsm');
Insert into MRVMM.T_GEND_INICIATIVA_SUSTENTA (ID_INICIATIVA_SUSTENTATORIO,ID_INICIATIVA,ADJUNTO,FLAG_ESTADO,ADJUNTO_BASE) values ('221','376','2eefacad-55ad-40e0-9789-4a5c6c96c662.pdf','1','rptMedMit.pdf');
Insert into MRVMM.T_GEND_INICIATIVA_SUSTENTA (ID_INICIATIVA_SUSTENTATORIO,ID_INICIATIVA,ADJUNTO,FLAG_ESTADO,ADJUNTO_BASE) values ('223','386','005b70cb-f485-4bb8-b464-83199e45ba2e.xlsx','0','LISTA_INICIATIVA_MITIGACION_20_02_2020 11_40_20.xlsx');
Insert into MRVMM.T_GEND_INICIATIVA_SUSTENTA (ID_INICIATIVA_SUSTENTATORIO,ID_INICIATIVA,ADJUNTO,FLAG_ESTADO,ADJUNTO_BASE) values ('264','444','8b109cf1-5a08-48f6-b4af-df3656ca5ff7.pptx','1','Comentarios Mantenimiento.pptx');
Insert into MRVMM.T_GEND_INICIATIVA_SUSTENTA (ID_INICIATIVA_SUSTENTATORIO,ID_INICIATIVA,ADJUNTO,FLAG_ESTADO,ADJUNTO_BASE) values ('266','444','ccfa9fee-07bb-4af2-91ad-694aa349af34.xlsx','1','1.7 Plantilla_Lamparas_de_alumbrado_publico.xlsx');
Insert into MRVMM.T_GEND_INICIATIVA_SUSTENTA (ID_INICIATIVA_SUSTENTATORIO,ID_INICIATIVA,ADJUNTO,FLAG_ESTADO,ADJUNTO_BASE) values ('272','452','11bb0616-c0d0-4dac-94b9-6f7c8e473e4f.xlsm','1','4.1 Plantilla_Vehiculos_electricos_Consumo.xlsm');
Insert into MRVMM.T_GEND_INICIATIVA_SUSTENTA (ID_INICIATIVA_SUSTENTATORIO,ID_INICIATIVA,ADJUNTO,FLAG_ESTADO,ADJUNTO_BASE) values ('282','429','bff884bb-4abb-4aac-a816-b82c23d1b140.pdf','1','Xerox Scan_27022020175546 (1).pdf');
Insert into MRVMM.T_GEND_INICIATIVA_SUSTENTA (ID_INICIATIVA_SUSTENTATORIO,ID_INICIATIVA,ADJUNTO,FLAG_ESTADO,ADJUNTO_BASE) values ('283','429','dafd74f0-166e-441c-b425-e6feef25afcb.pdf','1','Xerox Scan_27022020175546.pdf');
Insert into MRVMM.T_GEND_INICIATIVA_SUSTENTA (ID_INICIATIVA_SUSTENTATORIO,ID_INICIATIVA,ADJUNTO,FLAG_ESTADO,ADJUNTO_BASE) values ('284','464','df68dd5a-25b1-4959-b1be-9dc5c26829dc.pdf','1','Xerox Scan_27022020175546 (1).pdf');
Insert into MRVMM.T_GEND_INICIATIVA_SUSTENTA (ID_INICIATIVA_SUSTENTATORIO,ID_INICIATIVA,ADJUNTO,FLAG_ESTADO,ADJUNTO_BASE) values ('285','464','4b33cfb2-a24d-4ce6-97fd-e1f03998bcc4.pdf','1','Xerox Scan_27022020175546.pdf');
Insert into MRVMM.T_GEND_INICIATIVA_SUSTENTA (ID_INICIATIVA_SUSTENTATORIO,ID_INICIATIVA,ADJUNTO,FLAG_ESTADO,ADJUNTO_BASE) values ('323','372','7cd85c16-f942-433b-8f34-fb114db42b40.txt','1','ordenar.txt');
Insert into MRVMM.T_GEND_INICIATIVA_SUSTENTA (ID_INICIATIVA_SUSTENTATORIO,ID_INICIATIVA,ADJUNTO,FLAG_ESTADO,ADJUNTO_BASE) values ('346','423',null,'1','CUADRO DE CONTROL DE AVANCE.xlsx');
Insert into MRVMM.T_GEND_INICIATIVA_SUSTENTA (ID_INICIATIVA_SUSTENTATORIO,ID_INICIATIVA,ADJUNTO,FLAG_ESTADO,ADJUNTO_BASE) values ('361','521','c2f44521-2431-4835-8737-8045c233756b.pdf','1','Xerox Scan_27022020175546.pdf');
Insert into MRVMM.T_GEND_INICIATIVA_SUSTENTA (ID_INICIATIVA_SUSTENTATORIO,ID_INICIATIVA,ADJUNTO,FLAG_ESTADO,ADJUNTO_BASE) values ('362','521','168ba595-0e45-4675-bcd7-fa8a5dbbf072.pdf','1','Xerox Scan_27022020175546.pdf');
Insert into MRVMM.T_GEND_INICIATIVA_SUSTENTA (ID_INICIATIVA_SUSTENTATORIO,ID_INICIATIVA,ADJUNTO,FLAG_ESTADO,ADJUNTO_BASE) values ('364','563',null,'1','4.1 Plantilla_Vehiculos_hibridos_consumo (1).xlsm');
Insert into MRVMM.T_GEND_INICIATIVA_SUSTENTA (ID_INICIATIVA_SUSTENTATORIO,ID_INICIATIVA,ADJUNTO,FLAG_ESTADO,ADJUNTO_BASE) values ('365','565','e3087a2d-4fb5-4e16-9e70-cd0fee8dc4f9.pdf','1','Xerox Scan_27022020175546 (1).pdf');
Insert into MRVMM.T_GEND_INICIATIVA_SUSTENTA (ID_INICIATIVA_SUSTENTATORIO,ID_INICIATIVA,ADJUNTO,FLAG_ESTADO,ADJUNTO_BASE) values ('370','569','dcdf4358-a319-4ded-83ec-d2b5d216c7a8.xlsm','1','4.1 Plantilla_Vehiculos_electricos_Recorrido.xlsm');
Insert into MRVMM.T_GEND_INICIATIVA_SUSTENTA (ID_INICIATIVA_SUSTENTATORIO,ID_INICIATIVA,ADJUNTO,FLAG_ESTADO,ADJUNTO_BASE) values ('381','583','04d9156c-4d06-47b1-96c7-474e9ec33a09.xlsm','1','4.1 Plantilla_Vehiculos_electricos_Consumo.xlsm');
Insert into MRVMM.T_GEND_INICIATIVA_SUSTENTA (ID_INICIATIVA_SUSTENTATORIO,ID_INICIATIVA,ADJUNTO,FLAG_ESTADO,ADJUNTO_BASE) values ('383','585','21d9514b-fb28-469b-a496-1ce2782273ba.xlsx','1','LISTA_INICIATIVA_MITIGACION_17_03_2020 20_05_20.xlsx');
Insert into MRVMM.T_GEND_INICIATIVA_SUSTENTA (ID_INICIATIVA_SUSTENTATORIO,ID_INICIATIVA,ADJUNTO,FLAG_ESTADO,ADJUNTO_BASE) values ('386','588','c5076975-112c-45c5-a2f6-20d59106fb12.xlsm','1','4.1 Plantilla_Vehiculos_electricos_Consumo (1).xlsm');
Insert into MRVMM.T_GEND_INICIATIVA_SUSTENTA (ID_INICIATIVA_SUSTENTATORIO,ID_INICIATIVA,ADJUNTO,FLAG_ESTADO,ADJUNTO_BASE) values ('241','422','ab6a618d-aca0-4bcc-be8d-22362eb0b05c.xlsx','1','DETALLE_INDICADORES_20_02_2020 12_34_03.xlsx');
Insert into MRVMM.T_GEND_INICIATIVA_SUSTENTA (ID_INICIATIVA_SUSTENTATORIO,ID_INICIATIVA,ADJUNTO,FLAG_ESTADO,ADJUNTO_BASE) values ('262','444','bbcc96ef-cc36-4aef-b078-2c4681d6b7ee.pptx','1','Comentarios Mantenimiento.pptx');
REM INSERTING into MRVMM.T_GEND_INICIATIVA_UBICACION
SET DEFINE OFF;
Insert into MRVMM.T_GEND_INICIATIVA_UBICACION (ID_INICIATIVA_UBICACION,ID_INICIATIVA,ID_UBICACION,FLAG_ESTADO) values ('501','361','1','1');
Insert into MRVMM.T_GEND_INICIATIVA_UBICACION (ID_INICIATIVA_UBICACION,ID_INICIATIVA,ID_UBICACION,FLAG_ESTADO) values ('502','362','3','1');
Insert into MRVMM.T_GEND_INICIATIVA_UBICACION (ID_INICIATIVA_UBICACION,ID_INICIATIVA,ID_UBICACION,FLAG_ESTADO) values ('503','362','4','1');
Insert into MRVMM.T_GEND_INICIATIVA_UBICACION (ID_INICIATIVA_UBICACION,ID_INICIATIVA,ID_UBICACION,FLAG_ESTADO) values ('504','363','2','1');
Insert into MRVMM.T_GEND_INICIATIVA_UBICACION (ID_INICIATIVA_UBICACION,ID_INICIATIVA,ID_UBICACION,FLAG_ESTADO) values ('505','363','3','1');
Insert into MRVMM.T_GEND_INICIATIVA_UBICACION (ID_INICIATIVA_UBICACION,ID_INICIATIVA,ID_UBICACION,FLAG_ESTADO) values ('506','364','2','1');
Insert into MRVMM.T_GEND_INICIATIVA_UBICACION (ID_INICIATIVA_UBICACION,ID_INICIATIVA,ID_UBICACION,FLAG_ESTADO) values ('507','364','3','1');
Insert into MRVMM.T_GEND_INICIATIVA_UBICACION (ID_INICIATIVA_UBICACION,ID_INICIATIVA,ID_UBICACION,FLAG_ESTADO) values ('481','341','7','1');
Insert into MRVMM.T_GEND_INICIATIVA_UBICACION (ID_INICIATIVA_UBICACION,ID_INICIATIVA,ID_UBICACION,FLAG_ESTADO) values ('482','341','15','1');
Insert into MRVMM.T_GEND_INICIATIVA_UBICACION (ID_INICIATIVA_UBICACION,ID_INICIATIVA,ID_UBICACION,FLAG_ESTADO) values ('508','365','2','1');
Insert into MRVMM.T_GEND_INICIATIVA_UBICACION (ID_INICIATIVA_UBICACION,ID_INICIATIVA,ID_UBICACION,FLAG_ESTADO) values ('509','365','3','1');
Insert into MRVMM.T_GEND_INICIATIVA_UBICACION (ID_INICIATIVA_UBICACION,ID_INICIATIVA,ID_UBICACION,FLAG_ESTADO) values ('510','366','3','1');
Insert into MRVMM.T_GEND_INICIATIVA_UBICACION (ID_INICIATIVA_UBICACION,ID_INICIATIVA,ID_UBICACION,FLAG_ESTADO) values ('511','366','4','1');
Insert into MRVMM.T_GEND_INICIATIVA_UBICACION (ID_INICIATIVA_UBICACION,ID_INICIATIVA,ID_UBICACION,FLAG_ESTADO) values ('512','367','2','1');
Insert into MRVMM.T_GEND_INICIATIVA_UBICACION (ID_INICIATIVA_UBICACION,ID_INICIATIVA,ID_UBICACION,FLAG_ESTADO) values ('513','367','3','1');
Insert into MRVMM.T_GEND_INICIATIVA_UBICACION (ID_INICIATIVA_UBICACION,ID_INICIATIVA,ID_UBICACION,FLAG_ESTADO) values ('514','368','3','1');
Insert into MRVMM.T_GEND_INICIATIVA_UBICACION (ID_INICIATIVA_UBICACION,ID_INICIATIVA,ID_UBICACION,FLAG_ESTADO) values ('515','369','2','1');
Insert into MRVMM.T_GEND_INICIATIVA_UBICACION (ID_INICIATIVA_UBICACION,ID_INICIATIVA,ID_UBICACION,FLAG_ESTADO) values ('516','369','3','1');
Insert into MRVMM.T_GEND_INICIATIVA_UBICACION (ID_INICIATIVA_UBICACION,ID_INICIATIVA,ID_UBICACION,FLAG_ESTADO) values ('517','370','2','1');
Insert into MRVMM.T_GEND_INICIATIVA_UBICACION (ID_INICIATIVA_UBICACION,ID_INICIATIVA,ID_UBICACION,FLAG_ESTADO) values ('518','371','3','1');
Insert into MRVMM.T_GEND_INICIATIVA_UBICACION (ID_INICIATIVA_UBICACION,ID_INICIATIVA,ID_UBICACION,FLAG_ESTADO) values ('682','462','1','1');
Insert into MRVMM.T_GEND_INICIATIVA_UBICACION (ID_INICIATIVA_UBICACION,ID_INICIATIVA,ID_UBICACION,FLAG_ESTADO) values ('684','463','2','1');
Insert into MRVMM.T_GEND_INICIATIVA_UBICACION (ID_INICIATIVA_UBICACION,ID_INICIATIVA,ID_UBICACION,FLAG_ESTADO) values ('685','463','3','1');
Insert into MRVMM.T_GEND_INICIATIVA_UBICACION (ID_INICIATIVA_UBICACION,ID_INICIATIVA,ID_UBICACION,FLAG_ESTADO) values ('686','463','4','1');
Insert into MRVMM.T_GEND_INICIATIVA_UBICACION (ID_INICIATIVA_UBICACION,ID_INICIATIVA,ID_UBICACION,FLAG_ESTADO) values ('721','501','1','1');
Insert into MRVMM.T_GEND_INICIATIVA_UBICACION (ID_INICIATIVA_UBICACION,ID_INICIATIVA,ID_UBICACION,FLAG_ESTADO) values ('724','503','2','1');
Insert into MRVMM.T_GEND_INICIATIVA_UBICACION (ID_INICIATIVA_UBICACION,ID_INICIATIVA,ID_UBICACION,FLAG_ESTADO) values ('725','504','1','1');
Insert into MRVMM.T_GEND_INICIATIVA_UBICACION (ID_INICIATIVA_UBICACION,ID_INICIATIVA,ID_UBICACION,FLAG_ESTADO) values ('726','504','2','1');
Insert into MRVMM.T_GEND_INICIATIVA_UBICACION (ID_INICIATIVA_UBICACION,ID_INICIATIVA,ID_UBICACION,FLAG_ESTADO) values ('763','541','1','1');
Insert into MRVMM.T_GEND_INICIATIVA_UBICACION (ID_INICIATIVA_UBICACION,ID_INICIATIVA,ID_UBICACION,FLAG_ESTADO) values ('764','542','2','1');
Insert into MRVMM.T_GEND_INICIATIVA_UBICACION (ID_INICIATIVA_UBICACION,ID_INICIATIVA,ID_UBICACION,FLAG_ESTADO) values ('782','561','10','1');
Insert into MRVMM.T_GEND_INICIATIVA_UBICACION (ID_INICIATIVA_UBICACION,ID_INICIATIVA,ID_UBICACION,FLAG_ESTADO) values ('783','562','1','1');
Insert into MRVMM.T_GEND_INICIATIVA_UBICACION (ID_INICIATIVA_UBICACION,ID_INICIATIVA,ID_UBICACION,FLAG_ESTADO) values ('784','562','2','1');
Insert into MRVMM.T_GEND_INICIATIVA_UBICACION (ID_INICIATIVA_UBICACION,ID_INICIATIVA,ID_UBICACION,FLAG_ESTADO) values ('793','567','5','1');
Insert into MRVMM.T_GEND_INICIATIVA_UBICACION (ID_INICIATIVA_UBICACION,ID_INICIATIVA,ID_UBICACION,FLAG_ESTADO) values ('794','567','6','1');
Insert into MRVMM.T_GEND_INICIATIVA_UBICACION (ID_INICIATIVA_UBICACION,ID_INICIATIVA,ID_UBICACION,FLAG_ESTADO) values ('795','567','7','1');
Insert into MRVMM.T_GEND_INICIATIVA_UBICACION (ID_INICIATIVA_UBICACION,ID_INICIATIVA,ID_UBICACION,FLAG_ESTADO) values ('798','569','1','1');
Insert into MRVMM.T_GEND_INICIATIVA_UBICACION (ID_INICIATIVA_UBICACION,ID_INICIATIVA,ID_UBICACION,FLAG_ESTADO) values ('799','569','2','1');
Insert into MRVMM.T_GEND_INICIATIVA_UBICACION (ID_INICIATIVA_UBICACION,ID_INICIATIVA,ID_UBICACION,FLAG_ESTADO) values ('822','581','2','1');
Insert into MRVMM.T_GEND_INICIATIVA_UBICACION (ID_INICIATIVA_UBICACION,ID_INICIATIVA,ID_UBICACION,FLAG_ESTADO) values ('823','582','1','1');
Insert into MRVMM.T_GEND_INICIATIVA_UBICACION (ID_INICIATIVA_UBICACION,ID_INICIATIVA,ID_UBICACION,FLAG_ESTADO) values ('824','582','2','1');
Insert into MRVMM.T_GEND_INICIATIVA_UBICACION (ID_INICIATIVA_UBICACION,ID_INICIATIVA,ID_UBICACION,FLAG_ESTADO) values ('832','587','1','1');
Insert into MRVMM.T_GEND_INICIATIVA_UBICACION (ID_INICIATIVA_UBICACION,ID_INICIATIVA,ID_UBICACION,FLAG_ESTADO) values ('833','587','2','1');
Insert into MRVMM.T_GEND_INICIATIVA_UBICACION (ID_INICIATIVA_UBICACION,ID_INICIATIVA,ID_UBICACION,FLAG_ESTADO) values ('486','344','6','1');
Insert into MRVMM.T_GEND_INICIATIVA_UBICACION (ID_INICIATIVA_UBICACION,ID_INICIATIVA,ID_UBICACION,FLAG_ESTADO) values ('531','382','16','1');
Insert into MRVMM.T_GEND_INICIATIVA_UBICACION (ID_INICIATIVA_UBICACION,ID_INICIATIVA,ID_UBICACION,FLAG_ESTADO) values ('532','382','17','1');
Insert into MRVMM.T_GEND_INICIATIVA_UBICACION (ID_INICIATIVA_UBICACION,ID_INICIATIVA,ID_UBICACION,FLAG_ESTADO) values ('533','382','18','1');
Insert into MRVMM.T_GEND_INICIATIVA_UBICACION (ID_INICIATIVA_UBICACION,ID_INICIATIVA,ID_UBICACION,FLAG_ESTADO) values ('534','382','19','1');
Insert into MRVMM.T_GEND_INICIATIVA_UBICACION (ID_INICIATIVA_UBICACION,ID_INICIATIVA,ID_UBICACION,FLAG_ESTADO) values ('535','382','20','1');
Insert into MRVMM.T_GEND_INICIATIVA_UBICACION (ID_INICIATIVA_UBICACION,ID_INICIATIVA,ID_UBICACION,FLAG_ESTADO) values ('540','388','2','1');
Insert into MRVMM.T_GEND_INICIATIVA_UBICACION (ID_INICIATIVA_UBICACION,ID_INICIATIVA,ID_UBICACION,FLAG_ESTADO) values ('603','431','1','1');
Insert into MRVMM.T_GEND_INICIATIVA_UBICACION (ID_INICIATIVA_UBICACION,ID_INICIATIVA,ID_UBICACION,FLAG_ESTADO) values ('604','431','2','1');
Insert into MRVMM.T_GEND_INICIATIVA_UBICACION (ID_INICIATIVA_UBICACION,ID_INICIATIVA,ID_UBICACION,FLAG_ESTADO) values ('609','434','1','1');
Insert into MRVMM.T_GEND_INICIATIVA_UBICACION (ID_INICIATIVA_UBICACION,ID_INICIATIVA,ID_UBICACION,FLAG_ESTADO) values ('484','343','1','1');
Insert into MRVMM.T_GEND_INICIATIVA_UBICACION (ID_INICIATIVA_UBICACION,ID_INICIATIVA,ID_UBICACION,FLAG_ESTADO) values ('485','343','2','1');
Insert into MRVMM.T_GEND_INICIATIVA_UBICACION (ID_INICIATIVA_UBICACION,ID_INICIATIVA,ID_UBICACION,FLAG_ESTADO) values ('610','434','2','1');
Insert into MRVMM.T_GEND_INICIATIVA_UBICACION (ID_INICIATIVA_UBICACION,ID_INICIATIVA,ID_UBICACION,FLAG_ESTADO) values ('614','437','3','1');
Insert into MRVMM.T_GEND_INICIATIVA_UBICACION (ID_INICIATIVA_UBICACION,ID_INICIATIVA,ID_UBICACION,FLAG_ESTADO) values ('616','438','2','1');
Insert into MRVMM.T_GEND_INICIATIVA_UBICACION (ID_INICIATIVA_UBICACION,ID_INICIATIVA,ID_UBICACION,FLAG_ESTADO) values ('647','445','1','1');
Insert into MRVMM.T_GEND_INICIATIVA_UBICACION (ID_INICIATIVA_UBICACION,ID_INICIATIVA,ID_UBICACION,FLAG_ESTADO) values ('651','448','1','1');
Insert into MRVMM.T_GEND_INICIATIVA_UBICACION (ID_INICIATIVA_UBICACION,ID_INICIATIVA,ID_UBICACION,FLAG_ESTADO) values ('652','448','2','1');
Insert into MRVMM.T_GEND_INICIATIVA_UBICACION (ID_INICIATIVA_UBICACION,ID_INICIATIVA,ID_UBICACION,FLAG_ESTADO) values ('653','449','3','1');
Insert into MRVMM.T_GEND_INICIATIVA_UBICACION (ID_INICIATIVA_UBICACION,ID_INICIATIVA,ID_UBICACION,FLAG_ESTADO) values ('654','449','4','1');
Insert into MRVMM.T_GEND_INICIATIVA_UBICACION (ID_INICIATIVA_UBICACION,ID_INICIATIVA,ID_UBICACION,FLAG_ESTADO) values ('657','452','2','1');
Insert into MRVMM.T_GEND_INICIATIVA_UBICACION (ID_INICIATIVA_UBICACION,ID_INICIATIVA,ID_UBICACION,FLAG_ESTADO) values ('702','482','7','1');
Insert into MRVMM.T_GEND_INICIATIVA_UBICACION (ID_INICIATIVA_UBICACION,ID_INICIATIVA,ID_UBICACION,FLAG_ESTADO) values ('703','482','15','1');
Insert into MRVMM.T_GEND_INICIATIVA_UBICACION (ID_INICIATIVA_UBICACION,ID_INICIATIVA,ID_UBICACION,FLAG_ESTADO) values ('706','484','2','1');
Insert into MRVMM.T_GEND_INICIATIVA_UBICACION (ID_INICIATIVA_UBICACION,ID_INICIATIVA,ID_UBICACION,FLAG_ESTADO) values ('707','485','1','1');
Insert into MRVMM.T_GEND_INICIATIVA_UBICACION (ID_INICIATIVA_UBICACION,ID_INICIATIVA,ID_UBICACION,FLAG_ESTADO) values ('708','485','2','1');
Insert into MRVMM.T_GEND_INICIATIVA_UBICACION (ID_INICIATIVA_UBICACION,ID_INICIATIVA,ID_UBICACION,FLAG_ESTADO) values ('741','521','15','1');
Insert into MRVMM.T_GEND_INICIATIVA_UBICACION (ID_INICIATIVA_UBICACION,ID_INICIATIVA,ID_UBICACION,FLAG_ESTADO) values ('765','543','1','1');
Insert into MRVMM.T_GEND_INICIATIVA_UBICACION (ID_INICIATIVA_UBICACION,ID_INICIATIVA,ID_UBICACION,FLAG_ESTADO) values ('766','543','2','1');
Insert into MRVMM.T_GEND_INICIATIVA_UBICACION (ID_INICIATIVA_UBICACION,ID_INICIATIVA,ID_UBICACION,FLAG_ESTADO) values ('767','544','1','1');
Insert into MRVMM.T_GEND_INICIATIVA_UBICACION (ID_INICIATIVA_UBICACION,ID_INICIATIVA,ID_UBICACION,FLAG_ESTADO) values ('768','544','2','1');
Insert into MRVMM.T_GEND_INICIATIVA_UBICACION (ID_INICIATIVA_UBICACION,ID_INICIATIVA,ID_UBICACION,FLAG_ESTADO) values ('796','568','1','1');
Insert into MRVMM.T_GEND_INICIATIVA_UBICACION (ID_INICIATIVA_UBICACION,ID_INICIATIVA,ID_UBICACION,FLAG_ESTADO) values ('797','568','2','1');
Insert into MRVMM.T_GEND_INICIATIVA_UBICACION (ID_INICIATIVA_UBICACION,ID_INICIATIVA,ID_UBICACION,FLAG_ESTADO) values ('649','446','2','1');
Insert into MRVMM.T_GEND_INICIATIVA_UBICACION (ID_INICIATIVA_UBICACION,ID_INICIATIVA,ID_UBICACION,FLAG_ESTADO) values ('681','461','7','1');
Insert into MRVMM.T_GEND_INICIATIVA_UBICACION (ID_INICIATIVA_UBICACION,ID_INICIATIVA,ID_UBICACION,FLAG_ESTADO) values ('691','468','11','1');
Insert into MRVMM.T_GEND_INICIATIVA_UBICACION (ID_INICIATIVA_UBICACION,ID_INICIATIVA,ID_UBICACION,FLAG_ESTADO) values ('692','468','15','1');
Insert into MRVMM.T_GEND_INICIATIVA_UBICACION (ID_INICIATIVA_UBICACION,ID_INICIATIVA,ID_UBICACION,FLAG_ESTADO) values ('701','481','7','1');
Insert into MRVMM.T_GEND_INICIATIVA_UBICACION (ID_INICIATIVA_UBICACION,ID_INICIATIVA,ID_UBICACION,FLAG_ESTADO) values ('761','390','4','1');
Insert into MRVMM.T_GEND_INICIATIVA_UBICACION (ID_INICIATIVA_UBICACION,ID_INICIATIVA,ID_UBICACION,FLAG_ESTADO) values ('762','390','5','1');
Insert into MRVMM.T_GEND_INICIATIVA_UBICACION (ID_INICIATIVA_UBICACION,ID_INICIATIVA,ID_UBICACION,FLAG_ESTADO) values ('598','427','15','1');
Insert into MRVMM.T_GEND_INICIATIVA_UBICACION (ID_INICIATIVA_UBICACION,ID_INICIATIVA,ID_UBICACION,FLAG_ESTADO) values ('648','446','1','1');
Insert into MRVMM.T_GEND_INICIATIVA_UBICACION (ID_INICIATIVA_UBICACION,ID_INICIATIVA,ID_UBICACION,FLAG_ESTADO) values ('521','373','15','1');
Insert into MRVMM.T_GEND_INICIATIVA_UBICACION (ID_INICIATIVA_UBICACION,ID_INICIATIVA,ID_UBICACION,FLAG_ESTADO) values ('522','374','15','1');
Insert into MRVMM.T_GEND_INICIATIVA_UBICACION (ID_INICIATIVA_UBICACION,ID_INICIATIVA,ID_UBICACION,FLAG_ESTADO) values ('523','375','1','1');
Insert into MRVMM.T_GEND_INICIATIVA_UBICACION (ID_INICIATIVA_UBICACION,ID_INICIATIVA,ID_UBICACION,FLAG_ESTADO) values ('524','375','2','1');
Insert into MRVMM.T_GEND_INICIATIVA_UBICACION (ID_INICIATIVA_UBICACION,ID_INICIATIVA,ID_UBICACION,FLAG_ESTADO) values ('526','379','1','1');
Insert into MRVMM.T_GEND_INICIATIVA_UBICACION (ID_INICIATIVA_UBICACION,ID_INICIATIVA,ID_UBICACION,FLAG_ESTADO) values ('527','379','2','1');
Insert into MRVMM.T_GEND_INICIATIVA_UBICACION (ID_INICIATIVA_UBICACION,ID_INICIATIVA,ID_UBICACION,FLAG_ESTADO) values ('528','380','1','1');
Insert into MRVMM.T_GEND_INICIATIVA_UBICACION (ID_INICIATIVA_UBICACION,ID_INICIATIVA,ID_UBICACION,FLAG_ESTADO) values ('529','381','1','1');
Insert into MRVMM.T_GEND_INICIATIVA_UBICACION (ID_INICIATIVA_UBICACION,ID_INICIATIVA,ID_UBICACION,FLAG_ESTADO) values ('530','381','2','1');
Insert into MRVMM.T_GEND_INICIATIVA_UBICACION (ID_INICIATIVA_UBICACION,ID_INICIATIVA,ID_UBICACION,FLAG_ESTADO) values ('536','383','7','1');
Insert into MRVMM.T_GEND_INICIATIVA_UBICACION (ID_INICIATIVA_UBICACION,ID_INICIATIVA,ID_UBICACION,FLAG_ESTADO) values ('537','386','2','1');
Insert into MRVMM.T_GEND_INICIATIVA_UBICACION (ID_INICIATIVA_UBICACION,ID_INICIATIVA,ID_UBICACION,FLAG_ESTADO) values ('538','386','3','1');
Insert into MRVMM.T_GEND_INICIATIVA_UBICACION (ID_INICIATIVA_UBICACION,ID_INICIATIVA,ID_UBICACION,FLAG_ESTADO) values ('539','387','1','1');
Insert into MRVMM.T_GEND_INICIATIVA_UBICACION (ID_INICIATIVA_UBICACION,ID_INICIATIVA,ID_UBICACION,FLAG_ESTADO) values ('541','389','1','1');
Insert into MRVMM.T_GEND_INICIATIVA_UBICACION (ID_INICIATIVA_UBICACION,ID_INICIATIVA,ID_UBICACION,FLAG_ESTADO) values ('542','389','2','1');
Insert into MRVMM.T_GEND_INICIATIVA_UBICACION (ID_INICIATIVA_UBICACION,ID_INICIATIVA,ID_UBICACION,FLAG_ESTADO) values ('543','390','1','1');
Insert into MRVMM.T_GEND_INICIATIVA_UBICACION (ID_INICIATIVA_UBICACION,ID_INICIATIVA,ID_UBICACION,FLAG_ESTADO) values ('544','390','2','1');
Insert into MRVMM.T_GEND_INICIATIVA_UBICACION (ID_INICIATIVA_UBICACION,ID_INICIATIVA,ID_UBICACION,FLAG_ESTADO) values ('545','391','1','1');
Insert into MRVMM.T_GEND_INICIATIVA_UBICACION (ID_INICIATIVA_UBICACION,ID_INICIATIVA,ID_UBICACION,FLAG_ESTADO) values ('546','391','2','1');
Insert into MRVMM.T_GEND_INICIATIVA_UBICACION (ID_INICIATIVA_UBICACION,ID_INICIATIVA,ID_UBICACION,FLAG_ESTADO) values ('549','394','15','1');
Insert into MRVMM.T_GEND_INICIATIVA_UBICACION (ID_INICIATIVA_UBICACION,ID_INICIATIVA,ID_UBICACION,FLAG_ESTADO) values ('561','401','15','1');
Insert into MRVMM.T_GEND_INICIATIVA_UBICACION (ID_INICIATIVA_UBICACION,ID_INICIATIVA,ID_UBICACION,FLAG_ESTADO) values ('582','422','20','1');
Insert into MRVMM.T_GEND_INICIATIVA_UBICACION (ID_INICIATIVA_UBICACION,ID_INICIATIVA,ID_UBICACION,FLAG_ESTADO) values ('583','422','21','1');
Insert into MRVMM.T_GEND_INICIATIVA_UBICACION (ID_INICIATIVA_UBICACION,ID_INICIATIVA,ID_UBICACION,FLAG_ESTADO) values ('584','422','22','1');
Insert into MRVMM.T_GEND_INICIATIVA_UBICACION (ID_INICIATIVA_UBICACION,ID_INICIATIVA,ID_UBICACION,FLAG_ESTADO) values ('585','422','23','1');
Insert into MRVMM.T_GEND_INICIATIVA_UBICACION (ID_INICIATIVA_UBICACION,ID_INICIATIVA,ID_UBICACION,FLAG_ESTADO) values ('586','422','24','1');
Insert into MRVMM.T_GEND_INICIATIVA_UBICACION (ID_INICIATIVA_UBICACION,ID_INICIATIVA,ID_UBICACION,FLAG_ESTADO) values ('592','425','15','1');
Insert into MRVMM.T_GEND_INICIATIVA_UBICACION (ID_INICIATIVA_UBICACION,ID_INICIATIVA,ID_UBICACION,FLAG_ESTADO) values ('593','426','1','1');
Insert into MRVMM.T_GEND_INICIATIVA_UBICACION (ID_INICIATIVA_UBICACION,ID_INICIATIVA,ID_UBICACION,FLAG_ESTADO) values ('594','426','2','1');
Insert into MRVMM.T_GEND_INICIATIVA_UBICACION (ID_INICIATIVA_UBICACION,ID_INICIATIVA,ID_UBICACION,FLAG_ESTADO) values ('595','426','3','1');
Insert into MRVMM.T_GEND_INICIATIVA_UBICACION (ID_INICIATIVA_UBICACION,ID_INICIATIVA,ID_UBICACION,FLAG_ESTADO) values ('596','426','4','1');
Insert into MRVMM.T_GEND_INICIATIVA_UBICACION (ID_INICIATIVA_UBICACION,ID_INICIATIVA,ID_UBICACION,FLAG_ESTADO) values ('597','426','5','1');
Insert into MRVMM.T_GEND_INICIATIVA_UBICACION (ID_INICIATIVA_UBICACION,ID_INICIATIVA,ID_UBICACION,FLAG_ESTADO) values ('599','428','15','1');
Insert into MRVMM.T_GEND_INICIATIVA_UBICACION (ID_INICIATIVA_UBICACION,ID_INICIATIVA,ID_UBICACION,FLAG_ESTADO) values ('605','432','1','1');
Insert into MRVMM.T_GEND_INICIATIVA_UBICACION (ID_INICIATIVA_UBICACION,ID_INICIATIVA,ID_UBICACION,FLAG_ESTADO) values ('606','432','2','1');
Insert into MRVMM.T_GEND_INICIATIVA_UBICACION (ID_INICIATIVA_UBICACION,ID_INICIATIVA,ID_UBICACION,FLAG_ESTADO) values ('607','433','1','1');
Insert into MRVMM.T_GEND_INICIATIVA_UBICACION (ID_INICIATIVA_UBICACION,ID_INICIATIVA,ID_UBICACION,FLAG_ESTADO) values ('608','433','2','1');
Insert into MRVMM.T_GEND_INICIATIVA_UBICACION (ID_INICIATIVA_UBICACION,ID_INICIATIVA,ID_UBICACION,FLAG_ESTADO) values ('613','436','2','1');
Insert into MRVMM.T_GEND_INICIATIVA_UBICACION (ID_INICIATIVA_UBICACION,ID_INICIATIVA,ID_UBICACION,FLAG_ESTADO) values ('615','437','4','1');
Insert into MRVMM.T_GEND_INICIATIVA_UBICACION (ID_INICIATIVA_UBICACION,ID_INICIATIVA,ID_UBICACION,FLAG_ESTADO) values ('617','439','2','1');
Insert into MRVMM.T_GEND_INICIATIVA_UBICACION (ID_INICIATIVA_UBICACION,ID_INICIATIVA,ID_UBICACION,FLAG_ESTADO) values ('618','440','2','1');
Insert into MRVMM.T_GEND_INICIATIVA_UBICACION (ID_INICIATIVA_UBICACION,ID_INICIATIVA,ID_UBICACION,FLAG_ESTADO) values ('619','441','3','1');
Insert into MRVMM.T_GEND_INICIATIVA_UBICACION (ID_INICIATIVA_UBICACION,ID_INICIATIVA,ID_UBICACION,FLAG_ESTADO) values ('620','442','1','1');
Insert into MRVMM.T_GEND_INICIATIVA_UBICACION (ID_INICIATIVA_UBICACION,ID_INICIATIVA,ID_UBICACION,FLAG_ESTADO) values ('650','447','9','1');
Insert into MRVMM.T_GEND_INICIATIVA_UBICACION (ID_INICIATIVA_UBICACION,ID_INICIATIVA,ID_UBICACION,FLAG_ESTADO) values ('655','450','15','1');
Insert into MRVMM.T_GEND_INICIATIVA_UBICACION (ID_INICIATIVA_UBICACION,ID_INICIATIVA,ID_UBICACION,FLAG_ESTADO) values ('661','454','1','1');
Insert into MRVMM.T_GEND_INICIATIVA_UBICACION (ID_INICIATIVA_UBICACION,ID_INICIATIVA,ID_UBICACION,FLAG_ESTADO) values ('662','454','2','1');
Insert into MRVMM.T_GEND_INICIATIVA_UBICACION (ID_INICIATIVA_UBICACION,ID_INICIATIVA,ID_UBICACION,FLAG_ESTADO) values ('683','463','1','1');
Insert into MRVMM.T_GEND_INICIATIVA_UBICACION (ID_INICIATIVA_UBICACION,ID_INICIATIVA,ID_UBICACION,FLAG_ESTADO) values ('688','465','15','1');
Insert into MRVMM.T_GEND_INICIATIVA_UBICACION (ID_INICIATIVA_UBICACION,ID_INICIATIVA,ID_UBICACION,FLAG_ESTADO) values ('689','466','7','1');
Insert into MRVMM.T_GEND_INICIATIVA_UBICACION (ID_INICIATIVA_UBICACION,ID_INICIATIVA,ID_UBICACION,FLAG_ESTADO) values ('690','467','15','1');
Insert into MRVMM.T_GEND_INICIATIVA_UBICACION (ID_INICIATIVA_UBICACION,ID_INICIATIVA,ID_UBICACION,FLAG_ESTADO) values ('723','502','4','1');
Insert into MRVMM.T_GEND_INICIATIVA_UBICACION (ID_INICIATIVA_UBICACION,ID_INICIATIVA,ID_UBICACION,FLAG_ESTADO) values ('830','585','1','1');
Insert into MRVMM.T_GEND_INICIATIVA_UBICACION (ID_INICIATIVA_UBICACION,ID_INICIATIVA,ID_UBICACION,FLAG_ESTADO) values ('834','588','3','1');
Insert into MRVMM.T_GEND_INICIATIVA_UBICACION (ID_INICIATIVA_UBICACION,ID_INICIATIVA,ID_UBICACION,FLAG_ESTADO) values ('519','372','1','1');
Insert into MRVMM.T_GEND_INICIATIVA_UBICACION (ID_INICIATIVA_UBICACION,ID_INICIATIVA,ID_UBICACION,FLAG_ESTADO) values ('520','372','2','1');
Insert into MRVMM.T_GEND_INICIATIVA_UBICACION (ID_INICIATIVA_UBICACION,ID_INICIATIVA,ID_UBICACION,FLAG_ESTADO) values ('547','392','15','1');
Insert into MRVMM.T_GEND_INICIATIVA_UBICACION (ID_INICIATIVA_UBICACION,ID_INICIATIVA,ID_UBICACION,FLAG_ESTADO) values ('548','393','9','1');
Insert into MRVMM.T_GEND_INICIATIVA_UBICACION (ID_INICIATIVA_UBICACION,ID_INICIATIVA,ID_UBICACION,FLAG_ESTADO) values ('550','395','15','1');
Insert into MRVMM.T_GEND_INICIATIVA_UBICACION (ID_INICIATIVA_UBICACION,ID_INICIATIVA,ID_UBICACION,FLAG_ESTADO) values ('581','421','15','1');
Insert into MRVMM.T_GEND_INICIATIVA_UBICACION (ID_INICIATIVA_UBICACION,ID_INICIATIVA,ID_UBICACION,FLAG_ESTADO) values ('587','423','1','1');
Insert into MRVMM.T_GEND_INICIATIVA_UBICACION (ID_INICIATIVA_UBICACION,ID_INICIATIVA,ID_UBICACION,FLAG_ESTADO) values ('588','423','2','1');
Insert into MRVMM.T_GEND_INICIATIVA_UBICACION (ID_INICIATIVA_UBICACION,ID_INICIATIVA,ID_UBICACION,FLAG_ESTADO) values ('589','424','1','1');
Insert into MRVMM.T_GEND_INICIATIVA_UBICACION (ID_INICIATIVA_UBICACION,ID_INICIATIVA,ID_UBICACION,FLAG_ESTADO) values ('590','424','2','1');
Insert into MRVMM.T_GEND_INICIATIVA_UBICACION (ID_INICIATIVA_UBICACION,ID_INICIATIVA,ID_UBICACION,FLAG_ESTADO) values ('591','424','3','1');
Insert into MRVMM.T_GEND_INICIATIVA_UBICACION (ID_INICIATIVA_UBICACION,ID_INICIATIVA,ID_UBICACION,FLAG_ESTADO) values ('600','429','1','1');
Insert into MRVMM.T_GEND_INICIATIVA_UBICACION (ID_INICIATIVA_UBICACION,ID_INICIATIVA,ID_UBICACION,FLAG_ESTADO) values ('601','429','2','1');
Insert into MRVMM.T_GEND_INICIATIVA_UBICACION (ID_INICIATIVA_UBICACION,ID_INICIATIVA,ID_UBICACION,FLAG_ESTADO) values ('602','430','15','1');
Insert into MRVMM.T_GEND_INICIATIVA_UBICACION (ID_INICIATIVA_UBICACION,ID_INICIATIVA,ID_UBICACION,FLAG_ESTADO) values ('611','435','1','1');
Insert into MRVMM.T_GEND_INICIATIVA_UBICACION (ID_INICIATIVA_UBICACION,ID_INICIATIVA,ID_UBICACION,FLAG_ESTADO) values ('612','435','2','1');
Insert into MRVMM.T_GEND_INICIATIVA_UBICACION (ID_INICIATIVA_UBICACION,ID_INICIATIVA,ID_UBICACION,FLAG_ESTADO) values ('621','443','1','1');
Insert into MRVMM.T_GEND_INICIATIVA_UBICACION (ID_INICIATIVA_UBICACION,ID_INICIATIVA,ID_UBICACION,FLAG_ESTADO) values ('622','444','1','1');
Insert into MRVMM.T_GEND_INICIATIVA_UBICACION (ID_INICIATIVA_UBICACION,ID_INICIATIVA,ID_UBICACION,FLAG_ESTADO) values ('623','444','2','1');
Insert into MRVMM.T_GEND_INICIATIVA_UBICACION (ID_INICIATIVA_UBICACION,ID_INICIATIVA,ID_UBICACION,FLAG_ESTADO) values ('624','444','3','1');
Insert into MRVMM.T_GEND_INICIATIVA_UBICACION (ID_INICIATIVA_UBICACION,ID_INICIATIVA,ID_UBICACION,FLAG_ESTADO) values ('625','444','4','1');
Insert into MRVMM.T_GEND_INICIATIVA_UBICACION (ID_INICIATIVA_UBICACION,ID_INICIATIVA,ID_UBICACION,FLAG_ESTADO) values ('626','444','5','1');
Insert into MRVMM.T_GEND_INICIATIVA_UBICACION (ID_INICIATIVA_UBICACION,ID_INICIATIVA,ID_UBICACION,FLAG_ESTADO) values ('627','444','6','1');
Insert into MRVMM.T_GEND_INICIATIVA_UBICACION (ID_INICIATIVA_UBICACION,ID_INICIATIVA,ID_UBICACION,FLAG_ESTADO) values ('483','342','1','1');
Insert into MRVMM.T_GEND_INICIATIVA_UBICACION (ID_INICIATIVA_UBICACION,ID_INICIATIVA,ID_UBICACION,FLAG_ESTADO) values ('525','376','8','1');
Insert into MRVMM.T_GEND_INICIATIVA_UBICACION (ID_INICIATIVA_UBICACION,ID_INICIATIVA,ID_UBICACION,FLAG_ESTADO) values ('628','444','7','1');
Insert into MRVMM.T_GEND_INICIATIVA_UBICACION (ID_INICIATIVA_UBICACION,ID_INICIATIVA,ID_UBICACION,FLAG_ESTADO) values ('629','444','8','1');
Insert into MRVMM.T_GEND_INICIATIVA_UBICACION (ID_INICIATIVA_UBICACION,ID_INICIATIVA,ID_UBICACION,FLAG_ESTADO) values ('630','444','9','1');
Insert into MRVMM.T_GEND_INICIATIVA_UBICACION (ID_INICIATIVA_UBICACION,ID_INICIATIVA,ID_UBICACION,FLAG_ESTADO) values ('631','444','10','1');
Insert into MRVMM.T_GEND_INICIATIVA_UBICACION (ID_INICIATIVA_UBICACION,ID_INICIATIVA,ID_UBICACION,FLAG_ESTADO) values ('632','444','11','1');
Insert into MRVMM.T_GEND_INICIATIVA_UBICACION (ID_INICIATIVA_UBICACION,ID_INICIATIVA,ID_UBICACION,FLAG_ESTADO) values ('633','444','12','1');
Insert into MRVMM.T_GEND_INICIATIVA_UBICACION (ID_INICIATIVA_UBICACION,ID_INICIATIVA,ID_UBICACION,FLAG_ESTADO) values ('634','444','13','1');
Insert into MRVMM.T_GEND_INICIATIVA_UBICACION (ID_INICIATIVA_UBICACION,ID_INICIATIVA,ID_UBICACION,FLAG_ESTADO) values ('635','444','14','1');
Insert into MRVMM.T_GEND_INICIATIVA_UBICACION (ID_INICIATIVA_UBICACION,ID_INICIATIVA,ID_UBICACION,FLAG_ESTADO) values ('636','444','15','1');
Insert into MRVMM.T_GEND_INICIATIVA_UBICACION (ID_INICIATIVA_UBICACION,ID_INICIATIVA,ID_UBICACION,FLAG_ESTADO) values ('637','444','16','1');
Insert into MRVMM.T_GEND_INICIATIVA_UBICACION (ID_INICIATIVA_UBICACION,ID_INICIATIVA,ID_UBICACION,FLAG_ESTADO) values ('638','444','17','1');
Insert into MRVMM.T_GEND_INICIATIVA_UBICACION (ID_INICIATIVA_UBICACION,ID_INICIATIVA,ID_UBICACION,FLAG_ESTADO) values ('639','444','18','1');
Insert into MRVMM.T_GEND_INICIATIVA_UBICACION (ID_INICIATIVA_UBICACION,ID_INICIATIVA,ID_UBICACION,FLAG_ESTADO) values ('640','444','19','1');
Insert into MRVMM.T_GEND_INICIATIVA_UBICACION (ID_INICIATIVA_UBICACION,ID_INICIATIVA,ID_UBICACION,FLAG_ESTADO) values ('641','444','20','1');
Insert into MRVMM.T_GEND_INICIATIVA_UBICACION (ID_INICIATIVA_UBICACION,ID_INICIATIVA,ID_UBICACION,FLAG_ESTADO) values ('642','444','21','1');
Insert into MRVMM.T_GEND_INICIATIVA_UBICACION (ID_INICIATIVA_UBICACION,ID_INICIATIVA,ID_UBICACION,FLAG_ESTADO) values ('643','444','22','1');
Insert into MRVMM.T_GEND_INICIATIVA_UBICACION (ID_INICIATIVA_UBICACION,ID_INICIATIVA,ID_UBICACION,FLAG_ESTADO) values ('644','444','23','1');
Insert into MRVMM.T_GEND_INICIATIVA_UBICACION (ID_INICIATIVA_UBICACION,ID_INICIATIVA,ID_UBICACION,FLAG_ESTADO) values ('645','444','24','1');
Insert into MRVMM.T_GEND_INICIATIVA_UBICACION (ID_INICIATIVA_UBICACION,ID_INICIATIVA,ID_UBICACION,FLAG_ESTADO) values ('646','444','25','1');
Insert into MRVMM.T_GEND_INICIATIVA_UBICACION (ID_INICIATIVA_UBICACION,ID_INICIATIVA,ID_UBICACION,FLAG_ESTADO) values ('656','451','11','1');
Insert into MRVMM.T_GEND_INICIATIVA_UBICACION (ID_INICIATIVA_UBICACION,ID_INICIATIVA,ID_UBICACION,FLAG_ESTADO) values ('658','452','3','1');
Insert into MRVMM.T_GEND_INICIATIVA_UBICACION (ID_INICIATIVA_UBICACION,ID_INICIATIVA,ID_UBICACION,FLAG_ESTADO) values ('659','453','1','1');
Insert into MRVMM.T_GEND_INICIATIVA_UBICACION (ID_INICIATIVA_UBICACION,ID_INICIATIVA,ID_UBICACION,FLAG_ESTADO) values ('660','453','2','1');
Insert into MRVMM.T_GEND_INICIATIVA_UBICACION (ID_INICIATIVA_UBICACION,ID_INICIATIVA,ID_UBICACION,FLAG_ESTADO) values ('687','464','3','1');
Insert into MRVMM.T_GEND_INICIATIVA_UBICACION (ID_INICIATIVA_UBICACION,ID_INICIATIVA,ID_UBICACION,FLAG_ESTADO) values ('704','483','1','1');
Insert into MRVMM.T_GEND_INICIATIVA_UBICACION (ID_INICIATIVA_UBICACION,ID_INICIATIVA,ID_UBICACION,FLAG_ESTADO) values ('705','483','2','1');
Insert into MRVMM.T_GEND_INICIATIVA_UBICACION (ID_INICIATIVA_UBICACION,ID_INICIATIVA,ID_UBICACION,FLAG_ESTADO) values ('722','502','2','1');
Insert into MRVMM.T_GEND_INICIATIVA_UBICACION (ID_INICIATIVA_UBICACION,ID_INICIATIVA,ID_UBICACION,FLAG_ESTADO) values ('781','561','9','1');
Insert into MRVMM.T_GEND_INICIATIVA_UBICACION (ID_INICIATIVA_UBICACION,ID_INICIATIVA,ID_UBICACION,FLAG_ESTADO) values ('785','563','1','1');
Insert into MRVMM.T_GEND_INICIATIVA_UBICACION (ID_INICIATIVA_UBICACION,ID_INICIATIVA,ID_UBICACION,FLAG_ESTADO) values ('786','563','2','1');
Insert into MRVMM.T_GEND_INICIATIVA_UBICACION (ID_INICIATIVA_UBICACION,ID_INICIATIVA,ID_UBICACION,FLAG_ESTADO) values ('787','564','1','1');
Insert into MRVMM.T_GEND_INICIATIVA_UBICACION (ID_INICIATIVA_UBICACION,ID_INICIATIVA,ID_UBICACION,FLAG_ESTADO) values ('788','564','2','1');
Insert into MRVMM.T_GEND_INICIATIVA_UBICACION (ID_INICIATIVA_UBICACION,ID_INICIATIVA,ID_UBICACION,FLAG_ESTADO) values ('789','565','1','1');
Insert into MRVMM.T_GEND_INICIATIVA_UBICACION (ID_INICIATIVA_UBICACION,ID_INICIATIVA,ID_UBICACION,FLAG_ESTADO) values ('790','565','2','1');
Insert into MRVMM.T_GEND_INICIATIVA_UBICACION (ID_INICIATIVA_UBICACION,ID_INICIATIVA,ID_UBICACION,FLAG_ESTADO) values ('791','566','5','1');
Insert into MRVMM.T_GEND_INICIATIVA_UBICACION (ID_INICIATIVA_UBICACION,ID_INICIATIVA,ID_UBICACION,FLAG_ESTADO) values ('792','566','6','1');
Insert into MRVMM.T_GEND_INICIATIVA_UBICACION (ID_INICIATIVA_UBICACION,ID_INICIATIVA,ID_UBICACION,FLAG_ESTADO) values ('800','570','1','1');
Insert into MRVMM.T_GEND_INICIATIVA_UBICACION (ID_INICIATIVA_UBICACION,ID_INICIATIVA,ID_UBICACION,FLAG_ESTADO) values ('801','570','7','1');
Insert into MRVMM.T_GEND_INICIATIVA_UBICACION (ID_INICIATIVA_UBICACION,ID_INICIATIVA,ID_UBICACION,FLAG_ESTADO) values ('821','581','1','1');
Insert into MRVMM.T_GEND_INICIATIVA_UBICACION (ID_INICIATIVA_UBICACION,ID_INICIATIVA,ID_UBICACION,FLAG_ESTADO) values ('825','583','1','1');
Insert into MRVMM.T_GEND_INICIATIVA_UBICACION (ID_INICIATIVA_UBICACION,ID_INICIATIVA,ID_UBICACION,FLAG_ESTADO) values ('826','583','3','1');
Insert into MRVMM.T_GEND_INICIATIVA_UBICACION (ID_INICIATIVA_UBICACION,ID_INICIATIVA,ID_UBICACION,FLAG_ESTADO) values ('827','583','5','1');
Insert into MRVMM.T_GEND_INICIATIVA_UBICACION (ID_INICIATIVA_UBICACION,ID_INICIATIVA,ID_UBICACION,FLAG_ESTADO) values ('828','584','1','1');
Insert into MRVMM.T_GEND_INICIATIVA_UBICACION (ID_INICIATIVA_UBICACION,ID_INICIATIVA,ID_UBICACION,FLAG_ESTADO) values ('829','584','2','1');
Insert into MRVMM.T_GEND_INICIATIVA_UBICACION (ID_INICIATIVA_UBICACION,ID_INICIATIVA,ID_UBICACION,FLAG_ESTADO) values ('831','586','1','1');
REM INSERTING into MRVMM.T_GEND_INI_TIPDOCAVAL
SET DEFINE OFF;
REM INSERTING into MRVMM.T_GEND_MEDMIT_GEI
SET DEFINE OFF;
REM INSERTING into MRVMM.T_GEND_TOOLTIP
SET DEFINE OFF;
Insert into MRVMM.T_GEND_TOOLTIP (ID_TOOLTIP,ID_AYUDATOOLTIP,SECCION_TOOLTIP,DESCRIPCION_TOOLTIP,FLAG_ESTADO) values ('1','1','titulo de registro de iniciativa','Complete los campos obligatorios para registrar una nueva iniciativa de mitigación','1');
Insert into MRVMM.T_GEND_TOOLTIP (ID_TOOLTIP,ID_AYUDATOOLTIP,SECCION_TOOLTIP,DESCRIPCION_TOOLTIP,FLAG_ESTADO) values ('2','1','boton cambiar de medida','No te preocupes, que podrás cambiar la medida de mitigacion en cualquier momento','1');
Insert into MRVMM.T_GEND_TOOLTIP (ID_TOOLTIP,ID_AYUDATOOLTIP,SECCION_TOOLTIP,DESCRIPCION_TOOLTIP,FLAG_ESTADO) values ('3','1','boton solicitar revision','Una vez complete todos los campos solicite una revisión para su iniciativa de mitigación','1');
Insert into MRVMM.T_GEND_TOOLTIP (ID_TOOLTIP,ID_AYUDATOOLTIP,SECCION_TOOLTIP,DESCRIPCION_TOOLTIP,FLAG_ESTADO) values ('4','1','boton guardar avances','¿No tiene toda la información de su inicitiva?, guarde sus avances y retómelo después','1');
Insert into MRVMM.T_GEND_TOOLTIP (ID_TOOLTIP,ID_AYUDATOOLTIP,SECCION_TOOLTIP,DESCRIPCION_TOOLTIP,FLAG_ESTADO) values ('5','1','nombre de la iniciativa','En caso no posea un nombre, coloque el nombre de la medida de mitigación seguido de un guión y nombre o siglas de la institución.','1');
Insert into MRVMM.T_GEND_TOOLTIP (ID_TOOLTIP,ID_AYUDATOOLTIP,SECCION_TOOLTIP,DESCRIPCION_TOOLTIP,FLAG_ESTADO) values ('6','1','descripcion de la iniciativa','Indicar la ubicación, tecnología considerada y cantidades de la misma.','1');
Insert into MRVMM.T_GEND_TOOLTIP (ID_TOOLTIP,ID_AYUDATOOLTIP,SECCION_TOOLTIP,DESCRIPCION_TOOLTIP,FLAG_ESTADO) values ('7','1','ubicacion','Seleccione una o varias ubicaciones - regiones','1');
Insert into MRVMM.T_GEND_TOOLTIP (ID_TOOLTIP,ID_AYUDATOOLTIP,SECCION_TOOLTIP,DESCRIPCION_TOOLTIP,FLAG_ESTADO) values ('8','1','monto de inversion','Indique el monto total que costó su inversión','1');
Insert into MRVMM.T_GEND_TOOLTIP (ID_TOOLTIP,ID_AYUDATOOLTIP,SECCION_TOOLTIP,DESCRIPCION_TOOLTIP,FLAG_ESTADO) values ('9','1','fecha de inicio del proyecto','Indique la fecha de inicio del proyecto','1');
Insert into MRVMM.T_GEND_TOOLTIP (ID_TOOLTIP,ID_AYUDATOOLTIP,SECCION_TOOLTIP,DESCRIPCION_TOOLTIP,FLAG_ESTADO) values ('10','1','fecha de fin del proyecto','Indique la fecha de finalización del proyecto','1');
Insert into MRVMM.T_GEND_TOOLTIP (ID_TOOLTIP,ID_AYUDATOOLTIP,SECCION_TOOLTIP,DESCRIPCION_TOOLTIP,FLAG_ESTADO) values ('11','1','energetico asociado','Seleccione uno o varios energéticos asociados de acuerdo a la medida de mitigación seleccionada','1');
Insert into MRVMM.T_GEND_TOOLTIP (ID_TOOLTIP,ID_AYUDATOOLTIP,SECCION_TOOLTIP,DESCRIPCION_TOOLTIP,FLAG_ESTADO) values ('12','1','gases de efecto invernadero','Seleccione uno o varios GEI de acuerdo a la medida de mitigación seleccionada','1');
Insert into MRVMM.T_GEND_TOOLTIP (ID_TOOLTIP,ID_AYUDATOOLTIP,SECCION_TOOLTIP,DESCRIPCION_TOOLTIP,FLAG_ESTADO) values ('13','2','buscar','Ingrese si conoce el nombre de la iniciativa o la(s) palabra(s) asociada(s) a las iniciativas de interés. En caso de no encontrar resultados acceda a la búsqueda avanzada.','1');
Insert into MRVMM.T_GEND_TOOLTIP (ID_TOOLTIP,ID_AYUDATOOLTIP,SECCION_TOOLTIP,DESCRIPCION_TOOLTIP,FLAG_ESTADO) values ('14','2','bandeja de iniciativas de mitigacion','Bandeja de todas las iniciativas de mitigación públicas','1');
Insert into MRVMM.T_GEND_TOOLTIP (ID_TOOLTIP,ID_AYUDATOOLTIP,SECCION_TOOLTIP,DESCRIPCION_TOOLTIP,FLAG_ESTADO) values ('15','3','bandeja de iniciativas de mitigacion','Bandeja de iniciativas de mitigación registradas por su institución','1');
Insert into MRVMM.T_GEND_TOOLTIP (ID_TOOLTIP,ID_AYUDATOOLTIP,SECCION_TOOLTIP,DESCRIPCION_TOOLTIP,FLAG_ESTADO) values ('16','3','boton agregar iniciativa','Seleccione una medida de mitigación para agregar una nueva inicitiva de mitigación','1');
Insert into MRVMM.T_GEND_TOOLTIP (ID_TOOLTIP,ID_AYUDATOOLTIP,SECCION_TOOLTIP,DESCRIPCION_TOOLTIP,FLAG_ESTADO) values ('17','4','buscar','Utilice la búsqueda ingresando una descripción para ubicar sus registros','1');
Insert into MRVMM.T_GEND_TOOLTIP (ID_TOOLTIP,ID_AYUDATOOLTIP,SECCION_TOOLTIP,DESCRIPCION_TOOLTIP,FLAG_ESTADO) values ('18','4','bandeja de usuarios','Bandeja principal donde encontrará todos los usuarios registrados','1');
Insert into MRVMM.T_GEND_TOOLTIP (ID_TOOLTIP,ID_AYUDATOOLTIP,SECCION_TOOLTIP,DESCRIPCION_TOOLTIP,FLAG_ESTADO) values ('19','4','boton agregar usuario','Agregue un nuevo usuario con un rol específico','1');
Insert into MRVMM.T_GEND_TOOLTIP (ID_TOOLTIP,ID_AYUDATOOLTIP,SECCION_TOOLTIP,DESCRIPCION_TOOLTIP,FLAG_ESTADO) values ('20','5','Campo institucion','Ingrese el nombre comercial o razón social de su empresa','1');
Insert into MRVMM.T_GEND_TOOLTIP (ID_TOOLTIP,ID_AYUDATOOLTIP,SECCION_TOOLTIP,DESCRIPCION_TOOLTIP,FLAG_ESTADO) values ('21','5','campo ruc','Se recomienda un RUC de persona jurídica','1');
Insert into MRVMM.T_GEND_TOOLTIP (ID_TOOLTIP,ID_AYUDATOOLTIP,SECCION_TOOLTIP,DESCRIPCION_TOOLTIP,FLAG_ESTADO) values ('22','5','campo contraseña','Su contraseña debe incluir 6 caracteres como mínimo, 1 minúscula, 1 mayúscula, 1 número y 1 caracter especial (!@#$&*)','1');
Insert into MRVMM.T_GEND_TOOLTIP (ID_TOOLTIP,ID_AYUDATOOLTIP,SECCION_TOOLTIP,DESCRIPCION_TOOLTIP,FLAG_ESTADO) values ('23','6','campo enfoque','Seleccione un enfoque ligado a su medida de mitigación','1');
Insert into MRVMM.T_GEND_TOOLTIP (ID_TOOLTIP,ID_AYUDATOOLTIP,SECCION_TOOLTIP,DESCRIPCION_TOOLTIP,FLAG_ESTADO) values ('24','6','registro de detalles de indicadores','Complete los campos de acuerdo al enfoque seleccionado','1');
Insert into MRVMM.T_GEND_TOOLTIP (ID_TOOLTIP,ID_AYUDATOOLTIP,SECCION_TOOLTIP,DESCRIPCION_TOOLTIP,FLAG_ESTADO) values ('25','6','resumen de detalles de indicadores','Mostramos el resumen total calculado en el detalle de indicadores','1');
Insert into MRVMM.T_GEND_TOOLTIP (ID_TOOLTIP,ID_AYUDATOOLTIP,SECCION_TOOLTIP,DESCRIPCION_TOOLTIP,FLAG_ESTADO) values ('26','7','enfoque','Seleccione un enfoque ligado a su medida de mitigación','1');
Insert into MRVMM.T_GEND_TOOLTIP (ID_TOOLTIP,ID_AYUDATOOLTIP,SECCION_TOOLTIP,DESCRIPCION_TOOLTIP,FLAG_ESTADO) values ('27','7','plantilla excel','Descargue la plantilla de excel que contiene el formato de columnas que debe completar','1');
Insert into MRVMM.T_GEND_TOOLTIP (ID_TOOLTIP,ID_AYUDATOOLTIP,SECCION_TOOLTIP,DESCRIPCION_TOOLTIP,FLAG_ESTADO) values ('28','8','seleccionar','Seleccione una opción de la siguiente lista y presione ir al reporte para visualizarlo','1');
Insert into MRVMM.T_GEND_TOOLTIP (ID_TOOLTIP,ID_AYUDATOOLTIP,SECCION_TOOLTIP,DESCRIPCION_TOOLTIP,FLAG_ESTADO) values ('29','9','aprobar revision','Dar por aprobado esta iniciativa de mitigacion','1');
Insert into MRVMM.T_GEND_TOOLTIP (ID_TOOLTIP,ID_AYUDATOOLTIP,SECCION_TOOLTIP,DESCRIPCION_TOOLTIP,FLAG_ESTADO) values ('30','9','observar revision','¿Encontró alguna observación? utilice esta opción para solicitar una corrección','1');
Insert into MRVMM.T_GEND_TOOLTIP (ID_TOOLTIP,ID_AYUDATOOLTIP,SECCION_TOOLTIP,DESCRIPCION_TOOLTIP,FLAG_ESTADO) values ('31','3','buscar','Ingrese si conoce el nombre de la iniciativa o la(s) palabra(s) asociada(s) a las iniciativas de interés. En caso de no encontrar resultados acceda a la búsqueda avanzada.','1');
Insert into MRVMM.T_GEND_TOOLTIP (ID_TOOLTIP,ID_AYUDATOOLTIP,SECCION_TOOLTIP,DESCRIPCION_TOOLTIP,FLAG_ESTADO) values ('32','2','medida de mitigacion','Seleccione, de la lista desplegable, la medida de mitigación de interés','1');
Insert into MRVMM.T_GEND_TOOLTIP (ID_TOOLTIP,ID_AYUDATOOLTIP,SECCION_TOOLTIP,DESCRIPCION_TOOLTIP,FLAG_ESTADO) values ('33','2','año de inicio del proyecto','Indique el año de inicio del proyecto','1');
Insert into MRVMM.T_GEND_TOOLTIP (ID_TOOLTIP,ID_AYUDATOOLTIP,SECCION_TOOLTIP,DESCRIPCION_TOOLTIP,FLAG_ESTADO) values ('34','2','sector','Seleccione, de la lista desplegable, el sector de la iniciativa de mitigación de interés','1');
Insert into MRVMM.T_GEND_TOOLTIP (ID_TOOLTIP,ID_AYUDATOOLTIP,SECCION_TOOLTIP,DESCRIPCION_TOOLTIP,FLAG_ESTADO) values ('35','2','energetico de linea base','Seleccione, de la lista desplegable, el tipo de energía que se consumía antes de la iniciativa','1');
Insert into MRVMM.T_GEND_TOOLTIP (ID_TOOLTIP,ID_AYUDATOOLTIP,SECCION_TOOLTIP,DESCRIPCION_TOOLTIP,FLAG_ESTADO) values ('36','2','energetico de proyecto','Seleccione, de la lista desplegable, el tipo de energía que se consume en la iniciativa','1');
Insert into MRVMM.T_GEND_TOOLTIP (ID_TOOLTIP,ID_AYUDATOOLTIP,SECCION_TOOLTIP,DESCRIPCION_TOOLTIP,FLAG_ESTADO) values ('37','3','medida de mitigacion','Seleccione, de la lista desplegable, la medida de mitigación de interés','1');
Insert into MRVMM.T_GEND_TOOLTIP (ID_TOOLTIP,ID_AYUDATOOLTIP,SECCION_TOOLTIP,DESCRIPCION_TOOLTIP,FLAG_ESTADO) values ('38','3','año de inicio del proyecto','Indique el año de inicio del proyecto','1');
Insert into MRVMM.T_GEND_TOOLTIP (ID_TOOLTIP,ID_AYUDATOOLTIP,SECCION_TOOLTIP,DESCRIPCION_TOOLTIP,FLAG_ESTADO) values ('39','3','sector','Seleccione, de la lista desplegable, el sector de la iniciativa de mitigación de interés','1');
Insert into MRVMM.T_GEND_TOOLTIP (ID_TOOLTIP,ID_AYUDATOOLTIP,SECCION_TOOLTIP,DESCRIPCION_TOOLTIP,FLAG_ESTADO) values ('40','3','energetico de linea base','Seleccione, de la lista desplegable, el tipo de energía que se consumía antes de la iniciativa','1');
Insert into MRVMM.T_GEND_TOOLTIP (ID_TOOLTIP,ID_AYUDATOOLTIP,SECCION_TOOLTIP,DESCRIPCION_TOOLTIP,FLAG_ESTADO) values ('41','3','energetico de proyecto','Seleccione, de la lista desplegable, el tipo de energía que se consume en la iniciativa','1');
Insert into MRVMM.T_GEND_TOOLTIP (ID_TOOLTIP,ID_AYUDATOOLTIP,SECCION_TOOLTIP,DESCRIPCION_TOOLTIP,FLAG_ESTADO) values ('42','10','aprovar evaluacion','Dar por aprobado esta iniciativa de mitigacion','1');
Insert into MRVMM.T_GEND_TOOLTIP (ID_TOOLTIP,ID_AYUDATOOLTIP,SECCION_TOOLTIP,DESCRIPCION_TOOLTIP,FLAG_ESTADO) values ('43','10','observar evaluacion','¿Encontró alguna observación? utilice esta opción para solicitar una corrección','1');
Insert into MRVMM.T_GEND_TOOLTIP (ID_TOOLTIP,ID_AYUDATOOLTIP,SECCION_TOOLTIP,DESCRIPCION_TOOLTIP,FLAG_ESTADO) values ('44','11','buscar','Utilice la búsqueda ingresando una descripción para ubicar sus registros','1');
Insert into MRVMM.T_GEND_TOOLTIP (ID_TOOLTIP,ID_AYUDATOOLTIP,SECCION_TOOLTIP,DESCRIPCION_TOOLTIP,FLAG_ESTADO) values ('45','6','cambiar de tipo','No te preocupes, que podrás cambiar la medida de mitigacion en cualquier momento','1');
Insert into MRVMM.T_GEND_TOOLTIP (ID_TOOLTIP,ID_AYUDATOOLTIP,SECCION_TOOLTIP,DESCRIPCION_TOOLTIP,FLAG_ESTADO) values ('46','6','solicitar revision','Una vez complete todos los campos solicite una revisión para su iniciativa de mitigación','1');
Insert into MRVMM.T_GEND_TOOLTIP (ID_TOOLTIP,ID_AYUDATOOLTIP,SECCION_TOOLTIP,DESCRIPCION_TOOLTIP,FLAG_ESTADO) values ('47','6','guardar avances','¿No tiene toda la información de su inicitiva?, guarde sus avances y retómelo después','1');
Insert into MRVMM.T_GEND_TOOLTIP (ID_TOOLTIP,ID_AYUDATOOLTIP,SECCION_TOOLTIP,DESCRIPCION_TOOLTIP,FLAG_ESTADO) values ('48','6','boton subir archivo','Seleccione uno o varios archivos a la vez para adjuntarlos como documentos sustentatorios','1');
Insert into MRVMM.T_GEND_TOOLTIP (ID_TOOLTIP,ID_AYUDATOOLTIP,SECCION_TOOLTIP,DESCRIPCION_TOOLTIP,FLAG_ESTADO) values ('49','7','cambiar de tipo','No te preocupes, que podrás cambiar la medida de mitigacion en cualquier momento','1');
Insert into MRVMM.T_GEND_TOOLTIP (ID_TOOLTIP,ID_AYUDATOOLTIP,SECCION_TOOLTIP,DESCRIPCION_TOOLTIP,FLAG_ESTADO) values ('50','7','solicitar revision','Una vez complete todos los campos solicite una revisión para su iniciativa de mitigación','1');
Insert into MRVMM.T_GEND_TOOLTIP (ID_TOOLTIP,ID_AYUDATOOLTIP,SECCION_TOOLTIP,DESCRIPCION_TOOLTIP,FLAG_ESTADO) values ('51','7','guardar avances','¿No tiene toda la información de su inicitiva?, guarde sus avances y retómelo después','1');
Insert into MRVMM.T_GEND_TOOLTIP (ID_TOOLTIP,ID_AYUDATOOLTIP,SECCION_TOOLTIP,DESCRIPCION_TOOLTIP,FLAG_ESTADO) values ('52','7','resumen de detalles de indicadores','Mostramos el resumen total calculado en el detalle de indicadores','1');
Insert into MRVMM.T_GEND_TOOLTIP (ID_TOOLTIP,ID_AYUDATOOLTIP,SECCION_TOOLTIP,DESCRIPCION_TOOLTIP,FLAG_ESTADO) values ('53','7','boton subir archivo','Seleccione uno o varios archivos a la vez para adjuntarlos como documentos sustentatorios','1');
Insert into MRVMM.T_GEND_TOOLTIP (ID_TOOLTIP,ID_AYUDATOOLTIP,SECCION_TOOLTIP,DESCRIPCION_TOOLTIP,FLAG_ESTADO) values ('54','12','aprobar revision','Dar por aprobado esta iniciativa de mitigación','1');
Insert into MRVMM.T_GEND_TOOLTIP (ID_TOOLTIP,ID_AYUDATOOLTIP,SECCION_TOOLTIP,DESCRIPCION_TOOLTIP,FLAG_ESTADO) values ('55','12','observar revision','¿Encontró alguna observación? utilice esta opción para solicitar una corrección','1');
Insert into MRVMM.T_GEND_TOOLTIP (ID_TOOLTIP,ID_AYUDATOOLTIP,SECCION_TOOLTIP,DESCRIPCION_TOOLTIP,FLAG_ESTADO) values ('56','13','aprobar verificación','Dar por aprobado esta iniciativa de mitigación','1');
Insert into MRVMM.T_GEND_TOOLTIP (ID_TOOLTIP,ID_AYUDATOOLTIP,SECCION_TOOLTIP,DESCRIPCION_TOOLTIP,FLAG_ESTADO) values ('57','13','observar verificacion','¿Encontró alguna observación? utilice esta opción para solicitar una corrección','1');
REM INSERTING into MRVMM.T_GEND_VARIABLE_VALOR
SET DEFINE OFF;
REM INSERTING into MRVMM.T_GEND_VARIANTE_ATRIBUTO
SET DEFINE OFF;
REM INSERTING into MRVMM.T_GEND_VARIANTE_VALOR
SET DEFINE OFF;
REM INSERTING into MRVMM.T_GENM_AYUDA
SET DEFINE OFF;
REM INSERTING into MRVMM.T_GENM_AYUDATOOLTIP
SET DEFINE OFF;
Insert into MRVMM.T_GENM_AYUDATOOLTIP (ID_AYUDATOOLTIP,DESCRIPCION_PAGINA,FLAG_ESTADO) values ('1','Registro de iniciativa','1');
Insert into MRVMM.T_GENM_AYUDATOOLTIP (ID_AYUDATOOLTIP,DESCRIPCION_PAGINA,FLAG_ESTADO) values ('2','Acciones de mitigacion','1');
Insert into MRVMM.T_GENM_AYUDATOOLTIP (ID_AYUDATOOLTIP,DESCRIPCION_PAGINA,FLAG_ESTADO) values ('3','Acciones de mitigacion interno','1');
Insert into MRVMM.T_GENM_AYUDATOOLTIP (ID_AYUDATOOLTIP,DESCRIPCION_PAGINA,FLAG_ESTADO) values ('4','Mantenimiento de usuarios','1');
Insert into MRVMM.T_GENM_AYUDATOOLTIP (ID_AYUDATOOLTIP,DESCRIPCION_PAGINA,FLAG_ESTADO) values ('5','Registro de usuario','1');
Insert into MRVMM.T_GENM_AYUDATOOLTIP (ID_AYUDATOOLTIP,DESCRIPCION_PAGINA,FLAG_ESTADO) values ('6','Registro de detalles de indicadores manual','1');
Insert into MRVMM.T_GENM_AYUDATOOLTIP (ID_AYUDATOOLTIP,DESCRIPCION_PAGINA,FLAG_ESTADO) values ('7','Registro de detalle de indicadores masivo','1');
Insert into MRVMM.T_GENM_AYUDATOOLTIP (ID_AYUDATOOLTIP,DESCRIPCION_PAGINA,FLAG_ESTADO) values ('8','Reporte','1');
Insert into MRVMM.T_GENM_AYUDATOOLTIP (ID_AYUDATOOLTIP,DESCRIPCION_PAGINA,FLAG_ESTADO) values ('9','Revision de iniciativa','1');
Insert into MRVMM.T_GENM_AYUDATOOLTIP (ID_AYUDATOOLTIP,DESCRIPCION_PAGINA,FLAG_ESTADO) values ('10','Evaluacion de iniciativa y detalle','1');
Insert into MRVMM.T_GENM_AYUDATOOLTIP (ID_AYUDATOOLTIP,DESCRIPCION_PAGINA,FLAG_ESTADO) values ('11','Notificaciones','1');
Insert into MRVMM.T_GENM_AYUDATOOLTIP (ID_AYUDATOOLTIP,DESCRIPCION_PAGINA,FLAG_ESTADO) values ('12','Revision de iniciativa y detalle','1');
Insert into MRVMM.T_GENM_AYUDATOOLTIP (ID_AYUDATOOLTIP,DESCRIPCION_PAGINA,FLAG_ESTADO) values ('13','Verificacion de iniciativa y detalle','1');
REM INSERTING into MRVMM.T_GENM_BLOCKCHAIN
SET DEFINE OFF;
Insert into MRVMM.T_GENM_BLOCKCHAIN (ID_BLOCKCHAIN,ID_INICIATIVA,HASH,USUARIO_REGISTRO,FECHA_REGISTRO,IP_REGISTRO,GENERADO_PDF,NOMBRE_PDF) values ('1','484','1d94e3664c6abdf323b5cca3ca294a615dee3a9c8b61c3256bce6f04464e6ccb','122',to_date('07/03/20','DD/MM/RR'),'::1',null,null);
Insert into MRVMM.T_GENM_BLOCKCHAIN (ID_BLOCKCHAIN,ID_INICIATIVA,HASH,USUARIO_REGISTRO,FECHA_REGISTRO,IP_REGISTRO,GENERADO_PDF,NOMBRE_PDF) values ('3','443','3547a2983f4313629a803bc27997ce06fa4d8b4e6829db77f74e4e3e0afc4ed6','122',to_date('07/03/20','DD/MM/RR'),'::1',null,null);
Insert into MRVMM.T_GENM_BLOCKCHAIN (ID_BLOCKCHAIN,ID_INICIATIVA,HASH,USUARIO_REGISTRO,FECHA_REGISTRO,IP_REGISTRO,GENERADO_PDF,NOMBRE_PDF) values ('29','502','e0e68cd456fe6111ab8d2ff2812fd3887eb3b6f157b19b7a4ec8bf117d586e41','123',to_date('10/03/20','DD/MM/RR'),'10.0.0.103',null,null);
Insert into MRVMM.T_GENM_BLOCKCHAIN (ID_BLOCKCHAIN,ID_INICIATIVA,HASH,USUARIO_REGISTRO,FECHA_REGISTRO,IP_REGISTRO,GENERADO_PDF,NOMBRE_PDF) values ('31','504','7ac69352b2a904fdea5c61144a7072f11ba959778e2b31fc5efe2d2f5d17345f','123',to_date('10/03/20','DD/MM/RR'),'10.0.0.102',null,null);
Insert into MRVMM.T_GENM_BLOCKCHAIN (ID_BLOCKCHAIN,ID_INICIATIVA,HASH,USUARIO_REGISTRO,FECHA_REGISTRO,IP_REGISTRO,GENERADO_PDF,NOMBRE_PDF) values ('42','465','5b686f42d3830c32a64dae2b32cfb33f53b9eed33091312fca8d8cecd8139aa3','123',to_date('12/03/20','DD/MM/RR'),'::1',null,null);
Insert into MRVMM.T_GENM_BLOCKCHAIN (ID_BLOCKCHAIN,ID_INICIATIVA,HASH,USUARIO_REGISTRO,FECHA_REGISTRO,IP_REGISTRO,GENERADO_PDF,NOMBRE_PDF) values ('43','395','503198405f7004cf6bee09063c14884f5e71ac50fa48fbae6669d94b4fed4c29','123',to_date('12/03/20','DD/MM/RR'),'::1',null,null);
Insert into MRVMM.T_GENM_BLOCKCHAIN (ID_BLOCKCHAIN,ID_INICIATIVA,HASH,USUARIO_REGISTRO,FECHA_REGISTRO,IP_REGISTRO,GENERADO_PDF,NOMBRE_PDF) values ('82','503','1805b2dfe76a61f073095601ab5604a4604bae883b29ee908cca6f9ac1d64464','123',to_date('14/03/20','DD/MM/RR'),'::1',null,null);
Insert into MRVMM.T_GENM_BLOCKCHAIN (ID_BLOCKCHAIN,ID_INICIATIVA,HASH,USUARIO_REGISTRO,FECHA_REGISTRO,IP_REGISTRO,GENERADO_PDF,NOMBRE_PDF) values ('83','453','4bddf0a250b8e3b966ef1a112fbb5319cba944018f5ec016976dc2a368c7e544','123',to_date('14/03/20','DD/MM/RR'),'::1',null,null);
Insert into MRVMM.T_GENM_BLOCKCHAIN (ID_BLOCKCHAIN,ID_INICIATIVA,HASH,USUARIO_REGISTRO,FECHA_REGISTRO,IP_REGISTRO,GENERADO_PDF,NOMBRE_PDF) values ('84','453','81d5dea1e30cdc1f305ae141e4b951c8187aaacbc269ac9ccbe024caa28650f5','123',to_date('14/03/20','DD/MM/RR'),'::1',null,null);
Insert into MRVMM.T_GENM_BLOCKCHAIN (ID_BLOCKCHAIN,ID_INICIATIVA,HASH,USUARIO_REGISTRO,FECHA_REGISTRO,IP_REGISTRO,GENERADO_PDF,NOMBRE_PDF) values ('85','429','3be5b84b2174f48845c6c7e448aa55e75bf2e2f941461d085abc1dbcfdc95bba','123',to_date('14/03/20','DD/MM/RR'),'::1',null,null);
Insert into MRVMM.T_GENM_BLOCKCHAIN (ID_BLOCKCHAIN,ID_INICIATIVA,HASH,USUARIO_REGISTRO,FECHA_REGISTRO,IP_REGISTRO,GENERADO_PDF,NOMBRE_PDF) values ('86','424','5a69266938eab30c505ab0b656bd5975aea05632fd60e4aede159cf085edf9d4','122',to_date('14/03/20','DD/MM/RR'),'::1',null,null);
Insert into MRVMM.T_GENM_BLOCKCHAIN (ID_BLOCKCHAIN,ID_INICIATIVA,HASH,USUARIO_REGISTRO,FECHA_REGISTRO,IP_REGISTRO,GENERADO_PDF,NOMBRE_PDF) values ('87','394','059514883fb05d4a994b9c201b808db7c02b1325e3fb7a86db7995fa1679e814','122',to_date('14/03/20','DD/MM/RR'),'::1',null,null);
Insert into MRVMM.T_GENM_BLOCKCHAIN (ID_BLOCKCHAIN,ID_INICIATIVA,HASH,USUARIO_REGISTRO,FECHA_REGISTRO,IP_REGISTRO,GENERADO_PDF,NOMBRE_PDF) values ('23','451','16ddfb842f248a87754719879cf15823d10e477f0b9750fac57999a9ea6d65c4','123',to_date('10/03/20','DD/MM/RR'),'::1',null,null);
Insert into MRVMM.T_GENM_BLOCKCHAIN (ID_BLOCKCHAIN,ID_INICIATIVA,HASH,USUARIO_REGISTRO,FECHA_REGISTRO,IP_REGISTRO,GENERADO_PDF,NOMBRE_PDF) values ('24','462','a4092db964e4cc89af29e03f2e3536d8ac387576e8d71eb90d1df57aef80ec28','123',to_date('10/03/20','DD/MM/RR'),'::1',null,null);
Insert into MRVMM.T_GENM_BLOCKCHAIN (ID_BLOCKCHAIN,ID_INICIATIVA,HASH,USUARIO_REGISTRO,FECHA_REGISTRO,IP_REGISTRO,GENERADO_PDF,NOMBRE_PDF) values ('26','342','46a74d06cea5b2458284e7cdb59906e8cb5c87d362276dc223f32723e3d53335','123',to_date('10/03/20','DD/MM/RR'),'::1',null,null);
Insert into MRVMM.T_GENM_BLOCKCHAIN (ID_BLOCKCHAIN,ID_INICIATIVA,HASH,USUARIO_REGISTRO,FECHA_REGISTRO,IP_REGISTRO,GENERADO_PDF,NOMBRE_PDF) values ('41','443','96576288ee73293122acc95973677ecbcaf8977072b20027d0c255cc5b9b4cfb','123',to_date('12/03/20','DD/MM/RR'),'::1',null,null);
Insert into MRVMM.T_GENM_BLOCKCHAIN (ID_BLOCKCHAIN,ID_INICIATIVA,HASH,USUARIO_REGISTRO,FECHA_REGISTRO,IP_REGISTRO,GENERADO_PDF,NOMBRE_PDF) values ('2','482','5a8297e34202202776a3609a07119b2d347944b0b63927b64e06888959169e66','122',to_date('07/03/20','DD/MM/RR'),'::1',null,null);
Insert into MRVMM.T_GENM_BLOCKCHAIN (ID_BLOCKCHAIN,ID_INICIATIVA,HASH,USUARIO_REGISTRO,FECHA_REGISTRO,IP_REGISTRO,GENERADO_PDF,NOMBRE_PDF) values ('21','484','4610cc2e8da494e0d436bb5c4a6e43483c3fc1b6874b7e32ef0aa47d132d142b','123',to_date('10/03/20','DD/MM/RR'),'::1',null,null);
Insert into MRVMM.T_GENM_BLOCKCHAIN (ID_BLOCKCHAIN,ID_INICIATIVA,HASH,USUARIO_REGISTRO,FECHA_REGISTRO,IP_REGISTRO,GENERADO_PDF,NOMBRE_PDF) values ('30','504','7daea64929add67068a8139bc4c90a831ddcfd425c0073842fd7babb5d3179d3','122',to_date('10/03/20','DD/MM/RR'),'10.0.0.102',null,null);
Insert into MRVMM.T_GENM_BLOCKCHAIN (ID_BLOCKCHAIN,ID_INICIATIVA,HASH,USUARIO_REGISTRO,FECHA_REGISTRO,IP_REGISTRO,GENERADO_PDF,NOMBRE_PDF) values ('65','429','798fa26cc2ea995ceef4c68c834e5af4f90eecccff7912c52998cea369f1e1de','122',to_date('13/03/20','DD/MM/RR'),'::1',null,null);
Insert into MRVMM.T_GENM_BLOCKCHAIN (ID_BLOCKCHAIN,ID_INICIATIVA,HASH,USUARIO_REGISTRO,FECHA_REGISTRO,IP_REGISTRO,GENERADO_PDF,NOMBRE_PDF) values ('66','428','2ee3cdd75df64736a408e6f637a5fca353b7fc7452144ce86c232b1d234db222','122',to_date('13/03/20','DD/MM/RR'),'::1',null,null);
Insert into MRVMM.T_GENM_BLOCKCHAIN (ID_BLOCKCHAIN,ID_INICIATIVA,HASH,USUARIO_REGISTRO,FECHA_REGISTRO,IP_REGISTRO,GENERADO_PDF,NOMBRE_PDF) values ('67','344','69703b426d09e8f41ac618ba2647bf9c05c59541f0c27105f5d41e57732dce84','122',to_date('13/03/20','DD/MM/RR'),'::1',null,null);
Insert into MRVMM.T_GENM_BLOCKCHAIN (ID_BLOCKCHAIN,ID_INICIATIVA,HASH,USUARIO_REGISTRO,FECHA_REGISTRO,IP_REGISTRO,GENERADO_PDF,NOMBRE_PDF) values ('102','587','0b886203e0f542e80a9500489bb3ae01957ec5dd0103efe0025489885935ff24','123',to_date('20/03/20','DD/MM/RR'),'10.0.0.103','1','19ce5dcb-6dfd-4abe-b140-a7c4bceaf330.pdf');
Insert into MRVMM.T_GENM_BLOCKCHAIN (ID_BLOCKCHAIN,ID_INICIATIVA,HASH,USUARIO_REGISTRO,FECHA_REGISTRO,IP_REGISTRO,GENERADO_PDF,NOMBRE_PDF) values ('4','387','6df01424fd3ab5a7f16458d37ffa42ecb3eeb0760638e5163828e0ba1e958606','122',to_date('07/03/20','DD/MM/RR'),'10.0.0.103',null,null);
Insert into MRVMM.T_GENM_BLOCKCHAIN (ID_BLOCKCHAIN,ID_INICIATIVA,HASH,USUARIO_REGISTRO,FECHA_REGISTRO,IP_REGISTRO,GENERADO_PDF,NOMBRE_PDF) values ('22','482','3fe944287fbfe021e6af9881979923ad6edd80a44b7333647a84d01e063ede82','123',to_date('10/03/20','DD/MM/RR'),'10.0.0.103',null,null);
Insert into MRVMM.T_GENM_BLOCKCHAIN (ID_BLOCKCHAIN,ID_INICIATIVA,HASH,USUARIO_REGISTRO,FECHA_REGISTRO,IP_REGISTRO,GENERADO_PDF,NOMBRE_PDF) values ('25','387','3971629a6de7cd32f79f2751075ca4719515d65b7ee9b4ad394961c3a805ebbf','123',to_date('10/03/20','DD/MM/RR'),'::1',null,null);
Insert into MRVMM.T_GENM_BLOCKCHAIN (ID_BLOCKCHAIN,ID_INICIATIVA,HASH,USUARIO_REGISTRO,FECHA_REGISTRO,IP_REGISTRO,GENERADO_PDF,NOMBRE_PDF) values ('27','376','b10809a9cde41d536c131980b9dbe2efd8cd32b0522c72adcd8b6a2569a4fab2','123',to_date('10/03/20','DD/MM/RR'),'::1',null,null);
Insert into MRVMM.T_GENM_BLOCKCHAIN (ID_BLOCKCHAIN,ID_INICIATIVA,HASH,USUARIO_REGISTRO,FECHA_REGISTRO,IP_REGISTRO,GENERADO_PDF,NOMBRE_PDF) values ('28','502','c546c69f72f7366ff72eafd0e63f0bb18fdc2fd675c7152dcfe628ca4b52a93d','122',to_date('10/03/20','DD/MM/RR'),'10.0.0.103',null,null);
Insert into MRVMM.T_GENM_BLOCKCHAIN (ID_BLOCKCHAIN,ID_INICIATIVA,HASH,USUARIO_REGISTRO,FECHA_REGISTRO,IP_REGISTRO,GENERADO_PDF,NOMBRE_PDF) values ('61','453','d1ca6c682ee51afcaf0b55a67ab52067bd43efb2d61aa54821729426b593017a','122',to_date('13/03/20','DD/MM/RR'),'::1',null,null);
Insert into MRVMM.T_GENM_BLOCKCHAIN (ID_BLOCKCHAIN,ID_INICIATIVA,HASH,USUARIO_REGISTRO,FECHA_REGISTRO,IP_REGISTRO,GENERADO_PDF,NOMBRE_PDF) values ('62','438','f55618995a3515294ac4a4e188d66a7fe61896df091d71351aa2e173ada4c311','122',to_date('13/03/20','DD/MM/RR'),'::1',null,null);
Insert into MRVMM.T_GENM_BLOCKCHAIN (ID_BLOCKCHAIN,ID_INICIATIVA,HASH,USUARIO_REGISTRO,FECHA_REGISTRO,IP_REGISTRO,GENERADO_PDF,NOMBRE_PDF) values ('63','450','605ffdd1fac0a2195c8ec46c9d609cd5cbc31d8a0581b7038167924b6f78b56e','123',to_date('13/03/20','DD/MM/RR'),'::1',null,null);
Insert into MRVMM.T_GENM_BLOCKCHAIN (ID_BLOCKCHAIN,ID_INICIATIVA,HASH,USUARIO_REGISTRO,FECHA_REGISTRO,IP_REGISTRO,GENERADO_PDF,NOMBRE_PDF) values ('64','503','7d4762586dba06d7556051cd1c4f63bbe2e26a18d97f3cf6bf41ca8cf47d932a','122',to_date('13/03/20','DD/MM/RR'),'::1',null,null);
Insert into MRVMM.T_GENM_BLOCKCHAIN (ID_BLOCKCHAIN,ID_INICIATIVA,HASH,USUARIO_REGISTRO,FECHA_REGISTRO,IP_REGISTRO,GENERADO_PDF,NOMBRE_PDF) values ('81','421','24638b0f330f50bac9c211dab3eab253aeaa50d3b4fdf302cc457f8af04a0471','123',to_date('14/03/20','DD/MM/RR'),'::1',null,null);
Insert into MRVMM.T_GENM_BLOCKCHAIN (ID_BLOCKCHAIN,ID_INICIATIVA,HASH,USUARIO_REGISTRO,FECHA_REGISTRO,IP_REGISTRO,GENERADO_PDF,NOMBRE_PDF) values ('88','562','1a94828113c0b7abac334271ff252e9a8ff62f28eb4e32608a4d42673500f70c','122',to_date('14/03/20','DD/MM/RR'),'10.0.0.102',null,null);
Insert into MRVMM.T_GENM_BLOCKCHAIN (ID_BLOCKCHAIN,ID_INICIATIVA,HASH,USUARIO_REGISTRO,FECHA_REGISTRO,IP_REGISTRO,GENERADO_PDF,NOMBRE_PDF) values ('101','583','a2d5695e543fb937f379a1a5dde0fc50ec3b80447e0c2728f7f15efe83c88cff','123',to_date('17/03/20','DD/MM/RR'),'10.0.0.103','1','24fbf9e0-291e-444d-9f6a-2e80a10c06a3.pdf');
REM INSERTING into MRVMM.T_GENM_ENFOQUE
SET DEFINE OFF;
Insert into MRVMM.T_GENM_ENFOQUE (ID_ENFOQUE,ID_MEDMIT,DESCRIPCION,FLAG_ESTADO) values ('3','12','VEHICULOS ELECTRICOS (CONSUMO)','1');
Insert into MRVMM.T_GENM_ENFOQUE (ID_ENFOQUE,ID_MEDMIT,DESCRIPCION,FLAG_ESTADO) values ('4','12','VEHICULOS HIBRIDOS (CONSUMO)','1');
Insert into MRVMM.T_GENM_ENFOQUE (ID_ENFOQUE,ID_MEDMIT,DESCRIPCION,FLAG_ESTADO) values ('5','11','GENERACION DISTRIBUIDA','1');
Insert into MRVMM.T_GENM_ENFOQUE (ID_ENFOQUE,ID_MEDMIT,DESCRIPCION,FLAG_ESTADO) values ('1','12','VEHICULOS ELECTRICOS (RECORRIDO)','1');
Insert into MRVMM.T_GENM_ENFOQUE (ID_ENFOQUE,ID_MEDMIT,DESCRIPCION,FLAG_ESTADO) values ('2','12','VEHICULOS HIBRIDOS (RECORRIDO)','1');
Insert into MRVMM.T_GENM_ENFOQUE (ID_ENFOQUE,ID_MEDMIT,DESCRIPCION,FLAG_ESTADO) values ('11','6','REEMPLAZO DE LAMPARAS PUBLICO','1');
Insert into MRVMM.T_GENM_ENFOQUE (ID_ENFOQUE,ID_MEDMIT,DESCRIPCION,FLAG_ESTADO) values ('12','5','ILUMINACION RESIDENCIAL','1');
Insert into MRVMM.T_GENM_ENFOQUE (ID_ENFOQUE,ID_MEDMIT,DESCRIPCION,FLAG_ESTADO) values ('13','3','EFICIENCIA ENERGÉTICA SECTOR COMERCIAL','1');
Insert into MRVMM.T_GENM_ENFOQUE (ID_ENFOQUE,ID_MEDMIT,DESCRIPCION,FLAG_ESTADO) values ('14','2','EFICIENCIA ENERG. SECTOR INDUSTRIAL (MOTOR)','1');
Insert into MRVMM.T_GENM_ENFOQUE (ID_ENFOQUE,ID_MEDMIT,DESCRIPCION,FLAG_ESTADO) values ('15','2','EFICIENCIA ENERG. SECTOR INDUSTRIAL (CALDERA)','1');
Insert into MRVMM.T_GENM_ENFOQUE (ID_ENFOQUE,ID_MEDMIT,DESCRIPCION,FLAG_ESTADO) values ('22','1','ETIQUETADO CALENTADORES AGUA (ELECTRICO)','1');
Insert into MRVMM.T_GENM_ENFOQUE (ID_ENFOQUE,ID_MEDMIT,DESCRIPCION,FLAG_ESTADO) values ('23','1','ETIQUETADO CALENTADORES AGUA (GAS)','1');
Insert into MRVMM.T_GENM_ENFOQUE (ID_ENFOQUE,ID_MEDMIT,DESCRIPCION,FLAG_ESTADO) values ('24','1','ETIQUETADO CALENTADORES AGUA (INSTANTANEO)','1');
Insert into MRVMM.T_GENM_ENFOQUE (ID_ENFOQUE,ID_MEDMIT,DESCRIPCION,FLAG_ESTADO) values ('6','10','RER CONECTADO','1');
Insert into MRVMM.T_GENM_ENFOQUE (ID_ENFOQUE,ID_MEDMIT,DESCRIPCION,FLAG_ESTADO) values ('7','9','ELECTRIFICACION RURAL','1');
Insert into MRVMM.T_GENM_ENFOQUE (ID_ENFOQUE,ID_MEDMIT,DESCRIPCION,FLAG_ESTADO) values ('8','8','COCCION LIMPIA (LEÑA)','1');
Insert into MRVMM.T_GENM_ENFOQUE (ID_ENFOQUE,ID_MEDMIT,DESCRIPCION,FLAG_ESTADO) values ('9','8','COCCION LIMPIA (VALES FISE GLP)','1');
Insert into MRVMM.T_GENM_ENFOQUE (ID_ENFOQUE,ID_MEDMIT,DESCRIPCION,FLAG_ESTADO) values ('10','7','LAMPARAS DE ALUMBRADO PUBLICO','1');
Insert into MRVMM.T_GENM_ENFOQUE (ID_ENFOQUE,ID_MEDMIT,DESCRIPCION,FLAG_ESTADO) values ('16','1','ETIQUETADO REFRIGERADORAS','1');
Insert into MRVMM.T_GENM_ENFOQUE (ID_ENFOQUE,ID_MEDMIT,DESCRIPCION,FLAG_ESTADO) values ('17','1','ETIQUETADO CONGELADORAS','1');
Insert into MRVMM.T_GENM_ENFOQUE (ID_ENFOQUE,ID_MEDMIT,DESCRIPCION,FLAG_ESTADO) values ('25','4','AUDITORIAS ENERGETICAS ','1');
Insert into MRVMM.T_GENM_ENFOQUE (ID_ENFOQUE,ID_MEDMIT,DESCRIPCION,FLAG_ESTADO) values ('18','1','ETIQUETADO LAVADORAS','1');
Insert into MRVMM.T_GENM_ENFOQUE (ID_ENFOQUE,ID_MEDMIT,DESCRIPCION,FLAG_ESTADO) values ('19','1','ETIQUETADO SECADORAS','1');
Insert into MRVMM.T_GENM_ENFOQUE (ID_ENFOQUE,ID_MEDMIT,DESCRIPCION,FLAG_ESTADO) values ('20','1','ETIQUETADO MOTORES ELECTRICOS','1');
Insert into MRVMM.T_GENM_ENFOQUE (ID_ENFOQUE,ID_MEDMIT,DESCRIPCION,FLAG_ESTADO) values ('21','1','ETIQUETADO AIRE ACONDICIONADO','1');
REM INSERTING into MRVMM.T_GENM_ESCENARIO
SET DEFINE OFF;
Insert into MRVMM.T_GENM_ESCENARIO (ID_ESCENARIO,ID_MEDMIT,ANNO,BAU_EMISION,MIT_EMISION,REDUCCION,VALOR_SOFTWARE,EXPOST,META_ANUAL,FLAG_ESTADO) values ('1','7','2010','317,5','189,2',null,null,null,null,'1');
Insert into MRVMM.T_GENM_ESCENARIO (ID_ESCENARIO,ID_MEDMIT,ANNO,BAU_EMISION,MIT_EMISION,REDUCCION,VALOR_SOFTWARE,EXPOST,META_ANUAL,FLAG_ESTADO) values ('2','7','2011','330,2','199,6',null,null,null,null,'1');
Insert into MRVMM.T_GENM_ESCENARIO (ID_ESCENARIO,ID_MEDMIT,ANNO,BAU_EMISION,MIT_EMISION,REDUCCION,VALOR_SOFTWARE,EXPOST,META_ANUAL,FLAG_ESTADO) values ('3','7','2012','681','411,6',null,null,null,null,'1');
Insert into MRVMM.T_GENM_ESCENARIO (ID_ESCENARIO,ID_MEDMIT,ANNO,BAU_EMISION,MIT_EMISION,REDUCCION,VALOR_SOFTWARE,EXPOST,META_ANUAL,FLAG_ESTADO) values ('4','7','2013','653,8','395,2',null,null,null,null,'1');
Insert into MRVMM.T_GENM_ESCENARIO (ID_ESCENARIO,ID_MEDMIT,ANNO,BAU_EMISION,MIT_EMISION,REDUCCION,VALOR_SOFTWARE,EXPOST,META_ANUAL,FLAG_ESTADO) values ('5','7','2014','734','444',null,null,null,null,'1');
Insert into MRVMM.T_GENM_ESCENARIO (ID_ESCENARIO,ID_MEDMIT,ANNO,BAU_EMISION,MIT_EMISION,REDUCCION,VALOR_SOFTWARE,EXPOST,META_ANUAL,FLAG_ESTADO) values ('6','7','2015','445,7','165,2',null,null,null,null,'1');
Insert into MRVMM.T_GENM_ESCENARIO (ID_ESCENARIO,ID_MEDMIT,ANNO,BAU_EMISION,MIT_EMISION,REDUCCION,VALOR_SOFTWARE,EXPOST,META_ANUAL,FLAG_ESTADO) values ('7','7','2016','387,1','193,5',null,null,null,null,'1');
Insert into MRVMM.T_GENM_ESCENARIO (ID_ESCENARIO,ID_MEDMIT,ANNO,BAU_EMISION,MIT_EMISION,REDUCCION,VALOR_SOFTWARE,EXPOST,META_ANUAL,FLAG_ESTADO) values ('8','7','2017','245,1','50,5',null,null,null,null,'1');
Insert into MRVMM.T_GENM_ESCENARIO (ID_ESCENARIO,ID_MEDMIT,ANNO,BAU_EMISION,MIT_EMISION,REDUCCION,VALOR_SOFTWARE,EXPOST,META_ANUAL,FLAG_ESTADO) values ('9','7','2018','262,3','54',null,null,null,null,'1');
Insert into MRVMM.T_GENM_ESCENARIO (ID_ESCENARIO,ID_MEDMIT,ANNO,BAU_EMISION,MIT_EMISION,REDUCCION,VALOR_SOFTWARE,EXPOST,META_ANUAL,FLAG_ESTADO) values ('10','7','2019','280,6','57,8',null,null,null,null,'1');
Insert into MRVMM.T_GENM_ESCENARIO (ID_ESCENARIO,ID_MEDMIT,ANNO,BAU_EMISION,MIT_EMISION,REDUCCION,VALOR_SOFTWARE,EXPOST,META_ANUAL,FLAG_ESTADO) values ('11','7','2020','300,3','61,8',null,'214,5',null,null,'1');
Insert into MRVMM.T_GENM_ESCENARIO (ID_ESCENARIO,ID_MEDMIT,ANNO,BAU_EMISION,MIT_EMISION,REDUCCION,VALOR_SOFTWARE,EXPOST,META_ANUAL,FLAG_ESTADO) values ('12','7','2021','717,4','68',null,'527,6',null,null,'1');
Insert into MRVMM.T_GENM_ESCENARIO (ID_ESCENARIO,ID_MEDMIT,ANNO,BAU_EMISION,MIT_EMISION,REDUCCION,VALOR_SOFTWARE,EXPOST,META_ANUAL,FLAG_ESTADO) values ('23','7','2022','608,5','74,8',null,'548,4',null,null,'1');
Insert into MRVMM.T_GENM_ESCENARIO (ID_ESCENARIO,ID_MEDMIT,ANNO,BAU_EMISION,MIT_EMISION,REDUCCION,VALOR_SOFTWARE,EXPOST,META_ANUAL,FLAG_ESTADO) values ('24','7','2023','661,9','82,3',null,'572,4',null,null,'1');
Insert into MRVMM.T_GENM_ESCENARIO (ID_ESCENARIO,ID_MEDMIT,ANNO,BAU_EMISION,MIT_EMISION,REDUCCION,VALOR_SOFTWARE,EXPOST,META_ANUAL,FLAG_ESTADO) values ('25','7','2024','740,3','94,7',null,'664,8',null,null,'1');
Insert into MRVMM.T_GENM_ESCENARIO (ID_ESCENARIO,ID_MEDMIT,ANNO,BAU_EMISION,MIT_EMISION,REDUCCION,VALOR_SOFTWARE,EXPOST,META_ANUAL,FLAG_ESTADO) values ('26','7','2025','828,8','108,9',null,'703,1',null,null,'1');
Insert into MRVMM.T_GENM_ESCENARIO (ID_ESCENARIO,ID_MEDMIT,ANNO,BAU_EMISION,MIT_EMISION,REDUCCION,VALOR_SOFTWARE,EXPOST,META_ANUAL,FLAG_ESTADO) values ('27','7','2026','938,2','125,2',null,'824,6',null,null,'1');
Insert into MRVMM.T_GENM_ESCENARIO (ID_ESCENARIO,ID_MEDMIT,ANNO,BAU_EMISION,MIT_EMISION,REDUCCION,VALOR_SOFTWARE,EXPOST,META_ANUAL,FLAG_ESTADO) values ('28','7','2028','1520,1','181,4',null,'1278,3',null,null,'1');
Insert into MRVMM.T_GENM_ESCENARIO (ID_ESCENARIO,ID_MEDMIT,ANNO,BAU_EMISION,MIT_EMISION,REDUCCION,VALOR_SOFTWARE,EXPOST,META_ANUAL,FLAG_ESTADO) values ('29','7','2029','1772,3','219,5',null,'1521,4',null,null,'1');
Insert into MRVMM.T_GENM_ESCENARIO (ID_ESCENARIO,ID_MEDMIT,ANNO,BAU_EMISION,MIT_EMISION,REDUCCION,VALOR_SOFTWARE,EXPOST,META_ANUAL,FLAG_ESTADO) values ('30','7','2027','1479,8','150,2',null,'1023,7',null,null,'1');
Insert into MRVMM.T_GENM_ESCENARIO (ID_ESCENARIO,ID_MEDMIT,ANNO,BAU_EMISION,MIT_EMISION,REDUCCION,VALOR_SOFTWARE,EXPOST,META_ANUAL,FLAG_ESTADO) values ('31','7','2030','2122,2','273,8',null,'1931,7',null,null,'1');
Insert into MRVMM.T_GENM_ESCENARIO (ID_ESCENARIO,ID_MEDMIT,ANNO,BAU_EMISION,MIT_EMISION,REDUCCION,VALOR_SOFTWARE,EXPOST,META_ANUAL,FLAG_ESTADO) values ('32','9','2017','23','123','234','0','0','0','0');
REM INSERTING into MRVMM.T_GENM_FACTOR
SET DEFINE OFF;
Insert into MRVMM.T_GENM_FACTOR (ID_FACTOR,DESCRIPCION,SIGLA,FUNCION) values ('1','Factor Emision Base','F_BAU',null);
Insert into MRVMM.T_GENM_FACTOR (ID_FACTOR,DESCRIPCION,SIGLA,FUNCION) values ('2','Factor Electrico','F_ELE',null);
Insert into MRVMM.T_GENM_FACTOR (ID_FACTOR,DESCRIPCION,SIGLA,FUNCION) values ('3','Factor Emision Base','F_BAU',null);
REM INSERTING into MRVMM.T_GENM_INICIATIVA
SET DEFINE OFF;
Insert into MRVMM.T_GENM_INICIATIVA (ID_INICIATIVA,ID_MEDMIT,ID_USUARIO,NOMBRE_INICIATIVA,DESC_INICIATIVA,ID_ESTADO,PRIVACIDAD_INICIATIVA,INVERSION_INICIATIVA,ID_MONEDA,FECHA_CREA_INICIATIVA,FECHA_IMPLE_INICIATIVA,ID_ETAPA,USUARIO_REGISTRO,FECHA_REGISTRO,IP_REGISTRO,USUARIO_MODIFICA,FECHA_MODIFICA,IP_MODIFICA,FLG_ESTADO,PRIVACIDAD_INVERSION,FECHA_FIN_INICIATIVA,GEI_TOTAL,ID_TIPO_INGRESO,ID_TIPO_INICIATIVA,ID_PLAZO_ETAPA_ESTADO,ASIGNAR_INI,ESTADO_FICHA,NOMBRE_FICHA) values ('361','5','105','Luces de poste led','Cambio de luces','3','0','130000','1',to_date('17/02/20','DD/MM/RR'),to_date('21/03/18','DD/MM/RR'),'2',null,to_date('17/02/20','DD/MM/RR'),null,null,null,null,null,'0',to_date('15/05/18','DD/MM/RR'),'100','1','0','6',null,null,null);
Insert into MRVMM.T_GENM_INICIATIVA (ID_INICIATIVA,ID_MEDMIT,ID_USUARIO,NOMBRE_INICIATIVA,DESC_INICIATIVA,ID_ESTADO,PRIVACIDAD_INICIATIVA,INVERSION_INICIATIVA,ID_MONEDA,FECHA_CREA_INICIATIVA,FECHA_IMPLE_INICIATIVA,ID_ETAPA,USUARIO_REGISTRO,FECHA_REGISTRO,IP_REGISTRO,USUARIO_MODIFICA,FECHA_MODIFICA,IP_MODIFICA,FLG_ESTADO,PRIVACIDAD_INVERSION,FECHA_FIN_INICIATIVA,GEI_TOTAL,ID_TIPO_INGRESO,ID_TIPO_INICIATIVA,ID_PLAZO_ETAPA_ESTADO,ASIGNAR_INI,ESTADO_FICHA,NOMBRE_FICHA) values ('362','7','105','Reemplazo de todas las lamparas','Reemplazo de todas las lamparas','3','0','12000','2',to_date('17/02/20','DD/MM/RR'),to_date('21/03/18','DD/MM/RR'),'2',null,to_date('17/02/20','DD/MM/RR'),null,null,null,null,null,'0',to_date('25/03/18','DD/MM/RR'),'220','1','0','6',null,null,null);
Insert into MRVMM.T_GENM_INICIATIVA (ID_INICIATIVA,ID_MEDMIT,ID_USUARIO,NOMBRE_INICIATIVA,DESC_INICIATIVA,ID_ESTADO,PRIVACIDAD_INICIATIVA,INVERSION_INICIATIVA,ID_MONEDA,FECHA_CREA_INICIATIVA,FECHA_IMPLE_INICIATIVA,ID_ETAPA,USUARIO_REGISTRO,FECHA_REGISTRO,IP_REGISTRO,USUARIO_MODIFICA,FECHA_MODIFICA,IP_MODIFICA,FLG_ESTADO,PRIVACIDAD_INVERSION,FECHA_FIN_INICIATIVA,GEI_TOTAL,ID_TIPO_INGRESO,ID_TIPO_INICIATIVA,ID_PLAZO_ETAPA_ESTADO,ASIGNAR_INI,ESTADO_FICHA,NOMBRE_FICHA) values ('363','1','105','eficiencia energetica lamparas A','eficiencia energetica lamparas A','3','0','13000','2',to_date('17/02/20','DD/MM/RR'),to_date('21/03/18','DD/MM/RR'),'2',null,to_date('17/02/20','DD/MM/RR'),null,null,null,null,null,'0',to_date('22/06/19','DD/MM/RR'),'98','1','0','6',null,null,null);
Insert into MRVMM.T_GENM_INICIATIVA (ID_INICIATIVA,ID_MEDMIT,ID_USUARIO,NOMBRE_INICIATIVA,DESC_INICIATIVA,ID_ESTADO,PRIVACIDAD_INICIATIVA,INVERSION_INICIATIVA,ID_MONEDA,FECHA_CREA_INICIATIVA,FECHA_IMPLE_INICIATIVA,ID_ETAPA,USUARIO_REGISTRO,FECHA_REGISTRO,IP_REGISTRO,USUARIO_MODIFICA,FECHA_MODIFICA,IP_MODIFICA,FLG_ESTADO,PRIVACIDAD_INVERSION,FECHA_FIN_INICIATIVA,GEI_TOTAL,ID_TIPO_INGRESO,ID_TIPO_INICIATIVA,ID_PLAZO_ETAPA_ESTADO,ASIGNAR_INI,ESTADO_FICHA,NOMBRE_FICHA) values ('364','4','105','auditoria de energía','auditoria de energía','3','0','12000','1',to_date('17/02/20','DD/MM/RR'),to_date('01/01/18','DD/MM/RR'),'2',null,to_date('17/02/20','DD/MM/RR'),null,null,null,null,null,'0',to_date('02/02/18','DD/MM/RR'),'30','1','0','6',null,null,null);
Insert into MRVMM.T_GENM_INICIATIVA (ID_INICIATIVA,ID_MEDMIT,ID_USUARIO,NOMBRE_INICIATIVA,DESC_INICIATIVA,ID_ESTADO,PRIVACIDAD_INICIATIVA,INVERSION_INICIATIVA,ID_MONEDA,FECHA_CREA_INICIATIVA,FECHA_IMPLE_INICIATIVA,ID_ETAPA,USUARIO_REGISTRO,FECHA_REGISTRO,IP_REGISTRO,USUARIO_MODIFICA,FECHA_MODIFICA,IP_MODIFICA,FLG_ESTADO,PRIVACIDAD_INVERSION,FECHA_FIN_INICIATIVA,GEI_TOTAL,ID_TIPO_INGRESO,ID_TIPO_INICIATIVA,ID_PLAZO_ETAPA_ESTADO,ASIGNAR_INI,ESTADO_FICHA,NOMBRE_FICHA) values ('341','12','105','2 Vehiculos Electricos para Aeropuerto Jorge Chavez','2 Vehiculos Electricos para Aeropuerto Jorge Chavez','3','1','160000','2',to_date('13/02/20','DD/MM/RR'),to_date('01/01/19','DD/MM/RR'),'7',null,to_date('13/02/20','DD/MM/RR'),null,null,null,null,null,'1',to_date('01/01/01','DD/MM/RR'),'65','1','0','18',null,'1','341_MRV.pdf');
Insert into MRVMM.T_GENM_INICIATIVA (ID_INICIATIVA,ID_MEDMIT,ID_USUARIO,NOMBRE_INICIATIVA,DESC_INICIATIVA,ID_ESTADO,PRIVACIDAD_INICIATIVA,INVERSION_INICIATIVA,ID_MONEDA,FECHA_CREA_INICIATIVA,FECHA_IMPLE_INICIATIVA,ID_ETAPA,USUARIO_REGISTRO,FECHA_REGISTRO,IP_REGISTRO,USUARIO_MODIFICA,FECHA_MODIFICA,IP_MODIFICA,FLG_ESTADO,PRIVACIDAD_INVERSION,FECHA_FIN_INICIATIVA,GEI_TOTAL,ID_TIPO_INGRESO,ID_TIPO_INICIATIVA,ID_PLAZO_ETAPA_ESTADO,ASIGNAR_INI,ESTADO_FICHA,NOMBRE_FICHA) values ('365','6','105','Reemplazo de lámparas de baja eficiencia ','Reemplazo de lámparas de baja eficiencia ','3','0','12000','2',to_date('17/02/20','DD/MM/RR'),to_date('12/02/18','DD/MM/RR'),'2',null,to_date('17/02/20','DD/MM/RR'),null,null,null,null,null,'0',to_date('13/02/18','DD/MM/RR'),'240','1','0','6',null,null,null);
Insert into MRVMM.T_GENM_INICIATIVA (ID_INICIATIVA,ID_MEDMIT,ID_USUARIO,NOMBRE_INICIATIVA,DESC_INICIATIVA,ID_ESTADO,PRIVACIDAD_INICIATIVA,INVERSION_INICIATIVA,ID_MONEDA,FECHA_CREA_INICIATIVA,FECHA_IMPLE_INICIATIVA,ID_ETAPA,USUARIO_REGISTRO,FECHA_REGISTRO,IP_REGISTRO,USUARIO_MODIFICA,FECHA_MODIFICA,IP_MODIFICA,FLG_ESTADO,PRIVACIDAD_INVERSION,FECHA_FIN_INICIATIVA,GEI_TOTAL,ID_TIPO_INGRESO,ID_TIPO_INICIATIVA,ID_PLAZO_ETAPA_ESTADO,ASIGNAR_INI,ESTADO_FICHA,NOMBRE_FICHA) values ('366','2','105',' medidas de eficiencia energética en empresas del sector industrial ',' medidas de eficiencia energética en empresas del sector industrial ','3','0','12000','2',to_date('17/02/20','DD/MM/RR'),to_date('01/02/18','DD/MM/RR'),'2',null,to_date('17/02/20','DD/MM/RR'),null,null,null,null,null,'0',to_date('02/03/18','DD/MM/RR'),'160','1','0','6',null,null,null);
Insert into MRVMM.T_GENM_INICIATIVA (ID_INICIATIVA,ID_MEDMIT,ID_USUARIO,NOMBRE_INICIATIVA,DESC_INICIATIVA,ID_ESTADO,PRIVACIDAD_INICIATIVA,INVERSION_INICIATIVA,ID_MONEDA,FECHA_CREA_INICIATIVA,FECHA_IMPLE_INICIATIVA,ID_ETAPA,USUARIO_REGISTRO,FECHA_REGISTRO,IP_REGISTRO,USUARIO_MODIFICA,FECHA_MODIFICA,IP_MODIFICA,FLG_ESTADO,PRIVACIDAD_INVERSION,FECHA_FIN_INICIATIVA,GEI_TOTAL,ID_TIPO_INGRESO,ID_TIPO_INICIATIVA,ID_PLAZO_ETAPA_ESTADO,ASIGNAR_INI,ESTADO_FICHA,NOMBRE_FICHA) values ('367','9','105','Electrificación rura','Electrificación rura','3','0','12456','1',to_date('17/02/20','DD/MM/RR'),to_date('02/01/18','DD/MM/RR'),'2',null,to_date('17/02/20','DD/MM/RR'),null,null,null,null,null,'0',to_date('02/02/18','DD/MM/RR'),'223','1','0','6',null,null,null);
Insert into MRVMM.T_GENM_INICIATIVA (ID_INICIATIVA,ID_MEDMIT,ID_USUARIO,NOMBRE_INICIATIVA,DESC_INICIATIVA,ID_ESTADO,PRIVACIDAD_INICIATIVA,INVERSION_INICIATIVA,ID_MONEDA,FECHA_CREA_INICIATIVA,FECHA_IMPLE_INICIATIVA,ID_ETAPA,USUARIO_REGISTRO,FECHA_REGISTRO,IP_REGISTRO,USUARIO_MODIFICA,FECHA_MODIFICA,IP_MODIFICA,FLG_ESTADO,PRIVACIDAD_INVERSION,FECHA_FIN_INICIATIVA,GEI_TOTAL,ID_TIPO_INGRESO,ID_TIPO_INICIATIVA,ID_PLAZO_ETAPA_ESTADO,ASIGNAR_INI,ESTADO_FICHA,NOMBRE_FICHA) values ('368','8','105','cocinas sin plomo','cocinas sin plomo','2','0','12000','3',to_date('17/02/20','DD/MM/RR'),to_date('21/05/18','DD/MM/RR'),'3',null,to_date('17/02/20','DD/MM/RR'),null,null,null,null,null,'0',to_date('13/06/18','DD/MM/RR'),'90','1','0','9',null,null,null);
Insert into MRVMM.T_GENM_INICIATIVA (ID_INICIATIVA,ID_MEDMIT,ID_USUARIO,NOMBRE_INICIATIVA,DESC_INICIATIVA,ID_ESTADO,PRIVACIDAD_INICIATIVA,INVERSION_INICIATIVA,ID_MONEDA,FECHA_CREA_INICIATIVA,FECHA_IMPLE_INICIATIVA,ID_ETAPA,USUARIO_REGISTRO,FECHA_REGISTRO,IP_REGISTRO,USUARIO_MODIFICA,FECHA_MODIFICA,IP_MODIFICA,FLG_ESTADO,PRIVACIDAD_INVERSION,FECHA_FIN_INICIATIVA,GEI_TOTAL,ID_TIPO_INGRESO,ID_TIPO_INICIATIVA,ID_PLAZO_ETAPA_ESTADO,ASIGNAR_INI,ESTADO_FICHA,NOMBRE_FICHA) values ('369','10','105','Aumentar la participación de los Recursos Energéticos ','Aumentar la participación de los Recursos Energéticos ','3','0','1200','1',to_date('17/02/20','DD/MM/RR'),to_date('21/02/18','DD/MM/RR'),'2',null,to_date('17/02/20','DD/MM/RR'),null,null,null,null,null,'0',to_date('13/02/18','DD/MM/RR'),'60','1','0','6',null,null,null);
Insert into MRVMM.T_GENM_INICIATIVA (ID_INICIATIVA,ID_MEDMIT,ID_USUARIO,NOMBRE_INICIATIVA,DESC_INICIATIVA,ID_ESTADO,PRIVACIDAD_INICIATIVA,INVERSION_INICIATIVA,ID_MONEDA,FECHA_CREA_INICIATIVA,FECHA_IMPLE_INICIATIVA,ID_ETAPA,USUARIO_REGISTRO,FECHA_REGISTRO,IP_REGISTRO,USUARIO_MODIFICA,FECHA_MODIFICA,IP_MODIFICA,FLG_ESTADO,PRIVACIDAD_INVERSION,FECHA_FIN_INICIATIVA,GEI_TOTAL,ID_TIPO_INGRESO,ID_TIPO_INICIATIVA,ID_PLAZO_ETAPA_ESTADO,ASIGNAR_INI,ESTADO_FICHA,NOMBRE_FICHA) values ('370','11','105','Medida que abarca toda instalación de generación eléctrica','Medida que abarca toda instalación de generación eléctrica','1','0','124567','1',to_date('17/02/20','DD/MM/RR'),to_date('02/02/18','DD/MM/RR'),'3',null,to_date('17/02/20','DD/MM/RR'),null,null,null,null,null,'0',to_date('03/03/18','DD/MM/RR'),'40','1','0','8',null,null,null);
Insert into MRVMM.T_GENM_INICIATIVA (ID_INICIATIVA,ID_MEDMIT,ID_USUARIO,NOMBRE_INICIATIVA,DESC_INICIATIVA,ID_ESTADO,PRIVACIDAD_INICIATIVA,INVERSION_INICIATIVA,ID_MONEDA,FECHA_CREA_INICIATIVA,FECHA_IMPLE_INICIATIVA,ID_ETAPA,USUARIO_REGISTRO,FECHA_REGISTRO,IP_REGISTRO,USUARIO_MODIFICA,FECHA_MODIFICA,IP_MODIFICA,FLG_ESTADO,PRIVACIDAD_INVERSION,FECHA_FIN_INICIATIVA,GEI_TOTAL,ID_TIPO_INGRESO,ID_TIPO_INICIATIVA,ID_PLAZO_ETAPA_ESTADO,ASIGNAR_INI,ESTADO_FICHA,NOMBRE_FICHA) values ('371','3','105','comercila','comercial','3','0','12000','1',to_date('17/02/20','DD/MM/RR'),to_date('21/02/18','DD/MM/RR'),'2',null,to_date('17/02/20','DD/MM/RR'),null,null,null,null,null,'0',to_date('22/02/18','DD/MM/RR'),'302','1','0','6',null,null,null);
Insert into MRVMM.T_GENM_INICIATIVA (ID_INICIATIVA,ID_MEDMIT,ID_USUARIO,NOMBRE_INICIATIVA,DESC_INICIATIVA,ID_ESTADO,PRIVACIDAD_INICIATIVA,INVERSION_INICIATIVA,ID_MONEDA,FECHA_CREA_INICIATIVA,FECHA_IMPLE_INICIATIVA,ID_ETAPA,USUARIO_REGISTRO,FECHA_REGISTRO,IP_REGISTRO,USUARIO_MODIFICA,FECHA_MODIFICA,IP_MODIFICA,FLG_ESTADO,PRIVACIDAD_INVERSION,FECHA_FIN_INICIATIVA,GEI_TOTAL,ID_TIPO_INGRESO,ID_TIPO_INICIATIVA,ID_PLAZO_ETAPA_ESTADO,ASIGNAR_INI,ESTADO_FICHA,NOMBRE_FICHA) values ('462','12','105','Buses hibridos 12M','Todos los buses hibridos 12M','3','1','12000','1',to_date('28/02/20','DD/MM/RR'),to_date('21/07/19','DD/MM/RR'),'7',null,to_date('28/02/20','DD/MM/RR'),null,null,null,null,null,'0',to_date('21/07/20','DD/MM/RR'),'0','2','0','18',null,null,null);
Insert into MRVMM.T_GENM_INICIATIVA (ID_INICIATIVA,ID_MEDMIT,ID_USUARIO,NOMBRE_INICIATIVA,DESC_INICIATIVA,ID_ESTADO,PRIVACIDAD_INICIATIVA,INVERSION_INICIATIVA,ID_MONEDA,FECHA_CREA_INICIATIVA,FECHA_IMPLE_INICIATIVA,ID_ETAPA,USUARIO_REGISTRO,FECHA_REGISTRO,IP_REGISTRO,USUARIO_MODIFICA,FECHA_MODIFICA,IP_MODIFICA,FLG_ESTADO,PRIVACIDAD_INVERSION,FECHA_FIN_INICIATIVA,GEI_TOTAL,ID_TIPO_INGRESO,ID_TIPO_INICIATIVA,ID_PLAZO_ETAPA_ESTADO,ASIGNAR_INI,ESTADO_FICHA,NOMBRE_FICHA) values ('501','12','105','vehiculos camionetas electricos ','Todos los vehiclos seran reemplazados','2','0','12000','1',to_date('09/03/20','DD/MM/RR'),to_date('21/02/20','DD/MM/RR'),'1',null,to_date('09/03/20','DD/MM/RR'),null,null,null,null,null,'0',to_date('21/03/20','DD/MM/RR'),'0',null,null,'3',null,null,null);
Insert into MRVMM.T_GENM_INICIATIVA (ID_INICIATIVA,ID_MEDMIT,ID_USUARIO,NOMBRE_INICIATIVA,DESC_INICIATIVA,ID_ESTADO,PRIVACIDAD_INICIATIVA,INVERSION_INICIATIVA,ID_MONEDA,FECHA_CREA_INICIATIVA,FECHA_IMPLE_INICIATIVA,ID_ETAPA,USUARIO_REGISTRO,FECHA_REGISTRO,IP_REGISTRO,USUARIO_MODIFICA,FECHA_MODIFICA,IP_MODIFICA,FLG_ESTADO,PRIVACIDAD_INVERSION,FECHA_FIN_INICIATIVA,GEI_TOTAL,ID_TIPO_INGRESO,ID_TIPO_INICIATIVA,ID_PLAZO_ETAPA_ESTADO,ASIGNAR_INI,ESTADO_FICHA,NOMBRE_FICHA) values ('503','12','105','todo autois','toods los autos ','3','0','1200','2',to_date('10/03/20','DD/MM/RR'),to_date('21/09/18','DD/MM/RR'),'7',null,to_date('10/03/20','DD/MM/RR'),null,null,null,null,null,'0',to_date('22/10/18','DD/MM/RR'),'0,78','1','0','18','122',null,null);
Insert into MRVMM.T_GENM_INICIATIVA (ID_INICIATIVA,ID_MEDMIT,ID_USUARIO,NOMBRE_INICIATIVA,DESC_INICIATIVA,ID_ESTADO,PRIVACIDAD_INICIATIVA,INVERSION_INICIATIVA,ID_MONEDA,FECHA_CREA_INICIATIVA,FECHA_IMPLE_INICIATIVA,ID_ETAPA,USUARIO_REGISTRO,FECHA_REGISTRO,IP_REGISTRO,USUARIO_MODIFICA,FECHA_MODIFICA,IP_MODIFICA,FLG_ESTADO,PRIVACIDAD_INVERSION,FECHA_FIN_INICIATIVA,GEI_TOTAL,ID_TIPO_INGRESO,ID_TIPO_INICIATIVA,ID_PLAZO_ETAPA_ESTADO,ASIGNAR_INI,ESTADO_FICHA,NOMBRE_FICHA) values ('504','12','105','Buses electricos de 12M','Todos los buses','3','0','12000','2',to_date('10/03/20','DD/MM/RR'),to_date('21/03/17','DD/MM/RR'),'7',null,to_date('10/03/20','DD/MM/RR'),null,null,null,null,null,'1',to_date('22/04/17','DD/MM/RR'),'-150377,85','1','2','18',null,null,null);
Insert into MRVMM.T_GENM_INICIATIVA (ID_INICIATIVA,ID_MEDMIT,ID_USUARIO,NOMBRE_INICIATIVA,DESC_INICIATIVA,ID_ESTADO,PRIVACIDAD_INICIATIVA,INVERSION_INICIATIVA,ID_MONEDA,FECHA_CREA_INICIATIVA,FECHA_IMPLE_INICIATIVA,ID_ETAPA,USUARIO_REGISTRO,FECHA_REGISTRO,IP_REGISTRO,USUARIO_MODIFICA,FECHA_MODIFICA,IP_MODIFICA,FLG_ESTADO,PRIVACIDAD_INVERSION,FECHA_FIN_INICIATIVA,GEI_TOTAL,ID_TIPO_INGRESO,ID_TIPO_INICIATIVA,ID_PLAZO_ETAPA_ESTADO,ASIGNAR_INI,ESTADO_FICHA,NOMBRE_FICHA) values ('521','4','105','Auditoria Energética al MINAM','Auditoria Energética al MINAM','3','1','15000','1',to_date('11/03/20','DD/MM/RR'),to_date('01/01/19','DD/MM/RR'),'2',null,to_date('11/03/20','DD/MM/RR'),null,null,null,null,null,'1',to_date('01/01/01','DD/MM/RR'),'0',null,null,'6',null,null,null);
Insert into MRVMM.T_GENM_INICIATIVA (ID_INICIATIVA,ID_MEDMIT,ID_USUARIO,NOMBRE_INICIATIVA,DESC_INICIATIVA,ID_ESTADO,PRIVACIDAD_INICIATIVA,INVERSION_INICIATIVA,ID_MONEDA,FECHA_CREA_INICIATIVA,FECHA_IMPLE_INICIATIVA,ID_ETAPA,USUARIO_REGISTRO,FECHA_REGISTRO,IP_REGISTRO,USUARIO_MODIFICA,FECHA_MODIFICA,IP_MODIFICA,FLG_ESTADO,PRIVACIDAD_INVERSION,FECHA_FIN_INICIATIVA,GEI_TOTAL,ID_TIPO_INGRESO,ID_TIPO_INICIATIVA,ID_PLAZO_ETAPA_ESTADO,ASIGNAR_INI,ESTADO_FICHA,NOMBRE_FICHA) values ('541','12','105','Camionetas Hibridas Polarizadas','Camionetas Hibridas','3','0','12000','1',to_date('12/03/20','DD/MM/RR'),to_date('21/07/19','DD/MM/RR'),'9',null,to_date('12/03/20','DD/MM/RR'),null,null,null,null,null,'0',to_date('21/08/19','DD/MM/RR'),'25,28','2','0','21','122',null,null);
Insert into MRVMM.T_GENM_INICIATIVA (ID_INICIATIVA,ID_MEDMIT,ID_USUARIO,NOMBRE_INICIATIVA,DESC_INICIATIVA,ID_ESTADO,PRIVACIDAD_INICIATIVA,INVERSION_INICIATIVA,ID_MONEDA,FECHA_CREA_INICIATIVA,FECHA_IMPLE_INICIATIVA,ID_ETAPA,USUARIO_REGISTRO,FECHA_REGISTRO,IP_REGISTRO,USUARIO_MODIFICA,FECHA_MODIFICA,IP_MODIFICA,FLG_ESTADO,PRIVACIDAD_INVERSION,FECHA_FIN_INICIATIVA,GEI_TOTAL,ID_TIPO_INGRESO,ID_TIPO_INICIATIVA,ID_PLAZO_ETAPA_ESTADO,ASIGNAR_INI,ESTADO_FICHA,NOMBRE_FICHA) values ('542','12','105','Autos polarizados Chinos','autos de empresa reconocida','3','0','12000','2',to_date('12/03/20','DD/MM/RR'),to_date('21/07/19','DD/MM/RR'),'9',null,to_date('12/03/20','DD/MM/RR'),null,null,null,null,null,'0',to_date('21/07/20','DD/MM/RR'),'25,28','2','0','21','122',null,null);
Insert into MRVMM.T_GENM_INICIATIVA (ID_INICIATIVA,ID_MEDMIT,ID_USUARIO,NOMBRE_INICIATIVA,DESC_INICIATIVA,ID_ESTADO,PRIVACIDAD_INICIATIVA,INVERSION_INICIATIVA,ID_MONEDA,FECHA_CREA_INICIATIVA,FECHA_IMPLE_INICIATIVA,ID_ETAPA,USUARIO_REGISTRO,FECHA_REGISTRO,IP_REGISTRO,USUARIO_MODIFICA,FECHA_MODIFICA,IP_MODIFICA,FLG_ESTADO,PRIVACIDAD_INVERSION,FECHA_FIN_INICIATIVA,GEI_TOTAL,ID_TIPO_INGRESO,ID_TIPO_INICIATIVA,ID_PLAZO_ETAPA_ESTADO,ASIGNAR_INI,ESTADO_FICHA,NOMBRE_FICHA) values ('562','12','105','Buses y carros de prueba electricos','Se acoplarán buses nuevos del extranjero y autos locales','3','1','12000','1',to_date('14/03/20','DD/MM/RR'),to_date('21/03/19','DD/MM/RR'),'6',null,to_date('14/03/20','DD/MM/RR'),null,null,null,null,null,'0',to_date('22/03/19','DD/MM/RR'),'4891,84','2','0','16','122',null,null);
Insert into MRVMM.T_GENM_INICIATIVA (ID_INICIATIVA,ID_MEDMIT,ID_USUARIO,NOMBRE_INICIATIVA,DESC_INICIATIVA,ID_ESTADO,PRIVACIDAD_INICIATIVA,INVERSION_INICIATIVA,ID_MONEDA,FECHA_CREA_INICIATIVA,FECHA_IMPLE_INICIATIVA,ID_ETAPA,USUARIO_REGISTRO,FECHA_REGISTRO,IP_REGISTRO,USUARIO_MODIFICA,FECHA_MODIFICA,IP_MODIFICA,FLG_ESTADO,PRIVACIDAD_INVERSION,FECHA_FIN_INICIATIVA,GEI_TOTAL,ID_TIPO_INGRESO,ID_TIPO_INICIATIVA,ID_PLAZO_ETAPA_ESTADO,ASIGNAR_INI,ESTADO_FICHA,NOMBRE_FICHA) values ('567','12','105','Autos electricos 4002','Autos electricos 4002','3','1','12000000,2','1',to_date('14/03/20','DD/MM/RR'),to_date('11/02/20','DD/MM/RR'),'4',null,to_date('14/03/20','DD/MM/RR'),null,null,null,null,null,'0',to_date('01/01/01','DD/MM/RR'),'61,55','2',null,'12',null,'1','567_MRV.pdf');
Insert into MRVMM.T_GENM_INICIATIVA (ID_INICIATIVA,ID_MEDMIT,ID_USUARIO,NOMBRE_INICIATIVA,DESC_INICIATIVA,ID_ESTADO,PRIVACIDAD_INICIATIVA,INVERSION_INICIATIVA,ID_MONEDA,FECHA_CREA_INICIATIVA,FECHA_IMPLE_INICIATIVA,ID_ETAPA,USUARIO_REGISTRO,FECHA_REGISTRO,IP_REGISTRO,USUARIO_MODIFICA,FECHA_MODIFICA,IP_MODIFICA,FLG_ESTADO,PRIVACIDAD_INVERSION,FECHA_FIN_INICIATIVA,GEI_TOTAL,ID_TIPO_INGRESO,ID_TIPO_INICIATIVA,ID_PLAZO_ETAPA_ESTADO,ASIGNAR_INI,ESTADO_FICHA,NOMBRE_FICHA) values ('569','12','105','Carros Honda y buses Etuchisa electricos','Todos autos electricos','3','1','1200','1',to_date('14/03/20','DD/MM/RR'),to_date('21/03/17','DD/MM/RR'),'10',null,to_date('14/03/20','DD/MM/RR'),null,null,null,null,null,'0',to_date('21/04/17','DD/MM/RR'),'25,28','2',null,'22','123',null,null);
Insert into MRVMM.T_GENM_INICIATIVA (ID_INICIATIVA,ID_MEDMIT,ID_USUARIO,NOMBRE_INICIATIVA,DESC_INICIATIVA,ID_ESTADO,PRIVACIDAD_INICIATIVA,INVERSION_INICIATIVA,ID_MONEDA,FECHA_CREA_INICIATIVA,FECHA_IMPLE_INICIATIVA,ID_ETAPA,USUARIO_REGISTRO,FECHA_REGISTRO,IP_REGISTRO,USUARIO_MODIFICA,FECHA_MODIFICA,IP_MODIFICA,FLG_ESTADO,PRIVACIDAD_INVERSION,FECHA_FIN_INICIATIVA,GEI_TOTAL,ID_TIPO_INGRESO,ID_TIPO_INICIATIVA,ID_PLAZO_ETAPA_ESTADO,ASIGNAR_INI,ESTADO_FICHA,NOMBRE_FICHA) values ('581','8','105','Cocina a gas 1002','Cocina a gas 1002','3','1','23780000','2',to_date('17/03/20','DD/MM/RR'),to_date('10/02/19','DD/MM/RR'),'2',null,to_date('17/03/20','DD/MM/RR'),null,null,null,null,null,'0',to_date('01/01/01','DD/MM/RR'),'0',null,'1','6',null,'1','581_MRV.pdf');
Insert into MRVMM.T_GENM_INICIATIVA (ID_INICIATIVA,ID_MEDMIT,ID_USUARIO,NOMBRE_INICIATIVA,DESC_INICIATIVA,ID_ESTADO,PRIVACIDAD_INICIATIVA,INVERSION_INICIATIVA,ID_MONEDA,FECHA_CREA_INICIATIVA,FECHA_IMPLE_INICIATIVA,ID_ETAPA,USUARIO_REGISTRO,FECHA_REGISTRO,IP_REGISTRO,USUARIO_MODIFICA,FECHA_MODIFICA,IP_MODIFICA,FLG_ESTADO,PRIVACIDAD_INVERSION,FECHA_FIN_INICIATIVA,GEI_TOTAL,ID_TIPO_INGRESO,ID_TIPO_INICIATIVA,ID_PLAZO_ETAPA_ESTADO,ASIGNAR_INI,ESTADO_FICHA,NOMBRE_FICHA) values ('582','8','105','Cocina a gas 1002','Cocina a gas 1002','2','1','23780000','3',to_date('17/03/20','DD/MM/RR'),to_date('10/02/19','DD/MM/RR'),'1',null,to_date('17/03/20','DD/MM/RR'),null,null,null,null,null,'1',to_date('01/01/01','DD/MM/RR'),'0',null,'1','3',null,null,null);
Insert into MRVMM.T_GENM_INICIATIVA (ID_INICIATIVA,ID_MEDMIT,ID_USUARIO,NOMBRE_INICIATIVA,DESC_INICIATIVA,ID_ESTADO,PRIVACIDAD_INICIATIVA,INVERSION_INICIATIVA,ID_MONEDA,FECHA_CREA_INICIATIVA,FECHA_IMPLE_INICIATIVA,ID_ETAPA,USUARIO_REGISTRO,FECHA_REGISTRO,IP_REGISTRO,USUARIO_MODIFICA,FECHA_MODIFICA,IP_MODIFICA,FLG_ESTADO,PRIVACIDAD_INVERSION,FECHA_FIN_INICIATIVA,GEI_TOTAL,ID_TIPO_INGRESO,ID_TIPO_INICIATIVA,ID_PLAZO_ETAPA_ESTADO,ASIGNAR_INI,ESTADO_FICHA,NOMBRE_FICHA) values ('587','12','281','Buses naranjas de 12 M ','Cambio de toda la flota en la empresa','3','1','10300','1',to_date('20/03/20','DD/MM/RR'),to_date('21/05/18','DD/MM/RR'),'7',null,to_date('20/03/20','DD/MM/RR'),null,null,null,null,null,'0',to_date('22/06/18','DD/MM/RR'),'224,83','1','3','18','123','1','587_MRV.pdf');
Insert into MRVMM.T_GENM_INICIATIVA (ID_INICIATIVA,ID_MEDMIT,ID_USUARIO,NOMBRE_INICIATIVA,DESC_INICIATIVA,ID_ESTADO,PRIVACIDAD_INICIATIVA,INVERSION_INICIATIVA,ID_MONEDA,FECHA_CREA_INICIATIVA,FECHA_IMPLE_INICIATIVA,ID_ETAPA,USUARIO_REGISTRO,FECHA_REGISTRO,IP_REGISTRO,USUARIO_MODIFICA,FECHA_MODIFICA,IP_MODIFICA,FLG_ESTADO,PRIVACIDAD_INVERSION,FECHA_FIN_INICIATIVA,GEI_TOTAL,ID_TIPO_INGRESO,ID_TIPO_INICIATIVA,ID_PLAZO_ETAPA_ESTADO,ASIGNAR_INI,ESTADO_FICHA,NOMBRE_FICHA) values ('382','12','181','primera iniciativa','descripción de iniciativa','2','1','1212121','1',to_date('20/02/20','DD/MM/RR'),to_date('01/01/18','DD/MM/RR'),'1',null,to_date('20/02/20','DD/MM/RR'),null,null,null,null,null,'1',to_date('01/01/22','DD/MM/RR'),'320','1','0','3',null,null,null);
Insert into MRVMM.T_GENM_INICIATIVA (ID_INICIATIVA,ID_MEDMIT,ID_USUARIO,NOMBRE_INICIATIVA,DESC_INICIATIVA,ID_ESTADO,PRIVACIDAD_INICIATIVA,INVERSION_INICIATIVA,ID_MONEDA,FECHA_CREA_INICIATIVA,FECHA_IMPLE_INICIATIVA,ID_ETAPA,USUARIO_REGISTRO,FECHA_REGISTRO,IP_REGISTRO,USUARIO_MODIFICA,FECHA_MODIFICA,IP_MODIFICA,FLG_ESTADO,PRIVACIDAD_INVERSION,FECHA_FIN_INICIATIVA,GEI_TOTAL,ID_TIPO_INGRESO,ID_TIPO_INICIATIVA,ID_PLAZO_ETAPA_ESTADO,ASIGNAR_INI,ESTADO_FICHA,NOMBRE_FICHA) values ('388','11','105',' Implementación de sistemas de generación eléctrica ',' Implementación de sistemas de generación eléctrica ','3','0','120000','1',to_date('20/02/20','DD/MM/RR'),to_date('21/07/18','DD/MM/RR'),'2',null,to_date('20/02/20','DD/MM/RR'),null,null,null,null,null,'0',to_date('22/07/18','DD/MM/RR'),'258','1','0','6',null,null,null);
Insert into MRVMM.T_GENM_INICIATIVA (ID_INICIATIVA,ID_MEDMIT,ID_USUARIO,NOMBRE_INICIATIVA,DESC_INICIATIVA,ID_ESTADO,PRIVACIDAD_INICIATIVA,INVERSION_INICIATIVA,ID_MONEDA,FECHA_CREA_INICIATIVA,FECHA_IMPLE_INICIATIVA,ID_ETAPA,USUARIO_REGISTRO,FECHA_REGISTRO,IP_REGISTRO,USUARIO_MODIFICA,FECHA_MODIFICA,IP_MODIFICA,FLG_ESTADO,PRIVACIDAD_INVERSION,FECHA_FIN_INICIATIVA,GEI_TOTAL,ID_TIPO_INGRESO,ID_TIPO_INICIATIVA,ID_PLAZO_ETAPA_ESTADO,ASIGNAR_INI,ESTADO_FICHA,NOMBRE_FICHA) values ('431','5','220','sustitución de lámparas de baja eficiencia por tecnologías','sustitución de lámparas de baja eficiencia por tecnologías','3','0','12000','1',to_date('26/02/20','DD/MM/RR'),to_date('21/02/19','DD/MM/RR'),'2',null,to_date('26/02/20','DD/MM/RR'),null,null,null,null,null,'0',to_date('22/03/19','DD/MM/RR'),'0','1','0','6',null,null,null);
Insert into MRVMM.T_GENM_INICIATIVA (ID_INICIATIVA,ID_MEDMIT,ID_USUARIO,NOMBRE_INICIATIVA,DESC_INICIATIVA,ID_ESTADO,PRIVACIDAD_INICIATIVA,INVERSION_INICIATIVA,ID_MONEDA,FECHA_CREA_INICIATIVA,FECHA_IMPLE_INICIATIVA,ID_ETAPA,USUARIO_REGISTRO,FECHA_REGISTRO,IP_REGISTRO,USUARIO_MODIFICA,FECHA_MODIFICA,IP_MODIFICA,FLG_ESTADO,PRIVACIDAD_INVERSION,FECHA_FIN_INICIATIVA,GEI_TOTAL,ID_TIPO_INGRESO,ID_TIPO_INICIATIVA,ID_PLAZO_ETAPA_ESTADO,ASIGNAR_INI,ESTADO_FICHA,NOMBRE_FICHA) values ('434','4','220','Implementar acciones que contribuyan a reducir el consumo de energía sin que estas acciones afecten la calidad de los servicios prestados','Implementar acciones que contribuyan a reducir el consumo de energía sin que estas acciones afecten la calidad de los servicios prestados','3','0','12000','1',to_date('26/02/20','DD/MM/RR'),to_date('21/04/19','DD/MM/RR'),'2',null,to_date('26/02/20','DD/MM/RR'),null,null,null,null,null,'0',to_date('22/05/19','DD/MM/RR'),'0','1','0','6',null,null,null);
Insert into MRVMM.T_GENM_INICIATIVA (ID_INICIATIVA,ID_MEDMIT,ID_USUARIO,NOMBRE_INICIATIVA,DESC_INICIATIVA,ID_ESTADO,PRIVACIDAD_INICIATIVA,INVERSION_INICIATIVA,ID_MONEDA,FECHA_CREA_INICIATIVA,FECHA_IMPLE_INICIATIVA,ID_ETAPA,USUARIO_REGISTRO,FECHA_REGISTRO,IP_REGISTRO,USUARIO_MODIFICA,FECHA_MODIFICA,IP_MODIFICA,FLG_ESTADO,PRIVACIDAD_INVERSION,FECHA_FIN_INICIATIVA,GEI_TOTAL,ID_TIPO_INGRESO,ID_TIPO_INICIATIVA,ID_PLAZO_ETAPA_ESTADO,ASIGNAR_INI,ESTADO_FICHA,NOMBRE_FICHA) values ('437','3','220','Medida que propone promover la racionalización del consumo de energía en el sector comercial de servicios.','Medida que propone promover la racionalización del consumo de energía en el sector comercial de servicios.','3','0','1200','1',to_date('26/02/20','DD/MM/RR'),to_date('24/08/18','DD/MM/RR'),'2',null,to_date('26/02/20','DD/MM/RR'),null,null,null,null,null,'0',to_date('31/08/18','DD/MM/RR'),'0','1','0','6',null,null,null);
Insert into MRVMM.T_GENM_INICIATIVA (ID_INICIATIVA,ID_MEDMIT,ID_USUARIO,NOMBRE_INICIATIVA,DESC_INICIATIVA,ID_ESTADO,PRIVACIDAD_INICIATIVA,INVERSION_INICIATIVA,ID_MONEDA,FECHA_CREA_INICIATIVA,FECHA_IMPLE_INICIATIVA,ID_ETAPA,USUARIO_REGISTRO,FECHA_REGISTRO,IP_REGISTRO,USUARIO_MODIFICA,FECHA_MODIFICA,IP_MODIFICA,FLG_ESTADO,PRIVACIDAD_INVERSION,FECHA_FIN_INICIATIVA,GEI_TOTAL,ID_TIPO_INGRESO,ID_TIPO_INICIATIVA,ID_PLAZO_ETAPA_ESTADO,ASIGNAR_INI,ESTADO_FICHA,NOMBRE_FICHA) values ('438','12','220','Buses de 12M','Reemplazo de toda la flota','3','0','12000','1',to_date('26/02/20','DD/MM/RR'),to_date('20/07/18','DD/MM/RR'),'6',null,to_date('26/02/20','DD/MM/RR'),null,null,null,null,null,'0',to_date('08/09/18','DD/MM/RR'),'206,35','1','0','16','122',null,null);
Insert into MRVMM.T_GENM_INICIATIVA (ID_INICIATIVA,ID_MEDMIT,ID_USUARIO,NOMBRE_INICIATIVA,DESC_INICIATIVA,ID_ESTADO,PRIVACIDAD_INICIATIVA,INVERSION_INICIATIVA,ID_MONEDA,FECHA_CREA_INICIATIVA,FECHA_IMPLE_INICIATIVA,ID_ETAPA,USUARIO_REGISTRO,FECHA_REGISTRO,IP_REGISTRO,USUARIO_MODIFICA,FECHA_MODIFICA,IP_MODIFICA,FLG_ESTADO,PRIVACIDAD_INVERSION,FECHA_FIN_INICIATIVA,GEI_TOTAL,ID_TIPO_INGRESO,ID_TIPO_INICIATIVA,ID_PLAZO_ETAPA_ESTADO,ASIGNAR_INI,ESTADO_FICHA,NOMBRE_FICHA) values ('445','12','182','XXX INICIATIVA NOMBRE XXX XXX INICIATIVA NOMBRE XXX XXX INICIATIVA NOMBRE XXX XXX INICIATIVA NOMBRE XXX XXX INICIATIVA NOMBRE XXX XXX INICIATIVA NOMBRE XXX XXX INICIATIVA NOMBRE XXX XXX INICIATIVA NOMBRE XXX XXX INICIATIVA NOMBRE XXX XXX INICIATIVA NOMBRE XXX XXX INICIATIVA NOMBRE XXX XXX INICIATIVA','XXX INICIATIVA DESCRIPCION XXX XXX INICIATIVA DESCRIPCION XXX XXX INICIATIVA DESCRIPCION XXX XXX INICIATIVA DESCRIPCION XXX XXX INICIATIVA DESCRIPCION XXX XXX INICIATIVA DESCRIPCION XXX XXX INICIATIVA DESCRIPCION XXX XXX INICIATIVA DESCRIPCION XXX XXX INICIATIVA DESCRIPCION XXX XXX INICIATIVA DESCRI','3','0','0','3',to_date('26/02/20','DD/MM/RR'),to_date('01/01/25','DD/MM/RR'),'2',null,to_date('26/02/20','DD/MM/RR'),null,null,null,null,null,'1',to_date('01/01/18','DD/MM/RR'),'0',null,'0','6',null,null,null);
Insert into MRVMM.T_GENM_INICIATIVA (ID_INICIATIVA,ID_MEDMIT,ID_USUARIO,NOMBRE_INICIATIVA,DESC_INICIATIVA,ID_ESTADO,PRIVACIDAD_INICIATIVA,INVERSION_INICIATIVA,ID_MONEDA,FECHA_CREA_INICIATIVA,FECHA_IMPLE_INICIATIVA,ID_ETAPA,USUARIO_REGISTRO,FECHA_REGISTRO,IP_REGISTRO,USUARIO_MODIFICA,FECHA_MODIFICA,IP_MODIFICA,FLG_ESTADO,PRIVACIDAD_INVERSION,FECHA_FIN_INICIATIVA,GEI_TOTAL,ID_TIPO_INGRESO,ID_TIPO_INICIATIVA,ID_PLAZO_ETAPA_ESTADO,ASIGNAR_INI,ESTADO_FICHA,NOMBRE_FICHA) values ('343','12','105','Vehiculos de 4M','toda la flota','3','0','1200000','1',to_date('13/02/20','DD/MM/RR'),to_date('21/02/18','DD/MM/RR'),'10',null,to_date('13/02/20','DD/MM/RR'),null,null,null,null,null,'0',to_date('22/03/18','DD/MM/RR'),'7,87','1','0','22','123',null,null);
Insert into MRVMM.T_GENM_INICIATIVA (ID_INICIATIVA,ID_MEDMIT,ID_USUARIO,NOMBRE_INICIATIVA,DESC_INICIATIVA,ID_ESTADO,PRIVACIDAD_INICIATIVA,INVERSION_INICIATIVA,ID_MONEDA,FECHA_CREA_INICIATIVA,FECHA_IMPLE_INICIATIVA,ID_ETAPA,USUARIO_REGISTRO,FECHA_REGISTRO,IP_REGISTRO,USUARIO_MODIFICA,FECHA_MODIFICA,IP_MODIFICA,FLG_ESTADO,PRIVACIDAD_INVERSION,FECHA_FIN_INICIATIVA,GEI_TOTAL,ID_TIPO_INGRESO,ID_TIPO_INICIATIVA,ID_PLAZO_ETAPA_ESTADO,ASIGNAR_INI,ESTADO_FICHA,NOMBRE_FICHA) values ('344','12','105','Vehiculo electrico de 5M','toda la flota','3','0','12000','1',to_date('13/02/20','DD/MM/RR'),to_date('21/03/18','DD/MM/RR'),'6',null,to_date('13/02/20','DD/MM/RR'),null,null,null,null,null,'0',to_date('10/02/19','DD/MM/RR'),'165','1','0','16','122',null,null);
Insert into MRVMM.T_GENM_INICIATIVA (ID_INICIATIVA,ID_MEDMIT,ID_USUARIO,NOMBRE_INICIATIVA,DESC_INICIATIVA,ID_ESTADO,PRIVACIDAD_INICIATIVA,INVERSION_INICIATIVA,ID_MONEDA,FECHA_CREA_INICIATIVA,FECHA_IMPLE_INICIATIVA,ID_ETAPA,USUARIO_REGISTRO,FECHA_REGISTRO,IP_REGISTRO,USUARIO_MODIFICA,FECHA_MODIFICA,IP_MODIFICA,FLG_ESTADO,PRIVACIDAD_INVERSION,FECHA_FIN_INICIATIVA,GEI_TOTAL,ID_TIPO_INGRESO,ID_TIPO_INICIATIVA,ID_PLAZO_ETAPA_ESTADO,ASIGNAR_INI,ESTADO_FICHA,NOMBRE_FICHA) values ('448','12','105','FLOTA 3001 AUTOS','FLOTA 3001 AUTOS','2','0','35000','2',to_date('27/02/20','DD/MM/RR'),to_date('12/10/19','DD/MM/RR'),'6',null,to_date('27/02/20','DD/MM/RR'),null,null,null,null,null,'0',to_date('01/01/01','DD/MM/RR'),'0','1','0','17',null,null,null);
Insert into MRVMM.T_GENM_INICIATIVA (ID_INICIATIVA,ID_MEDMIT,ID_USUARIO,NOMBRE_INICIATIVA,DESC_INICIATIVA,ID_ESTADO,PRIVACIDAD_INICIATIVA,INVERSION_INICIATIVA,ID_MONEDA,FECHA_CREA_INICIATIVA,FECHA_IMPLE_INICIATIVA,ID_ETAPA,USUARIO_REGISTRO,FECHA_REGISTRO,IP_REGISTRO,USUARIO_MODIFICA,FECHA_MODIFICA,IP_MODIFICA,FLG_ESTADO,PRIVACIDAD_INVERSION,FECHA_FIN_INICIATIVA,GEI_TOTAL,ID_TIPO_INGRESO,ID_TIPO_INICIATIVA,ID_PLAZO_ETAPA_ESTADO,ASIGNAR_INI,ESTADO_FICHA,NOMBRE_FICHA) values ('449','12','220','Compra de flota de 5M','compra de toda la flota','2','0','15000','1',to_date('27/02/20','DD/MM/RR'),to_date('21/07/18','DD/MM/RR'),'3',null,to_date('27/02/20','DD/MM/RR'),null,null,null,null,null,'0',to_date('22/07/19','DD/MM/RR'),'0','1','0','9',null,null,null);
Insert into MRVMM.T_GENM_INICIATIVA (ID_INICIATIVA,ID_MEDMIT,ID_USUARIO,NOMBRE_INICIATIVA,DESC_INICIATIVA,ID_ESTADO,PRIVACIDAD_INICIATIVA,INVERSION_INICIATIVA,ID_MONEDA,FECHA_CREA_INICIATIVA,FECHA_IMPLE_INICIATIVA,ID_ETAPA,USUARIO_REGISTRO,FECHA_REGISTRO,IP_REGISTRO,USUARIO_MODIFICA,FECHA_MODIFICA,IP_MODIFICA,FLG_ESTADO,PRIVACIDAD_INVERSION,FECHA_FIN_INICIATIVA,GEI_TOTAL,ID_TIPO_INGRESO,ID_TIPO_INICIATIVA,ID_PLAZO_ETAPA_ESTADO,ASIGNAR_INI,ESTADO_FICHA,NOMBRE_FICHA) values ('482','12','105','2 Vehiculos TESLA Model 3 por Consumo Electrico ENEL','2 Vehiculos TESLA Model 3 por Consumo Electrico ENEL','3','1','180000','2',to_date('02/03/20','DD/MM/RR'),to_date('01/01/19','DD/MM/RR'),'7',null,to_date('02/03/20','DD/MM/RR'),null,null,null,null,null,'1',to_date('01/01/01','DD/MM/RR'),'4,67','1','0','18',null,null,null);
Insert into MRVMM.T_GENM_INICIATIVA (ID_INICIATIVA,ID_MEDMIT,ID_USUARIO,NOMBRE_INICIATIVA,DESC_INICIATIVA,ID_ESTADO,PRIVACIDAD_INICIATIVA,INVERSION_INICIATIVA,ID_MONEDA,FECHA_CREA_INICIATIVA,FECHA_IMPLE_INICIATIVA,ID_ETAPA,USUARIO_REGISTRO,FECHA_REGISTRO,IP_REGISTRO,USUARIO_MODIFICA,FECHA_MODIFICA,IP_MODIFICA,FLG_ESTADO,PRIVACIDAD_INVERSION,FECHA_FIN_INICIATIVA,GEI_TOTAL,ID_TIPO_INGRESO,ID_TIPO_INICIATIVA,ID_PLAZO_ETAPA_ESTADO,ASIGNAR_INI,ESTADO_FICHA,NOMBRE_FICHA) values ('484','12','105','Buses eléctricos e híbridos 3M','Todos los buses serán incorporadas ','3','0','12000','1',to_date('04/03/20','DD/MM/RR'),to_date('21/05/17','DD/MM/RR'),'7',null,to_date('04/03/20','DD/MM/RR'),null,null,null,null,null,'0',to_date('22/05/17','DD/MM/RR'),'50830,28','1','2','18',null,null,null);
Insert into MRVMM.T_GENM_INICIATIVA (ID_INICIATIVA,ID_MEDMIT,ID_USUARIO,NOMBRE_INICIATIVA,DESC_INICIATIVA,ID_ESTADO,PRIVACIDAD_INICIATIVA,INVERSION_INICIATIVA,ID_MONEDA,FECHA_CREA_INICIATIVA,FECHA_IMPLE_INICIATIVA,ID_ETAPA,USUARIO_REGISTRO,FECHA_REGISTRO,IP_REGISTRO,USUARIO_MODIFICA,FECHA_MODIFICA,IP_MODIFICA,FLG_ESTADO,PRIVACIDAD_INVERSION,FECHA_FIN_INICIATIVA,GEI_TOTAL,ID_TIPO_INGRESO,ID_TIPO_INICIATIVA,ID_PLAZO_ETAPA_ESTADO,ASIGNAR_INI,ESTADO_FICHA,NOMBRE_FICHA) values ('485','12','105','Flota 2001 autos','Flota 2001 autos','6','0','120000','2',to_date('05/03/20','DD/MM/RR'),to_date('11/11/18','DD/MM/RR'),'3',null,to_date('05/03/20','DD/MM/RR'),null,null,null,null,null,'0',to_date('12/12/19','DD/MM/RR'),'0','1','0','10',null,null,null);
Insert into MRVMM.T_GENM_INICIATIVA (ID_INICIATIVA,ID_MEDMIT,ID_USUARIO,NOMBRE_INICIATIVA,DESC_INICIATIVA,ID_ESTADO,PRIVACIDAD_INICIATIVA,INVERSION_INICIATIVA,ID_MONEDA,FECHA_CREA_INICIATIVA,FECHA_IMPLE_INICIATIVA,ID_ETAPA,USUARIO_REGISTRO,FECHA_REGISTRO,IP_REGISTRO,USUARIO_MODIFICA,FECHA_MODIFICA,IP_MODIFICA,FLG_ESTADO,PRIVACIDAD_INVERSION,FECHA_FIN_INICIATIVA,GEI_TOTAL,ID_TIPO_INGRESO,ID_TIPO_INICIATIVA,ID_PLAZO_ETAPA_ESTADO,ASIGNAR_INI,ESTADO_FICHA,NOMBRE_FICHA) values ('543','7','105','Lote de Lámparas','Lote de Lámparas','3','1','6789000','1',to_date('12/03/20','DD/MM/RR'),to_date('15/11/19','DD/MM/RR'),'2',null,to_date('12/03/20','DD/MM/RR'),null,null,null,null,null,'0',to_date('01/01/01','DD/MM/RR'),'0',null,null,'6',null,null,null);
Insert into MRVMM.T_GENM_INICIATIVA (ID_INICIATIVA,ID_MEDMIT,ID_USUARIO,NOMBRE_INICIATIVA,DESC_INICIATIVA,ID_ESTADO,PRIVACIDAD_INICIATIVA,INVERSION_INICIATIVA,ID_MONEDA,FECHA_CREA_INICIATIVA,FECHA_IMPLE_INICIATIVA,ID_ETAPA,USUARIO_REGISTRO,FECHA_REGISTRO,IP_REGISTRO,USUARIO_MODIFICA,FECHA_MODIFICA,IP_MODIFICA,FLG_ESTADO,PRIVACIDAD_INVERSION,FECHA_FIN_INICIATIVA,GEI_TOTAL,ID_TIPO_INGRESO,ID_TIPO_INICIATIVA,ID_PLAZO_ETAPA_ESTADO,ASIGNAR_INI,ESTADO_FICHA,NOMBRE_FICHA) values ('544','12','105','buses electricos de 2m y 3m','cambio de todos los buses','2','0','120000','1',to_date('12/03/20','DD/MM/RR'),to_date('21/04/19','DD/MM/RR'),'1',null,to_date('12/03/20','DD/MM/RR'),null,null,null,null,null,'0',to_date('21/05/19','DD/MM/RR'),'0',null,null,'3',null,null,null);
Insert into MRVMM.T_GENM_INICIATIVA (ID_INICIATIVA,ID_MEDMIT,ID_USUARIO,NOMBRE_INICIATIVA,DESC_INICIATIVA,ID_ESTADO,PRIVACIDAD_INICIATIVA,INVERSION_INICIATIVA,ID_MONEDA,FECHA_CREA_INICIATIVA,FECHA_IMPLE_INICIATIVA,ID_ETAPA,USUARIO_REGISTRO,FECHA_REGISTRO,IP_REGISTRO,USUARIO_MODIFICA,FECHA_MODIFICA,IP_MODIFICA,FLG_ESTADO,PRIVACIDAD_INVERSION,FECHA_FIN_INICIATIVA,GEI_TOTAL,ID_TIPO_INGRESO,ID_TIPO_INICIATIVA,ID_PLAZO_ETAPA_ESTADO,ASIGNAR_INI,ESTADO_FICHA,NOMBRE_FICHA) values ('568','8','105','Cocinas hirviendo','Todas las cocinas del Lima-norte','3','1','120000','1',to_date('14/03/20','DD/MM/RR'),to_date('21/03/18','DD/MM/RR'),'10',null,to_date('14/03/20','DD/MM/RR'),null,null,null,null,null,'0',to_date('01/01/01','DD/MM/RR'),'6956,02','2',null,'22','123',null,null);
Insert into MRVMM.T_GENM_INICIATIVA (ID_INICIATIVA,ID_MEDMIT,ID_USUARIO,NOMBRE_INICIATIVA,DESC_INICIATIVA,ID_ESTADO,PRIVACIDAD_INICIATIVA,INVERSION_INICIATIVA,ID_MONEDA,FECHA_CREA_INICIATIVA,FECHA_IMPLE_INICIATIVA,ID_ETAPA,USUARIO_REGISTRO,FECHA_REGISTRO,IP_REGISTRO,USUARIO_MODIFICA,FECHA_MODIFICA,IP_MODIFICA,FLG_ESTADO,PRIVACIDAD_INVERSION,FECHA_FIN_INICIATIVA,GEI_TOTAL,ID_TIPO_INGRESO,ID_TIPO_INICIATIVA,ID_PLAZO_ETAPA_ESTADO,ASIGNAR_INI,ESTADO_FICHA,NOMBRE_FICHA) values ('446','12','182','nombre nombre nombre nombre nombre nombre nombre nombre nombre nombre nombre nombre nombre nombre nombre nombre nombre nombre nombre nombre nombre nombre nombre nombre nombre nombre nombre nombre nombre nombre nombre nombre nombre nombre nombre nombre nombre nombre nombre nombre nombre nombre nombre','descripcion descripcion descripcion descripcion descripcion descripcion descripcion descripcion descripcion descripcion descripcion descripcion descripcion descripcion descripcion descripcion descripcion descripcion descripcion descripcion descripcion descripcion descripcion descripcion descripcion ','3','1','0','2',to_date('27/02/20','DD/MM/RR'),to_date('01/01/10','DD/MM/RR'),'2',null,to_date('27/02/20','DD/MM/RR'),null,null,null,null,null,'0',to_date('01/01/09','DD/MM/RR'),'0',null,'0','6',null,null,null);
Insert into MRVMM.T_GENM_INICIATIVA (ID_INICIATIVA,ID_MEDMIT,ID_USUARIO,NOMBRE_INICIATIVA,DESC_INICIATIVA,ID_ESTADO,PRIVACIDAD_INICIATIVA,INVERSION_INICIATIVA,ID_MONEDA,FECHA_CREA_INICIATIVA,FECHA_IMPLE_INICIATIVA,ID_ETAPA,USUARIO_REGISTRO,FECHA_REGISTRO,IP_REGISTRO,USUARIO_MODIFICA,FECHA_MODIFICA,IP_MODIFICA,FLG_ESTADO,PRIVACIDAD_INVERSION,FECHA_FIN_INICIATIVA,GEI_TOTAL,ID_TIPO_INGRESO,ID_TIPO_INICIATIVA,ID_PLAZO_ETAPA_ESTADO,ASIGNAR_INI,ESTADO_FICHA,NOMBRE_FICHA) values ('461','8','105','Vales FISE para Region Callao','Vales FISE para Region Callao','1','1','250000','1',to_date('28/02/20','DD/MM/RR'),to_date('01/01/18','DD/MM/RR'),'3',null,to_date('28/02/20','DD/MM/RR'),null,null,null,null,null,'1',to_date('01/01/01','DD/MM/RR'),'0','2','0','8',null,null,null);
Insert into MRVMM.T_GENM_INICIATIVA (ID_INICIATIVA,ID_MEDMIT,ID_USUARIO,NOMBRE_INICIATIVA,DESC_INICIATIVA,ID_ESTADO,PRIVACIDAD_INICIATIVA,INVERSION_INICIATIVA,ID_MONEDA,FECHA_CREA_INICIATIVA,FECHA_IMPLE_INICIATIVA,ID_ETAPA,USUARIO_REGISTRO,FECHA_REGISTRO,IP_REGISTRO,USUARIO_MODIFICA,FECHA_MODIFICA,IP_MODIFICA,FLG_ESTADO,PRIVACIDAD_INVERSION,FECHA_FIN_INICIATIVA,GEI_TOTAL,ID_TIPO_INGRESO,ID_TIPO_INICIATIVA,ID_PLAZO_ETAPA_ESTADO,ASIGNAR_INI,ESTADO_FICHA,NOMBRE_FICHA) values ('468','12','220','Compra de carros eléctricos importados','Se reemplazaran los carros por esta nueva flota','2','0','12000','1',to_date('28/02/20','DD/MM/RR'),to_date('21/07/19','DD/MM/RR'),'1',null,to_date('28/02/20','DD/MM/RR'),null,null,null,null,null,'0',to_date('22/08/19','DD/MM/RR'),'0',null,'0','3',null,null,null);
Insert into MRVMM.T_GENM_INICIATIVA (ID_INICIATIVA,ID_MEDMIT,ID_USUARIO,NOMBRE_INICIATIVA,DESC_INICIATIVA,ID_ESTADO,PRIVACIDAD_INICIATIVA,INVERSION_INICIATIVA,ID_MONEDA,FECHA_CREA_INICIATIVA,FECHA_IMPLE_INICIATIVA,ID_ETAPA,USUARIO_REGISTRO,FECHA_REGISTRO,IP_REGISTRO,USUARIO_MODIFICA,FECHA_MODIFICA,IP_MODIFICA,FLG_ESTADO,PRIVACIDAD_INVERSION,FECHA_FIN_INICIATIVA,GEI_TOTAL,ID_TIPO_INGRESO,ID_TIPO_INICIATIVA,ID_PLAZO_ETAPA_ESTADO,ASIGNAR_INI,ESTADO_FICHA,NOMBRE_FICHA) values ('481','2','105','Cambio de Calderas Refineria La Pampilla','Cambio de Calderas Refineria La Pampilla','3','1','560000','2',to_date('02/03/20','DD/MM/RR'),to_date('01/01/19','DD/MM/RR'),'2',null,to_date('02/03/20','DD/MM/RR'),null,null,null,null,null,'1',to_date('01/01/01','DD/MM/RR'),'0',null,'0','6',null,null,null);
Insert into MRVMM.T_GENM_INICIATIVA (ID_INICIATIVA,ID_MEDMIT,ID_USUARIO,NOMBRE_INICIATIVA,DESC_INICIATIVA,ID_ESTADO,PRIVACIDAD_INICIATIVA,INVERSION_INICIATIVA,ID_MONEDA,FECHA_CREA_INICIATIVA,FECHA_IMPLE_INICIATIVA,ID_ETAPA,USUARIO_REGISTRO,FECHA_REGISTRO,IP_REGISTRO,USUARIO_MODIFICA,FECHA_MODIFICA,IP_MODIFICA,FLG_ESTADO,PRIVACIDAD_INVERSION,FECHA_FIN_INICIATIVA,GEI_TOTAL,ID_TIPO_INGRESO,ID_TIPO_INICIATIVA,ID_PLAZO_ETAPA_ESTADO,ASIGNAR_INI,ESTADO_FICHA,NOMBRE_FICHA) values ('427','5','105','Reemplazo de Focos LED CH Limatambo','Reemplazo de Focos LED CH Limatambo','3','1','0','1',to_date('24/02/20','DD/MM/RR'),to_date('01/01/19','DD/MM/RR'),'2',null,to_date('24/02/20','DD/MM/RR'),null,null,null,null,null,'1',to_date('01/01/01','DD/MM/RR'),'0','1','0','6',null,null,null);
Insert into MRVMM.T_GENM_INICIATIVA (ID_INICIATIVA,ID_MEDMIT,ID_USUARIO,NOMBRE_INICIATIVA,DESC_INICIATIVA,ID_ESTADO,PRIVACIDAD_INICIATIVA,INVERSION_INICIATIVA,ID_MONEDA,FECHA_CREA_INICIATIVA,FECHA_IMPLE_INICIATIVA,ID_ETAPA,USUARIO_REGISTRO,FECHA_REGISTRO,IP_REGISTRO,USUARIO_MODIFICA,FECHA_MODIFICA,IP_MODIFICA,FLG_ESTADO,PRIVACIDAD_INVERSION,FECHA_FIN_INICIATIVA,GEI_TOTAL,ID_TIPO_INGRESO,ID_TIPO_INICIATIVA,ID_PLAZO_ETAPA_ESTADO,ASIGNAR_INI,ESTADO_FICHA,NOMBRE_FICHA) values ('373','12','105','1 Bus Electrico MML','1 Bus Electrico MML','3','1','120000','2',to_date('17/02/20','DD/MM/RR'),to_date('01/01/18','DD/MM/RR'),'7',null,to_date('17/02/20','DD/MM/RR'),null,null,null,null,null,'1',to_date('01/01/01','DD/MM/RR'),'324','1','0','18',null,null,null);
Insert into MRVMM.T_GENM_INICIATIVA (ID_INICIATIVA,ID_MEDMIT,ID_USUARIO,NOMBRE_INICIATIVA,DESC_INICIATIVA,ID_ESTADO,PRIVACIDAD_INICIATIVA,INVERSION_INICIATIVA,ID_MONEDA,FECHA_CREA_INICIATIVA,FECHA_IMPLE_INICIATIVA,ID_ETAPA,USUARIO_REGISTRO,FECHA_REGISTRO,IP_REGISTRO,USUARIO_MODIFICA,FECHA_MODIFICA,IP_MODIFICA,FLG_ESTADO,PRIVACIDAD_INVERSION,FECHA_FIN_INICIATIVA,GEI_TOTAL,ID_TIPO_INGRESO,ID_TIPO_INICIATIVA,ID_PLAZO_ETAPA_ESTADO,ASIGNAR_INI,ESTADO_FICHA,NOMBRE_FICHA) values ('374','12','105','1 Bus Electrico Metropolitano','1 Bus Electrico Metropolitano','5','1','150000','2',to_date('18/02/20','DD/MM/RR'),to_date('01/01/19','DD/MM/RR'),'3',null,to_date('18/02/20','DD/MM/RR'),null,null,null,null,null,'1',to_date('01/01/01','DD/MM/RR'),'254','1','0','11',null,null,null);
Insert into MRVMM.T_GENM_INICIATIVA (ID_INICIATIVA,ID_MEDMIT,ID_USUARIO,NOMBRE_INICIATIVA,DESC_INICIATIVA,ID_ESTADO,PRIVACIDAD_INICIATIVA,INVERSION_INICIATIVA,ID_MONEDA,FECHA_CREA_INICIATIVA,FECHA_IMPLE_INICIATIVA,ID_ETAPA,USUARIO_REGISTRO,FECHA_REGISTRO,IP_REGISTRO,USUARIO_MODIFICA,FECHA_MODIFICA,IP_MODIFICA,FLG_ESTADO,PRIVACIDAD_INVERSION,FECHA_FIN_INICIATIVA,GEI_TOTAL,ID_TIPO_INGRESO,ID_TIPO_INICIATIVA,ID_PLAZO_ETAPA_ESTADO,ASIGNAR_INI,ESTADO_FICHA,NOMBRE_FICHA) values ('375','12','105','buses de 7 metros ','Cambio de toda la flota','2','0','12000','2',to_date('19/02/20','DD/MM/RR'),to_date('21/04/18','DD/MM/RR'),'1',null,to_date('19/02/20','DD/MM/RR'),null,null,null,null,null,'0',to_date('21/05/18','DD/MM/RR'),'129','1','0','3',null,null,null);
Insert into MRVMM.T_GENM_INICIATIVA (ID_INICIATIVA,ID_MEDMIT,ID_USUARIO,NOMBRE_INICIATIVA,DESC_INICIATIVA,ID_ESTADO,PRIVACIDAD_INICIATIVA,INVERSION_INICIATIVA,ID_MONEDA,FECHA_CREA_INICIATIVA,FECHA_IMPLE_INICIATIVA,ID_ETAPA,USUARIO_REGISTRO,FECHA_REGISTRO,IP_REGISTRO,USUARIO_MODIFICA,FECHA_MODIFICA,IP_MODIFICA,FLG_ESTADO,PRIVACIDAD_INVERSION,FECHA_FIN_INICIATIVA,GEI_TOTAL,ID_TIPO_INGRESO,ID_TIPO_INICIATIVA,ID_PLAZO_ETAPA_ESTADO,ASIGNAR_INI,ESTADO_FICHA,NOMBRE_FICHA) values ('379','12','105','Carros y buses de 2 M','Toda la flota de buses y carros ','3','0','120000','1',to_date('20/02/20','DD/MM/RR'),to_date('21/03/18','DD/MM/RR'),'2',null,to_date('20/02/20','DD/MM/RR'),null,null,null,null,null,'0',to_date('29/05/18','DD/MM/RR'),'331','1','0','6',null,null,null);
Insert into MRVMM.T_GENM_INICIATIVA (ID_INICIATIVA,ID_MEDMIT,ID_USUARIO,NOMBRE_INICIATIVA,DESC_INICIATIVA,ID_ESTADO,PRIVACIDAD_INICIATIVA,INVERSION_INICIATIVA,ID_MONEDA,FECHA_CREA_INICIATIVA,FECHA_IMPLE_INICIATIVA,ID_ETAPA,USUARIO_REGISTRO,FECHA_REGISTRO,IP_REGISTRO,USUARIO_MODIFICA,FECHA_MODIFICA,IP_MODIFICA,FLG_ESTADO,PRIVACIDAD_INVERSION,FECHA_FIN_INICIATIVA,GEI_TOTAL,ID_TIPO_INGRESO,ID_TIPO_INICIATIVA,ID_PLAZO_ETAPA_ESTADO,ASIGNAR_INI,ESTADO_FICHA,NOMBRE_FICHA) values ('380','12','180','Buses Etuchisa eléctricos','Cambio de la flota','3','0','12000','1',to_date('20/02/20','DD/MM/RR'),to_date('12/05/18','DD/MM/RR'),'2',null,to_date('20/02/20','DD/MM/RR'),null,null,null,null,null,'0',to_date('20/07/18','DD/MM/RR'),'90','1','0','6',null,null,null);
Insert into MRVMM.T_GENM_INICIATIVA (ID_INICIATIVA,ID_MEDMIT,ID_USUARIO,NOMBRE_INICIATIVA,DESC_INICIATIVA,ID_ESTADO,PRIVACIDAD_INICIATIVA,INVERSION_INICIATIVA,ID_MONEDA,FECHA_CREA_INICIATIVA,FECHA_IMPLE_INICIATIVA,ID_ETAPA,USUARIO_REGISTRO,FECHA_REGISTRO,IP_REGISTRO,USUARIO_MODIFICA,FECHA_MODIFICA,IP_MODIFICA,FLG_ESTADO,PRIVACIDAD_INVERSION,FECHA_FIN_INICIATIVA,GEI_TOTAL,ID_TIPO_INGRESO,ID_TIPO_INICIATIVA,ID_PLAZO_ETAPA_ESTADO,ASIGNAR_INI,ESTADO_FICHA,NOMBRE_FICHA) values ('381','8','180','cocinas sin horno','cocinas sin horno','3','0','120000','1',to_date('20/02/20','DD/MM/RR'),to_date('21/05/18','DD/MM/RR'),'2',null,to_date('20/02/20','DD/MM/RR'),null,null,null,null,null,'0',to_date('23/05/18','DD/MM/RR'),'78','1','0','6',null,null,null);
Insert into MRVMM.T_GENM_INICIATIVA (ID_INICIATIVA,ID_MEDMIT,ID_USUARIO,NOMBRE_INICIATIVA,DESC_INICIATIVA,ID_ESTADO,PRIVACIDAD_INICIATIVA,INVERSION_INICIATIVA,ID_MONEDA,FECHA_CREA_INICIATIVA,FECHA_IMPLE_INICIATIVA,ID_ETAPA,USUARIO_REGISTRO,FECHA_REGISTRO,IP_REGISTRO,USUARIO_MODIFICA,FECHA_MODIFICA,IP_MODIFICA,FLG_ESTADO,PRIVACIDAD_INVERSION,FECHA_FIN_INICIATIVA,GEI_TOTAL,ID_TIPO_INGRESO,ID_TIPO_INICIATIVA,ID_PLAZO_ETAPA_ESTADO,ASIGNAR_INI,ESTADO_FICHA,NOMBRE_FICHA) values ('383','12','105','2 Vehiculos Electricos por Consumo Aeropuerto','2 Vehiculos Electricos por Consumo Aeropuerto','3','1','160000','2',to_date('20/02/20','DD/MM/RR'),to_date('01/01/19','DD/MM/RR'),'7',null,to_date('20/02/20','DD/MM/RR'),null,null,null,null,null,'1',to_date('01/01/01','DD/MM/RR'),'137','1','0','18',null,null,null);
Insert into MRVMM.T_GENM_INICIATIVA (ID_INICIATIVA,ID_MEDMIT,ID_USUARIO,NOMBRE_INICIATIVA,DESC_INICIATIVA,ID_ESTADO,PRIVACIDAD_INICIATIVA,INVERSION_INICIATIVA,ID_MONEDA,FECHA_CREA_INICIATIVA,FECHA_IMPLE_INICIATIVA,ID_ETAPA,USUARIO_REGISTRO,FECHA_REGISTRO,IP_REGISTRO,USUARIO_MODIFICA,FECHA_MODIFICA,IP_MODIFICA,FLG_ESTADO,PRIVACIDAD_INVERSION,FECHA_FIN_INICIATIVA,GEI_TOTAL,ID_TIPO_INGRESO,ID_TIPO_INICIATIVA,ID_PLAZO_ETAPA_ESTADO,ASIGNAR_INI,ESTADO_FICHA,NOMBRE_FICHA) values ('386','12','182','NOMBRE DE INICIATIVA','DESCRIPCIÓN INICIATIVA','3','1','123456','1',to_date('20/02/20','DD/MM/RR'),to_date('20/02/18','DD/MM/RR'),'7',null,to_date('20/02/20','DD/MM/RR'),null,null,null,null,null,'1',to_date('01/01/01','DD/MM/RR'),'209','1','0','18',null,null,null);
Insert into MRVMM.T_GENM_INICIATIVA (ID_INICIATIVA,ID_MEDMIT,ID_USUARIO,NOMBRE_INICIATIVA,DESC_INICIATIVA,ID_ESTADO,PRIVACIDAD_INICIATIVA,INVERSION_INICIATIVA,ID_MONEDA,FECHA_CREA_INICIATIVA,FECHA_IMPLE_INICIATIVA,ID_ETAPA,USUARIO_REGISTRO,FECHA_REGISTRO,IP_REGISTRO,USUARIO_MODIFICA,FECHA_MODIFICA,IP_MODIFICA,FLG_ESTADO,PRIVACIDAD_INVERSION,FECHA_FIN_INICIATIVA,GEI_TOTAL,ID_TIPO_INGRESO,ID_TIPO_INICIATIVA,ID_PLAZO_ETAPA_ESTADO,ASIGNAR_INI,ESTADO_FICHA,NOMBRE_FICHA) values ('387','12','105','Vehiculos de 20 metros','Toda la flota','3','0','12000','1',to_date('20/02/20','DD/MM/RR'),to_date('21/01/18','DD/MM/RR'),'7',null,to_date('20/02/20','DD/MM/RR'),null,null,null,null,null,'0',to_date('22/02/18','DD/MM/RR'),'1030,56','1','0','18',null,null,null);
Insert into MRVMM.T_GENM_INICIATIVA (ID_INICIATIVA,ID_MEDMIT,ID_USUARIO,NOMBRE_INICIATIVA,DESC_INICIATIVA,ID_ESTADO,PRIVACIDAD_INICIATIVA,INVERSION_INICIATIVA,ID_MONEDA,FECHA_CREA_INICIATIVA,FECHA_IMPLE_INICIATIVA,ID_ETAPA,USUARIO_REGISTRO,FECHA_REGISTRO,IP_REGISTRO,USUARIO_MODIFICA,FECHA_MODIFICA,IP_MODIFICA,FLG_ESTADO,PRIVACIDAD_INVERSION,FECHA_FIN_INICIATIVA,GEI_TOTAL,ID_TIPO_INGRESO,ID_TIPO_INICIATIVA,ID_PLAZO_ETAPA_ESTADO,ASIGNAR_INI,ESTADO_FICHA,NOMBRE_FICHA) values ('389','12','105','Flota de autos 10012','Flota de autos 10012','3','0','70000','2',to_date('20/02/20','DD/MM/RR'),to_date('12/11/20','DD/MM/RR'),'2',null,to_date('20/02/20','DD/MM/RR'),null,null,null,null,null,'0',to_date('01/01/01','DD/MM/RR'),'234','1','0','6',null,null,null);
Insert into MRVMM.T_GENM_INICIATIVA (ID_INICIATIVA,ID_MEDMIT,ID_USUARIO,NOMBRE_INICIATIVA,DESC_INICIATIVA,ID_ESTADO,PRIVACIDAD_INICIATIVA,INVERSION_INICIATIVA,ID_MONEDA,FECHA_CREA_INICIATIVA,FECHA_IMPLE_INICIATIVA,ID_ETAPA,USUARIO_REGISTRO,FECHA_REGISTRO,IP_REGISTRO,USUARIO_MODIFICA,FECHA_MODIFICA,IP_MODIFICA,FLG_ESTADO,PRIVACIDAD_INVERSION,FECHA_FIN_INICIATIVA,GEI_TOTAL,ID_TIPO_INGRESO,ID_TIPO_INICIATIVA,ID_PLAZO_ETAPA_ESTADO,ASIGNAR_INI,ESTADO_FICHA,NOMBRE_FICHA) values ('390','12','105','Flota de 1100 autos','Flota de 1100 autos','3','0','7000','2',to_date('20/02/20','DD/MM/RR'),to_date('15/11/20','DD/MM/RR'),'2',null,to_date('20/02/20','DD/MM/RR'),null,null,null,null,null,'0',to_date('12/12/20','DD/MM/RR'),'145','1','0','6',null,null,null);
Insert into MRVMM.T_GENM_INICIATIVA (ID_INICIATIVA,ID_MEDMIT,ID_USUARIO,NOMBRE_INICIATIVA,DESC_INICIATIVA,ID_ESTADO,PRIVACIDAD_INICIATIVA,INVERSION_INICIATIVA,ID_MONEDA,FECHA_CREA_INICIATIVA,FECHA_IMPLE_INICIATIVA,ID_ETAPA,USUARIO_REGISTRO,FECHA_REGISTRO,IP_REGISTRO,USUARIO_MODIFICA,FECHA_MODIFICA,IP_MODIFICA,FLG_ESTADO,PRIVACIDAD_INVERSION,FECHA_FIN_INICIATIVA,GEI_TOTAL,ID_TIPO_INGRESO,ID_TIPO_INICIATIVA,ID_PLAZO_ETAPA_ESTADO,ASIGNAR_INI,ESTADO_FICHA,NOMBRE_FICHA) values ('391','12','105','Flota de 1002  autos','Flota de 1002 autos','3','1','35000,35','1',to_date('20/02/20','DD/MM/RR'),to_date('12/11/20','DD/MM/RR'),'2',null,to_date('20/02/20','DD/MM/RR'),null,null,null,null,null,'0',to_date('01/01/01','DD/MM/RR'),'256','1','0','6',null,null,null);
Insert into MRVMM.T_GENM_INICIATIVA (ID_INICIATIVA,ID_MEDMIT,ID_USUARIO,NOMBRE_INICIATIVA,DESC_INICIATIVA,ID_ESTADO,PRIVACIDAD_INICIATIVA,INVERSION_INICIATIVA,ID_MONEDA,FECHA_CREA_INICIATIVA,FECHA_IMPLE_INICIATIVA,ID_ETAPA,USUARIO_REGISTRO,FECHA_REGISTRO,IP_REGISTRO,USUARIO_MODIFICA,FECHA_MODIFICA,IP_MODIFICA,FLG_ESTADO,PRIVACIDAD_INVERSION,FECHA_FIN_INICIATIVA,GEI_TOTAL,ID_TIPO_INGRESO,ID_TIPO_INICIATIVA,ID_PLAZO_ETAPA_ESTADO,ASIGNAR_INI,ESTADO_FICHA,NOMBRE_FICHA) values ('394','7','105','Alumbrado LED Parque Cieneguilla','Alumbrado LED Parque Cieneguilla','3','1','180000','1',to_date('21/02/20','DD/MM/RR'),to_date('01/01/19','DD/MM/RR'),'6',null,to_date('21/02/20','DD/MM/RR'),null,null,null,null,null,'1',to_date('01/01/01','DD/MM/RR'),'9,1','1','0','16','122',null,null);
Insert into MRVMM.T_GENM_INICIATIVA (ID_INICIATIVA,ID_MEDMIT,ID_USUARIO,NOMBRE_INICIATIVA,DESC_INICIATIVA,ID_ESTADO,PRIVACIDAD_INICIATIVA,INVERSION_INICIATIVA,ID_MONEDA,FECHA_CREA_INICIATIVA,FECHA_IMPLE_INICIATIVA,ID_ETAPA,USUARIO_REGISTRO,FECHA_REGISTRO,IP_REGISTRO,USUARIO_MODIFICA,FECHA_MODIFICA,IP_MODIFICA,FLG_ESTADO,PRIVACIDAD_INVERSION,FECHA_FIN_INICIATIVA,GEI_TOTAL,ID_TIPO_INGRESO,ID_TIPO_INICIATIVA,ID_PLAZO_ETAPA_ESTADO,ASIGNAR_INI,ESTADO_FICHA,NOMBRE_FICHA) values ('401','3','105','Reemplazo de Iluminaria LED - CC Plaza Norte','Reemplazo de Iluminaria LED - CC Plaza Norte','3','1','180000','2',to_date('21/02/20','DD/MM/RR'),to_date('01/01/19','DD/MM/RR'),'2',null,to_date('21/02/20','DD/MM/RR'),null,null,null,null,null,'1',to_date('01/01/01','DD/MM/RR'),'0','1','0','6',null,null,null);
Insert into MRVMM.T_GENM_INICIATIVA (ID_INICIATIVA,ID_MEDMIT,ID_USUARIO,NOMBRE_INICIATIVA,DESC_INICIATIVA,ID_ESTADO,PRIVACIDAD_INICIATIVA,INVERSION_INICIATIVA,ID_MONEDA,FECHA_CREA_INICIATIVA,FECHA_IMPLE_INICIATIVA,ID_ETAPA,USUARIO_REGISTRO,FECHA_REGISTRO,IP_REGISTRO,USUARIO_MODIFICA,FECHA_MODIFICA,IP_MODIFICA,FLG_ESTADO,PRIVACIDAD_INVERSION,FECHA_FIN_INICIATIVA,GEI_TOTAL,ID_TIPO_INGRESO,ID_TIPO_INICIATIVA,ID_PLAZO_ETAPA_ESTADO,ASIGNAR_INI,ESTADO_FICHA,NOMBRE_FICHA) values ('422','12','182','NOMBRE DE LA INICIATIVA NUEVA NOMBRE DE LA INICIATIVA NUEVA NOMBRE DE LA INICIATIVA NUEVA NOMBRE DE LA INICIATIVA NUEVA NOMBRE DE LA INICIATIVA NUEVA NOMBRE DE LA INICIATIVA NUEVA NOMBRE DE LA INICIATIVA NUEVA NOMBRE DE LA INICIATIVA NUEVA NOMBRE DE LA INICIATIVA NUEVA NOMBRE DE LA INICIATIVA NUEVA ','DESCRIPCION DE LA INICIATIVA DESCRIPCION DE LA INICIATIVA DESCRIPCION DE LA INICIATIVA DESCRIPCION DE LA INICIATIVA DESCRIPCION DE LA INICIATIVA DESCRIPCION DE LA INICIATIVA DESCRIPCION DE LA INICIATIVA DESCRIPCION DE LA INICIATIVA DESCRIPCION DE LA INICIATIVA DESCRIPCION DE LA INICIATIVA DESCRIPCIO','2','1','99','1',to_date('24/02/20','DD/MM/RR'),to_date('01/01/19','DD/MM/RR'),'4',null,to_date('24/02/20','DD/MM/RR'),null,null,null,null,null,'1',to_date('01/01/01','DD/MM/RR'),'0','1','0','13',null,null,null);
Insert into MRVMM.T_GENM_INICIATIVA (ID_INICIATIVA,ID_MEDMIT,ID_USUARIO,NOMBRE_INICIATIVA,DESC_INICIATIVA,ID_ESTADO,PRIVACIDAD_INICIATIVA,INVERSION_INICIATIVA,ID_MONEDA,FECHA_CREA_INICIATIVA,FECHA_IMPLE_INICIATIVA,ID_ETAPA,USUARIO_REGISTRO,FECHA_REGISTRO,IP_REGISTRO,USUARIO_MODIFICA,FECHA_MODIFICA,IP_MODIFICA,FLG_ESTADO,PRIVACIDAD_INVERSION,FECHA_FIN_INICIATIVA,GEI_TOTAL,ID_TIPO_INGRESO,ID_TIPO_INICIATIVA,ID_PLAZO_ETAPA_ESTADO,ASIGNAR_INI,ESTADO_FICHA,NOMBRE_FICHA) values ('425','6','105','Reemplazo de Focos Led Plaza de Armas - MML','Reemplazo de Focos Led Plaza de Armas - MML','3','1','0','1',to_date('24/02/20','DD/MM/RR'),to_date('01/01/19','DD/MM/RR'),'2',null,to_date('24/02/20','DD/MM/RR'),null,null,null,null,null,'1',to_date('01/01/01','DD/MM/RR'),'0','1','0','6',null,null,null);
Insert into MRVMM.T_GENM_INICIATIVA (ID_INICIATIVA,ID_MEDMIT,ID_USUARIO,NOMBRE_INICIATIVA,DESC_INICIATIVA,ID_ESTADO,PRIVACIDAD_INICIATIVA,INVERSION_INICIATIVA,ID_MONEDA,FECHA_CREA_INICIATIVA,FECHA_IMPLE_INICIATIVA,ID_ETAPA,USUARIO_REGISTRO,FECHA_REGISTRO,IP_REGISTRO,USUARIO_MODIFICA,FECHA_MODIFICA,IP_MODIFICA,FLG_ESTADO,PRIVACIDAD_INVERSION,FECHA_FIN_INICIATIVA,GEI_TOTAL,ID_TIPO_INGRESO,ID_TIPO_INICIATIVA,ID_PLAZO_ETAPA_ESTADO,ASIGNAR_INI,ESTADO_FICHA,NOMBRE_FICHA) values ('426','7','182','NEW ILUMINATI ON NEW ILUMINATI ON NEW ILUMINATI ON NEW ILUMINATI ON NEW ILUMINATI ON NEW ILUMINATI ON NEW ILUMINATI ON NEW ILUMINATI ON NEW ILUMINATI ON NEW ILUMINATI ON NEW ILUMINATI ON NEW ILUMINATI ON NEW ILUMINATI ON NEW ILUMINATI ON NEW ILUMINATI ON NEW ILUMINATI ON NEW ILUMINATI ON NEW ILUMINA','DESCRIP NEW ILUMINATI ON DESCRIP NEW ILUMINATI ON DESCRIP NEW ILUMINATI ON DESCRIP NEW ILUMINATI ON DESCRIP NEW ILUMINATI ON DESCRIP NEW ILUMINATI ON DESCRIP NEW ILUMINATI ON DESCRIP NEW ILUMINATI ON DESCRIP NEW ILUMINATI ON DESCRIP NEW ILUMINATI ON DESCRIP NEW ILUMINATI ON DESCRIP NEW ILUMINATI ON ','2','1','88','1',to_date('24/02/20','DD/MM/RR'),to_date('01/01/18','DD/MM/RR'),'4',null,to_date('24/02/20','DD/MM/RR'),null,null,null,null,null,'1',to_date('01/01/01','DD/MM/RR'),'0','1','0','13',null,null,null);
Insert into MRVMM.T_GENM_INICIATIVA (ID_INICIATIVA,ID_MEDMIT,ID_USUARIO,NOMBRE_INICIATIVA,DESC_INICIATIVA,ID_ESTADO,PRIVACIDAD_INICIATIVA,INVERSION_INICIATIVA,ID_MONEDA,FECHA_CREA_INICIATIVA,FECHA_IMPLE_INICIATIVA,ID_ETAPA,USUARIO_REGISTRO,FECHA_REGISTRO,IP_REGISTRO,USUARIO_MODIFICA,FECHA_MODIFICA,IP_MODIFICA,FLG_ESTADO,PRIVACIDAD_INVERSION,FECHA_FIN_INICIATIVA,GEI_TOTAL,ID_TIPO_INGRESO,ID_TIPO_INICIATIVA,ID_PLAZO_ETAPA_ESTADO,ASIGNAR_INI,ESTADO_FICHA,NOMBRE_FICHA) values ('428','12','105','Vehiculos Electricos Aeropuerto Iquitos','Vehiculos Electricos Aeropuerto Iquitos','3','1','0','2',to_date('24/02/20','DD/MM/RR'),to_date('01/01/18','DD/MM/RR'),'6',null,to_date('24/02/20','DD/MM/RR'),null,null,null,null,null,'1',to_date('01/01/01','DD/MM/RR'),'0','1','0','16','122',null,null);
Insert into MRVMM.T_GENM_INICIATIVA (ID_INICIATIVA,ID_MEDMIT,ID_USUARIO,NOMBRE_INICIATIVA,DESC_INICIATIVA,ID_ESTADO,PRIVACIDAD_INICIATIVA,INVERSION_INICIATIVA,ID_MONEDA,FECHA_CREA_INICIATIVA,FECHA_IMPLE_INICIATIVA,ID_ETAPA,USUARIO_REGISTRO,FECHA_REGISTRO,IP_REGISTRO,USUARIO_MODIFICA,FECHA_MODIFICA,IP_MODIFICA,FLG_ESTADO,PRIVACIDAD_INVERSION,FECHA_FIN_INICIATIVA,GEI_TOTAL,ID_TIPO_INGRESO,ID_TIPO_INICIATIVA,ID_PLAZO_ETAPA_ESTADO,ASIGNAR_INI,ESTADO_FICHA,NOMBRE_FICHA) values ('432','7','220','Implementación de lámparas de alta eficiencia en el alumbrado público reduciendo las emisiones de GEI ','Implementación de lámparas de alta eficiencia en el alumbrado público reduciendo las emisiones de GEI ','3','0','12000','2',to_date('26/02/20','DD/MM/RR'),to_date('23/01/19','DD/MM/RR'),'2',null,to_date('26/02/20','DD/MM/RR'),null,null,null,null,null,'0',to_date('23/01/19','DD/MM/RR'),'0','1','0','6',null,null,null);
Insert into MRVMM.T_GENM_INICIATIVA (ID_INICIATIVA,ID_MEDMIT,ID_USUARIO,NOMBRE_INICIATIVA,DESC_INICIATIVA,ID_ESTADO,PRIVACIDAD_INICIATIVA,INVERSION_INICIATIVA,ID_MONEDA,FECHA_CREA_INICIATIVA,FECHA_IMPLE_INICIATIVA,ID_ETAPA,USUARIO_REGISTRO,FECHA_REGISTRO,IP_REGISTRO,USUARIO_MODIFICA,FECHA_MODIFICA,IP_MODIFICA,FLG_ESTADO,PRIVACIDAD_INVERSION,FECHA_FIN_INICIATIVA,GEI_TOTAL,ID_TIPO_INGRESO,ID_TIPO_INICIATIVA,ID_PLAZO_ETAPA_ESTADO,ASIGNAR_INI,ESTADO_FICHA,NOMBRE_FICHA) values ('433','1','220','Equipos que requieran suministros energéticos incluyan en sus etiquetas.','Equipos que requieran suministros energéticos incluyan en sus etiquetas.','3','0','12000','3',to_date('26/02/20','DD/MM/RR'),to_date('23/05/19','DD/MM/RR'),'2',null,to_date('26/02/20','DD/MM/RR'),null,null,null,null,null,'0',to_date('25/06/19','DD/MM/RR'),'0','1','0','6',null,null,null);
Insert into MRVMM.T_GENM_INICIATIVA (ID_INICIATIVA,ID_MEDMIT,ID_USUARIO,NOMBRE_INICIATIVA,DESC_INICIATIVA,ID_ESTADO,PRIVACIDAD_INICIATIVA,INVERSION_INICIATIVA,ID_MONEDA,FECHA_CREA_INICIATIVA,FECHA_IMPLE_INICIATIVA,ID_ETAPA,USUARIO_REGISTRO,FECHA_REGISTRO,IP_REGISTRO,USUARIO_MODIFICA,FECHA_MODIFICA,IP_MODIFICA,FLG_ESTADO,PRIVACIDAD_INVERSION,FECHA_FIN_INICIATIVA,GEI_TOTAL,ID_TIPO_INGRESO,ID_TIPO_INICIATIVA,ID_PLAZO_ETAPA_ESTADO,ASIGNAR_INI,ESTADO_FICHA,NOMBRE_FICHA) values ('436','2','220','implementación de medidas de eficiencia energética en empresas del sector industrial ','implementación de medidas de eficiencia energética en empresas del sector industrial ','3','0','12000','1',to_date('26/02/20','DD/MM/RR'),to_date('21/03/18','DD/MM/RR'),'2',null,to_date('26/02/20','DD/MM/RR'),null,null,null,null,null,'0',to_date('23/04/18','DD/MM/RR'),'0','1','0','6',null,null,null);
Insert into MRVMM.T_GENM_INICIATIVA (ID_INICIATIVA,ID_MEDMIT,ID_USUARIO,NOMBRE_INICIATIVA,DESC_INICIATIVA,ID_ESTADO,PRIVACIDAD_INICIATIVA,INVERSION_INICIATIVA,ID_MONEDA,FECHA_CREA_INICIATIVA,FECHA_IMPLE_INICIATIVA,ID_ETAPA,USUARIO_REGISTRO,FECHA_REGISTRO,IP_REGISTRO,USUARIO_MODIFICA,FECHA_MODIFICA,IP_MODIFICA,FLG_ESTADO,PRIVACIDAD_INVERSION,FECHA_FIN_INICIATIVA,GEI_TOTAL,ID_TIPO_INGRESO,ID_TIPO_INICIATIVA,ID_PLAZO_ETAPA_ESTADO,ASIGNAR_INI,ESTADO_FICHA,NOMBRE_FICHA) values ('439','9','220','Cambio eléctrico','Reemplazo de eléctrico','3','0','12344,6','1',to_date('26/02/20','DD/MM/RR'),to_date('12/05/18','DD/MM/RR'),'2',null,to_date('26/02/20','DD/MM/RR'),null,null,null,null,null,'0',to_date('17/06/18','DD/MM/RR'),'0','1','0','6',null,null,null);
Insert into MRVMM.T_GENM_INICIATIVA (ID_INICIATIVA,ID_MEDMIT,ID_USUARIO,NOMBRE_INICIATIVA,DESC_INICIATIVA,ID_ESTADO,PRIVACIDAD_INICIATIVA,INVERSION_INICIATIVA,ID_MONEDA,FECHA_CREA_INICIATIVA,FECHA_IMPLE_INICIATIVA,ID_ETAPA,USUARIO_REGISTRO,FECHA_REGISTRO,IP_REGISTRO,USUARIO_MODIFICA,FECHA_MODIFICA,IP_MODIFICA,FLG_ESTADO,PRIVACIDAD_INVERSION,FECHA_FIN_INICIATIVA,GEI_TOTAL,ID_TIPO_INGRESO,ID_TIPO_INICIATIVA,ID_PLAZO_ETAPA_ESTADO,ASIGNAR_INI,ESTADO_FICHA,NOMBRE_FICHA) values ('440','8','220','Compra de cocinas mejoradas','Cambio de la flota de cocinas','3','0','12000','1',to_date('26/02/20','DD/MM/RR'),to_date('02/10/19','DD/MM/RR'),'2',null,to_date('26/02/20','DD/MM/RR'),null,null,null,null,null,'0',to_date('03/11/19','DD/MM/RR'),'0','1','0','6',null,null,null);
Insert into MRVMM.T_GENM_INICIATIVA (ID_INICIATIVA,ID_MEDMIT,ID_USUARIO,NOMBRE_INICIATIVA,DESC_INICIATIVA,ID_ESTADO,PRIVACIDAD_INICIATIVA,INVERSION_INICIATIVA,ID_MONEDA,FECHA_CREA_INICIATIVA,FECHA_IMPLE_INICIATIVA,ID_ETAPA,USUARIO_REGISTRO,FECHA_REGISTRO,IP_REGISTRO,USUARIO_MODIFICA,FECHA_MODIFICA,IP_MODIFICA,FLG_ESTADO,PRIVACIDAD_INVERSION,FECHA_FIN_INICIATIVA,GEI_TOTAL,ID_TIPO_INGRESO,ID_TIPO_INICIATIVA,ID_PLAZO_ETAPA_ESTADO,ASIGNAR_INI,ESTADO_FICHA,NOMBRE_FICHA) values ('441','10','220','Aumentar la participación de los Recursos Energéticos de fuentes Renovables','Aumentar la participación de los Recursos Energéticos de fuentes Renovables','3','0','12344,7','1',to_date('26/02/20','DD/MM/RR'),to_date('23/07/17','DD/MM/RR'),'2',null,to_date('26/02/20','DD/MM/RR'),null,null,null,null,null,'0',to_date('24/01/19','DD/MM/RR'),'0','1','0','6',null,null,null);
Insert into MRVMM.T_GENM_INICIATIVA (ID_INICIATIVA,ID_MEDMIT,ID_USUARIO,NOMBRE_INICIATIVA,DESC_INICIATIVA,ID_ESTADO,PRIVACIDAD_INICIATIVA,INVERSION_INICIATIVA,ID_MONEDA,FECHA_CREA_INICIATIVA,FECHA_IMPLE_INICIATIVA,ID_ETAPA,USUARIO_REGISTRO,FECHA_REGISTRO,IP_REGISTRO,USUARIO_MODIFICA,FECHA_MODIFICA,IP_MODIFICA,FLG_ESTADO,PRIVACIDAD_INVERSION,FECHA_FIN_INICIATIVA,GEI_TOTAL,ID_TIPO_INGRESO,ID_TIPO_INICIATIVA,ID_PLAZO_ETAPA_ESTADO,ASIGNAR_INI,ESTADO_FICHA,NOMBRE_FICHA) values ('442','11','220','instalación de generación eléctrica que inyecte energía eléctrica a la red eléctrica','instalación de generación eléctrica que inyecte energía eléctrica a la red eléctrica','3','0','12567,89','1',to_date('26/02/20','DD/MM/RR'),to_date('12/04/19','DD/MM/RR'),'2',null,to_date('26/02/20','DD/MM/RR'),null,null,null,null,null,'0',to_date('12/04/20','DD/MM/RR'),'0','1','0','6',null,null,null);
Insert into MRVMM.T_GENM_INICIATIVA (ID_INICIATIVA,ID_MEDMIT,ID_USUARIO,NOMBRE_INICIATIVA,DESC_INICIATIVA,ID_ESTADO,PRIVACIDAD_INICIATIVA,INVERSION_INICIATIVA,ID_MONEDA,FECHA_CREA_INICIATIVA,FECHA_IMPLE_INICIATIVA,ID_ETAPA,USUARIO_REGISTRO,FECHA_REGISTRO,IP_REGISTRO,USUARIO_MODIFICA,FECHA_MODIFICA,IP_MODIFICA,FLG_ESTADO,PRIVACIDAD_INVERSION,FECHA_FIN_INICIATIVA,GEI_TOTAL,ID_TIPO_INGRESO,ID_TIPO_INICIATIVA,ID_PLAZO_ETAPA_ESTADO,ASIGNAR_INI,ESTADO_FICHA,NOMBRE_FICHA) values ('447','8','105','Cocinas Mejoradas Region Huancavelica','Cocinas Mejoradas Region Huancavelica','3','1','250000','1',to_date('27/02/20','DD/MM/RR'),to_date('01/01/19','DD/MM/RR'),'2',null,to_date('27/02/20','DD/MM/RR'),null,null,null,null,null,'1',to_date('01/01/01','DD/MM/RR'),'0',null,'0','6',null,null,null);
Insert into MRVMM.T_GENM_INICIATIVA (ID_INICIATIVA,ID_MEDMIT,ID_USUARIO,NOMBRE_INICIATIVA,DESC_INICIATIVA,ID_ESTADO,PRIVACIDAD_INICIATIVA,INVERSION_INICIATIVA,ID_MONEDA,FECHA_CREA_INICIATIVA,FECHA_IMPLE_INICIATIVA,ID_ETAPA,USUARIO_REGISTRO,FECHA_REGISTRO,IP_REGISTRO,USUARIO_MODIFICA,FECHA_MODIFICA,IP_MODIFICA,FLG_ESTADO,PRIVACIDAD_INVERSION,FECHA_FIN_INICIATIVA,GEI_TOTAL,ID_TIPO_INGRESO,ID_TIPO_INICIATIVA,ID_PLAZO_ETAPA_ESTADO,ASIGNAR_INI,ESTADO_FICHA,NOMBRE_FICHA) values ('450','12','221','Nueva flota de vehículos eléctricos ','Cambio toda la flota de vehículos ','3','0','15000','1',to_date('27/02/20','DD/MM/RR'),to_date('27/02/19','DD/MM/RR'),'7',null,to_date('27/02/20','DD/MM/RR'),null,null,null,null,null,'0',to_date('24/03/19','DD/MM/RR'),'0','1','0','18','123',null,null);
Insert into MRVMM.T_GENM_INICIATIVA (ID_INICIATIVA,ID_MEDMIT,ID_USUARIO,NOMBRE_INICIATIVA,DESC_INICIATIVA,ID_ESTADO,PRIVACIDAD_INICIATIVA,INVERSION_INICIATIVA,ID_MONEDA,FECHA_CREA_INICIATIVA,FECHA_IMPLE_INICIATIVA,ID_ETAPA,USUARIO_REGISTRO,FECHA_REGISTRO,IP_REGISTRO,USUARIO_MODIFICA,FECHA_MODIFICA,IP_MODIFICA,FLG_ESTADO,PRIVACIDAD_INVERSION,FECHA_FIN_INICIATIVA,GEI_TOTAL,ID_TIPO_INGRESO,ID_TIPO_INICIATIVA,ID_PLAZO_ETAPA_ESTADO,ASIGNAR_INI,ESTADO_FICHA,NOMBRE_FICHA) values ('454','6','105','Cambio de Lamparas Publicas 50','Cambio de Lamparas Publicas 50','3','0','1212121212,12','2',to_date('27/02/20','DD/MM/RR'),to_date('11/11/19','DD/MM/RR'),'2',null,to_date('27/02/20','DD/MM/RR'),null,null,null,null,null,'0',to_date('01/01/01','DD/MM/RR'),'0',null,'0','6',null,null,null);
Insert into MRVMM.T_GENM_INICIATIVA (ID_INICIATIVA,ID_MEDMIT,ID_USUARIO,NOMBRE_INICIATIVA,DESC_INICIATIVA,ID_ESTADO,PRIVACIDAD_INICIATIVA,INVERSION_INICIATIVA,ID_MONEDA,FECHA_CREA_INICIATIVA,FECHA_IMPLE_INICIATIVA,ID_ETAPA,USUARIO_REGISTRO,FECHA_REGISTRO,IP_REGISTRO,USUARIO_MODIFICA,FECHA_MODIFICA,IP_MODIFICA,FLG_ESTADO,PRIVACIDAD_INVERSION,FECHA_FIN_INICIATIVA,GEI_TOTAL,ID_TIPO_INGRESO,ID_TIPO_INICIATIVA,ID_PLAZO_ETAPA_ESTADO,ASIGNAR_INI,ESTADO_FICHA,NOMBRE_FICHA) values ('463','12','182','NOM DE INI NOM DE INI NOM DE INI NOM DE INI NOM DE INI NOM DE INI NOM DE INI NOM DE INI NOM DE INI NOM DE INI NOM DE INI NOM DE INI NOM DE INI NOM DE INI NOM DE INI NOM DE INI NOM DE INI NOM DE INI NOM DE INI NOM DE INI NOM DE INI NOM DE INI NOM DE I','DESC DE INI DESC DE INI DESC DE INI DESC DE INI DESC DE INI DESC DE INI DESC DE INI DESC DE INI DESC DE INI DESC DE INI DESC DE INI DESC DE INI DESC DE INI DESC DE INI DESC DE INI DESC DE INI DESC DE INI DESC DE INI DESC DE INI DESC DE INI DESC DE INI DESC DE INI DESC DE INI DESC DE INI DESC DE INI DESC DE INI DESC DE INI DESC DE INI DESC DE INI DESC DE INI DESC DE INI DESC DE INI DESC DE INI DESC DE INI DESC DE INI DESC DE INI DESC DE INI DESC DE INI DESC DE INI DESC DE INI DESC DE INI DESC DE ','2','1','9999999999999,99','1',to_date('28/02/20','DD/MM/RR'),to_date('01/01/19','DD/MM/RR'),'4',null,to_date('28/02/20','DD/MM/RR'),null,null,null,null,null,'0',to_date('01/01/01','DD/MM/RR'),'0','1','0','13',null,null,null);
Insert into MRVMM.T_GENM_INICIATIVA (ID_INICIATIVA,ID_MEDMIT,ID_USUARIO,NOMBRE_INICIATIVA,DESC_INICIATIVA,ID_ESTADO,PRIVACIDAD_INICIATIVA,INVERSION_INICIATIVA,ID_MONEDA,FECHA_CREA_INICIATIVA,FECHA_IMPLE_INICIATIVA,ID_ETAPA,USUARIO_REGISTRO,FECHA_REGISTRO,IP_REGISTRO,USUARIO_MODIFICA,FECHA_MODIFICA,IP_MODIFICA,FLG_ESTADO,PRIVACIDAD_INVERSION,FECHA_FIN_INICIATIVA,GEI_TOTAL,ID_TIPO_INGRESO,ID_TIPO_INICIATIVA,ID_PLAZO_ETAPA_ESTADO,ASIGNAR_INI,ESTADO_FICHA,NOMBRE_FICHA) values ('465','1','105','Cambio de Etiquetado de Eficiencia Energetica para MINEM','Cambio de Etiquetado de Eficiencia Energetica para MINEM','3','1','350000','1',to_date('28/02/20','DD/MM/RR'),to_date('01/01/19','DD/MM/RR'),'7',null,to_date('28/02/20','DD/MM/RR'),null,null,null,null,null,'1',to_date('01/01/01','DD/MM/RR'),'12,94','1','0','18',null,null,null);
Insert into MRVMM.T_GENM_INICIATIVA (ID_INICIATIVA,ID_MEDMIT,ID_USUARIO,NOMBRE_INICIATIVA,DESC_INICIATIVA,ID_ESTADO,PRIVACIDAD_INICIATIVA,INVERSION_INICIATIVA,ID_MONEDA,FECHA_CREA_INICIATIVA,FECHA_IMPLE_INICIATIVA,ID_ETAPA,USUARIO_REGISTRO,FECHA_REGISTRO,IP_REGISTRO,USUARIO_MODIFICA,FECHA_MODIFICA,IP_MODIFICA,FLG_ESTADO,PRIVACIDAD_INVERSION,FECHA_FIN_INICIATIVA,GEI_TOTAL,ID_TIPO_INGRESO,ID_TIPO_INICIATIVA,ID_PLAZO_ETAPA_ESTADO,ASIGNAR_INI,ESTADO_FICHA,NOMBRE_FICHA) values ('466','12','220','Buses de 3 metros','Se realizara el cambio de todos los buses','2','0','12000','2',to_date('28/02/20','DD/MM/RR'),to_date('12/05/19','DD/MM/RR'),'4',null,to_date('28/02/20','DD/MM/RR'),null,null,null,null,null,'0',to_date('20/07/20','DD/MM/RR'),'0','2','0','13',null,null,null);
Insert into MRVMM.T_GENM_INICIATIVA (ID_INICIATIVA,ID_MEDMIT,ID_USUARIO,NOMBRE_INICIATIVA,DESC_INICIATIVA,ID_ESTADO,PRIVACIDAD_INICIATIVA,INVERSION_INICIATIVA,ID_MONEDA,FECHA_CREA_INICIATIVA,FECHA_IMPLE_INICIATIVA,ID_ETAPA,USUARIO_REGISTRO,FECHA_REGISTRO,IP_REGISTRO,USUARIO_MODIFICA,FECHA_MODIFICA,IP_MODIFICA,FLG_ESTADO,PRIVACIDAD_INVERSION,FECHA_FIN_INICIATIVA,GEI_TOTAL,ID_TIPO_INGRESO,ID_TIPO_INICIATIVA,ID_PLAZO_ETAPA_ESTADO,ASIGNAR_INI,ESTADO_FICHA,NOMBRE_FICHA) values ('372','12','105','Flota de 101 autos','Flota de 101 autos','2','1','350000','2',to_date('17/02/20','DD/MM/RR'),to_date('12/10/19','DD/MM/RR'),'3',null,to_date('17/02/20','DD/MM/RR'),null,null,null,null,null,'1',to_date('11/10/22','DD/MM/RR'),'156','2','0','9',null,null,null);
Insert into MRVMM.T_GENM_INICIATIVA (ID_INICIATIVA,ID_MEDMIT,ID_USUARIO,NOMBRE_INICIATIVA,DESC_INICIATIVA,ID_ESTADO,PRIVACIDAD_INICIATIVA,INVERSION_INICIATIVA,ID_MONEDA,FECHA_CREA_INICIATIVA,FECHA_IMPLE_INICIATIVA,ID_ETAPA,USUARIO_REGISTRO,FECHA_REGISTRO,IP_REGISTRO,USUARIO_MODIFICA,FECHA_MODIFICA,IP_MODIFICA,FLG_ESTADO,PRIVACIDAD_INVERSION,FECHA_FIN_INICIATIVA,GEI_TOTAL,ID_TIPO_INGRESO,ID_TIPO_INICIATIVA,ID_PLAZO_ETAPA_ESTADO,ASIGNAR_INI,ESTADO_FICHA,NOMBRE_FICHA) values ('467','1','220','Compra de equipos que requieran suministros energéticos','Se reemplazarán todos los equipos','3','0','12000','1',to_date('28/02/20','DD/MM/RR'),to_date('12/04/19','DD/MM/RR'),'2',null,to_date('28/02/20','DD/MM/RR'),null,null,null,null,null,'0',to_date('20/05/19','DD/MM/RR'),'0',null,'0','6',null,null,null);
Insert into MRVMM.T_GENM_INICIATIVA (ID_INICIATIVA,ID_MEDMIT,ID_USUARIO,NOMBRE_INICIATIVA,DESC_INICIATIVA,ID_ESTADO,PRIVACIDAD_INICIATIVA,INVERSION_INICIATIVA,ID_MONEDA,FECHA_CREA_INICIATIVA,FECHA_IMPLE_INICIATIVA,ID_ETAPA,USUARIO_REGISTRO,FECHA_REGISTRO,IP_REGISTRO,USUARIO_MODIFICA,FECHA_MODIFICA,IP_MODIFICA,FLG_ESTADO,PRIVACIDAD_INVERSION,FECHA_FIN_INICIATIVA,GEI_TOTAL,ID_TIPO_INGRESO,ID_TIPO_INICIATIVA,ID_PLAZO_ETAPA_ESTADO,ASIGNAR_INI,ESTADO_FICHA,NOMBRE_FICHA) values ('588','12','281','Coches rosados eléctricos','Estos coches serán parte de la flota','3','1','120000','2',to_date('20/03/20','DD/MM/RR'),to_date('21/07/18','DD/MM/RR'),'5',null,to_date('20/03/20','DD/MM/RR'),null,null,null,null,null,'0',to_date('21/06/19','DD/MM/RR'),'25,28','2','2','14',null,'0',null);
Insert into MRVMM.T_GENM_INICIATIVA (ID_INICIATIVA,ID_MEDMIT,ID_USUARIO,NOMBRE_INICIATIVA,DESC_INICIATIVA,ID_ESTADO,PRIVACIDAD_INICIATIVA,INVERSION_INICIATIVA,ID_MONEDA,FECHA_CREA_INICIATIVA,FECHA_IMPLE_INICIATIVA,ID_ETAPA,USUARIO_REGISTRO,FECHA_REGISTRO,IP_REGISTRO,USUARIO_MODIFICA,FECHA_MODIFICA,IP_MODIFICA,FLG_ESTADO,PRIVACIDAD_INVERSION,FECHA_FIN_INICIATIVA,GEI_TOTAL,ID_TIPO_INGRESO,ID_TIPO_INICIATIVA,ID_PLAZO_ETAPA_ESTADO,ASIGNAR_INI,ESTADO_FICHA,NOMBRE_FICHA) values ('376','12','105','2 Buses Electricos Aeropuerto Cusco','2 Buses Electricos Aeropuerto Cusco','3','1','160000','2',to_date('19/02/20','DD/MM/RR'),to_date('10/01/18','DD/MM/RR'),'7',null,to_date('19/02/20','DD/MM/RR'),null,null,null,null,null,'1',to_date('01/01/01','DD/MM/RR'),'321','1','0','18',null,null,null);
Insert into MRVMM.T_GENM_INICIATIVA (ID_INICIATIVA,ID_MEDMIT,ID_USUARIO,NOMBRE_INICIATIVA,DESC_INICIATIVA,ID_ESTADO,PRIVACIDAD_INICIATIVA,INVERSION_INICIATIVA,ID_MONEDA,FECHA_CREA_INICIATIVA,FECHA_IMPLE_INICIATIVA,ID_ETAPA,USUARIO_REGISTRO,FECHA_REGISTRO,IP_REGISTRO,USUARIO_MODIFICA,FECHA_MODIFICA,IP_MODIFICA,FLG_ESTADO,PRIVACIDAD_INVERSION,FECHA_FIN_INICIATIVA,GEI_TOTAL,ID_TIPO_INGRESO,ID_TIPO_INICIATIVA,ID_PLAZO_ETAPA_ESTADO,ASIGNAR_INI,ESTADO_FICHA,NOMBRE_FICHA) values ('392','10','105','RER Conectado Region Lima','RER Conectado Region Lima','3','1','5000000','2',to_date('20/02/20','DD/MM/RR'),to_date('01/01/18','DD/MM/RR'),'10',null,to_date('20/02/20','DD/MM/RR'),null,null,null,null,null,'1',to_date('01/01/01','DD/MM/RR'),'1,59','1','0','22','123',null,null);
Insert into MRVMM.T_GENM_INICIATIVA (ID_INICIATIVA,ID_MEDMIT,ID_USUARIO,NOMBRE_INICIATIVA,DESC_INICIATIVA,ID_ESTADO,PRIVACIDAD_INICIATIVA,INVERSION_INICIATIVA,ID_MONEDA,FECHA_CREA_INICIATIVA,FECHA_IMPLE_INICIATIVA,ID_ETAPA,USUARIO_REGISTRO,FECHA_REGISTRO,IP_REGISTRO,USUARIO_MODIFICA,FECHA_MODIFICA,IP_MODIFICA,FLG_ESTADO,PRIVACIDAD_INVERSION,FECHA_FIN_INICIATIVA,GEI_TOTAL,ID_TIPO_INGRESO,ID_TIPO_INICIATIVA,ID_PLAZO_ETAPA_ESTADO,ASIGNAR_INI,ESTADO_FICHA,NOMBRE_FICHA) values ('393','9','105','Electrificacion Rural Region Huancavelica','Electrificacion Rural Region Huancavelica','3','1','180000','2',to_date('20/02/20','DD/MM/RR'),to_date('01/01/18','DD/MM/RR'),'2',null,to_date('20/02/20','DD/MM/RR'),null,null,null,null,null,'1',to_date('01/01/01','DD/MM/RR'),'110','1','0','6',null,null,null);
Insert into MRVMM.T_GENM_INICIATIVA (ID_INICIATIVA,ID_MEDMIT,ID_USUARIO,NOMBRE_INICIATIVA,DESC_INICIATIVA,ID_ESTADO,PRIVACIDAD_INICIATIVA,INVERSION_INICIATIVA,ID_MONEDA,FECHA_CREA_INICIATIVA,FECHA_IMPLE_INICIATIVA,ID_ETAPA,USUARIO_REGISTRO,FECHA_REGISTRO,IP_REGISTRO,USUARIO_MODIFICA,FECHA_MODIFICA,IP_MODIFICA,FLG_ESTADO,PRIVACIDAD_INVERSION,FECHA_FIN_INICIATIVA,GEI_TOTAL,ID_TIPO_INGRESO,ID_TIPO_INICIATIVA,ID_PLAZO_ETAPA_ESTADO,ASIGNAR_INI,ESTADO_FICHA,NOMBRE_FICHA) values ('395','12','105','3 Vehiculos Electricos ENEL','3 Vehiculos Electricos ENEL','3','1','180000','2',to_date('21/02/20','DD/MM/RR'),to_date('01/01/18','DD/MM/RR'),'7',null,to_date('21/02/20','DD/MM/RR'),null,null,null,null,null,'1',to_date('01/01/01','DD/MM/RR'),'130,76','1','0','18',null,null,null);
Insert into MRVMM.T_GENM_INICIATIVA (ID_INICIATIVA,ID_MEDMIT,ID_USUARIO,NOMBRE_INICIATIVA,DESC_INICIATIVA,ID_ESTADO,PRIVACIDAD_INICIATIVA,INVERSION_INICIATIVA,ID_MONEDA,FECHA_CREA_INICIATIVA,FECHA_IMPLE_INICIATIVA,ID_ETAPA,USUARIO_REGISTRO,FECHA_REGISTRO,IP_REGISTRO,USUARIO_MODIFICA,FECHA_MODIFICA,IP_MODIFICA,FLG_ESTADO,PRIVACIDAD_INVERSION,FECHA_FIN_INICIATIVA,GEI_TOTAL,ID_TIPO_INGRESO,ID_TIPO_INICIATIVA,ID_PLAZO_ETAPA_ESTADO,ASIGNAR_INI,ESTADO_FICHA,NOMBRE_FICHA) values ('421','2','105','Cambio de Motores DIVEMOTOR','Cambio de Motores DIVEMOTOR','3','1','0','2',to_date('24/02/20','DD/MM/RR'),to_date('01/01/19','DD/MM/RR'),'7',null,to_date('24/02/20','DD/MM/RR'),null,null,null,null,null,'1',to_date('01/01/01','DD/MM/RR'),'0','1','0','18','123',null,null);
Insert into MRVMM.T_GENM_INICIATIVA (ID_INICIATIVA,ID_MEDMIT,ID_USUARIO,NOMBRE_INICIATIVA,DESC_INICIATIVA,ID_ESTADO,PRIVACIDAD_INICIATIVA,INVERSION_INICIATIVA,ID_MONEDA,FECHA_CREA_INICIATIVA,FECHA_IMPLE_INICIATIVA,ID_ETAPA,USUARIO_REGISTRO,FECHA_REGISTRO,IP_REGISTRO,USUARIO_MODIFICA,FECHA_MODIFICA,IP_MODIFICA,FLG_ESTADO,PRIVACIDAD_INVERSION,FECHA_FIN_INICIATIVA,GEI_TOTAL,ID_TIPO_INGRESO,ID_TIPO_INICIATIVA,ID_PLAZO_ETAPA_ESTADO,ASIGNAR_INI,ESTADO_FICHA,NOMBRE_FICHA) values ('423','12','105','Flota 201 autos carbono','Flota 201 autos carbono','3','1','0','2',to_date('24/02/20','DD/MM/RR'),to_date('12/10/19','DD/MM/RR'),'9',null,to_date('24/02/20','DD/MM/RR'),null,null,null,null,null,'1',to_date('01/01/01','DD/MM/RR'),'134,11','2','0','21','122',null,null);
Insert into MRVMM.T_GENM_INICIATIVA (ID_INICIATIVA,ID_MEDMIT,ID_USUARIO,NOMBRE_INICIATIVA,DESC_INICIATIVA,ID_ESTADO,PRIVACIDAD_INICIATIVA,INVERSION_INICIATIVA,ID_MONEDA,FECHA_CREA_INICIATIVA,FECHA_IMPLE_INICIATIVA,ID_ETAPA,USUARIO_REGISTRO,FECHA_REGISTRO,IP_REGISTRO,USUARIO_MODIFICA,FECHA_MODIFICA,IP_MODIFICA,FLG_ESTADO,PRIVACIDAD_INVERSION,FECHA_FIN_INICIATIVA,GEI_TOTAL,ID_TIPO_INGRESO,ID_TIPO_INICIATIVA,ID_PLAZO_ETAPA_ESTADO,ASIGNAR_INI,ESTADO_FICHA,NOMBRE_FICHA) values ('424','7','182','INICIATIVA NUEVA INICIATIVA NUEVA INICIATIVA NUEVA INICIATIVA NUEVA INICIATIVA NUEVA INICIATIVA NUEVA INICIATIVA NUEVA INICIATIVA NUEVA INICIATIVA NUEVA INICIATIVA NUEVA INICIATIVA NUEVA INICIATIVA NUEVA INICIATIVA NUEVA INICIATIVA NUEVA INICIATIVA NUEVA INICIATIVA NUEVA INICIATIVA NUEVA INICIATIVA ','NUEVA DESCRIPCION NUEVA DESCRIPCION NUEVA DESCRIPCION NUEVA DESCRIPCION NUEVA DESCRIPCION NUEVA DESCRIPCION NUEVA DESCRIPCION NUEVA DESCRIPCION NUEVA DESCRIPCION NUEVA DESCRIPCION NUEVA DESCRIPCION NUEVA DESCRIPCION NUEVA DESCRIPCION NUEVA DESCRIPCION NUEVA DESCRIPCION NUEVA DESCRIPCION NUEVA DESCRI','3','1','0','2',to_date('24/02/20','DD/MM/RR'),to_date('01/01/19','DD/MM/RR'),'9',null,to_date('24/02/20','DD/MM/RR'),null,null,null,null,null,'0',to_date('01/01/01','DD/MM/RR'),null,'1','0','21','122',null,null);
Insert into MRVMM.T_GENM_INICIATIVA (ID_INICIATIVA,ID_MEDMIT,ID_USUARIO,NOMBRE_INICIATIVA,DESC_INICIATIVA,ID_ESTADO,PRIVACIDAD_INICIATIVA,INVERSION_INICIATIVA,ID_MONEDA,FECHA_CREA_INICIATIVA,FECHA_IMPLE_INICIATIVA,ID_ETAPA,USUARIO_REGISTRO,FECHA_REGISTRO,IP_REGISTRO,USUARIO_MODIFICA,FECHA_MODIFICA,IP_MODIFICA,FLG_ESTADO,PRIVACIDAD_INVERSION,FECHA_FIN_INICIATIVA,GEI_TOTAL,ID_TIPO_INGRESO,ID_TIPO_INICIATIVA,ID_PLAZO_ETAPA_ESTADO,ASIGNAR_INI,ESTADO_FICHA,NOMBRE_FICHA) values ('429','12','105','Compra de nueva flota de autos 4M','Se cambia toda la flota','3','0','1235,67','1',to_date('25/02/20','DD/MM/RR'),to_date('03/04/18','DD/MM/RR'),'7',null,to_date('25/02/20','DD/MM/RR'),null,null,null,null,null,'0',to_date('04/05/18','DD/MM/RR'),'0','2','1','18','122',null,null);
Insert into MRVMM.T_GENM_INICIATIVA (ID_INICIATIVA,ID_MEDMIT,ID_USUARIO,NOMBRE_INICIATIVA,DESC_INICIATIVA,ID_ESTADO,PRIVACIDAD_INICIATIVA,INVERSION_INICIATIVA,ID_MONEDA,FECHA_CREA_INICIATIVA,FECHA_IMPLE_INICIATIVA,ID_ETAPA,USUARIO_REGISTRO,FECHA_REGISTRO,IP_REGISTRO,USUARIO_MODIFICA,FECHA_MODIFICA,IP_MODIFICA,FLG_ESTADO,PRIVACIDAD_INVERSION,FECHA_FIN_INICIATIVA,GEI_TOTAL,ID_TIPO_INGRESO,ID_TIPO_INICIATIVA,ID_PLAZO_ETAPA_ESTADO,ASIGNAR_INI,ESTADO_FICHA,NOMBRE_FICHA) values ('430','1','105','Cambio de todas las refrigeradoras a etiquetado A - MINEM','Cambio de todas las refrigeradoras a etiquetado A - MINEM','3','1','250000','1',to_date('25/02/20','DD/MM/RR'),to_date('01/01/19','DD/MM/RR'),'2',null,to_date('25/02/20','DD/MM/RR'),null,null,null,null,null,'1',to_date('01/01/01','DD/MM/RR'),'0','1','0','6',null,null,null);
Insert into MRVMM.T_GENM_INICIATIVA (ID_INICIATIVA,ID_MEDMIT,ID_USUARIO,NOMBRE_INICIATIVA,DESC_INICIATIVA,ID_ESTADO,PRIVACIDAD_INICIATIVA,INVERSION_INICIATIVA,ID_MONEDA,FECHA_CREA_INICIATIVA,FECHA_IMPLE_INICIATIVA,ID_ETAPA,USUARIO_REGISTRO,FECHA_REGISTRO,IP_REGISTRO,USUARIO_MODIFICA,FECHA_MODIFICA,IP_MODIFICA,FLG_ESTADO,PRIVACIDAD_INVERSION,FECHA_FIN_INICIATIVA,GEI_TOTAL,ID_TIPO_INGRESO,ID_TIPO_INICIATIVA,ID_PLAZO_ETAPA_ESTADO,ASIGNAR_INI,ESTADO_FICHA,NOMBRE_FICHA) values ('435','6','220','Reemplazo de lámparas de baja eficiencia por lámparas LED ','Reemplazo de lámparas de baja eficiencia por lámparas LED ','3','0','12000','1',to_date('26/02/20','DD/MM/RR'),to_date('21/04/19','DD/MM/RR'),'2',null,to_date('26/02/20','DD/MM/RR'),null,null,null,null,null,'0',to_date('13/12/19','DD/MM/RR'),'0','1','0','6',null,null,null);
Insert into MRVMM.T_GENM_INICIATIVA (ID_INICIATIVA,ID_MEDMIT,ID_USUARIO,NOMBRE_INICIATIVA,DESC_INICIATIVA,ID_ESTADO,PRIVACIDAD_INICIATIVA,INVERSION_INICIATIVA,ID_MONEDA,FECHA_CREA_INICIATIVA,FECHA_IMPLE_INICIATIVA,ID_ETAPA,USUARIO_REGISTRO,FECHA_REGISTRO,IP_REGISTRO,USUARIO_MODIFICA,FECHA_MODIFICA,IP_MODIFICA,FLG_ESTADO,PRIVACIDAD_INVERSION,FECHA_FIN_INICIATIVA,GEI_TOTAL,ID_TIPO_INGRESO,ID_TIPO_INICIATIVA,ID_PLAZO_ETAPA_ESTADO,ASIGNAR_INI,ESTADO_FICHA,NOMBRE_FICHA) values ('443','12','105','carros de 5M','reemplazo de flota','3','0','12233,43','1',to_date('26/02/20','DD/MM/RR'),to_date('12/03/18','DD/MM/RR'),'7',null,to_date('26/02/20','DD/MM/RR'),null,null,null,null,null,'0',to_date('13/05/18','DD/MM/RR'),'0','1','0','18',null,null,null);
Insert into MRVMM.T_GENM_INICIATIVA (ID_INICIATIVA,ID_MEDMIT,ID_USUARIO,NOMBRE_INICIATIVA,DESC_INICIATIVA,ID_ESTADO,PRIVACIDAD_INICIATIVA,INVERSION_INICIATIVA,ID_MONEDA,FECHA_CREA_INICIATIVA,FECHA_IMPLE_INICIATIVA,ID_ETAPA,USUARIO_REGISTRO,FECHA_REGISTRO,IP_REGISTRO,USUARIO_MODIFICA,FECHA_MODIFICA,IP_MODIFICA,FLG_ESTADO,PRIVACIDAD_INVERSION,FECHA_FIN_INICIATIVA,GEI_TOTAL,ID_TIPO_INGRESO,ID_TIPO_INICIATIVA,ID_PLAZO_ETAPA_ESTADO,ASIGNAR_INI,ESTADO_FICHA,NOMBRE_FICHA) values ('342','12','105','Vehiculos electricos 3M','toda la flota','3','0','10000','1',to_date('13/02/20','DD/MM/RR'),to_date('21/03/18','DD/MM/RR'),'7',null,to_date('13/02/20','DD/MM/RR'),null,null,null,null,null,'0',to_date('21/04/18','DD/MM/RR'),'119','1','0','18',null,null,null);
Insert into MRVMM.T_GENM_INICIATIVA (ID_INICIATIVA,ID_MEDMIT,ID_USUARIO,NOMBRE_INICIATIVA,DESC_INICIATIVA,ID_ESTADO,PRIVACIDAD_INICIATIVA,INVERSION_INICIATIVA,ID_MONEDA,FECHA_CREA_INICIATIVA,FECHA_IMPLE_INICIATIVA,ID_ETAPA,USUARIO_REGISTRO,FECHA_REGISTRO,IP_REGISTRO,USUARIO_MODIFICA,FECHA_MODIFICA,IP_MODIFICA,FLG_ESTADO,PRIVACIDAD_INVERSION,FECHA_FIN_INICIATIVA,GEI_TOTAL,ID_TIPO_INGRESO,ID_TIPO_INICIATIVA,ID_PLAZO_ETAPA_ESTADO,ASIGNAR_INI,ESTADO_FICHA,NOMBRE_FICHA) values ('444','12','182','NOMBRE DE LA INICIATIVA AQUI SE COLOCARA UN NOMBRE LARGO NOMBRE DE LA INICIATIVA AQUI SE COLOCARA UN NOMBRE LARGO NOMBRE DE LA INICIATIVA AQUI SE COLOCARA UN NOMBRE LARGO NOMBRE DE LA INICIATIVA AQUI SE COLOCARA UN NOMBRE LARGO NOMBRE DE LA INICIATIVA AQUI SE COLOCARA UN NOMBRE LARGO NOMBRE DE LA IN','DESCRIPCION DE LA INICITIVA A QUI TAMBIEN SE COLOCARA IUANA DESCRIPCION LÑARGA DESCRIPCION DE LA INICITIVA A QUI TAMBIEN SE COLOCARA IUANA DESCRIPCION LÑARGA DESCRIPCION DE LA INICITIVA A QUI TAMBIEN SE COLOCARA IUANA DESCRIPCION LÑARGA DESCRIPCION DE LA INICITIVA A QUI TAMBIEN SE COLOCARA IUANA DES','2','1','121212,12','1',to_date('26/02/20','DD/MM/RR'),to_date('01/01/18','DD/MM/RR'),'4',null,to_date('26/02/20','DD/MM/RR'),null,null,null,null,null,'1',to_date('01/01/21','DD/MM/RR'),'0','1','0','13',null,null,null);
Insert into MRVMM.T_GENM_INICIATIVA (ID_INICIATIVA,ID_MEDMIT,ID_USUARIO,NOMBRE_INICIATIVA,DESC_INICIATIVA,ID_ESTADO,PRIVACIDAD_INICIATIVA,INVERSION_INICIATIVA,ID_MONEDA,FECHA_CREA_INICIATIVA,FECHA_IMPLE_INICIATIVA,ID_ETAPA,USUARIO_REGISTRO,FECHA_REGISTRO,IP_REGISTRO,USUARIO_MODIFICA,FECHA_MODIFICA,IP_MODIFICA,FLG_ESTADO,PRIVACIDAD_INVERSION,FECHA_FIN_INICIATIVA,GEI_TOTAL,ID_TIPO_INGRESO,ID_TIPO_INICIATIVA,ID_PLAZO_ETAPA_ESTADO,ASIGNAR_INI,ESTADO_FICHA,NOMBRE_FICHA) values ('451','12','221','Buses eléctricos  de 12M','Migración de 3 buses eléctricos','3','0','10000','1',to_date('27/02/20','DD/MM/RR'),to_date('12/07/18','DD/MM/RR'),'7',null,to_date('27/02/20','DD/MM/RR'),null,null,null,null,null,'0',to_date('21/08/18','DD/MM/RR'),'0','2','0','18',null,null,null);
Insert into MRVMM.T_GENM_INICIATIVA (ID_INICIATIVA,ID_MEDMIT,ID_USUARIO,NOMBRE_INICIATIVA,DESC_INICIATIVA,ID_ESTADO,PRIVACIDAD_INICIATIVA,INVERSION_INICIATIVA,ID_MONEDA,FECHA_CREA_INICIATIVA,FECHA_IMPLE_INICIATIVA,ID_ETAPA,USUARIO_REGISTRO,FECHA_REGISTRO,IP_REGISTRO,USUARIO_MODIFICA,FECHA_MODIFICA,IP_MODIFICA,FLG_ESTADO,PRIVACIDAD_INVERSION,FECHA_FIN_INICIATIVA,GEI_TOTAL,ID_TIPO_INGRESO,ID_TIPO_INICIATIVA,ID_PLAZO_ETAPA_ESTADO,ASIGNAR_INI,ESTADO_FICHA,NOMBRE_FICHA) values ('452','12','182','ABC NOMBRE DE LA MEDIDA DE MITIGACION ABC NOMBRE DE LA MEDIDA DE MITIGACION ABC NOMBRE DE LA MEDIDA DE MITIGACION ABC NOMBRE DE LA MEDIDA DE MITIGACION ABC NOMBRE DE LA MEDIDA DE MITIGACION ABC NOMBRE DE LA MEDIDA DE MITIGACION ABC NOMBRE DE LA MEDIDA DE MITIGACION ABC NOMBRE DE LA MEDIDA DE MITIGAC','ABC DESCRIPCION DE LA MEDIDA DE MITIGACION ABC DESCRIPCION DE LA MEDIDA DE MITIGACION ABC DESCRIPCION DE LA MEDIDA DE MITIGACION ABC DESCRIPCION DE LA MEDIDA DE MITIGACION ABC DESCRIPCION DE LA MEDIDA DE MITIGACION ABC DESCRIPCION DE LA MEDIDA DE MITIGACION ABC DESCRIPCION DE LA MEDIDA DE MITIGACION','2','1','0','2',to_date('27/02/20','DD/MM/RR'),to_date('01/01/21','DD/MM/RR'),'4',null,to_date('27/02/20','DD/MM/RR'),null,null,null,null,null,'1',to_date('01/01/25','DD/MM/RR'),'0','1','0','13',null,null,null);
Insert into MRVMM.T_GENM_INICIATIVA (ID_INICIATIVA,ID_MEDMIT,ID_USUARIO,NOMBRE_INICIATIVA,DESC_INICIATIVA,ID_ESTADO,PRIVACIDAD_INICIATIVA,INVERSION_INICIATIVA,ID_MONEDA,FECHA_CREA_INICIATIVA,FECHA_IMPLE_INICIATIVA,ID_ETAPA,USUARIO_REGISTRO,FECHA_REGISTRO,IP_REGISTRO,USUARIO_MODIFICA,FECHA_MODIFICA,IP_MODIFICA,FLG_ESTADO,PRIVACIDAD_INVERSION,FECHA_FIN_INICIATIVA,GEI_TOTAL,ID_TIPO_INGRESO,ID_TIPO_INICIATIVA,ID_PLAZO_ETAPA_ESTADO,ASIGNAR_INI,ESTADO_FICHA,NOMBRE_FICHA) values ('453','12','182','Flota 3004 autos carbono','Flota 3004 autos carbono','3','0','0','2',to_date('27/02/20','DD/MM/RR'),to_date('11/11/19','DD/MM/RR'),'7',null,to_date('27/02/20','DD/MM/RR'),null,null,null,null,null,'0',to_date('01/01/01','DD/MM/RR'),'0','2','0','18','122',null,null);
Insert into MRVMM.T_GENM_INICIATIVA (ID_INICIATIVA,ID_MEDMIT,ID_USUARIO,NOMBRE_INICIATIVA,DESC_INICIATIVA,ID_ESTADO,PRIVACIDAD_INICIATIVA,INVERSION_INICIATIVA,ID_MONEDA,FECHA_CREA_INICIATIVA,FECHA_IMPLE_INICIATIVA,ID_ETAPA,USUARIO_REGISTRO,FECHA_REGISTRO,IP_REGISTRO,USUARIO_MODIFICA,FECHA_MODIFICA,IP_MODIFICA,FLG_ESTADO,PRIVACIDAD_INVERSION,FECHA_FIN_INICIATIVA,GEI_TOTAL,ID_TIPO_INGRESO,ID_TIPO_INICIATIVA,ID_PLAZO_ETAPA_ESTADO,ASIGNAR_INI,ESTADO_FICHA,NOMBRE_FICHA) values ('464','1','105','eficiencia energetica','Eficiencia eneergetica','2','0','1212,12','1',to_date('28/02/20','DD/MM/RR'),to_date('21/07/18','DD/MM/RR'),'5',null,to_date('28/02/20','DD/MM/RR'),null,null,null,null,null,'0',to_date('27/07/18','DD/MM/RR'),'0','2','0','15',null,null,null);
Insert into MRVMM.T_GENM_INICIATIVA (ID_INICIATIVA,ID_MEDMIT,ID_USUARIO,NOMBRE_INICIATIVA,DESC_INICIATIVA,ID_ESTADO,PRIVACIDAD_INICIATIVA,INVERSION_INICIATIVA,ID_MONEDA,FECHA_CREA_INICIATIVA,FECHA_IMPLE_INICIATIVA,ID_ETAPA,USUARIO_REGISTRO,FECHA_REGISTRO,IP_REGISTRO,USUARIO_MODIFICA,FECHA_MODIFICA,IP_MODIFICA,FLG_ESTADO,PRIVACIDAD_INVERSION,FECHA_FIN_INICIATIVA,GEI_TOTAL,ID_TIPO_INGRESO,ID_TIPO_INICIATIVA,ID_PLAZO_ETAPA_ESTADO,ASIGNAR_INI,ESTADO_FICHA,NOMBRE_FICHA) values ('483','7','102','Lamparas Publicas 1001','Lamparas Publicas 1001','2','1','12000','1',to_date('04/03/20','DD/MM/RR'),to_date('11/12/19','DD/MM/RR'),'3',null,to_date('04/03/20','DD/MM/RR'),null,null,null,null,null,'0',to_date('01/01/01','DD/MM/RR'),'0','1','0','9',null,null,null);
Insert into MRVMM.T_GENM_INICIATIVA (ID_INICIATIVA,ID_MEDMIT,ID_USUARIO,NOMBRE_INICIATIVA,DESC_INICIATIVA,ID_ESTADO,PRIVACIDAD_INICIATIVA,INVERSION_INICIATIVA,ID_MONEDA,FECHA_CREA_INICIATIVA,FECHA_IMPLE_INICIATIVA,ID_ETAPA,USUARIO_REGISTRO,FECHA_REGISTRO,IP_REGISTRO,USUARIO_MODIFICA,FECHA_MODIFICA,IP_MODIFICA,FLG_ESTADO,PRIVACIDAD_INVERSION,FECHA_FIN_INICIATIVA,GEI_TOTAL,ID_TIPO_INGRESO,ID_TIPO_INICIATIVA,ID_PLAZO_ETAPA_ESTADO,ASIGNAR_INI,ESTADO_FICHA,NOMBRE_FICHA) values ('502','12','105','flota autos electricos ','se reemplazara toda la flota','3','1','12000','2',to_date('10/03/20','DD/MM/RR'),to_date('21/03/19','DD/MM/RR'),'7',null,to_date('10/03/20','DD/MM/RR'),null,null,null,null,null,'0',to_date('22/04/19','DD/MM/RR'),'-1586,9','1','1','18',null,null,null);
Insert into MRVMM.T_GENM_INICIATIVA (ID_INICIATIVA,ID_MEDMIT,ID_USUARIO,NOMBRE_INICIATIVA,DESC_INICIATIVA,ID_ESTADO,PRIVACIDAD_INICIATIVA,INVERSION_INICIATIVA,ID_MONEDA,FECHA_CREA_INICIATIVA,FECHA_IMPLE_INICIATIVA,ID_ETAPA,USUARIO_REGISTRO,FECHA_REGISTRO,IP_REGISTRO,USUARIO_MODIFICA,FECHA_MODIFICA,IP_MODIFICA,FLG_ESTADO,PRIVACIDAD_INVERSION,FECHA_FIN_INICIATIVA,GEI_TOTAL,ID_TIPO_INGRESO,ID_TIPO_INICIATIVA,ID_PLAZO_ETAPA_ESTADO,ASIGNAR_INI,ESTADO_FICHA,NOMBRE_FICHA) values ('561','12','182','nombre de la iniciativa','descripción de la iniciativa','2','1','12222222','1',to_date('14/03/20','DD/MM/RR'),to_date('01/01/18','DD/MM/RR'),'1',null,to_date('14/03/20','DD/MM/RR'),null,null,null,null,null,'1',to_date('01/01/01','DD/MM/RR'),'0',null,null,'3',null,null,null);
Insert into MRVMM.T_GENM_INICIATIVA (ID_INICIATIVA,ID_MEDMIT,ID_USUARIO,NOMBRE_INICIATIVA,DESC_INICIATIVA,ID_ESTADO,PRIVACIDAD_INICIATIVA,INVERSION_INICIATIVA,ID_MONEDA,FECHA_CREA_INICIATIVA,FECHA_IMPLE_INICIATIVA,ID_ETAPA,USUARIO_REGISTRO,FECHA_REGISTRO,IP_REGISTRO,USUARIO_MODIFICA,FECHA_MODIFICA,IP_MODIFICA,FLG_ESTADO,PRIVACIDAD_INVERSION,FECHA_FIN_INICIATIVA,GEI_TOTAL,ID_TIPO_INGRESO,ID_TIPO_INICIATIVA,ID_PLAZO_ETAPA_ESTADO,ASIGNAR_INI,ESTADO_FICHA,NOMBRE_FICHA) values ('563','8','105','Cocina a electricidad 10','Cocina a electricidad 10','1','1','120000','2',to_date('14/03/20','DD/MM/RR'),to_date('10/11/19','DD/MM/RR'),'3',null,to_date('14/03/20','DD/MM/RR'),null,null,null,null,null,'0',to_date('11/10/20','DD/MM/RR'),'0','1',null,'8',null,'1','563_MRV.pdf');
Insert into MRVMM.T_GENM_INICIATIVA (ID_INICIATIVA,ID_MEDMIT,ID_USUARIO,NOMBRE_INICIATIVA,DESC_INICIATIVA,ID_ESTADO,PRIVACIDAD_INICIATIVA,INVERSION_INICIATIVA,ID_MONEDA,FECHA_CREA_INICIATIVA,FECHA_IMPLE_INICIATIVA,ID_ETAPA,USUARIO_REGISTRO,FECHA_REGISTRO,IP_REGISTRO,USUARIO_MODIFICA,FECHA_MODIFICA,IP_MODIFICA,FLG_ESTADO,PRIVACIDAD_INVERSION,FECHA_FIN_INICIATIVA,GEI_TOTAL,ID_TIPO_INGRESO,ID_TIPO_INICIATIVA,ID_PLAZO_ETAPA_ESTADO,ASIGNAR_INI,ESTADO_FICHA,NOMBRE_FICHA) values ('564','4','105','Auditoria de Minem','Todo el minem ','3','0','1200','2',to_date('14/03/20','DD/MM/RR'),to_date('21/03/19','DD/MM/RR'),'2',null,to_date('14/03/20','DD/MM/RR'),null,null,null,null,null,'0',to_date('21/04/19','DD/MM/RR'),'0',null,null,'6',null,null,null);
Insert into MRVMM.T_GENM_INICIATIVA (ID_INICIATIVA,ID_MEDMIT,ID_USUARIO,NOMBRE_INICIATIVA,DESC_INICIATIVA,ID_ESTADO,PRIVACIDAD_INICIATIVA,INVERSION_INICIATIVA,ID_MONEDA,FECHA_CREA_INICIATIVA,FECHA_IMPLE_INICIATIVA,ID_ETAPA,USUARIO_REGISTRO,FECHA_REGISTRO,IP_REGISTRO,USUARIO_MODIFICA,FECHA_MODIFICA,IP_MODIFICA,FLG_ESTADO,PRIVACIDAD_INVERSION,FECHA_FIN_INICIATIVA,GEI_TOTAL,ID_TIPO_INGRESO,ID_TIPO_INICIATIVA,ID_PLAZO_ETAPA_ESTADO,ASIGNAR_INI,ESTADO_FICHA,NOMBRE_FICHA) values ('565','12','105','Cambio de buses electricos de 15M','Todos los buses a lectricos','3','0','120000','2',to_date('14/03/20','DD/MM/RR'),to_date('21/03/18','DD/MM/RR'),'4',null,to_date('14/03/20','DD/MM/RR'),null,null,null,null,null,'0',to_date('21/03/18','DD/MM/RR'),'229,5','1',null,'12',null,'1','565_MRV.pdf');
Insert into MRVMM.T_GENM_INICIATIVA (ID_INICIATIVA,ID_MEDMIT,ID_USUARIO,NOMBRE_INICIATIVA,DESC_INICIATIVA,ID_ESTADO,PRIVACIDAD_INICIATIVA,INVERSION_INICIATIVA,ID_MONEDA,FECHA_CREA_INICIATIVA,FECHA_IMPLE_INICIATIVA,ID_ETAPA,USUARIO_REGISTRO,FECHA_REGISTRO,IP_REGISTRO,USUARIO_MODIFICA,FECHA_MODIFICA,IP_MODIFICA,FLG_ESTADO,PRIVACIDAD_INVERSION,FECHA_FIN_INICIATIVA,GEI_TOTAL,ID_TIPO_INGRESO,ID_TIPO_INICIATIVA,ID_PLAZO_ETAPA_ESTADO,ASIGNAR_INI,ESTADO_FICHA,NOMBRE_FICHA) values ('566','12','105','Autos eléctricos 4001 ','Autos eléctricos 4001','2','0','12000002','1',to_date('14/03/20','DD/MM/RR'),to_date('10/10/21','DD/MM/RR'),'1',null,to_date('14/03/20','DD/MM/RR'),null,null,null,null,null,'0',to_date('01/01/01','DD/MM/RR'),'0',null,null,'3',null,null,null);
Insert into MRVMM.T_GENM_INICIATIVA (ID_INICIATIVA,ID_MEDMIT,ID_USUARIO,NOMBRE_INICIATIVA,DESC_INICIATIVA,ID_ESTADO,PRIVACIDAD_INICIATIVA,INVERSION_INICIATIVA,ID_MONEDA,FECHA_CREA_INICIATIVA,FECHA_IMPLE_INICIATIVA,ID_ETAPA,USUARIO_REGISTRO,FECHA_REGISTRO,IP_REGISTRO,USUARIO_MODIFICA,FECHA_MODIFICA,IP_MODIFICA,FLG_ESTADO,PRIVACIDAD_INVERSION,FECHA_FIN_INICIATIVA,GEI_TOTAL,ID_TIPO_INGRESO,ID_TIPO_INICIATIVA,ID_PLAZO_ETAPA_ESTADO,ASIGNAR_INI,ESTADO_FICHA,NOMBRE_FICHA) values ('570','12','102','Autos Eléctricos 5001','Autos Eléctricos 5001','3','1','6788882,22','1',to_date('14/03/20','DD/MM/RR'),to_date('11/11/19','DD/MM/RR'),'2',null,to_date('14/03/20','DD/MM/RR'),null,null,null,null,null,'0',to_date('01/01/01','DD/MM/RR'),'0',null,null,'6',null,null,null);
Insert into MRVMM.T_GENM_INICIATIVA (ID_INICIATIVA,ID_MEDMIT,ID_USUARIO,NOMBRE_INICIATIVA,DESC_INICIATIVA,ID_ESTADO,PRIVACIDAD_INICIATIVA,INVERSION_INICIATIVA,ID_MONEDA,FECHA_CREA_INICIATIVA,FECHA_IMPLE_INICIATIVA,ID_ETAPA,USUARIO_REGISTRO,FECHA_REGISTRO,IP_REGISTRO,USUARIO_MODIFICA,FECHA_MODIFICA,IP_MODIFICA,FLG_ESTADO,PRIVACIDAD_INVERSION,FECHA_FIN_INICIATIVA,GEI_TOTAL,ID_TIPO_INGRESO,ID_TIPO_INICIATIVA,ID_PLAZO_ETAPA_ESTADO,ASIGNAR_INI,ESTADO_FICHA,NOMBRE_FICHA) values ('583','12','281','Buses  de 5M azules','Todos los buses serán azules','3','1','12000','1',to_date('17/03/20','DD/MM/RR'),to_date('21/03/17','DD/MM/RR'),'7',null,to_date('17/03/20','DD/MM/RR'),null,null,null,null,null,'0',to_date('21/04/17','DD/MM/RR'),'36,27','2','2','18','123',null,null);
Insert into MRVMM.T_GENM_INICIATIVA (ID_INICIATIVA,ID_MEDMIT,ID_USUARIO,NOMBRE_INICIATIVA,DESC_INICIATIVA,ID_ESTADO,PRIVACIDAD_INICIATIVA,INVERSION_INICIATIVA,ID_MONEDA,FECHA_CREA_INICIATIVA,FECHA_IMPLE_INICIATIVA,ID_ETAPA,USUARIO_REGISTRO,FECHA_REGISTRO,IP_REGISTRO,USUARIO_MODIFICA,FECHA_MODIFICA,IP_MODIFICA,FLG_ESTADO,PRIVACIDAD_INVERSION,FECHA_FIN_INICIATIVA,GEI_TOTAL,ID_TIPO_INGRESO,ID_TIPO_INICIATIVA,ID_PLAZO_ETAPA_ESTADO,ASIGNAR_INI,ESTADO_FICHA,NOMBRE_FICHA) values ('584','2','281','Cambio de luces LED de colores','Todas la s luces ','3','1','1200','1',to_date('18/03/20','DD/MM/RR'),to_date('22/05/19','DD/MM/RR'),'9',null,to_date('18/03/20','DD/MM/RR'),null,null,null,null,null,'0',to_date('23/07/19','DD/MM/RR'),'6054,68','2','1','21','122',null,null);
Insert into MRVMM.T_GENM_INICIATIVA (ID_INICIATIVA,ID_MEDMIT,ID_USUARIO,NOMBRE_INICIATIVA,DESC_INICIATIVA,ID_ESTADO,PRIVACIDAD_INICIATIVA,INVERSION_INICIATIVA,ID_MONEDA,FECHA_CREA_INICIATIVA,FECHA_IMPLE_INICIATIVA,ID_ETAPA,USUARIO_REGISTRO,FECHA_REGISTRO,IP_REGISTRO,USUARIO_MODIFICA,FECHA_MODIFICA,IP_MODIFICA,FLG_ESTADO,PRIVACIDAD_INVERSION,FECHA_FIN_INICIATIVA,GEI_TOTAL,ID_TIPO_INGRESO,ID_TIPO_INICIATIVA,ID_PLAZO_ETAPA_ESTADO,ASIGNAR_INI,ESTADO_FICHA,NOMBRE_FICHA) values ('585','12','281','Carros eléctricos 40 de color azul','Toda la flota sera reemplazada','3','1','12000','1',to_date('19/03/20','DD/MM/RR'),to_date('21/03/18','DD/MM/RR'),'5',null,to_date('19/03/20','DD/MM/RR'),null,null,null,null,null,'0',to_date('21/04/18','DD/MM/RR'),'4,67','1','1','14',null,'1','585_MRV.pdf');
Insert into MRVMM.T_GENM_INICIATIVA (ID_INICIATIVA,ID_MEDMIT,ID_USUARIO,NOMBRE_INICIATIVA,DESC_INICIATIVA,ID_ESTADO,PRIVACIDAD_INICIATIVA,INVERSION_INICIATIVA,ID_MONEDA,FECHA_CREA_INICIATIVA,FECHA_IMPLE_INICIATIVA,ID_ETAPA,USUARIO_REGISTRO,FECHA_REGISTRO,IP_REGISTRO,USUARIO_MODIFICA,FECHA_MODIFICA,IP_MODIFICA,FLG_ESTADO,PRIVACIDAD_INVERSION,FECHA_FIN_INICIATIVA,GEI_TOTAL,ID_TIPO_INGRESO,ID_TIPO_INICIATIVA,ID_PLAZO_ETAPA_ESTADO,ASIGNAR_INI,ESTADO_FICHA,NOMBRE_FICHA) values ('586','7','281','Cambio de luces del poste público','Todos los postes','3','1','12000','1',to_date('19/03/20','DD/MM/RR'),to_date('21/03/19','DD/MM/RR'),'5',null,to_date('19/03/20','DD/MM/RR'),null,null,null,null,null,'0',to_date('21/08/19','DD/MM/RR'),'22273,11','2','1','14',null,'1','586_MRV.pdf');
REM INSERTING into MRVMM.T_GENM_INSTITUCION
SET DEFINE OFF;
Insert into MRVMM.T_GENM_INSTITUCION (ID_INSTITUCION,ID_SECTOR_INSTITUCION,RUC_INSTITUCION,NOMBRE_INSTITUCION,DIRECCION_INSTITUCION,FLAG_ESTADO) values ('261','1','20245869732','Pablo Repuestos SAC','Av. Los rosales 321','1');
Insert into MRVMM.T_GENM_INSTITUCION (ID_INSTITUCION,ID_SECTOR_INSTITUCION,RUC_INSTITUCION,NOMBRE_INSTITUCION,DIRECCION_INSTITUCION,FLAG_ESTADO) values ('262','1','20245869732','Pablo Repuestos SAC','Av. Los rosales 321','1');
Insert into MRVMM.T_GENM_INSTITUCION (ID_INSTITUCION,ID_SECTOR_INSTITUCION,RUC_INSTITUCION,NOMBRE_INSTITUCION,DIRECCION_INSTITUCION,FLAG_ESTADO) values ('263','1','20245869732','Pablo Repuestos SAC','Av. Los rosales 321','1');
Insert into MRVMM.T_GENM_INSTITUCION (ID_INSTITUCION,ID_SECTOR_INSTITUCION,RUC_INSTITUCION,NOMBRE_INSTITUCION,DIRECCION_INSTITUCION,FLAG_ESTADO) values ('264','1','20245869732','Pablo Repuestos SAC','Av. Los rosales 321','1');
Insert into MRVMM.T_GENM_INSTITUCION (ID_INSTITUCION,ID_SECTOR_INSTITUCION,RUC_INSTITUCION,NOMBRE_INSTITUCION,DIRECCION_INSTITUCION,FLAG_ESTADO) values ('265','1','20345849930','Pedro Repuestos SAC','Av Los angeles 3028','1');
Insert into MRVMM.T_GENM_INSTITUCION (ID_INSTITUCION,ID_SECTOR_INSTITUCION,RUC_INSTITUCION,NOMBRE_INSTITUCION,DIRECCION_INSTITUCION,FLAG_ESTADO) values ('241','1','20521718227','Municipalidad Metropolitana de Lima','Plaza de Armas S/N Cercado de Lima',null);
Insert into MRVMM.T_GENM_INSTITUCION (ID_INSTITUCION,ID_SECTOR_INSTITUCION,RUC_INSTITUCION,NOMBRE_INSTITUCION,DIRECCION_INSTITUCION,FLAG_ESTADO) values ('282','1','20456789329','Republic Gaming SAC','Av.Moralitos 3450','1');
Insert into MRVMM.T_GENM_INSTITUCION (ID_INSTITUCION,ID_SECTOR_INSTITUCION,RUC_INSTITUCION,NOMBRE_INSTITUCION,DIRECCION_INSTITUCION,FLAG_ESTADO) values ('302','1','20546735786','Repuestos Velazquez SAC','Av. Monterrico Norte','1');
Insert into MRVMM.T_GENM_INSTITUCION (ID_INSTITUCION,ID_SECTOR_INSTITUCION,RUC_INSTITUCION,NOMBRE_INSTITUCION,DIRECCION_INSTITUCION,FLAG_ESTADO) values ('322','2','19287333221','MINEM','AV El SOL','1');
Insert into MRVMM.T_GENM_INSTITUCION (ID_INSTITUCION,ID_SECTOR_INSTITUCION,RUC_INSTITUCION,NOMBRE_INSTITUCION,DIRECCION_INSTITUCION,FLAG_ESTADO) values ('321','1','11111111111','dasd','asdaddsd','1');
Insert into MRVMM.T_GENM_INSTITUCION (ID_INSTITUCION,ID_SECTOR_INSTITUCION,RUC_INSTITUCION,NOMBRE_INSTITUCION,DIRECCION_INSTITUCION,FLAG_ESTADO) values ('222','2','20123456789','GZ CORP','Av. Caminos del Inca 999','0');
Insert into MRVMM.T_GENM_INSTITUCION (ID_INSTITUCION,ID_SECTOR_INSTITUCION,RUC_INSTITUCION,NOMBRE_INSTITUCION,DIRECCION_INSTITUCION,FLAG_ESTADO) values ('224','1','20589897745','PNUD','Av. Pérez Araníbar Nº 750  Magdalena del Mar, Lima 17',null);
Insert into MRVMM.T_GENM_INSTITUCION (ID_INSTITUCION,ID_SECTOR_INSTITUCION,RUC_INSTITUCION,NOMBRE_INSTITUCION,DIRECCION_INSTITUCION,FLAG_ESTADO) values ('223','1','20521818229','MINAM','Av. Javier Prado Oeste N° 1440  San Isidro ',null);
Insert into MRVMM.T_GENM_INSTITUCION (ID_INSTITUCION,ID_SECTOR_INSTITUCION,RUC_INSTITUCION,NOMBRE_INSTITUCION,DIRECCION_INSTITUCION,FLAG_ESTADO) values ('221','2','20521718227','Logical Perú S.A.C.','Av. Mariano Arredondo 2551 Lima',null);
Insert into MRVMM.T_GENM_INSTITUCION (ID_INSTITUCION,ID_SECTOR_INSTITUCION,RUC_INSTITUCION,NOMBRE_INSTITUCION,DIRECCION_INSTITUCION,FLAG_ESTADO) values ('225','2','21987654321','GZ CORP','AV. Caminos del Inca 999',null);
Insert into MRVMM.T_GENM_INSTITUCION (ID_INSTITUCION,ID_SECTOR_INSTITUCION,RUC_INSTITUCION,NOMBRE_INSTITUCION,DIRECCION_INSTITUCION,FLAG_ESTADO) values ('190','1','20364567891','MINEDU','Av . Las palmeras',null);
Insert into MRVMM.T_GENM_INSTITUCION (ID_INSTITUCION,ID_SECTOR_INSTITUCION,RUC_INSTITUCION,NOMBRE_INSTITUCION,DIRECCION_INSTITUCION,FLAG_ESTADO) values ('189','2','20100257963','FULL TRAFICO .NET','CALLE LIMA SUR 2019','1');
Insert into MRVMM.T_GENM_INSTITUCION (ID_INSTITUCION,ID_SECTOR_INSTITUCION,RUC_INSTITUCION,NOMBRE_INSTITUCION,DIRECCION_INSTITUCION,FLAG_ESTADO) values ('202','2','20456789654','Grupo Vinifan','Av. Alfredo mendiola',null);
Insert into MRVMM.T_GENM_INSTITUCION (ID_INSTITUCION,ID_SECTOR_INSTITUCION,RUC_INSTITUCION,NOMBRE_INSTITUCION,DIRECCION_INSTITUCION,FLAG_ESTADO) values ('203','1','20123456781','Grupo zuñiga','av. los incas 440',null);
Insert into MRVMM.T_GENM_INSTITUCION (ID_INSTITUCION,ID_SECTOR_INSTITUCION,RUC_INSTITUCION,NOMBRE_INSTITUCION,DIRECCION_INSTITUCION,FLAG_ESTADO) values ('188','2','20877785554','Grupo Zuñiga','Av Caminos del Inca',null);
Insert into MRVMM.T_GENM_INSTITUCION (ID_INSTITUCION,ID_SECTOR_INSTITUCION,RUC_INSTITUCION,NOMBRE_INSTITUCION,DIRECCION_INSTITUCION,FLAG_ESTADO) values ('201','2','20521718229','Informatica el Corte Ingles S.A.C.','Av. Angamos Oeste 3678 Miraflores',null);
Insert into MRVMM.T_GENM_INSTITUCION (ID_INSTITUCION,ID_SECTOR_INSTITUCION,RUC_INSTITUCION,NOMBRE_INSTITUCION,DIRECCION_INSTITUCION,FLAG_ESTADO) values ('42','1','20131368829','MINISTERIO DE ENERGIA Y MINAS','Av. De Las Artes Sur 260, San Borja 15036',null);
Insert into MRVMM.T_GENM_INSTITUCION (ID_INSTITUCION,ID_SECTOR_INSTITUCION,RUC_INSTITUCION,NOMBRE_INSTITUCION,DIRECCION_INSTITUCION,FLAG_ESTADO) values ('243','1','20521718229','MML','Plaza de Armas S/N Cercado de Lima','1');
Insert into MRVMM.T_GENM_INSTITUCION (ID_INSTITUCION,ID_SECTOR_INSTITUCION,RUC_INSTITUCION,NOMBRE_INSTITUCION,DIRECCION_INSTITUCION,FLAG_ESTADO) values ('266','2','20464758955','Repuestos Infante SAC','Av. Los rosales 3049','1');
Insert into MRVMM.T_GENM_INSTITUCION (ID_INSTITUCION,ID_SECTOR_INSTITUCION,RUC_INSTITUCION,NOMBRE_INSTITUCION,DIRECCION_INSTITUCION,FLAG_ESTADO) values ('267','1','20102030405','MANA','MiCasa','1');
Insert into MRVMM.T_GENM_INSTITUCION (ID_INSTITUCION,ID_SECTOR_INSTITUCION,RUC_INSTITUCION,NOMBRE_INSTITUCION,DIRECCION_INSTITUCION,FLAG_ESTADO) values ('268','2','20123456789','SLIPKNOT SAC','MI CASITA','1');
Insert into MRVMM.T_GENM_INSTITUCION (ID_INSTITUCION,ID_SECTOR_INSTITUCION,RUC_INSTITUCION,NOMBRE_INSTITUCION,DIRECCION_INSTITUCION,FLAG_ESTADO) values ('269','2','22222222222','asd','aaaa','0');
Insert into MRVMM.T_GENM_INSTITUCION (ID_INSTITUCION,ID_SECTOR_INSTITUCION,RUC_INSTITUCION,NOMBRE_INSTITUCION,DIRECCION_INSTITUCION,FLAG_ESTADO) values ('283','1','20789845624','Transportes Mariños','Av. Palomares 2039','1');
Insert into MRVMM.T_GENM_INSTITUCION (ID_INSTITUCION,ID_SECTOR_INSTITUCION,RUC_INSTITUCION,NOMBRE_INSTITUCION,DIRECCION_INSTITUCION,FLAG_ESTADO) values ('341','1','20562387342','Colegio Imperio del tahuantinsuyo','Av. Chinchaysuyo 4566','1');
Insert into MRVMM.T_GENM_INSTITUCION (ID_INSTITUCION,ID_SECTOR_INSTITUCION,RUC_INSTITUCION,NOMBRE_INSTITUCION,DIRECCION_INSTITUCION,FLAG_ESTADO) values ('342','2','20505748494','Asociación privada Carabayllo','Calle los rosales 345','1');
Insert into MRVMM.T_GENM_INSTITUCION (ID_INSTITUCION,ID_SECTOR_INSTITUCION,RUC_INSTITUCION,NOMBRE_INSTITUCION,DIRECCION_INSTITUCION,FLAG_ESTADO) values ('281','1','20123456789','limpbizkit','mi casita','1');
Insert into MRVMM.T_GENM_INSTITUCION (ID_INSTITUCION,ID_SECTOR_INSTITUCION,RUC_INSTITUCION,NOMBRE_INSTITUCION,DIRECCION_INSTITUCION,FLAG_ESTADO) values ('301','1','20985678564','Repuestos Mariños .SAC','Av. Los Rosales 2397','1');
REM INSERTING into MRVMM.T_GENM_MEDMIT_ENERG
SET DEFINE OFF;
Insert into MRVMM.T_GENM_MEDMIT_ENERG (ID_MEDMIT_ENERG,ID_MEDMIT,ID_ENERG,FLAG_ESTADO) values ('1','1','2','1');
Insert into MRVMM.T_GENM_MEDMIT_ENERG (ID_MEDMIT_ENERG,ID_MEDMIT,ID_ENERG,FLAG_ESTADO) values ('2','2',null,'1');
Insert into MRVMM.T_GENM_MEDMIT_ENERG (ID_MEDMIT_ENERG,ID_MEDMIT,ID_ENERG,FLAG_ESTADO) values ('3','3','2','1');
Insert into MRVMM.T_GENM_MEDMIT_ENERG (ID_MEDMIT_ENERG,ID_MEDMIT,ID_ENERG,FLAG_ESTADO) values ('4','4',null,'1');
Insert into MRVMM.T_GENM_MEDMIT_ENERG (ID_MEDMIT_ENERG,ID_MEDMIT,ID_ENERG,FLAG_ESTADO) values ('5','5','2','1');
Insert into MRVMM.T_GENM_MEDMIT_ENERG (ID_MEDMIT_ENERG,ID_MEDMIT,ID_ENERG,FLAG_ESTADO) values ('6','6','2','1');
Insert into MRVMM.T_GENM_MEDMIT_ENERG (ID_MEDMIT_ENERG,ID_MEDMIT,ID_ENERG,FLAG_ESTADO) values ('7','7','2','1');
Insert into MRVMM.T_GENM_MEDMIT_ENERG (ID_MEDMIT_ENERG,ID_MEDMIT,ID_ENERG,FLAG_ESTADO) values ('8','8',null,'1');
Insert into MRVMM.T_GENM_MEDMIT_ENERG (ID_MEDMIT_ENERG,ID_MEDMIT,ID_ENERG,FLAG_ESTADO) values ('9','9','4','1');
Insert into MRVMM.T_GENM_MEDMIT_ENERG (ID_MEDMIT_ENERG,ID_MEDMIT,ID_ENERG,FLAG_ESTADO) values ('10','10',null,'1');
Insert into MRVMM.T_GENM_MEDMIT_ENERG (ID_MEDMIT_ENERG,ID_MEDMIT,ID_ENERG,FLAG_ESTADO) values ('11','11','4','1');
Insert into MRVMM.T_GENM_MEDMIT_ENERG (ID_MEDMIT_ENERG,ID_MEDMIT,ID_ENERG,FLAG_ESTADO) values ('12','12',null,'1');
REM INSERTING into MRVMM.T_GENM_MEDMIT_GEI
SET DEFINE OFF;
Insert into MRVMM.T_GENM_MEDMIT_GEI (ID_MEDMIT_GEI,ID_MEDMIT,ID_GEI,FLAG_ESTADO) values ('1','1','1','1');
Insert into MRVMM.T_GENM_MEDMIT_GEI (ID_MEDMIT_GEI,ID_MEDMIT,ID_GEI,FLAG_ESTADO) values ('2','1','2','1');
Insert into MRVMM.T_GENM_MEDMIT_GEI (ID_MEDMIT_GEI,ID_MEDMIT,ID_GEI,FLAG_ESTADO) values ('3','1','3','1');
Insert into MRVMM.T_GENM_MEDMIT_GEI (ID_MEDMIT_GEI,ID_MEDMIT,ID_GEI,FLAG_ESTADO) values ('4','2','1','1');
Insert into MRVMM.T_GENM_MEDMIT_GEI (ID_MEDMIT_GEI,ID_MEDMIT,ID_GEI,FLAG_ESTADO) values ('5','2','2','1');
Insert into MRVMM.T_GENM_MEDMIT_GEI (ID_MEDMIT_GEI,ID_MEDMIT,ID_GEI,FLAG_ESTADO) values ('6','2','3','1');
Insert into MRVMM.T_GENM_MEDMIT_GEI (ID_MEDMIT_GEI,ID_MEDMIT,ID_GEI,FLAG_ESTADO) values ('7','3','1','1');
Insert into MRVMM.T_GENM_MEDMIT_GEI (ID_MEDMIT_GEI,ID_MEDMIT,ID_GEI,FLAG_ESTADO) values ('8','3','2','1');
Insert into MRVMM.T_GENM_MEDMIT_GEI (ID_MEDMIT_GEI,ID_MEDMIT,ID_GEI,FLAG_ESTADO) values ('9','3','3','1');
Insert into MRVMM.T_GENM_MEDMIT_GEI (ID_MEDMIT_GEI,ID_MEDMIT,ID_GEI,FLAG_ESTADO) values ('10','4','1','1');
Insert into MRVMM.T_GENM_MEDMIT_GEI (ID_MEDMIT_GEI,ID_MEDMIT,ID_GEI,FLAG_ESTADO) values ('11','4','2','1');
Insert into MRVMM.T_GENM_MEDMIT_GEI (ID_MEDMIT_GEI,ID_MEDMIT,ID_GEI,FLAG_ESTADO) values ('12','4','3','1');
Insert into MRVMM.T_GENM_MEDMIT_GEI (ID_MEDMIT_GEI,ID_MEDMIT,ID_GEI,FLAG_ESTADO) values ('13','5','1','1');
Insert into MRVMM.T_GENM_MEDMIT_GEI (ID_MEDMIT_GEI,ID_MEDMIT,ID_GEI,FLAG_ESTADO) values ('14','5','2','1');
Insert into MRVMM.T_GENM_MEDMIT_GEI (ID_MEDMIT_GEI,ID_MEDMIT,ID_GEI,FLAG_ESTADO) values ('15','5','3','1');
Insert into MRVMM.T_GENM_MEDMIT_GEI (ID_MEDMIT_GEI,ID_MEDMIT,ID_GEI,FLAG_ESTADO) values ('16','6','1','1');
Insert into MRVMM.T_GENM_MEDMIT_GEI (ID_MEDMIT_GEI,ID_MEDMIT,ID_GEI,FLAG_ESTADO) values ('17','6','2','1');
Insert into MRVMM.T_GENM_MEDMIT_GEI (ID_MEDMIT_GEI,ID_MEDMIT,ID_GEI,FLAG_ESTADO) values ('18','6','3','1');
Insert into MRVMM.T_GENM_MEDMIT_GEI (ID_MEDMIT_GEI,ID_MEDMIT,ID_GEI,FLAG_ESTADO) values ('19','7','1','1');
Insert into MRVMM.T_GENM_MEDMIT_GEI (ID_MEDMIT_GEI,ID_MEDMIT,ID_GEI,FLAG_ESTADO) values ('20','7','2','1');
Insert into MRVMM.T_GENM_MEDMIT_GEI (ID_MEDMIT_GEI,ID_MEDMIT,ID_GEI,FLAG_ESTADO) values ('21','7','3','1');
Insert into MRVMM.T_GENM_MEDMIT_GEI (ID_MEDMIT_GEI,ID_MEDMIT,ID_GEI,FLAG_ESTADO) values ('22','8','1','1');
Insert into MRVMM.T_GENM_MEDMIT_GEI (ID_MEDMIT_GEI,ID_MEDMIT,ID_GEI,FLAG_ESTADO) values ('23','8','2','1');
Insert into MRVMM.T_GENM_MEDMIT_GEI (ID_MEDMIT_GEI,ID_MEDMIT,ID_GEI,FLAG_ESTADO) values ('24','8','3','1');
Insert into MRVMM.T_GENM_MEDMIT_GEI (ID_MEDMIT_GEI,ID_MEDMIT,ID_GEI,FLAG_ESTADO) values ('25','9','1','1');
Insert into MRVMM.T_GENM_MEDMIT_GEI (ID_MEDMIT_GEI,ID_MEDMIT,ID_GEI,FLAG_ESTADO) values ('26','10','1','1');
Insert into MRVMM.T_GENM_MEDMIT_GEI (ID_MEDMIT_GEI,ID_MEDMIT,ID_GEI,FLAG_ESTADO) values ('27','10','2','1');
Insert into MRVMM.T_GENM_MEDMIT_GEI (ID_MEDMIT_GEI,ID_MEDMIT,ID_GEI,FLAG_ESTADO) values ('28','10','3','1');
Insert into MRVMM.T_GENM_MEDMIT_GEI (ID_MEDMIT_GEI,ID_MEDMIT,ID_GEI,FLAG_ESTADO) values ('29','11','1','1');
Insert into MRVMM.T_GENM_MEDMIT_GEI (ID_MEDMIT_GEI,ID_MEDMIT,ID_GEI,FLAG_ESTADO) values ('30','12','1','1');
Insert into MRVMM.T_GENM_MEDMIT_GEI (ID_MEDMIT_GEI,ID_MEDMIT,ID_GEI,FLAG_ESTADO) values ('31','12','2','1');
Insert into MRVMM.T_GENM_MEDMIT_GEI (ID_MEDMIT_GEI,ID_MEDMIT,ID_GEI,FLAG_ESTADO) values ('32','12','3','1');
REM INSERTING into MRVMM.T_GENM_NOTIFICACION
SET DEFINE OFF;
Insert into MRVMM.T_GENM_NOTIFICACION (ID_NOTIFICACION,ID_INICIATIVA,ID_ETAPA,ID_ESTADO,FECHA_REGISTRO,ID_ROL,ID_USUARIO,FLG_VISTO,FECHA_VISTO,ID_USUARIO_VISTO,DESCRIPCION,ID_ESTADO_NOTIFICACION,ID_USUARIO_REMITENTE) values ('1045','392','5','3',to_date('13/03/20','DD/MM/RR'),'2','241','0',null,null,'Los detalles de indicadores y la iniciativa fueron revisados y aprobadas por el Administrador MINEM','3','22');
Insert into MRVMM.T_GENM_NOTIFICACION (ID_NOTIFICACION,ID_INICIATIVA,ID_ETAPA,ID_ESTADO,FECHA_REGISTRO,ID_ROL,ID_USUARIO,FLG_VISTO,FECHA_VISTO,ID_USUARIO_VISTO,DESCRIPCION,ID_ESTADO_NOTIFICACION,ID_USUARIO_REMITENTE) values ('1062','543','2','3',to_date('14/03/20','DD/MM/RR'),'1','105','0',null,null,'Su iniciativa fue revisada y aprobada','3','81');
Insert into MRVMM.T_GENM_NOTIFICACION (ID_NOTIFICACION,ID_INICIATIVA,ID_ETAPA,ID_ESTADO,FECHA_REGISTRO,ID_ROL,ID_USUARIO,FLG_VISTO,FECHA_VISTO,ID_USUARIO_VISTO,DESCRIPCION,ID_ESTADO_NOTIFICACION,ID_USUARIO_REMITENTE) values ('1074','562','4','3',to_date('14/03/20','DD/MM/RR'),'1','105','0',null,null,'Los detalles de indicadores de su iniciativa fueron revisadas y aprobadas','3','104');
Insert into MRVMM.T_GENM_NOTIFICACION (ID_NOTIFICACION,ID_INICIATIVA,ID_ETAPA,ID_ESTADO,FECHA_REGISTRO,ID_ROL,ID_USUARIO,FLG_VISTO,FECHA_VISTO,ID_USUARIO_VISTO,DESCRIPCION,ID_ESTADO_NOTIFICACION,ID_USUARIO_REMITENTE) values ('1075','562','5','1',to_date('14/03/20','DD/MM/RR'),'3','261','0',null,null,'La iniciativa y el detalle de indicadores de la entidad Informatica el Corte Ingles S.A.C. fueron revisadas y aprobadas, y estan a la espera de su revisión','0','104');
Insert into MRVMM.T_GENM_NOTIFICACION (ID_NOTIFICACION,ID_INICIATIVA,ID_ETAPA,ID_ESTADO,FECHA_REGISTRO,ID_ROL,ID_USUARIO,FLG_VISTO,FECHA_VISTO,ID_USUARIO_VISTO,DESCRIPCION,ID_ESTADO_NOTIFICACION,ID_USUARIO_REMITENTE) values ('1076','562','4','2',to_date('14/03/20','DD/MM/RR'),'2','104','0',null,null,'no especilsita','1','22');
Insert into MRVMM.T_GENM_NOTIFICACION (ID_NOTIFICACION,ID_INICIATIVA,ID_ETAPA,ID_ESTADO,FECHA_REGISTRO,ID_ROL,ID_USUARIO,FLG_VISTO,FECHA_VISTO,ID_USUARIO_VISTO,DESCRIPCION,ID_ESTADO_NOTIFICACION,ID_USUARIO_REMITENTE) values ('1077','562','4','3',to_date('14/03/20','DD/MM/RR'),'1','105','0',null,null,'Los detalles de indicadores de su iniciativa fueron revisadas y aprobadas','3','104');
Insert into MRVMM.T_GENM_NOTIFICACION (ID_NOTIFICACION,ID_INICIATIVA,ID_ETAPA,ID_ESTADO,FECHA_REGISTRO,ID_ROL,ID_USUARIO,FLG_VISTO,FECHA_VISTO,ID_USUARIO_VISTO,DESCRIPCION,ID_ESTADO_NOTIFICACION,ID_USUARIO_REMITENTE) values ('1078','562','5','1',to_date('14/03/20','DD/MM/RR'),'3','261','0',null,null,'La iniciativa y el detalle de indicadores de la entidad Informatica el Corte Ingles S.A.C. fueron revisadas y aprobadas, y estan a la espera de su revisión','0','104');
Insert into MRVMM.T_GENM_NOTIFICACION (ID_NOTIFICACION,ID_INICIATIVA,ID_ETAPA,ID_ESTADO,FECHA_REGISTRO,ID_ROL,ID_USUARIO,FLG_VISTO,FECHA_VISTO,ID_USUARIO_VISTO,DESCRIPCION,ID_ESTADO_NOTIFICACION,ID_USUARIO_REMITENTE) values ('1079','562','5','3',to_date('14/03/20','DD/MM/RR'),'2','104','0',null,null,'Los detalles de indicadores y la iniciativa fueron revisados y aprobadas por el Administrador MINEM','3','22');
Insert into MRVMM.T_GENM_NOTIFICACION (ID_NOTIFICACION,ID_INICIATIVA,ID_ETAPA,ID_ESTADO,FECHA_REGISTRO,ID_ROL,ID_USUARIO,FLG_VISTO,FECHA_VISTO,ID_USUARIO_VISTO,DESCRIPCION,ID_ESTADO_NOTIFICACION,ID_USUARIO_REMITENTE) values ('1080','563','1','1',to_date('14/03/20','DD/MM/RR'),'2','124','0',null,null,'La iniciativa de la entidad Informatica el Corte Ingles S.A.C. ha sido registrado correctamente y requiere su revisión','0','105');
Insert into MRVMM.T_GENM_NOTIFICACION (ID_NOTIFICACION,ID_INICIATIVA,ID_ETAPA,ID_ESTADO,FECHA_REGISTRO,ID_ROL,ID_USUARIO,FLG_VISTO,FECHA_VISTO,ID_USUARIO_VISTO,DESCRIPCION,ID_ESTADO_NOTIFICACION,ID_USUARIO_REMITENTE) values ('1081','563','2','3',to_date('14/03/20','DD/MM/RR'),'1','105','0',null,null,'Su iniciativa fue revisada y aprobada','3','81');
Insert into MRVMM.T_GENM_NOTIFICACION (ID_NOTIFICACION,ID_INICIATIVA,ID_ETAPA,ID_ESTADO,FECHA_REGISTRO,ID_ROL,ID_USUARIO,FLG_VISTO,FECHA_VISTO,ID_USUARIO_VISTO,DESCRIPCION,ID_ESTADO_NOTIFICACION,ID_USUARIO_REMITENTE) values ('1082','564','1','1',to_date('14/03/20','DD/MM/RR'),'2','104','0',null,null,'La iniciativa de la entidad Informatica el Corte Ingles S.A.C. ha sido registrado correctamente y requiere su revisión','0','105');
Insert into MRVMM.T_GENM_NOTIFICACION (ID_NOTIFICACION,ID_INICIATIVA,ID_ETAPA,ID_ESTADO,FECHA_REGISTRO,ID_ROL,ID_USUARIO,FLG_VISTO,FECHA_VISTO,ID_USUARIO_VISTO,DESCRIPCION,ID_ESTADO_NOTIFICACION,ID_USUARIO_REMITENTE) values ('1084','565','1','1',to_date('14/03/20','DD/MM/RR'),'2','104','0',null,null,'La iniciativa de la entidad Informatica el Corte Ingles S.A.C. ha sido registrado correctamente y requiere su revisión','0','105');
Insert into MRVMM.T_GENM_NOTIFICACION (ID_NOTIFICACION,ID_INICIATIVA,ID_ETAPA,ID_ESTADO,FECHA_REGISTRO,ID_ROL,ID_USUARIO,FLG_VISTO,FECHA_VISTO,ID_USUARIO_VISTO,DESCRIPCION,ID_ESTADO_NOTIFICACION,ID_USUARIO_REMITENTE) values ('1086','565','2','3',to_date('14/03/20','DD/MM/RR'),'1','105','0',null,null,'Su iniciativa fue revisada y aprobada','3','104');
Insert into MRVMM.T_GENM_NOTIFICACION (ID_NOTIFICACION,ID_INICIATIVA,ID_ETAPA,ID_ESTADO,FECHA_REGISTRO,ID_ROL,ID_USUARIO,FLG_VISTO,FECHA_VISTO,ID_USUARIO_VISTO,DESCRIPCION,ID_ESTADO_NOTIFICACION,ID_USUARIO_REMITENTE) values ('1041','450','7','3',to_date('13/03/20','DD/MM/RR'),'4','122','0',null,null,'Los detalles de indicadores y la iniciativa fueron revisados y aprobadas por el Verificador Externo','3','123');
Insert into MRVMM.T_GENM_NOTIFICACION (ID_NOTIFICACION,ID_INICIATIVA,ID_ETAPA,ID_ESTADO,FECHA_REGISTRO,ID_ROL,ID_USUARIO,FLG_VISTO,FECHA_VISTO,ID_USUARIO_VISTO,DESCRIPCION,ID_ESTADO_NOTIFICACION,ID_USUARIO_REMITENTE) values ('1087','565','3','1',to_date('14/03/20','DD/MM/RR'),'2','104','0',null,null,'El usuario de la entidad Informatica el Corte Ingles S.A.C.ha registrado el/los detalle(s) de la Iniciativa (Cambio de buses electricos de 15M), en espera de su revisión','0','105');
Insert into MRVMM.T_GENM_NOTIFICACION (ID_NOTIFICACION,ID_INICIATIVA,ID_ETAPA,ID_ESTADO,FECHA_REGISTRO,ID_ROL,ID_USUARIO,FLG_VISTO,FECHA_VISTO,ID_USUARIO_VISTO,DESCRIPCION,ID_ESTADO_NOTIFICACION,ID_USUARIO_REMITENTE) values ('1105','570','1','1',to_date('14/03/20','DD/MM/RR'),'2','104','0',null,null,'La iniciativa de la entidad Grupo Zuñiga ha sido registrado correctamente y requiere su revisión','0','102');
Insert into MRVMM.T_GENM_NOTIFICACION (ID_NOTIFICACION,ID_INICIATIVA,ID_ETAPA,ID_ESTADO,FECHA_REGISTRO,ID_ROL,ID_USUARIO,FLG_VISTO,FECHA_VISTO,ID_USUARIO_VISTO,DESCRIPCION,ID_ESTADO_NOTIFICACION,ID_USUARIO_REMITENTE) values ('1107','570','2','3',to_date('14/03/20','DD/MM/RR'),'1','102','0',null,null,'Su iniciativa fue revisada y aprobada','3','81');
Insert into MRVMM.T_GENM_NOTIFICACION (ID_NOTIFICACION,ID_INICIATIVA,ID_ETAPA,ID_ESTADO,FECHA_REGISTRO,ID_ROL,ID_USUARIO,FLG_VISTO,FECHA_VISTO,ID_USUARIO_VISTO,DESCRIPCION,ID_ESTADO_NOTIFICACION,ID_USUARIO_REMITENTE) values ('1108','569','4','3',to_date('14/03/20','DD/MM/RR'),'1','105','0',null,null,'Los detalles de indicadores de su iniciativa fueron revisadas y aprobadas','3','104');
Insert into MRVMM.T_GENM_NOTIFICACION (ID_NOTIFICACION,ID_INICIATIVA,ID_ETAPA,ID_ESTADO,FECHA_REGISTRO,ID_ROL,ID_USUARIO,FLG_VISTO,FECHA_VISTO,ID_USUARIO_VISTO,DESCRIPCION,ID_ESTADO_NOTIFICACION,ID_USUARIO_REMITENTE) values ('1109','569','5','1',to_date('14/03/20','DD/MM/RR'),'3','261','0',null,null,'La iniciativa y el detalle de indicadores de la entidad Informatica el Corte Ingles S.A.C. fueron revisadas y aprobadas, y estan a la espera de su revisión','0','104');
Insert into MRVMM.T_GENM_NOTIFICACION (ID_NOTIFICACION,ID_INICIATIVA,ID_ETAPA,ID_ESTADO,FECHA_REGISTRO,ID_ROL,ID_USUARIO,FLG_VISTO,FECHA_VISTO,ID_USUARIO_VISTO,DESCRIPCION,ID_ESTADO_NOTIFICACION,ID_USUARIO_REMITENTE) values ('1110','567','2','3',to_date('14/03/20','DD/MM/RR'),'1','105','0',null,null,'Su iniciativa fue revisada y aprobada','3','81');
Insert into MRVMM.T_GENM_NOTIFICACION (ID_NOTIFICACION,ID_INICIATIVA,ID_ETAPA,ID_ESTADO,FECHA_REGISTRO,ID_ROL,ID_USUARIO,FLG_VISTO,FECHA_VISTO,ID_USUARIO_VISTO,DESCRIPCION,ID_ESTADO_NOTIFICACION,ID_USUARIO_REMITENTE) values ('1118','582','1','1',to_date('17/03/20','DD/MM/RR'),'2','124','0',null,null,'La iniciativa de la entidad Informatica el Corte Ingles S.A.C. ha sido registrado correctamente y requiere su revisión','0','105');
Insert into MRVMM.T_GENM_NOTIFICACION (ID_NOTIFICACION,ID_INICIATIVA,ID_ETAPA,ID_ESTADO,FECHA_REGISTRO,ID_ROL,ID_USUARIO,FLG_VISTO,FECHA_VISTO,ID_USUARIO_VISTO,DESCRIPCION,ID_ESTADO_NOTIFICACION,ID_USUARIO_REMITENTE) values ('1128','583','4','3',to_date('17/03/20','DD/MM/RR'),'1','281','0',null,null,'Los detalles de indicadores de su iniciativa fueron revisadas y aprobadas','3','104');
Insert into MRVMM.T_GENM_NOTIFICACION (ID_NOTIFICACION,ID_INICIATIVA,ID_ETAPA,ID_ESTADO,FECHA_REGISTRO,ID_ROL,ID_USUARIO,FLG_VISTO,FECHA_VISTO,ID_USUARIO_VISTO,DESCRIPCION,ID_ESTADO_NOTIFICACION,ID_USUARIO_REMITENTE) values ('1129','583','5','1',to_date('17/03/20','DD/MM/RR'),'3','261','0',null,null,'La iniciativa y el detalle de indicadores de la entidad Asociación privada Carabayllo fueron revisadas y aprobadas, y estan a la espera de su revisión','0','104');
Insert into MRVMM.T_GENM_NOTIFICACION (ID_NOTIFICACION,ID_INICIATIVA,ID_ETAPA,ID_ESTADO,FECHA_REGISTRO,ID_ROL,ID_USUARIO,FLG_VISTO,FECHA_VISTO,ID_USUARIO_VISTO,DESCRIPCION,ID_ESTADO_NOTIFICACION,ID_USUARIO_REMITENTE) values ('1136','584','2','3',to_date('18/03/20','DD/MM/RR'),'1','281','0',null,null,'Su iniciativa fue revisada y aprobada','3','104');
Insert into MRVMM.T_GENM_NOTIFICACION (ID_NOTIFICACION,ID_INICIATIVA,ID_ETAPA,ID_ESTADO,FECHA_REGISTRO,ID_ROL,ID_USUARIO,FLG_VISTO,FECHA_VISTO,ID_USUARIO_VISTO,DESCRIPCION,ID_ESTADO_NOTIFICACION,ID_USUARIO_REMITENTE) values ('1144','585','1','1',to_date('19/03/20','DD/MM/RR'),'2','104','0',null,null,'La iniciativa de la entidad Asociación privada Carabayllo ha sido registrado correctamente y requiere su revisión','0','281');
Insert into MRVMM.T_GENM_NOTIFICACION (ID_NOTIFICACION,ID_INICIATIVA,ID_ETAPA,ID_ESTADO,FECHA_REGISTRO,ID_ROL,ID_USUARIO,FLG_VISTO,FECHA_VISTO,ID_USUARIO_VISTO,DESCRIPCION,ID_ESTADO_NOTIFICACION,ID_USUARIO_REMITENTE) values ('1145','586','1','1',to_date('19/03/20','DD/MM/RR'),'2','0','0',null,null,'La iniciativa de la entidad Asociación privada Carabayllo ha sido registrado correctamente y requiere su revisión','0','281');
Insert into MRVMM.T_GENM_NOTIFICACION (ID_NOTIFICACION,ID_INICIATIVA,ID_ETAPA,ID_ESTADO,FECHA_REGISTRO,ID_ROL,ID_USUARIO,FLG_VISTO,FECHA_VISTO,ID_USUARIO_VISTO,DESCRIPCION,ID_ESTADO_NOTIFICACION,ID_USUARIO_REMITENTE) values ('1146','585','2','3',to_date('19/03/20','DD/MM/RR'),'1','281','0',null,null,'Su iniciativa fue revisada y aprobada','3','104');
Insert into MRVMM.T_GENM_NOTIFICACION (ID_NOTIFICACION,ID_INICIATIVA,ID_ETAPA,ID_ESTADO,FECHA_REGISTRO,ID_ROL,ID_USUARIO,FLG_VISTO,FECHA_VISTO,ID_USUARIO_VISTO,DESCRIPCION,ID_ESTADO_NOTIFICACION,ID_USUARIO_REMITENTE) values ('1170','588','2','3',to_date('20/03/20','DD/MM/RR'),'1','281','0',null,null,'Su iniciativa fue revisada y aprobada','3','104');
Insert into MRVMM.T_GENM_NOTIFICACION (ID_NOTIFICACION,ID_INICIATIVA,ID_ETAPA,ID_ESTADO,FECHA_REGISTRO,ID_ROL,ID_USUARIO,FLG_VISTO,FECHA_VISTO,ID_USUARIO_VISTO,DESCRIPCION,ID_ESTADO_NOTIFICACION,ID_USUARIO_REMITENTE) values ('1171','588','3','1',to_date('20/03/20','DD/MM/RR'),'2','104','0',null,null,'El usuario de la entidad Asociación privada Carabaylloha registrado el/los detalle(s) de la Iniciativa (Coches rosados eléctricos), en espera de su revisión','0','281');
Insert into MRVMM.T_GENM_NOTIFICACION (ID_NOTIFICACION,ID_INICIATIVA,ID_ETAPA,ID_ESTADO,FECHA_REGISTRO,ID_ROL,ID_USUARIO,FLG_VISTO,FECHA_VISTO,ID_USUARIO_VISTO,DESCRIPCION,ID_ESTADO_NOTIFICACION,ID_USUARIO_REMITENTE) values ('1016','423','3','2',to_date('12/03/20','DD/MM/RR'),'1','104','0',null,null,'Corregir Detalles','1','81');
Insert into MRVMM.T_GENM_NOTIFICACION (ID_NOTIFICACION,ID_INICIATIVA,ID_ETAPA,ID_ESTADO,FECHA_REGISTRO,ID_ROL,ID_USUARIO,FLG_VISTO,FECHA_VISTO,ID_USUARIO_VISTO,DESCRIPCION,ID_ESTADO_NOTIFICACION,ID_USUARIO_REMITENTE) values ('1018','423','4','3',to_date('12/03/20','DD/MM/RR'),'1','105','0',null,null,'Los detalles de indicadores de su iniciativa fueron revisadas y aprobadas','3','81');
Insert into MRVMM.T_GENM_NOTIFICACION (ID_NOTIFICACION,ID_INICIATIVA,ID_ETAPA,ID_ESTADO,FECHA_REGISTRO,ID_ROL,ID_USUARIO,FLG_VISTO,FECHA_VISTO,ID_USUARIO_VISTO,DESCRIPCION,ID_ESTADO_NOTIFICACION,ID_USUARIO_REMITENTE) values ('1019','423','5','1',to_date('12/03/20','DD/MM/RR'),'3','261','0',null,null,'La iniciativa y el detalle de indicadores de la entidad Informatica el Corte Ingles S.A.C. fueron revisadas y aprobadas, y estan a la espera de su revisión','0','81');
Insert into MRVMM.T_GENM_NOTIFICACION (ID_NOTIFICACION,ID_INICIATIVA,ID_ETAPA,ID_ESTADO,FECHA_REGISTRO,ID_ROL,ID_USUARIO,FLG_VISTO,FECHA_VISTO,ID_USUARIO_VISTO,DESCRIPCION,ID_ESTADO_NOTIFICACION,ID_USUARIO_REMITENTE) values ('1015','423','3','1',to_date('12/03/20','DD/MM/RR'),'2','104','0',null,null,'El usuario de la entidad Informatica el Corte Ingles S.A.C.ha registrado el/los detalle(s) de la Iniciativa (Flota 201 autos carbono), en espera de su revisión','0','105');
Insert into MRVMM.T_GENM_NOTIFICACION (ID_NOTIFICACION,ID_INICIATIVA,ID_ETAPA,ID_ESTADO,FECHA_REGISTRO,ID_ROL,ID_USUARIO,FLG_VISTO,FECHA_VISTO,ID_USUARIO_VISTO,DESCRIPCION,ID_ESTADO_NOTIFICACION,ID_USUARIO_REMITENTE) values ('984','503','4','3',to_date('12/03/20','DD/MM/RR'),'1','105','0',null,null,'Los detalles de indicadores de su iniciativa fueron revisadas y aprobadas','3','81');
Insert into MRVMM.T_GENM_NOTIFICACION (ID_NOTIFICACION,ID_INICIATIVA,ID_ETAPA,ID_ESTADO,FECHA_REGISTRO,ID_ROL,ID_USUARIO,FLG_VISTO,FECHA_VISTO,ID_USUARIO_VISTO,DESCRIPCION,ID_ESTADO_NOTIFICACION,ID_USUARIO_REMITENTE) values ('985','503','5','1',to_date('12/03/20','DD/MM/RR'),'3','261','0',null,null,'La iniciativa y el detalle de indicadores de la entidad Informatica el Corte Ingles S.A.C. fueron revisadas y aprobadas, y estan a la espera de su revisión','0','81');
Insert into MRVMM.T_GENM_NOTIFICACION (ID_NOTIFICACION,ID_INICIATIVA,ID_ETAPA,ID_ESTADO,FECHA_REGISTRO,ID_ROL,ID_USUARIO,FLG_VISTO,FECHA_VISTO,ID_USUARIO_VISTO,DESCRIPCION,ID_ESTADO_NOTIFICACION,ID_USUARIO_REMITENTE) values ('994','343','3','1',to_date('12/03/20','DD/MM/RR'),'2','104','0',null,null,'El usuario de la entidad Informatica el Corte Ingles S.A.C.ha registrado el/los detalle(s) de la Iniciativa (Vehiculos de 4M), en espera de su revisión','0','105');
Insert into MRVMM.T_GENM_NOTIFICACION (ID_NOTIFICACION,ID_INICIATIVA,ID_ETAPA,ID_ESTADO,FECHA_REGISTRO,ID_ROL,ID_USUARIO,FLG_VISTO,FECHA_VISTO,ID_USUARIO_VISTO,DESCRIPCION,ID_ESTADO_NOTIFICACION,ID_USUARIO_REMITENTE) values ('1003','541','1','1',to_date('12/03/20','DD/MM/RR'),'2','104','0',null,null,'La iniciativa de la entidad Informatica el Corte Ingles S.A.C. ha sido registrado correctamente y requiere su revisión','0','105');
Insert into MRVMM.T_GENM_NOTIFICACION (ID_NOTIFICACION,ID_INICIATIVA,ID_ETAPA,ID_ESTADO,FECHA_REGISTRO,ID_ROL,ID_USUARIO,FLG_VISTO,FECHA_VISTO,ID_USUARIO_VISTO,DESCRIPCION,ID_ESTADO_NOTIFICACION,ID_USUARIO_REMITENTE) values ('1004','542','1','1',to_date('12/03/20','DD/MM/RR'),'2','104','0',null,null,'La iniciativa de la entidad Informatica el Corte Ingles S.A.C. ha sido registrado correctamente y requiere su revisión','0','105');
Insert into MRVMM.T_GENM_NOTIFICACION (ID_NOTIFICACION,ID_INICIATIVA,ID_ETAPA,ID_ESTADO,FECHA_REGISTRO,ID_ROL,ID_USUARIO,FLG_VISTO,FECHA_VISTO,ID_USUARIO_VISTO,DESCRIPCION,ID_ESTADO_NOTIFICACION,ID_USUARIO_REMITENTE) values ('968','465','7','3',to_date('12/03/20','DD/MM/RR'),'3','22','0',null,null,'Los detalles de indicadores y la iniciativa fueron revisados y aprobadas por el Verificador Externo','3','123');
Insert into MRVMM.T_GENM_NOTIFICACION (ID_NOTIFICACION,ID_INICIATIVA,ID_ETAPA,ID_ESTADO,FECHA_REGISTRO,ID_ROL,ID_USUARIO,FLG_VISTO,FECHA_VISTO,ID_USUARIO_VISTO,DESCRIPCION,ID_ESTADO_NOTIFICACION,ID_USUARIO_REMITENTE) values ('971','395','7','3',to_date('12/03/20','DD/MM/RR'),'3','22','0',null,null,'Los detalles de indicadores y la iniciativa fueron revisados y aprobadas por el Verificador Externo','3','123');
Insert into MRVMM.T_GENM_NOTIFICACION (ID_NOTIFICACION,ID_INICIATIVA,ID_ETAPA,ID_ESTADO,FECHA_REGISTRO,ID_ROL,ID_USUARIO,FLG_VISTO,FECHA_VISTO,ID_USUARIO_VISTO,DESCRIPCION,ID_ESTADO_NOTIFICACION,ID_USUARIO_REMITENTE) values ('1012','541','5','1',to_date('12/03/20','DD/MM/RR'),'3','261','0',null,null,'La iniciativa y el detalle de indicadores de la entidad Informatica el Corte Ingles S.A.C. fueron revisadas y aprobadas, y estan a la espera de su revisión','0','81');
Insert into MRVMM.T_GENM_NOTIFICACION (ID_NOTIFICACION,ID_INICIATIVA,ID_ETAPA,ID_ESTADO,FECHA_REGISTRO,ID_ROL,ID_USUARIO,FLG_VISTO,FECHA_VISTO,ID_USUARIO_VISTO,DESCRIPCION,ID_ESTADO_NOTIFICACION,ID_USUARIO_REMITENTE) values ('1017','423','3','1',to_date('12/03/20','DD/MM/RR'),'2','105','0',null,null,'La entidad Informatica el Corte Ingles S.A.C. ha corregido el detalle de indicadores correctamente y requiere su revisión','0','104');
Insert into MRVMM.T_GENM_NOTIFICACION (ID_NOTIFICACION,ID_INICIATIVA,ID_ETAPA,ID_ESTADO,FECHA_REGISTRO,ID_ROL,ID_USUARIO,FLG_VISTO,FECHA_VISTO,ID_USUARIO_VISTO,DESCRIPCION,ID_ESTADO_NOTIFICACION,ID_USUARIO_REMITENTE) values ('1025','544','1','1',to_date('12/03/20','DD/MM/RR'),'2','104','0',null,null,'La iniciativa de la entidad Informatica el Corte Ingles S.A.C. ha sido registrado correctamente y requiere su revisión','0','105');
Insert into MRVMM.T_GENM_NOTIFICACION (ID_NOTIFICACION,ID_INICIATIVA,ID_ETAPA,ID_ESTADO,FECHA_REGISTRO,ID_ROL,ID_USUARIO,FLG_VISTO,FECHA_VISTO,ID_USUARIO_VISTO,DESCRIPCION,ID_ESTADO_NOTIFICACION,ID_USUARIO_REMITENTE) values ('1042','542','5','3',to_date('13/03/20','DD/MM/RR'),'2','104','0',null,null,'Los detalles de indicadores y la iniciativa fueron revisados y aprobadas por el Administrador MINEM','3','22');
Insert into MRVMM.T_GENM_NOTIFICACION (ID_NOTIFICACION,ID_INICIATIVA,ID_ETAPA,ID_ESTADO,FECHA_REGISTRO,ID_ROL,ID_USUARIO,FLG_VISTO,FECHA_VISTO,ID_USUARIO_VISTO,DESCRIPCION,ID_ESTADO_NOTIFICACION,ID_USUARIO_REMITENTE) values ('1043','541','5','3',to_date('13/03/20','DD/MM/RR'),'2','104','0',null,null,'Los detalles de indicadores y la iniciativa fueron revisados y aprobadas por el Administrador MINEM','3','22');
Insert into MRVMM.T_GENM_NOTIFICACION (ID_NOTIFICACION,ID_INICIATIVA,ID_ETAPA,ID_ESTADO,FECHA_REGISTRO,ID_ROL,ID_USUARIO,FLG_VISTO,FECHA_VISTO,ID_USUARIO_VISTO,DESCRIPCION,ID_ESTADO_NOTIFICACION,ID_USUARIO_REMITENTE) values ('1064','503','7','3',to_date('14/03/20','DD/MM/RR'),'4','122','0',null,null,'Los detalles de indicadores y la iniciativa fueron revisados y aprobadas por el Verificador Externo','3','123');
Insert into MRVMM.T_GENM_NOTIFICACION (ID_NOTIFICACION,ID_INICIATIVA,ID_ETAPA,ID_ESTADO,FECHA_REGISTRO,ID_ROL,ID_USUARIO,FLG_VISTO,FECHA_VISTO,ID_USUARIO_VISTO,DESCRIPCION,ID_ESTADO_NOTIFICACION,ID_USUARIO_REMITENTE) values ('1068','562','1','2',to_date('14/03/20','DD/MM/RR'),'1','105','0',null,null,'no se debe realizar de esa forma','1','104');
Insert into MRVMM.T_GENM_NOTIFICACION (ID_NOTIFICACION,ID_INICIATIVA,ID_ETAPA,ID_ESTADO,FECHA_REGISTRO,ID_ROL,ID_USUARIO,FLG_VISTO,FECHA_VISTO,ID_USUARIO_VISTO,DESCRIPCION,ID_ESTADO_NOTIFICACION,ID_USUARIO_REMITENTE) values ('1070','562','2','3',to_date('14/03/20','DD/MM/RR'),'1','105','0',null,null,'Su iniciativa fue revisada y aprobada','3','104');
Insert into MRVMM.T_GENM_NOTIFICACION (ID_NOTIFICACION,ID_INICIATIVA,ID_ETAPA,ID_ESTADO,FECHA_REGISTRO,ID_ROL,ID_USUARIO,FLG_VISTO,FECHA_VISTO,ID_USUARIO_VISTO,DESCRIPCION,ID_ESTADO_NOTIFICACION,ID_USUARIO_REMITENTE) values ('1083','564','2','3',to_date('14/03/20','DD/MM/RR'),'1','105','0',null,null,'Su iniciativa fue revisada y aprobada','3','81');
Insert into MRVMM.T_GENM_NOTIFICACION (ID_NOTIFICACION,ID_INICIATIVA,ID_ETAPA,ID_ESTADO,FECHA_REGISTRO,ID_ROL,ID_USUARIO,FLG_VISTO,FECHA_VISTO,ID_USUARIO_VISTO,DESCRIPCION,ID_ESTADO_NOTIFICACION,ID_USUARIO_REMITENTE) values ('1092','568','3','1',to_date('14/03/20','DD/MM/RR'),'2','124','0',null,null,'El usuario de la entidad Informatica el Corte Ingles S.A.C.ha registrado el/los detalle(s) de la Iniciativa (Cocinas hirviendo), en espera de su revisión','0','105');
Insert into MRVMM.T_GENM_NOTIFICACION (ID_NOTIFICACION,ID_INICIATIVA,ID_ETAPA,ID_ESTADO,FECHA_REGISTRO,ID_ROL,ID_USUARIO,FLG_VISTO,FECHA_VISTO,ID_USUARIO_VISTO,DESCRIPCION,ID_ESTADO_NOTIFICACION,ID_USUARIO_REMITENTE) values ('1102','461','3','1',to_date('14/03/20','DD/MM/RR'),'2','124','0',null,null,'El usuario de la entidad Informatica el Corte Ingles S.A.C.ha registrado el/los detalle(s) de la Iniciativa (Vales FISE para Region Callao), en espera de su revisión','0','105');
Insert into MRVMM.T_GENM_NOTIFICACION (ID_NOTIFICACION,ID_INICIATIVA,ID_ETAPA,ID_ESTADO,FECHA_REGISTRO,ID_ROL,ID_USUARIO,FLG_VISTO,FECHA_VISTO,ID_USUARIO_VISTO,DESCRIPCION,ID_ESTADO_NOTIFICACION,ID_USUARIO_REMITENTE) values ('1111','566','1','2',to_date('14/03/20','DD/MM/RR'),'1','105','0',null,null,'no esta definido','1','104');
Insert into MRVMM.T_GENM_NOTIFICACION (ID_NOTIFICACION,ID_INICIATIVA,ID_ETAPA,ID_ESTADO,FECHA_REGISTRO,ID_ROL,ID_USUARIO,FLG_VISTO,FECHA_VISTO,ID_USUARIO_VISTO,DESCRIPCION,ID_ESTADO_NOTIFICACION,ID_USUARIO_REMITENTE) values ('1112','567','3','1',to_date('14/03/20','DD/MM/RR'),'2','104','0',null,null,'El usuario de la entidad Informatica el Corte Ingles S.A.C.ha registrado el/los detalle(s) de la Iniciativa (Autos electricos 4002), en espera de su revisión','0','105');
Insert into MRVMM.T_GENM_NOTIFICACION (ID_NOTIFICACION,ID_INICIATIVA,ID_ETAPA,ID_ESTADO,FECHA_REGISTRO,ID_ROL,ID_USUARIO,FLG_VISTO,FECHA_VISTO,ID_USUARIO_VISTO,DESCRIPCION,ID_ESTADO_NOTIFICACION,ID_USUARIO_REMITENTE) values ('1138','584','4','3',to_date('18/03/20','DD/MM/RR'),'1','281','0',null,null,'Los detalles de indicadores de su iniciativa fueron revisadas y aprobadas','3','104');
Insert into MRVMM.T_GENM_NOTIFICACION (ID_NOTIFICACION,ID_INICIATIVA,ID_ETAPA,ID_ESTADO,FECHA_REGISTRO,ID_ROL,ID_USUARIO,FLG_VISTO,FECHA_VISTO,ID_USUARIO_VISTO,DESCRIPCION,ID_ESTADO_NOTIFICACION,ID_USUARIO_REMITENTE) values ('1139','584','5','1',to_date('18/03/20','DD/MM/RR'),'3','261','0',null,null,'La iniciativa y el detalle de indicadores de la entidad Asociación privada Carabayllo fueron revisadas y aprobadas, y estan a la espera de su revisión','0','104');
Insert into MRVMM.T_GENM_NOTIFICACION (ID_NOTIFICACION,ID_INICIATIVA,ID_ETAPA,ID_ESTADO,FECHA_REGISTRO,ID_ROL,ID_USUARIO,FLG_VISTO,FECHA_VISTO,ID_USUARIO_VISTO,DESCRIPCION,ID_ESTADO_NOTIFICACION,ID_USUARIO_REMITENTE) values ('1167','587','7','3',to_date('20/03/20','DD/MM/RR'),'3','22','0',null,null,'Los detalles de indicadores y la iniciativa fueron revisados y aprobadas por el Verificador Externo','3','123');
Insert into MRVMM.T_GENM_NOTIFICACION (ID_NOTIFICACION,ID_INICIATIVA,ID_ETAPA,ID_ESTADO,FECHA_REGISTRO,ID_ROL,ID_USUARIO,FLG_VISTO,FECHA_VISTO,ID_USUARIO_VISTO,DESCRIPCION,ID_ESTADO_NOTIFICACION,ID_USUARIO_REMITENTE) values ('1169','588','1','1',to_date('20/03/20','DD/MM/RR'),'2','104','0',null,null,'La iniciativa de la entidad Asociación privada Carabayllo ha sido registrado correctamente y requiere su revisión','0','281');
Insert into MRVMM.T_GENM_NOTIFICACION (ID_NOTIFICACION,ID_INICIATIVA,ID_ETAPA,ID_ESTADO,FECHA_REGISTRO,ID_ROL,ID_USUARIO,FLG_VISTO,FECHA_VISTO,ID_USUARIO_VISTO,DESCRIPCION,ID_ESTADO_NOTIFICACION,ID_USUARIO_REMITENTE) values ('1172','588','4','3',to_date('20/03/20','DD/MM/RR'),'1','281','0',null,null,'Los detalles de indicadores de su iniciativa fueron revisadas y aprobadas','3','104');
Insert into MRVMM.T_GENM_NOTIFICACION (ID_NOTIFICACION,ID_INICIATIVA,ID_ETAPA,ID_ESTADO,FECHA_REGISTRO,ID_ROL,ID_USUARIO,FLG_VISTO,FECHA_VISTO,ID_USUARIO_VISTO,DESCRIPCION,ID_ESTADO_NOTIFICACION,ID_USUARIO_REMITENTE) values ('1173','588','5','1',to_date('20/03/20','DD/MM/RR'),'3','261','0',null,null,'La iniciativa y el detalle de indicadores de la entidad Asociación privada Carabayllo fueron revisadas y aprobadas, y estan a la espera de su revisión','0','104');
Insert into MRVMM.T_GENM_NOTIFICACION (ID_NOTIFICACION,ID_INICIATIVA,ID_ETAPA,ID_ESTADO,FECHA_REGISTRO,ID_ROL,ID_USUARIO,FLG_VISTO,FECHA_VISTO,ID_USUARIO_VISTO,DESCRIPCION,ID_ESTADO_NOTIFICACION,ID_USUARIO_REMITENTE) values ('1011','541','4','3',to_date('12/03/20','DD/MM/RR'),'1','105','0',null,null,'Los detalles de indicadores de su iniciativa fueron revisadas y aprobadas','3','81');
Insert into MRVMM.T_GENM_NOTIFICACION (ID_NOTIFICACION,ID_INICIATIVA,ID_ETAPA,ID_ESTADO,FECHA_REGISTRO,ID_ROL,ID_USUARIO,FLG_VISTO,FECHA_VISTO,ID_USUARIO_VISTO,DESCRIPCION,ID_ESTADO_NOTIFICACION,ID_USUARIO_REMITENTE) values ('1046','343','5','3',to_date('13/03/20','DD/MM/RR'),'2','104','0',null,null,'Los detalles de indicadores y la iniciativa fueron revisados y aprobadas por el Administrador MINEM','3','22');
Insert into MRVMM.T_GENM_NOTIFICACION (ID_NOTIFICACION,ID_INICIATIVA,ID_ETAPA,ID_ESTADO,FECHA_REGISTRO,ID_ROL,ID_USUARIO,FLG_VISTO,FECHA_VISTO,ID_USUARIO_VISTO,DESCRIPCION,ID_ESTADO_NOTIFICACION,ID_USUARIO_REMITENTE) values ('1088','566','1','1',to_date('14/03/20','DD/MM/RR'),'2','104','0',null,null,'La iniciativa de la entidad Informatica el Corte Ingles S.A.C. ha sido registrado correctamente y requiere su revisión','0','105');
Insert into MRVMM.T_GENM_NOTIFICACION (ID_NOTIFICACION,ID_INICIATIVA,ID_ETAPA,ID_ESTADO,FECHA_REGISTRO,ID_ROL,ID_USUARIO,FLG_VISTO,FECHA_VISTO,ID_USUARIO_VISTO,DESCRIPCION,ID_ESTADO_NOTIFICACION,ID_USUARIO_REMITENTE) values ('1106','569','3','1',to_date('14/03/20','DD/MM/RR'),'2','104','0',null,null,'El usuario de la entidad Informatica el Corte Ingles S.A.C.ha registrado el/los detalle(s) de la Iniciativa (Carros Honda y buses Etuchisa electricos), en espera de su revisión','0','105');
Insert into MRVMM.T_GENM_NOTIFICACION (ID_NOTIFICACION,ID_INICIATIVA,ID_ETAPA,ID_ESTADO,FECHA_REGISTRO,ID_ROL,ID_USUARIO,FLG_VISTO,FECHA_VISTO,ID_USUARIO_VISTO,DESCRIPCION,ID_ESTADO_NOTIFICACION,ID_USUARIO_REMITENTE) values ('1143','569','5','3',to_date('18/03/20','DD/MM/RR'),'2','104','0',null,null,'Los detalles de indicadores y la iniciativa fueron revisados y aprobadas por el Administrador MINEM','3','22');
Insert into MRVMM.T_GENM_NOTIFICACION (ID_NOTIFICACION,ID_INICIATIVA,ID_ETAPA,ID_ESTADO,FECHA_REGISTRO,ID_ROL,ID_USUARIO,FLG_VISTO,FECHA_VISTO,ID_USUARIO_VISTO,DESCRIPCION,ID_ESTADO_NOTIFICACION,ID_USUARIO_REMITENTE) values ('1152','586','4','3',to_date('19/03/20','DD/MM/RR'),'1','281','0',null,null,'Los detalles de indicadores de su iniciativa fueron revisadas y aprobadas','3','104');
Insert into MRVMM.T_GENM_NOTIFICACION (ID_NOTIFICACION,ID_INICIATIVA,ID_ETAPA,ID_ESTADO,FECHA_REGISTRO,ID_ROL,ID_USUARIO,FLG_VISTO,FECHA_VISTO,ID_USUARIO_VISTO,DESCRIPCION,ID_ESTADO_NOTIFICACION,ID_USUARIO_REMITENTE) values ('1153','586','5','1',to_date('19/03/20','DD/MM/RR'),'3','261','0',null,null,'La iniciativa y el detalle de indicadores de la entidad Asociación privada Carabayllo fueron revisadas y aprobadas, y estan a la espera de su revisión','0','104');
Insert into MRVMM.T_GENM_NOTIFICACION (ID_NOTIFICACION,ID_INICIATIVA,ID_ETAPA,ID_ESTADO,FECHA_REGISTRO,ID_ROL,ID_USUARIO,FLG_VISTO,FECHA_VISTO,ID_USUARIO_VISTO,DESCRIPCION,ID_ESTADO_NOTIFICACION,ID_USUARIO_REMITENTE) values ('1157','587','2','3',to_date('20/03/20','DD/MM/RR'),'1','281','0',null,null,'Su iniciativa fue revisada y aprobada','3','104');
Insert into MRVMM.T_GENM_NOTIFICACION (ID_NOTIFICACION,ID_INICIATIVA,ID_ETAPA,ID_ESTADO,FECHA_REGISTRO,ID_ROL,ID_USUARIO,FLG_VISTO,FECHA_VISTO,ID_USUARIO_VISTO,DESCRIPCION,ID_ESTADO_NOTIFICACION,ID_USUARIO_REMITENTE) values ('1134','583','7','3',to_date('17/03/20','DD/MM/RR'),'4','122','0',null,null,'Los detalles de indicadores y la iniciativa fueron revisados y aprobadas por el Verificador Externo','3','123');
Insert into MRVMM.T_GENM_NOTIFICACION (ID_NOTIFICACION,ID_INICIATIVA,ID_ETAPA,ID_ESTADO,FECHA_REGISTRO,ID_ROL,ID_USUARIO,FLG_VISTO,FECHA_VISTO,ID_USUARIO_VISTO,DESCRIPCION,ID_ESTADO_NOTIFICACION,ID_USUARIO_REMITENTE) values ('1147','585','3','1',to_date('19/03/20','DD/MM/RR'),'2','104','0',null,null,'El usuario de la entidad Asociación privada Carabaylloha registrado el/los detalle(s) de la Iniciativa (Carros eléctricos 40 de color azul), en espera de su revisión','0','281');
Insert into MRVMM.T_GENM_NOTIFICACION (ID_NOTIFICACION,ID_INICIATIVA,ID_ETAPA,ID_ESTADO,FECHA_REGISTRO,ID_ROL,ID_USUARIO,FLG_VISTO,FECHA_VISTO,ID_USUARIO_VISTO,DESCRIPCION,ID_ESTADO_NOTIFICACION,ID_USUARIO_REMITENTE) values ('1150','586','2','3',to_date('19/03/20','DD/MM/RR'),'1','281','0',null,null,'Su iniciativa fue revisada y aprobada','3','104');
Insert into MRVMM.T_GENM_NOTIFICACION (ID_NOTIFICACION,ID_INICIATIVA,ID_ETAPA,ID_ESTADO,FECHA_REGISTRO,ID_ROL,ID_USUARIO,FLG_VISTO,FECHA_VISTO,ID_USUARIO_VISTO,DESCRIPCION,ID_ESTADO_NOTIFICACION,ID_USUARIO_REMITENTE) values ('1073','562','3','1',to_date('14/03/20','DD/MM/RR'),'2','105','0',null,null,'La entidad Informatica el Corte Ingles S.A.C. ha corregido el detalle de indicadores correctamente y requiere su revisión','0','104');
Insert into MRVMM.T_GENM_NOTIFICACION (ID_NOTIFICACION,ID_INICIATIVA,ID_ETAPA,ID_ESTADO,FECHA_REGISTRO,ID_ROL,ID_USUARIO,FLG_VISTO,FECHA_VISTO,ID_USUARIO_VISTO,DESCRIPCION,ID_ESTADO_NOTIFICACION,ID_USUARIO_REMITENTE) values ('1091','568','2','3',to_date('14/03/20','DD/MM/RR'),'1','105','0',null,null,'Su iniciativa fue revisada y aprobada','3','81');
Insert into MRVMM.T_GENM_NOTIFICACION (ID_NOTIFICACION,ID_INICIATIVA,ID_ETAPA,ID_ESTADO,FECHA_REGISTRO,ID_ROL,ID_USUARIO,FLG_VISTO,FECHA_VISTO,ID_USUARIO_VISTO,DESCRIPCION,ID_ESTADO_NOTIFICACION,ID_USUARIO_REMITENTE) values ('1113','567','4','3',to_date('14/03/20','DD/MM/RR'),'1','105','0',null,null,'Los detalles de indicadores de su iniciativa fueron revisadas y aprobadas','3','104');
Insert into MRVMM.T_GENM_NOTIFICACION (ID_NOTIFICACION,ID_INICIATIVA,ID_ETAPA,ID_ESTADO,FECHA_REGISTRO,ID_ROL,ID_USUARIO,FLG_VISTO,FECHA_VISTO,ID_USUARIO_VISTO,DESCRIPCION,ID_ESTADO_NOTIFICACION,ID_USUARIO_REMITENTE) values ('1114','567','5','1',to_date('14/03/20','DD/MM/RR'),'3','261','0',null,null,'La iniciativa y el detalle de indicadores de la entidad Informatica el Corte Ingles S.A.C. fueron revisadas y aprobadas, y estan a la espera de su revisión','0','104');
Insert into MRVMM.T_GENM_NOTIFICACION (ID_NOTIFICACION,ID_INICIATIVA,ID_ETAPA,ID_ESTADO,FECHA_REGISTRO,ID_ROL,ID_USUARIO,FLG_VISTO,FECHA_VISTO,ID_USUARIO_VISTO,DESCRIPCION,ID_ESTADO_NOTIFICACION,ID_USUARIO_REMITENTE) values ('1115','567','4','3',to_date('14/03/20','DD/MM/RR'),'1','105','0',null,null,'Los detalles de indicadores de su iniciativa fueron revisadas y aprobadas','3','104');
Insert into MRVMM.T_GENM_NOTIFICACION (ID_NOTIFICACION,ID_INICIATIVA,ID_ETAPA,ID_ESTADO,FECHA_REGISTRO,ID_ROL,ID_USUARIO,FLG_VISTO,FECHA_VISTO,ID_USUARIO_VISTO,DESCRIPCION,ID_ESTADO_NOTIFICACION,ID_USUARIO_REMITENTE) values ('1116','567','5','1',to_date('14/03/20','DD/MM/RR'),'3','261','0',null,null,'La iniciativa y el detalle de indicadores de la entidad Informatica el Corte Ingles S.A.C. fueron revisadas y aprobadas, y estan a la espera de su revisión','0','104');
Insert into MRVMM.T_GENM_NOTIFICACION (ID_NOTIFICACION,ID_INICIATIVA,ID_ETAPA,ID_ESTADO,FECHA_REGISTRO,ID_ROL,ID_USUARIO,FLG_VISTO,FECHA_VISTO,ID_USUARIO_VISTO,DESCRIPCION,ID_ESTADO_NOTIFICACION,ID_USUARIO_REMITENTE) values ('1090','568','1','1',to_date('14/03/20','DD/MM/RR'),'2','124','0',null,null,'La iniciativa de la entidad Informatica el Corte Ingles S.A.C. ha sido registrado correctamente y requiere su revisión','0','105');
Insert into MRVMM.T_GENM_NOTIFICACION (ID_NOTIFICACION,ID_INICIATIVA,ID_ETAPA,ID_ESTADO,FECHA_REGISTRO,ID_ROL,ID_USUARIO,FLG_VISTO,FECHA_VISTO,ID_USUARIO_VISTO,DESCRIPCION,ID_ESTADO_NOTIFICACION,ID_USUARIO_REMITENTE) values ('962','465','4','3',to_date('12/03/20','DD/MM/RR'),'1','105','0',null,null,'Los detalles de indicadores de su iniciativa fueron revisadas y aprobadas','3','81');
Insert into MRVMM.T_GENM_NOTIFICACION (ID_NOTIFICACION,ID_INICIATIVA,ID_ETAPA,ID_ESTADO,FECHA_REGISTRO,ID_ROL,ID_USUARIO,FLG_VISTO,FECHA_VISTO,ID_USUARIO_VISTO,DESCRIPCION,ID_ESTADO_NOTIFICACION,ID_USUARIO_REMITENTE) values ('963','465','5','1',to_date('12/03/20','DD/MM/RR'),'3','261','0',null,null,'La iniciativa y el detalle de indicadores de la entidad Informatica el Corte Ingles S.A.C. fueron revisadas y aprobadas, y estan a la espera de su revisión','0','81');
Insert into MRVMM.T_GENM_NOTIFICACION (ID_NOTIFICACION,ID_INICIATIVA,ID_ETAPA,ID_ESTADO,FECHA_REGISTRO,ID_ROL,ID_USUARIO,FLG_VISTO,FECHA_VISTO,ID_USUARIO_VISTO,DESCRIPCION,ID_ESTADO_NOTIFICACION,ID_USUARIO_REMITENTE) values ('964','453','4','3',to_date('12/03/20','DD/MM/RR'),'1','182','0',null,null,'Los detalles de indicadores de su iniciativa fueron revisadas y aprobadas','3','81');
Insert into MRVMM.T_GENM_NOTIFICACION (ID_NOTIFICACION,ID_INICIATIVA,ID_ETAPA,ID_ESTADO,FECHA_REGISTRO,ID_ROL,ID_USUARIO,FLG_VISTO,FECHA_VISTO,ID_USUARIO_VISTO,DESCRIPCION,ID_ESTADO_NOTIFICACION,ID_USUARIO_REMITENTE) values ('965','453','5','1',to_date('12/03/20','DD/MM/RR'),'3','261','0',null,null,'La iniciativa y el detalle de indicadores de la entidad SLIPKNOT SAC fueron revisadas y aprobadas, y estan a la espera de su revisión','0','81');
Insert into MRVMM.T_GENM_NOTIFICACION (ID_NOTIFICACION,ID_INICIATIVA,ID_ETAPA,ID_ESTADO,FECHA_REGISTRO,ID_ROL,ID_USUARIO,FLG_VISTO,FECHA_VISTO,ID_USUARIO_VISTO,DESCRIPCION,ID_ESTADO_NOTIFICACION,ID_USUARIO_REMITENTE) values ('966','465','8','3',to_date('12/03/20','DD/MM/RR'),'2','81','0',null,null,'Los detalles de indicadores y la iniciativa fueron revisados y aprobadas por el Administrador MINEM','3','22');
Insert into MRVMM.T_GENM_NOTIFICACION (ID_NOTIFICACION,ID_INICIATIVA,ID_ETAPA,ID_ESTADO,FECHA_REGISTRO,ID_ROL,ID_USUARIO,FLG_VISTO,FECHA_VISTO,ID_USUARIO_VISTO,DESCRIPCION,ID_ESTADO_NOTIFICACION,ID_USUARIO_REMITENTE) values ('967','465','8','3',to_date('12/03/20','DD/MM/RR'),'2','81','0',null,null,'Los detalles de indicadores y la iniciativa fueron revisados y aprobadas por el Administrador MINEM','3','22');
Insert into MRVMM.T_GENM_NOTIFICACION (ID_NOTIFICACION,ID_INICIATIVA,ID_ETAPA,ID_ESTADO,FECHA_REGISTRO,ID_ROL,ID_USUARIO,FLG_VISTO,FECHA_VISTO,ID_USUARIO_VISTO,DESCRIPCION,ID_ESTADO_NOTIFICACION,ID_USUARIO_REMITENTE) values ('969','453','5','3',to_date('12/03/20','DD/MM/RR'),'2','104','0',null,null,'Los detalles de indicadores y la iniciativa fueron revisados y aprobadas por el Administrador MINEM','3','22');
Insert into MRVMM.T_GENM_NOTIFICACION (ID_NOTIFICACION,ID_INICIATIVA,ID_ETAPA,ID_ESTADO,FECHA_REGISTRO,ID_ROL,ID_USUARIO,FLG_VISTO,FECHA_VISTO,ID_USUARIO_VISTO,DESCRIPCION,ID_ESTADO_NOTIFICACION,ID_USUARIO_REMITENTE) values ('970','395','8','3',to_date('12/03/20','DD/MM/RR'),'2','104','0',null,null,'Los detalles de indicadores y la iniciativa fueron revisados y aprobadas por el Administrador MINEM','3','22');
Insert into MRVMM.T_GENM_NOTIFICACION (ID_NOTIFICACION,ID_INICIATIVA,ID_ETAPA,ID_ESTADO,FECHA_REGISTRO,ID_ROL,ID_USUARIO,FLG_VISTO,FECHA_VISTO,ID_USUARIO_VISTO,DESCRIPCION,ID_ESTADO_NOTIFICACION,ID_USUARIO_REMITENTE) values ('972','438','4','3',to_date('12/03/20','DD/MM/RR'),'1','220','0',null,null,'Los detalles de indicadores de su iniciativa fueron revisadas y aprobadas','3','81');
Insert into MRVMM.T_GENM_NOTIFICACION (ID_NOTIFICACION,ID_INICIATIVA,ID_ETAPA,ID_ESTADO,FECHA_REGISTRO,ID_ROL,ID_USUARIO,FLG_VISTO,FECHA_VISTO,ID_USUARIO_VISTO,DESCRIPCION,ID_ESTADO_NOTIFICACION,ID_USUARIO_REMITENTE) values ('973','438','5','1',to_date('12/03/20','DD/MM/RR'),'3','261','0',null,null,'La iniciativa y el detalle de indicadores de la entidad Republic Gaming SAC fueron revisadas y aprobadas, y estan a la espera de su revisión','0','81');
Insert into MRVMM.T_GENM_NOTIFICACION (ID_NOTIFICACION,ID_INICIATIVA,ID_ETAPA,ID_ESTADO,FECHA_REGISTRO,ID_ROL,ID_USUARIO,FLG_VISTO,FECHA_VISTO,ID_USUARIO_VISTO,DESCRIPCION,ID_ESTADO_NOTIFICACION,ID_USUARIO_REMITENTE) values ('961','443','7','3',to_date('12/03/20','DD/MM/RR'),'4','122','0',null,null,'Los detalles de indicadores y la iniciativa fueron revisados y aprobadas por el Verificador Externo','3','123');
Insert into MRVMM.T_GENM_NOTIFICACION (ID_NOTIFICACION,ID_INICIATIVA,ID_ETAPA,ID_ESTADO,FECHA_REGISTRO,ID_ROL,ID_USUARIO,FLG_VISTO,FECHA_VISTO,ID_USUARIO_VISTO,DESCRIPCION,ID_ESTADO_NOTIFICACION,ID_USUARIO_REMITENTE) values ('974','438','5','3',to_date('12/03/20','DD/MM/RR'),'2','104','0',null,null,'Los detalles de indicadores y la iniciativa fueron revisados y aprobadas por el Administrador MINEM','3','22');
Insert into MRVMM.T_GENM_NOTIFICACION (ID_NOTIFICACION,ID_INICIATIVA,ID_ETAPA,ID_ESTADO,FECHA_REGISTRO,ID_ROL,ID_USUARIO,FLG_VISTO,FECHA_VISTO,ID_USUARIO_VISTO,DESCRIPCION,ID_ESTADO_NOTIFICACION,ID_USUARIO_REMITENTE) values ('975','394','4','3',to_date('12/03/20','DD/MM/RR'),'1','105','0',null,null,'Los detalles de indicadores de su iniciativa fueron revisadas y aprobadas','3','81');
Insert into MRVMM.T_GENM_NOTIFICACION (ID_NOTIFICACION,ID_INICIATIVA,ID_ETAPA,ID_ESTADO,FECHA_REGISTRO,ID_ROL,ID_USUARIO,FLG_VISTO,FECHA_VISTO,ID_USUARIO_VISTO,DESCRIPCION,ID_ESTADO_NOTIFICACION,ID_USUARIO_REMITENTE) values ('976','394','5','1',to_date('12/03/20','DD/MM/RR'),'3','261','0',null,null,'La iniciativa y el detalle de indicadores de la entidad Informatica el Corte Ingles S.A.C. fueron revisadas y aprobadas, y estan a la espera de su revisión','0','81');
Insert into MRVMM.T_GENM_NOTIFICACION (ID_NOTIFICACION,ID_INICIATIVA,ID_ETAPA,ID_ESTADO,FECHA_REGISTRO,ID_ROL,ID_USUARIO,FLG_VISTO,FECHA_VISTO,ID_USUARIO_VISTO,DESCRIPCION,ID_ESTADO_NOTIFICACION,ID_USUARIO_REMITENTE) values ('977','424','4','3',to_date('12/03/20','DD/MM/RR'),'1','182','0',null,null,'Los detalles de indicadores de su iniciativa fueron revisadas y aprobadas','3','81');
Insert into MRVMM.T_GENM_NOTIFICACION (ID_NOTIFICACION,ID_INICIATIVA,ID_ETAPA,ID_ESTADO,FECHA_REGISTRO,ID_ROL,ID_USUARIO,FLG_VISTO,FECHA_VISTO,ID_USUARIO_VISTO,DESCRIPCION,ID_ESTADO_NOTIFICACION,ID_USUARIO_REMITENTE) values ('978','424','5','1',to_date('12/03/20','DD/MM/RR'),'3','261','0',null,null,'La iniciativa y el detalle de indicadores de la entidad SLIPKNOT SAC fueron revisadas y aprobadas, y estan a la espera de su revisión','0','81');
Insert into MRVMM.T_GENM_NOTIFICACION (ID_NOTIFICACION,ID_INICIATIVA,ID_ETAPA,ID_ESTADO,FECHA_REGISTRO,ID_ROL,ID_USUARIO,FLG_VISTO,FECHA_VISTO,ID_USUARIO_VISTO,DESCRIPCION,ID_ESTADO_NOTIFICACION,ID_USUARIO_REMITENTE) values ('979','424','5','3',to_date('12/03/20','DD/MM/RR'),'2','0','0',null,null,'Los detalles de indicadores y la iniciativa fueron revisados y aprobadas por el Administrador MINEM','3','22');
Insert into MRVMM.T_GENM_NOTIFICACION (ID_NOTIFICACION,ID_INICIATIVA,ID_ETAPA,ID_ESTADO,FECHA_REGISTRO,ID_ROL,ID_USUARIO,FLG_VISTO,FECHA_VISTO,ID_USUARIO_VISTO,DESCRIPCION,ID_ESTADO_NOTIFICACION,ID_USUARIO_REMITENTE) values ('980','394','5','3',to_date('12/03/20','DD/MM/RR'),'2','0','0',null,null,'Los detalles de indicadores y la iniciativa fueron revisados y aprobadas por el Administrador MINEM','3','22');
Insert into MRVMM.T_GENM_NOTIFICACION (ID_NOTIFICACION,ID_INICIATIVA,ID_ETAPA,ID_ESTADO,FECHA_REGISTRO,ID_ROL,ID_USUARIO,FLG_VISTO,FECHA_VISTO,ID_USUARIO_VISTO,DESCRIPCION,ID_ESTADO_NOTIFICACION,ID_USUARIO_REMITENTE) values ('981','503','2','3',to_date('12/03/20','DD/MM/RR'),'1','105','0',null,null,'Su iniciativa fue revisada y aprobada','3','81');
Insert into MRVMM.T_GENM_NOTIFICACION (ID_NOTIFICACION,ID_INICIATIVA,ID_ETAPA,ID_ESTADO,FECHA_REGISTRO,ID_ROL,ID_USUARIO,FLG_VISTO,FECHA_VISTO,ID_USUARIO_VISTO,DESCRIPCION,ID_ESTADO_NOTIFICACION,ID_USUARIO_REMITENTE) values ('982','423','2','3',to_date('12/03/20','DD/MM/RR'),'1','105','0',null,null,'Su iniciativa fue revisada y aprobada','3','81');
Insert into MRVMM.T_GENM_NOTIFICACION (ID_NOTIFICACION,ID_INICIATIVA,ID_ETAPA,ID_ESTADO,FECHA_REGISTRO,ID_ROL,ID_USUARIO,FLG_VISTO,FECHA_VISTO,ID_USUARIO_VISTO,DESCRIPCION,ID_ESTADO_NOTIFICACION,ID_USUARIO_REMITENTE) values ('983','503','3','1',to_date('12/03/20','DD/MM/RR'),'2','104','0',null,null,'El usuario de la entidad Informatica el Corte Ingles S.A.C.ha registrado el/los detalle(s) de la Iniciativa (todo autois), en espera de su revisión','0','105');
Insert into MRVMM.T_GENM_NOTIFICACION (ID_NOTIFICACION,ID_INICIATIVA,ID_ETAPA,ID_ESTADO,FECHA_REGISTRO,ID_ROL,ID_USUARIO,FLG_VISTO,FECHA_VISTO,ID_USUARIO_VISTO,DESCRIPCION,ID_ESTADO_NOTIFICACION,ID_USUARIO_REMITENTE) values ('986','503','5','3',to_date('12/03/20','DD/MM/RR'),'2','104','0',null,null,'Los detalles de indicadores y la iniciativa fueron revisados y aprobadas por el Administrador MINEM','3','22');
Insert into MRVMM.T_GENM_NOTIFICACION (ID_NOTIFICACION,ID_INICIATIVA,ID_ETAPA,ID_ESTADO,FECHA_REGISTRO,ID_ROL,ID_USUARIO,FLG_VISTO,FECHA_VISTO,ID_USUARIO_VISTO,DESCRIPCION,ID_ESTADO_NOTIFICACION,ID_USUARIO_REMITENTE) values ('987','391','2','3',to_date('12/03/20','DD/MM/RR'),'1','105','0',null,null,'Su iniciativa fue revisada y aprobada','3','104');
Insert into MRVMM.T_GENM_NOTIFICACION (ID_NOTIFICACION,ID_INICIATIVA,ID_ETAPA,ID_ESTADO,FECHA_REGISTRO,ID_ROL,ID_USUARIO,FLG_VISTO,FECHA_VISTO,ID_USUARIO_VISTO,DESCRIPCION,ID_ESTADO_NOTIFICACION,ID_USUARIO_REMITENTE) values ('988','381','2','3',to_date('12/03/20','DD/MM/RR'),'1','180','0',null,null,'Su iniciativa fue revisada y aprobada','3','104');
Insert into MRVMM.T_GENM_NOTIFICACION (ID_NOTIFICACION,ID_INICIATIVA,ID_ETAPA,ID_ESTADO,FECHA_REGISTRO,ID_ROL,ID_USUARIO,FLG_VISTO,FECHA_VISTO,ID_USUARIO_VISTO,DESCRIPCION,ID_ESTADO_NOTIFICACION,ID_USUARIO_REMITENTE) values ('989','379','2','3',to_date('12/03/20','DD/MM/RR'),'1','105','0',null,null,'Su iniciativa fue revisada y aprobada','3','104');
Insert into MRVMM.T_GENM_NOTIFICACION (ID_NOTIFICACION,ID_INICIATIVA,ID_ETAPA,ID_ESTADO,FECHA_REGISTRO,ID_ROL,ID_USUARIO,FLG_VISTO,FECHA_VISTO,ID_USUARIO_VISTO,DESCRIPCION,ID_ESTADO_NOTIFICACION,ID_USUARIO_REMITENTE) values ('990','367','2','3',to_date('12/03/20','DD/MM/RR'),'1','105','0',null,null,'Su iniciativa fue revisada y aprobada','3','104');
Insert into MRVMM.T_GENM_NOTIFICACION (ID_NOTIFICACION,ID_INICIATIVA,ID_ETAPA,ID_ESTADO,FECHA_REGISTRO,ID_ROL,ID_USUARIO,FLG_VISTO,FECHA_VISTO,ID_USUARIO_VISTO,DESCRIPCION,ID_ESTADO_NOTIFICACION,ID_USUARIO_REMITENTE) values ('991','364','2','3',to_date('12/03/20','DD/MM/RR'),'1','105','0',null,null,'Su iniciativa fue revisada y aprobada','3','104');
Insert into MRVMM.T_GENM_NOTIFICACION (ID_NOTIFICACION,ID_INICIATIVA,ID_ETAPA,ID_ESTADO,FECHA_REGISTRO,ID_ROL,ID_USUARIO,FLG_VISTO,FECHA_VISTO,ID_USUARIO_VISTO,DESCRIPCION,ID_ESTADO_NOTIFICACION,ID_USUARIO_REMITENTE) values ('992','363','2','3',to_date('12/03/20','DD/MM/RR'),'1','105','0',null,null,'Su iniciativa fue revisada y aprobada','3','104');
Insert into MRVMM.T_GENM_NOTIFICACION (ID_NOTIFICACION,ID_INICIATIVA,ID_ETAPA,ID_ESTADO,FECHA_REGISTRO,ID_ROL,ID_USUARIO,FLG_VISTO,FECHA_VISTO,ID_USUARIO_VISTO,DESCRIPCION,ID_ESTADO_NOTIFICACION,ID_USUARIO_REMITENTE) values ('993','392','3','1',to_date('12/03/20','DD/MM/RR'),'2','241','0',null,null,'El usuario de la entidad Informatica el Corte Ingles S.A.C.ha registrado el/los detalle(s) de la Iniciativa (RER Conectado Region Lima), en espera de su revisión','0','105');
Insert into MRVMM.T_GENM_NOTIFICACION (ID_NOTIFICACION,ID_INICIATIVA,ID_ETAPA,ID_ESTADO,FECHA_REGISTRO,ID_ROL,ID_USUARIO,FLG_VISTO,FECHA_VISTO,ID_USUARIO_VISTO,DESCRIPCION,ID_ESTADO_NOTIFICACION,ID_USUARIO_REMITENTE) values ('995','390','1','1',to_date('12/03/20','DD/MM/RR'),'2','104','0',null,null,'La iniciativa de la entidad Informatica el Corte Ingles S.A.C. ha sido registrado correctamente y requiere su revisión','0','105');
Insert into MRVMM.T_GENM_NOTIFICACION (ID_NOTIFICACION,ID_INICIATIVA,ID_ETAPA,ID_ESTADO,FECHA_REGISTRO,ID_ROL,ID_USUARIO,FLG_VISTO,FECHA_VISTO,ID_USUARIO_VISTO,DESCRIPCION,ID_ESTADO_NOTIFICACION,ID_USUARIO_REMITENTE) values ('996','389','1','1',to_date('12/03/20','DD/MM/RR'),'2','104','0',null,null,'La iniciativa de la entidad Informatica el Corte Ingles S.A.C. ha sido registrado correctamente y requiere su revisión','0','105');
Insert into MRVMM.T_GENM_NOTIFICACION (ID_NOTIFICACION,ID_INICIATIVA,ID_ETAPA,ID_ESTADO,FECHA_REGISTRO,ID_ROL,ID_USUARIO,FLG_VISTO,FECHA_VISTO,ID_USUARIO_VISTO,DESCRIPCION,ID_ESTADO_NOTIFICACION,ID_USUARIO_REMITENTE) values ('997','392','4','3',to_date('12/03/20','DD/MM/RR'),'1','105','0',null,null,'Los detalles de indicadores de su iniciativa fueron revisadas y aprobadas','3','81');
Insert into MRVMM.T_GENM_NOTIFICACION (ID_NOTIFICACION,ID_INICIATIVA,ID_ETAPA,ID_ESTADO,FECHA_REGISTRO,ID_ROL,ID_USUARIO,FLG_VISTO,FECHA_VISTO,ID_USUARIO_VISTO,DESCRIPCION,ID_ESTADO_NOTIFICACION,ID_USUARIO_REMITENTE) values ('998','392','5','1',to_date('12/03/20','DD/MM/RR'),'3','261','0',null,null,'La iniciativa y el detalle de indicadores de la entidad Informatica el Corte Ingles S.A.C. fueron revisadas y aprobadas, y estan a la espera de su revisión','0','81');
Insert into MRVMM.T_GENM_NOTIFICACION (ID_NOTIFICACION,ID_INICIATIVA,ID_ETAPA,ID_ESTADO,FECHA_REGISTRO,ID_ROL,ID_USUARIO,FLG_VISTO,FECHA_VISTO,ID_USUARIO_VISTO,DESCRIPCION,ID_ESTADO_NOTIFICACION,ID_USUARIO_REMITENTE) values ('999','343','4','3',to_date('12/03/20','DD/MM/RR'),'1','105','0',null,null,'Los detalles de indicadores de su iniciativa fueron revisadas y aprobadas','3','81');
Insert into MRVMM.T_GENM_NOTIFICACION (ID_NOTIFICACION,ID_INICIATIVA,ID_ETAPA,ID_ESTADO,FECHA_REGISTRO,ID_ROL,ID_USUARIO,FLG_VISTO,FECHA_VISTO,ID_USUARIO_VISTO,DESCRIPCION,ID_ESTADO_NOTIFICACION,ID_USUARIO_REMITENTE) values ('1000','343','5','1',to_date('12/03/20','DD/MM/RR'),'3','261','0',null,null,'La iniciativa y el detalle de indicadores de la entidad Informatica el Corte Ingles S.A.C. fueron revisadas y aprobadas, y estan a la espera de su revisión','0','81');
Insert into MRVMM.T_GENM_NOTIFICACION (ID_NOTIFICACION,ID_INICIATIVA,ID_ETAPA,ID_ESTADO,FECHA_REGISTRO,ID_ROL,ID_USUARIO,FLG_VISTO,FECHA_VISTO,ID_USUARIO_VISTO,DESCRIPCION,ID_ESTADO_NOTIFICACION,ID_USUARIO_REMITENTE) values ('1001','390','2','3',to_date('12/03/20','DD/MM/RR'),'1','105','0',null,null,'Su iniciativa fue revisada y aprobada','3','81');
Insert into MRVMM.T_GENM_NOTIFICACION (ID_NOTIFICACION,ID_INICIATIVA,ID_ETAPA,ID_ESTADO,FECHA_REGISTRO,ID_ROL,ID_USUARIO,FLG_VISTO,FECHA_VISTO,ID_USUARIO_VISTO,DESCRIPCION,ID_ESTADO_NOTIFICACION,ID_USUARIO_REMITENTE) values ('1002','389','2','3',to_date('12/03/20','DD/MM/RR'),'1','105','0',null,null,'Su iniciativa fue revisada y aprobada','3','81');
Insert into MRVMM.T_GENM_NOTIFICACION (ID_NOTIFICACION,ID_INICIATIVA,ID_ETAPA,ID_ESTADO,FECHA_REGISTRO,ID_ROL,ID_USUARIO,FLG_VISTO,FECHA_VISTO,ID_USUARIO_VISTO,DESCRIPCION,ID_ESTADO_NOTIFICACION,ID_USUARIO_REMITENTE) values ('1005','542','2','3',to_date('12/03/20','DD/MM/RR'),'1','105','0',null,null,'Su iniciativa fue revisada y aprobada','3','81');
Insert into MRVMM.T_GENM_NOTIFICACION (ID_NOTIFICACION,ID_INICIATIVA,ID_ETAPA,ID_ESTADO,FECHA_REGISTRO,ID_ROL,ID_USUARIO,FLG_VISTO,FECHA_VISTO,ID_USUARIO_VISTO,DESCRIPCION,ID_ESTADO_NOTIFICACION,ID_USUARIO_REMITENTE) values ('1006','541','2','3',to_date('12/03/20','DD/MM/RR'),'1','105','0',null,null,'Su iniciativa fue revisada y aprobada','3','81');
Insert into MRVMM.T_GENM_NOTIFICACION (ID_NOTIFICACION,ID_INICIATIVA,ID_ETAPA,ID_ESTADO,FECHA_REGISTRO,ID_ROL,ID_USUARIO,FLG_VISTO,FECHA_VISTO,ID_USUARIO_VISTO,DESCRIPCION,ID_ESTADO_NOTIFICACION,ID_USUARIO_REMITENTE) values ('1007','542','3','1',to_date('12/03/20','DD/MM/RR'),'2','104','0',null,null,'El usuario de la entidad Informatica el Corte Ingles S.A.C.ha registrado el/los detalle(s) de la Iniciativa (Autos polarizados Chinos), en espera de su revisión','0','105');
Insert into MRVMM.T_GENM_NOTIFICACION (ID_NOTIFICACION,ID_INICIATIVA,ID_ETAPA,ID_ESTADO,FECHA_REGISTRO,ID_ROL,ID_USUARIO,FLG_VISTO,FECHA_VISTO,ID_USUARIO_VISTO,DESCRIPCION,ID_ESTADO_NOTIFICACION,ID_USUARIO_REMITENTE) values ('1008','541','3','1',to_date('12/03/20','DD/MM/RR'),'2','104','0',null,null,'El usuario de la entidad Informatica el Corte Ingles S.A.C.ha registrado el/los detalle(s) de la Iniciativa (Camionetas Hibridas Polarizadas), en espera de su revisión','0','105');
Insert into MRVMM.T_GENM_NOTIFICACION (ID_NOTIFICACION,ID_INICIATIVA,ID_ETAPA,ID_ESTADO,FECHA_REGISTRO,ID_ROL,ID_USUARIO,FLG_VISTO,FECHA_VISTO,ID_USUARIO_VISTO,DESCRIPCION,ID_ESTADO_NOTIFICACION,ID_USUARIO_REMITENTE) values ('1009','542','4','3',to_date('12/03/20','DD/MM/RR'),'1','105','0',null,null,'Los detalles de indicadores de su iniciativa fueron revisadas y aprobadas','3','81');
Insert into MRVMM.T_GENM_NOTIFICACION (ID_NOTIFICACION,ID_INICIATIVA,ID_ETAPA,ID_ESTADO,FECHA_REGISTRO,ID_ROL,ID_USUARIO,FLG_VISTO,FECHA_VISTO,ID_USUARIO_VISTO,DESCRIPCION,ID_ESTADO_NOTIFICACION,ID_USUARIO_REMITENTE) values ('1010','542','5','1',to_date('12/03/20','DD/MM/RR'),'3','261','0',null,null,'La iniciativa y el detalle de indicadores de la entidad Informatica el Corte Ingles S.A.C. fueron revisadas y aprobadas, y estan a la espera de su revisión','0','81');
Insert into MRVMM.T_GENM_NOTIFICACION (ID_NOTIFICACION,ID_INICIATIVA,ID_ETAPA,ID_ESTADO,FECHA_REGISTRO,ID_ROL,ID_USUARIO,FLG_VISTO,FECHA_VISTO,ID_USUARIO_VISTO,DESCRIPCION,ID_ESTADO_NOTIFICACION,ID_USUARIO_REMITENTE) values ('1013','485','3','1',to_date('12/03/20','DD/MM/RR'),'2','104','0',null,null,'El usuario de la entidad Informatica el Corte Ingles S.A.C.ha registrado el/los detalle(s) de la Iniciativa (Flota 2001 autos), en espera de su revisión','0','105');
Insert into MRVMM.T_GENM_NOTIFICACION (ID_NOTIFICACION,ID_INICIATIVA,ID_ETAPA,ID_ESTADO,FECHA_REGISTRO,ID_ROL,ID_USUARIO,FLG_VISTO,FECHA_VISTO,ID_USUARIO_VISTO,DESCRIPCION,ID_ESTADO_NOTIFICACION,ID_USUARIO_REMITENTE) values ('1014','485','3','2',to_date('12/03/20','DD/MM/RR'),'1','104','0',null,null,'Corregir los detalles','1','81');
Insert into MRVMM.T_GENM_NOTIFICACION (ID_NOTIFICACION,ID_INICIATIVA,ID_ETAPA,ID_ESTADO,FECHA_REGISTRO,ID_ROL,ID_USUARIO,FLG_VISTO,FECHA_VISTO,ID_USUARIO_VISTO,DESCRIPCION,ID_ESTADO_NOTIFICACION,ID_USUARIO_REMITENTE) values ('1072','562','3','2',to_date('14/03/20','DD/MM/RR'),'1','104','0',null,null,'no estamos','1','104');
Insert into MRVMM.T_GENM_NOTIFICACION (ID_NOTIFICACION,ID_INICIATIVA,ID_ETAPA,ID_ESTADO,FECHA_REGISTRO,ID_ROL,ID_USUARIO,FLG_VISTO,FECHA_VISTO,ID_USUARIO_VISTO,DESCRIPCION,ID_ESTADO_NOTIFICACION,ID_USUARIO_REMITENTE) values ('1125','581','2','3',to_date('17/03/20','DD/MM/RR'),'1','105','0',null,null,'Su iniciativa fue revisada y aprobada','3','81');
Insert into MRVMM.T_GENM_NOTIFICACION (ID_NOTIFICACION,ID_INICIATIVA,ID_ETAPA,ID_ESTADO,FECHA_REGISTRO,ID_ROL,ID_USUARIO,FLG_VISTO,FECHA_VISTO,ID_USUARIO_VISTO,DESCRIPCION,ID_ESTADO_NOTIFICACION,ID_USUARIO_REMITENTE) values ('1155','587','1','2',to_date('20/03/20','DD/MM/RR'),'1','281','0',null,null,'Describir','1','104');
Insert into MRVMM.T_GENM_NOTIFICACION (ID_NOTIFICACION,ID_INICIATIVA,ID_ETAPA,ID_ESTADO,FECHA_REGISTRO,ID_ROL,ID_USUARIO,FLG_VISTO,FECHA_VISTO,ID_USUARIO_VISTO,DESCRIPCION,ID_ESTADO_NOTIFICACION,ID_USUARIO_REMITENTE) values ('1021','543','1','1',to_date('12/03/20','DD/MM/RR'),'2','0','0',null,null,'La iniciativa de la entidad Informatica el Corte Ingles S.A.C. ha sido registrado correctamente y requiere su revisión','0','105');
Insert into MRVMM.T_GENM_NOTIFICACION (ID_NOTIFICACION,ID_INICIATIVA,ID_ETAPA,ID_ESTADO,FECHA_REGISTRO,ID_ROL,ID_USUARIO,FLG_VISTO,FECHA_VISTO,ID_USUARIO_VISTO,DESCRIPCION,ID_ESTADO_NOTIFICACION,ID_USUARIO_REMITENTE) values ('1022','543','1','1',to_date('12/03/20','DD/MM/RR'),'2','0','0',null,null,'La iniciativa de la entidad Informatica el Corte Ingles S.A.C. ha sido registrado correctamente y requiere su revisión','0','105');
Insert into MRVMM.T_GENM_NOTIFICACION (ID_NOTIFICACION,ID_INICIATIVA,ID_ETAPA,ID_ESTADO,FECHA_REGISTRO,ID_ROL,ID_USUARIO,FLG_VISTO,FECHA_VISTO,ID_USUARIO_VISTO,DESCRIPCION,ID_ESTADO_NOTIFICACION,ID_USUARIO_REMITENTE) values ('1023','543','1','1',to_date('12/03/20','DD/MM/RR'),'2','0','0',null,null,'La iniciativa de la entidad Informatica el Corte Ingles S.A.C. ha sido registrado correctamente y requiere su revisión','0','105');
Insert into MRVMM.T_GENM_NOTIFICACION (ID_NOTIFICACION,ID_INICIATIVA,ID_ETAPA,ID_ESTADO,FECHA_REGISTRO,ID_ROL,ID_USUARIO,FLG_VISTO,FECHA_VISTO,ID_USUARIO_VISTO,DESCRIPCION,ID_ESTADO_NOTIFICACION,ID_USUARIO_REMITENTE) values ('1024','543','1','1',to_date('12/03/20','DD/MM/RR'),'2','0','0',null,null,'La iniciativa de la entidad Informatica el Corte Ingles S.A.C. ha sido registrado correctamente y requiere su revisión','0','105');
Insert into MRVMM.T_GENM_NOTIFICACION (ID_NOTIFICACION,ID_INICIATIVA,ID_ETAPA,ID_ESTADO,FECHA_REGISTRO,ID_ROL,ID_USUARIO,FLG_VISTO,FECHA_VISTO,ID_USUARIO_VISTO,DESCRIPCION,ID_ESTADO_NOTIFICACION,ID_USUARIO_REMITENTE) values ('1020','543','1','1',to_date('12/03/20','DD/MM/RR'),'2','0','0',null,null,'La iniciativa de la entidad Informatica el Corte Ingles S.A.C. ha sido registrado correctamente y requiere su revisión','0','105');
Insert into MRVMM.T_GENM_NOTIFICACION (ID_NOTIFICACION,ID_INICIATIVA,ID_ETAPA,ID_ESTADO,FECHA_REGISTRO,ID_ROL,ID_USUARIO,FLG_VISTO,FECHA_VISTO,ID_USUARIO_VISTO,DESCRIPCION,ID_ESTADO_NOTIFICACION,ID_USUARIO_REMITENTE) values ('1026','543','1','1',to_date('12/03/20','DD/MM/RR'),'2','0','0',null,null,'La iniciativa de la entidad Informatica el Corte Ingles S.A.C. ha sido registrado correctamente y requiere su revisión','0','105');
Insert into MRVMM.T_GENM_NOTIFICACION (ID_NOTIFICACION,ID_INICIATIVA,ID_ETAPA,ID_ESTADO,FECHA_REGISTRO,ID_ROL,ID_USUARIO,FLG_VISTO,FECHA_VISTO,ID_USUARIO_VISTO,DESCRIPCION,ID_ESTADO_NOTIFICACION,ID_USUARIO_REMITENTE) values ('1027','544','1','2',to_date('12/03/20','DD/MM/RR'),'1','105','0',null,null,'No esta correcto el detalle','1','104');
Insert into MRVMM.T_GENM_NOTIFICACION (ID_NOTIFICACION,ID_INICIATIVA,ID_ETAPA,ID_ESTADO,FECHA_REGISTRO,ID_ROL,ID_USUARIO,FLG_VISTO,FECHA_VISTO,ID_USUARIO_VISTO,DESCRIPCION,ID_ESTADO_NOTIFICACION,ID_USUARIO_REMITENTE) values ('1028','543','1','1',to_date('12/03/20','DD/MM/RR'),'2','0','0',null,null,'La iniciativa de la entidad Informatica el Corte Ingles S.A.C. ha sido registrado correctamente y requiere su revisión','0','105');
Insert into MRVMM.T_GENM_NOTIFICACION (ID_NOTIFICACION,ID_INICIATIVA,ID_ETAPA,ID_ESTADO,FECHA_REGISTRO,ID_ROL,ID_USUARIO,FLG_VISTO,FECHA_VISTO,ID_USUARIO_VISTO,DESCRIPCION,ID_ESTADO_NOTIFICACION,ID_USUARIO_REMITENTE) values ('1097','370','3','1',to_date('14/03/20','DD/MM/RR'),'2','0','0',null,null,'El usuario de la entidad Informatica el Corte Ingles S.A.C.ha registrado el/los detalle(s) de la Iniciativa (Medida que abarca toda instalación de generación eléctrica), en espera de su revisión','0','105');
Insert into MRVMM.T_GENM_NOTIFICACION (ID_NOTIFICACION,ID_INICIATIVA,ID_ETAPA,ID_ESTADO,FECHA_REGISTRO,ID_ROL,ID_USUARIO,FLG_VISTO,FECHA_VISTO,ID_USUARIO_VISTO,DESCRIPCION,ID_ESTADO_NOTIFICACION,ID_USUARIO_REMITENTE) values ('1066','429','7','3',to_date('14/03/20','DD/MM/RR'),'4','122','0',null,null,'Los detalles de indicadores y la iniciativa fueron revisados y aprobadas por el Verificador Externo','3','123');
Insert into MRVMM.T_GENM_NOTIFICACION (ID_NOTIFICACION,ID_INICIATIVA,ID_ETAPA,ID_ESTADO,FECHA_REGISTRO,ID_ROL,ID_USUARIO,FLG_VISTO,FECHA_VISTO,ID_USUARIO_VISTO,DESCRIPCION,ID_ESTADO_NOTIFICACION,ID_USUARIO_REMITENTE) values ('1067','562','1','1',to_date('14/03/20','DD/MM/RR'),'2','104','0',null,null,'La iniciativa de la entidad Informatica el Corte Ingles S.A.C. ha sido registrado correctamente y requiere su revisión','0','105');
Insert into MRVMM.T_GENM_NOTIFICACION (ID_NOTIFICACION,ID_INICIATIVA,ID_ETAPA,ID_ESTADO,FECHA_REGISTRO,ID_ROL,ID_USUARIO,FLG_VISTO,FECHA_VISTO,ID_USUARIO_VISTO,DESCRIPCION,ID_ESTADO_NOTIFICACION,ID_USUARIO_REMITENTE) values ('1069','562','1','5',to_date('14/03/20','DD/MM/RR'),'2','104','0',null,null,'La iniciativa de la entidad Informatica el Corte Ingles S.A.C. ha sido subsanado correctamente y requiere su revisión','0','105');
Insert into MRVMM.T_GENM_NOTIFICACION (ID_NOTIFICACION,ID_INICIATIVA,ID_ETAPA,ID_ESTADO,FECHA_REGISTRO,ID_ROL,ID_USUARIO,FLG_VISTO,FECHA_VISTO,ID_USUARIO_VISTO,DESCRIPCION,ID_ESTADO_NOTIFICACION,ID_USUARIO_REMITENTE) values ('1071','562','3','1',to_date('14/03/20','DD/MM/RR'),'2','104','0',null,null,'El usuario de la entidad Informatica el Corte Ingles S.A.C.ha registrado el/los detalle(s) de la Iniciativa (Buses y carros de prueba electricos), en espera de su revisión','0','105');
Insert into MRVMM.T_GENM_NOTIFICACION (ID_NOTIFICACION,ID_INICIATIVA,ID_ETAPA,ID_ESTADO,FECHA_REGISTRO,ID_ROL,ID_USUARIO,FLG_VISTO,FECHA_VISTO,ID_USUARIO_VISTO,DESCRIPCION,ID_ESTADO_NOTIFICACION,ID_USUARIO_REMITENTE) values ('1085','563','3','1',to_date('14/03/20','DD/MM/RR'),'2','124','0',null,null,'El usuario de la entidad Informatica el Corte Ingles S.A.C.ha registrado el/los detalle(s) de la Iniciativa (Cocina a electricidad 10), en espera de su revisión','0','105');
Insert into MRVMM.T_GENM_NOTIFICACION (ID_NOTIFICACION,ID_INICIATIVA,ID_ETAPA,ID_ESTADO,FECHA_REGISTRO,ID_ROL,ID_USUARIO,FLG_VISTO,FECHA_VISTO,ID_USUARIO_VISTO,DESCRIPCION,ID_ESTADO_NOTIFICACION,ID_USUARIO_REMITENTE) values ('1089','567','1','1',to_date('14/03/20','DD/MM/RR'),'2','104','0',null,null,'La iniciativa de la entidad Informatica el Corte Ingles S.A.C. ha sido registrado correctamente y requiere su revisión','0','105');
Insert into MRVMM.T_GENM_NOTIFICACION (ID_NOTIFICACION,ID_INICIATIVA,ID_ETAPA,ID_ESTADO,FECHA_REGISTRO,ID_ROL,ID_USUARIO,FLG_VISTO,FECHA_VISTO,ID_USUARIO_VISTO,DESCRIPCION,ID_ESTADO_NOTIFICACION,ID_USUARIO_REMITENTE) values ('1093','374','3','1',to_date('14/03/20','DD/MM/RR'),'2','105','0',null,null,'La entidad Informatica el Corte Ingles S.A.C. ha corregido el detalle de indicadores correctamente y requiere su revisión','0','104');
Insert into MRVMM.T_GENM_NOTIFICACION (ID_NOTIFICACION,ID_INICIATIVA,ID_ETAPA,ID_ESTADO,FECHA_REGISTRO,ID_ROL,ID_USUARIO,FLG_VISTO,FECHA_VISTO,ID_USUARIO_VISTO,DESCRIPCION,ID_ESTADO_NOTIFICACION,ID_USUARIO_REMITENTE) values ('1094','568','3','1',to_date('14/03/20','DD/MM/RR'),'2','124','0',null,null,'El usuario de la entidad Informatica el Corte Ingles S.A.C.ha registrado el/los detalle(s) de la Iniciativa (Cocinas hirviendo), en espera de su revisión','0','105');
Insert into MRVMM.T_GENM_NOTIFICACION (ID_NOTIFICACION,ID_INICIATIVA,ID_ETAPA,ID_ESTADO,FECHA_REGISTRO,ID_ROL,ID_USUARIO,FLG_VISTO,FECHA_VISTO,ID_USUARIO_VISTO,DESCRIPCION,ID_ESTADO_NOTIFICACION,ID_USUARIO_REMITENTE) values ('1095','568','3','1',to_date('14/03/20','DD/MM/RR'),'2','124','0',null,null,'El usuario de la entidad Informatica el Corte Ingles S.A.C.ha registrado el/los detalle(s) de la Iniciativa (Cocinas hirviendo), en espera de su revisión','0','105');
Insert into MRVMM.T_GENM_NOTIFICACION (ID_NOTIFICACION,ID_INICIATIVA,ID_ETAPA,ID_ESTADO,FECHA_REGISTRO,ID_ROL,ID_USUARIO,FLG_VISTO,FECHA_VISTO,ID_USUARIO_VISTO,DESCRIPCION,ID_ESTADO_NOTIFICACION,ID_USUARIO_REMITENTE) values ('1096','374','3','1',to_date('14/03/20','DD/MM/RR'),'2','105','0',null,null,'La entidad Informatica el Corte Ingles S.A.C. ha corregido el detalle de indicadores correctamente y requiere su revisión','0','104');
Insert into MRVMM.T_GENM_NOTIFICACION (ID_NOTIFICACION,ID_INICIATIVA,ID_ETAPA,ID_ESTADO,FECHA_REGISTRO,ID_ROL,ID_USUARIO,FLG_VISTO,FECHA_VISTO,ID_USUARIO_VISTO,DESCRIPCION,ID_ESTADO_NOTIFICACION,ID_USUARIO_REMITENTE) values ('1098','568','4','3',to_date('14/03/20','DD/MM/RR'),'1','105','0',null,null,'Los detalles de indicadores de su iniciativa fueron revisadas y aprobadas','3','81');
Insert into MRVMM.T_GENM_NOTIFICACION (ID_NOTIFICACION,ID_INICIATIVA,ID_ETAPA,ID_ESTADO,FECHA_REGISTRO,ID_ROL,ID_USUARIO,FLG_VISTO,FECHA_VISTO,ID_USUARIO_VISTO,DESCRIPCION,ID_ESTADO_NOTIFICACION,ID_USUARIO_REMITENTE) values ('1099','568','5','1',to_date('14/03/20','DD/MM/RR'),'3','261','0',null,null,'La iniciativa y el detalle de indicadores de la entidad Informatica el Corte Ingles S.A.C. fueron revisadas y aprobadas, y estan a la espera de su revisión','0','81');
Insert into MRVMM.T_GENM_NOTIFICACION (ID_NOTIFICACION,ID_INICIATIVA,ID_ETAPA,ID_ESTADO,FECHA_REGISTRO,ID_ROL,ID_USUARIO,FLG_VISTO,FECHA_VISTO,ID_USUARIO_VISTO,DESCRIPCION,ID_ESTADO_NOTIFICACION,ID_USUARIO_REMITENTE) values ('1100','568','4','3',to_date('14/03/20','DD/MM/RR'),'1','105','0',null,null,'Los detalles de indicadores de su iniciativa fueron revisadas y aprobadas','3','81');
Insert into MRVMM.T_GENM_NOTIFICACION (ID_NOTIFICACION,ID_INICIATIVA,ID_ETAPA,ID_ESTADO,FECHA_REGISTRO,ID_ROL,ID_USUARIO,FLG_VISTO,FECHA_VISTO,ID_USUARIO_VISTO,DESCRIPCION,ID_ESTADO_NOTIFICACION,ID_USUARIO_REMITENTE) values ('1101','568','5','1',to_date('14/03/20','DD/MM/RR'),'3','261','0',null,null,'La iniciativa y el detalle de indicadores de la entidad Informatica el Corte Ingles S.A.C. fueron revisadas y aprobadas, y estan a la espera de su revisión','0','81');
Insert into MRVMM.T_GENM_NOTIFICACION (ID_NOTIFICACION,ID_INICIATIVA,ID_ETAPA,ID_ESTADO,FECHA_REGISTRO,ID_ROL,ID_USUARIO,FLG_VISTO,FECHA_VISTO,ID_USUARIO_VISTO,DESCRIPCION,ID_ESTADO_NOTIFICACION,ID_USUARIO_REMITENTE) values ('1103','569','1','1',to_date('14/03/20','DD/MM/RR'),'2','104','0',null,null,'La iniciativa de la entidad Informatica el Corte Ingles S.A.C. ha sido registrado correctamente y requiere su revisión','0','105');
Insert into MRVMM.T_GENM_NOTIFICACION (ID_NOTIFICACION,ID_INICIATIVA,ID_ETAPA,ID_ESTADO,FECHA_REGISTRO,ID_ROL,ID_USUARIO,FLG_VISTO,FECHA_VISTO,ID_USUARIO_VISTO,DESCRIPCION,ID_ESTADO_NOTIFICACION,ID_USUARIO_REMITENTE) values ('1104','569','2','3',to_date('14/03/20','DD/MM/RR'),'1','105','0',null,null,'Su iniciativa fue revisada y aprobada','3','104');
Insert into MRVMM.T_GENM_NOTIFICACION (ID_NOTIFICACION,ID_INICIATIVA,ID_ETAPA,ID_ESTADO,FECHA_REGISTRO,ID_ROL,ID_USUARIO,FLG_VISTO,FECHA_VISTO,ID_USUARIO_VISTO,DESCRIPCION,ID_ESTADO_NOTIFICACION,ID_USUARIO_REMITENTE) values ('1117','581','1','1',to_date('17/03/20','DD/MM/RR'),'2','124','0',null,null,'La iniciativa de la entidad Informatica el Corte Ingles S.A.C. ha sido registrado correctamente y requiere su revisión','0','105');
Insert into MRVMM.T_GENM_NOTIFICACION (ID_NOTIFICACION,ID_INICIATIVA,ID_ETAPA,ID_ESTADO,FECHA_REGISTRO,ID_ROL,ID_USUARIO,FLG_VISTO,FECHA_VISTO,ID_USUARIO_VISTO,DESCRIPCION,ID_ESTADO_NOTIFICACION,ID_USUARIO_REMITENTE) values ('1127','583','3','1',to_date('17/03/20','DD/MM/RR'),'2','104','0',null,null,'El usuario de la entidad Asociación privada Carabaylloha registrado el/los detalle(s) de la Iniciativa (Buses  de 5M azules), en espera de su revisión','0','281');
Insert into MRVMM.T_GENM_NOTIFICACION (ID_NOTIFICACION,ID_INICIATIVA,ID_ETAPA,ID_ESTADO,FECHA_REGISTRO,ID_ROL,ID_USUARIO,FLG_VISTO,FECHA_VISTO,ID_USUARIO_VISTO,DESCRIPCION,ID_ESTADO_NOTIFICACION,ID_USUARIO_REMITENTE) values ('1137','584','3','1',to_date('18/03/20','DD/MM/RR'),'2','0','0',null,null,'El usuario de la entidad Asociación privada Carabaylloha registrado el/los detalle(s) de la Iniciativa (Cambio de luces LED de colores), en espera de su revisión','0','281');
Insert into MRVMM.T_GENM_NOTIFICACION (ID_NOTIFICACION,ID_INICIATIVA,ID_ETAPA,ID_ESTADO,FECHA_REGISTRO,ID_ROL,ID_USUARIO,FLG_VISTO,FECHA_VISTO,ID_USUARIO_VISTO,DESCRIPCION,ID_ESTADO_NOTIFICACION,ID_USUARIO_REMITENTE) values ('1140','584','5','3',to_date('18/03/20','DD/MM/RR'),'2','0','0',null,null,'Los detalles de indicadores y la iniciativa fueron revisados y aprobadas por el Administrador MINEM','3','22');
Insert into MRVMM.T_GENM_NOTIFICACION (ID_NOTIFICACION,ID_INICIATIVA,ID_ETAPA,ID_ESTADO,FECHA_REGISTRO,ID_ROL,ID_USUARIO,FLG_VISTO,FECHA_VISTO,ID_USUARIO_VISTO,DESCRIPCION,ID_ESTADO_NOTIFICACION,ID_USUARIO_REMITENTE) values ('1148','585','4','3',to_date('19/03/20','DD/MM/RR'),'1','281','0',null,null,'Los detalles de indicadores de su iniciativa fueron revisadas y aprobadas','3','104');
Insert into MRVMM.T_GENM_NOTIFICACION (ID_NOTIFICACION,ID_INICIATIVA,ID_ETAPA,ID_ESTADO,FECHA_REGISTRO,ID_ROL,ID_USUARIO,FLG_VISTO,FECHA_VISTO,ID_USUARIO_VISTO,DESCRIPCION,ID_ESTADO_NOTIFICACION,ID_USUARIO_REMITENTE) values ('1149','585','5','1',to_date('19/03/20','DD/MM/RR'),'3','261','0',null,null,'La iniciativa y el detalle de indicadores de la entidad Asociación privada Carabayllo fueron revisadas y aprobadas, y estan a la espera de su revisión','0','104');
Insert into MRVMM.T_GENM_NOTIFICACION (ID_NOTIFICACION,ID_INICIATIVA,ID_ETAPA,ID_ESTADO,FECHA_REGISTRO,ID_ROL,ID_USUARIO,FLG_VISTO,FECHA_VISTO,ID_USUARIO_VISTO,DESCRIPCION,ID_ESTADO_NOTIFICACION,ID_USUARIO_REMITENTE) values ('1151','586','3','1',to_date('19/03/20','DD/MM/RR'),'2','0','0',null,null,'El usuario de la entidad Asociación privada Carabaylloha registrado el/los detalle(s) de la Iniciativa (Cambio de luces del poste público), en espera de su revisión','0','281');
Insert into MRVMM.T_GENM_NOTIFICACION (ID_NOTIFICACION,ID_INICIATIVA,ID_ETAPA,ID_ESTADO,FECHA_REGISTRO,ID_ROL,ID_USUARIO,FLG_VISTO,FECHA_VISTO,ID_USUARIO_VISTO,DESCRIPCION,ID_ESTADO_NOTIFICACION,ID_USUARIO_REMITENTE) values ('1154','587','1','1',to_date('20/03/20','DD/MM/RR'),'2','104','0',null,null,'La iniciativa de la entidad Asociación privada Carabayllo ha sido registrado correctamente y requiere su revisión','0','281');
Insert into MRVMM.T_GENM_NOTIFICACION (ID_NOTIFICACION,ID_INICIATIVA,ID_ETAPA,ID_ESTADO,FECHA_REGISTRO,ID_ROL,ID_USUARIO,FLG_VISTO,FECHA_VISTO,ID_USUARIO_VISTO,DESCRIPCION,ID_ESTADO_NOTIFICACION,ID_USUARIO_REMITENTE) values ('1156','587','1','5',to_date('20/03/20','DD/MM/RR'),'2','104','0',null,null,'La iniciativa de la entidad Asociación privada Carabayllo ha sido subsanado correctamente y requiere su revisión','0','281');
Insert into MRVMM.T_GENM_NOTIFICACION (ID_NOTIFICACION,ID_INICIATIVA,ID_ETAPA,ID_ESTADO,FECHA_REGISTRO,ID_ROL,ID_USUARIO,FLG_VISTO,FECHA_VISTO,ID_USUARIO_VISTO,DESCRIPCION,ID_ESTADO_NOTIFICACION,ID_USUARIO_REMITENTE) values ('1158','587','3','1',to_date('20/03/20','DD/MM/RR'),'2','104','0',null,null,'El usuario de la entidad Asociación privada Carabaylloha registrado el/los detalle(s) de la Iniciativa (Buses naranjas de 12 M ), en espera de su revisión','0','281');
Insert into MRVMM.T_GENM_NOTIFICACION (ID_NOTIFICACION,ID_INICIATIVA,ID_ETAPA,ID_ESTADO,FECHA_REGISTRO,ID_ROL,ID_USUARIO,FLG_VISTO,FECHA_VISTO,ID_USUARIO_VISTO,DESCRIPCION,ID_ESTADO_NOTIFICACION,ID_USUARIO_REMITENTE) values ('1159','587','4','3',to_date('20/03/20','DD/MM/RR'),'1','281','0',null,null,'Los detalles de indicadores de su iniciativa fueron revisadas y aprobadas','3','104');
Insert into MRVMM.T_GENM_NOTIFICACION (ID_NOTIFICACION,ID_INICIATIVA,ID_ETAPA,ID_ESTADO,FECHA_REGISTRO,ID_ROL,ID_USUARIO,FLG_VISTO,FECHA_VISTO,ID_USUARIO_VISTO,DESCRIPCION,ID_ESTADO_NOTIFICACION,ID_USUARIO_REMITENTE) values ('1160','587','5','1',to_date('20/03/20','DD/MM/RR'),'3','261','0',null,null,'La iniciativa y el detalle de indicadores de la entidad Asociación privada Carabayllo fueron revisadas y aprobadas, y estan a la espera de su revisión','0','104');
Insert into MRVMM.T_GENM_NOTIFICACION (ID_NOTIFICACION,ID_INICIATIVA,ID_ETAPA,ID_ESTADO,FECHA_REGISTRO,ID_ROL,ID_USUARIO,FLG_VISTO,FECHA_VISTO,ID_USUARIO_VISTO,DESCRIPCION,ID_ESTADO_NOTIFICACION,ID_USUARIO_REMITENTE) values ('1161','587','4','2',to_date('20/03/20','DD/MM/RR'),'2','104','0',null,null,'corregigeir','1','22');
Insert into MRVMM.T_GENM_NOTIFICACION (ID_NOTIFICACION,ID_INICIATIVA,ID_ETAPA,ID_ESTADO,FECHA_REGISTRO,ID_ROL,ID_USUARIO,FLG_VISTO,FECHA_VISTO,ID_USUARIO_VISTO,DESCRIPCION,ID_ESTADO_NOTIFICACION,ID_USUARIO_REMITENTE) values ('1162','587','3','2',to_date('20/03/20','DD/MM/RR'),'1','104','0',null,null,'observado','1','104');
Insert into MRVMM.T_GENM_NOTIFICACION (ID_NOTIFICACION,ID_INICIATIVA,ID_ETAPA,ID_ESTADO,FECHA_REGISTRO,ID_ROL,ID_USUARIO,FLG_VISTO,FECHA_VISTO,ID_USUARIO_VISTO,DESCRIPCION,ID_ESTADO_NOTIFICACION,ID_USUARIO_REMITENTE) values ('1163','587','3','1',to_date('20/03/20','DD/MM/RR'),'2','281','0',null,null,'La entidad Asociación privada Carabayllo ha corregido el detalle de indicadores correctamente y requiere su revisión','0','104');
Insert into MRVMM.T_GENM_NOTIFICACION (ID_NOTIFICACION,ID_INICIATIVA,ID_ETAPA,ID_ESTADO,FECHA_REGISTRO,ID_ROL,ID_USUARIO,FLG_VISTO,FECHA_VISTO,ID_USUARIO_VISTO,DESCRIPCION,ID_ESTADO_NOTIFICACION,ID_USUARIO_REMITENTE) values ('1164','587','4','3',to_date('20/03/20','DD/MM/RR'),'1','281','0',null,null,'Los detalles de indicadores de su iniciativa fueron revisadas y aprobadas','3','104');
Insert into MRVMM.T_GENM_NOTIFICACION (ID_NOTIFICACION,ID_INICIATIVA,ID_ETAPA,ID_ESTADO,FECHA_REGISTRO,ID_ROL,ID_USUARIO,FLG_VISTO,FECHA_VISTO,ID_USUARIO_VISTO,DESCRIPCION,ID_ESTADO_NOTIFICACION,ID_USUARIO_REMITENTE) values ('1165','587','5','1',to_date('20/03/20','DD/MM/RR'),'3','261','0',null,null,'La iniciativa y el detalle de indicadores de la entidad Asociación privada Carabayllo fueron revisadas y aprobadas, y estan a la espera de su revisión','0','104');
Insert into MRVMM.T_GENM_NOTIFICACION (ID_NOTIFICACION,ID_INICIATIVA,ID_ETAPA,ID_ESTADO,FECHA_REGISTRO,ID_ROL,ID_USUARIO,FLG_VISTO,FECHA_VISTO,ID_USUARIO_VISTO,DESCRIPCION,ID_ESTADO_NOTIFICACION,ID_USUARIO_REMITENTE) values ('1166','587','5','3',to_date('20/03/20','DD/MM/RR'),'2','104','0',null,null,'Los detalles de indicadores y la iniciativa fueron revisados y aprobadas por el Administrador MINEM','3','22');
Insert into MRVMM.T_GENM_NOTIFICACION (ID_NOTIFICACION,ID_INICIATIVA,ID_ETAPA,ID_ESTADO,FECHA_REGISTRO,ID_ROL,ID_USUARIO,FLG_VISTO,FECHA_VISTO,ID_USUARIO_VISTO,DESCRIPCION,ID_ESTADO_NOTIFICACION,ID_USUARIO_REMITENTE) values ('1168','561','1','2',to_date('20/03/20','DD/MM/RR'),'1','182','0',null,null,'ya pues anotar bien el nombre','1','104');
Insert into MRVMM.T_GENM_NOTIFICACION (ID_NOTIFICACION,ID_INICIATIVA,ID_ETAPA,ID_ESTADO,FECHA_REGISTRO,ID_ROL,ID_USUARIO,FLG_VISTO,FECHA_VISTO,ID_USUARIO_VISTO,DESCRIPCION,ID_ESTADO_NOTIFICACION,ID_USUARIO_REMITENTE) values ('1174','586','5','3',to_date('20/03/20','DD/MM/RR'),'2','0','0',null,null,'Los detalles de indicadores y la iniciativa fueron revisados y aprobadas por el Administrador MINEM','3','22');
Insert into MRVMM.T_GENM_NOTIFICACION (ID_NOTIFICACION,ID_INICIATIVA,ID_ETAPA,ID_ESTADO,FECHA_REGISTRO,ID_ROL,ID_USUARIO,FLG_VISTO,FECHA_VISTO,ID_USUARIO_VISTO,DESCRIPCION,ID_ESTADO_NOTIFICACION,ID_USUARIO_REMITENTE) values ('1175','585','5','3',to_date('20/03/20','DD/MM/RR'),'2','104','0',null,null,'Los detalles de indicadores y la iniciativa fueron revisados y aprobadas por el Administrador MINEM','3','22');
Insert into MRVMM.T_GENM_NOTIFICACION (ID_NOTIFICACION,ID_INICIATIVA,ID_ETAPA,ID_ESTADO,FECHA_REGISTRO,ID_ROL,ID_USUARIO,FLG_VISTO,FECHA_VISTO,ID_USUARIO_VISTO,DESCRIPCION,ID_ESTADO_NOTIFICACION,ID_USUARIO_REMITENTE) values ('1176','588','5','3',to_date('21/03/20','DD/MM/RR'),'2','104','0',null,null,'Los detalles de indicadores y la iniciativa fueron revisados y aprobadas por el Administrador MINEM','3','22');
Insert into MRVMM.T_GENM_NOTIFICACION (ID_NOTIFICACION,ID_INICIATIVA,ID_ETAPA,ID_ESTADO,FECHA_REGISTRO,ID_ROL,ID_USUARIO,FLG_VISTO,FECHA_VISTO,ID_USUARIO_VISTO,DESCRIPCION,ID_ESTADO_NOTIFICACION,ID_USUARIO_REMITENTE) values ('1065','453','7','3',to_date('14/03/20','DD/MM/RR'),'4','122','0',null,null,'Los detalles de indicadores y la iniciativa fueron revisados y aprobadas por el Verificador Externo','3','123');
Insert into MRVMM.T_GENM_NOTIFICACION (ID_NOTIFICACION,ID_INICIATIVA,ID_ETAPA,ID_ESTADO,FECHA_REGISTRO,ID_ROL,ID_USUARIO,FLG_VISTO,FECHA_VISTO,ID_USUARIO_VISTO,DESCRIPCION,ID_ESTADO_NOTIFICACION,ID_USUARIO_REMITENTE) values ('1044','423','5','3',to_date('13/03/20','DD/MM/RR'),'2','104','0',null,null,'Los detalles de indicadores y la iniciativa fueron revisados y aprobadas por el Administrador MINEM','3','22');
Insert into MRVMM.T_GENM_NOTIFICACION (ID_NOTIFICACION,ID_INICIATIVA,ID_ETAPA,ID_ESTADO,FECHA_REGISTRO,ID_ROL,ID_USUARIO,FLG_VISTO,FECHA_VISTO,ID_USUARIO_VISTO,DESCRIPCION,ID_ESTADO_NOTIFICACION,ID_USUARIO_REMITENTE) values ('1119','583','1','1',to_date('17/03/20','DD/MM/RR'),'2','104','0',null,null,'La iniciativa de la entidad Asociación privada Carabayllo ha sido registrado correctamente y requiere su revisión','0','281');
Insert into MRVMM.T_GENM_NOTIFICACION (ID_NOTIFICACION,ID_INICIATIVA,ID_ETAPA,ID_ESTADO,FECHA_REGISTRO,ID_ROL,ID_USUARIO,FLG_VISTO,FECHA_VISTO,ID_USUARIO_VISTO,DESCRIPCION,ID_ESTADO_NOTIFICACION,ID_USUARIO_REMITENTE) values ('1120','583','1','2',to_date('17/03/20','DD/MM/RR'),'1','281','0',null,null,'Describir razón','1','104');
Insert into MRVMM.T_GENM_NOTIFICACION (ID_NOTIFICACION,ID_INICIATIVA,ID_ETAPA,ID_ESTADO,FECHA_REGISTRO,ID_ROL,ID_USUARIO,FLG_VISTO,FECHA_VISTO,ID_USUARIO_VISTO,DESCRIPCION,ID_ESTADO_NOTIFICACION,ID_USUARIO_REMITENTE) values ('1121','583','1','5',to_date('17/03/20','DD/MM/RR'),'2','104','0',null,null,'La iniciativa de la entidad Asociación privada Carabayllo ha sido subsanado correctamente y requiere su revisión','0','281');
Insert into MRVMM.T_GENM_NOTIFICACION (ID_NOTIFICACION,ID_INICIATIVA,ID_ETAPA,ID_ESTADO,FECHA_REGISTRO,ID_ROL,ID_USUARIO,FLG_VISTO,FECHA_VISTO,ID_USUARIO_VISTO,DESCRIPCION,ID_ESTADO_NOTIFICACION,ID_USUARIO_REMITENTE) values ('1122','583','1','2',to_date('17/03/20','DD/MM/RR'),'1','281','0',null,null,'ya esta bien ','1','104');
Insert into MRVMM.T_GENM_NOTIFICACION (ID_NOTIFICACION,ID_INICIATIVA,ID_ETAPA,ID_ESTADO,FECHA_REGISTRO,ID_ROL,ID_USUARIO,FLG_VISTO,FECHA_VISTO,ID_USUARIO_VISTO,DESCRIPCION,ID_ESTADO_NOTIFICACION,ID_USUARIO_REMITENTE) values ('1123','583','1','5',to_date('17/03/20','DD/MM/RR'),'2','104','0',null,null,'La iniciativa de la entidad Asociación privada Carabayllo ha sido subsanado correctamente y requiere su revisión','0','281');
Insert into MRVMM.T_GENM_NOTIFICACION (ID_NOTIFICACION,ID_INICIATIVA,ID_ETAPA,ID_ESTADO,FECHA_REGISTRO,ID_ROL,ID_USUARIO,FLG_VISTO,FECHA_VISTO,ID_USUARIO_VISTO,DESCRIPCION,ID_ESTADO_NOTIFICACION,ID_USUARIO_REMITENTE) values ('1124','582','1','2',to_date('17/03/20','DD/MM/RR'),'1','105','0',null,null,'aaaa','1','81');
Insert into MRVMM.T_GENM_NOTIFICACION (ID_NOTIFICACION,ID_INICIATIVA,ID_ETAPA,ID_ESTADO,FECHA_REGISTRO,ID_ROL,ID_USUARIO,FLG_VISTO,FECHA_VISTO,ID_USUARIO_VISTO,DESCRIPCION,ID_ESTADO_NOTIFICACION,ID_USUARIO_REMITENTE) values ('1126','583','2','3',to_date('17/03/20','DD/MM/RR'),'1','281','0',null,null,'Su iniciativa fue revisada y aprobada','3','104');
Insert into MRVMM.T_GENM_NOTIFICACION (ID_NOTIFICACION,ID_INICIATIVA,ID_ETAPA,ID_ESTADO,FECHA_REGISTRO,ID_ROL,ID_USUARIO,FLG_VISTO,FECHA_VISTO,ID_USUARIO_VISTO,DESCRIPCION,ID_ESTADO_NOTIFICACION,ID_USUARIO_REMITENTE) values ('1130','583','5','3',to_date('17/03/20','DD/MM/RR'),'2','104','0',null,null,'Los detalles de indicadores y la iniciativa fueron revisados y aprobadas por el Administrador MINEM','3','22');
Insert into MRVMM.T_GENM_NOTIFICACION (ID_NOTIFICACION,ID_INICIATIVA,ID_ETAPA,ID_ESTADO,FECHA_REGISTRO,ID_ROL,ID_USUARIO,FLG_VISTO,FECHA_VISTO,ID_USUARIO_VISTO,DESCRIPCION,ID_ESTADO_NOTIFICACION,ID_USUARIO_REMITENTE) values ('1131','568','5','3',to_date('17/03/20','DD/MM/RR'),'2','124','0',null,null,'Los detalles de indicadores y la iniciativa fueron revisados y aprobadas por el Administrador MINEM','3','22');
Insert into MRVMM.T_GENM_NOTIFICACION (ID_NOTIFICACION,ID_INICIATIVA,ID_ETAPA,ID_ESTADO,FECHA_REGISTRO,ID_ROL,ID_USUARIO,FLG_VISTO,FECHA_VISTO,ID_USUARIO_VISTO,DESCRIPCION,ID_ESTADO_NOTIFICACION,ID_USUARIO_REMITENTE) values ('1132','583','8','2',to_date('17/03/20','DD/MM/RR'),'4','122','0',null,null,'no esta bien ','1','123');
Insert into MRVMM.T_GENM_NOTIFICACION (ID_NOTIFICACION,ID_INICIATIVA,ID_ETAPA,ID_ESTADO,FECHA_REGISTRO,ID_ROL,ID_USUARIO,FLG_VISTO,FECHA_VISTO,ID_USUARIO_VISTO,DESCRIPCION,ID_ESTADO_NOTIFICACION,ID_USUARIO_REMITENTE) values ('1133','583','5','3',to_date('17/03/20','DD/MM/RR'),'2','104','0',null,null,'Los detalles de indicadores y la iniciativa fueron revisados y aprobadas por el Administrador MINEM','3','22');
Insert into MRVMM.T_GENM_NOTIFICACION (ID_NOTIFICACION,ID_INICIATIVA,ID_ETAPA,ID_ESTADO,FECHA_REGISTRO,ID_ROL,ID_USUARIO,FLG_VISTO,FECHA_VISTO,ID_USUARIO_VISTO,DESCRIPCION,ID_ESTADO_NOTIFICACION,ID_USUARIO_REMITENTE) values ('1135','584','1','1',to_date('18/03/20','DD/MM/RR'),'2','0','0',null,null,'La iniciativa de la entidad Asociación privada Carabayllo ha sido registrado correctamente y requiere su revisión','0','281');
Insert into MRVMM.T_GENM_NOTIFICACION (ID_NOTIFICACION,ID_INICIATIVA,ID_ETAPA,ID_ESTADO,FECHA_REGISTRO,ID_ROL,ID_USUARIO,FLG_VISTO,FECHA_VISTO,ID_USUARIO_VISTO,DESCRIPCION,ID_ESTADO_NOTIFICACION,ID_USUARIO_REMITENTE) values ('1061','421','7','3',to_date('14/03/20','DD/MM/RR'),'4','122','0',null,null,'Los detalles de indicadores y la iniciativa fueron revisados y aprobadas por el Verificador Externo','3','123');
Insert into MRVMM.T_GENM_NOTIFICACION (ID_NOTIFICACION,ID_INICIATIVA,ID_ETAPA,ID_ESTADO,FECHA_REGISTRO,ID_ROL,ID_USUARIO,FLG_VISTO,FECHA_VISTO,ID_USUARIO_VISTO,DESCRIPCION,ID_ESTADO_NOTIFICACION,ID_USUARIO_REMITENTE) values ('1063','561','1','1',to_date('14/03/20','DD/MM/RR'),'2','104','0',null,null,'La iniciativa de la entidad SLIPKNOT SAC ha sido registrado correctamente y requiere su revisión','0','182');
Insert into MRVMM.T_GENM_NOTIFICACION (ID_NOTIFICACION,ID_INICIATIVA,ID_ETAPA,ID_ESTADO,FECHA_REGISTRO,ID_ROL,ID_USUARIO,FLG_VISTO,FECHA_VISTO,ID_USUARIO_VISTO,DESCRIPCION,ID_ESTADO_NOTIFICACION,ID_USUARIO_REMITENTE) values ('1141','565','4','3',to_date('18/03/20','DD/MM/RR'),'1','105','0',null,null,'Los detalles de indicadores de su iniciativa fueron revisadas y aprobadas','3','104');
Insert into MRVMM.T_GENM_NOTIFICACION (ID_NOTIFICACION,ID_INICIATIVA,ID_ETAPA,ID_ESTADO,FECHA_REGISTRO,ID_ROL,ID_USUARIO,FLG_VISTO,FECHA_VISTO,ID_USUARIO_VISTO,DESCRIPCION,ID_ESTADO_NOTIFICACION,ID_USUARIO_REMITENTE) values ('1142','565','5','1',to_date('18/03/20','DD/MM/RR'),'3','261','0',null,null,'La iniciativa y el detalle de indicadores de la entidad Informatica el Corte Ingles S.A.C. fueron revisadas y aprobadas, y estan a la espera de su revisión','0','104');
REM INSERTING into MRVMM.T_GENM_USUARIO
SET DEFINE OFF;
Insert into MRVMM.T_GENM_USUARIO (ID_USUARIO,NOMBRES_USUARIO,APELLIDOS_USUARIO,ID_INSTITUCION,PASSWORD_USUARIO,EMAIL_USUARIO,ID_ESTADO_USUARIO,TELEFONO_USUARIO,CELULAR_USUARIO,FLG_ESTADO,ID_TERMINOS,FLG_TERMINOS,ANEXO_USUARIO,PRIMER_INICIO,ADJUNTO,ADJUNTO_BASE) values ('260','Mario               ','Perez Segovia','321','AKApq6a/oiectSid/Cymscsle/cR9J9+7T4agsALjeNsnHE7l9xJpRgiM7YepNkAwQ==','jskmbr46@gmail.com','2','76876','2313','1','1','1','8789','0',null,null);
Insert into MRVMM.T_GENM_USUARIO (ID_USUARIO,NOMBRES_USUARIO,APELLIDOS_USUARIO,ID_INSTITUCION,PASSWORD_USUARIO,EMAIL_USUARIO,ID_ESTADO_USUARIO,TELEFONO_USUARIO,CELULAR_USUARIO,FLG_ESTADO,ID_TERMINOS,FLG_TERMINOS,ANEXO_USUARIO,PRIMER_INICIO,ADJUNTO,ADJUNTO_BASE) values ('280','Manuel Gerardo      ','Oroya','341','AEbKnn9Gufv6C/patHz9c3xiVPOnKGfY9R1yyhSoB9K3JDzXMmKJsd/rgCVaxVPN9w==','colegioimperio30@gmail.com','0','7654321','985678543','1','1','1','1234','1',null,null);
Insert into MRVMM.T_GENM_USUARIO (ID_USUARIO,NOMBRES_USUARIO,APELLIDOS_USUARIO,ID_INSTITUCION,PASSWORD_USUARIO,EMAIL_USUARIO,ID_ESTADO_USUARIO,TELEFONO_USUARIO,CELULAR_USUARIO,FLG_ESTADO,ID_TERMINOS,FLG_TERMINOS,ANEXO_USUARIO,PRIMER_INICIO,ADJUNTO,ADJUNTO_BASE) values ('261','Manuel              ','Solar','322','ALg80Mel7V9ftREvP5wq4bugPOAmCk3zV2sZGnqCjJhU/Y67kMDj8gN76RjpEd16sQ==','manuel.1990@gmail.com','1','8908688','1199920','1','1','1','102','0',null,null);
Insert into MRVMM.T_GENM_USUARIO (ID_USUARIO,NOMBRES_USUARIO,APELLIDOS_USUARIO,ID_INSTITUCION,PASSWORD_USUARIO,EMAIL_USUARIO,ID_ESTADO_USUARIO,TELEFONO_USUARIO,CELULAR_USUARIO,FLG_ESTADO,ID_TERMINOS,FLG_TERMINOS,ANEXO_USUARIO,PRIMER_INICIO,ADJUNTO,ADJUNTO_BASE) values ('241','Mario               ','Velazquez Horna','302','AIyG4QXGkyWtzfZ9NhqIQqJlBKMnhRkrr/ONY9AjlbLeeXFdkQXXIeQx/7OXsqGHrg==','Mario@gmail.com','1','015350959','97864567','1','1','1','5687','0',null,null);
Insert into MRVMM.T_GENM_USUARIO (ID_USUARIO,NOMBRES_USUARIO,APELLIDOS_USUARIO,ID_INSTITUCION,PASSWORD_USUARIO,EMAIL_USUARIO,ID_ESTADO_USUARIO,TELEFONO_USUARIO,CELULAR_USUARIO,FLG_ESTADO,ID_TERMINOS,FLG_TERMINOS,ANEXO_USUARIO,PRIMER_INICIO,ADJUNTO,ADJUNTO_BASE) values ('200','maycol              ','zambrano','281','AK6/N7RQH5kHaUb1RDlVFzBkupiWnfger8B3053UodvdNnMdZqCWYcQs17U2i9Cujw==','maycol.zambrano.2020@grupo-zuniga.com','1','987654321','9889898989','1','1','1','987','1',null,null);
Insert into MRVMM.T_GENM_USUARIO (ID_USUARIO,NOMBRES_USUARIO,APELLIDOS_USUARIO,ID_INSTITUCION,PASSWORD_USUARIO,EMAIL_USUARIO,ID_ESTADO_USUARIO,TELEFONO_USUARIO,CELULAR_USUARIO,FLG_ESTADO,ID_TERMINOS,FLG_TERMINOS,ANEXO_USUARIO,PRIMER_INICIO,ADJUNTO,ADJUNTO_BASE) values ('121','Maycol              ','Zambrano','222','AK6/N7RQH5kHaUb1RDlVFzBkupiWnfger8B3053UodvdNnMdZqCWYcQs17U2i9Cujw==','maycol.zambrano.x@grupo-zuniga.com','1','7654321','987654321','1','1','1','6543','0',null,null);
Insert into MRVMM.T_GENM_USUARIO (ID_USUARIO,NOMBRES_USUARIO,APELLIDOS_USUARIO,ID_INSTITUCION,PASSWORD_USUARIO,EMAIL_USUARIO,ID_ESTADO_USUARIO,TELEFONO_USUARIO,CELULAR_USUARIO,FLG_ESTADO,ID_TERMINOS,FLG_TERMINOS,ANEXO_USUARIO,PRIMER_INICIO,ADJUNTO,ADJUNTO_BASE) values ('123','Pedro               ','Renteros','224','AK6/N7RQH5kHaUb1RDlVFzBkupiWnfger8B3053UodvdNnMdZqCWYcQs17U2i9Cujw==','pedro@grupo-zuniga.com','1','56787787','99658758','1','1','1','101',null,null,null);
Insert into MRVMM.T_GENM_USUARIO (ID_USUARIO,NOMBRES_USUARIO,APELLIDOS_USUARIO,ID_INSTITUCION,PASSWORD_USUARIO,EMAIL_USUARIO,ID_ESTADO_USUARIO,TELEFONO_USUARIO,CELULAR_USUARIO,FLG_ESTADO,ID_TERMINOS,FLG_TERMINOS,ANEXO_USUARIO,PRIMER_INICIO,ADJUNTO,ADJUNTO_BASE) values ('122','Juan                ','Soto','223','AK6/N7RQH5kHaUb1RDlVFzBkupiWnfger8B3053UodvdNnMdZqCWYcQs17U2i9Cujw==','juan@grupo-zuniga.com','1','993578700','99357865','1','1','1','101',null,null,null);
Insert into MRVMM.T_GENM_USUARIO (ID_USUARIO,NOMBRES_USUARIO,APELLIDOS_USUARIO,ID_INSTITUCION,PASSWORD_USUARIO,EMAIL_USUARIO,ID_ESTADO_USUARIO,TELEFONO_USUARIO,CELULAR_USUARIO,FLG_ESTADO,ID_TERMINOS,FLG_TERMINOS,ANEXO_USUARIO,PRIMER_INICIO,ADJUNTO,ADJUNTO_BASE) values ('180','Pedro               ','Infante Moral','266','AK6/N7RQH5kHaUb1RDlVFzBkupiWnfger8B3053UodvdNnMdZqCWYcQs17U2i9Cujw==','pedroinfante@gmail.com','1',null,'982345678','1','1','1',null,'0','3939bcec-e06c-49c9-90c3-3dbf67a7f21c.pdf','modelo-declaracion-jurada.pdf');
Insert into MRVMM.T_GENM_USUARIO (ID_USUARIO,NOMBRES_USUARIO,APELLIDOS_USUARIO,ID_INSTITUCION,PASSWORD_USUARIO,EMAIL_USUARIO,ID_ESTADO_USUARIO,TELEFONO_USUARIO,CELULAR_USUARIO,FLG_ESTADO,ID_TERMINOS,FLG_TERMINOS,ANEXO_USUARIO,PRIMER_INICIO,ADJUNTO,ADJUNTO_BASE) values ('124','Maycol              ','Zambrano','225','AK6/N7RQH5kHaUb1RDlVFzBkupiWnfger8B3053UodvdNnMdZqCWYcQs17U2i9Cujw==','maycol630@gmail.com','1','987654321','7654321','1','1','1','6543',null,null,null);
Insert into MRVMM.T_GENM_USUARIO (ID_USUARIO,NOMBRES_USUARIO,APELLIDOS_USUARIO,ID_INSTITUCION,PASSWORD_USUARIO,EMAIL_USUARIO,ID_ESTADO_USUARIO,TELEFONO_USUARIO,CELULAR_USUARIO,FLG_ESTADO,ID_TERMINOS,FLG_TERMINOS,ANEXO_USUARIO,PRIMER_INICIO,ADJUNTO,ADJUNTO_BASE) values ('104','Alfredo             ','Trelles Jimenez','190','AK6/N7RQH5kHaUb1RDlVFzBkupiWnfger8B3053UodvdNnMdZqCWYcQs17U2i9Cujw==','alfredotrelles97@gmail.com','1','1234567','984390531','1','1','1','1234',null,null,null);
Insert into MRVMM.T_GENM_USUARIO (ID_USUARIO,NOMBRES_USUARIO,APELLIDOS_USUARIO,ID_INSTITUCION,PASSWORD_USUARIO,EMAIL_USUARIO,ID_ESTADO_USUARIO,TELEFONO_USUARIO,CELULAR_USUARIO,FLG_ESTADO,ID_TERMINOS,FLG_TERMINOS,ANEXO_USUARIO,PRIMER_INICIO,ADJUNTO,ADJUNTO_BASE) values ('103','Eduardo             ','Ch. G.','189','AK6/N7RQH5kHaUb1RDlVFzBkupiWnfger8B3053UodvdNnMdZqCWYcQs17U2i9Cujw==','echapi@gmail.com','1','41536845','987456321','1','1','1',null,'0',null,null);
Insert into MRVMM.T_GENM_USUARIO (ID_USUARIO,NOMBRES_USUARIO,APELLIDOS_USUARIO,ID_INSTITUCION,PASSWORD_USUARIO,EMAIL_USUARIO,ID_ESTADO_USUARIO,TELEFONO_USUARIO,CELULAR_USUARIO,FLG_ESTADO,ID_TERMINOS,FLG_TERMINOS,ANEXO_USUARIO,PRIMER_INICIO,ADJUNTO,ADJUNTO_BASE) values ('221','Juan Eduardo        ','Mendez Mariños','283','AK6/N7RQH5kHaUb1RDlVFzBkupiWnfger8B3053UodvdNnMdZqCWYcQs17U2i9Cujw==','grupozu31@gmail.com','0',null,'984567893','1','1','1',null,'0',null,null);
Insert into MRVMM.T_GENM_USUARIO (ID_USUARIO,NOMBRES_USUARIO,APELLIDOS_USUARIO,ID_INSTITUCION,PASSWORD_USUARIO,EMAIL_USUARIO,ID_ESTADO_USUARIO,TELEFONO_USUARIO,CELULAR_USUARIO,FLG_ESTADO,ID_TERMINOS,FLG_TERMINOS,ANEXO_USUARIO,PRIMER_INICIO,ADJUNTO,ADJUNTO_BASE) values ('105','Anibal              ','Roman','201','AK6/N7RQH5kHaUb1RDlVFzBkupiWnfger8B3053UodvdNnMdZqCWYcQs17U2i9Cujw==','anibal.roman@gmail.com','1','993578700','963353610','1','1','1','101','0',null,null);
Insert into MRVMM.T_GENM_USUARIO (ID_USUARIO,NOMBRES_USUARIO,APELLIDOS_USUARIO,ID_INSTITUCION,PASSWORD_USUARIO,EMAIL_USUARIO,ID_ESTADO_USUARIO,TELEFONO_USUARIO,CELULAR_USUARIO,FLG_ESTADO,ID_TERMINOS,FLG_TERMINOS,ANEXO_USUARIO,PRIMER_INICIO,ADJUNTO,ADJUNTO_BASE) values ('102','Juan                ','Soto','188','AK6/N7RQH5kHaUb1RDlVFzBkupiWnfger8B3053UodvdNnMdZqCWYcQs17U2i9Cujw==','juancarlossotoc1990@gmail.com','1','7894534','906745129','1','1','1','100','0','0900_09000_0000.pdf','DECLARACION_M.pdf');
Insert into MRVMM.T_GENM_USUARIO (ID_USUARIO,NOMBRES_USUARIO,APELLIDOS_USUARIO,ID_INSTITUCION,PASSWORD_USUARIO,EMAIL_USUARIO,ID_ESTADO_USUARIO,TELEFONO_USUARIO,CELULAR_USUARIO,FLG_ESTADO,ID_TERMINOS,FLG_TERMINOS,ANEXO_USUARIO,PRIMER_INICIO,ADJUNTO,ADJUNTO_BASE) values ('22','Carlos              ','Galdos','42','AK6/N7RQH5kHaUb1RDlVFzBkupiWnfger8B3053UodvdNnMdZqCWYcQs17U2i9Cujw==','carlos@grupo-zuniga.com','1','8976665','990765476','1','1','1',null,null,null,null);
Insert into MRVMM.T_GENM_USUARIO (ID_USUARIO,NOMBRES_USUARIO,APELLIDOS_USUARIO,ID_INSTITUCION,PASSWORD_USUARIO,EMAIL_USUARIO,ID_ESTADO_USUARIO,TELEFONO_USUARIO,CELULAR_USUARIO,FLG_ESTADO,ID_TERMINOS,FLG_TERMINOS,ANEXO_USUARIO,PRIMER_INICIO,ADJUNTO,ADJUNTO_BASE) values ('81','Alfonso             ','Cordova','42','AK6/N7RQH5kHaUb1RDlVFzBkupiWnfger8B3053UodvdNnMdZqCWYcQs17U2i9Cujw==','alfonso@grupo-zuniga.com','1','93578701','965488888','1','1','1','565601',null,null,null);
Insert into MRVMM.T_GENM_USUARIO (ID_USUARIO,NOMBRES_USUARIO,APELLIDOS_USUARIO,ID_INSTITUCION,PASSWORD_USUARIO,EMAIL_USUARIO,ID_ESTADO_USUARIO,TELEFONO_USUARIO,CELULAR_USUARIO,FLG_ESTADO,ID_TERMINOS,FLG_TERMINOS,ANEXO_USUARIO,PRIMER_INICIO,ADJUNTO,ADJUNTO_BASE) values ('181','Maycol              ','Zambrano','267','AK6/N7RQH5kHaUb1RDlVFzBkupiWnfger8B3053UodvdNnMdZqCWYcQs17U2i9Cujw==','maycol.zambrano.0@grupo-zuniga.com','1',null,'987654321','1','1','1','121212','0',null,null);
Insert into MRVMM.T_GENM_USUARIO (ID_USUARIO,NOMBRES_USUARIO,APELLIDOS_USUARIO,ID_INSTITUCION,PASSWORD_USUARIO,EMAIL_USUARIO,ID_ESTADO_USUARIO,TELEFONO_USUARIO,CELULAR_USUARIO,FLG_ESTADO,ID_TERMINOS,FLG_TERMINOS,ANEXO_USUARIO,PRIMER_INICIO,ADJUNTO,ADJUNTO_BASE) values ('182','Maycol              ','Zambrano','268','AK6/N7RQH5kHaUb1RDlVFzBkupiWnfger8B3053UodvdNnMdZqCWYcQs17U2i9Cujw==','maycol.zambrano@grupo-zuniga.com','1',null,'987654321','1','1','1',null,'0','4107d3a8-7cd4-4189-9a3b-8e7e9a87ef09.pdf','modelo-declaracion-jurada (3).pdf');
Insert into MRVMM.T_GENM_USUARIO (ID_USUARIO,NOMBRES_USUARIO,APELLIDOS_USUARIO,ID_INSTITUCION,PASSWORD_USUARIO,EMAIL_USUARIO,ID_ESTADO_USUARIO,TELEFONO_USUARIO,CELULAR_USUARIO,FLG_ESTADO,ID_TERMINOS,FLG_TERMINOS,ANEXO_USUARIO,PRIMER_INICIO,ADJUNTO,ADJUNTO_BASE) values ('240','Raul                ','Mendez Mariños','301','AMhX6qjOcfpqU6StEtEYRU02KiBNrI4fgKXj9ezZro6hYCCZHms/OH4mzHhvNRX5oQ==','Portal@gmail.com','1',null,'987654321','1','1','1',null,'1',null,null);
Insert into MRVMM.T_GENM_USUARIO (ID_USUARIO,NOMBRES_USUARIO,APELLIDOS_USUARIO,ID_INSTITUCION,PASSWORD_USUARIO,EMAIL_USUARIO,ID_ESTADO_USUARIO,TELEFONO_USUARIO,CELULAR_USUARIO,FLG_ESTADO,ID_TERMINOS,FLG_TERMINOS,ANEXO_USUARIO,PRIMER_INICIO,ADJUNTO,ADJUNTO_BASE) values ('220','Dostin              ','Hurtado Lorenzo','282','AK6/N7RQH5kHaUb1RDlVFzBkupiWnfger8B3053UodvdNnMdZqCWYcQs17U2i9Cujw==','justinT@gmail.com','2',null,'987654321','1','1','1',null,'0',null,null);
Insert into MRVMM.T_GENM_USUARIO (ID_USUARIO,NOMBRES_USUARIO,APELLIDOS_USUARIO,ID_INSTITUCION,PASSWORD_USUARIO,EMAIL_USUARIO,ID_ESTADO_USUARIO,TELEFONO_USUARIO,CELULAR_USUARIO,FLG_ESTADO,ID_TERMINOS,FLG_TERMINOS,ANEXO_USUARIO,PRIMER_INICIO,ADJUNTO,ADJUNTO_BASE) values ('281','Maria               ','Penamito vitamina','342','ALl+yaKqQrZ7cszQoyWAIwsy/Lqh3pBcl6j+DfuV0pUKnif3vR64+XsOZANFX8VqcQ==','lidino06@gmail.com','1','7353834','984389504','1','1','1','123','0',null,null);
REM INSERTING into MRVMM.T_GENM_VARIABLE
SET DEFINE OFF;
Insert into MRVMM.T_GENM_VARIABLE (ID_VARIABLE,DESCRIPCION,SIGLA) values ('1','Kilometros Recorridos Vehiculo (base)','KRV');
Insert into MRVMM.T_GENM_VARIABLE (ID_VARIABLE,DESCRIPCION,SIGLA) values ('2','Numero de Vehiculos','N');
Insert into MRVMM.T_GENM_VARIABLE (ID_VARIABLE,DESCRIPCION,SIGLA) values ('3','Consumo de Electricidad','E');
REM INSERTING into MRVMM.T_GENM_VARIANTE
SET DEFINE OFF;
Insert into MRVMM.T_GENM_VARIANTE (ID_VARIANTE,DESCRIPCION,SIGLA) values ('1','Tipo de Vehiculos','TipoVeh');
Insert into MRVMM.T_GENM_VARIANTE (ID_VARIANTE,DESCRIPCION,SIGLA) values ('2','Tipo de Combustible','TipoCombus');
Insert into MRVMM.T_GENM_VARIANTE (ID_VARIANTE,DESCRIPCION,SIGLA) values ('3','Año Iniciativa','Anno');
Insert into MRVMM.T_GENM_VARIANTE (ID_VARIANTE,DESCRIPCION,SIGLA) values ('4','Tipo de Vehiculos','Tipo_Vehic');
Insert into MRVMM.T_GENM_VARIANTE (ID_VARIANTE,DESCRIPCION,SIGLA) values ('5','Tipo de Combustible','Tipo_Combus');
Insert into MRVMM.T_GENM_VARIANTE (ID_VARIANTE,DESCRIPCION,SIGLA) values ('6','Año Iniciativa','Año');
REM INSERTING into MRVMM.T_MAE_ANNO
SET DEFINE OFF;
Insert into MRVMM.T_MAE_ANNO (ID_ANNO,DESCRIPCION,FLG_ESTADO) values ('1','2010','1');
Insert into MRVMM.T_MAE_ANNO (ID_ANNO,DESCRIPCION,FLG_ESTADO) values ('2','2011','1');
Insert into MRVMM.T_MAE_ANNO (ID_ANNO,DESCRIPCION,FLG_ESTADO) values ('3','2012','1');
Insert into MRVMM.T_MAE_ANNO (ID_ANNO,DESCRIPCION,FLG_ESTADO) values ('4','2013','1');
Insert into MRVMM.T_MAE_ANNO (ID_ANNO,DESCRIPCION,FLG_ESTADO) values ('5','2014','1');
Insert into MRVMM.T_MAE_ANNO (ID_ANNO,DESCRIPCION,FLG_ESTADO) values ('6','2015','1');
Insert into MRVMM.T_MAE_ANNO (ID_ANNO,DESCRIPCION,FLG_ESTADO) values ('7','2016','1');
Insert into MRVMM.T_MAE_ANNO (ID_ANNO,DESCRIPCION,FLG_ESTADO) values ('8','2017','1');
Insert into MRVMM.T_MAE_ANNO (ID_ANNO,DESCRIPCION,FLG_ESTADO) values ('9','2018','1');
Insert into MRVMM.T_MAE_ANNO (ID_ANNO,DESCRIPCION,FLG_ESTADO) values ('10','2019','1');
Insert into MRVMM.T_MAE_ANNO (ID_ANNO,DESCRIPCION,FLG_ESTADO) values ('11','2020','1');
Insert into MRVMM.T_MAE_ANNO (ID_ANNO,DESCRIPCION,FLG_ESTADO) values ('12','2021','1');
Insert into MRVMM.T_MAE_ANNO (ID_ANNO,DESCRIPCION,FLG_ESTADO) values ('13','2022','1');
REM INSERTING into MRVMM.T_MAE_ENERG
SET DEFINE OFF;
Insert into MRVMM.T_MAE_ENERG (ID_ENERG,DESCRIPCION,FLAG_ESTADO) values ('3','COMBUSTIBLES SOLIDOS',null);
Insert into MRVMM.T_MAE_ENERG (ID_ENERG,DESCRIPCION,FLAG_ESTADO) values ('4','ENERGIA SOLAR',null);
Insert into MRVMM.T_MAE_ENERG (ID_ENERG,DESCRIPCION,FLAG_ESTADO) values ('5','ENERGIA EOLICA',null);
Insert into MRVMM.T_MAE_ENERG (ID_ENERG,DESCRIPCION,FLAG_ESTADO) values ('6','ENERGIA TERMICA',null);
Insert into MRVMM.T_MAE_ENERG (ID_ENERG,DESCRIPCION,FLAG_ESTADO) values ('1','COMBUSTIBLES FOSILES',null);
Insert into MRVMM.T_MAE_ENERG (ID_ENERG,DESCRIPCION,FLAG_ESTADO) values ('2','ELECTRICIDAD',null);
REM INSERTING into MRVMM.T_MAE_ESTADO
SET DEFINE OFF;
Insert into MRVMM.T_MAE_ESTADO (ID_ESTADO,DESCRIPCION) values ('5','CORREGIDO');
Insert into MRVMM.T_MAE_ESTADO (ID_ESTADO,DESCRIPCION) values ('0','AVANCE');
Insert into MRVMM.T_MAE_ESTADO (ID_ESTADO,DESCRIPCION) values ('1','ENVIADO');
Insert into MRVMM.T_MAE_ESTADO (ID_ESTADO,DESCRIPCION) values ('2','OBSERVADO');
Insert into MRVMM.T_MAE_ESTADO (ID_ESTADO,DESCRIPCION) values ('3','APROBADO');
Insert into MRVMM.T_MAE_ESTADO (ID_ESTADO,DESCRIPCION) values ('4','RECHAZADO');
Insert into MRVMM.T_MAE_ESTADO (ID_ESTADO,DESCRIPCION) values ('6','AVANCE EN CORREGIDO');
REM INSERTING into MRVMM.T_MAE_ESTADO_USUARIO
SET DEFINE OFF;
Insert into MRVMM.T_MAE_ESTADO_USUARIO (ID_ESTADO_USUARIO,DESCRIPCION) values ('0','REGISTRADO');
Insert into MRVMM.T_MAE_ESTADO_USUARIO (ID_ESTADO_USUARIO,DESCRIPCION) values ('1','APROBADO');
Insert into MRVMM.T_MAE_ESTADO_USUARIO (ID_ESTADO_USUARIO,DESCRIPCION) values ('2','NO APROBADO');
REM INSERTING into MRVMM.T_MAE_ETAPA
SET DEFINE OFF;
Insert into MRVMM.T_MAE_ETAPA (ID_ETAPA,DESCRIPCION) values ('9','Iniciativa Enviada a Evaluador MINAM');
Insert into MRVMM.T_MAE_ETAPA (ID_ETAPA,DESCRIPCION) values ('10','Iniciativa Enviada a Verificador Externo');
Insert into MRVMM.T_MAE_ETAPA (ID_ETAPA,DESCRIPCION) values ('8','Revisión Iniciativa y Detalle Derivado');
Insert into MRVMM.T_MAE_ETAPA (ID_ETAPA,DESCRIPCION) values ('1','Iniciativa Mitigación');
Insert into MRVMM.T_MAE_ETAPA (ID_ETAPA,DESCRIPCION) values ('2','Revisión de Iniciativa Mitigación');
Insert into MRVMM.T_MAE_ETAPA (ID_ETAPA,DESCRIPCION) values ('3','Detalle de la Iniciativa de Mitigación');
Insert into MRVMM.T_MAE_ETAPA (ID_ETAPA,DESCRIPCION) values ('4','Revisión del Detalle de la Iniciativa de Mitigación');
Insert into MRVMM.T_MAE_ETAPA (ID_ETAPA,DESCRIPCION) values ('5','Revisión de la Iniciativa de Mitigación y su Detalle');
Insert into MRVMM.T_MAE_ETAPA (ID_ETAPA,DESCRIPCION) values ('6','Evaluación de la Iniciativa de Mitigación y su Detalle');
Insert into MRVMM.T_MAE_ETAPA (ID_ETAPA,DESCRIPCION) values ('7','Verificación de la Iniciativa de Mitigación y su Detalle');
REM INSERTING into MRVMM.T_MAE_FAQ
SET DEFINE OFF;
Insert into MRVMM.T_MAE_FAQ (ID_FAQ,ID_MEDMIT,PREGUNTA,RESPUESTA) values ('1',null,'¿Como registro una nueva Iniciativa?','Usted, debera primero Registrarse como usuario de una Institucion');
Insert into MRVMM.T_MAE_FAQ (ID_FAQ,ID_MEDMIT,PREGUNTA,RESPUESTA) values ('2',null,'¿Que significa GEI?','Son las siglas de Gases de Efecto Invernadero');
REM INSERTING into MRVMM.T_MAE_GEI
SET DEFINE OFF;
Insert into MRVMM.T_MAE_GEI (ID_GEI,DESCRIPCION,FLAG_ESTADO,AR2,AR4,AR5,AR6) values ('1','CO2','1','1','1','1','0');
Insert into MRVMM.T_MAE_GEI (ID_GEI,DESCRIPCION,FLAG_ESTADO,AR2,AR4,AR5,AR6) values ('2','CH4','1','21','25','30','0');
Insert into MRVMM.T_MAE_GEI (ID_GEI,DESCRIPCION,FLAG_ESTADO,AR2,AR4,AR5,AR6) values ('3','N2O','1','310','298','265','0');
REM INSERTING into MRVMM.T_MAE_IPCC
SET DEFINE OFF;
Insert into MRVMM.T_MAE_IPCC (ID_IPCC,IPCC,FLAG_ESTADO) values ('1','Energía - Combustión móvil','1');
Insert into MRVMM.T_MAE_IPCC (ID_IPCC,IPCC,FLAG_ESTADO) values ('2','Energía - Combustión estacionaria','1');
REM INSERTING into MRVMM.T_MAE_LISTA
SET DEFINE OFF;
REM INSERTING into MRVMM.T_MAE_MEDMIT
SET DEFINE OFF;
Insert into MRVMM.T_MAE_MEDMIT (ID_MEDMIT,NUMERO_MEDMIT,NOMBRE_MEDMIT,DESCRIPCION_MEDMIT,ID_NAMA,OBJETIVO_MEDMIT,IPSC_MEDMIT,FLAG_ESTADO,GEI_TOTAL,GEI_PUBLICO,GEI_PRIVADO,CANT_TOTAL,CANT_PUBLICO,CANT_PRIVADO,ASOCIADO,ID_IPCC,ADJUNTO,ADJUNTO_BASE) values ('12','PVE','Promoción de vehículos eléctricos - PVE','Medida que propone reemplazar la matriz energética utilizada en el transporte, la cual utiliza predominantemente combustibles fósiles (gasolina, diésel, gas licuado de petróleo y gas natural vehicular), mediante una mayor participación de vehículos eléctricos en el parque vehicular, contribuyendo al cumplimiento del Plan Energético Nacional 2014-2025 y reduciendo las emisiones de gases de efecto invernadero (GEI) gracias al reemplazo o al desplazamiento de vehículos que consumen gasolina o diésel por nuevos vehículos eléctricos. La meta trazada para esta medida de mitigación en una primera etapa se da bajo 2 acciones: i) la introducción de ómnibus eléctricos y ii) introducción de vehículos livianos eléctricos.','4','Reemplazar la matriz energética utilizada de manera predominante en el transporte (gasolina, diésel, GLP, GNV), a vehículos eléctricos. ','Energía - Combustión móvil','1','-2369','-1890','-479','6','4','2','104','1','ico_nama_azul_01.svg','ico_nama_azul_01.svg');
Insert into MRVMM.T_MAE_MEDMIT (ID_MEDMIT,NUMERO_MEDMIT,NOMBRE_MEDMIT,DESCRIPCION_MEDMIT,ID_NAMA,OBJETIVO_MEDMIT,IPSC_MEDMIT,FLAG_ESTADO,GEI_TOTAL,GEI_PUBLICO,GEI_PRIVADO,CANT_TOTAL,CANT_PUBLICO,CANT_PRIVADO,ASOCIADO,ID_IPCC,ADJUNTO,ADJUNTO_BASE) values ('1','EEE','Etiquetado de Eficiencia Energética - EEE','Esta medida propone que los equipos que requieran suministros energéticos incluyan en sus etiquetas, envases, empaques y publicidad, una etiqueta de eficiencia energética a través de la cual el consumidor pueda conocer el consumo de energía y la eficiencia energética del producto para la toma de decisión de consumo, reduciendo así las emisiones de GEI debido a la reducción del consumo de energía asociada a la mejora de eficiencia de los nuevos equipos a ser adquiridos por los consumidores. La medida se enmarca en el Reglamento Técnico sobre el etiquetado de eficiencia energética para equipos energéticos, aprobado mediante Decreto Supremo N°009-2017-EM.','1','Dar cumplimiento al Reglamento Técnico sobre el etiquetado de eficiencia energética para equipos energéticos, aprobado mediante Decreto Supremo N°009-2017-EM. Puede incluir aparatos de refrigeración, calderas, motores eléctricos, lavadoras, secadoras, equipos de aire acondicionado y calentadores de agua. No incluye luminarias. ','Energía - Combustión estacionaria','1','-318','-180','-138','4','2','2','81','2','ico_nama_amarillo_03.svg','ico_nama_amarillo_03.svg');
Insert into MRVMM.T_MAE_MEDMIT (ID_MEDMIT,NUMERO_MEDMIT,NOMBRE_MEDMIT,DESCRIPCION_MEDMIT,ID_NAMA,OBJETIVO_MEDMIT,IPSC_MEDMIT,FLAG_ESTADO,GEI_TOTAL,GEI_PUBLICO,GEI_PRIVADO,CANT_TOTAL,CANT_PUBLICO,CANT_PRIVADO,ASOCIADO,ID_IPCC,ADJUNTO,ADJUNTO_BASE) values ('2','EESI','Eficiencia Energética en el sector industrial - EESI','Esta medida de mitigación, propuesta por el Ministerio de Energía y Minas, propone la implementación de medidas de eficiencia energética en empresas del sector industrial fomentando la competitividad de la economía nacional y reduciendo el impacto ambiental negativo del uso y consumo de los energéticos como la reducción de emisiones de GEI. Esta medida se enmarca en la Ley de Promoción del Uso Eficiente de la Energía, Ley N°27345, y su Reglamento aprobado por Decreto Supremo N°053-2007-EM. Así, se prevé considerar el recambio de motores y calderas, una vez que se viabilice el Fondo de Financiamiento a la Eficiencia Energética (FOFEE)','1','Fomentar la competitividad de la economía nacional y reducir el impacto ambiental negativo del uso y consumo de los energéticos mediante la Ley de Promoción del Uso Eficiente de la Energía  Ley N°27345 y su Reglamento, aprobado por Decreto Supremo N°053-2007-EM.','Energía - Combustión estacionaria','1','-1605','-1200','-405','6','3','3','0','2','ico_nama_amarillo_06.svg','ico_nama_amarillo_06.svg');
Insert into MRVMM.T_MAE_MEDMIT (ID_MEDMIT,NUMERO_MEDMIT,NOMBRE_MEDMIT,DESCRIPCION_MEDMIT,ID_NAMA,OBJETIVO_MEDMIT,IPSC_MEDMIT,FLAG_ESTADO,GEI_TOTAL,GEI_PUBLICO,GEI_PRIVADO,CANT_TOTAL,CANT_PUBLICO,CANT_PRIVADO,ASOCIADO,ID_IPCC,ADJUNTO,ADJUNTO_BASE) values ('3','EESC','Eficiencia energética en el sector comercial - EESC','Medida que propone promover la racionalización del consumo de energía en el sector comercial de servicios.','1','Promover la racionalización del consumo de energía en el sector comercial de servicios, a través de: a) reemplazo de lámparas de baja eficiencia por lámparas LED de 10W y b) instalación de sensores de ocupación hotelera, con el objetivo de controlar las unidades de aire acondicionado.','Energía - Combustión estacionaria','1','-313','-250','-63','9','5','4','0','2','ico_nama_amarillo_07.svg','ico_nama_amarillo_07.svg');
Insert into MRVMM.T_MAE_MEDMIT (ID_MEDMIT,NUMERO_MEDMIT,NOMBRE_MEDMIT,DESCRIPCION_MEDMIT,ID_NAMA,OBJETIVO_MEDMIT,IPSC_MEDMIT,FLAG_ESTADO,GEI_TOTAL,GEI_PUBLICO,GEI_PRIVADO,CANT_TOTAL,CANT_PUBLICO,CANT_PRIVADO,ASOCIADO,ID_IPCC,ADJUNTO,ADJUNTO_BASE) values ('4','AESP','Auditorías energéticas en el sector público - AESP','Medida que propone implementar acciones que contribuyan a reducir el consumo de energía sin que estas acciones afecten la calidad de los servicios prestados y recibidos en las entidades del sector público cuya facturación mensual por consumo de energía eléctrica sea mayor de cuatro (4) unidades impositivas tributarias (UIT), reduciendo así las emisiones de GEI debido a la reducción del consumo energético. Asimismo, prevé que en un futuro las auditorías energéticas puedan desarrollarse para el sector privado, bajo el mecanismo de un fondo de eficiencia energética.','1','Implementar acciones que contribuyan a reducir el consumo de energía sin que estas acciones afecten la calidad de los servicios prestados y recibidos en las entidades del sector público. Incluye todo equipo que consuma electricidad (con y sin fichas de homologación) con excepción de lámparas con fichas.','Energía - Combustión estacionaria','1','-811','-600','-211','6','2','4','0','2','ico_nama_amarillo_04.svg','ico_nama_amarillo_04.svg');
Insert into MRVMM.T_MAE_MEDMIT (ID_MEDMIT,NUMERO_MEDMIT,NOMBRE_MEDMIT,DESCRIPCION_MEDMIT,ID_NAMA,OBJETIVO_MEDMIT,IPSC_MEDMIT,FLAG_ESTADO,GEI_TOTAL,GEI_PUBLICO,GEI_PRIVADO,CANT_TOTAL,CANT_PUBLICO,CANT_PRIVADO,ASOCIADO,ID_IPCC,ADJUNTO,ADJUNTO_BASE) values ('5','IRS','Transformación del mercado de Iluminación en el Sector Residencial - ISR','Medida que promueve la sustitución de lámparas de baja eficiencia por tecnologías más eficientes de iluminación, reduciendo las emisiones de GEI debido al menor uso de energía, y generando la transformación hacia un mercado de iluminación más eficiente, cuyo principal objetivo es promover el uso de lámparas que permitan un uso eficiente de la energía en el país, sin menoscabar la calidad de la iluminación, considerando los beneficios económicos, ambientales y sociales que se tendrían en el país. La medida de mitigación propone dos fases: i) el programa de distribución de un millón y medio de lámparas energéticamente más eficientes a hogares de menores ingresos como meta al 2019, en el marco del Programa Anual de Promociones 2018, aprobado mediante Resolución Ministerial Nº 021-2018-MINEM/DM, de acuerdo a lo establecido en el Plan de Acceso Universal a la Energía 2013-2022, aprobado con Resolución Ministerial Nº 203-2013-MINEM-DM; y ii) la Estrategia de Iluminación del Perú, cuyo objetivo es incrementar la participación de las lámparas eficientes en el mercado de iluminación nacional, reduciendo el consumo de energía y por ende también reduciendo las emisiones de gases de efecto invernadero (como el CO2).','1','Promover el uso de lámparas que permitan un uso eficiente de la energía en el país, sin menoscabar la calidad de la iluminación, considerando los beneficios económicos, ambientales y sociales que se tendrían en el país. Aplica para lámparas LED.','Energía - Combustión estacionaria','1','-486','-400','-86','1','1','0','241','2','ico_nama_amarillo_01.svg','ico_nama_amarillo_01.svg');
Insert into MRVMM.T_MAE_MEDMIT (ID_MEDMIT,NUMERO_MEDMIT,NOMBRE_MEDMIT,DESCRIPCION_MEDMIT,ID_NAMA,OBJETIVO_MEDMIT,IPSC_MEDMIT,FLAG_ESTADO,GEI_TOTAL,GEI_PUBLICO,GEI_PRIVADO,CANT_TOTAL,CANT_PUBLICO,CANT_PRIVADO,ASOCIADO,ID_IPCC,ADJUNTO,ADJUNTO_BASE) values ('6','LSP','Reemplazo de lámparas en sector público - LSP','Reemplazo de lámparas de baja eficiencia por lámparas LED en el sector público reduciendo así el consumo de energía y por ende reduciendo también las emisiones de GEI, con el objetivo de impulsar el uso de lámparas y otros equipos de iluminación LED en todas las instituciones públicas. La medida se implementa a través de las fichas de homologación de tecnología LED, aprobadas por el MINEM, y que son instrumentos que permiten el reemplazo de luminarias menos eficientes por lámparas y otros equipos de iluminación LED en los procesos de compras públicas, lo que permite además la inclusión de estas tecnologías en la implementación de nuevos establecimientos estatales.'',''1'',''Impulsar el uso de lámparas eficientes en el sector público a través de las Fichas de Homologación de lámparas de tecnología LED. Aplica para lámparas LED. ','1','Impulsar el uso de lámparas eficientes en el sector público a través de las Fichas de Homologación de lámparas de tecnología LED. Aplica para lámparas LED.Impulsar el uso de lámparas eficientes en el sector público a través de las Fichas de Homologación de lámparas de tecnología LED. Aplica para lámparas LED. ','Energía - Combustión estacionaria','1','-278,4','-160','-118,4','10','7','3','0','2','ico_nama_amarillo_05.svg','ico_nama_amarillo_05.svg');
Insert into MRVMM.T_MAE_MEDMIT (ID_MEDMIT,NUMERO_MEDMIT,NOMBRE_MEDMIT,DESCRIPCION_MEDMIT,ID_NAMA,OBJETIVO_MEDMIT,IPSC_MEDMIT,FLAG_ESTADO,GEI_TOTAL,GEI_PUBLICO,GEI_PRIVADO,CANT_TOTAL,CANT_PUBLICO,CANT_PRIVADO,ASOCIADO,ID_IPCC,ADJUNTO,ADJUNTO_BASE) values ('7','LAP','Lámparas de alumbrado público - LAP','Medida que promueve la implementación de lámparas de alta eficiencia en el alumbrado público reduciendo las emisiones de GEI debido al menor uso de energía, en el marco del Plan de Acceso Universal a la Energía (RM N°203-2013-MINEM/DM) y en donde se incluye el reemplazo de 100,000 lámparas de vapor de sodio de alta presión (VSAP) en alumbrado público por lámparas LED o de inducción, priorizando zonas vulnerables. Además, contempla una segunda fase a través de la implementación de las fichas de homologación de alumbrado público.','1','Reemplazo de lámparas de alumbrado público de vapor de sodio de alta presión por lámparas LED consiste en la implementación de lámparas de alta eficiencia en el alumbrado público. Aplica para lámparas LED con fichas de homologación, 100,000 de FISE. ','Energía - Combustión estacionaria','1','-1035','-955','-80','1','1','0','0','2','ico_nama_amarillo_02.svg','ico_nama_amarillo_02.svg');
Insert into MRVMM.T_MAE_MEDMIT (ID_MEDMIT,NUMERO_MEDMIT,NOMBRE_MEDMIT,DESCRIPCION_MEDMIT,ID_NAMA,OBJETIVO_MEDMIT,IPSC_MEDMIT,FLAG_ESTADO,GEI_TOTAL,GEI_PUBLICO,GEI_PRIVADO,CANT_TOTAL,CANT_PUBLICO,CANT_PRIVADO,ASOCIADO,ID_IPCC,ADJUNTO,ADJUNTO_BASE) values ('8','CL','Cocción limpia - CL','Implementación y sostenibilidad de tecnologías de cocción limpia (cocinas mejoradas y cocinas a gas licuado de petróleos) en zonas rurales, reemplazando aquellas cocinas o tecnologías convencionales (fogón abierto) poco eficientes en el ámbito rural, con lo cual se reducirá los consumos de combustibles empleados en cocinas tradicionales, tales como leña y carbón vegetal, reduciendo así emisiones de gases de efecto invernadero (GEI) y los efectos nocivos a la salud asociados a las emisiones gaseosas y del material particulado restante de la combustión.','2','Reducción de las emisiones de gases de efecto invernadero (GEI) generadas por la cocción y calentamiento de alimentos a través del uso de cocinas o tecnologías convencionales (fogón abierto) poco eficientes en el ámbito rural. Incluye: cocinas mejoradas y a gas licuado de petróleo (GLP).','Energía - Combustión estacionaria','1','-1823','-1565','-258','1','1','0','124','2','ico_nama_rojo_02.svg','ico_nama_rojo_02.svg');
Insert into MRVMM.T_MAE_MEDMIT (ID_MEDMIT,NUMERO_MEDMIT,NOMBRE_MEDMIT,DESCRIPCION_MEDMIT,ID_NAMA,OBJETIVO_MEDMIT,IPSC_MEDMIT,FLAG_ESTADO,GEI_TOTAL,GEI_PUBLICO,GEI_PRIVADO,CANT_TOTAL,CANT_PUBLICO,CANT_PRIVADO,ASOCIADO,ID_IPCC,ADJUNTO,ADJUNTO_BASE) values ('10','RERC','RER conectado - RERC','Aumentar la participación de los Recursos Energéticos de fuentes Renovables (RER) en la matriz energética nacional en un 6.8% en el año 2030, reduciendo la proporción de la energía producida en base a la quema de combustibles fósiles, lo cual generará la reducción de emisiones de gases de efecto invernadero (GEI). Asimismo, la medida incluye la implementación de las centrales hidroeléctricas con una capacidad instalada menor a 20 MW.','3','Aumentar la participación de los Recursos Energéticos Renovables (RER) y dar cumplimiento al Decreto Legislativo N° 1002, Ley de Promoción de la Inversión en Generación de Electricidad con el uso de Energías Renovables (2008).','Energía - Combustión estacionaria','1','-7133','-6800','-333','2','1','1','241','2','ico_nama_verde_01.svg','ico_nama_verde_01.svg');
Insert into MRVMM.T_MAE_MEDMIT (ID_MEDMIT,NUMERO_MEDMIT,NOMBRE_MEDMIT,DESCRIPCION_MEDMIT,ID_NAMA,OBJETIVO_MEDMIT,IPSC_MEDMIT,FLAG_ESTADO,GEI_TOTAL,GEI_PUBLICO,GEI_PRIVADO,CANT_TOTAL,CANT_PUBLICO,CANT_PRIVADO,ASOCIADO,ID_IPCC,ADJUNTO,ADJUNTO_BASE) values ('9','ER','Electrificación rural - ER','Llevar el servicio de electricidad a usuarios ubicados en áreas no conectadas a la red eléctrica utilizando como fuente de generación los recursos energéticos renovables (RER), mediante la instalación de sistemas fotovoltaicos (paneles solares), con lo cual se reducirán las emisiones de gases de efecto invernadero (GEI) al sustituir el uso de combustibles fósiles en los hogares para generar electricidad, por una energía eléctrica con fuentes renovables que no produce emisiones.','2','Brindar el servicio de electricidad a usuarios ubicados en áreas no conectadas a la red utilizando como fuente de generación los recursos energéticos renovables (RER), mediante la instalación de sistemas fotovoltaicos (paneles solares).','Energía - Combustión estacionaria','1','-12,6','-8','-4,6','1','1','1','0','2','ico_nama_rojo_01.svg','ico_nama_rojo_01.svg');
Insert into MRVMM.T_MAE_MEDMIT (ID_MEDMIT,NUMERO_MEDMIT,NOMBRE_MEDMIT,DESCRIPCION_MEDMIT,ID_NAMA,OBJETIVO_MEDMIT,IPSC_MEDMIT,FLAG_ESTADO,GEI_TOTAL,GEI_PUBLICO,GEI_PRIVADO,CANT_TOTAL,CANT_PUBLICO,CANT_PRIVADO,ASOCIADO,ID_IPCC,ADJUNTO,ADJUNTO_BASE) values ('11','GD','Generación distribuida - GD','Medida que abarca toda instalación de generación eléctrica que inyecte energía eléctrica a la red eléctrica esté conectada directamente a la Red de Distribución.','3','Promover el uso e implementación de sistemas de generación eléctrica con tecnologías limpias.','Energía - Combustión estacionaria','1','-53','-42','-11','3','2','1','0','2','ico_nama_verde_02.svg','ico_nama_verde_02.svg');
REM INSERTING into MRVMM.T_MAE_MONEDA
SET DEFINE OFF;
Insert into MRVMM.T_MAE_MONEDA (ID_MONEDA,DESCRIPCION,FLAG_ESTADO) values ('4','Libra','0');
Insert into MRVMM.T_MAE_MONEDA (ID_MONEDA,DESCRIPCION,FLAG_ESTADO) values ('5','Yen','0');
Insert into MRVMM.T_MAE_MONEDA (ID_MONEDA,DESCRIPCION,FLAG_ESTADO) values ('1','SOLES','1');
Insert into MRVMM.T_MAE_MONEDA (ID_MONEDA,DESCRIPCION,FLAG_ESTADO) values ('2','DOLARES','1');
Insert into MRVMM.T_MAE_MONEDA (ID_MONEDA,DESCRIPCION,FLAG_ESTADO) values ('3','EUROS','1');
REM INSERTING into MRVMM.T_MAE_NAMA
SET DEFINE OFF;
Insert into MRVMM.T_MAE_NAMA (ID_NAMA,DESCRIPCION_NAMA,FLG_ESTADO) values ('1','EFICIENCIA ENERGETICA','1');
Insert into MRVMM.T_MAE_NAMA (ID_NAMA,DESCRIPCION_NAMA,FLG_ESTADO) values ('2','ACCESO UNIVERSAL A LA ENERGIA SOSTENIBLE','1');
Insert into MRVMM.T_MAE_NAMA (ID_NAMA,DESCRIPCION_NAMA,FLG_ESTADO) values ('3','RED CONECTADO','1');
Insert into MRVMM.T_MAE_NAMA (ID_NAMA,DESCRIPCION_NAMA,FLG_ESTADO) values ('4','TRANSPORTE ELECTRICO','1');
REM INSERTING into MRVMM.T_MAE_OPCION
SET DEFINE OFF;
Insert into MRVMM.T_MAE_OPCION (ID_OPCION,DES_OPCION,FLG_ESTADO,DES_URL,DES_URLIMAGEN,DES_URLLABEL,DES_FUNCION_INI,NUM_ORDEN,NUM_NIVEL,ID_OPCION_PADRE,ID_TIPO_OPCION) values ('9','NUEVA INICIATIVA','1',null,null,null,null,null,null,null,null);
Insert into MRVMM.T_MAE_OPCION (ID_OPCION,DES_OPCION,FLG_ESTADO,DES_URL,DES_URLIMAGEN,DES_URLLABEL,DES_FUNCION_INI,NUM_ORDEN,NUM_NIVEL,ID_OPCION_PADRE,ID_TIPO_OPCION) values ('8','CREDENCIALES','1',null,null,null,null,null,null,null,'1');
Insert into MRVMM.T_MAE_OPCION (ID_OPCION,DES_OPCION,FLG_ESTADO,DES_URL,DES_URLIMAGEN,DES_URLLABEL,DES_FUNCION_INI,NUM_ORDEN,NUM_NIVEL,ID_OPCION_PADRE,ID_TIPO_OPCION) values ('1','INICIO','1',null,null,null,null,null,null,null,'1');
Insert into MRVMM.T_MAE_OPCION (ID_OPCION,DES_OPCION,FLG_ESTADO,DES_URL,DES_URLIMAGEN,DES_URLLABEL,DES_FUNCION_INI,NUM_ORDEN,NUM_NIVEL,ID_OPCION_PADRE,ID_TIPO_OPCION) values ('2','ACCIONES DE MITIGACION','1',null,null,null,null,null,null,null,'1');
Insert into MRVMM.T_MAE_OPCION (ID_OPCION,DES_OPCION,FLG_ESTADO,DES_URL,DES_URLIMAGEN,DES_URLLABEL,DES_FUNCION_INI,NUM_ORDEN,NUM_NIVEL,ID_OPCION_PADRE,ID_TIPO_OPCION) values ('3','REPORTES','1',null,null,null,null,null,null,null,'1');
Insert into MRVMM.T_MAE_OPCION (ID_OPCION,DES_OPCION,FLG_ESTADO,DES_URL,DES_URLIMAGEN,DES_URLLABEL,DES_FUNCION_INI,NUM_ORDEN,NUM_NIVEL,ID_OPCION_PADRE,ID_TIPO_OPCION) values ('4','ACCIONES Y RESULTADOS','1',null,null,null,null,null,null,null,'1');
Insert into MRVMM.T_MAE_OPCION (ID_OPCION,DES_OPCION,FLG_ESTADO,DES_URL,DES_URLIMAGEN,DES_URLLABEL,DES_FUNCION_INI,NUM_ORDEN,NUM_NIVEL,ID_OPCION_PADRE,ID_TIPO_OPCION) values ('5','NOTIFICACIONES','1',null,null,null,null,null,null,null,'1');
Insert into MRVMM.T_MAE_OPCION (ID_OPCION,DES_OPCION,FLG_ESTADO,DES_URL,DES_URLIMAGEN,DES_URLLABEL,DES_FUNCION_INI,NUM_ORDEN,NUM_NIVEL,ID_OPCION_PADRE,ID_TIPO_OPCION) values ('6','MANTENIMIENTO DE TABLAS','1',null,null,null,null,null,null,null,'1');
Insert into MRVMM.T_MAE_OPCION (ID_OPCION,DES_OPCION,FLG_ESTADO,DES_URL,DES_URLIMAGEN,DES_URLLABEL,DES_FUNCION_INI,NUM_ORDEN,NUM_NIVEL,ID_OPCION_PADRE,ID_TIPO_OPCION) values ('7','CAMBIO DE CLAVES','1',null,null,null,null,null,null,null,'1');
REM INSERTING into MRVMM.T_MAE_OPCION_ROL
SET DEFINE OFF;
Insert into MRVMM.T_MAE_OPCION_ROL (ID_OPCION,ID_ROL,FLG_ESTADO) values ('9','1','1');
Insert into MRVMM.T_MAE_OPCION_ROL (ID_OPCION,ID_ROL,FLG_ESTADO) values ('7','1','1');
Insert into MRVMM.T_MAE_OPCION_ROL (ID_OPCION,ID_ROL,FLG_ESTADO) values ('1','6','1');
Insert into MRVMM.T_MAE_OPCION_ROL (ID_OPCION,ID_ROL,FLG_ESTADO) values ('2','6','1');
Insert into MRVMM.T_MAE_OPCION_ROL (ID_OPCION,ID_ROL,FLG_ESTADO) values ('3','6','1');
Insert into MRVMM.T_MAE_OPCION_ROL (ID_OPCION,ID_ROL,FLG_ESTADO) values ('4','6','1');
Insert into MRVMM.T_MAE_OPCION_ROL (ID_OPCION,ID_ROL,FLG_ESTADO) values ('1','1','1');
Insert into MRVMM.T_MAE_OPCION_ROL (ID_OPCION,ID_ROL,FLG_ESTADO) values ('2','1','1');
Insert into MRVMM.T_MAE_OPCION_ROL (ID_OPCION,ID_ROL,FLG_ESTADO) values ('3','1','1');
Insert into MRVMM.T_MAE_OPCION_ROL (ID_OPCION,ID_ROL,FLG_ESTADO) values ('4','1','1');
Insert into MRVMM.T_MAE_OPCION_ROL (ID_OPCION,ID_ROL,FLG_ESTADO) values ('5','1','1');
Insert into MRVMM.T_MAE_OPCION_ROL (ID_OPCION,ID_ROL,FLG_ESTADO) values ('1','2','1');
Insert into MRVMM.T_MAE_OPCION_ROL (ID_OPCION,ID_ROL,FLG_ESTADO) values ('2','2','1');
Insert into MRVMM.T_MAE_OPCION_ROL (ID_OPCION,ID_ROL,FLG_ESTADO) values ('3','2','1');
Insert into MRVMM.T_MAE_OPCION_ROL (ID_OPCION,ID_ROL,FLG_ESTADO) values ('4','2','1');
Insert into MRVMM.T_MAE_OPCION_ROL (ID_OPCION,ID_ROL,FLG_ESTADO) values ('5','2','1');
Insert into MRVMM.T_MAE_OPCION_ROL (ID_OPCION,ID_ROL,FLG_ESTADO) values ('7','2','1');
Insert into MRVMM.T_MAE_OPCION_ROL (ID_OPCION,ID_ROL,FLG_ESTADO) values ('1','3','1');
Insert into MRVMM.T_MAE_OPCION_ROL (ID_OPCION,ID_ROL,FLG_ESTADO) values ('2','3','1');
Insert into MRVMM.T_MAE_OPCION_ROL (ID_OPCION,ID_ROL,FLG_ESTADO) values ('3','3','1');
Insert into MRVMM.T_MAE_OPCION_ROL (ID_OPCION,ID_ROL,FLG_ESTADO) values ('4','3','1');
Insert into MRVMM.T_MAE_OPCION_ROL (ID_OPCION,ID_ROL,FLG_ESTADO) values ('5','3','1');
Insert into MRVMM.T_MAE_OPCION_ROL (ID_OPCION,ID_ROL,FLG_ESTADO) values ('6','3','1');
Insert into MRVMM.T_MAE_OPCION_ROL (ID_OPCION,ID_ROL,FLG_ESTADO) values ('7','3','1');
Insert into MRVMM.T_MAE_OPCION_ROL (ID_OPCION,ID_ROL,FLG_ESTADO) values ('1','4','1');
Insert into MRVMM.T_MAE_OPCION_ROL (ID_OPCION,ID_ROL,FLG_ESTADO) values ('2','4','1');
Insert into MRVMM.T_MAE_OPCION_ROL (ID_OPCION,ID_ROL,FLG_ESTADO) values ('3','4','1');
Insert into MRVMM.T_MAE_OPCION_ROL (ID_OPCION,ID_ROL,FLG_ESTADO) values ('4','4','1');
Insert into MRVMM.T_MAE_OPCION_ROL (ID_OPCION,ID_ROL,FLG_ESTADO) values ('5','4','1');
Insert into MRVMM.T_MAE_OPCION_ROL (ID_OPCION,ID_ROL,FLG_ESTADO) values ('7','4','1');
Insert into MRVMM.T_MAE_OPCION_ROL (ID_OPCION,ID_ROL,FLG_ESTADO) values ('1','5','1');
Insert into MRVMM.T_MAE_OPCION_ROL (ID_OPCION,ID_ROL,FLG_ESTADO) values ('2','5','1');
Insert into MRVMM.T_MAE_OPCION_ROL (ID_OPCION,ID_ROL,FLG_ESTADO) values ('3','5','1');
Insert into MRVMM.T_MAE_OPCION_ROL (ID_OPCION,ID_ROL,FLG_ESTADO) values ('4','5','1');
Insert into MRVMM.T_MAE_OPCION_ROL (ID_OPCION,ID_ROL,FLG_ESTADO) values ('5','5','1');
Insert into MRVMM.T_MAE_OPCION_ROL (ID_OPCION,ID_ROL,FLG_ESTADO) values ('7','5','1');
REM INSERTING into MRVMM.T_MAE_PAGINA
SET DEFINE OFF;
REM INSERTING into MRVMM.T_MAE_PLAZO
SET DEFINE OFF;
REM INSERTING into MRVMM.T_MAE_PLAZO_ETAPA_ESTADO
SET DEFINE OFF;
Insert into MRVMM.T_MAE_PLAZO_ETAPA_ESTADO (ID_PLAZO_ETAPA_ESTADO,ID_ETAPA,ID_ESTADO,DESCRIPCION,PLAZO,ID_ROL,SIG_ROL) values ('1','1','0','Iniciativa de mitigación pendiente de enviar para su revisión','10','1','1');
Insert into MRVMM.T_MAE_PLAZO_ETAPA_ESTADO (ID_PLAZO_ETAPA_ESTADO,ID_ETAPA,ID_ESTADO,DESCRIPCION,PLAZO,ID_ROL,SIG_ROL) values ('2','1','1','Iniciativa de mitigación enviado para su revisión','30','1','2');
Insert into MRVMM.T_MAE_PLAZO_ETAPA_ESTADO (ID_PLAZO_ETAPA_ESTADO,ID_ETAPA,ID_ESTADO,DESCRIPCION,PLAZO,ID_ROL,SIG_ROL) values ('3','1','2','Iniciativa de mitigación observado por el Especialista','30','2','1');
Insert into MRVMM.T_MAE_PLAZO_ETAPA_ESTADO (ID_PLAZO_ETAPA_ESTADO,ID_ETAPA,ID_ESTADO,DESCRIPCION,PLAZO,ID_ROL,SIG_ROL) values ('4','1','6','Iniciativa de mitigación subsanadas las observaciones pendiente de enviar','10','1','1');
Insert into MRVMM.T_MAE_PLAZO_ETAPA_ESTADO (ID_PLAZO_ETAPA_ESTADO,ID_ETAPA,ID_ESTADO,DESCRIPCION,PLAZO,ID_ROL,SIG_ROL) values ('5','1','5','Iniciativa de mitigación subsanadas las observaciones enviado para su revisión','30','1','2');
Insert into MRVMM.T_MAE_PLAZO_ETAPA_ESTADO (ID_PLAZO_ETAPA_ESTADO,ID_ETAPA,ID_ESTADO,DESCRIPCION,PLAZO,ID_ROL,SIG_ROL) values ('6','2','3','Iniciativa de mitigación aprobado por el Especialista','30','2','1');
Insert into MRVMM.T_MAE_PLAZO_ETAPA_ESTADO (ID_PLAZO_ETAPA_ESTADO,ID_ETAPA,ID_ESTADO,DESCRIPCION,PLAZO,ID_ROL,SIG_ROL) values ('7','3','0','Detalle de la iniciativa de mitigación pendiente de enviar para su revisión','10','1','1');
Insert into MRVMM.T_MAE_PLAZO_ETAPA_ESTADO (ID_PLAZO_ETAPA_ESTADO,ID_ETAPA,ID_ESTADO,DESCRIPCION,PLAZO,ID_ROL,SIG_ROL) values ('8','3','1','Detalle de la iniciativa de mitigación enviado para su revisión','30','1','2');
Insert into MRVMM.T_MAE_PLAZO_ETAPA_ESTADO (ID_PLAZO_ETAPA_ESTADO,ID_ETAPA,ID_ESTADO,DESCRIPCION,PLAZO,ID_ROL,SIG_ROL) values ('9','3','2','Detalle de la iniciativa de mitigación observado por el Especialista','30','2','1');
Insert into MRVMM.T_MAE_PLAZO_ETAPA_ESTADO (ID_PLAZO_ETAPA_ESTADO,ID_ETAPA,ID_ESTADO,DESCRIPCION,PLAZO,ID_ROL,SIG_ROL) values ('10','3','6','Detalle de la iniciativa de mitigación subsanadas las observaciones pendiente enviar','10','1','1');
Insert into MRVMM.T_MAE_PLAZO_ETAPA_ESTADO (ID_PLAZO_ETAPA_ESTADO,ID_ETAPA,ID_ESTADO,DESCRIPCION,PLAZO,ID_ROL,SIG_ROL) values ('11','3','5','Detalle de la iniciativa de mitigación subsanadas las observaciones enviado para su revisión','30','1','2');
Insert into MRVMM.T_MAE_PLAZO_ETAPA_ESTADO (ID_PLAZO_ETAPA_ESTADO,ID_ETAPA,ID_ESTADO,DESCRIPCION,PLAZO,ID_ROL,SIG_ROL) values ('12','4','3','Detalle de la iniciativa de mitigación aprobado por el Especialista','30','2','3');
Insert into MRVMM.T_MAE_PLAZO_ETAPA_ESTADO (ID_PLAZO_ETAPA_ESTADO,ID_ETAPA,ID_ESTADO,DESCRIPCION,PLAZO,ID_ROL,SIG_ROL) values ('13','4','2','Iniciativa de mitigación y su detalle observado por el Administrador MRV ','30','3','2');
Insert into MRVMM.T_MAE_PLAZO_ETAPA_ESTADO (ID_PLAZO_ETAPA_ESTADO,ID_ETAPA,ID_ESTADO,DESCRIPCION,PLAZO,ID_ROL,SIG_ROL) values ('14','5','3','Iniciativa de mitigación y su detalle aprobado por el Administrador MRV','30','3','4');
Insert into MRVMM.T_MAE_PLAZO_ETAPA_ESTADO (ID_PLAZO_ETAPA_ESTADO,ID_ETAPA,ID_ESTADO,DESCRIPCION,PLAZO,ID_ROL,SIG_ROL) values ('15','5','2','Iniciativa de mitigación y su detalle observado por el Evaluador MINAM','30','4','3');
Insert into MRVMM.T_MAE_PLAZO_ETAPA_ESTADO (ID_PLAZO_ETAPA_ESTADO,ID_ETAPA,ID_ESTADO,DESCRIPCION,PLAZO,ID_ROL,SIG_ROL) values ('16','6','3','Iniciativa de mitigación y su detalle aprobado por el Evaluador MINAM','30','4','4');
Insert into MRVMM.T_MAE_PLAZO_ETAPA_ESTADO (ID_PLAZO_ETAPA_ESTADO,ID_ETAPA,ID_ESTADO,DESCRIPCION,PLAZO,ID_ROL,SIG_ROL) values ('17','6','2','Iniciativa de mitigación y su detalle observado por el Verificador Externo','30','5','4');
Insert into MRVMM.T_MAE_PLAZO_ETAPA_ESTADO (ID_PLAZO_ETAPA_ESTADO,ID_ETAPA,ID_ESTADO,DESCRIPCION,PLAZO,ID_ROL,SIG_ROL) values ('18','7','3','Iniciativa de mitigación y su detalle aprobado por el Verificador Externo','30','5','5');
Insert into MRVMM.T_MAE_PLAZO_ETAPA_ESTADO (ID_PLAZO_ETAPA_ESTADO,ID_ETAPA,ID_ESTADO,DESCRIPCION,PLAZO,ID_ROL,SIG_ROL) values ('19','8','2','Iniciativa de mitigación y su detalle observado por el Verificador Externo','30','5','3');
Insert into MRVMM.T_MAE_PLAZO_ETAPA_ESTADO (ID_PLAZO_ETAPA_ESTADO,ID_ETAPA,ID_ESTADO,DESCRIPCION,PLAZO,ID_ROL,SIG_ROL) values ('20','8','3','Iniciativa de mitigación y su detalle aprobado por el Administrador MRV','30','3','5');
Insert into MRVMM.T_MAE_PLAZO_ETAPA_ESTADO (ID_PLAZO_ETAPA_ESTADO,ID_ETAPA,ID_ESTADO,DESCRIPCION,PLAZO,ID_ROL,SIG_ROL) values ('21','9','3','Iniciativa de mitigación enviada al Evaluador MINAM','30','3','4');
Insert into MRVMM.T_MAE_PLAZO_ETAPA_ESTADO (ID_PLAZO_ETAPA_ESTADO,ID_ETAPA,ID_ESTADO,DESCRIPCION,PLAZO,ID_ROL,SIG_ROL) values ('22','10','3','Iniciativa de mitigación enviada al Verificador Externo','30','3','5');
REM INSERTING into MRVMM.T_MAE_ROL
SET DEFINE OFF;
Insert into MRVMM.T_MAE_ROL (ID_ROL,DESCRIPCION_ROL,FLG_ESTADO) values ('1','Usuario administrado','1');
Insert into MRVMM.T_MAE_ROL (ID_ROL,DESCRIPCION_ROL,FLG_ESTADO) values ('2','ESPECIALISTA','1');
Insert into MRVMM.T_MAE_ROL (ID_ROL,DESCRIPCION_ROL,FLG_ESTADO) values ('3','Administrador MRV','1');
Insert into MRVMM.T_MAE_ROL (ID_ROL,DESCRIPCION_ROL,FLG_ESTADO) values ('4','Evaluador MINAM','1');
Insert into MRVMM.T_MAE_ROL (ID_ROL,DESCRIPCION_ROL,FLG_ESTADO) values ('5','Verificador externo','1');
Insert into MRVMM.T_MAE_ROL (ID_ROL,DESCRIPCION_ROL,FLG_ESTADO) values ('6','Visitante','0');
REM INSERTING into MRVMM.T_MAE_SECTOR_INST
SET DEFINE OFF;
Insert into MRVMM.T_MAE_SECTOR_INST (ID_SECTOR_INST,DESCRIPCION,FLAG_ESTADO) values ('1','SECTOR PUBLICO','1');
Insert into MRVMM.T_MAE_SECTOR_INST (ID_SECTOR_INST,DESCRIPCION,FLAG_ESTADO) values ('2','SECTOR PRIVADO','1');
Insert into MRVMM.T_MAE_SECTOR_INST (ID_SECTOR_INST,DESCRIPCION,FLAG_ESTADO) values ('3','SECTOR INDUSTRIAL','0');
REM INSERTING into MRVMM.T_MAE_TERMINOS
SET DEFINE OFF;
Insert into MRVMM.T_MAE_TERMINOS (ID_TERMINOS,ID_ROL,CONDICIONES_TERMINOS) values ('1','1','El Proyecto Acciones Nacionales Apropiadas de Mitigación de energía (NAMA por sus siglas en inglés) en los sectores de generación de energía y su uso final en el Perú promueve acciones de sostenibilidad para alcanzar reducciones en emisiones de gases de efecto invernadero (GEI) como parte de los compromisos internacionales asumido por Perú dentro del marco de la Convención de las Naciones Unidas sobre Cambio Climático (CMNUCC o UNFCCC por sus siglas en inglés). 
En ese sentido, identificar y desarrollar iniciativas en el sector energía (por ejemplo, NAMAs) favorecerán a la reducción de emisiones de GEI y a su vez generarán beneficios sociales, ambientales y económicos.  De otro lado nuestro país, para el cumplimiento de sus compromisos, ha priorizado seis sectores para el diseño de iniciativas de reducción de emisiones de GEI / captura de CO2, los cuales son: Energía, Transporte, Agricultura, Desechos, USCUSS (Uso de Suelo, Cambio de Uso de Suelo y Silvicultura) y Procesos Industriales. En ese sentido, el sector energético (incluyendo transporte) es la segunda fuente de emisiones, después de USCUSS, con el 26% de las emisiones totales de GEI del país y llegando a aumentar 15% entre los años 1994 y 2000 (SCNCC ) y 50% entre los años 2000 y 2010 (FBUR ).  Por lo que, tenemos la gran responsabilidad de desarrollar NAMAs ambiciosas y efectivas para poder alcanzar el objetivo de las NDCs.  
En ese contexto, el Ministerio de Energía y Minas suscribió con el Programa de Naciones Unidas para el Desarrollo  PNUD, el Convenio para implementar el Proyecto Acciones Nacionales Apropiadas de Mitigación (NAMA) en los sectores de generación de energía y su uso final en el Perú, cuyo financiamiento proviene del Fondo Mundial para el Medio Ambiente (GEF por su siglas en inglés), más el apoyo y cofinanciamiento de PNUD, MINAM, MEF y MEM. 
Recayendo su implementación en la Dirección General de Eficiencia Energética quien deberá liderar, diseñar, desarrollar, gestionar y coordinar cuatro (04) NAMAs de energía con sus respectivos sistemas de Monitoreo, Reporte, y Verificación (MRV), como producto de este proyecto. En ese sentido desde abril del 2016, el Proyecto inició el proceso de diseño conceptual de los mismos enfocándose en maximizar los beneficios sociales, ambientales y económicos para el país.  Por tal motivo, se ha elegido desarrollar las siguientes NAMAs a desarrollarse desde 2016 hasta 2020:
1.	NAMA #1 (Eficiencia Energética): Mejoras en Eficiencia Energética en los sectores públicos y privadas;  
2.	NAMA #2 (RER Conectado): La promoción de las RER en sistemas interconectados; 
3.	NAMA #3 (RER Acceso Universal): Promoción del Acceso Universal a la Energía Sostenible; y
4.	NAMA #4 (Transporte Eléctrico): Promoción de eficiencia energética en el sector transporte con la promoción de transporte eléctrico.  
');
REM INSERTING into MRVMM.T_MAE_TIPO_COMBUSTIBLE
SET DEFINE OFF;
Insert into MRVMM.T_MAE_TIPO_COMBUSTIBLE (ID_TIPO_COMBUSTIBLE,DESCRIPCION,FLG_ESTADO) values ('1','GNV','1');
Insert into MRVMM.T_MAE_TIPO_COMBUSTIBLE (ID_TIPO_COMBUSTIBLE,DESCRIPCION,FLG_ESTADO) values ('2','GLP','1');
Insert into MRVMM.T_MAE_TIPO_COMBUSTIBLE (ID_TIPO_COMBUSTIBLE,DESCRIPCION,FLG_ESTADO) values ('3','Gasolina','1');
Insert into MRVMM.T_MAE_TIPO_COMBUSTIBLE (ID_TIPO_COMBUSTIBLE,DESCRIPCION,FLG_ESTADO) values ('4','Diesel','1');
REM INSERTING into MRVMM.T_MAE_TIPO_FUENTE
SET DEFINE OFF;
Insert into MRVMM.T_MAE_TIPO_FUENTE (ID_TIPO_FUENTE,DESCRIPCION) values ('1','ELECTRICO');
Insert into MRVMM.T_MAE_TIPO_FUENTE (ID_TIPO_FUENTE,DESCRIPCION) values ('2','HIBRIDO');
Insert into MRVMM.T_MAE_TIPO_FUENTE (ID_TIPO_FUENTE,DESCRIPCION) values ('3','HIDROGENO');
REM INSERTING into MRVMM.T_MAE_TIPO_INGRESO
SET DEFINE OFF;
Insert into MRVMM.T_MAE_TIPO_INGRESO (ID_TIPO_INGRESO,TIPO_INGRESO) values ('1','MANUAL');
Insert into MRVMM.T_MAE_TIPO_INGRESO (ID_TIPO_INGRESO,TIPO_INGRESO) values ('2','MASIVO');
REM INSERTING into MRVMM.T_MAE_TIPO_INICIATIVA
SET DEFINE OFF;
Insert into MRVMM.T_MAE_TIPO_INICIATIVA (ID_TIPO_INICIATIVA,TIPO_INICIATIVA,FLAG_ESTADO) values ('3','Comercializará las emisiones reducidas internacionalmente','1');
Insert into MRVMM.T_MAE_TIPO_INICIATIVA (ID_TIPO_INICIATIVA,TIPO_INICIATIVA,FLAG_ESTADO) values ('1','Contribuirá con los compromisos internacionales (NDC)','1');
Insert into MRVMM.T_MAE_TIPO_INICIATIVA (ID_TIPO_INICIATIVA,TIPO_INICIATIVA,FLAG_ESTADO) values ('2','Comercializará las emisiones reducidas nacionales','1');
REM INSERTING into MRVMM.T_MAE_TIPO_MIT_COCCION
SET DEFINE OFF;
REM INSERTING into MRVMM.T_MAE_TIPO_OPCION
SET DEFINE OFF;
Insert into MRVMM.T_MAE_TIPO_OPCION (ID_TIPO_OPCION,DES_TIPO_OPCION,SIGLA) values ('1','TIPO 1','T1 ');
Insert into MRVMM.T_MAE_TIPO_OPCION (ID_TIPO_OPCION,DES_TIPO_OPCION,SIGLA) values ('2','TIPO 2','T2 ');
REM INSERTING into MRVMM.T_MAE_TIPO_VEHICULO
SET DEFINE OFF;
Insert into MRVMM.T_MAE_TIPO_VEHICULO (ID_TIPO_VEHICULO,DESCRIPCION,FLG_ESTADO) values ('1','Automovil','1');
Insert into MRVMM.T_MAE_TIPO_VEHICULO (ID_TIPO_VEHICULO,DESCRIPCION,FLG_ESTADO) values ('2','Bus 9m','1');
Insert into MRVMM.T_MAE_TIPO_VEHICULO (ID_TIPO_VEHICULO,DESCRIPCION,FLG_ESTADO) values ('3','Bus 12m','1');
Insert into MRVMM.T_MAE_TIPO_VEHICULO (ID_TIPO_VEHICULO,DESCRIPCION,FLG_ESTADO) values ('4','Bus 18m','1');
Insert into MRVMM.T_MAE_TIPO_VEHICULO (ID_TIPO_VEHICULO,DESCRIPCION,FLG_ESTADO) values ('5','Mototaxi','1');
Insert into MRVMM.T_MAE_TIPO_VEHICULO (ID_TIPO_VEHICULO,DESCRIPCION,FLG_ESTADO) values ('6','Moto','1');
REM INSERTING into MRVMM.T_MAE_UBICACION
SET DEFINE OFF;
Insert into MRVMM.T_MAE_UBICACION (ID_UBICACION,DESCRIPCION,FLG_ESTADO) values ('1','AMAZONAS','1');
Insert into MRVMM.T_MAE_UBICACION (ID_UBICACION,DESCRIPCION,FLG_ESTADO) values ('2','ANCASH','1');
Insert into MRVMM.T_MAE_UBICACION (ID_UBICACION,DESCRIPCION,FLG_ESTADO) values ('3','APURIMAC','1');
Insert into MRVMM.T_MAE_UBICACION (ID_UBICACION,DESCRIPCION,FLG_ESTADO) values ('4','AREQUIPA','1');
Insert into MRVMM.T_MAE_UBICACION (ID_UBICACION,DESCRIPCION,FLG_ESTADO) values ('5','AYACUCHO','1');
Insert into MRVMM.T_MAE_UBICACION (ID_UBICACION,DESCRIPCION,FLG_ESTADO) values ('6','CAJAMARCA','1');
Insert into MRVMM.T_MAE_UBICACION (ID_UBICACION,DESCRIPCION,FLG_ESTADO) values ('7','CALLAO','1');
Insert into MRVMM.T_MAE_UBICACION (ID_UBICACION,DESCRIPCION,FLG_ESTADO) values ('8','CUSCO','1');
Insert into MRVMM.T_MAE_UBICACION (ID_UBICACION,DESCRIPCION,FLG_ESTADO) values ('9','HUANCAVELICA','1');
Insert into MRVMM.T_MAE_UBICACION (ID_UBICACION,DESCRIPCION,FLG_ESTADO) values ('10','HUANUCO','1');
Insert into MRVMM.T_MAE_UBICACION (ID_UBICACION,DESCRIPCION,FLG_ESTADO) values ('11','ICA','1');
Insert into MRVMM.T_MAE_UBICACION (ID_UBICACION,DESCRIPCION,FLG_ESTADO) values ('12','JUNIN','1');
Insert into MRVMM.T_MAE_UBICACION (ID_UBICACION,DESCRIPCION,FLG_ESTADO) values ('13','LA LIBERTAD','1');
Insert into MRVMM.T_MAE_UBICACION (ID_UBICACION,DESCRIPCION,FLG_ESTADO) values ('14','LAMBAYEQUE','1');
Insert into MRVMM.T_MAE_UBICACION (ID_UBICACION,DESCRIPCION,FLG_ESTADO) values ('15','LIMA','1');
Insert into MRVMM.T_MAE_UBICACION (ID_UBICACION,DESCRIPCION,FLG_ESTADO) values ('16','LORETO','1');
Insert into MRVMM.T_MAE_UBICACION (ID_UBICACION,DESCRIPCION,FLG_ESTADO) values ('17','MADRE DE DIOS','1');
Insert into MRVMM.T_MAE_UBICACION (ID_UBICACION,DESCRIPCION,FLG_ESTADO) values ('18','MOQUEGUA','1');
Insert into MRVMM.T_MAE_UBICACION (ID_UBICACION,DESCRIPCION,FLG_ESTADO) values ('19','PASCO','1');
Insert into MRVMM.T_MAE_UBICACION (ID_UBICACION,DESCRIPCION,FLG_ESTADO) values ('20','PIURA','1');
Insert into MRVMM.T_MAE_UBICACION (ID_UBICACION,DESCRIPCION,FLG_ESTADO) values ('21','PUNO','1');
Insert into MRVMM.T_MAE_UBICACION (ID_UBICACION,DESCRIPCION,FLG_ESTADO) values ('22','SAN MARTIN','1');
Insert into MRVMM.T_MAE_UBICACION (ID_UBICACION,DESCRIPCION,FLG_ESTADO) values ('23','TACNA','1');
Insert into MRVMM.T_MAE_UBICACION (ID_UBICACION,DESCRIPCION,FLG_ESTADO) values ('24','TUMBES','1');
Insert into MRVMM.T_MAE_UBICACION (ID_UBICACION,DESCRIPCION,FLG_ESTADO) values ('25','UCAYALI','1');
REM INSERTING into MRVMM.T_MAE_USUARIO_MEDMIT
SET DEFINE OFF;
Insert into MRVMM.T_MAE_USUARIO_MEDMIT (ID_USUARIO,ID_MEDMIT,FLG_ESTADO,USUARIO_REGISTRO,FECHA_REGISTRO,IP_REGISTRO,USUARIO_MODIFICA,FECHA_MODIFICA,IP_MODIFICA) values ('81','1','1','22',to_date('11/02/20','DD/MM/RR'),'10.0.0.103','22',to_date('11/02/20','DD/MM/RR'),'10.0.0.103');
Insert into MRVMM.T_MAE_USUARIO_MEDMIT (ID_USUARIO,ID_MEDMIT,FLG_ESTADO,USUARIO_REGISTRO,FECHA_REGISTRO,IP_REGISTRO,USUARIO_MODIFICA,FECHA_MODIFICA,IP_MODIFICA) values ('104','12','1','22',to_date('11/02/20','DD/MM/RR'),'10.0.0.103','22',to_date('11/02/20','DD/MM/RR'),'10.0.0.103');
Insert into MRVMM.T_MAE_USUARIO_MEDMIT (ID_USUARIO,ID_MEDMIT,FLG_ESTADO,USUARIO_REGISTRO,FECHA_REGISTRO,IP_REGISTRO,USUARIO_MODIFICA,FECHA_MODIFICA,IP_MODIFICA) values ('241','5','1','22',to_date('02/03/20','DD/MM/RR'),'10.0.0.103','22',to_date('10/03/20','DD/MM/RR'),'::1');
Insert into MRVMM.T_MAE_USUARIO_MEDMIT (ID_USUARIO,ID_MEDMIT,FLG_ESTADO,USUARIO_REGISTRO,FECHA_REGISTRO,IP_REGISTRO,USUARIO_MODIFICA,FECHA_MODIFICA,IP_MODIFICA) values ('104','4','0','22',to_date('01/02/20','DD/MM/RR'),'10.0.0.107','22',to_date('11/02/20','DD/MM/RR'),'10.0.0.103');
Insert into MRVMM.T_MAE_USUARIO_MEDMIT (ID_USUARIO,ID_MEDMIT,FLG_ESTADO,USUARIO_REGISTRO,FECHA_REGISTRO,IP_REGISTRO,USUARIO_MODIFICA,FECHA_MODIFICA,IP_MODIFICA) values ('124','8','1','22',to_date('01/02/20','DD/MM/RR'),'10.0.0.107',null,null,null);
Insert into MRVMM.T_MAE_USUARIO_MEDMIT (ID_USUARIO,ID_MEDMIT,FLG_ESTADO,USUARIO_REGISTRO,FECHA_REGISTRO,IP_REGISTRO,USUARIO_MODIFICA,FECHA_MODIFICA,IP_MODIFICA) values ('81','12','0','22',to_date('29/01/20','DD/MM/RR'),'10.0.0.103','22',to_date('11/02/20','DD/MM/RR'),'10.0.0.103');
Insert into MRVMM.T_MAE_USUARIO_MEDMIT (ID_USUARIO,ID_MEDMIT,FLG_ESTADO,USUARIO_REGISTRO,FECHA_REGISTRO,IP_REGISTRO,USUARIO_MODIFICA,FECHA_MODIFICA,IP_MODIFICA) values ('241','10','1','22',to_date('02/03/20','DD/MM/RR'),'10.0.0.103','22',to_date('10/03/20','DD/MM/RR'),'::1');
REM INSERTING into MRVMM.T_MAE_USUARIO_ROL
SET DEFINE OFF;
Insert into MRVMM.T_MAE_USUARIO_ROL (ID_USUARIO,ID_ROL,FLG_ESTADO,DES_COMENTARIO) values ('260','4','1',null);
Insert into MRVMM.T_MAE_USUARIO_ROL (ID_USUARIO,ID_ROL,FLG_ESTADO,DES_COMENTARIO) values ('280','1','1',null);
Insert into MRVMM.T_MAE_USUARIO_ROL (ID_USUARIO,ID_ROL,FLG_ESTADO,DES_COMENTARIO) values ('140','1','1',null);
Insert into MRVMM.T_MAE_USUARIO_ROL (ID_USUARIO,ID_ROL,FLG_ESTADO,DES_COMENTARIO) values ('241','2','1',null);
Insert into MRVMM.T_MAE_USUARIO_ROL (ID_USUARIO,ID_ROL,FLG_ESTADO,DES_COMENTARIO) values ('261','3','1',null);
Insert into MRVMM.T_MAE_USUARIO_ROL (ID_USUARIO,ID_ROL,FLG_ESTADO,DES_COMENTARIO) values ('200','1','1',null);
Insert into MRVMM.T_MAE_USUARIO_ROL (ID_USUARIO,ID_ROL,FLG_ESTADO,DES_COMENTARIO) values ('121','1','1',null);
Insert into MRVMM.T_MAE_USUARIO_ROL (ID_USUARIO,ID_ROL,FLG_ESTADO,DES_COMENTARIO) values ('123','5','1',null);
Insert into MRVMM.T_MAE_USUARIO_ROL (ID_USUARIO,ID_ROL,FLG_ESTADO,DES_COMENTARIO) values ('122','4','1',null);
Insert into MRVMM.T_MAE_USUARIO_ROL (ID_USUARIO,ID_ROL,FLG_ESTADO,DES_COMENTARIO) values ('120','1','1',null);
Insert into MRVMM.T_MAE_USUARIO_ROL (ID_USUARIO,ID_ROL,FLG_ESTADO,DES_COMENTARIO) values ('124','2','1',null);
Insert into MRVMM.T_MAE_USUARIO_ROL (ID_USUARIO,ID_ROL,FLG_ESTADO,DES_COMENTARIO) values ('104','2','1',null);
Insert into MRVMM.T_MAE_USUARIO_ROL (ID_USUARIO,ID_ROL,FLG_ESTADO,DES_COMENTARIO) values ('100','1','1',null);
Insert into MRVMM.T_MAE_USUARIO_ROL (ID_USUARIO,ID_ROL,FLG_ESTADO,DES_COMENTARIO) values ('101','1','1',null);
Insert into MRVMM.T_MAE_USUARIO_ROL (ID_USUARIO,ID_ROL,FLG_ESTADO,DES_COMENTARIO) values ('103','1','1',null);
Insert into MRVMM.T_MAE_USUARIO_ROL (ID_USUARIO,ID_ROL,FLG_ESTADO,DES_COMENTARIO) values ('106','1','1',null);
Insert into MRVMM.T_MAE_USUARIO_ROL (ID_USUARIO,ID_ROL,FLG_ESTADO,DES_COMENTARIO) values ('107','4','1',null);
Insert into MRVMM.T_MAE_USUARIO_ROL (ID_USUARIO,ID_ROL,FLG_ESTADO,DES_COMENTARIO) values ('1','4','1',null);
Insert into MRVMM.T_MAE_USUARIO_ROL (ID_USUARIO,ID_ROL,FLG_ESTADO,DES_COMENTARIO) values ('105','1','1',null);
Insert into MRVMM.T_MAE_USUARIO_ROL (ID_USUARIO,ID_ROL,FLG_ESTADO,DES_COMENTARIO) values ('22','3','1',null);
Insert into MRVMM.T_MAE_USUARIO_ROL (ID_USUARIO,ID_ROL,FLG_ESTADO,DES_COMENTARIO) values ('45','5','1',null);
Insert into MRVMM.T_MAE_USUARIO_ROL (ID_USUARIO,ID_ROL,FLG_ESTADO,DES_COMENTARIO) values ('81','2','1',null);
Insert into MRVMM.T_MAE_USUARIO_ROL (ID_USUARIO,ID_ROL,FLG_ESTADO,DES_COMENTARIO) values ('102','1','1',null);
Insert into MRVMM.T_MAE_USUARIO_ROL (ID_USUARIO,ID_ROL,FLG_ESTADO,DES_COMENTARIO) values ('160','1','1',null);
Insert into MRVMM.T_MAE_USUARIO_ROL (ID_USUARIO,ID_ROL,FLG_ESTADO,DES_COMENTARIO) values ('180','1','1',null);
Insert into MRVMM.T_MAE_USUARIO_ROL (ID_USUARIO,ID_ROL,FLG_ESTADO,DES_COMENTARIO) values ('181','1','1',null);
Insert into MRVMM.T_MAE_USUARIO_ROL (ID_USUARIO,ID_ROL,FLG_ESTADO,DES_COMENTARIO) values ('182','1','1',null);
Insert into MRVMM.T_MAE_USUARIO_ROL (ID_USUARIO,ID_ROL,FLG_ESTADO,DES_COMENTARIO) values ('183','1','1',null);
Insert into MRVMM.T_MAE_USUARIO_ROL (ID_USUARIO,ID_ROL,FLG_ESTADO,DES_COMENTARIO) values ('220','1','1',null);
Insert into MRVMM.T_MAE_USUARIO_ROL (ID_USUARIO,ID_ROL,FLG_ESTADO,DES_COMENTARIO) values ('221','1','1',null);
Insert into MRVMM.T_MAE_USUARIO_ROL (ID_USUARIO,ID_ROL,FLG_ESTADO,DES_COMENTARIO) values ('240','1','1',null);
Insert into MRVMM.T_MAE_USUARIO_ROL (ID_USUARIO,ID_ROL,FLG_ESTADO,DES_COMENTARIO) values ('281','1','1',null);
