--------------------------------------------------------
-- Archivo creado  - jueves-abril-30-2020   
--------------------------------------------------------

Insert into MRVMM.T_MAEM_TIPO_DATO (ID_TIPO_DATO,TIPO_DATO) values ('1','FECHA');
Insert into MRVMM.T_MAEM_TIPO_DATO (ID_TIPO_DATO,TIPO_DATO) values ('2','NUMERO');
Insert into MRVMM.T_MAEM_TIPO_DATO (ID_TIPO_DATO,TIPO_DATO) values ('3','CARACTER');

Insert into MRVMM.T_MAEM_TIPO_CONTROL (ID_TIPO_CONTROL,TIPO_CONTROL) values ('1','LISTA');
Insert into MRVMM.T_MAEM_TIPO_CONTROL (ID_TIPO_CONTROL,TIPO_CONTROL) values ('2','TEXTO');

Insert into MRVMM.T_MAEM_MRV_PARAMETRO (ID_PARAMETRO,ID_TIPO_CONTROL,ID_TIPO_DATO,NOMBRE_PARAMETRO,EDITABLE,VERIFICABLE,FLG_ESTADO,ID_PREFIJO,ID_UNIDAD_MEDIDA,DESCRIPCION_UNIDAD,COMBINACION_UNIDAD,DESCRIPCION_PARAMETRO,LEYENDA_PARAMETRO,DESCRIPCION_METODOLOGIA,PROCEDIMIENTO,CONTROL_CALIDAD,ASEGURAMIENTO_CALIDAD,PROPOSITO,FRECUENCIA) values ('31','1','2','FUENTE COCCION INIC','1','1','1',null,null,null,'t','Refiere a la cantidad total de leña consumida durante un año por la iniciativa o proyecto','toneladas','Se aproxima el consumo total de leña en base a valores predeterminados de los consumos de leña por tipo de cocina, la región y según la cantidad de miembros en la familia.','Se aproxima el consumo total de leña en base a valores predeterminados de los consumos de leña por tipo de cocina, la región y según la cantidad de miembros en la familia.','El especialista encargado revisa datos de entrada, cálculos obtenidos y resultados en reporte de cada iniciativa considerada.','Administrador revisa los datos de entrada y asegura que el valor finalmente utilizado sea el correcto.','Permite conocer el consumo de leña de las cocinas tradicionales','Anual');
Insert into MRVMM.T_MAEM_MRV_PARAMETRO (ID_PARAMETRO,ID_TIPO_CONTROL,ID_TIPO_DATO,NOMBRE_PARAMETRO,EDITABLE,VERIFICABLE,FLG_ESTADO,ID_PREFIJO,ID_UNIDAD_MEDIDA,DESCRIPCION_UNIDAD,COMBINACION_UNIDAD,DESCRIPCION_PARAMETRO,LEYENDA_PARAMETRO,DESCRIPCION_METODOLOGIA,PROCEDIMIENTO,CONTROL_CALIDAD,ASEGURAMIENTO_CALIDAD,PROPOSITO,FRECUENCIA) values ('32','2','1','INICIO OPERACIONES (COCCION)','1','1','1',null,null,null,null,'Fecha en que la iniciativa empieza a operar',null,null,null,null,null,null,null);
Insert into MRVMM.T_MAEM_MRV_PARAMETRO (ID_PARAMETRO,ID_TIPO_CONTROL,ID_TIPO_DATO,NOMBRE_PARAMETRO,EDITABLE,VERIFICABLE,FLG_ESTADO,ID_PREFIJO,ID_UNIDAD_MEDIDA,DESCRIPCION_UNIDAD,COMBINACION_UNIDAD,DESCRIPCION_PARAMETRO,LEYENDA_PARAMETRO,DESCRIPCION_METODOLOGIA,PROCEDIMIENTO,CONTROL_CALIDAD,ASEGURAMIENTO_CALIDAD,PROPOSITO,FRECUENCIA) values ('1','1',null,'TIPO DE VEHÍCULO','1','1','1',null,null,null,'km','Categoria del vehiculo','kilometros','Refiere a la distancia total que recorre el vehículo durante un año específico','Diferencias entre registros del kilometraje recorrido entre años','Revisión de registros de distancia recorrida y sus medios sustentatorios','Revisión de registros de distancia recorrida y sus medios sustentatorios','Estimar las emisiones de GEI que se generan por los desplazamientos de distintos tipos de vehículos y según el combustible que consuma.','Anual');
Insert into MRVMM.T_MAEM_MRV_PARAMETRO (ID_PARAMETRO,ID_TIPO_CONTROL,ID_TIPO_DATO,NOMBRE_PARAMETRO,EDITABLE,VERIFICABLE,FLG_ESTADO,ID_PREFIJO,ID_UNIDAD_MEDIDA,DESCRIPCION_UNIDAD,COMBINACION_UNIDAD,DESCRIPCION_PARAMETRO,LEYENDA_PARAMETRO,DESCRIPCION_METODOLOGIA,PROCEDIMIENTO,CONTROL_CALIDAD,ASEGURAMIENTO_CALIDAD,PROPOSITO,FRECUENCIA) values ('2','2','1','INICIO DE OPERACIONES','1','0','1',null,null,null,null,'Fecha en que la iniciativa empieza a operar',null,null,null,null,null,null,null);
Insert into MRVMM.T_MAEM_MRV_PARAMETRO (ID_PARAMETRO,ID_TIPO_CONTROL,ID_TIPO_DATO,NOMBRE_PARAMETRO,EDITABLE,VERIFICABLE,FLG_ESTADO,ID_PREFIJO,ID_UNIDAD_MEDIDA,DESCRIPCION_UNIDAD,COMBINACION_UNIDAD,DESCRIPCION_PARAMETRO,LEYENDA_PARAMETRO,DESCRIPCION_METODOLOGIA,PROCEDIMIENTO,CONTROL_CALIDAD,ASEGURAMIENTO_CALIDAD,PROPOSITO,FRECUENCIA) values ('3','1',null,'TIPO DE COMBUSTIBLE','1','1','1',null,null,null,null,'Combustible del vehiculo que ha sido reemplazado',null,null,null,null,null,null,null);
Insert into MRVMM.T_MAEM_MRV_PARAMETRO (ID_PARAMETRO,ID_TIPO_CONTROL,ID_TIPO_DATO,NOMBRE_PARAMETRO,EDITABLE,VERIFICABLE,FLG_ESTADO,ID_PREFIJO,ID_UNIDAD_MEDIDA,DESCRIPCION_UNIDAD,COMBINACION_UNIDAD,DESCRIPCION_PARAMETRO,LEYENDA_PARAMETRO,DESCRIPCION_METODOLOGIA,PROCEDIMIENTO,CONTROL_CALIDAD,ASEGURAMIENTO_CALIDAD,PROPOSITO,FRECUENCIA) values ('4','2','2','KRV ELÉCTRICO','1','1','1',null,null,null,'km','Distancia recorrida anualmente por vehiculo del proyecto','kilometros','Refiere a la distancia total que recorre el vehículo durante un año específico','Diferencias entre registros del kilometraje recorrido entre años','Revisión de registros de distancia recorrida y sus medios sustentatorios','Revisión de registros de distancia recorrida y sus medios sustentatorios','Calcular la cantidad de combustible consumido y con esto las emisiones de GEI asociadas','Anual');
Insert into MRVMM.T_MAEM_MRV_PARAMETRO (ID_PARAMETRO,ID_TIPO_CONTROL,ID_TIPO_DATO,NOMBRE_PARAMETRO,EDITABLE,VERIFICABLE,FLG_ESTADO,ID_PREFIJO,ID_UNIDAD_MEDIDA,DESCRIPCION_UNIDAD,COMBINACION_UNIDAD,DESCRIPCION_PARAMETRO,LEYENDA_PARAMETRO,DESCRIPCION_METODOLOGIA,PROCEDIMIENTO,CONTROL_CALIDAD,ASEGURAMIENTO_CALIDAD,PROPOSITO,FRECUENCIA) values ('5','2','3','PLACA','1','0','1',null,null,null,'Número de unidades','Número de placa del vehículo','Refiere a la cantidad de vehículos adquiridos en la iniciativa','Cuantificación en base a las placas de los vehículos','Cuantificación en base a las placas de los vehículos','Revisión de registros de placas y características de los vehículos','Revisión de registros de placas y características de los vehículos','Calcular las emisiones de GEI de toda la flota vehícular de la iniciativa','Anual');
Insert into MRVMM.T_MAEM_MRV_PARAMETRO (ID_PARAMETRO,ID_TIPO_CONTROL,ID_TIPO_DATO,NOMBRE_PARAMETRO,EDITABLE,VERIFICABLE,FLG_ESTADO,ID_PREFIJO,ID_UNIDAD_MEDIDA,DESCRIPCION_UNIDAD,COMBINACION_UNIDAD,DESCRIPCION_PARAMETRO,LEYENDA_PARAMETRO,DESCRIPCION_METODOLOGIA,PROCEDIMIENTO,CONTROL_CALIDAD,ASEGURAMIENTO_CALIDAD,PROPOSITO,FRECUENCIA) values ('6','1',null,'AÑO','1','1','1',null,null,null,null,'Año al que corresponde el registro',null,null,null,null,null,null,null);
Insert into MRVMM.T_MAEM_MRV_PARAMETRO (ID_PARAMETRO,ID_TIPO_CONTROL,ID_TIPO_DATO,NOMBRE_PARAMETRO,EDITABLE,VERIFICABLE,FLG_ESTADO,ID_PREFIJO,ID_UNIDAD_MEDIDA,DESCRIPCION_UNIDAD,COMBINACION_UNIDAD,DESCRIPCION_PARAMETRO,LEYENDA_PARAMETRO,DESCRIPCION_METODOLOGIA,PROCEDIMIENTO,CONTROL_CALIDAD,ASEGURAMIENTO_CALIDAD,PROPOSITO,FRECUENCIA) values ('7','2','2','CONSUMO DE ELECTRICIDAD','1','1','1',null,null,null,null,'Valor de consumo en megavatios por hora',null,null,null,null,null,null,null);
Insert into MRVMM.T_MAEM_MRV_PARAMETRO (ID_PARAMETRO,ID_TIPO_CONTROL,ID_TIPO_DATO,NOMBRE_PARAMETRO,EDITABLE,VERIFICABLE,FLG_ESTADO,ID_PREFIJO,ID_UNIDAD_MEDIDA,DESCRIPCION_UNIDAD,COMBINACION_UNIDAD,DESCRIPCION_PARAMETRO,LEYENDA_PARAMETRO,DESCRIPCION_METODOLOGIA,PROCEDIMIENTO,CONTROL_CALIDAD,ASEGURAMIENTO_CALIDAD,PROPOSITO,FRECUENCIA) values ('8','2','2','CONSUMO DE COMBUSTIBLE','1','1','1',null,null,null,null,'cantidad de galones al año',null,null,null,null,null,null,null);
Insert into MRVMM.T_MAEM_MRV_PARAMETRO (ID_PARAMETRO,ID_TIPO_CONTROL,ID_TIPO_DATO,NOMBRE_PARAMETRO,EDITABLE,VERIFICABLE,FLG_ESTADO,ID_PREFIJO,ID_UNIDAD_MEDIDA,DESCRIPCION_UNIDAD,COMBINACION_UNIDAD,DESCRIPCION_PARAMETRO,LEYENDA_PARAMETRO,DESCRIPCION_METODOLOGIA,PROCEDIMIENTO,CONTROL_CALIDAD,ASEGURAMIENTO_CALIDAD,PROPOSITO,FRECUENCIA) values ('9','2','2','LÍNEA BASE EMISIONES GEI','0','0','1',null,'1','CO2eq',null,null,null,null,null,null,null,null,null);
Insert into MRVMM.T_MAEM_MRV_PARAMETRO (ID_PARAMETRO,ID_TIPO_CONTROL,ID_TIPO_DATO,NOMBRE_PARAMETRO,EDITABLE,VERIFICABLE,FLG_ESTADO,ID_PREFIJO,ID_UNIDAD_MEDIDA,DESCRIPCION_UNIDAD,COMBINACION_UNIDAD,DESCRIPCION_PARAMETRO,LEYENDA_PARAMETRO,DESCRIPCION_METODOLOGIA,PROCEDIMIENTO,CONTROL_CALIDAD,ASEGURAMIENTO_CALIDAD,PROPOSITO,FRECUENCIA) values ('10','2','2','INICIATIVA MITIGACIÓN EMISIONES GEI','0','0','1',null,'1','CO2eq',null,null,null,null,null,null,null,null,null);
Insert into MRVMM.T_MAEM_MRV_PARAMETRO (ID_PARAMETRO,ID_TIPO_CONTROL,ID_TIPO_DATO,NOMBRE_PARAMETRO,EDITABLE,VERIFICABLE,FLG_ESTADO,ID_PREFIJO,ID_UNIDAD_MEDIDA,DESCRIPCION_UNIDAD,COMBINACION_UNIDAD,DESCRIPCION_PARAMETRO,LEYENDA_PARAMETRO,DESCRIPCION_METODOLOGIA,PROCEDIMIENTO,CONTROL_CALIDAD,ASEGURAMIENTO_CALIDAD,PROPOSITO,FRECUENCIA) values ('11','2','2','EMISIONES GEI REDUCIDAS','0','0','1',null,'1','CO2eq','tCO2e/km','Reducción de CO2eq','Toneladas de dióxido de carbono equivalente emitidos por cada kilómetro recorrido','Refiere a las emisiones de GEI generadas por cada kilometro recorrido según tipo de vehículo y combustible consumido','Se calculan en base a los rendimientos promedio (km/energía) de cada tipo de vehículo, los mismos que provienen de un estudio de encuestas a muestra representativa. La energía luego es llevada a GEI utilizando factores de emisión del consumo eléctrico.','Se revisa que los datos utilizados sean correctamente seleccionados del libro de cálculo.','Administrador revisa que se utiliza el factor de emisión específico.','Estimar las emisiones de GEI que se generan por los desplazamientos de distintos tipos de vehículos y según el combustible que consuma','Anual');
Insert into MRVMM.T_MAEM_MRV_PARAMETRO (ID_PARAMETRO,ID_TIPO_CONTROL,ID_TIPO_DATO,NOMBRE_PARAMETRO,EDITABLE,VERIFICABLE,FLG_ESTADO,ID_PREFIJO,ID_UNIDAD_MEDIDA,DESCRIPCION_UNIDAD,COMBINACION_UNIDAD,DESCRIPCION_PARAMETRO,LEYENDA_PARAMETRO,DESCRIPCION_METODOLOGIA,PROCEDIMIENTO,CONTROL_CALIDAD,ASEGURAMIENTO_CALIDAD,PROPOSITO,FRECUENCIA) values ('12','2','2','CANTIDAD (hp)','1','1','1',null,null,null,null,'Número de unidades de este tipo o clase',null,null,null,null,null,null,null);
Insert into MRVMM.T_MAEM_MRV_PARAMETRO (ID_PARAMETRO,ID_TIPO_CONTROL,ID_TIPO_DATO,NOMBRE_PARAMETRO,EDITABLE,VERIFICABLE,FLG_ESTADO,ID_PREFIJO,ID_UNIDAD_MEDIDA,DESCRIPCION_UNIDAD,COMBINACION_UNIDAD,DESCRIPCION_PARAMETRO,LEYENDA_PARAMETRO,DESCRIPCION_METODOLOGIA,PROCEDIMIENTO,CONTROL_CALIDAD,ASEGURAMIENTO_CALIDAD,PROPOSITO,FRECUENCIA) values ('13','2','2','FACTOR DE RENDIMIENTO','1','1','1',null,null,null,'kWh/km','Refiere a la distancia total que recorre el vehículo durante un año específico','Refiere a la distancia total que recorre el vehículo durante un año específico','Diferencias entre registros del kilometraje recorrido entre años','Diferencias entre registros del kilometraje recorrido entre años','Revisión de registros de distancia recorrida y sus medios sustentatorios','Revisión de registros de distancia recorrida y sus medios sustentatorios','Calcular la cantidad de combustible consumido y con esto las emisiones de GEI asociadas','Anual');
Insert into MRVMM.T_MAEM_MRV_PARAMETRO (ID_PARAMETRO,ID_TIPO_CONTROL,ID_TIPO_DATO,NOMBRE_PARAMETRO,EDITABLE,VERIFICABLE,FLG_ESTADO,ID_PREFIJO,ID_UNIDAD_MEDIDA,DESCRIPCION_UNIDAD,COMBINACION_UNIDAD,DESCRIPCION_PARAMETRO,LEYENDA_PARAMETRO,DESCRIPCION_METODOLOGIA,PROCEDIMIENTO,CONTROL_CALIDAD,ASEGURAMIENTO_CALIDAD,PROPOSITO,FRECUENCIA) values ('14','1',null,'TIPO DE FUENTE','1','1','1',null,null,null,null,null,null,null,null,null,null,null,null);
Insert into MRVMM.T_MAEM_MRV_PARAMETRO (ID_PARAMETRO,ID_TIPO_CONTROL,ID_TIPO_DATO,NOMBRE_PARAMETRO,EDITABLE,VERIFICABLE,FLG_ESTADO,ID_PREFIJO,ID_UNIDAD_MEDIDA,DESCRIPCION_UNIDAD,COMBINACION_UNIDAD,DESCRIPCION_PARAMETRO,LEYENDA_PARAMETRO,DESCRIPCION_METODOLOGIA,PROCEDIMIENTO,CONTROL_CALIDAD,ASEGURAMIENTO_CALIDAD,PROPOSITO,FRECUENCIA) values ('21','1','2','CAPACIDAD','1','1','1',null,null,null,null,'Potencia o consumo del equipo',null,null,null,null,null,null,null);
Insert into MRVMM.T_MAEM_MRV_PARAMETRO (ID_PARAMETRO,ID_TIPO_CONTROL,ID_TIPO_DATO,NOMBRE_PARAMETRO,EDITABLE,VERIFICABLE,FLG_ESTADO,ID_PREFIJO,ID_UNIDAD_MEDIDA,DESCRIPCION_UNIDAD,COMBINACION_UNIDAD,DESCRIPCION_PARAMETRO,LEYENDA_PARAMETRO,DESCRIPCION_METODOLOGIA,PROCEDIMIENTO,CONTROL_CALIDAD,ASEGURAMIENTO_CALIDAD,PROPOSITO,FRECUENCIA) values ('22','1','3','CLASE (ETIQUETA) BAU','1','1','1',null,null,null,null,'Letra de la etiqueea antes de la implementación',null,null,null,null,null,null,null);
Insert into MRVMM.T_MAEM_MRV_PARAMETRO (ID_PARAMETRO,ID_TIPO_CONTROL,ID_TIPO_DATO,NOMBRE_PARAMETRO,EDITABLE,VERIFICABLE,FLG_ESTADO,ID_PREFIJO,ID_UNIDAD_MEDIDA,DESCRIPCION_UNIDAD,COMBINACION_UNIDAD,DESCRIPCION_PARAMETRO,LEYENDA_PARAMETRO,DESCRIPCION_METODOLOGIA,PROCEDIMIENTO,CONTROL_CALIDAD,ASEGURAMIENTO_CALIDAD,PROPOSITO,FRECUENCIA) values ('23','1','3','CLASE (ETIQUETA) INICIATIVA','1','1','1',null,null,null,null,'Letra de la etiqueta posterior a la implm',null,null,null,null,null,null,null);
Insert into MRVMM.T_MAEM_MRV_PARAMETRO (ID_PARAMETRO,ID_TIPO_CONTROL,ID_TIPO_DATO,NOMBRE_PARAMETRO,EDITABLE,VERIFICABLE,FLG_ESTADO,ID_PREFIJO,ID_UNIDAD_MEDIDA,DESCRIPCION_UNIDAD,COMBINACION_UNIDAD,DESCRIPCION_PARAMETRO,LEYENDA_PARAMETRO,DESCRIPCION_METODOLOGIA,PROCEDIMIENTO,CONTROL_CALIDAD,ASEGURAMIENTO_CALIDAD,PROPOSITO,FRECUENCIA) values ('28','1','2','CATEGORIA(8-10)','1','1','1',null,null,null,null,'Según el reglamento técnico de EEE',null,null,null,null,null,null,null);
Insert into MRVMM.T_MAEM_MRV_PARAMETRO (ID_PARAMETRO,ID_TIPO_CONTROL,ID_TIPO_DATO,NOMBRE_PARAMETRO,EDITABLE,VERIFICABLE,FLG_ESTADO,ID_PREFIJO,ID_UNIDAD_MEDIDA,DESCRIPCION_UNIDAD,COMBINACION_UNIDAD,DESCRIPCION_PARAMETRO,LEYENDA_PARAMETRO,DESCRIPCION_METODOLOGIA,PROCEDIMIENTO,CONTROL_CALIDAD,ASEGURAMIENTO_CALIDAD,PROPOSITO,FRECUENCIA) values ('29','1','2','CAPACIDAD CONGELA','1','1','1',null,null,null,null,'Capacidad de la refrigeradora en litros',null,null,null,null,null,null,null);
Insert into MRVMM.T_MAEM_MRV_PARAMETRO (ID_PARAMETRO,ID_TIPO_CONTROL,ID_TIPO_DATO,NOMBRE_PARAMETRO,EDITABLE,VERIFICABLE,FLG_ESTADO,ID_PREFIJO,ID_UNIDAD_MEDIDA,DESCRIPCION_UNIDAD,COMBINACION_UNIDAD,DESCRIPCION_PARAMETRO,LEYENDA_PARAMETRO,DESCRIPCION_METODOLOGIA,PROCEDIMIENTO,CONTROL_CALIDAD,ASEGURAMIENTO_CALIDAD,PROPOSITO,FRECUENCIA) values ('42','1','2','COMBUSTIBLE BAU','1','1','1',null,null,null,null,null,null,null,null,null,null,null,null);
Insert into MRVMM.T_MAEM_MRV_PARAMETRO (ID_PARAMETRO,ID_TIPO_CONTROL,ID_TIPO_DATO,NOMBRE_PARAMETRO,EDITABLE,VERIFICABLE,FLG_ESTADO,ID_PREFIJO,ID_UNIDAD_MEDIDA,DESCRIPCION_UNIDAD,COMBINACION_UNIDAD,DESCRIPCION_PARAMETRO,LEYENDA_PARAMETRO,DESCRIPCION_METODOLOGIA,PROCEDIMIENTO,CONTROL_CALIDAD,ASEGURAMIENTO_CALIDAD,PROPOSITO,FRECUENCIA) values ('43','1','2','COMBUSTIBLE INI','1','1','1',null,null,null,null,null,null,null,null,null,null,null,null);
Insert into MRVMM.T_MAEM_MRV_PARAMETRO (ID_PARAMETRO,ID_TIPO_CONTROL,ID_TIPO_DATO,NOMBRE_PARAMETRO,EDITABLE,VERIFICABLE,FLG_ESTADO,ID_PREFIJO,ID_UNIDAD_MEDIDA,DESCRIPCION_UNIDAD,COMBINACION_UNIDAD,DESCRIPCION_PARAMETRO,LEYENDA_PARAMETRO,DESCRIPCION_METODOLOGIA,PROCEDIMIENTO,CONTROL_CALIDAD,ASEGURAMIENTO_CALIDAD,PROPOSITO,FRECUENCIA) values ('44','2','2','CONSUMO ANUAL BAU','1','1','1',null,null,null,null,null,null,null,null,null,null,null,null);
Insert into MRVMM.T_MAEM_MRV_PARAMETRO (ID_PARAMETRO,ID_TIPO_CONTROL,ID_TIPO_DATO,NOMBRE_PARAMETRO,EDITABLE,VERIFICABLE,FLG_ESTADO,ID_PREFIJO,ID_UNIDAD_MEDIDA,DESCRIPCION_UNIDAD,COMBINACION_UNIDAD,DESCRIPCION_PARAMETRO,LEYENDA_PARAMETRO,DESCRIPCION_METODOLOGIA,PROCEDIMIENTO,CONTROL_CALIDAD,ASEGURAMIENTO_CALIDAD,PROPOSITO,FRECUENCIA) values ('45','2','2','CONSUMO ANUAL INI','1','1','1',null,null,null,null,null,null,null,null,null,null,null,null);
Insert into MRVMM.T_MAEM_MRV_PARAMETRO (ID_PARAMETRO,ID_TIPO_CONTROL,ID_TIPO_DATO,NOMBRE_PARAMETRO,EDITABLE,VERIFICABLE,FLG_ESTADO,ID_PREFIJO,ID_UNIDAD_MEDIDA,DESCRIPCION_UNIDAD,COMBINACION_UNIDAD,DESCRIPCION_PARAMETRO,LEYENDA_PARAMETRO,DESCRIPCION_METODOLOGIA,PROCEDIMIENTO,CONTROL_CALIDAD,ASEGURAMIENTO_CALIDAD,PROPOSITO,FRECUENCIA) values ('46','2','2','PRODUCCION ANUAL BAU','1','1','1',null,null,null,null,null,null,null,null,null,null,null,null);
Insert into MRVMM.T_MAEM_MRV_PARAMETRO (ID_PARAMETRO,ID_TIPO_CONTROL,ID_TIPO_DATO,NOMBRE_PARAMETRO,EDITABLE,VERIFICABLE,FLG_ESTADO,ID_PREFIJO,ID_UNIDAD_MEDIDA,DESCRIPCION_UNIDAD,COMBINACION_UNIDAD,DESCRIPCION_PARAMETRO,LEYENDA_PARAMETRO,DESCRIPCION_METODOLOGIA,PROCEDIMIENTO,CONTROL_CALIDAD,ASEGURAMIENTO_CALIDAD,PROPOSITO,FRECUENCIA) values ('52','1',null,'ENERGETICO (BAU)','1','1','1',null,null,null,'n.a.','Energía que hace funcionar al calentador','n.a.','n.a.','n.a.','n.a.','n.a.','n.a.','n.a.');
Insert into MRVMM.T_MAEM_MRV_PARAMETRO (ID_PARAMETRO,ID_TIPO_CONTROL,ID_TIPO_DATO,NOMBRE_PARAMETRO,EDITABLE,VERIFICABLE,FLG_ESTADO,ID_PREFIJO,ID_UNIDAD_MEDIDA,DESCRIPCION_UNIDAD,COMBINACION_UNIDAD,DESCRIPCION_PARAMETRO,LEYENDA_PARAMETRO,DESCRIPCION_METODOLOGIA,PROCEDIMIENTO,CONTROL_CALIDAD,ASEGURAMIENTO_CALIDAD,PROPOSITO,FRECUENCIA) values ('53','1',null,'ENERGETICO (INIC)','0','0','1',null,null,null,'n.a.','Energía que hace funcionar al calentador','n.a.','n.a.','n.a.','n.a.','n.a.','n.a.','n.a.');
Insert into MRVMM.T_MAEM_MRV_PARAMETRO (ID_PARAMETRO,ID_TIPO_CONTROL,ID_TIPO_DATO,NOMBRE_PARAMETRO,EDITABLE,VERIFICABLE,FLG_ESTADO,ID_PREFIJO,ID_UNIDAD_MEDIDA,DESCRIPCION_UNIDAD,COMBINACION_UNIDAD,DESCRIPCION_PARAMETRO,LEYENDA_PARAMETRO,DESCRIPCION_METODOLOGIA,PROCEDIMIENTO,CONTROL_CALIDAD,ASEGURAMIENTO_CALIDAD,PROPOSITO,FRECUENCIA) values ('47','2','2','PRODUCCION ANUAL INI','1','1','1',null,null,null,null,null,null,null,null,null,null,null,null);
Insert into MRVMM.T_MAEM_MRV_PARAMETRO (ID_PARAMETRO,ID_TIPO_CONTROL,ID_TIPO_DATO,NOMBRE_PARAMETRO,EDITABLE,VERIFICABLE,FLG_ESTADO,ID_PREFIJO,ID_UNIDAD_MEDIDA,DESCRIPCION_UNIDAD,COMBINACION_UNIDAD,DESCRIPCION_PARAMETRO,LEYENDA_PARAMETRO,DESCRIPCION_METODOLOGIA,PROCEDIMIENTO,CONTROL_CALIDAD,ASEGURAMIENTO_CALIDAD,PROPOSITO,FRECUENCIA) values ('15','2','2','KRV COMBUSTIBLE','1','1','1',null,null,null,'km','Distancia recorrida anualmente por vehiculo del proyecto','kilometros','Refiere a la distancia total que recorre el vehículo durante un año específico','Diferencias entre registros del kilometraje recorrido entre años','Revisión de registros de distancia recorrida y sus medios sustentatorios','Revisión de registros de distancia recorrida y sus medios sustentatorios','Calcular la cantidad de combustible consumido y con esto las emisiones de GEI asociadas','Anual');
Insert into MRVMM.T_MAEM_MRV_PARAMETRO (ID_PARAMETRO,ID_TIPO_CONTROL,ID_TIPO_DATO,NOMBRE_PARAMETRO,EDITABLE,VERIFICABLE,FLG_ESTADO,ID_PREFIJO,ID_UNIDAD_MEDIDA,DESCRIPCION_UNIDAD,COMBINACION_UNIDAD,DESCRIPCION_PARAMETRO,LEYENDA_PARAMETRO,DESCRIPCION_METODOLOGIA,PROCEDIMIENTO,CONTROL_CALIDAD,ASEGURAMIENTO_CALIDAD,PROPOSITO,FRECUENCIA) values ('16','2','2','ELECTRIDAD GENERADA','1','1','1',null,null,null,'MWh','Valor de electricidad generada','Megavatio por hora','Factor que te permite calcular las emisiones de GEI que se reducen por la instalación de una nueva central de Recursos Energéticos Renovables (RER) debido al desplazamiento de la generación de centrales térmicas emisoras de gases de efecto invernadero (GEI).','Se sigue la metodólogia indicada en: "Tool to calculate the emission factor for an electricity system".','El especialista revisa que se utiliza en los calculos el valor del FE del reporte de validación.','El administrador asegura que se utiliza en los calculos el valor del FE del reporte de validación.','Conocer cuanta emisión de GEI es evitado por cada central de generación RER.','anual');
Insert into MRVMM.T_MAEM_MRV_PARAMETRO (ID_PARAMETRO,ID_TIPO_CONTROL,ID_TIPO_DATO,NOMBRE_PARAMETRO,EDITABLE,VERIFICABLE,FLG_ESTADO,ID_PREFIJO,ID_UNIDAD_MEDIDA,DESCRIPCION_UNIDAD,COMBINACION_UNIDAD,DESCRIPCION_PARAMETRO,LEYENDA_PARAMETRO,DESCRIPCION_METODOLOGIA,PROCEDIMIENTO,CONTROL_CALIDAD,ASEGURAMIENTO_CALIDAD,PROPOSITO,FRECUENCIA) values ('17','1',null,'MES DE INICIO DE OPERACIONES','1','1','1',null,null,null,null,'Mes en que se compro el artefacto',null,null,null,null,null,null,null);
Insert into MRVMM.T_MAEM_MRV_PARAMETRO (ID_PARAMETRO,ID_TIPO_CONTROL,ID_TIPO_DATO,NOMBRE_PARAMETRO,EDITABLE,VERIFICABLE,FLG_ESTADO,ID_PREFIJO,ID_UNIDAD_MEDIDA,DESCRIPCION_UNIDAD,COMBINACION_UNIDAD,DESCRIPCION_PARAMETRO,LEYENDA_PARAMETRO,DESCRIPCION_METODOLOGIA,PROCEDIMIENTO,CONTROL_CALIDAD,ASEGURAMIENTO_CALIDAD,PROPOSITO,FRECUENCIA) values ('18','1',null,'REGION','1','1','1',null,null,null,null,'Regiones del perú',null,null,null,null,null,null,null);
Insert into MRVMM.T_MAEM_MRV_PARAMETRO (ID_PARAMETRO,ID_TIPO_CONTROL,ID_TIPO_DATO,NOMBRE_PARAMETRO,EDITABLE,VERIFICABLE,FLG_ESTADO,ID_PREFIJO,ID_UNIDAD_MEDIDA,DESCRIPCION_UNIDAD,COMBINACION_UNIDAD,DESCRIPCION_PARAMETRO,LEYENDA_PARAMETRO,DESCRIPCION_METODOLOGIA,PROCEDIMIENTO,CONTROL_CALIDAD,ASEGURAMIENTO_CALIDAD,PROPOSITO,FRECUENCIA) values ('24','1','2','CAPACIDAD (L)','1','1','1',null,null,null,null,'Capacidad de la refrigeradora en litros',null,null,null,null,null,null,null);
Insert into MRVMM.T_MAEM_MRV_PARAMETRO (ID_PARAMETRO,ID_TIPO_CONTROL,ID_TIPO_DATO,NOMBRE_PARAMETRO,EDITABLE,VERIFICABLE,FLG_ESTADO,ID_PREFIJO,ID_UNIDAD_MEDIDA,DESCRIPCION_UNIDAD,COMBINACION_UNIDAD,DESCRIPCION_PARAMETRO,LEYENDA_PARAMETRO,DESCRIPCION_METODOLOGIA,PROCEDIMIENTO,CONTROL_CALIDAD,ASEGURAMIENTO_CALIDAD,PROPOSITO,FRECUENCIA) values ('25','1','2','CATEGORIA','1','1','1',null,null,null,null,'Según el reglamento técnico de EEE',null,null,null,null,null,null,null);
Insert into MRVMM.T_MAEM_MRV_PARAMETRO (ID_PARAMETRO,ID_TIPO_CONTROL,ID_TIPO_DATO,NOMBRE_PARAMETRO,EDITABLE,VERIFICABLE,FLG_ESTADO,ID_PREFIJO,ID_UNIDAD_MEDIDA,DESCRIPCION_UNIDAD,COMBINACION_UNIDAD,DESCRIPCION_PARAMETRO,LEYENDA_PARAMETRO,DESCRIPCION_METODOLOGIA,PROCEDIMIENTO,CONTROL_CALIDAD,ASEGURAMIENTO_CALIDAD,PROPOSITO,FRECUENCIA) values ('26','1','3','ETIQUETA BAU','1','1','1',null,null,null,'kWh/año','Etiquetado A, B, C antes de la implementación','Kilovatios hora por año','Refiere a la electricidad que consumirían los equipos que se están dejando de utilizar en el periodo de un año.','Se calcula en base a las propiedades específicas de cada equipo (potencia, capacidad, etc.) y las horas totales','El especialista encargado revisa datos de entrada, cálculos obtenidos y resultados en reporte de cada iniciativa considerada.','Administrador revisa aleatoriamente una muestra representativa de iniciativas (datos de entrada, cálculos y resultados de reporte).','Permite conocer el consumo de electricidad por los equipos energéticos de la línea base','Anual');
Insert into MRVMM.T_MAEM_MRV_PARAMETRO (ID_PARAMETRO,ID_TIPO_CONTROL,ID_TIPO_DATO,NOMBRE_PARAMETRO,EDITABLE,VERIFICABLE,FLG_ESTADO,ID_PREFIJO,ID_UNIDAD_MEDIDA,DESCRIPCION_UNIDAD,COMBINACION_UNIDAD,DESCRIPCION_PARAMETRO,LEYENDA_PARAMETRO,DESCRIPCION_METODOLOGIA,PROCEDIMIENTO,CONTROL_CALIDAD,ASEGURAMIENTO_CALIDAD,PROPOSITO,FRECUENCIA) values ('27','1','3','ETIQUETA) INICIATIVA','1','1','1',null,null,null,'kWh/año','Etiquetado A, B, C posterior a la implementación','Kilovatios hora.año','Refiere a la electricidad que consumen los equipos adquiridos en las iniciativas por el periodo de un año.','Se calcula en base a las propiedades específicas de cada equipo (potencia, capacidad, etc.) y las horas totales aproximadas usadas durante un año.','El especialista encargado revisa datos de entrada, cálculos obtenidos y resultados en reporte de cada iniciativa considerada.','Administrador revisa aleatoriamente una muestra representativa de iniciativas (datos de entrada, cálculos y resultados de reporte).','Permite conocer el consumo de electricidad por los equipos energéticos adquiridos.','Anual');
Insert into MRVMM.T_MAEM_MRV_PARAMETRO (ID_PARAMETRO,ID_TIPO_CONTROL,ID_TIPO_DATO,NOMBRE_PARAMETRO,EDITABLE,VERIFICABLE,FLG_ESTADO,ID_PREFIJO,ID_UNIDAD_MEDIDA,DESCRIPCION_UNIDAD,COMBINACION_UNIDAD,DESCRIPCION_PARAMETRO,LEYENDA_PARAMETRO,DESCRIPCION_METODOLOGIA,PROCEDIMIENTO,CONTROL_CALIDAD,ASEGURAMIENTO_CALIDAD,PROPOSITO,FRECUENCIA) values ('33','2','2','CANTIDAD (FISE)','1','1','1',null,null,null,null,'Número de vales FISE emitidos en el año',null,null,null,null,null,null,null);
Insert into MRVMM.T_MAEM_MRV_PARAMETRO (ID_PARAMETRO,ID_TIPO_CONTROL,ID_TIPO_DATO,NOMBRE_PARAMETRO,EDITABLE,VERIFICABLE,FLG_ESTADO,ID_PREFIJO,ID_UNIDAD_MEDIDA,DESCRIPCION_UNIDAD,COMBINACION_UNIDAD,DESCRIPCION_PARAMETRO,LEYENDA_PARAMETRO,DESCRIPCION_METODOLOGIA,PROCEDIMIENTO,CONTROL_CALIDAD,ASEGURAMIENTO_CALIDAD,PROPOSITO,FRECUENCIA) values ('34','1','2','CAPACIDAD (Lavadora)','1','1','1',null,null,null,null,null,null,null,null,null,null,null,null);
Insert into MRVMM.T_MAEM_MRV_PARAMETRO (ID_PARAMETRO,ID_TIPO_CONTROL,ID_TIPO_DATO,NOMBRE_PARAMETRO,EDITABLE,VERIFICABLE,FLG_ESTADO,ID_PREFIJO,ID_UNIDAD_MEDIDA,DESCRIPCION_UNIDAD,COMBINACION_UNIDAD,DESCRIPCION_PARAMETRO,LEYENDA_PARAMETRO,DESCRIPCION_METODOLOGIA,PROCEDIMIENTO,CONTROL_CALIDAD,ASEGURAMIENTO_CALIDAD,PROPOSITO,FRECUENCIA) values ('35','1','2','CAPACIDAD (Kg)','1','1','1',null,null,null,null,null,null,null,null,null,null,null,null);
Insert into MRVMM.T_MAEM_MRV_PARAMETRO (ID_PARAMETRO,ID_TIPO_CONTROL,ID_TIPO_DATO,NOMBRE_PARAMETRO,EDITABLE,VERIFICABLE,FLG_ESTADO,ID_PREFIJO,ID_UNIDAD_MEDIDA,DESCRIPCION_UNIDAD,COMBINACION_UNIDAD,DESCRIPCION_PARAMETRO,LEYENDA_PARAMETRO,DESCRIPCION_METODOLOGIA,PROCEDIMIENTO,CONTROL_CALIDAD,ASEGURAMIENTO_CALIDAD,PROPOSITO,FRECUENCIA) values ('36','1','2','POTENCIA (Hp)','1','1','1',null,null,null,null,null,null,null,null,null,null,null,null);
Insert into MRVMM.T_MAEM_MRV_PARAMETRO (ID_PARAMETRO,ID_TIPO_CONTROL,ID_TIPO_DATO,NOMBRE_PARAMETRO,EDITABLE,VERIFICABLE,FLG_ESTADO,ID_PREFIJO,ID_UNIDAD_MEDIDA,DESCRIPCION_UNIDAD,COMBINACION_UNIDAD,DESCRIPCION_PARAMETRO,LEYENDA_PARAMETRO,DESCRIPCION_METODOLOGIA,PROCEDIMIENTO,CONTROL_CALIDAD,ASEGURAMIENTO_CALIDAD,PROPOSITO,FRECUENCIA) values ('37','1','3','ETIQUETA BAU Motor','1','1','1',null,null,null,null,null,null,null,null,null,null,null,null);
Insert into MRVMM.T_MAEM_MRV_PARAMETRO (ID_PARAMETRO,ID_TIPO_CONTROL,ID_TIPO_DATO,NOMBRE_PARAMETRO,EDITABLE,VERIFICABLE,FLG_ESTADO,ID_PREFIJO,ID_UNIDAD_MEDIDA,DESCRIPCION_UNIDAD,COMBINACION_UNIDAD,DESCRIPCION_PARAMETRO,LEYENDA_PARAMETRO,DESCRIPCION_METODOLOGIA,PROCEDIMIENTO,CONTROL_CALIDAD,ASEGURAMIENTO_CALIDAD,PROPOSITO,FRECUENCIA) values ('38','1','3','ETIQUETA INI Motor','1','1','1',null,null,null,null,null,null,null,null,null,null,null,null);
Insert into MRVMM.T_MAEM_MRV_PARAMETRO (ID_PARAMETRO,ID_TIPO_CONTROL,ID_TIPO_DATO,NOMBRE_PARAMETRO,EDITABLE,VERIFICABLE,FLG_ESTADO,ID_PREFIJO,ID_UNIDAD_MEDIDA,DESCRIPCION_UNIDAD,COMBINACION_UNIDAD,DESCRIPCION_PARAMETRO,LEYENDA_PARAMETRO,DESCRIPCION_METODOLOGIA,PROCEDIMIENTO,CONTROL_CALIDAD,ASEGURAMIENTO_CALIDAD,PROPOSITO,FRECUENCIA) values ('39','1','2','CAPACIDAD (BTU)','1','1','1',null,null,null,null,null,null,null,null,null,null,null,null);
Insert into MRVMM.T_MAEM_MRV_PARAMETRO (ID_PARAMETRO,ID_TIPO_CONTROL,ID_TIPO_DATO,NOMBRE_PARAMETRO,EDITABLE,VERIFICABLE,FLG_ESTADO,ID_PREFIJO,ID_UNIDAD_MEDIDA,DESCRIPCION_UNIDAD,COMBINACION_UNIDAD,DESCRIPCION_PARAMETRO,LEYENDA_PARAMETRO,DESCRIPCION_METODOLOGIA,PROCEDIMIENTO,CONTROL_CALIDAD,ASEGURAMIENTO_CALIDAD,PROPOSITO,FRECUENCIA) values ('48','1','2','TIPO DE AUDITORIA','1','1','1',null,null,null,null,null,null,null,null,null,null,null,null);
Insert into MRVMM.T_MAEM_MRV_PARAMETRO (ID_PARAMETRO,ID_TIPO_CONTROL,ID_TIPO_DATO,NOMBRE_PARAMETRO,EDITABLE,VERIFICABLE,FLG_ESTADO,ID_PREFIJO,ID_UNIDAD_MEDIDA,DESCRIPCION_UNIDAD,COMBINACION_UNIDAD,DESCRIPCION_PARAMETRO,LEYENDA_PARAMETRO,DESCRIPCION_METODOLOGIA,PROCEDIMIENTO,CONTROL_CALIDAD,ASEGURAMIENTO_CALIDAD,PROPOSITO,FRECUENCIA) values ('49','2','3','Auditor','1','0','1',null,null,null,null,'Empresa Auditora',null,null,null,null,null,null,null);
Insert into MRVMM.T_MAEM_MRV_PARAMETRO (ID_PARAMETRO,ID_TIPO_CONTROL,ID_TIPO_DATO,NOMBRE_PARAMETRO,EDITABLE,VERIFICABLE,FLG_ESTADO,ID_PREFIJO,ID_UNIDAD_MEDIDA,DESCRIPCION_UNIDAD,COMBINACION_UNIDAD,DESCRIPCION_PARAMETRO,LEYENDA_PARAMETRO,DESCRIPCION_METODOLOGIA,PROCEDIMIENTO,CONTROL_CALIDAD,ASEGURAMIENTO_CALIDAD,PROPOSITO,FRECUENCIA) values ('50','2','2','GEI Auditoria Base','1','1','1',null,null,null,'kWh/año','GEI Base','Kilovatios hora.año','Refiere a la electricidad que consumirían los equipos que se están dejando de utilizar en el periodo de un año.','Se calcula en base a las propiedades específicas de cada equipo (potencia, capacidad, etc.) y las horas totales aproximadas usadas durante un año.','El especialista encargado revisa datos de entrada, cálculos obtenidos y resultados en reporte de cada iniciativa considerada.','Administrador revisa aleatoriamente una muestra representativa de iniciativas (datos de entrada, cálculos y resultados de reporte).','Permite conocer el consumo de electricidad por los equipos energéticos de la línea base','Anual');
Insert into MRVMM.T_MAEM_MRV_PARAMETRO (ID_PARAMETRO,ID_TIPO_CONTROL,ID_TIPO_DATO,NOMBRE_PARAMETRO,EDITABLE,VERIFICABLE,FLG_ESTADO,ID_PREFIJO,ID_UNIDAD_MEDIDA,DESCRIPCION_UNIDAD,COMBINACION_UNIDAD,DESCRIPCION_PARAMETRO,LEYENDA_PARAMETRO,DESCRIPCION_METODOLOGIA,PROCEDIMIENTO,CONTROL_CALIDAD,ASEGURAMIENTO_CALIDAD,PROPOSITO,FRECUENCIA) values ('51','2','2','GEI Auditoria Iniciativa','1','1','1',null,null,null,'kWh/año','GEI Iniciativa','Kilovatios hora.año','Refiere a la electricidad que consumen los equipos adquiridos en las iniciativas por el periodo de un año.','Se calcula en base a las propiedades específicas de cada equipo (potencia, capacidad, etc.) y las horas totales aproximadas usadas durante un año.','El especialista encargado revisa datos de entrada, cálculos obtenidos y resultados en reporte de cada iniciativa considerada.','Administrador revisa aleatoriamente una muestra representativa de iniciativas (datos de entrada, cálculos y resultados de reporte).','Permite conocer el consumo de electricidad por los equipos energéticos adquiridos.','Anual');
Insert into MRVMM.T_MAEM_MRV_PARAMETRO (ID_PARAMETRO,ID_TIPO_CONTROL,ID_TIPO_DATO,NOMBRE_PARAMETRO,EDITABLE,VERIFICABLE,FLG_ESTADO,ID_PREFIJO,ID_UNIDAD_MEDIDA,DESCRIPCION_UNIDAD,COMBINACION_UNIDAD,DESCRIPCION_PARAMETRO,LEYENDA_PARAMETRO,DESCRIPCION_METODOLOGIA,PROCEDIMIENTO,CONTROL_CALIDAD,ASEGURAMIENTO_CALIDAD,PROPOSITO,FRECUENCIA) values ('40','1','2','CAPACIDAD CALENTADOR(L)','1','1','1',null,null,null,null,null,null,null,null,null,null,null,null);
Insert into MRVMM.T_MAEM_MRV_PARAMETRO (ID_PARAMETRO,ID_TIPO_CONTROL,ID_TIPO_DATO,NOMBRE_PARAMETRO,EDITABLE,VERIFICABLE,FLG_ESTADO,ID_PREFIJO,ID_UNIDAD_MEDIDA,DESCRIPCION_UNIDAD,COMBINACION_UNIDAD,DESCRIPCION_PARAMETRO,LEYENDA_PARAMETRO,DESCRIPCION_METODOLOGIA,PROCEDIMIENTO,CONTROL_CALIDAD,ASEGURAMIENTO_CALIDAD,PROPOSITO,FRECUENCIA) values ('41','1','2','CAPACIDAD CALENTADOR GAS (L)','1','1','1',null,null,null,null,null,null,null,null,null,null,null,null);
Insert into MRVMM.T_MAEM_MRV_PARAMETRO (ID_PARAMETRO,ID_TIPO_CONTROL,ID_TIPO_DATO,NOMBRE_PARAMETRO,EDITABLE,VERIFICABLE,FLG_ESTADO,ID_PREFIJO,ID_UNIDAD_MEDIDA,DESCRIPCION_UNIDAD,COMBINACION_UNIDAD,DESCRIPCION_PARAMETRO,LEYENDA_PARAMETRO,DESCRIPCION_METODOLOGIA,PROCEDIMIENTO,CONTROL_CALIDAD,ASEGURAMIENTO_CALIDAD,PROPOSITO,FRECUENCIA) values ('19','2','2','POTENCIA BASE (W)','1','1','1',null,null,null,'kWh/año','Valor de potencia antes de la implementación','Kilovatios hora.año','Refiere a la electricidad que consumirían los equipos que se están dejando de utilizar en el periodo de un año.','Se calcula en base a las propiedades específicas de cada equipo (potencia, capacidad, etc.) y las horas totales','aproximadas usadas durante un año.','Administrador revisa aleatoriamente una muestra representativa de iniciativas (datos de entrada, cálculos y resultados de reporte).','Permite conocer el consumo de electricidad por los equipos energéticos de la línea base','Anual');
Insert into MRVMM.T_MAEM_MRV_PARAMETRO (ID_PARAMETRO,ID_TIPO_CONTROL,ID_TIPO_DATO,NOMBRE_PARAMETRO,EDITABLE,VERIFICABLE,FLG_ESTADO,ID_PREFIJO,ID_UNIDAD_MEDIDA,DESCRIPCION_UNIDAD,COMBINACION_UNIDAD,DESCRIPCION_PARAMETRO,LEYENDA_PARAMETRO,DESCRIPCION_METODOLOGIA,PROCEDIMIENTO,CONTROL_CALIDAD,ASEGURAMIENTO_CALIDAD,PROPOSITO,FRECUENCIA) values ('20','2','2','POTENCIA INICIATIVA (W)','1','1','1',null,null,null,'kWh/año','Valor de potencia posterior a la implementación','Kilovatios hora.año','Refiere a la electricidad que consumen los equipos adquiridos en las iniciativas por el periodo de un año.','Se calcula en base a las propiedades específicas de cada equipo (potencia, capacidad, etc.) y las horas totales aproximadas usadas durante un año.','El especialista encargado revisa datos de entrada, cálculos obtenidos y resultados en reporte de cada iniciativa considerada.','Administrador revisa aleatoriamente una muestra representativa de iniciativas (datos de entrada, cálculos y resultados de reporte).','Permite conocer el consumo de electricidad por los equipos energéticos adquiridos.','Anual');
Insert into MRVMM.T_MAEM_MRV_PARAMETRO (ID_PARAMETRO,ID_TIPO_CONTROL,ID_TIPO_DATO,NOMBRE_PARAMETRO,EDITABLE,VERIFICABLE,FLG_ESTADO,ID_PREFIJO,ID_UNIDAD_MEDIDA,DESCRIPCION_UNIDAD,COMBINACION_UNIDAD,DESCRIPCION_PARAMETRO,LEYENDA_PARAMETRO,DESCRIPCION_METODOLOGIA,PROCEDIMIENTO,CONTROL_CALIDAD,ASEGURAMIENTO_CALIDAD,PROPOSITO,FRECUENCIA) values ('30','1','2','FUENTE COCCION BASE','1','1','1',null,null,null,'t','Refiere a la cantidad total de leña que se hubiera consumido durante un año en ausencia del proyecto','toneladas','Se aproxima el consumo total de leña en base a valore predeterminados de los consumos de leña según la cantidad de miembros en la familia.','Se aproxima el consumo total de leña en base a valore predeterminados de los consumos de leña según la cantidad de miembros en la familia.','El especialista encargado revisa datos de entrada, cálculos obtenidos y resultados en reporte de cada iniciativa considerada.','Administrador revisa los datos de entrada y asegura que el valor finalmente utilizado sea el correcto.','Permite conocer el consumo de leña de las cocinas tradicionales','Anual');

Insert into MRVMM.T_MAED_MRV_PARAMETRO (ID_PARAMETRO,ID_DETALLE,NOMBRE_DETALLE,FLG_ESTADO) values ('52','1','Gas Natural','1');
Insert into MRVMM.T_MAED_MRV_PARAMETRO (ID_PARAMETRO,ID_DETALLE,NOMBRE_DETALLE,FLG_ESTADO) values ('53','1','Gas Natural','1');
Insert into MRVMM.T_MAED_MRV_PARAMETRO (ID_PARAMETRO,ID_DETALLE,NOMBRE_DETALLE,FLG_ESTADO) values ('53','2','Gas Licuado de Petróleo','1');
Insert into MRVMM.T_MAED_MRV_PARAMETRO (ID_PARAMETRO,ID_DETALLE,NOMBRE_DETALLE,FLG_ESTADO) values ('40','1','15','1');
Insert into MRVMM.T_MAED_MRV_PARAMETRO (ID_PARAMETRO,ID_DETALLE,NOMBRE_DETALLE,FLG_ESTADO) values ('40','2','50','1');
Insert into MRVMM.T_MAED_MRV_PARAMETRO (ID_PARAMETRO,ID_DETALLE,NOMBRE_DETALLE,FLG_ESTADO) values ('40','3','150','1');
Insert into MRVMM.T_MAED_MRV_PARAMETRO (ID_PARAMETRO,ID_DETALLE,NOMBRE_DETALLE,FLG_ESTADO) values ('41','1','30','1');
Insert into MRVMM.T_MAED_MRV_PARAMETRO (ID_PARAMETRO,ID_DETALLE,NOMBRE_DETALLE,FLG_ESTADO) values ('41','2','150','1');
Insert into MRVMM.T_MAED_MRV_PARAMETRO (ID_PARAMETRO,ID_DETALLE,NOMBRE_DETALLE,FLG_ESTADO) values ('30','1','Tres piedras','1');
Insert into MRVMM.T_MAED_MRV_PARAMETRO (ID_PARAMETRO,ID_DETALLE,NOMBRE_DETALLE,FLG_ESTADO) values ('31','1','Inkawasi Tawa ','1');
Insert into MRVMM.T_MAED_MRV_PARAMETRO (ID_PARAMETRO,ID_DETALLE,NOMBRE_DETALLE,FLG_ESTADO) values ('31','2','Inkawasi Pichqa ','1');
Insert into MRVMM.T_MAED_MRV_PARAMETRO (ID_PARAMETRO,ID_DETALLE,NOMBRE_DETALLE,FLG_ESTADO) values ('31','3','Inkawasi 3 Hornillas','1');
Insert into MRVMM.T_MAED_MRV_PARAMETRO (ID_PARAMETRO,ID_DETALLE,NOMBRE_DETALLE,FLG_ESTADO) values ('31','4','Inkawasi Sojta','1');
Insert into MRVMM.T_MAED_MRV_PARAMETRO (ID_PARAMETRO,ID_DETALLE,NOMBRE_DETALLE,FLG_ESTADO) values ('31','5','Inkawasi Plancha','1');
Insert into MRVMM.T_MAED_MRV_PARAMETRO (ID_PARAMETRO,ID_DETALLE,NOMBRE_DETALLE,FLG_ESTADO) values ('31','6','Inkawasi UK','1');
Insert into MRVMM.T_MAED_MRV_PARAMETRO (ID_PARAMETRO,ID_DETALLE,NOMBRE_DETALLE,FLG_ESTADO) values ('31','7','Mejorada Selva ','1');
Insert into MRVMM.T_MAED_MRV_PARAMETRO (ID_PARAMETRO,ID_DETALLE,NOMBRE_DETALLE,FLG_ESTADO) values ('31','8','Caralia','1');
Insert into MRVMM.T_MAED_MRV_PARAMETRO (ID_PARAMETRO,ID_DETALLE,NOMBRE_DETALLE,FLG_ESTADO) values ('31','9','Haku Wiñay (VA)','1');
Insert into MRVMM.T_MAED_MRV_PARAMETRO (ID_PARAMETRO,ID_DETALLE,NOMBRE_DETALLE,FLG_ESTADO) values ('1','1','AUTOMÓVIL','1');
Insert into MRVMM.T_MAED_MRV_PARAMETRO (ID_PARAMETRO,ID_DETALLE,NOMBRE_DETALLE,FLG_ESTADO) values ('1','2','BUS DE 9m','1');
Insert into MRVMM.T_MAED_MRV_PARAMETRO (ID_PARAMETRO,ID_DETALLE,NOMBRE_DETALLE,FLG_ESTADO) values ('1','3','BUS DE 12m','1');
Insert into MRVMM.T_MAED_MRV_PARAMETRO (ID_PARAMETRO,ID_DETALLE,NOMBRE_DETALLE,FLG_ESTADO) values ('1','4','BUS DE 18m','1');
Insert into MRVMM.T_MAED_MRV_PARAMETRO (ID_PARAMETRO,ID_DETALLE,NOMBRE_DETALLE,FLG_ESTADO) values ('1','5','MOTOTAXI','1');
Insert into MRVMM.T_MAED_MRV_PARAMETRO (ID_PARAMETRO,ID_DETALLE,NOMBRE_DETALLE,FLG_ESTADO) values ('1','6','MOTO','1');
Insert into MRVMM.T_MAED_MRV_PARAMETRO (ID_PARAMETRO,ID_DETALLE,NOMBRE_DETALLE,FLG_ESTADO) values ('3','1','GNV','1');
Insert into MRVMM.T_MAED_MRV_PARAMETRO (ID_PARAMETRO,ID_DETALLE,NOMBRE_DETALLE,FLG_ESTADO) values ('3','2','GLP','1');
Insert into MRVMM.T_MAED_MRV_PARAMETRO (ID_PARAMETRO,ID_DETALLE,NOMBRE_DETALLE,FLG_ESTADO) values ('3','3','GASOLINA','1');
Insert into MRVMM.T_MAED_MRV_PARAMETRO (ID_PARAMETRO,ID_DETALLE,NOMBRE_DETALLE,FLG_ESTADO) values ('3','4','DIESEL','1');
Insert into MRVMM.T_MAED_MRV_PARAMETRO (ID_PARAMETRO,ID_DETALLE,NOMBRE_DETALLE,FLG_ESTADO) values ('6','6','2015','1');
Insert into MRVMM.T_MAED_MRV_PARAMETRO (ID_PARAMETRO,ID_DETALLE,NOMBRE_DETALLE,FLG_ESTADO) values ('6','7','2016','1');
Insert into MRVMM.T_MAED_MRV_PARAMETRO (ID_PARAMETRO,ID_DETALLE,NOMBRE_DETALLE,FLG_ESTADO) values ('6','8','2017','1');
Insert into MRVMM.T_MAED_MRV_PARAMETRO (ID_PARAMETRO,ID_DETALLE,NOMBRE_DETALLE,FLG_ESTADO) values ('6','9','2018','1');
Insert into MRVMM.T_MAED_MRV_PARAMETRO (ID_PARAMETRO,ID_DETALLE,NOMBRE_DETALLE,FLG_ESTADO) values ('6','10','2019','1');
Insert into MRVMM.T_MAED_MRV_PARAMETRO (ID_PARAMETRO,ID_DETALLE,NOMBRE_DETALLE,FLG_ESTADO) values ('6','11','2020','1');
Insert into MRVMM.T_MAED_MRV_PARAMETRO (ID_PARAMETRO,ID_DETALLE,NOMBRE_DETALLE,FLG_ESTADO) values ('6','12','2021','1');
Insert into MRVMM.T_MAED_MRV_PARAMETRO (ID_PARAMETRO,ID_DETALLE,NOMBRE_DETALLE,FLG_ESTADO) values ('14','1','Eléctrico','1');
Insert into MRVMM.T_MAED_MRV_PARAMETRO (ID_PARAMETRO,ID_DETALLE,NOMBRE_DETALLE,FLG_ESTADO) values ('14','2','Híbrido','1');
Insert into MRVMM.T_MAED_MRV_PARAMETRO (ID_PARAMETRO,ID_DETALLE,NOMBRE_DETALLE,FLG_ESTADO) values ('21','1','1','1');
Insert into MRVMM.T_MAED_MRV_PARAMETRO (ID_PARAMETRO,ID_DETALLE,NOMBRE_DETALLE,FLG_ESTADO) values ('21','2','2','1');
Insert into MRVMM.T_MAED_MRV_PARAMETRO (ID_PARAMETRO,ID_DETALLE,NOMBRE_DETALLE,FLG_ESTADO) values ('21','3','5','1');
Insert into MRVMM.T_MAED_MRV_PARAMETRO (ID_PARAMETRO,ID_DETALLE,NOMBRE_DETALLE,FLG_ESTADO) values ('21','4','10','1');
Insert into MRVMM.T_MAED_MRV_PARAMETRO (ID_PARAMETRO,ID_DETALLE,NOMBRE_DETALLE,FLG_ESTADO) values ('21','5','25','1');
Insert into MRVMM.T_MAED_MRV_PARAMETRO (ID_PARAMETRO,ID_DETALLE,NOMBRE_DETALLE,FLG_ESTADO) values ('21','6','50','1');
Insert into MRVMM.T_MAED_MRV_PARAMETRO (ID_PARAMETRO,ID_DETALLE,NOMBRE_DETALLE,FLG_ESTADO) values ('21','7','100','1');
Insert into MRVMM.T_MAED_MRV_PARAMETRO (ID_PARAMETRO,ID_DETALLE,NOMBRE_DETALLE,FLG_ESTADO) values ('21','8','200','1');
Insert into MRVMM.T_MAED_MRV_PARAMETRO (ID_PARAMETRO,ID_DETALLE,NOMBRE_DETALLE,FLG_ESTADO) values ('21','9','500','1');
Insert into MRVMM.T_MAED_MRV_PARAMETRO (ID_PARAMETRO,ID_DETALLE,NOMBRE_DETALLE,FLG_ESTADO) values ('21','10','700','1');
Insert into MRVMM.T_MAED_MRV_PARAMETRO (ID_PARAMETRO,ID_DETALLE,NOMBRE_DETALLE,FLG_ESTADO) values ('22','1','A','1');
Insert into MRVMM.T_MAED_MRV_PARAMETRO (ID_PARAMETRO,ID_DETALLE,NOMBRE_DETALLE,FLG_ESTADO) values ('22','2','B','1');
Insert into MRVMM.T_MAED_MRV_PARAMETRO (ID_PARAMETRO,ID_DETALLE,NOMBRE_DETALLE,FLG_ESTADO) values ('22','3','C','1');
Insert into MRVMM.T_MAED_MRV_PARAMETRO (ID_PARAMETRO,ID_DETALLE,NOMBRE_DETALLE,FLG_ESTADO) values ('23','1','A','1');
Insert into MRVMM.T_MAED_MRV_PARAMETRO (ID_PARAMETRO,ID_DETALLE,NOMBRE_DETALLE,FLG_ESTADO) values ('23','2','B','1');
Insert into MRVMM.T_MAED_MRV_PARAMETRO (ID_PARAMETRO,ID_DETALLE,NOMBRE_DETALLE,FLG_ESTADO) values ('23','3','C','1');
Insert into MRVMM.T_MAED_MRV_PARAMETRO (ID_PARAMETRO,ID_DETALLE,NOMBRE_DETALLE,FLG_ESTADO) values ('28','8','8','1');
Insert into MRVMM.T_MAED_MRV_PARAMETRO (ID_PARAMETRO,ID_DETALLE,NOMBRE_DETALLE,FLG_ESTADO) values ('28','9','9','1');
Insert into MRVMM.T_MAED_MRV_PARAMETRO (ID_PARAMETRO,ID_DETALLE,NOMBRE_DETALLE,FLG_ESTADO) values ('28','10','10','1');
Insert into MRVMM.T_MAED_MRV_PARAMETRO (ID_PARAMETRO,ID_DETALLE,NOMBRE_DETALLE,FLG_ESTADO) values ('29','1','120','1');
Insert into MRVMM.T_MAED_MRV_PARAMETRO (ID_PARAMETRO,ID_DETALLE,NOMBRE_DETALLE,FLG_ESTADO) values ('29','2','225','1');
Insert into MRVMM.T_MAED_MRV_PARAMETRO (ID_PARAMETRO,ID_DETALLE,NOMBRE_DETALLE,FLG_ESTADO) values ('29','3','375','1');
Insert into MRVMM.T_MAED_MRV_PARAMETRO (ID_PARAMETRO,ID_DETALLE,NOMBRE_DETALLE,FLG_ESTADO) values ('29','4','575','1');
Insert into MRVMM.T_MAED_MRV_PARAMETRO (ID_PARAMETRO,ID_DETALLE,NOMBRE_DETALLE,FLG_ESTADO) values ('29','5','820','1');
Insert into MRVMM.T_MAED_MRV_PARAMETRO (ID_PARAMETRO,ID_DETALLE,NOMBRE_DETALLE,FLG_ESTADO) values ('42','1','Residual','1');
Insert into MRVMM.T_MAED_MRV_PARAMETRO (ID_PARAMETRO,ID_DETALLE,NOMBRE_DETALLE,FLG_ESTADO) values ('42','2','Diesel','1');
Insert into MRVMM.T_MAED_MRV_PARAMETRO (ID_PARAMETRO,ID_DETALLE,NOMBRE_DETALLE,FLG_ESTADO) values ('42','3','Gas Natural','1');
Insert into MRVMM.T_MAED_MRV_PARAMETRO (ID_PARAMETRO,ID_DETALLE,NOMBRE_DETALLE,FLG_ESTADO) values ('42','4','GLP','1');
Insert into MRVMM.T_MAED_MRV_PARAMETRO (ID_PARAMETRO,ID_DETALLE,NOMBRE_DETALLE,FLG_ESTADO) values ('42','5','Gasolina','1');
Insert into MRVMM.T_MAED_MRV_PARAMETRO (ID_PARAMETRO,ID_DETALLE,NOMBRE_DETALLE,FLG_ESTADO) values ('42','6','BioCombustible','1');
Insert into MRVMM.T_MAED_MRV_PARAMETRO (ID_PARAMETRO,ID_DETALLE,NOMBRE_DETALLE,FLG_ESTADO) values ('43','1','Residual','1');
Insert into MRVMM.T_MAED_MRV_PARAMETRO (ID_PARAMETRO,ID_DETALLE,NOMBRE_DETALLE,FLG_ESTADO) values ('43','2','Diesel','1');
Insert into MRVMM.T_MAED_MRV_PARAMETRO (ID_PARAMETRO,ID_DETALLE,NOMBRE_DETALLE,FLG_ESTADO) values ('43','3','Gas Natural','1');
Insert into MRVMM.T_MAED_MRV_PARAMETRO (ID_PARAMETRO,ID_DETALLE,NOMBRE_DETALLE,FLG_ESTADO) values ('43','4','GLP','1');
Insert into MRVMM.T_MAED_MRV_PARAMETRO (ID_PARAMETRO,ID_DETALLE,NOMBRE_DETALLE,FLG_ESTADO) values ('43','5','Gasolina','1');
Insert into MRVMM.T_MAED_MRV_PARAMETRO (ID_PARAMETRO,ID_DETALLE,NOMBRE_DETALLE,FLG_ESTADO) values ('43','6','BioCombustible','1');
Insert into MRVMM.T_MAED_MRV_PARAMETRO (ID_PARAMETRO,ID_DETALLE,NOMBRE_DETALLE,FLG_ESTADO) values ('17','1','ENERO','1');
Insert into MRVMM.T_MAED_MRV_PARAMETRO (ID_PARAMETRO,ID_DETALLE,NOMBRE_DETALLE,FLG_ESTADO) values ('17','2','FEBRERO','1');
Insert into MRVMM.T_MAED_MRV_PARAMETRO (ID_PARAMETRO,ID_DETALLE,NOMBRE_DETALLE,FLG_ESTADO) values ('17','3','MARZO','1');
Insert into MRVMM.T_MAED_MRV_PARAMETRO (ID_PARAMETRO,ID_DETALLE,NOMBRE_DETALLE,FLG_ESTADO) values ('17','4','ABRIL','1');
Insert into MRVMM.T_MAED_MRV_PARAMETRO (ID_PARAMETRO,ID_DETALLE,NOMBRE_DETALLE,FLG_ESTADO) values ('17','5','MAYO','1');
Insert into MRVMM.T_MAED_MRV_PARAMETRO (ID_PARAMETRO,ID_DETALLE,NOMBRE_DETALLE,FLG_ESTADO) values ('17','6','JUNIO','1');
Insert into MRVMM.T_MAED_MRV_PARAMETRO (ID_PARAMETRO,ID_DETALLE,NOMBRE_DETALLE,FLG_ESTADO) values ('17','7','JULIO','1');
Insert into MRVMM.T_MAED_MRV_PARAMETRO (ID_PARAMETRO,ID_DETALLE,NOMBRE_DETALLE,FLG_ESTADO) values ('17','8','AGOSTO','1');
Insert into MRVMM.T_MAED_MRV_PARAMETRO (ID_PARAMETRO,ID_DETALLE,NOMBRE_DETALLE,FLG_ESTADO) values ('17','9','SEPTIEMBRE','1');
Insert into MRVMM.T_MAED_MRV_PARAMETRO (ID_PARAMETRO,ID_DETALLE,NOMBRE_DETALLE,FLG_ESTADO) values ('17','10','OCTUBRE','1');
Insert into MRVMM.T_MAED_MRV_PARAMETRO (ID_PARAMETRO,ID_DETALLE,NOMBRE_DETALLE,FLG_ESTADO) values ('17','11','NOVIEMBRE','1');
Insert into MRVMM.T_MAED_MRV_PARAMETRO (ID_PARAMETRO,ID_DETALLE,NOMBRE_DETALLE,FLG_ESTADO) values ('17','12','DICIEMBRE','1');
Insert into MRVMM.T_MAED_MRV_PARAMETRO (ID_PARAMETRO,ID_DETALLE,NOMBRE_DETALLE,FLG_ESTADO) values ('18','1','COSTA','1');
Insert into MRVMM.T_MAED_MRV_PARAMETRO (ID_PARAMETRO,ID_DETALLE,NOMBRE_DETALLE,FLG_ESTADO) values ('18','2','SIERRA','1');
Insert into MRVMM.T_MAED_MRV_PARAMETRO (ID_PARAMETRO,ID_DETALLE,NOMBRE_DETALLE,FLG_ESTADO) values ('18','3','SELVA','1');
Insert into MRVMM.T_MAED_MRV_PARAMETRO (ID_PARAMETRO,ID_DETALLE,NOMBRE_DETALLE,FLG_ESTADO) values ('6','13','2022','1');
Insert into MRVMM.T_MAED_MRV_PARAMETRO (ID_PARAMETRO,ID_DETALLE,NOMBRE_DETALLE,FLG_ESTADO) values ('24','1','120','1');
Insert into MRVMM.T_MAED_MRV_PARAMETRO (ID_PARAMETRO,ID_DETALLE,NOMBRE_DETALLE,FLG_ESTADO) values ('24','2','225','1');
Insert into MRVMM.T_MAED_MRV_PARAMETRO (ID_PARAMETRO,ID_DETALLE,NOMBRE_DETALLE,FLG_ESTADO) values ('24','3','375','1');
Insert into MRVMM.T_MAED_MRV_PARAMETRO (ID_PARAMETRO,ID_DETALLE,NOMBRE_DETALLE,FLG_ESTADO) values ('24','4','480','1');
Insert into MRVMM.T_MAED_MRV_PARAMETRO (ID_PARAMETRO,ID_DETALLE,NOMBRE_DETALLE,FLG_ESTADO) values ('25','1','1','1');
Insert into MRVMM.T_MAED_MRV_PARAMETRO (ID_PARAMETRO,ID_DETALLE,NOMBRE_DETALLE,FLG_ESTADO) values ('25','2','2','1');
Insert into MRVMM.T_MAED_MRV_PARAMETRO (ID_PARAMETRO,ID_DETALLE,NOMBRE_DETALLE,FLG_ESTADO) values ('25','3','3','1');
Insert into MRVMM.T_MAED_MRV_PARAMETRO (ID_PARAMETRO,ID_DETALLE,NOMBRE_DETALLE,FLG_ESTADO) values ('25','4','4','1');
Insert into MRVMM.T_MAED_MRV_PARAMETRO (ID_PARAMETRO,ID_DETALLE,NOMBRE_DETALLE,FLG_ESTADO) values ('25','5','5','1');
Insert into MRVMM.T_MAED_MRV_PARAMETRO (ID_PARAMETRO,ID_DETALLE,NOMBRE_DETALLE,FLG_ESTADO) values ('25','6','6','1');
Insert into MRVMM.T_MAED_MRV_PARAMETRO (ID_PARAMETRO,ID_DETALLE,NOMBRE_DETALLE,FLG_ESTADO) values ('25','7','7','1');
Insert into MRVMM.T_MAED_MRV_PARAMETRO (ID_PARAMETRO,ID_DETALLE,NOMBRE_DETALLE,FLG_ESTADO) values ('26','1','A','1');
Insert into MRVMM.T_MAED_MRV_PARAMETRO (ID_PARAMETRO,ID_DETALLE,NOMBRE_DETALLE,FLG_ESTADO) values ('26','2','B','1');
Insert into MRVMM.T_MAED_MRV_PARAMETRO (ID_PARAMETRO,ID_DETALLE,NOMBRE_DETALLE,FLG_ESTADO) values ('26','3','C','1');
Insert into MRVMM.T_MAED_MRV_PARAMETRO (ID_PARAMETRO,ID_DETALLE,NOMBRE_DETALLE,FLG_ESTADO) values ('26','4','D','1');
Insert into MRVMM.T_MAED_MRV_PARAMETRO (ID_PARAMETRO,ID_DETALLE,NOMBRE_DETALLE,FLG_ESTADO) values ('26','5','E','1');
Insert into MRVMM.T_MAED_MRV_PARAMETRO (ID_PARAMETRO,ID_DETALLE,NOMBRE_DETALLE,FLG_ESTADO) values ('26','6','F','1');
Insert into MRVMM.T_MAED_MRV_PARAMETRO (ID_PARAMETRO,ID_DETALLE,NOMBRE_DETALLE,FLG_ESTADO) values ('26','7','G','1');
Insert into MRVMM.T_MAED_MRV_PARAMETRO (ID_PARAMETRO,ID_DETALLE,NOMBRE_DETALLE,FLG_ESTADO) values ('27','1','A','1');
Insert into MRVMM.T_MAED_MRV_PARAMETRO (ID_PARAMETRO,ID_DETALLE,NOMBRE_DETALLE,FLG_ESTADO) values ('27','2','B','1');
Insert into MRVMM.T_MAED_MRV_PARAMETRO (ID_PARAMETRO,ID_DETALLE,NOMBRE_DETALLE,FLG_ESTADO) values ('27','3','C','1');
Insert into MRVMM.T_MAED_MRV_PARAMETRO (ID_PARAMETRO,ID_DETALLE,NOMBRE_DETALLE,FLG_ESTADO) values ('27','4','D','1');
Insert into MRVMM.T_MAED_MRV_PARAMETRO (ID_PARAMETRO,ID_DETALLE,NOMBRE_DETALLE,FLG_ESTADO) values ('27','5','E','1');
Insert into MRVMM.T_MAED_MRV_PARAMETRO (ID_PARAMETRO,ID_DETALLE,NOMBRE_DETALLE,FLG_ESTADO) values ('27','6','F','1');
Insert into MRVMM.T_MAED_MRV_PARAMETRO (ID_PARAMETRO,ID_DETALLE,NOMBRE_DETALLE,FLG_ESTADO) values ('27','7','G','1');
Insert into MRVMM.T_MAED_MRV_PARAMETRO (ID_PARAMETRO,ID_DETALLE,NOMBRE_DETALLE,FLG_ESTADO) values ('6','14','2023','1');
Insert into MRVMM.T_MAED_MRV_PARAMETRO (ID_PARAMETRO,ID_DETALLE,NOMBRE_DETALLE,FLG_ESTADO) values ('6','15','2024','1');
Insert into MRVMM.T_MAED_MRV_PARAMETRO (ID_PARAMETRO,ID_DETALLE,NOMBRE_DETALLE,FLG_ESTADO) values ('6','16','2025','1');
Insert into MRVMM.T_MAED_MRV_PARAMETRO (ID_PARAMETRO,ID_DETALLE,NOMBRE_DETALLE,FLG_ESTADO) values ('6','17','2026','1');
Insert into MRVMM.T_MAED_MRV_PARAMETRO (ID_PARAMETRO,ID_DETALLE,NOMBRE_DETALLE,FLG_ESTADO) values ('6','18','2027','1');
Insert into MRVMM.T_MAED_MRV_PARAMETRO (ID_PARAMETRO,ID_DETALLE,NOMBRE_DETALLE,FLG_ESTADO) values ('6','19','2028','1');
Insert into MRVMM.T_MAED_MRV_PARAMETRO (ID_PARAMETRO,ID_DETALLE,NOMBRE_DETALLE,FLG_ESTADO) values ('6','20','2029','1');
Insert into MRVMM.T_MAED_MRV_PARAMETRO (ID_PARAMETRO,ID_DETALLE,NOMBRE_DETALLE,FLG_ESTADO) values ('6','21','2030','1');
Insert into MRVMM.T_MAED_MRV_PARAMETRO (ID_PARAMETRO,ID_DETALLE,NOMBRE_DETALLE,FLG_ESTADO) values ('6','5','2014','1');
Insert into MRVMM.T_MAED_MRV_PARAMETRO (ID_PARAMETRO,ID_DETALLE,NOMBRE_DETALLE,FLG_ESTADO) values ('6','4','2013','1');
Insert into MRVMM.T_MAED_MRV_PARAMETRO (ID_PARAMETRO,ID_DETALLE,NOMBRE_DETALLE,FLG_ESTADO) values ('6','3','2012','1');
Insert into MRVMM.T_MAED_MRV_PARAMETRO (ID_PARAMETRO,ID_DETALLE,NOMBRE_DETALLE,FLG_ESTADO) values ('6','2','2011','1');
Insert into MRVMM.T_MAED_MRV_PARAMETRO (ID_PARAMETRO,ID_DETALLE,NOMBRE_DETALLE,FLG_ESTADO) values ('6','1','2010','1');
Insert into MRVMM.T_MAED_MRV_PARAMETRO (ID_PARAMETRO,ID_DETALLE,NOMBRE_DETALLE,FLG_ESTADO) values ('34','1','13-14','1');
Insert into MRVMM.T_MAED_MRV_PARAMETRO (ID_PARAMETRO,ID_DETALLE,NOMBRE_DETALLE,FLG_ESTADO) values ('34','2','15-16','1');
Insert into MRVMM.T_MAED_MRV_PARAMETRO (ID_PARAMETRO,ID_DETALLE,NOMBRE_DETALLE,FLG_ESTADO) values ('34','3','17-18','1');
Insert into MRVMM.T_MAED_MRV_PARAMETRO (ID_PARAMETRO,ID_DETALLE,NOMBRE_DETALLE,FLG_ESTADO) values ('34','4','19-20','1');
Insert into MRVMM.T_MAED_MRV_PARAMETRO (ID_PARAMETRO,ID_DETALLE,NOMBRE_DETALLE,FLG_ESTADO) values ('34','5','20+','1');
Insert into MRVMM.T_MAED_MRV_PARAMETRO (ID_PARAMETRO,ID_DETALLE,NOMBRE_DETALLE,FLG_ESTADO) values ('35','1','8 Kg.','1');
Insert into MRVMM.T_MAED_MRV_PARAMETRO (ID_PARAMETRO,ID_DETALLE,NOMBRE_DETALLE,FLG_ESTADO) values ('35','2','9-11 Kg.','1');
Insert into MRVMM.T_MAED_MRV_PARAMETRO (ID_PARAMETRO,ID_DETALLE,NOMBRE_DETALLE,FLG_ESTADO) values ('35','3','mas de 13 Kg.','1');
Insert into MRVMM.T_MAED_MRV_PARAMETRO (ID_PARAMETRO,ID_DETALLE,NOMBRE_DETALLE,FLG_ESTADO) values ('36','1','1 hp','1');
Insert into MRVMM.T_MAED_MRV_PARAMETRO (ID_PARAMETRO,ID_DETALLE,NOMBRE_DETALLE,FLG_ESTADO) values ('36','2','2 hp','1');
Insert into MRVMM.T_MAED_MRV_PARAMETRO (ID_PARAMETRO,ID_DETALLE,NOMBRE_DETALLE,FLG_ESTADO) values ('36','3','5 hp','1');
Insert into MRVMM.T_MAED_MRV_PARAMETRO (ID_PARAMETRO,ID_DETALLE,NOMBRE_DETALLE,FLG_ESTADO) values ('36','4','10 hp','1');
Insert into MRVMM.T_MAED_MRV_PARAMETRO (ID_PARAMETRO,ID_DETALLE,NOMBRE_DETALLE,FLG_ESTADO) values ('36','5','25 hp','1');
Insert into MRVMM.T_MAED_MRV_PARAMETRO (ID_PARAMETRO,ID_DETALLE,NOMBRE_DETALLE,FLG_ESTADO) values ('37','1','A','1');
Insert into MRVMM.T_MAED_MRV_PARAMETRO (ID_PARAMETRO,ID_DETALLE,NOMBRE_DETALLE,FLG_ESTADO) values ('37','2','B','1');
Insert into MRVMM.T_MAED_MRV_PARAMETRO (ID_PARAMETRO,ID_DETALLE,NOMBRE_DETALLE,FLG_ESTADO) values ('37','3','C','1');
Insert into MRVMM.T_MAED_MRV_PARAMETRO (ID_PARAMETRO,ID_DETALLE,NOMBRE_DETALLE,FLG_ESTADO) values ('38','1','A','1');
Insert into MRVMM.T_MAED_MRV_PARAMETRO (ID_PARAMETRO,ID_DETALLE,NOMBRE_DETALLE,FLG_ESTADO) values ('38','2','B','1');
Insert into MRVMM.T_MAED_MRV_PARAMETRO (ID_PARAMETRO,ID_DETALLE,NOMBRE_DETALLE,FLG_ESTADO) values ('38','3','C','1');
Insert into MRVMM.T_MAED_MRV_PARAMETRO (ID_PARAMETRO,ID_DETALLE,NOMBRE_DETALLE,FLG_ESTADO) values ('36','6','50 hp','1');
Insert into MRVMM.T_MAED_MRV_PARAMETRO (ID_PARAMETRO,ID_DETALLE,NOMBRE_DETALLE,FLG_ESTADO) values ('39','1','Mini Split 9000 - 12000 BTU','1');
Insert into MRVMM.T_MAED_MRV_PARAMETRO (ID_PARAMETRO,ID_DETALLE,NOMBRE_DETALLE,FLG_ESTADO) values ('39','2','Mini Split 12000-18000 BTU','1');
Insert into MRVMM.T_MAED_MRV_PARAMETRO (ID_PARAMETRO,ID_DETALLE,NOMBRE_DETALLE,FLG_ESTADO) values ('39','3','Mini Split 18000-24000 BTU','1');
Insert into MRVMM.T_MAED_MRV_PARAMETRO (ID_PARAMETRO,ID_DETALLE,NOMBRE_DETALLE,FLG_ESTADO) values ('39','4','24000-30000 BTU','1');
Insert into MRVMM.T_MAED_MRV_PARAMETRO (ID_PARAMETRO,ID_DETALLE,NOMBRE_DETALLE,FLG_ESTADO) values ('39','5','30000+ BTU','1');
Insert into MRVMM.T_MAED_MRV_PARAMETRO (ID_PARAMETRO,ID_DETALLE,NOMBRE_DETALLE,FLG_ESTADO) values ('48','1','Tipo 1','1');
Insert into MRVMM.T_MAED_MRV_PARAMETRO (ID_PARAMETRO,ID_DETALLE,NOMBRE_DETALLE,FLG_ESTADO) values ('48','2','Tipo 2','1');
Insert into MRVMM.T_MAED_MRV_PARAMETRO (ID_PARAMETRO,ID_DETALLE,NOMBRE_DETALLE,FLG_ESTADO) values ('48','3','Tipo 3','1');
Insert into MRVMM.T_MAED_MRV_PARAMETRO (ID_PARAMETRO,ID_DETALLE,NOMBRE_DETALLE,FLG_ESTADO) values ('52','2','Gas Licuado de Petróleo','1');

Insert into MRVMM.T_MAED_INDICADOR_ADJUNTO (ID_INICIATIVA,ID_INDICADOR,ADJUNTO,ADJUNTO_BASE) values ('641','1','641-1-6d9e0c3a-1ee7-4c9d-9018-4cfa824404d3.XLSX','1.5 Plantilla_Iluminacion_residencial (1).xlsx');
Insert into MRVMM.T_MAED_INDICADOR_ADJUNTO (ID_INICIATIVA,ID_INDICADOR,ADJUNTO,ADJUNTO_BASE) values ('647','1','647-1-fbcc4715-cab9-4aa2-946a-8e5d5ca53aab.XLSX','LISTA_INICIATIVA_MITIGACION_1_04_2020 10_48_20.xlsx');
Insert into MRVMM.T_MAED_INDICADOR_ADJUNTO (ID_INICIATIVA,ID_INDICADOR,ADJUNTO,ADJUNTO_BASE) values ('647','2','644-3-e80d7319-8da2-44c1-9855-d1f53dd56512.PDF','modelo-declaracion-jurada (1).pdf');
Insert into MRVMM.T_MAED_INDICADOR_ADJUNTO (ID_INICIATIVA,ID_INDICADOR,ADJUNTO,ADJUNTO_BASE) values ('642','1','642-1-acbb61fc-3a19-44d2-9f18-80cbb9ab56bc.XLSX','LISTA_INICIATIVA_MITIGACION_31_03_2020 18_00_36.xlsx');
Insert into MRVMM.T_MAED_INDICADOR_ADJUNTO (ID_INICIATIVA,ID_INDICADOR,ADJUNTO,ADJUNTO_BASE) values ('642','2','642-2-7aef3e5b-4ca7-4f9c-8e65-21aa8aa649ac.XLSX','1.1 Plantilla_Etiquetado_de_eficiencia_ Calentadores_ agua_instantaneo.xlsx');
Insert into MRVMM.T_MAED_INDICADOR_ADJUNTO (ID_INICIATIVA,ID_INDICADOR,ADJUNTO,ADJUNTO_BASE) values ('641','2','643-2-73ca0f77-e9c1-4401-9ca0-ccf70e0aacae.PDF','modelo-declaracion-jurada (1).pdf');
Insert into MRVMM.T_MAED_INDICADOR_ADJUNTO (ID_INICIATIVA,ID_INDICADOR,ADJUNTO,ADJUNTO_BASE) values ('644','1','644-1-755932f2-4428-4857-ac3f-3c0877a440a4.PDF','modelo-declaracion-jurada (1).pdf');
Insert into MRVMM.T_MAED_INDICADOR_ADJUNTO (ID_INICIATIVA,ID_INDICADOR,ADJUNTO,ADJUNTO_BASE) values ('644','2','644-1-755932f2-4428-4857-ac3f-3c0877a440a4.PDF','modelo-declaracion-jurada (1).pdf');
Insert into MRVMM.T_MAED_INDICADOR_ADJUNTO (ID_INICIATIVA,ID_INDICADOR,ADJUNTO,ADJUNTO_BASE) values ('644','3','644-1-755932f2-4428-4857-ac3f-3c0877a440a4.PDF','modelo-declaracion-jurada (1).pdf');
Insert into MRVMM.T_MAED_INDICADOR_ADJUNTO (ID_INICIATIVA,ID_INDICADOR,ADJUNTO,ADJUNTO_BASE) values ('644','7','644-3-e80d7319-8da2-44c1-9855-d1f53dd56512.PDF','modelo-declaracion-jurada (1).pdf');
Insert into MRVMM.T_MAED_INDICADOR_ADJUNTO (ID_INICIATIVA,ID_INDICADOR,ADJUNTO,ADJUNTO_BASE) values ('643','1','643-1-facef442-ee78-4b6e-a559-f4c922d8745a.XLSX','1.4 Plantilla_Auditoria_energetica.xlsx');
Insert into MRVMM.T_MAED_INDICADOR_ADJUNTO (ID_INICIATIVA,ID_INDICADOR,ADJUNTO,ADJUNTO_BASE) values ('643','2','643-2-73ca0f77-e9c1-4401-9ca0-ccf70e0aacae.PDF','modelo-declaracion-jurada (1).pdf');
Insert into MRVMM.T_MAED_INDICADOR_ADJUNTO (ID_INICIATIVA,ID_INDICADOR,ADJUNTO,ADJUNTO_BASE) values ('644','4','644-1-755932f2-4428-4857-ac3f-3c0877a440a4.PDF','modelo-declaracion-jurada (1).pdf');
Insert into MRVMM.T_MAED_INDICADOR_ADJUNTO (ID_INICIATIVA,ID_INDICADOR,ADJUNTO,ADJUNTO_BASE) values ('644','5','644-1-755932f2-4428-4857-ac3f-3c0877a440a4.PDF','modelo-declaracion-jurada (1).pdf');
Insert into MRVMM.T_MAED_INDICADOR_ADJUNTO (ID_INICIATIVA,ID_INDICADOR,ADJUNTO,ADJUNTO_BASE) values ('644','6','644-1-755932f2-4428-4857-ac3f-3c0877a440a4.PDF','modelo-declaracion-jurada (1).pdf');
Insert into MRVMM.T_MAED_INDICADOR_ADJUNTO (ID_INICIATIVA,ID_INDICADOR,ADJUNTO,ADJUNTO_BASE) values ('644','8','644-3-e80d7319-8da2-44c1-9855-d1f53dd56512.PDF','modelo-declaracion-jurada (1).pdf');

Insert into MRVMM.T_MAMEM_GRUPO_INDICADOR (ID_GRUPO_INDICADOR,GRUPO_INDICADOR,COLOR_GRUPO,FLAG_ESTADO) values ('1','GRUPO INICIATIVA','#28A745','1');
Insert into MRVMM.T_MAMEM_GRUPO_INDICADOR (ID_GRUPO_INDICADOR,GRUPO_INDICADOR,COLOR_GRUPO,FLAG_ESTADO) values ('2','GRUPO LINEA BASE','#FFC107','1');
Insert into MRVMM.T_MAMEM_GRUPO_INDICADOR (ID_GRUPO_INDICADOR,GRUPO_INDICADOR,COLOR_GRUPO,FLAG_ESTADO) values ('3','GRUPO EMISIONES REDUCIDAS','#007BFF','1');
