--------------------------------------------------------
-- Archivo creado  - martes-febrero-25-2020   
--------------------------------------------------------

REM INSERTING into MRVMM.T_MAEM_TIPO_DATO
SET DEFINE OFF;
Insert into MRVMM.T_MAEM_TIPO_DATO (ID_TIPO_DATO,TIPO_DATO) values ('1','FECHA');
Insert into MRVMM.T_MAEM_TIPO_DATO (ID_TIPO_DATO,TIPO_DATO) values ('2','NUMERO');
Insert into MRVMM.T_MAEM_TIPO_DATO (ID_TIPO_DATO,TIPO_DATO) values ('3','CARACTER');

REM INSERTING into MRVMM.T_MAEM_TIPO_CONTROL
SET DEFINE OFF;
Insert into MRVMM.T_MAEM_TIPO_CONTROL (ID_TIPO_CONTROL,TIPO_CONTROL) values ('1','LISTA');
Insert into MRVMM.T_MAEM_TIPO_CONTROL (ID_TIPO_CONTROL,TIPO_CONTROL) values ('2','TEXTO');

REM INSERTING into MRVMM.T_MAEM_MRV_PARAMETRO
SET DEFINE OFF;
Insert into MRVMM.T_MAEM_MRV_PARAMETRO (ID_PARAMETRO,ID_TIPO_CONTROL,ID_TIPO_DATO,NOMBRE_PARAMETRO,EDITABLE,VERIFICABLE,FLG_ESTADO) values ('19','2','2','POTENCIA BASE (W)','1','1','1');
Insert into MRVMM.T_MAEM_MRV_PARAMETRO (ID_PARAMETRO,ID_TIPO_CONTROL,ID_TIPO_DATO,NOMBRE_PARAMETRO,EDITABLE,VERIFICABLE,FLG_ESTADO) values ('20','2','2','POTENCIA INICIATIVA (W)','1','1','1');
Insert into MRVMM.T_MAEM_MRV_PARAMETRO (ID_PARAMETRO,ID_TIPO_CONTROL,ID_TIPO_DATO,NOMBRE_PARAMETRO,EDITABLE,VERIFICABLE,FLG_ESTADO) values ('1','1',null,'TIPO DE VEHÍCULO','1','1','1');
Insert into MRVMM.T_MAEM_MRV_PARAMETRO (ID_PARAMETRO,ID_TIPO_CONTROL,ID_TIPO_DATO,NOMBRE_PARAMETRO,EDITABLE,VERIFICABLE,FLG_ESTADO) values ('2','2','1','INICIO DE OPERACIONES','1','0','1');
Insert into MRVMM.T_MAEM_MRV_PARAMETRO (ID_PARAMETRO,ID_TIPO_CONTROL,ID_TIPO_DATO,NOMBRE_PARAMETRO,EDITABLE,VERIFICABLE,FLG_ESTADO) values ('3','1',null,'TIPO DE COMBUSTIBLE','1','1','1');
Insert into MRVMM.T_MAEM_MRV_PARAMETRO (ID_PARAMETRO,ID_TIPO_CONTROL,ID_TIPO_DATO,NOMBRE_PARAMETRO,EDITABLE,VERIFICABLE,FLG_ESTADO) values ('4','2','2','KRV ELÉCTRICO','1','1','1');
Insert into MRVMM.T_MAEM_MRV_PARAMETRO (ID_PARAMETRO,ID_TIPO_CONTROL,ID_TIPO_DATO,NOMBRE_PARAMETRO,EDITABLE,VERIFICABLE,FLG_ESTADO) values ('5','2','3','PLACA','1','0','1');
Insert into MRVMM.T_MAEM_MRV_PARAMETRO (ID_PARAMETRO,ID_TIPO_CONTROL,ID_TIPO_DATO,NOMBRE_PARAMETRO,EDITABLE,VERIFICABLE,FLG_ESTADO) values ('6','1',null,'AÑO','1','1','1');
Insert into MRVMM.T_MAEM_MRV_PARAMETRO (ID_PARAMETRO,ID_TIPO_CONTROL,ID_TIPO_DATO,NOMBRE_PARAMETRO,EDITABLE,VERIFICABLE,FLG_ESTADO) values ('7','2','2','CONSUMO DE ELECTRICIDAD','1','1','1');
Insert into MRVMM.T_MAEM_MRV_PARAMETRO (ID_PARAMETRO,ID_TIPO_CONTROL,ID_TIPO_DATO,NOMBRE_PARAMETRO,EDITABLE,VERIFICABLE,FLG_ESTADO) values ('8','2','2','CONSUMO DE COMBUSTIBLE','1','1','1');
Insert into MRVMM.T_MAEM_MRV_PARAMETRO (ID_PARAMETRO,ID_TIPO_CONTROL,ID_TIPO_DATO,NOMBRE_PARAMETRO,EDITABLE,VERIFICABLE,FLG_ESTADO) values ('9','2','2','LÍNEA BASE EMISIONES GEI','0','0','1');
Insert into MRVMM.T_MAEM_MRV_PARAMETRO (ID_PARAMETRO,ID_TIPO_CONTROL,ID_TIPO_DATO,NOMBRE_PARAMETRO,EDITABLE,VERIFICABLE,FLG_ESTADO) values ('10','2','2','INICIATIVA MITIGACIÓN EMISIONES GEI','0','0','1');
Insert into MRVMM.T_MAEM_MRV_PARAMETRO (ID_PARAMETRO,ID_TIPO_CONTROL,ID_TIPO_DATO,NOMBRE_PARAMETRO,EDITABLE,VERIFICABLE,FLG_ESTADO) values ('11','2','2','EMISIONES GEI REDUCIDAS','0','0','1');
Insert into MRVMM.T_MAEM_MRV_PARAMETRO (ID_PARAMETRO,ID_TIPO_CONTROL,ID_TIPO_DATO,NOMBRE_PARAMETRO,EDITABLE,VERIFICABLE,FLG_ESTADO) values ('12','2','2','CANTIDAD','1','1','1');
Insert into MRVMM.T_MAEM_MRV_PARAMETRO (ID_PARAMETRO,ID_TIPO_CONTROL,ID_TIPO_DATO,NOMBRE_PARAMETRO,EDITABLE,VERIFICABLE,FLG_ESTADO) values ('13','2','2','FACTOR DE RENDIMIENTO','1','1','1');
Insert into MRVMM.T_MAEM_MRV_PARAMETRO (ID_PARAMETRO,ID_TIPO_CONTROL,ID_TIPO_DATO,NOMBRE_PARAMETRO,EDITABLE,VERIFICABLE,FLG_ESTADO) values ('14','1',null,'TIPO DE FUENTE','1','1','1');
Insert into MRVMM.T_MAEM_MRV_PARAMETRO (ID_PARAMETRO,ID_TIPO_CONTROL,ID_TIPO_DATO,NOMBRE_PARAMETRO,EDITABLE,VERIFICABLE,FLG_ESTADO) values ('21','1','2','CAPACIDAD','1','1','1');
Insert into MRVMM.T_MAEM_MRV_PARAMETRO (ID_PARAMETRO,ID_TIPO_CONTROL,ID_TIPO_DATO,NOMBRE_PARAMETRO,EDITABLE,VERIFICABLE,FLG_ESTADO) values ('22','1','3','CLASE (ETIQUETA) BAU','1','1','1');
Insert into MRVMM.T_MAEM_MRV_PARAMETRO (ID_PARAMETRO,ID_TIPO_CONTROL,ID_TIPO_DATO,NOMBRE_PARAMETRO,EDITABLE,VERIFICABLE,FLG_ESTADO) values ('23','1','3','CLASE (ETIQUETA) INICIATIVA','1','1','1');
Insert into MRVMM.T_MAEM_MRV_PARAMETRO (ID_PARAMETRO,ID_TIPO_CONTROL,ID_TIPO_DATO,NOMBRE_PARAMETRO,EDITABLE,VERIFICABLE,FLG_ESTADO) values ('15','2','2','KRV COMBUSTIBLE','1','1','1');
Insert into MRVMM.T_MAEM_MRV_PARAMETRO (ID_PARAMETRO,ID_TIPO_CONTROL,ID_TIPO_DATO,NOMBRE_PARAMETRO,EDITABLE,VERIFICABLE,FLG_ESTADO) values ('16','2','2','ELECTRIDAD GENERADA','1','1','1');
Insert into MRVMM.T_MAEM_MRV_PARAMETRO (ID_PARAMETRO,ID_TIPO_CONTROL,ID_TIPO_DATO,NOMBRE_PARAMETRO,EDITABLE,VERIFICABLE,FLG_ESTADO) values ('17','1',null,'MES','1','1','1');
Insert into MRVMM.T_MAEM_MRV_PARAMETRO (ID_PARAMETRO,ID_TIPO_CONTROL,ID_TIPO_DATO,NOMBRE_PARAMETRO,EDITABLE,VERIFICABLE,FLG_ESTADO) values ('18','1',null,'REGION','1','1','1');
Insert into MRVMM.T_MAEM_MRV_PARAMETRO (ID_PARAMETRO,ID_TIPO_CONTROL,ID_TIPO_DATO,NOMBRE_PARAMETRO,EDITABLE,VERIFICABLE,FLG_ESTADO) values ('24','1','2','CAPACIDAD (L)','1','1','1');
Insert into MRVMM.T_MAEM_MRV_PARAMETRO (ID_PARAMETRO,ID_TIPO_CONTROL,ID_TIPO_DATO,NOMBRE_PARAMETRO,EDITABLE,VERIFICABLE,FLG_ESTADO) values ('25','1','2','CATEGORIA','1','1','1');
Insert into MRVMM.T_MAEM_MRV_PARAMETRO (ID_PARAMETRO,ID_TIPO_CONTROL,ID_TIPO_DATO,NOMBRE_PARAMETRO,EDITABLE,VERIFICABLE,FLG_ESTADO) values ('26','1','3','ETIQUETA BAU','1','1','1');
Insert into MRVMM.T_MAEM_MRV_PARAMETRO (ID_PARAMETRO,ID_TIPO_CONTROL,ID_TIPO_DATO,NOMBRE_PARAMETRO,EDITABLE,VERIFICABLE,FLG_ESTADO) values ('27','1','3','ETIQUETA) INICIATIVA','1','1','1');



REM INSERTING into MRVMM.T_MAED_MRV_PARAMETRO
SET DEFINE OFF;
Insert into MRVMM.T_MAED_MRV_PARAMETRO (ID_PARAMETRO,ID_DETALLE,NOMBRE_DETALLE,FLG_ESTADO) values ('1','1','AUTOMÓVIL','1');
Insert into MRVMM.T_MAED_MRV_PARAMETRO (ID_PARAMETRO,ID_DETALLE,NOMBRE_DETALLE,FLG_ESTADO) values ('1','2','BUS DE 9m','1');
Insert into MRVMM.T_MAED_MRV_PARAMETRO (ID_PARAMETRO,ID_DETALLE,NOMBRE_DETALLE,FLG_ESTADO) values ('1','3','BUS DE 12m','1');
Insert into MRVMM.T_MAED_MRV_PARAMETRO (ID_PARAMETRO,ID_DETALLE,NOMBRE_DETALLE,FLG_ESTADO) values ('1','4','BUS DE 18m','1');
Insert into MRVMM.T_MAED_MRV_PARAMETRO (ID_PARAMETRO,ID_DETALLE,NOMBRE_DETALLE,FLG_ESTADO) values ('1','5','MOTOTAXI','1');
Insert into MRVMM.T_MAED_MRV_PARAMETRO (ID_PARAMETRO,ID_DETALLE,NOMBRE_DETALLE,FLG_ESTADO) values ('1','6','MOTO','1');
Insert into MRVMM.T_MAED_MRV_PARAMETRO (ID_PARAMETRO,ID_DETALLE,NOMBRE_DETALLE,FLG_ESTADO) values ('3','1','GNV','1');
Insert into MRVMM.T_MAED_MRV_PARAMETRO (ID_PARAMETRO,ID_DETALLE,NOMBRE_DETALLE,FLG_ESTADO) values ('3','2','GLP','1');
Insert into MRVMM.T_MAED_MRV_PARAMETRO (ID_PARAMETRO,ID_DETALLE,NOMBRE_DETALLE,FLG_ESTADO) values ('3','3','GASOLINA','1');
Insert into MRVMM.T_MAED_MRV_PARAMETRO (ID_PARAMETRO,ID_DETALLE,NOMBRE_DETALLE,FLG_ESTADO) values ('3','4','DIESEL','1');
Insert into MRVMM.T_MAED_MRV_PARAMETRO (ID_PARAMETRO,ID_DETALLE,NOMBRE_DETALLE,FLG_ESTADO) values ('6','1','2015','1');
Insert into MRVMM.T_MAED_MRV_PARAMETRO (ID_PARAMETRO,ID_DETALLE,NOMBRE_DETALLE,FLG_ESTADO) values ('6','2','2016','1');
Insert into MRVMM.T_MAED_MRV_PARAMETRO (ID_PARAMETRO,ID_DETALLE,NOMBRE_DETALLE,FLG_ESTADO) values ('6','3','2017','1');
Insert into MRVMM.T_MAED_MRV_PARAMETRO (ID_PARAMETRO,ID_DETALLE,NOMBRE_DETALLE,FLG_ESTADO) values ('6','4','2018','1');
Insert into MRVMM.T_MAED_MRV_PARAMETRO (ID_PARAMETRO,ID_DETALLE,NOMBRE_DETALLE,FLG_ESTADO) values ('6','5','2019','1');
Insert into MRVMM.T_MAED_MRV_PARAMETRO (ID_PARAMETRO,ID_DETALLE,NOMBRE_DETALLE,FLG_ESTADO) values ('6','6','2020','1');
Insert into MRVMM.T_MAED_MRV_PARAMETRO (ID_PARAMETRO,ID_DETALLE,NOMBRE_DETALLE,FLG_ESTADO) values ('6','7','2021','1');
Insert into MRVMM.T_MAED_MRV_PARAMETRO (ID_PARAMETRO,ID_DETALLE,NOMBRE_DETALLE,FLG_ESTADO) values ('14','1','Eléctrico','1');
Insert into MRVMM.T_MAED_MRV_PARAMETRO (ID_PARAMETRO,ID_DETALLE,NOMBRE_DETALLE,FLG_ESTADO) values ('14','2','Híbrido','1');
Insert into MRVMM.T_MAED_MRV_PARAMETRO (ID_PARAMETRO,ID_DETALLE,NOMBRE_DETALLE,FLG_ESTADO) values ('21','1','1','1');
Insert into MRVMM.T_MAED_MRV_PARAMETRO (ID_PARAMETRO,ID_DETALLE,NOMBRE_DETALLE,FLG_ESTADO) values ('21','2','2','1');
Insert into MRVMM.T_MAED_MRV_PARAMETRO (ID_PARAMETRO,ID_DETALLE,NOMBRE_DETALLE,FLG_ESTADO) values ('21','3','5','1');
Insert into MRVMM.T_MAED_MRV_PARAMETRO (ID_PARAMETRO,ID_DETALLE,NOMBRE_DETALLE,FLG_ESTADO) values ('21','4','10','1');
Insert into MRVMM.T_MAED_MRV_PARAMETRO (ID_PARAMETRO,ID_DETALLE,NOMBRE_DETALLE,FLG_ESTADO) values ('21','5','25','1');
Insert into MRVMM.T_MAED_MRV_PARAMETRO (ID_PARAMETRO,ID_DETALLE,NOMBRE_DETALLE,FLG_ESTADO) values ('21','6','50','1');
Insert into MRVMM.T_MAED_MRV_PARAMETRO (ID_PARAMETRO,ID_DETALLE,NOMBRE_DETALLE,FLG_ESTADO) values ('21','7','100','1');
Insert into MRVMM.T_MAED_MRV_PARAMETRO (ID_PARAMETRO,ID_DETALLE,NOMBRE_DETALLE,FLG_ESTADO) values ('21','8','200','1');
Insert into MRVMM.T_MAED_MRV_PARAMETRO (ID_PARAMETRO,ID_DETALLE,NOMBRE_DETALLE,FLG_ESTADO) values ('21','9','500','1');
Insert into MRVMM.T_MAED_MRV_PARAMETRO (ID_PARAMETRO,ID_DETALLE,NOMBRE_DETALLE,FLG_ESTADO) values ('21','10','700','1');
Insert into MRVMM.T_MAED_MRV_PARAMETRO (ID_PARAMETRO,ID_DETALLE,NOMBRE_DETALLE,FLG_ESTADO) values ('22','1','A','1');
Insert into MRVMM.T_MAED_MRV_PARAMETRO (ID_PARAMETRO,ID_DETALLE,NOMBRE_DETALLE,FLG_ESTADO) values ('22','2','B','1');
Insert into MRVMM.T_MAED_MRV_PARAMETRO (ID_PARAMETRO,ID_DETALLE,NOMBRE_DETALLE,FLG_ESTADO) values ('22','3','C','1');
Insert into MRVMM.T_MAED_MRV_PARAMETRO (ID_PARAMETRO,ID_DETALLE,NOMBRE_DETALLE,FLG_ESTADO) values ('23','1','A','1');
Insert into MRVMM.T_MAED_MRV_PARAMETRO (ID_PARAMETRO,ID_DETALLE,NOMBRE_DETALLE,FLG_ESTADO) values ('23','2','B','1');
Insert into MRVMM.T_MAED_MRV_PARAMETRO (ID_PARAMETRO,ID_DETALLE,NOMBRE_DETALLE,FLG_ESTADO) values ('23','3','C','1');
Insert into MRVMM.T_MAED_MRV_PARAMETRO (ID_PARAMETRO,ID_DETALLE,NOMBRE_DETALLE,FLG_ESTADO) values ('17','1','ENERO','1');
Insert into MRVMM.T_MAED_MRV_PARAMETRO (ID_PARAMETRO,ID_DETALLE,NOMBRE_DETALLE,FLG_ESTADO) values ('17','2','FEBRERO','1');
Insert into MRVMM.T_MAED_MRV_PARAMETRO (ID_PARAMETRO,ID_DETALLE,NOMBRE_DETALLE,FLG_ESTADO) values ('17','3','MARZO','1');
Insert into MRVMM.T_MAED_MRV_PARAMETRO (ID_PARAMETRO,ID_DETALLE,NOMBRE_DETALLE,FLG_ESTADO) values ('17','4','ABRIL','1');
Insert into MRVMM.T_MAED_MRV_PARAMETRO (ID_PARAMETRO,ID_DETALLE,NOMBRE_DETALLE,FLG_ESTADO) values ('17','5','MAYO','1');
Insert into MRVMM.T_MAED_MRV_PARAMETRO (ID_PARAMETRO,ID_DETALLE,NOMBRE_DETALLE,FLG_ESTADO) values ('17','6','JUNIO','1');
Insert into MRVMM.T_MAED_MRV_PARAMETRO (ID_PARAMETRO,ID_DETALLE,NOMBRE_DETALLE,FLG_ESTADO) values ('17','7','JULIO','1');
Insert into MRVMM.T_MAED_MRV_PARAMETRO (ID_PARAMETRO,ID_DETALLE,NOMBRE_DETALLE,FLG_ESTADO) values ('17','8','AGOSTO','1');
Insert into MRVMM.T_MAED_MRV_PARAMETRO (ID_PARAMETRO,ID_DETALLE,NOMBRE_DETALLE,FLG_ESTADO) values ('17','9','SEPTIEMBRE','1');
Insert into MRVMM.T_MAED_MRV_PARAMETRO (ID_PARAMETRO,ID_DETALLE,NOMBRE_DETALLE,FLG_ESTADO) values ('17','10','OCTUBRE','1');
Insert into MRVMM.T_MAED_MRV_PARAMETRO (ID_PARAMETRO,ID_DETALLE,NOMBRE_DETALLE,FLG_ESTADO) values ('17','11','NOVIEMBRE','1');
Insert into MRVMM.T_MAED_MRV_PARAMETRO (ID_PARAMETRO,ID_DETALLE,NOMBRE_DETALLE,FLG_ESTADO) values ('17','12','DICIEMBRE','1');
Insert into MRVMM.T_MAED_MRV_PARAMETRO (ID_PARAMETRO,ID_DETALLE,NOMBRE_DETALLE,FLG_ESTADO) values ('18','1','COSTA','1');
Insert into MRVMM.T_MAED_MRV_PARAMETRO (ID_PARAMETRO,ID_DETALLE,NOMBRE_DETALLE,FLG_ESTADO) values ('18','2','SIERRA','1');
Insert into MRVMM.T_MAED_MRV_PARAMETRO (ID_PARAMETRO,ID_DETALLE,NOMBRE_DETALLE,FLG_ESTADO) values ('18','3','SELVA','1');
Insert into MRVMM.T_MAED_MRV_PARAMETRO (ID_PARAMETRO,ID_DETALLE,NOMBRE_DETALLE,FLG_ESTADO) values ('24','1','120','1');
Insert into MRVMM.T_MAED_MRV_PARAMETRO (ID_PARAMETRO,ID_DETALLE,NOMBRE_DETALLE,FLG_ESTADO) values ('24','2','225','1');
Insert into MRVMM.T_MAED_MRV_PARAMETRO (ID_PARAMETRO,ID_DETALLE,NOMBRE_DETALLE,FLG_ESTADO) values ('24','3','375','1');
Insert into MRVMM.T_MAED_MRV_PARAMETRO (ID_PARAMETRO,ID_DETALLE,NOMBRE_DETALLE,FLG_ESTADO) values ('24','4','480','1');
Insert into MRVMM.T_MAED_MRV_PARAMETRO (ID_PARAMETRO,ID_DETALLE,NOMBRE_DETALLE,FLG_ESTADO) values ('25','1','1','1');
Insert into MRVMM.T_MAED_MRV_PARAMETRO (ID_PARAMETRO,ID_DETALLE,NOMBRE_DETALLE,FLG_ESTADO) values ('25','2','2','1');
Insert into MRVMM.T_MAED_MRV_PARAMETRO (ID_PARAMETRO,ID_DETALLE,NOMBRE_DETALLE,FLG_ESTADO) values ('25','3','3','1');
Insert into MRVMM.T_MAED_MRV_PARAMETRO (ID_PARAMETRO,ID_DETALLE,NOMBRE_DETALLE,FLG_ESTADO) values ('25','4','4','1');
Insert into MRVMM.T_MAED_MRV_PARAMETRO (ID_PARAMETRO,ID_DETALLE,NOMBRE_DETALLE,FLG_ESTADO) values ('25','5','5','1');
Insert into MRVMM.T_MAED_MRV_PARAMETRO (ID_PARAMETRO,ID_DETALLE,NOMBRE_DETALLE,FLG_ESTADO) values ('25','6','6','1');
Insert into MRVMM.T_MAED_MRV_PARAMETRO (ID_PARAMETRO,ID_DETALLE,NOMBRE_DETALLE,FLG_ESTADO) values ('25','7','7','1');
Insert into MRVMM.T_MAED_MRV_PARAMETRO (ID_PARAMETRO,ID_DETALLE,NOMBRE_DETALLE,FLG_ESTADO) values ('26','1','A','1');
Insert into MRVMM.T_MAED_MRV_PARAMETRO (ID_PARAMETRO,ID_DETALLE,NOMBRE_DETALLE,FLG_ESTADO) values ('26','2','B','1');
Insert into MRVMM.T_MAED_MRV_PARAMETRO (ID_PARAMETRO,ID_DETALLE,NOMBRE_DETALLE,FLG_ESTADO) values ('26','3','C','1');
Insert into MRVMM.T_MAED_MRV_PARAMETRO (ID_PARAMETRO,ID_DETALLE,NOMBRE_DETALLE,FLG_ESTADO) values ('26','4','D','1');
Insert into MRVMM.T_MAED_MRV_PARAMETRO (ID_PARAMETRO,ID_DETALLE,NOMBRE_DETALLE,FLG_ESTADO) values ('26','5','E','1');
Insert into MRVMM.T_MAED_MRV_PARAMETRO (ID_PARAMETRO,ID_DETALLE,NOMBRE_DETALLE,FLG_ESTADO) values ('26','6','F','1');
Insert into MRVMM.T_MAED_MRV_PARAMETRO (ID_PARAMETRO,ID_DETALLE,NOMBRE_DETALLE,FLG_ESTADO) values ('26','7','G','1');
Insert into MRVMM.T_MAED_MRV_PARAMETRO (ID_PARAMETRO,ID_DETALLE,NOMBRE_DETALLE,FLG_ESTADO) values ('27','1','A','1');
Insert into MRVMM.T_MAED_MRV_PARAMETRO (ID_PARAMETRO,ID_DETALLE,NOMBRE_DETALLE,FLG_ESTADO) values ('27','2','B','1');
Insert into MRVMM.T_MAED_MRV_PARAMETRO (ID_PARAMETRO,ID_DETALLE,NOMBRE_DETALLE,FLG_ESTADO) values ('27','3','C','1');
Insert into MRVMM.T_MAED_MRV_PARAMETRO (ID_PARAMETRO,ID_DETALLE,NOMBRE_DETALLE,FLG_ESTADO) values ('27','4','D','1');
Insert into MRVMM.T_MAED_MRV_PARAMETRO (ID_PARAMETRO,ID_DETALLE,NOMBRE_DETALLE,FLG_ESTADO) values ('27','5','E','1');
Insert into MRVMM.T_MAED_MRV_PARAMETRO (ID_PARAMETRO,ID_DETALLE,NOMBRE_DETALLE,FLG_ESTADO) values ('27','6','F','1');
Insert into MRVMM.T_MAED_MRV_PARAMETRO (ID_PARAMETRO,ID_DETALLE,NOMBRE_DETALLE,FLG_ESTADO) values ('27','7','G','1');

REM INSERTING into MRVMM.T_MAMEM_GRUPO_INDICADOR
SET DEFINE OFF;
Insert into MRVMM.T_MAMEM_GRUPO_INDICADOR (ID_GRUPO_INDICADOR,GRUPO_INDICADOR,COLOR_GRUPO,FLAG_ESTADO) values ('1','GRUPO INICIATIVA','#28A745','1');
Insert into MRVMM.T_MAMEM_GRUPO_INDICADOR (ID_GRUPO_INDICADOR,GRUPO_INDICADOR,COLOR_GRUPO,FLAG_ESTADO) values ('2','GRUPO LINEA BASE','#FFC107','1');
Insert into MRVMM.T_MAMEM_GRUPO_INDICADOR (ID_GRUPO_INDICADOR,GRUPO_INDICADOR,COLOR_GRUPO,FLAG_ESTADO) values ('3','GRUPO EMISIONES REDUCIDAS','#007BFF','1');

REM INSERTING into MRVMM.T_MAEM_INDICADOR
SET DEFINE OFF;
Insert into MRVMM.T_MAEM_INDICADOR (ID_ENFOQUE,ID_MEDMIT,ID_PARAMETRO,ID_GRUPO_INDICADOR,ORDEN,FLAG_ESTADO) values ('10','7','6','1','1','1');
Insert into MRVMM.T_MAEM_INDICADOR (ID_ENFOQUE,ID_MEDMIT,ID_PARAMETRO,ID_GRUPO_INDICADOR,ORDEN,FLAG_ESTADO) values ('10','7','2','1','2','1');
Insert into MRVMM.T_MAEM_INDICADOR (ID_ENFOQUE,ID_MEDMIT,ID_PARAMETRO,ID_GRUPO_INDICADOR,ORDEN,FLAG_ESTADO) values ('10','7','19','2','3','1');
Insert into MRVMM.T_MAEM_INDICADOR (ID_ENFOQUE,ID_MEDMIT,ID_PARAMETRO,ID_GRUPO_INDICADOR,ORDEN,FLAG_ESTADO) values ('10','7','20','1','4','1');
Insert into MRVMM.T_MAEM_INDICADOR (ID_ENFOQUE,ID_MEDMIT,ID_PARAMETRO,ID_GRUPO_INDICADOR,ORDEN,FLAG_ESTADO) values ('10','7','12','1','5','1');
Insert into MRVMM.T_MAEM_INDICADOR (ID_ENFOQUE,ID_MEDMIT,ID_PARAMETRO,ID_GRUPO_INDICADOR,ORDEN,FLAG_ESTADO) values ('10','7','17','1','6','1');
Insert into MRVMM.T_MAEM_INDICADOR (ID_ENFOQUE,ID_MEDMIT,ID_PARAMETRO,ID_GRUPO_INDICADOR,ORDEN,FLAG_ESTADO) values ('10','7','11','3','12','1');
Insert into MRVMM.T_MAEM_INDICADOR (ID_ENFOQUE,ID_MEDMIT,ID_PARAMETRO,ID_GRUPO_INDICADOR,ORDEN,FLAG_ESTADO) values ('3','12','6','1','1','1');
Insert into MRVMM.T_MAEM_INDICADOR (ID_ENFOQUE,ID_MEDMIT,ID_PARAMETRO,ID_GRUPO_INDICADOR,ORDEN,FLAG_ESTADO) values ('3','12','2','1','2','1');
Insert into MRVMM.T_MAEM_INDICADOR (ID_ENFOQUE,ID_MEDMIT,ID_PARAMETRO,ID_GRUPO_INDICADOR,ORDEN,FLAG_ESTADO) values ('3','12','1','1','3','1');
Insert into MRVMM.T_MAEM_INDICADOR (ID_ENFOQUE,ID_MEDMIT,ID_PARAMETRO,ID_GRUPO_INDICADOR,ORDEN,FLAG_ESTADO) values ('3','12','3','2','4','1');
Insert into MRVMM.T_MAEM_INDICADOR (ID_ENFOQUE,ID_MEDMIT,ID_PARAMETRO,ID_GRUPO_INDICADOR,ORDEN,FLAG_ESTADO) values ('4','12','2','1','2','1');
Insert into MRVMM.T_MAEM_INDICADOR (ID_ENFOQUE,ID_MEDMIT,ID_PARAMETRO,ID_GRUPO_INDICADOR,ORDEN,FLAG_ESTADO) values ('3','12','7','1','6','1');
Insert into MRVMM.T_MAEM_INDICADOR (ID_ENFOQUE,ID_MEDMIT,ID_PARAMETRO,ID_GRUPO_INDICADOR,ORDEN,FLAG_ESTADO) values ('3','12','5','1','7','1');
Insert into MRVMM.T_MAEM_INDICADOR (ID_ENFOQUE,ID_MEDMIT,ID_PARAMETRO,ID_GRUPO_INDICADOR,ORDEN,FLAG_ESTADO) values ('3','12','9','2','8','1');
Insert into MRVMM.T_MAEM_INDICADOR (ID_ENFOQUE,ID_MEDMIT,ID_PARAMETRO,ID_GRUPO_INDICADOR,ORDEN,FLAG_ESTADO) values ('3','12','10','1','9','1');
Insert into MRVMM.T_MAEM_INDICADOR (ID_ENFOQUE,ID_MEDMIT,ID_PARAMETRO,ID_GRUPO_INDICADOR,ORDEN,FLAG_ESTADO) values ('3','12','11','3','10','1');
Insert into MRVMM.T_MAEM_INDICADOR (ID_ENFOQUE,ID_MEDMIT,ID_PARAMETRO,ID_GRUPO_INDICADOR,ORDEN,FLAG_ESTADO) values ('1','12','6','1','1','1');
Insert into MRVMM.T_MAEM_INDICADOR (ID_ENFOQUE,ID_MEDMIT,ID_PARAMETRO,ID_GRUPO_INDICADOR,ORDEN,FLAG_ESTADO) values ('1','12','2','1','2','1');
Insert into MRVMM.T_MAEM_INDICADOR (ID_ENFOQUE,ID_MEDMIT,ID_PARAMETRO,ID_GRUPO_INDICADOR,ORDEN,FLAG_ESTADO) values ('1','12','1','1','3','1');
Insert into MRVMM.T_MAEM_INDICADOR (ID_ENFOQUE,ID_MEDMIT,ID_PARAMETRO,ID_GRUPO_INDICADOR,ORDEN,FLAG_ESTADO) values ('1','12','3','2','4','1');
Insert into MRVMM.T_MAEM_INDICADOR (ID_ENFOQUE,ID_MEDMIT,ID_PARAMETRO,ID_GRUPO_INDICADOR,ORDEN,FLAG_ESTADO) values ('4','12','1','1','3','1');
Insert into MRVMM.T_MAEM_INDICADOR (ID_ENFOQUE,ID_MEDMIT,ID_PARAMETRO,ID_GRUPO_INDICADOR,ORDEN,FLAG_ESTADO) values ('12','5','2','1','2','1');
Insert into MRVMM.T_MAEM_INDICADOR (ID_ENFOQUE,ID_MEDMIT,ID_PARAMETRO,ID_GRUPO_INDICADOR,ORDEN,FLAG_ESTADO) values ('1','12','12','1','7','1');
Insert into MRVMM.T_MAEM_INDICADOR (ID_ENFOQUE,ID_MEDMIT,ID_PARAMETRO,ID_GRUPO_INDICADOR,ORDEN,FLAG_ESTADO) values ('1','12','13','1','8','1');
Insert into MRVMM.T_MAEM_INDICADOR (ID_ENFOQUE,ID_MEDMIT,ID_PARAMETRO,ID_GRUPO_INDICADOR,ORDEN,FLAG_ESTADO) values ('1','12','5','1','9','1');
Insert into MRVMM.T_MAEM_INDICADOR (ID_ENFOQUE,ID_MEDMIT,ID_PARAMETRO,ID_GRUPO_INDICADOR,ORDEN,FLAG_ESTADO) values ('1','12','9','2','10','1');
Insert into MRVMM.T_MAEM_INDICADOR (ID_ENFOQUE,ID_MEDMIT,ID_PARAMETRO,ID_GRUPO_INDICADOR,ORDEN,FLAG_ESTADO) values ('1','12','10','1','11','1');
Insert into MRVMM.T_MAEM_INDICADOR (ID_ENFOQUE,ID_MEDMIT,ID_PARAMETRO,ID_GRUPO_INDICADOR,ORDEN,FLAG_ESTADO) values ('1','12','11','3','12','1');
Insert into MRVMM.T_MAEM_INDICADOR (ID_ENFOQUE,ID_MEDMIT,ID_PARAMETRO,ID_GRUPO_INDICADOR,ORDEN,FLAG_ESTADO) values ('4','12','6','1','1','1');
Insert into MRVMM.T_MAEM_INDICADOR (ID_ENFOQUE,ID_MEDMIT,ID_PARAMETRO,ID_GRUPO_INDICADOR,ORDEN,FLAG_ESTADO) values ('4','12','3','2','4','1');
Insert into MRVMM.T_MAEM_INDICADOR (ID_ENFOQUE,ID_MEDMIT,ID_PARAMETRO,ID_GRUPO_INDICADOR,ORDEN,FLAG_ESTADO) values ('4','12','7','1','5','1');
Insert into MRVMM.T_MAEM_INDICADOR (ID_ENFOQUE,ID_MEDMIT,ID_PARAMETRO,ID_GRUPO_INDICADOR,ORDEN,FLAG_ESTADO) values ('4','12','8','2','6','1');
Insert into MRVMM.T_MAEM_INDICADOR (ID_ENFOQUE,ID_MEDMIT,ID_PARAMETRO,ID_GRUPO_INDICADOR,ORDEN,FLAG_ESTADO) values ('4','12','5','1','8','1');
Insert into MRVMM.T_MAEM_INDICADOR (ID_ENFOQUE,ID_MEDMIT,ID_PARAMETRO,ID_GRUPO_INDICADOR,ORDEN,FLAG_ESTADO) values ('4','12','9','2','9','1');
Insert into MRVMM.T_MAEM_INDICADOR (ID_ENFOQUE,ID_MEDMIT,ID_PARAMETRO,ID_GRUPO_INDICADOR,ORDEN,FLAG_ESTADO) values ('4','12','10','1','10','1');
Insert into MRVMM.T_MAEM_INDICADOR (ID_ENFOQUE,ID_MEDMIT,ID_PARAMETRO,ID_GRUPO_INDICADOR,ORDEN,FLAG_ESTADO) values ('4','12','11','3','11','1');
Insert into MRVMM.T_MAEM_INDICADOR (ID_ENFOQUE,ID_MEDMIT,ID_PARAMETRO,ID_GRUPO_INDICADOR,ORDEN,FLAG_ESTADO) values ('11','6','6','1','1','1');
Insert into MRVMM.T_MAEM_INDICADOR (ID_ENFOQUE,ID_MEDMIT,ID_PARAMETRO,ID_GRUPO_INDICADOR,ORDEN,FLAG_ESTADO) values ('11','6','2','1','2','1');
Insert into MRVMM.T_MAEM_INDICADOR (ID_ENFOQUE,ID_MEDMIT,ID_PARAMETRO,ID_GRUPO_INDICADOR,ORDEN,FLAG_ESTADO) values ('11','6','19','2','3','1');
Insert into MRVMM.T_MAEM_INDICADOR (ID_ENFOQUE,ID_MEDMIT,ID_PARAMETRO,ID_GRUPO_INDICADOR,ORDEN,FLAG_ESTADO) values ('11','6','20','1','4','1');
Insert into MRVMM.T_MAEM_INDICADOR (ID_ENFOQUE,ID_MEDMIT,ID_PARAMETRO,ID_GRUPO_INDICADOR,ORDEN,FLAG_ESTADO) values ('11','6','12','1','5','1');
Insert into MRVMM.T_MAEM_INDICADOR (ID_ENFOQUE,ID_MEDMIT,ID_PARAMETRO,ID_GRUPO_INDICADOR,ORDEN,FLAG_ESTADO) values ('11','6','17','1','6','1');
Insert into MRVMM.T_MAEM_INDICADOR (ID_ENFOQUE,ID_MEDMIT,ID_PARAMETRO,ID_GRUPO_INDICADOR,ORDEN,FLAG_ESTADO) values ('11','6','11','3','12','1');
Insert into MRVMM.T_MAEM_INDICADOR (ID_ENFOQUE,ID_MEDMIT,ID_PARAMETRO,ID_GRUPO_INDICADOR,ORDEN,FLAG_ESTADO) values ('12','5','6','1','1','1');
Insert into MRVMM.T_MAEM_INDICADOR (ID_ENFOQUE,ID_MEDMIT,ID_PARAMETRO,ID_GRUPO_INDICADOR,ORDEN,FLAG_ESTADO) values ('12','5','19','2','3','1');
Insert into MRVMM.T_MAEM_INDICADOR (ID_ENFOQUE,ID_MEDMIT,ID_PARAMETRO,ID_GRUPO_INDICADOR,ORDEN,FLAG_ESTADO) values ('12','5','20','1','4','1');
Insert into MRVMM.T_MAEM_INDICADOR (ID_ENFOQUE,ID_MEDMIT,ID_PARAMETRO,ID_GRUPO_INDICADOR,ORDEN,FLAG_ESTADO) values ('12','5','12','1','5','1');
Insert into MRVMM.T_MAEM_INDICADOR (ID_ENFOQUE,ID_MEDMIT,ID_PARAMETRO,ID_GRUPO_INDICADOR,ORDEN,FLAG_ESTADO) values ('12','5','17','1','6','1');
Insert into MRVMM.T_MAEM_INDICADOR (ID_ENFOQUE,ID_MEDMIT,ID_PARAMETRO,ID_GRUPO_INDICADOR,ORDEN,FLAG_ESTADO) values ('12','5','11','3','12','1');
Insert into MRVMM.T_MAEM_INDICADOR (ID_ENFOQUE,ID_MEDMIT,ID_PARAMETRO,ID_GRUPO_INDICADOR,ORDEN,FLAG_ESTADO) values ('13','3','6','1','1','1');
Insert into MRVMM.T_MAEM_INDICADOR (ID_ENFOQUE,ID_MEDMIT,ID_PARAMETRO,ID_GRUPO_INDICADOR,ORDEN,FLAG_ESTADO) values ('13','3','19','2','3','1');
Insert into MRVMM.T_MAEM_INDICADOR (ID_ENFOQUE,ID_MEDMIT,ID_PARAMETRO,ID_GRUPO_INDICADOR,ORDEN,FLAG_ESTADO) values ('13','3','20','1','4','1');
Insert into MRVMM.T_MAEM_INDICADOR (ID_ENFOQUE,ID_MEDMIT,ID_PARAMETRO,ID_GRUPO_INDICADOR,ORDEN,FLAG_ESTADO) values ('13','3','12','1','5','1');
Insert into MRVMM.T_MAEM_INDICADOR (ID_ENFOQUE,ID_MEDMIT,ID_PARAMETRO,ID_GRUPO_INDICADOR,ORDEN,FLAG_ESTADO) values ('13','3','17','1','6','1');
Insert into MRVMM.T_MAEM_INDICADOR (ID_ENFOQUE,ID_MEDMIT,ID_PARAMETRO,ID_GRUPO_INDICADOR,ORDEN,FLAG_ESTADO) values ('13','3','11','3','12','1');
Insert into MRVMM.T_MAEM_INDICADOR (ID_ENFOQUE,ID_MEDMIT,ID_PARAMETRO,ID_GRUPO_INDICADOR,ORDEN,FLAG_ESTADO) values ('14','2','6','1','1','1');
Insert into MRVMM.T_MAEM_INDICADOR (ID_ENFOQUE,ID_MEDMIT,ID_PARAMETRO,ID_GRUPO_INDICADOR,ORDEN,FLAG_ESTADO) values ('14','2','22','2','3','1');
Insert into MRVMM.T_MAEM_INDICADOR (ID_ENFOQUE,ID_MEDMIT,ID_PARAMETRO,ID_GRUPO_INDICADOR,ORDEN,FLAG_ESTADO) values ('14','2','23','1','4','1');
Insert into MRVMM.T_MAEM_INDICADOR (ID_ENFOQUE,ID_MEDMIT,ID_PARAMETRO,ID_GRUPO_INDICADOR,ORDEN,FLAG_ESTADO) values ('14','2','12','1','5','1');
Insert into MRVMM.T_MAEM_INDICADOR (ID_ENFOQUE,ID_MEDMIT,ID_PARAMETRO,ID_GRUPO_INDICADOR,ORDEN,FLAG_ESTADO) values ('14','2','17','1','6','1');
Insert into MRVMM.T_MAEM_INDICADOR (ID_ENFOQUE,ID_MEDMIT,ID_PARAMETRO,ID_GRUPO_INDICADOR,ORDEN,FLAG_ESTADO) values ('14','2','11','3','7','1');
Insert into MRVMM.T_MAEM_INDICADOR (ID_ENFOQUE,ID_MEDMIT,ID_PARAMETRO,ID_GRUPO_INDICADOR,ORDEN,FLAG_ESTADO) values ('14','2','21','1','2','1');
Insert into MRVMM.T_MAEM_INDICADOR (ID_ENFOQUE,ID_MEDMIT,ID_PARAMETRO,ID_GRUPO_INDICADOR,ORDEN,FLAG_ESTADO) values ('1','12','4','1','5','1');
Insert into MRVMM.T_MAEM_INDICADOR (ID_ENFOQUE,ID_MEDMIT,ID_PARAMETRO,ID_GRUPO_INDICADOR,ORDEN,FLAG_ESTADO) values ('2','12','6','1','1','1');
Insert into MRVMM.T_MAEM_INDICADOR (ID_ENFOQUE,ID_MEDMIT,ID_PARAMETRO,ID_GRUPO_INDICADOR,ORDEN,FLAG_ESTADO) values ('2','12','2','1','2','1');
Insert into MRVMM.T_MAEM_INDICADOR (ID_ENFOQUE,ID_MEDMIT,ID_PARAMETRO,ID_GRUPO_INDICADOR,ORDEN,FLAG_ESTADO) values ('2','12','1','1','3','1');
Insert into MRVMM.T_MAEM_INDICADOR (ID_ENFOQUE,ID_MEDMIT,ID_PARAMETRO,ID_GRUPO_INDICADOR,ORDEN,FLAG_ESTADO) values ('2','12','3','2','4','1');
Insert into MRVMM.T_MAEM_INDICADOR (ID_ENFOQUE,ID_MEDMIT,ID_PARAMETRO,ID_GRUPO_INDICADOR,ORDEN,FLAG_ESTADO) values ('2','12','15','2','5','1');
Insert into MRVMM.T_MAEM_INDICADOR (ID_ENFOQUE,ID_MEDMIT,ID_PARAMETRO,ID_GRUPO_INDICADOR,ORDEN,FLAG_ESTADO) values ('2','12','4','1','6','1');
Insert into MRVMM.T_MAEM_INDICADOR (ID_ENFOQUE,ID_MEDMIT,ID_PARAMETRO,ID_GRUPO_INDICADOR,ORDEN,FLAG_ESTADO) values ('2','12','12','1','7','1');
Insert into MRVMM.T_MAEM_INDICADOR (ID_ENFOQUE,ID_MEDMIT,ID_PARAMETRO,ID_GRUPO_INDICADOR,ORDEN,FLAG_ESTADO) values ('2','12','13','1','8','1');
Insert into MRVMM.T_MAEM_INDICADOR (ID_ENFOQUE,ID_MEDMIT,ID_PARAMETRO,ID_GRUPO_INDICADOR,ORDEN,FLAG_ESTADO) values ('2','12','5','1','9','1');
Insert into MRVMM.T_MAEM_INDICADOR (ID_ENFOQUE,ID_MEDMIT,ID_PARAMETRO,ID_GRUPO_INDICADOR,ORDEN,FLAG_ESTADO) values ('2','12','9','2','10','1');
Insert into MRVMM.T_MAEM_INDICADOR (ID_ENFOQUE,ID_MEDMIT,ID_PARAMETRO,ID_GRUPO_INDICADOR,ORDEN,FLAG_ESTADO) values ('2','12','10','1','11','1');
Insert into MRVMM.T_MAEM_INDICADOR (ID_ENFOQUE,ID_MEDMIT,ID_PARAMETRO,ID_GRUPO_INDICADOR,ORDEN,FLAG_ESTADO) values ('2','12','11','3','12','1');
Insert into MRVMM.T_MAEM_INDICADOR (ID_ENFOQUE,ID_MEDMIT,ID_PARAMETRO,ID_GRUPO_INDICADOR,ORDEN,FLAG_ESTADO) values ('4','12','12','1','7','1');
Insert into MRVMM.T_MAEM_INDICADOR (ID_ENFOQUE,ID_MEDMIT,ID_PARAMETRO,ID_GRUPO_INDICADOR,ORDEN,FLAG_ESTADO) values ('5','11','6','1','1','1');
Insert into MRVMM.T_MAEM_INDICADOR (ID_ENFOQUE,ID_MEDMIT,ID_PARAMETRO,ID_GRUPO_INDICADOR,ORDEN,FLAG_ESTADO) values ('5','11','2','1','2','1');
Insert into MRVMM.T_MAEM_INDICADOR (ID_ENFOQUE,ID_MEDMIT,ID_PARAMETRO,ID_GRUPO_INDICADOR,ORDEN,FLAG_ESTADO) values ('5','11','16','1','3','1');
Insert into MRVMM.T_MAEM_INDICADOR (ID_ENFOQUE,ID_MEDMIT,ID_PARAMETRO,ID_GRUPO_INDICADOR,ORDEN,FLAG_ESTADO) values ('5','11','11','3','12','1');
Insert into MRVMM.T_MAEM_INDICADOR (ID_ENFOQUE,ID_MEDMIT,ID_PARAMETRO,ID_GRUPO_INDICADOR,ORDEN,FLAG_ESTADO) values ('6','10','6','1','1','1');
Insert into MRVMM.T_MAEM_INDICADOR (ID_ENFOQUE,ID_MEDMIT,ID_PARAMETRO,ID_GRUPO_INDICADOR,ORDEN,FLAG_ESTADO) values ('6','10','2','1','2','1');
Insert into MRVMM.T_MAEM_INDICADOR (ID_ENFOQUE,ID_MEDMIT,ID_PARAMETRO,ID_GRUPO_INDICADOR,ORDEN,FLAG_ESTADO) values ('6','10','16','1','3','1');
Insert into MRVMM.T_MAEM_INDICADOR (ID_ENFOQUE,ID_MEDMIT,ID_PARAMETRO,ID_GRUPO_INDICADOR,ORDEN,FLAG_ESTADO) values ('6','10','11','3','12','1');
Insert into MRVMM.T_MAEM_INDICADOR (ID_ENFOQUE,ID_MEDMIT,ID_PARAMETRO,ID_GRUPO_INDICADOR,ORDEN,FLAG_ESTADO) values ('7','9','6','1','1','1');
Insert into MRVMM.T_MAEM_INDICADOR (ID_ENFOQUE,ID_MEDMIT,ID_PARAMETRO,ID_GRUPO_INDICADOR,ORDEN,FLAG_ESTADO) values ('7','9','2','1','2','1');
Insert into MRVMM.T_MAEM_INDICADOR (ID_ENFOQUE,ID_MEDMIT,ID_PARAMETRO,ID_GRUPO_INDICADOR,ORDEN,FLAG_ESTADO) values ('7','9','17','1','3','1');
Insert into MRVMM.T_MAEM_INDICADOR (ID_ENFOQUE,ID_MEDMIT,ID_PARAMETRO,ID_GRUPO_INDICADOR,ORDEN,FLAG_ESTADO) values ('7','9','18','1','4','1');
Insert into MRVMM.T_MAEM_INDICADOR (ID_ENFOQUE,ID_MEDMIT,ID_PARAMETRO,ID_GRUPO_INDICADOR,ORDEN,FLAG_ESTADO) values ('7','9','12','1','5','1');
Insert into MRVMM.T_MAEM_INDICADOR (ID_ENFOQUE,ID_MEDMIT,ID_PARAMETRO,ID_GRUPO_INDICADOR,ORDEN,FLAG_ESTADO) values ('7','9','11','3','12','1');
Insert into MRVMM.T_MAEM_INDICADOR (ID_ENFOQUE,ID_MEDMIT,ID_PARAMETRO,ID_GRUPO_INDICADOR,ORDEN,FLAG_ESTADO) values ('16','1','6','1','1','1');
Insert into MRVMM.T_MAEM_INDICADOR (ID_ENFOQUE,ID_MEDMIT,ID_PARAMETRO,ID_GRUPO_INDICADOR,ORDEN,FLAG_ESTADO) values ('16','1','24','1','2','1');
Insert into MRVMM.T_MAEM_INDICADOR (ID_ENFOQUE,ID_MEDMIT,ID_PARAMETRO,ID_GRUPO_INDICADOR,ORDEN,FLAG_ESTADO) values ('16','1','25','1','2','1');
Insert into MRVMM.T_MAEM_INDICADOR (ID_ENFOQUE,ID_MEDMIT,ID_PARAMETRO,ID_GRUPO_INDICADOR,ORDEN,FLAG_ESTADO) values ('16','1','26','2','3','1');
Insert into MRVMM.T_MAEM_INDICADOR (ID_ENFOQUE,ID_MEDMIT,ID_PARAMETRO,ID_GRUPO_INDICADOR,ORDEN,FLAG_ESTADO) values ('16','1','27','1','4','1');
Insert into MRVMM.T_MAEM_INDICADOR (ID_ENFOQUE,ID_MEDMIT,ID_PARAMETRO,ID_GRUPO_INDICADOR,ORDEN,FLAG_ESTADO) values ('16','1','12','1','5','1');
Insert into MRVMM.T_MAEM_INDICADOR (ID_ENFOQUE,ID_MEDMIT,ID_PARAMETRO,ID_GRUPO_INDICADOR,ORDEN,FLAG_ESTADO) values ('16','1','17','1','6','1');
Insert into MRVMM.T_MAEM_INDICADOR (ID_ENFOQUE,ID_MEDMIT,ID_PARAMETRO,ID_GRUPO_INDICADOR,ORDEN,FLAG_ESTADO) values ('16','1','11','3','7','1');

REM INSERTING into MRVMM.T_MAEM_INDICADOR_DATA
SET DEFINE OFF;
Insert into MRVMM.T_MAEM_INDICADOR_DATA (ID_INICIATIVA,ID_INDICADOR,ID_ENFOQUE,ID_MEDMIT,ID_PARAMETRO,VALOR,FLAG_ESTADO) values ('383','1','1','12','6','2015','1');
Insert into MRVMM.T_MAEM_INDICADOR_DATA (ID_INICIATIVA,ID_INDICADOR,ID_ENFOQUE,ID_MEDMIT,ID_PARAMETRO,VALOR,FLAG_ESTADO) values ('383','1','1','12','2','2018-05-23','1');
Insert into MRVMM.T_MAEM_INDICADOR_DATA (ID_INICIATIVA,ID_INDICADOR,ID_ENFOQUE,ID_MEDMIT,ID_PARAMETRO,VALOR,FLAG_ESTADO) values ('383','1','1','12','1','1','1');
Insert into MRVMM.T_MAEM_INDICADOR_DATA (ID_INICIATIVA,ID_INDICADOR,ID_ENFOQUE,ID_MEDMIT,ID_PARAMETRO,VALOR,FLAG_ESTADO) values ('383','1','1','12','3','1','1');
Insert into MRVMM.T_MAEM_INDICADOR_DATA (ID_INICIATIVA,ID_INDICADOR,ID_ENFOQUE,ID_MEDMIT,ID_PARAMETRO,VALOR,FLAG_ESTADO) values ('383','1','1','12','4','12345','1');
Insert into MRVMM.T_MAEM_INDICADOR_DATA (ID_INICIATIVA,ID_INDICADOR,ID_ENFOQUE,ID_MEDMIT,ID_PARAMETRO,VALOR,FLAG_ESTADO) values ('383','1','1','12','12','1','1');
Insert into MRVMM.T_MAEM_INDICADOR_DATA (ID_INICIATIVA,ID_INDICADOR,ID_ENFOQUE,ID_MEDMIT,ID_PARAMETRO,VALOR,FLAG_ESTADO) values ('383','1','1','12','13','23','1');
Insert into MRVMM.T_MAEM_INDICADOR_DATA (ID_INICIATIVA,ID_INDICADOR,ID_ENFOQUE,ID_MEDMIT,ID_PARAMETRO,VALOR,FLAG_ESTADO) values ('383','1','1','12','5','FGC-345','1');
Insert into MRVMM.T_MAEM_INDICADOR_DATA (ID_INICIATIVA,ID_INDICADOR,ID_ENFOQUE,ID_MEDMIT,ID_PARAMETRO,VALOR,FLAG_ESTADO) values ('383','1','1','12','9','2.31','1');
Insert into MRVMM.T_MAEM_INDICADOR_DATA (ID_INICIATIVA,ID_INDICADOR,ID_ENFOQUE,ID_MEDMIT,ID_PARAMETRO,VALOR,FLAG_ESTADO) values ('383','1','1','12','10','64.85','1');
Insert into MRVMM.T_MAEM_INDICADOR_DATA (ID_INICIATIVA,ID_INDICADOR,ID_ENFOQUE,ID_MEDMIT,ID_PARAMETRO,VALOR,FLAG_ESTADO) values ('383','1','1','12','11','-62.54','1');
Insert into MRVMM.T_MAEM_INDICADOR_DATA (ID_INICIATIVA,ID_INDICADOR,ID_ENFOQUE,ID_MEDMIT,ID_PARAMETRO,VALOR,FLAG_ESTADO) values ('383','2','1','12','6','2015','1');
Insert into MRVMM.T_MAEM_INDICADOR_DATA (ID_INICIATIVA,ID_INDICADOR,ID_ENFOQUE,ID_MEDMIT,ID_PARAMETRO,VALOR,FLAG_ESTADO) values ('383','2','1','12','2','2018-03-23','1');
Insert into MRVMM.T_MAEM_INDICADOR_DATA (ID_INICIATIVA,ID_INDICADOR,ID_ENFOQUE,ID_MEDMIT,ID_PARAMETRO,VALOR,FLAG_ESTADO) values ('383','2','1','12','1','1','1');
Insert into MRVMM.T_MAEM_INDICADOR_DATA (ID_INICIATIVA,ID_INDICADOR,ID_ENFOQUE,ID_MEDMIT,ID_PARAMETRO,VALOR,FLAG_ESTADO) values ('383','2','1','12','3','1','1');
Insert into MRVMM.T_MAEM_INDICADOR_DATA (ID_INICIATIVA,ID_INDICADOR,ID_ENFOQUE,ID_MEDMIT,ID_PARAMETRO,VALOR,FLAG_ESTADO) values ('383','2','1','12','4','126789','1');
Insert into MRVMM.T_MAEM_INDICADOR_DATA (ID_INICIATIVA,ID_INDICADOR,ID_ENFOQUE,ID_MEDMIT,ID_PARAMETRO,VALOR,FLAG_ESTADO) values ('383','2','1','12','12','1','1');
Insert into MRVMM.T_MAEM_INDICADOR_DATA (ID_INICIATIVA,ID_INDICADOR,ID_ENFOQUE,ID_MEDMIT,ID_PARAMETRO,VALOR,FLAG_ESTADO) values ('383','2','1','12','13','30','1');
Insert into MRVMM.T_MAEM_INDICADOR_DATA (ID_INICIATIVA,ID_INDICADOR,ID_ENFOQUE,ID_MEDMIT,ID_PARAMETRO,VALOR,FLAG_ESTADO) values ('383','2','1','12','5','CFT-948','1');
Insert into MRVMM.T_MAEM_INDICADOR_DATA (ID_INICIATIVA,ID_INDICADOR,ID_ENFOQUE,ID_MEDMIT,ID_PARAMETRO,VALOR,FLAG_ESTADO) values ('383','2','1','12','9','23.75','1');
Insert into MRVMM.T_MAEM_INDICADOR_DATA (ID_INICIATIVA,ID_INDICADOR,ID_ENFOQUE,ID_MEDMIT,ID_PARAMETRO,VALOR,FLAG_ESTADO) values ('383','2','1','12','10','868.8','1');
Insert into MRVMM.T_MAEM_INDICADOR_DATA (ID_INICIATIVA,ID_INDICADOR,ID_ENFOQUE,ID_MEDMIT,ID_PARAMETRO,VALOR,FLAG_ESTADO) values ('383','2','1','12','11','-845.04','1');
Insert into MRVMM.T_MAEM_INDICADOR_DATA (ID_INICIATIVA,ID_INDICADOR,ID_ENFOQUE,ID_MEDMIT,ID_PARAMETRO,VALOR,FLAG_ESTADO) values ('422','1','1','12','6','2018','1');
Insert into MRVMM.T_MAEM_INDICADOR_DATA (ID_INICIATIVA,ID_INDICADOR,ID_ENFOQUE,ID_MEDMIT,ID_PARAMETRO,VALOR,FLAG_ESTADO) values ('421','1','14','2','6','2016','1');
Insert into MRVMM.T_MAEM_INDICADOR_DATA (ID_INICIATIVA,ID_INDICADOR,ID_ENFOQUE,ID_MEDMIT,ID_PARAMETRO,VALOR,FLAG_ESTADO) values ('421','1','14','2','21','9','1');
Insert into MRVMM.T_MAEM_INDICADOR_DATA (ID_INICIATIVA,ID_INDICADOR,ID_ENFOQUE,ID_MEDMIT,ID_PARAMETRO,VALOR,FLAG_ESTADO) values ('421','1','14','2','22','2','1');
Insert into MRVMM.T_MAEM_INDICADOR_DATA (ID_INICIATIVA,ID_INDICADOR,ID_ENFOQUE,ID_MEDMIT,ID_PARAMETRO,VALOR,FLAG_ESTADO) values ('421','1','14','2','23','1','1');
Insert into MRVMM.T_MAEM_INDICADOR_DATA (ID_INICIATIVA,ID_INDICADOR,ID_ENFOQUE,ID_MEDMIT,ID_PARAMETRO,VALOR,FLAG_ESTADO) values ('421','1','14','2','12','1300','1');
Insert into MRVMM.T_MAEM_INDICADOR_DATA (ID_INICIATIVA,ID_INDICADOR,ID_ENFOQUE,ID_MEDMIT,ID_PARAMETRO,VALOR,FLAG_ESTADO) values ('421','1','14','2','17','4','1');
Insert into MRVMM.T_MAEM_INDICADOR_DATA (ID_INICIATIVA,ID_INDICADOR,ID_ENFOQUE,ID_MEDMIT,ID_PARAMETRO,VALOR,FLAG_ESTADO) values ('421','1','14','2','11','6054.68','1');
Insert into MRVMM.T_MAEM_INDICADOR_DATA (ID_INICIATIVA,ID_INDICADOR,ID_ENFOQUE,ID_MEDMIT,ID_PARAMETRO,VALOR,FLAG_ESTADO) values ('428','1','1','12','6','2018','1');
Insert into MRVMM.T_MAEM_INDICADOR_DATA (ID_INICIATIVA,ID_INDICADOR,ID_ENFOQUE,ID_MEDMIT,ID_PARAMETRO,VALOR,FLAG_ESTADO) values ('428','1','1','12','2',null,'1');
Insert into MRVMM.T_MAEM_INDICADOR_DATA (ID_INICIATIVA,ID_INDICADOR,ID_ENFOQUE,ID_MEDMIT,ID_PARAMETRO,VALOR,FLAG_ESTADO) values ('428','1','1','12','1','1','1');
Insert into MRVMM.T_MAEM_INDICADOR_DATA (ID_INICIATIVA,ID_INDICADOR,ID_ENFOQUE,ID_MEDMIT,ID_PARAMETRO,VALOR,FLAG_ESTADO) values ('428','1','1','12','3','3','1');
Insert into MRVMM.T_MAEM_INDICADOR_DATA (ID_INICIATIVA,ID_INDICADOR,ID_ENFOQUE,ID_MEDMIT,ID_PARAMETRO,VALOR,FLAG_ESTADO) values ('428','1','1','12','4','57600','1');
Insert into MRVMM.T_MAEM_INDICADOR_DATA (ID_INICIATIVA,ID_INDICADOR,ID_ENFOQUE,ID_MEDMIT,ID_PARAMETRO,VALOR,FLAG_ESTADO) values ('428','1','1','12','12','1','1');
Insert into MRVMM.T_MAEM_INDICADOR_DATA (ID_INICIATIVA,ID_INDICADOR,ID_ENFOQUE,ID_MEDMIT,ID_PARAMETRO,VALOR,FLAG_ESTADO) values ('428','1','1','12','13','0.25','1');
Insert into MRVMM.T_MAEM_INDICADOR_DATA (ID_INICIATIVA,ID_INDICADOR,ID_ENFOQUE,ID_MEDMIT,ID_PARAMETRO,VALOR,FLAG_ESTADO) values ('428','1','1','12','5',null,'1');
Insert into MRVMM.T_MAEM_INDICADOR_DATA (ID_INICIATIVA,ID_INDICADOR,ID_ENFOQUE,ID_MEDMIT,ID_PARAMETRO,VALOR,FLAG_ESTADO) values ('428','1','1','12','9','10.31','1');
Insert into MRVMM.T_MAEM_INDICADOR_DATA (ID_INICIATIVA,ID_INDICADOR,ID_ENFOQUE,ID_MEDMIT,ID_PARAMETRO,VALOR,FLAG_ESTADO) values ('428','1','1','12','10','2.44','1');
Insert into MRVMM.T_MAEM_INDICADOR_DATA (ID_INICIATIVA,ID_INDICADOR,ID_ENFOQUE,ID_MEDMIT,ID_PARAMETRO,VALOR,FLAG_ESTADO) values ('428','1','1','12','11','7.87','1');
Insert into MRVMM.T_MAEM_INDICADOR_DATA (ID_INICIATIVA,ID_INDICADOR,ID_ENFOQUE,ID_MEDMIT,ID_PARAMETRO,VALOR,FLAG_ESTADO) values ('428','2','1','12','6','2018','1');
Insert into MRVMM.T_MAEM_INDICADOR_DATA (ID_INICIATIVA,ID_INDICADOR,ID_ENFOQUE,ID_MEDMIT,ID_PARAMETRO,VALOR,FLAG_ESTADO) values ('428','2','1','12','2',null,'1');
Insert into MRVMM.T_MAEM_INDICADOR_DATA (ID_INICIATIVA,ID_INDICADOR,ID_ENFOQUE,ID_MEDMIT,ID_PARAMETRO,VALOR,FLAG_ESTADO) values ('428','2','1','12','1','1','1');
Insert into MRVMM.T_MAEM_INDICADOR_DATA (ID_INICIATIVA,ID_INDICADOR,ID_ENFOQUE,ID_MEDMIT,ID_PARAMETRO,VALOR,FLAG_ESTADO) values ('428','2','1','12','3','3','1');
Insert into MRVMM.T_MAEM_INDICADOR_DATA (ID_INICIATIVA,ID_INDICADOR,ID_ENFOQUE,ID_MEDMIT,ID_PARAMETRO,VALOR,FLAG_ESTADO) values ('428','2','1','12','4','60000','1');
Insert into MRVMM.T_MAEM_INDICADOR_DATA (ID_INICIATIVA,ID_INDICADOR,ID_ENFOQUE,ID_MEDMIT,ID_PARAMETRO,VALOR,FLAG_ESTADO) values ('428','2','1','12','12','1','1');
Insert into MRVMM.T_MAEM_INDICADOR_DATA (ID_INICIATIVA,ID_INDICADOR,ID_ENFOQUE,ID_MEDMIT,ID_PARAMETRO,VALOR,FLAG_ESTADO) values ('428','2','1','12','13','0.25','1');
Insert into MRVMM.T_MAEM_INDICADOR_DATA (ID_INICIATIVA,ID_INDICADOR,ID_ENFOQUE,ID_MEDMIT,ID_PARAMETRO,VALOR,FLAG_ESTADO) values ('428','2','1','12','5',null,'1');
Insert into MRVMM.T_MAEM_INDICADOR_DATA (ID_INICIATIVA,ID_INDICADOR,ID_ENFOQUE,ID_MEDMIT,ID_PARAMETRO,VALOR,FLAG_ESTADO) values ('428','2','1','12','9','10.74','1');
Insert into MRVMM.T_MAEM_INDICADOR_DATA (ID_INICIATIVA,ID_INDICADOR,ID_ENFOQUE,ID_MEDMIT,ID_PARAMETRO,VALOR,FLAG_ESTADO) values ('428','2','1','12','10','2.54','1');
Insert into MRVMM.T_MAEM_INDICADOR_DATA (ID_INICIATIVA,ID_INDICADOR,ID_ENFOQUE,ID_MEDMIT,ID_PARAMETRO,VALOR,FLAG_ESTADO) values ('428','2','1','12','11','8.2','1');
Insert into MRVMM.T_MAEM_INDICADOR_DATA (ID_INICIATIVA,ID_INDICADOR,ID_ENFOQUE,ID_MEDMIT,ID_PARAMETRO,VALOR,FLAG_ESTADO) values ('376','1','1','12','6','2019','1');
Insert into MRVMM.T_MAEM_INDICADOR_DATA (ID_INICIATIVA,ID_INDICADOR,ID_ENFOQUE,ID_MEDMIT,ID_PARAMETRO,VALOR,FLAG_ESTADO) values ('376','1','1','12','2','2019-01-01','1');
Insert into MRVMM.T_MAEM_INDICADOR_DATA (ID_INICIATIVA,ID_INDICADOR,ID_ENFOQUE,ID_MEDMIT,ID_PARAMETRO,VALOR,FLAG_ESTADO) values ('376','1','1','12','1','1','1');
Insert into MRVMM.T_MAEM_INDICADOR_DATA (ID_INICIATIVA,ID_INDICADOR,ID_ENFOQUE,ID_MEDMIT,ID_PARAMETRO,VALOR,FLAG_ESTADO) values ('376','1','1','12','3','3','1');
Insert into MRVMM.T_MAEM_INDICADOR_DATA (ID_INICIATIVA,ID_INDICADOR,ID_ENFOQUE,ID_MEDMIT,ID_PARAMETRO,VALOR,FLAG_ESTADO) values ('376','1','1','12','4','34184','1');
Insert into MRVMM.T_MAEM_INDICADOR_DATA (ID_INICIATIVA,ID_INDICADOR,ID_ENFOQUE,ID_MEDMIT,ID_PARAMETRO,VALOR,FLAG_ESTADO) values ('376','1','1','12','12','1','1');
Insert into MRVMM.T_MAEM_INDICADOR_DATA (ID_INICIATIVA,ID_INDICADOR,ID_ENFOQUE,ID_MEDMIT,ID_PARAMETRO,VALOR,FLAG_ESTADO) values ('376','1','1','12','13','0.25','1');
Insert into MRVMM.T_MAEM_INDICADOR_DATA (ID_INICIATIVA,ID_INDICADOR,ID_ENFOQUE,ID_MEDMIT,ID_PARAMETRO,VALOR,FLAG_ESTADO) values ('376','1','1','12','5','qi4568','1');
Insert into MRVMM.T_MAEM_INDICADOR_DATA (ID_INICIATIVA,ID_INDICADOR,ID_ENFOQUE,ID_MEDMIT,ID_PARAMETRO,VALOR,FLAG_ESTADO) values ('376','1','1','12','9','6.12','1');
Insert into MRVMM.T_MAEM_INDICADOR_DATA (ID_INICIATIVA,ID_INDICADOR,ID_ENFOQUE,ID_MEDMIT,ID_PARAMETRO,VALOR,FLAG_ESTADO) values ('376','1','1','12','10','1.45','1');
Insert into MRVMM.T_MAEM_INDICADOR_DATA (ID_INICIATIVA,ID_INDICADOR,ID_ENFOQUE,ID_MEDMIT,ID_PARAMETRO,VALOR,FLAG_ESTADO) values ('376','1','1','12','11','4.67','1');
Insert into MRVMM.T_MAEM_INDICADOR_DATA (ID_INICIATIVA,ID_INDICADOR,ID_ENFOQUE,ID_MEDMIT,ID_PARAMETRO,VALOR,FLAG_ESTADO) values ('376','2','1','12','6','2019','1');
Insert into MRVMM.T_MAEM_INDICADOR_DATA (ID_INICIATIVA,ID_INDICADOR,ID_ENFOQUE,ID_MEDMIT,ID_PARAMETRO,VALOR,FLAG_ESTADO) values ('376','2','1','12','2','2019-01-01','1');
Insert into MRVMM.T_MAEM_INDICADOR_DATA (ID_INICIATIVA,ID_INDICADOR,ID_ENFOQUE,ID_MEDMIT,ID_PARAMETRO,VALOR,FLAG_ESTADO) values ('376','2','1','12','1','3','1');
Insert into MRVMM.T_MAEM_INDICADOR_DATA (ID_INICIATIVA,ID_INDICADOR,ID_ENFOQUE,ID_MEDMIT,ID_PARAMETRO,VALOR,FLAG_ESTADO) values ('376','2','1','12','3','4','1');
Insert into MRVMM.T_MAEM_INDICADOR_DATA (ID_INICIATIVA,ID_INDICADOR,ID_ENFOQUE,ID_MEDMIT,ID_PARAMETRO,VALOR,FLAG_ESTADO) values ('376','2','1','12','4','21799','1');
Insert into MRVMM.T_MAEM_INDICADOR_DATA (ID_INICIATIVA,ID_INDICADOR,ID_ENFOQUE,ID_MEDMIT,ID_PARAMETRO,VALOR,FLAG_ESTADO) values ('376','2','1','12','12','1','1');
Insert into MRVMM.T_MAEM_INDICADOR_DATA (ID_INICIATIVA,ID_INDICADOR,ID_ENFOQUE,ID_MEDMIT,ID_PARAMETRO,VALOR,FLAG_ESTADO) values ('376','2','1','12','13','0.82','1');
Insert into MRVMM.T_MAEM_INDICADOR_DATA (ID_INICIATIVA,ID_INDICADOR,ID_ENFOQUE,ID_MEDMIT,ID_PARAMETRO,VALOR,FLAG_ESTADO) values ('376','2','1','12','5',null,'1');
Insert into MRVMM.T_MAEM_INDICADOR_DATA (ID_INICIATIVA,ID_INDICADOR,ID_ENFOQUE,ID_MEDMIT,ID_PARAMETRO,VALOR,FLAG_ESTADO) values ('376','2','1','12','9','20.96','1');
Insert into MRVMM.T_MAEM_INDICADOR_DATA (ID_INICIATIVA,ID_INDICADOR,ID_ENFOQUE,ID_MEDMIT,ID_PARAMETRO,VALOR,FLAG_ESTADO) values ('376','2','1','12','10','3.04','1');
Insert into MRVMM.T_MAEM_INDICADOR_DATA (ID_INICIATIVA,ID_INDICADOR,ID_ENFOQUE,ID_MEDMIT,ID_PARAMETRO,VALOR,FLAG_ESTADO) values ('376','2','1','12','11','17.92','1');
Insert into MRVMM.T_MAEM_INDICADOR_DATA (ID_INICIATIVA,ID_INDICADOR,ID_ENFOQUE,ID_MEDMIT,ID_PARAMETRO,VALOR,FLAG_ESTADO) values ('386','1','1','12','6','2018','1');
Insert into MRVMM.T_MAEM_INDICADOR_DATA (ID_INICIATIVA,ID_INDICADOR,ID_ENFOQUE,ID_MEDMIT,ID_PARAMETRO,VALOR,FLAG_ESTADO) values ('386','1','1','12','2','2018-02-21','1');
Insert into MRVMM.T_MAEM_INDICADOR_DATA (ID_INICIATIVA,ID_INDICADOR,ID_ENFOQUE,ID_MEDMIT,ID_PARAMETRO,VALOR,FLAG_ESTADO) values ('386','1','1','12','1','6','1');
Insert into MRVMM.T_MAEM_INDICADOR_DATA (ID_INICIATIVA,ID_INDICADOR,ID_ENFOQUE,ID_MEDMIT,ID_PARAMETRO,VALOR,FLAG_ESTADO) values ('386','1','1','12','3','3','1');
Insert into MRVMM.T_MAEM_INDICADOR_DATA (ID_INICIATIVA,ID_INDICADOR,ID_ENFOQUE,ID_MEDMIT,ID_PARAMETRO,VALOR,FLAG_ESTADO) values ('386','1','1','12','4','145','1');
Insert into MRVMM.T_MAEM_INDICADOR_DATA (ID_INICIATIVA,ID_INDICADOR,ID_ENFOQUE,ID_MEDMIT,ID_PARAMETRO,VALOR,FLAG_ESTADO) values ('386','1','1','12','12','14','1');
Insert into MRVMM.T_MAEM_INDICADOR_DATA (ID_INICIATIVA,ID_INDICADOR,ID_ENFOQUE,ID_MEDMIT,ID_PARAMETRO,VALOR,FLAG_ESTADO) values ('386','1','1','12','13','2','1');
Insert into MRVMM.T_MAEM_INDICADOR_DATA (ID_INICIATIVA,ID_INDICADOR,ID_ENFOQUE,ID_MEDMIT,ID_PARAMETRO,VALOR,FLAG_ESTADO) values ('386','1','1','12','5','JHU-786','1');
Insert into MRVMM.T_MAEM_INDICADOR_DATA (ID_INICIATIVA,ID_INDICADOR,ID_ENFOQUE,ID_MEDMIT,ID_PARAMETRO,VALOR,FLAG_ESTADO) values ('386','1','1','12','9','0.13','1');
Insert into MRVMM.T_MAEM_INDICADOR_DATA (ID_INICIATIVA,ID_INDICADOR,ID_ENFOQUE,ID_MEDMIT,ID_PARAMETRO,VALOR,FLAG_ESTADO) values ('386','1','1','12','10','0.69','1');
Insert into MRVMM.T_MAEM_INDICADOR_DATA (ID_INICIATIVA,ID_INDICADOR,ID_ENFOQUE,ID_MEDMIT,ID_PARAMETRO,VALOR,FLAG_ESTADO) values ('386','1','1','12','11','-0.56','1');
Insert into MRVMM.T_MAEM_INDICADOR_DATA (ID_INICIATIVA,ID_INDICADOR,ID_ENFOQUE,ID_MEDMIT,ID_PARAMETRO,VALOR,FLAG_ESTADO) values ('386','2','1','12','6','2019','1');
Insert into MRVMM.T_MAEM_INDICADOR_DATA (ID_INICIATIVA,ID_INDICADOR,ID_ENFOQUE,ID_MEDMIT,ID_PARAMETRO,VALOR,FLAG_ESTADO) values ('386','2','1','12','2','2019-04-25','1');
Insert into MRVMM.T_MAEM_INDICADOR_DATA (ID_INICIATIVA,ID_INDICADOR,ID_ENFOQUE,ID_MEDMIT,ID_PARAMETRO,VALOR,FLAG_ESTADO) values ('386','2','1','12','1','1','1');
Insert into MRVMM.T_MAEM_INDICADOR_DATA (ID_INICIATIVA,ID_INDICADOR,ID_ENFOQUE,ID_MEDMIT,ID_PARAMETRO,VALOR,FLAG_ESTADO) values ('386','2','1','12','3','2','1');
Insert into MRVMM.T_MAEM_INDICADOR_DATA (ID_INICIATIVA,ID_INDICADOR,ID_ENFOQUE,ID_MEDMIT,ID_PARAMETRO,VALOR,FLAG_ESTADO) values ('386','2','1','12','4','100','1');
Insert into MRVMM.T_MAEM_INDICADOR_DATA (ID_INICIATIVA,ID_INDICADOR,ID_ENFOQUE,ID_MEDMIT,ID_PARAMETRO,VALOR,FLAG_ESTADO) values ('386','2','1','12','12','20','1');
Insert into MRVMM.T_MAEM_INDICADOR_DATA (ID_INICIATIVA,ID_INDICADOR,ID_ENFOQUE,ID_MEDMIT,ID_PARAMETRO,VALOR,FLAG_ESTADO) values ('386','2','1','12','13','1','1');
Insert into MRVMM.T_MAEM_INDICADOR_DATA (ID_INICIATIVA,ID_INDICADOR,ID_ENFOQUE,ID_MEDMIT,ID_PARAMETRO,VALOR,FLAG_ESTADO) values ('386','2','1','12','5','lok-nju','1');
Insert into MRVMM.T_MAEM_INDICADOR_DATA (ID_INICIATIVA,ID_INDICADOR,ID_ENFOQUE,ID_MEDMIT,ID_PARAMETRO,VALOR,FLAG_ESTADO) values ('386','2','1','12','9','0.35','1');
Insert into MRVMM.T_MAEM_INDICADOR_DATA (ID_INICIATIVA,ID_INDICADOR,ID_ENFOQUE,ID_MEDMIT,ID_PARAMETRO,VALOR,FLAG_ESTADO) values ('386','2','1','12','10','0.34','1');
Insert into MRVMM.T_MAEM_INDICADOR_DATA (ID_INICIATIVA,ID_INDICADOR,ID_ENFOQUE,ID_MEDMIT,ID_PARAMETRO,VALOR,FLAG_ESTADO) values ('386','2','1','12','11','0.01','1');
Insert into MRVMM.T_MAEM_INDICADOR_DATA (ID_INICIATIVA,ID_INDICADOR,ID_ENFOQUE,ID_MEDMIT,ID_PARAMETRO,VALOR,FLAG_ESTADO) values ('386','3','1','12','6','2018','1');
Insert into MRVMM.T_MAEM_INDICADOR_DATA (ID_INICIATIVA,ID_INDICADOR,ID_ENFOQUE,ID_MEDMIT,ID_PARAMETRO,VALOR,FLAG_ESTADO) values ('386','3','1','12','2','2020-07-27','1');
Insert into MRVMM.T_MAEM_INDICADOR_DATA (ID_INICIATIVA,ID_INDICADOR,ID_ENFOQUE,ID_MEDMIT,ID_PARAMETRO,VALOR,FLAG_ESTADO) values ('386','3','1','12','1','5','1');
Insert into MRVMM.T_MAEM_INDICADOR_DATA (ID_INICIATIVA,ID_INDICADOR,ID_ENFOQUE,ID_MEDMIT,ID_PARAMETRO,VALOR,FLAG_ESTADO) values ('386','3','1','12','3','3','1');
Insert into MRVMM.T_MAEM_INDICADOR_DATA (ID_INICIATIVA,ID_INDICADOR,ID_ENFOQUE,ID_MEDMIT,ID_PARAMETRO,VALOR,FLAG_ESTADO) values ('386','3','1','12','4','250','1');
Insert into MRVMM.T_MAEM_INDICADOR_DATA (ID_INICIATIVA,ID_INDICADOR,ID_ENFOQUE,ID_MEDMIT,ID_PARAMETRO,VALOR,FLAG_ESTADO) values ('386','3','1','12','12','10','1');
Insert into MRVMM.T_MAEM_INDICADOR_DATA (ID_INICIATIVA,ID_INDICADOR,ID_ENFOQUE,ID_MEDMIT,ID_PARAMETRO,VALOR,FLAG_ESTADO) values ('386','3','1','12','13','1','1');
Insert into MRVMM.T_MAEM_INDICADOR_DATA (ID_INICIATIVA,ID_INDICADOR,ID_ENFOQUE,ID_MEDMIT,ID_PARAMETRO,VALOR,FLAG_ESTADO) values ('386','3','1','12','5','gtr-rfg','1');
Insert into MRVMM.T_MAEM_INDICADOR_DATA (ID_INICIATIVA,ID_INDICADOR,ID_ENFOQUE,ID_MEDMIT,ID_PARAMETRO,VALOR,FLAG_ESTADO) values ('386','3','1','12','9','0.24','1');
Insert into MRVMM.T_MAEM_INDICADOR_DATA (ID_INICIATIVA,ID_INDICADOR,ID_ENFOQUE,ID_MEDMIT,ID_PARAMETRO,VALOR,FLAG_ESTADO) values ('386','3','1','12','10','0.42','1');
Insert into MRVMM.T_MAEM_INDICADOR_DATA (ID_INICIATIVA,ID_INDICADOR,ID_ENFOQUE,ID_MEDMIT,ID_PARAMETRO,VALOR,FLAG_ESTADO) values ('386','3','1','12','11','-0.18','1');
Insert into MRVMM.T_MAEM_INDICADOR_DATA (ID_INICIATIVA,ID_INDICADOR,ID_ENFOQUE,ID_MEDMIT,ID_PARAMETRO,VALOR,FLAG_ESTADO) values ('387','1','1','12','6','2018','1');
Insert into MRVMM.T_MAEM_INDICADOR_DATA (ID_INICIATIVA,ID_INDICADOR,ID_ENFOQUE,ID_MEDMIT,ID_PARAMETRO,VALOR,FLAG_ESTADO) values ('387','1','1','12','1','1','1');
Insert into MRVMM.T_MAEM_INDICADOR_DATA (ID_INICIATIVA,ID_INDICADOR,ID_ENFOQUE,ID_MEDMIT,ID_PARAMETRO,VALOR,FLAG_ESTADO) values ('387','1','1','12','3','3','1');
Insert into MRVMM.T_MAEM_INDICADOR_DATA (ID_INICIATIVA,ID_INDICADOR,ID_ENFOQUE,ID_MEDMIT,ID_PARAMETRO,VALOR,FLAG_ESTADO) values ('387','1','1','12','15','600','1');
Insert into MRVMM.T_MAEM_INDICADOR_DATA (ID_INICIATIVA,ID_INDICADOR,ID_ENFOQUE,ID_MEDMIT,ID_PARAMETRO,VALOR,FLAG_ESTADO) values ('387','1','1','12','4','500','1');
Insert into MRVMM.T_MAEM_INDICADOR_DATA (ID_INICIATIVA,ID_INDICADOR,ID_ENFOQUE,ID_MEDMIT,ID_PARAMETRO,VALOR,FLAG_ESTADO) values ('387','1','1','12','12','1','1');
Insert into MRVMM.T_MAEM_INDICADOR_DATA (ID_INICIATIVA,ID_INDICADOR,ID_ENFOQUE,ID_MEDMIT,ID_PARAMETRO,VALOR,FLAG_ESTADO) values ('387','1','1','12','13','0.25','1');
Insert into MRVMM.T_MAEM_INDICADOR_DATA (ID_INICIATIVA,ID_INDICADOR,ID_ENFOQUE,ID_MEDMIT,ID_PARAMETRO,VALOR,FLAG_ESTADO) values ('387','1','1','12','5','IKU-908','1');
Insert into MRVMM.T_MAEM_INDICADOR_DATA (ID_INICIATIVA,ID_INDICADOR,ID_ENFOQUE,ID_MEDMIT,ID_PARAMETRO,VALOR,FLAG_ESTADO) values ('387','1','1','12','9','0.09','1');
Insert into MRVMM.T_MAEM_INDICADOR_DATA (ID_INICIATIVA,ID_INDICADOR,ID_ENFOQUE,ID_MEDMIT,ID_PARAMETRO,VALOR,FLAG_ESTADO) values ('387','1','1','12','10','0.02','1');
Insert into MRVMM.T_MAEM_INDICADOR_DATA (ID_INICIATIVA,ID_INDICADOR,ID_ENFOQUE,ID_MEDMIT,ID_PARAMETRO,VALOR,FLAG_ESTADO) values ('387','1','1','12','11','0.07','1');
Insert into MRVMM.T_MAEM_INDICADOR_DATA (ID_INICIATIVA,ID_INDICADOR,ID_ENFOQUE,ID_MEDMIT,ID_PARAMETRO,VALOR,FLAG_ESTADO) values ('387','2','1','12','6','2018','1');
Insert into MRVMM.T_MAEM_INDICADOR_DATA (ID_INICIATIVA,ID_INDICADOR,ID_ENFOQUE,ID_MEDMIT,ID_PARAMETRO,VALOR,FLAG_ESTADO) values ('387','2','1','12','2','2019-11-10','1');
Insert into MRVMM.T_MAEM_INDICADOR_DATA (ID_INICIATIVA,ID_INDICADOR,ID_ENFOQUE,ID_MEDMIT,ID_PARAMETRO,VALOR,FLAG_ESTADO) values ('387','2','1','12','1','1','1');
Insert into MRVMM.T_MAEM_INDICADOR_DATA (ID_INICIATIVA,ID_INDICADOR,ID_ENFOQUE,ID_MEDMIT,ID_PARAMETRO,VALOR,FLAG_ESTADO) values ('387','2','1','12','3','1','1');
Insert into MRVMM.T_MAEM_INDICADOR_DATA (ID_INICIATIVA,ID_INDICADOR,ID_ENFOQUE,ID_MEDMIT,ID_PARAMETRO,VALOR,FLAG_ESTADO) values ('387','2','1','12','15','700','1');
Insert into MRVMM.T_MAEM_INDICADOR_DATA (ID_INICIATIVA,ID_INDICADOR,ID_ENFOQUE,ID_MEDMIT,ID_PARAMETRO,VALOR,FLAG_ESTADO) values ('387','2','1','12','4','970','1');
Insert into MRVMM.T_MAEM_INDICADOR_DATA (ID_INICIATIVA,ID_INDICADOR,ID_ENFOQUE,ID_MEDMIT,ID_PARAMETRO,VALOR,FLAG_ESTADO) values ('387','2','1','12','12','1','1');
Insert into MRVMM.T_MAEM_INDICADOR_DATA (ID_INICIATIVA,ID_INDICADOR,ID_ENFOQUE,ID_MEDMIT,ID_PARAMETRO,VALOR,FLAG_ESTADO) values ('387','2','1','12','13','0.3','1');
Insert into MRVMM.T_MAEM_INDICADOR_DATA (ID_INICIATIVA,ID_INDICADOR,ID_ENFOQUE,ID_MEDMIT,ID_PARAMETRO,VALOR,FLAG_ESTADO) values ('387','2','1','12','5','POL-230','1');
Insert into MRVMM.T_MAEM_INDICADOR_DATA (ID_INICIATIVA,ID_INDICADOR,ID_ENFOQUE,ID_MEDMIT,ID_PARAMETRO,VALOR,FLAG_ESTADO) values ('387','2','1','12','9','0.18','1');
Insert into MRVMM.T_MAEM_INDICADOR_DATA (ID_INICIATIVA,ID_INDICADOR,ID_ENFOQUE,ID_MEDMIT,ID_PARAMETRO,VALOR,FLAG_ESTADO) values ('387','2','1','12','10','0.05','1');
Insert into MRVMM.T_MAEM_INDICADOR_DATA (ID_INICIATIVA,ID_INDICADOR,ID_ENFOQUE,ID_MEDMIT,ID_PARAMETRO,VALOR,FLAG_ESTADO) values ('387','2','1','12','11','0.13','1');
Insert into MRVMM.T_MAEM_INDICADOR_DATA (ID_INICIATIVA,ID_INDICADOR,ID_ENFOQUE,ID_MEDMIT,ID_PARAMETRO,VALOR,FLAG_ESTADO) values ('387','1','3','12','6','2018','1');
Insert into MRVMM.T_MAEM_INDICADOR_DATA (ID_INICIATIVA,ID_INDICADOR,ID_ENFOQUE,ID_MEDMIT,ID_PARAMETRO,VALOR,FLAG_ESTADO) values ('387','1','3','12','2','2018-09-10','1');
Insert into MRVMM.T_MAEM_INDICADOR_DATA (ID_INICIATIVA,ID_INDICADOR,ID_ENFOQUE,ID_MEDMIT,ID_PARAMETRO,VALOR,FLAG_ESTADO) values ('387','1','3','12','1','1','1');
Insert into MRVMM.T_MAEM_INDICADOR_DATA (ID_INICIATIVA,ID_INDICADOR,ID_ENFOQUE,ID_MEDMIT,ID_PARAMETRO,VALOR,FLAG_ESTADO) values ('387','1','3','12','3','3','1');
Insert into MRVMM.T_MAEM_INDICADOR_DATA (ID_INICIATIVA,ID_INDICADOR,ID_ENFOQUE,ID_MEDMIT,ID_PARAMETRO,VALOR,FLAG_ESTADO) values ('387','1','3','12','7','500','1');
Insert into MRVMM.T_MAEM_INDICADOR_DATA (ID_INICIATIVA,ID_INDICADOR,ID_ENFOQUE,ID_MEDMIT,ID_PARAMETRO,VALOR,FLAG_ESTADO) values ('387','1','3','12','5','YHJ-908','1');
Insert into MRVMM.T_MAEM_INDICADOR_DATA (ID_INICIATIVA,ID_INDICADOR,ID_ENFOQUE,ID_MEDMIT,ID_PARAMETRO,VALOR,FLAG_ESTADO) values ('387','1','3','12','9','549.21','1');
Insert into MRVMM.T_MAEM_INDICADOR_DATA (ID_INICIATIVA,ID_INDICADOR,ID_ENFOQUE,ID_MEDMIT,ID_PARAMETRO,VALOR,FLAG_ESTADO) values ('387','1','3','12','10','94.97','1');
Insert into MRVMM.T_MAEM_INDICADOR_DATA (ID_INICIATIVA,ID_INDICADOR,ID_ENFOQUE,ID_MEDMIT,ID_PARAMETRO,VALOR,FLAG_ESTADO) values ('387','1','3','12','11','454.24','1');
Insert into MRVMM.T_MAEM_INDICADOR_DATA (ID_INICIATIVA,ID_INDICADOR,ID_ENFOQUE,ID_MEDMIT,ID_PARAMETRO,VALOR,FLAG_ESTADO) values ('387','2','3','12','6','2018','1');
Insert into MRVMM.T_MAEM_INDICADOR_DATA (ID_INICIATIVA,ID_INDICADOR,ID_ENFOQUE,ID_MEDMIT,ID_PARAMETRO,VALOR,FLAG_ESTADO) values ('387','2','3','12','2','2018-10-11','1');
Insert into MRVMM.T_MAEM_INDICADOR_DATA (ID_INICIATIVA,ID_INDICADOR,ID_ENFOQUE,ID_MEDMIT,ID_PARAMETRO,VALOR,FLAG_ESTADO) values ('387','2','3','12','1','1','1');
Insert into MRVMM.T_MAEM_INDICADOR_DATA (ID_INICIATIVA,ID_INDICADOR,ID_ENFOQUE,ID_MEDMIT,ID_PARAMETRO,VALOR,FLAG_ESTADO) values ('387','2','3','12','3','1','1');
Insert into MRVMM.T_MAEM_INDICADOR_DATA (ID_INICIATIVA,ID_INDICADOR,ID_ENFOQUE,ID_MEDMIT,ID_PARAMETRO,VALOR,FLAG_ESTADO) values ('387','2','3','12','7','600','1');
Insert into MRVMM.T_MAEM_INDICADOR_DATA (ID_INICIATIVA,ID_INDICADOR,ID_ENFOQUE,ID_MEDMIT,ID_PARAMETRO,VALOR,FLAG_ESTADO) values ('387','2','3','12','5','UJH-890','1');
Insert into MRVMM.T_MAEM_INDICADOR_DATA (ID_INICIATIVA,ID_INDICADOR,ID_ENFOQUE,ID_MEDMIT,ID_PARAMETRO,VALOR,FLAG_ESTADO) values ('387','2','3','12','9','690.09','1');
Insert into MRVMM.T_MAEM_INDICADOR_DATA (ID_INICIATIVA,ID_INDICADOR,ID_ENFOQUE,ID_MEDMIT,ID_PARAMETRO,VALOR,FLAG_ESTADO) values ('387','2','3','12','10','113.97','1');
Insert into MRVMM.T_MAEM_INDICADOR_DATA (ID_INICIATIVA,ID_INDICADOR,ID_ENFOQUE,ID_MEDMIT,ID_PARAMETRO,VALOR,FLAG_ESTADO) values ('387','2','3','12','11','576.12','1');
Insert into MRVMM.T_MAEM_INDICADOR_DATA (ID_INICIATIVA,ID_INDICADOR,ID_ENFOQUE,ID_MEDMIT,ID_PARAMETRO,VALOR,FLAG_ESTADO) values ('392','1','6','10','6','2018','1');
Insert into MRVMM.T_MAEM_INDICADOR_DATA (ID_INICIATIVA,ID_INDICADOR,ID_ENFOQUE,ID_MEDMIT,ID_PARAMETRO,VALOR,FLAG_ESTADO) values ('392','1','6','10','2','2019-02-22','1');
Insert into MRVMM.T_MAEM_INDICADOR_DATA (ID_INICIATIVA,ID_INDICADOR,ID_ENFOQUE,ID_MEDMIT,ID_PARAMETRO,VALOR,FLAG_ESTADO) values ('392','1','6','10','16','3674','1');
Insert into MRVMM.T_MAEM_INDICADOR_DATA (ID_INICIATIVA,ID_INDICADOR,ID_ENFOQUE,ID_MEDMIT,ID_PARAMETRO,VALOR,FLAG_ESTADO) values ('392','1','6','10','11','1.59','1');
Insert into MRVMM.T_MAEM_INDICADOR_DATA (ID_INICIATIVA,ID_INDICADOR,ID_ENFOQUE,ID_MEDMIT,ID_PARAMETRO,VALOR,FLAG_ESTADO) values ('426','1','10','7','6','2016','1');
Insert into MRVMM.T_MAEM_INDICADOR_DATA (ID_INICIATIVA,ID_INDICADOR,ID_ENFOQUE,ID_MEDMIT,ID_PARAMETRO,VALOR,FLAG_ESTADO) values ('426','1','10','7','2','2016-09-01','1');
Insert into MRVMM.T_MAEM_INDICADOR_DATA (ID_INICIATIVA,ID_INDICADOR,ID_ENFOQUE,ID_MEDMIT,ID_PARAMETRO,VALOR,FLAG_ESTADO) values ('426','1','10','7','19','220','1');
Insert into MRVMM.T_MAEM_INDICADOR_DATA (ID_INICIATIVA,ID_INDICADOR,ID_ENFOQUE,ID_MEDMIT,ID_PARAMETRO,VALOR,FLAG_ESTADO) values ('426','1','10','7','20','110','1');
Insert into MRVMM.T_MAEM_INDICADOR_DATA (ID_INICIATIVA,ID_INDICADOR,ID_ENFOQUE,ID_MEDMIT,ID_PARAMETRO,VALOR,FLAG_ESTADO) values ('426','1','10','7','12','150000','1');
Insert into MRVMM.T_MAEM_INDICADOR_DATA (ID_INICIATIVA,ID_INDICADOR,ID_ENFOQUE,ID_MEDMIT,ID_PARAMETRO,VALOR,FLAG_ESTADO) values ('426','1','10','7','17','4','1');
Insert into MRVMM.T_MAEM_INDICADOR_DATA (ID_INICIATIVA,ID_INDICADOR,ID_ENFOQUE,ID_MEDMIT,ID_PARAMETRO,VALOR,FLAG_ESTADO) values ('426','1','10','7','11','22273.11','1');
Insert into MRVMM.T_MAEM_INDICADOR_DATA (ID_INICIATIVA,ID_INDICADOR,ID_ENFOQUE,ID_MEDMIT,ID_PARAMETRO,VALOR,FLAG_ESTADO) values ('426','2','10','7','6','null','1');
Insert into MRVMM.T_MAEM_INDICADOR_DATA (ID_INICIATIVA,ID_INDICADOR,ID_ENFOQUE,ID_MEDMIT,ID_PARAMETRO,VALOR,FLAG_ESTADO) values ('426','2','10','7','2','2013-02-28','1');
Insert into MRVMM.T_MAEM_INDICADOR_DATA (ID_INICIATIVA,ID_INDICADOR,ID_ENFOQUE,ID_MEDMIT,ID_PARAMETRO,VALOR,FLAG_ESTADO) values ('426','2','10','7','19','250','1');
Insert into MRVMM.T_MAEM_INDICADOR_DATA (ID_INICIATIVA,ID_INDICADOR,ID_ENFOQUE,ID_MEDMIT,ID_PARAMETRO,VALOR,FLAG_ESTADO) values ('426','2','10','7','20','120','1');
Insert into MRVMM.T_MAEM_INDICADOR_DATA (ID_INICIATIVA,ID_INDICADOR,ID_ENFOQUE,ID_MEDMIT,ID_PARAMETRO,VALOR,FLAG_ESTADO) values ('426','2','10','7','12','110000','1');
Insert into MRVMM.T_MAEM_INDICADOR_DATA (ID_INICIATIVA,ID_INDICADOR,ID_ENFOQUE,ID_MEDMIT,ID_PARAMETRO,VALOR,FLAG_ESTADO) values ('426','2','10','7','17','6','1');
Insert into MRVMM.T_MAEM_INDICADOR_DATA (ID_INICIATIVA,ID_INDICADOR,ID_ENFOQUE,ID_MEDMIT,ID_PARAMETRO,VALOR,FLAG_ESTADO) values ('426','2','10','7','11','22041.4','1');
Insert into MRVMM.T_MAEM_INDICADOR_DATA (ID_INICIATIVA,ID_INDICADOR,ID_ENFOQUE,ID_MEDMIT,ID_PARAMETRO,VALOR,FLAG_ESTADO) values ('426','3','10','7','6','null','1');
Insert into MRVMM.T_MAEM_INDICADOR_DATA (ID_INICIATIVA,ID_INDICADOR,ID_ENFOQUE,ID_MEDMIT,ID_PARAMETRO,VALOR,FLAG_ESTADO) values ('426','3','10','7','2','2018-01-01','1');
Insert into MRVMM.T_MAEM_INDICADOR_DATA (ID_INICIATIVA,ID_INDICADOR,ID_ENFOQUE,ID_MEDMIT,ID_PARAMETRO,VALOR,FLAG_ESTADO) values ('426','3','10','7','19','420','1');
Insert into MRVMM.T_MAEM_INDICADOR_DATA (ID_INICIATIVA,ID_INDICADOR,ID_ENFOQUE,ID_MEDMIT,ID_PARAMETRO,VALOR,FLAG_ESTADO) values ('426','3','10','7','20','250','1');
Insert into MRVMM.T_MAEM_INDICADOR_DATA (ID_INICIATIVA,ID_INDICADOR,ID_ENFOQUE,ID_MEDMIT,ID_PARAMETRO,VALOR,FLAG_ESTADO) values ('426','3','10','7','12','450000','1');
Insert into MRVMM.T_MAEM_INDICADOR_DATA (ID_INICIATIVA,ID_INDICADOR,ID_ENFOQUE,ID_MEDMIT,ID_PARAMETRO,VALOR,FLAG_ESTADO) values ('426','3','10','7','17','4','1');
Insert into MRVMM.T_MAEM_INDICADOR_DATA (ID_INICIATIVA,ID_INDICADOR,ID_ENFOQUE,ID_MEDMIT,ID_PARAMETRO,VALOR,FLAG_ESTADO) values ('426','3','10','7','11','157572.1','1');
Insert into MRVMM.T_MAEM_INDICADOR_DATA (ID_INICIATIVA,ID_INDICADOR,ID_ENFOQUE,ID_MEDMIT,ID_PARAMETRO,VALOR,FLAG_ESTADO) values ('426','4','10','7','6','2016','1');
Insert into MRVMM.T_MAEM_INDICADOR_DATA (ID_INICIATIVA,ID_INDICADOR,ID_ENFOQUE,ID_MEDMIT,ID_PARAMETRO,VALOR,FLAG_ESTADO) values ('426','4','10','7','2','2019-02-02','1');
Insert into MRVMM.T_MAEM_INDICADOR_DATA (ID_INICIATIVA,ID_INDICADOR,ID_ENFOQUE,ID_MEDMIT,ID_PARAMETRO,VALOR,FLAG_ESTADO) values ('426','4','10','7','19','478','1');
Insert into MRVMM.T_MAEM_INDICADOR_DATA (ID_INICIATIVA,ID_INDICADOR,ID_ENFOQUE,ID_MEDMIT,ID_PARAMETRO,VALOR,FLAG_ESTADO) values ('426','4','10','7','20','145','1');
Insert into MRVMM.T_MAEM_INDICADOR_DATA (ID_INICIATIVA,ID_INDICADOR,ID_ENFOQUE,ID_MEDMIT,ID_PARAMETRO,VALOR,FLAG_ESTADO) values ('426','4','10','7','12','750000','1');
Insert into MRVMM.T_MAEM_INDICADOR_DATA (ID_INICIATIVA,ID_INDICADOR,ID_ENFOQUE,ID_MEDMIT,ID_PARAMETRO,VALOR,FLAG_ESTADO) values ('426','4','10','7','17','5','1');
Insert into MRVMM.T_MAEM_INDICADOR_DATA (ID_INICIATIVA,ID_INDICADOR,ID_ENFOQUE,ID_MEDMIT,ID_PARAMETRO,VALOR,FLAG_ESTADO) values ('426','4','10','7','11','294992.17','1');
Insert into MRVMM.T_MAEM_INDICADOR_DATA (ID_INICIATIVA,ID_INDICADOR,ID_ENFOQUE,ID_MEDMIT,ID_PARAMETRO,VALOR,FLAG_ESTADO) values ('386','4','1','12','6','2017','1');
Insert into MRVMM.T_MAEM_INDICADOR_DATA (ID_INICIATIVA,ID_INDICADOR,ID_ENFOQUE,ID_MEDMIT,ID_PARAMETRO,VALOR,FLAG_ESTADO) values ('386','4','1','12','2','2018-03-30','1');
Insert into MRVMM.T_MAEM_INDICADOR_DATA (ID_INICIATIVA,ID_INDICADOR,ID_ENFOQUE,ID_MEDMIT,ID_PARAMETRO,VALOR,FLAG_ESTADO) values ('386','4','1','12','1','1','1');
Insert into MRVMM.T_MAEM_INDICADOR_DATA (ID_INICIATIVA,ID_INDICADOR,ID_ENFOQUE,ID_MEDMIT,ID_PARAMETRO,VALOR,FLAG_ESTADO) values ('386','4','1','12','3','3','1');
Insert into MRVMM.T_MAEM_INDICADOR_DATA (ID_INICIATIVA,ID_INDICADOR,ID_ENFOQUE,ID_MEDMIT,ID_PARAMETRO,VALOR,FLAG_ESTADO) values ('386','4','1','12','4','150','1');
Insert into MRVMM.T_MAEM_INDICADOR_DATA (ID_INICIATIVA,ID_INDICADOR,ID_ENFOQUE,ID_MEDMIT,ID_PARAMETRO,VALOR,FLAG_ESTADO) values ('386','4','1','12','12','10','1');
Insert into MRVMM.T_MAEM_INDICADOR_DATA (ID_INICIATIVA,ID_INDICADOR,ID_ENFOQUE,ID_MEDMIT,ID_PARAMETRO,VALOR,FLAG_ESTADO) values ('386','4','1','12','13','1','1');
Insert into MRVMM.T_MAEM_INDICADOR_DATA (ID_INICIATIVA,ID_INDICADOR,ID_ENFOQUE,ID_MEDMIT,ID_PARAMETRO,VALOR,FLAG_ESTADO) values ('386','4','1','12','5','IJU-YFT','1');
Insert into MRVMM.T_MAEM_INDICADOR_DATA (ID_INICIATIVA,ID_INDICADOR,ID_ENFOQUE,ID_MEDMIT,ID_PARAMETRO,VALOR,FLAG_ESTADO) values ('386','4','1','12','9','0.27','1');
Insert into MRVMM.T_MAEM_INDICADOR_DATA (ID_INICIATIVA,ID_INDICADOR,ID_ENFOQUE,ID_MEDMIT,ID_PARAMETRO,VALOR,FLAG_ESTADO) values ('386','4','1','12','10','0.31','1');
Insert into MRVMM.T_MAEM_INDICADOR_DATA (ID_INICIATIVA,ID_INDICADOR,ID_ENFOQUE,ID_MEDMIT,ID_PARAMETRO,VALOR,FLAG_ESTADO) values ('386','4','1','12','11','-0.04','1');
Insert into MRVMM.T_MAEM_INDICADOR_DATA (ID_INICIATIVA,ID_INDICADOR,ID_ENFOQUE,ID_MEDMIT,ID_PARAMETRO,VALOR,FLAG_ESTADO) values ('387','1','1','12','2','2019-12-11','1');
Insert into MRVMM.T_MAEM_INDICADOR_DATA (ID_INICIATIVA,ID_INDICADOR,ID_ENFOQUE,ID_MEDMIT,ID_PARAMETRO,VALOR,FLAG_ESTADO) values ('374','1','3','12','6','2018','1');
Insert into MRVMM.T_MAEM_INDICADOR_DATA (ID_INICIATIVA,ID_INDICADOR,ID_ENFOQUE,ID_MEDMIT,ID_PARAMETRO,VALOR,FLAG_ESTADO) values ('374','1','3','12','2','2019-02-28','1');
Insert into MRVMM.T_MAEM_INDICADOR_DATA (ID_INICIATIVA,ID_INDICADOR,ID_ENFOQUE,ID_MEDMIT,ID_PARAMETRO,VALOR,FLAG_ESTADO) values ('374','1','3','12','1','1','1');
Insert into MRVMM.T_MAEM_INDICADOR_DATA (ID_INICIATIVA,ID_INDICADOR,ID_ENFOQUE,ID_MEDMIT,ID_PARAMETRO,VALOR,FLAG_ESTADO) values ('374','1','3','12','3','3','1');
Insert into MRVMM.T_MAEM_INDICADOR_DATA (ID_INICIATIVA,ID_INDICADOR,ID_ENFOQUE,ID_MEDMIT,ID_PARAMETRO,VALOR,FLAG_ESTADO) values ('374','1','3','12','7','222','1');
Insert into MRVMM.T_MAEM_INDICADOR_DATA (ID_INICIATIVA,ID_INDICADOR,ID_ENFOQUE,ID_MEDMIT,ID_PARAMETRO,VALOR,FLAG_ESTADO) values ('374','1','3','12','5','ABC-001','1');
Insert into MRVMM.T_MAEM_INDICADOR_DATA (ID_INICIATIVA,ID_INDICADOR,ID_ENFOQUE,ID_MEDMIT,ID_PARAMETRO,VALOR,FLAG_ESTADO) values ('374','1','3','12','9','243.85','1');
Insert into MRVMM.T_MAEM_INDICADOR_DATA (ID_INICIATIVA,ID_INDICADOR,ID_ENFOQUE,ID_MEDMIT,ID_PARAMETRO,VALOR,FLAG_ESTADO) values ('374','1','3','12','10','42.17','1');
Insert into MRVMM.T_MAEM_INDICADOR_DATA (ID_INICIATIVA,ID_INDICADOR,ID_ENFOQUE,ID_MEDMIT,ID_PARAMETRO,VALOR,FLAG_ESTADO) values ('374','1','3','12','11','201.68','1');
Insert into MRVMM.T_MAEM_INDICADOR_DATA (ID_INICIATIVA,ID_INDICADOR,ID_ENFOQUE,ID_MEDMIT,ID_PARAMETRO,VALOR,FLAG_ESTADO) values ('374','2','3','12','6','2018','1');
Insert into MRVMM.T_MAEM_INDICADOR_DATA (ID_INICIATIVA,ID_INDICADOR,ID_ENFOQUE,ID_MEDMIT,ID_PARAMETRO,VALOR,FLAG_ESTADO) values ('374','2','3','12','2','2019-07-01','1');
Insert into MRVMM.T_MAEM_INDICADOR_DATA (ID_INICIATIVA,ID_INDICADOR,ID_ENFOQUE,ID_MEDMIT,ID_PARAMETRO,VALOR,FLAG_ESTADO) values ('374','2','3','12','1','3','1');
Insert into MRVMM.T_MAEM_INDICADOR_DATA (ID_INICIATIVA,ID_INDICADOR,ID_ENFOQUE,ID_MEDMIT,ID_PARAMETRO,VALOR,FLAG_ESTADO) values ('374','2','3','12','3','4','1');
Insert into MRVMM.T_MAEM_INDICADOR_DATA (ID_INICIATIVA,ID_INDICADOR,ID_ENFOQUE,ID_MEDMIT,ID_PARAMETRO,VALOR,FLAG_ESTADO) values ('374','2','3','12','7','369','1');
Insert into MRVMM.T_MAEM_INDICADOR_DATA (ID_INICIATIVA,ID_INDICADOR,ID_ENFOQUE,ID_MEDMIT,ID_PARAMETRO,VALOR,FLAG_ESTADO) values ('374','2','3','12','5','BCD-002','1');
Insert into MRVMM.T_MAEM_INDICADOR_DATA (ID_INICIATIVA,ID_INDICADOR,ID_ENFOQUE,ID_MEDMIT,ID_PARAMETRO,VALOR,FLAG_ESTADO) values ('374','2','3','12','9','30.16','1');
Insert into MRVMM.T_MAEM_INDICADOR_DATA (ID_INICIATIVA,ID_INDICADOR,ID_ENFOQUE,ID_MEDMIT,ID_PARAMETRO,VALOR,FLAG_ESTADO) values ('374','2','3','12','10','7.01','1');
Insert into MRVMM.T_MAEM_INDICADOR_DATA (ID_INICIATIVA,ID_INDICADOR,ID_ENFOQUE,ID_MEDMIT,ID_PARAMETRO,VALOR,FLAG_ESTADO) values ('374','2','3','12','11','23.15','1');
Insert into MRVMM.T_MAEM_INDICADOR_DATA (ID_INICIATIVA,ID_INDICADOR,ID_ENFOQUE,ID_MEDMIT,ID_PARAMETRO,VALOR,FLAG_ESTADO) values ('374','3','3','12','6','2018','1');
Insert into MRVMM.T_MAEM_INDICADOR_DATA (ID_INICIATIVA,ID_INDICADOR,ID_ENFOQUE,ID_MEDMIT,ID_PARAMETRO,VALOR,FLAG_ESTADO) values ('374','3','3','12','2','2019-03-04','1');
Insert into MRVMM.T_MAEM_INDICADOR_DATA (ID_INICIATIVA,ID_INDICADOR,ID_ENFOQUE,ID_MEDMIT,ID_PARAMETRO,VALOR,FLAG_ESTADO) values ('374','3','3','12','1','5','1');
Insert into MRVMM.T_MAEM_INDICADOR_DATA (ID_INICIATIVA,ID_INDICADOR,ID_ENFOQUE,ID_MEDMIT,ID_PARAMETRO,VALOR,FLAG_ESTADO) values ('374','3','3','12','3','3','1');
Insert into MRVMM.T_MAEM_INDICADOR_DATA (ID_INICIATIVA,ID_INDICADOR,ID_ENFOQUE,ID_MEDMIT,ID_PARAMETRO,VALOR,FLAG_ESTADO) values ('374','3','3','12','7','2430','1');
Insert into MRVMM.T_MAEM_INDICADOR_DATA (ID_INICIATIVA,ID_INDICADOR,ID_ENFOQUE,ID_MEDMIT,ID_PARAMETRO,VALOR,FLAG_ESTADO) values ('374','3','3','12','5','NMC-003','1');
Insert into MRVMM.T_MAEM_INDICADOR_DATA (ID_INICIATIVA,ID_INDICADOR,ID_ENFOQUE,ID_MEDMIT,ID_PARAMETRO,VALOR,FLAG_ESTADO) values ('374','3','3','12','9','4323.64','1');
Insert into MRVMM.T_MAEM_INDICADOR_DATA (ID_INICIATIVA,ID_INDICADOR,ID_ENFOQUE,ID_MEDMIT,ID_PARAMETRO,VALOR,FLAG_ESTADO) values ('374','3','3','12','10','461.56','1');
Insert into MRVMM.T_MAEM_INDICADOR_DATA (ID_INICIATIVA,ID_INDICADOR,ID_ENFOQUE,ID_MEDMIT,ID_PARAMETRO,VALOR,FLAG_ESTADO) values ('374','3','3','12','11','3862.08','1');
Insert into MRVMM.T_MAEM_INDICADOR_DATA (ID_INICIATIVA,ID_INDICADOR,ID_ENFOQUE,ID_MEDMIT,ID_PARAMETRO,VALOR,FLAG_ESTADO) values ('374','4','3','12','6','2018','1');
Insert into MRVMM.T_MAEM_INDICADOR_DATA (ID_INICIATIVA,ID_INDICADOR,ID_ENFOQUE,ID_MEDMIT,ID_PARAMETRO,VALOR,FLAG_ESTADO) values ('374','4','3','12','2','2019-03-05','1');
Insert into MRVMM.T_MAEM_INDICADOR_DATA (ID_INICIATIVA,ID_INDICADOR,ID_ENFOQUE,ID_MEDMIT,ID_PARAMETRO,VALOR,FLAG_ESTADO) values ('374','4','3','12','1','6','1');
Insert into MRVMM.T_MAEM_INDICADOR_DATA (ID_INICIATIVA,ID_INDICADOR,ID_ENFOQUE,ID_MEDMIT,ID_PARAMETRO,VALOR,FLAG_ESTADO) values ('374','4','3','12','3','3','1');
Insert into MRVMM.T_MAEM_INDICADOR_DATA (ID_INICIATIVA,ID_INDICADOR,ID_ENFOQUE,ID_MEDMIT,ID_PARAMETRO,VALOR,FLAG_ESTADO) values ('374','4','3','12','7','1660','1');
Insert into MRVMM.T_MAEM_INDICADOR_DATA (ID_INICIATIVA,ID_INDICADOR,ID_ENFOQUE,ID_MEDMIT,ID_PARAMETRO,VALOR,FLAG_ESTADO) values ('374','4','3','12','5','RFG-004','1');
Insert into MRVMM.T_MAEM_INDICADOR_DATA (ID_INICIATIVA,ID_INDICADOR,ID_ENFOQUE,ID_MEDMIT,ID_PARAMETRO,VALOR,FLAG_ESTADO) values ('374','4','3','12','9','3945.39','1');
Insert into MRVMM.T_MAEM_INDICADOR_DATA (ID_INICIATIVA,ID_INDICADOR,ID_ENFOQUE,ID_MEDMIT,ID_PARAMETRO,VALOR,FLAG_ESTADO) values ('374','4','3','12','10','3165.74','1');
Insert into MRVMM.T_MAEM_INDICADOR_DATA (ID_INICIATIVA,ID_INDICADOR,ID_ENFOQUE,ID_MEDMIT,ID_PARAMETRO,VALOR,FLAG_ESTADO) values ('374','4','3','12','11','779.65','1');
Insert into MRVMM.T_MAEM_INDICADOR_DATA (ID_INICIATIVA,ID_INDICADOR,ID_ENFOQUE,ID_MEDMIT,ID_PARAMETRO,VALOR,FLAG_ESTADO) values ('374','1','4','12','6','2018','1');
Insert into MRVMM.T_MAEM_INDICADOR_DATA (ID_INICIATIVA,ID_INDICADOR,ID_ENFOQUE,ID_MEDMIT,ID_PARAMETRO,VALOR,FLAG_ESTADO) values ('374','1','4','12','2','2019-11-01','1');
Insert into MRVMM.T_MAEM_INDICADOR_DATA (ID_INICIATIVA,ID_INDICADOR,ID_ENFOQUE,ID_MEDMIT,ID_PARAMETRO,VALOR,FLAG_ESTADO) values ('374','1','4','12','1','1','1');
Insert into MRVMM.T_MAEM_INDICADOR_DATA (ID_INICIATIVA,ID_INDICADOR,ID_ENFOQUE,ID_MEDMIT,ID_PARAMETRO,VALOR,FLAG_ESTADO) values ('374','1','4','12','3','3','1');
Insert into MRVMM.T_MAEM_INDICADOR_DATA (ID_INICIATIVA,ID_INDICADOR,ID_ENFOQUE,ID_MEDMIT,ID_PARAMETRO,VALOR,FLAG_ESTADO) values ('374','1','4','12','7','167','1');
Insert into MRVMM.T_MAEM_INDICADOR_DATA (ID_INICIATIVA,ID_INDICADOR,ID_ENFOQUE,ID_MEDMIT,ID_PARAMETRO,VALOR,FLAG_ESTADO) values ('374','1','4','12','8','216','1');
Insert into MRVMM.T_MAEM_INDICADOR_DATA (ID_INICIATIVA,ID_INDICADOR,ID_ENFOQUE,ID_MEDMIT,ID_PARAMETRO,VALOR,FLAG_ESTADO) values ('374','1','4','12','12','1','1');
Insert into MRVMM.T_MAEM_INDICADOR_DATA (ID_INICIATIVA,ID_INDICADOR,ID_ENFOQUE,ID_MEDMIT,ID_PARAMETRO,VALOR,FLAG_ESTADO) values ('374','1','4','12','5','ABC-001','1');
Insert into MRVMM.T_MAEM_INDICADOR_DATA (ID_INICIATIVA,ID_INDICADOR,ID_ENFOQUE,ID_MEDMIT,ID_PARAMETRO,VALOR,FLAG_ESTADO) values ('374','1','4','12','9',null,'1');
Insert into MRVMM.T_MAEM_INDICADOR_DATA (ID_INICIATIVA,ID_INDICADOR,ID_ENFOQUE,ID_MEDMIT,ID_PARAMETRO,VALOR,FLAG_ESTADO) values ('374','1','4','12','10',null,'1');
Insert into MRVMM.T_MAEM_INDICADOR_DATA (ID_INICIATIVA,ID_INDICADOR,ID_ENFOQUE,ID_MEDMIT,ID_PARAMETRO,VALOR,FLAG_ESTADO) values ('374','1','4','12','11',null,'1');
Insert into MRVMM.T_MAEM_INDICADOR_DATA (ID_INICIATIVA,ID_INDICADOR,ID_ENFOQUE,ID_MEDMIT,ID_PARAMETRO,VALOR,FLAG_ESTADO) values ('374','2','4','12','6','2018','1');
Insert into MRVMM.T_MAEM_INDICADOR_DATA (ID_INICIATIVA,ID_INDICADOR,ID_ENFOQUE,ID_MEDMIT,ID_PARAMETRO,VALOR,FLAG_ESTADO) values ('374','2','4','12','2','2019-03-03','1');
Insert into MRVMM.T_MAEM_INDICADOR_DATA (ID_INICIATIVA,ID_INDICADOR,ID_ENFOQUE,ID_MEDMIT,ID_PARAMETRO,VALOR,FLAG_ESTADO) values ('374','2','4','12','1','3','1');
Insert into MRVMM.T_MAEM_INDICADOR_DATA (ID_INICIATIVA,ID_INDICADOR,ID_ENFOQUE,ID_MEDMIT,ID_PARAMETRO,VALOR,FLAG_ESTADO) values ('374','2','4','12','3','4','1');
Insert into MRVMM.T_MAEM_INDICADOR_DATA (ID_INICIATIVA,ID_INDICADOR,ID_ENFOQUE,ID_MEDMIT,ID_PARAMETRO,VALOR,FLAG_ESTADO) values ('374','2','4','12','7','240','1');
Insert into MRVMM.T_MAEM_INDICADOR_DATA (ID_INICIATIVA,ID_INDICADOR,ID_ENFOQUE,ID_MEDMIT,ID_PARAMETRO,VALOR,FLAG_ESTADO) values ('374','2','4','12','8','724','1');
Insert into MRVMM.T_MAEM_INDICADOR_DATA (ID_INICIATIVA,ID_INDICADOR,ID_ENFOQUE,ID_MEDMIT,ID_PARAMETRO,VALOR,FLAG_ESTADO) values ('374','2','4','12','12','1','1');
Insert into MRVMM.T_MAEM_INDICADOR_DATA (ID_INICIATIVA,ID_INDICADOR,ID_ENFOQUE,ID_MEDMIT,ID_PARAMETRO,VALOR,FLAG_ESTADO) values ('374','2','4','12','5','BGH-002','1');
Insert into MRVMM.T_MAEM_INDICADOR_DATA (ID_INICIATIVA,ID_INDICADOR,ID_ENFOQUE,ID_MEDMIT,ID_PARAMETRO,VALOR,FLAG_ESTADO) values ('374','2','4','12','9',null,'1');
Insert into MRVMM.T_MAEM_INDICADOR_DATA (ID_INICIATIVA,ID_INDICADOR,ID_ENFOQUE,ID_MEDMIT,ID_PARAMETRO,VALOR,FLAG_ESTADO) values ('374','2','4','12','10',null,'1');
Insert into MRVMM.T_MAEM_INDICADOR_DATA (ID_INICIATIVA,ID_INDICADOR,ID_ENFOQUE,ID_MEDMIT,ID_PARAMETRO,VALOR,FLAG_ESTADO) values ('374','2','4','12','11',null,'1');
Insert into MRVMM.T_MAEM_INDICADOR_DATA (ID_INICIATIVA,ID_INDICADOR,ID_ENFOQUE,ID_MEDMIT,ID_PARAMETRO,VALOR,FLAG_ESTADO) values ('395','1','4','12','6','2018','1');
Insert into MRVMM.T_MAEM_INDICADOR_DATA (ID_INICIATIVA,ID_INDICADOR,ID_ENFOQUE,ID_MEDMIT,ID_PARAMETRO,VALOR,FLAG_ESTADO) values ('395','1','4','12','2','2019-11-01','1');
Insert into MRVMM.T_MAEM_INDICADOR_DATA (ID_INICIATIVA,ID_INDICADOR,ID_ENFOQUE,ID_MEDMIT,ID_PARAMETRO,VALOR,FLAG_ESTADO) values ('395','1','4','12','1','1','1');
Insert into MRVMM.T_MAEM_INDICADOR_DATA (ID_INICIATIVA,ID_INDICADOR,ID_ENFOQUE,ID_MEDMIT,ID_PARAMETRO,VALOR,FLAG_ESTADO) values ('395','1','4','12','3','3','1');
Insert into MRVMM.T_MAEM_INDICADOR_DATA (ID_INICIATIVA,ID_INDICADOR,ID_ENFOQUE,ID_MEDMIT,ID_PARAMETRO,VALOR,FLAG_ESTADO) values ('395','1','4','12','7','167','1');
Insert into MRVMM.T_MAEM_INDICADOR_DATA (ID_INICIATIVA,ID_INDICADOR,ID_ENFOQUE,ID_MEDMIT,ID_PARAMETRO,VALOR,FLAG_ESTADO) values ('395','1','4','12','8','216','1');
Insert into MRVMM.T_MAEM_INDICADOR_DATA (ID_INICIATIVA,ID_INDICADOR,ID_ENFOQUE,ID_MEDMIT,ID_PARAMETRO,VALOR,FLAG_ESTADO) values ('395','1','4','12','12','1','1');
Insert into MRVMM.T_MAEM_INDICADOR_DATA (ID_INICIATIVA,ID_INDICADOR,ID_ENFOQUE,ID_MEDMIT,ID_PARAMETRO,VALOR,FLAG_ESTADO) values ('395','1','4','12','5',null,'1');
Insert into MRVMM.T_MAEM_INDICADOR_DATA (ID_INICIATIVA,ID_INDICADOR,ID_ENFOQUE,ID_MEDMIT,ID_PARAMETRO,VALOR,FLAG_ESTADO) values ('395','1','4','12','9',null,'1');
Insert into MRVMM.T_MAEM_INDICADOR_DATA (ID_INICIATIVA,ID_INDICADOR,ID_ENFOQUE,ID_MEDMIT,ID_PARAMETRO,VALOR,FLAG_ESTADO) values ('395','1','4','12','10',null,'1');
Insert into MRVMM.T_MAEM_INDICADOR_DATA (ID_INICIATIVA,ID_INDICADOR,ID_ENFOQUE,ID_MEDMIT,ID_PARAMETRO,VALOR,FLAG_ESTADO) values ('395','1','4','12','11',null,'1');
Insert into MRVMM.T_MAEM_INDICADOR_DATA (ID_INICIATIVA,ID_INDICADOR,ID_ENFOQUE,ID_MEDMIT,ID_PARAMETRO,VALOR,FLAG_ESTADO) values ('395','1','2','12','6','2018','1');
Insert into MRVMM.T_MAEM_INDICADOR_DATA (ID_INICIATIVA,ID_INDICADOR,ID_ENFOQUE,ID_MEDMIT,ID_PARAMETRO,VALOR,FLAG_ESTADO) values ('395','1','2','12','2','2018-03-23','1');
Insert into MRVMM.T_MAEM_INDICADOR_DATA (ID_INICIATIVA,ID_INDICADOR,ID_ENFOQUE,ID_MEDMIT,ID_PARAMETRO,VALOR,FLAG_ESTADO) values ('395','1','2','12','1','1','1');
Insert into MRVMM.T_MAEM_INDICADOR_DATA (ID_INICIATIVA,ID_INDICADOR,ID_ENFOQUE,ID_MEDMIT,ID_PARAMETRO,VALOR,FLAG_ESTADO) values ('395','1','2','12','3','3','1');
Insert into MRVMM.T_MAEM_INDICADOR_DATA (ID_INICIATIVA,ID_INDICADOR,ID_ENFOQUE,ID_MEDMIT,ID_PARAMETRO,VALOR,FLAG_ESTADO) values ('395','1','2','12','15','14400','1');
Insert into MRVMM.T_MAEM_INDICADOR_DATA (ID_INICIATIVA,ID_INDICADOR,ID_ENFOQUE,ID_MEDMIT,ID_PARAMETRO,VALOR,FLAG_ESTADO) values ('395','1','2','12','4','43200','1');
Insert into MRVMM.T_MAEM_INDICADOR_DATA (ID_INICIATIVA,ID_INDICADOR,ID_ENFOQUE,ID_MEDMIT,ID_PARAMETRO,VALOR,FLAG_ESTADO) values ('395','1','2','12','12','20','1');
Insert into MRVMM.T_MAEM_INDICADOR_DATA (ID_INICIATIVA,ID_INDICADOR,ID_ENFOQUE,ID_MEDMIT,ID_PARAMETRO,VALOR,FLAG_ESTADO) values ('395','1','2','12','13','0.16','1');
Insert into MRVMM.T_MAEM_INDICADOR_DATA (ID_INICIATIVA,ID_INDICADOR,ID_ENFOQUE,ID_MEDMIT,ID_PARAMETRO,VALOR,FLAG_ESTADO) values ('395','1','2','12','5','ABC-004','1');
Insert into MRVMM.T_MAEM_INDICADOR_DATA (ID_INICIATIVA,ID_INDICADOR,ID_ENFOQUE,ID_MEDMIT,ID_PARAMETRO,VALOR,FLAG_ESTADO) values ('395','1','2','12','9','206.13','1');
Insert into MRVMM.T_MAEM_INDICADOR_DATA (ID_INICIATIVA,ID_INDICADOR,ID_ENFOQUE,ID_MEDMIT,ID_PARAMETRO,VALOR,FLAG_ESTADO) values ('395','1','2','12','10','75.37','1');
Insert into MRVMM.T_MAEM_INDICADOR_DATA (ID_INICIATIVA,ID_INDICADOR,ID_ENFOQUE,ID_MEDMIT,ID_PARAMETRO,VALOR,FLAG_ESTADO) values ('395','1','2','12','11','130.76','1');
Insert into MRVMM.T_MAEM_INDICADOR_DATA (ID_INICIATIVA,ID_INDICADOR,ID_ENFOQUE,ID_MEDMIT,ID_PARAMETRO,VALOR,FLAG_ESTADO) values ('422','1','1','12','2','2018-01-01','1');
Insert into MRVMM.T_MAEM_INDICADOR_DATA (ID_INICIATIVA,ID_INDICADOR,ID_ENFOQUE,ID_MEDMIT,ID_PARAMETRO,VALOR,FLAG_ESTADO) values ('422','1','1','12','1','1','1');
Insert into MRVMM.T_MAEM_INDICADOR_DATA (ID_INICIATIVA,ID_INDICADOR,ID_ENFOQUE,ID_MEDMIT,ID_PARAMETRO,VALOR,FLAG_ESTADO) values ('422','1','1','12','3','3','1');
Insert into MRVMM.T_MAEM_INDICADOR_DATA (ID_INICIATIVA,ID_INDICADOR,ID_ENFOQUE,ID_MEDMIT,ID_PARAMETRO,VALOR,FLAG_ESTADO) values ('422','1','1','12','4','50000','1');
Insert into MRVMM.T_MAEM_INDICADOR_DATA (ID_INICIATIVA,ID_INDICADOR,ID_ENFOQUE,ID_MEDMIT,ID_PARAMETRO,VALOR,FLAG_ESTADO) values ('422','1','1','12','12','1','1');
Insert into MRVMM.T_MAEM_INDICADOR_DATA (ID_INICIATIVA,ID_INDICADOR,ID_ENFOQUE,ID_MEDMIT,ID_PARAMETRO,VALOR,FLAG_ESTADO) values ('422','1','1','12','13','1','1');
Insert into MRVMM.T_MAEM_INDICADOR_DATA (ID_INICIATIVA,ID_INDICADOR,ID_ENFOQUE,ID_MEDMIT,ID_PARAMETRO,VALOR,FLAG_ESTADO) values ('422','1','1','12','5','SED-UHY','1');
Insert into MRVMM.T_MAEM_INDICADOR_DATA (ID_INICIATIVA,ID_INDICADOR,ID_ENFOQUE,ID_MEDMIT,ID_PARAMETRO,VALOR,FLAG_ESTADO) values ('422','1','1','12','9','8.95','1');
Insert into MRVMM.T_MAEM_INDICADOR_DATA (ID_INICIATIVA,ID_INDICADOR,ID_ENFOQUE,ID_MEDMIT,ID_PARAMETRO,VALOR,FLAG_ESTADO) values ('422','1','1','12','10','8.47','1');
Insert into MRVMM.T_MAEM_INDICADOR_DATA (ID_INICIATIVA,ID_INDICADOR,ID_ENFOQUE,ID_MEDMIT,ID_PARAMETRO,VALOR,FLAG_ESTADO) values ('422','1','1','12','11','0.48','1');
Insert into MRVMM.T_MAEM_INDICADOR_DATA (ID_INICIATIVA,ID_INDICADOR,ID_ENFOQUE,ID_MEDMIT,ID_PARAMETRO,VALOR,FLAG_ESTADO) values ('422','2','1','12','6','2019','1');
Insert into MRVMM.T_MAEM_INDICADOR_DATA (ID_INICIATIVA,ID_INDICADOR,ID_ENFOQUE,ID_MEDMIT,ID_PARAMETRO,VALOR,FLAG_ESTADO) values ('422','2','1','12','2','2019-02-02','1');
Insert into MRVMM.T_MAEM_INDICADOR_DATA (ID_INICIATIVA,ID_INDICADOR,ID_ENFOQUE,ID_MEDMIT,ID_PARAMETRO,VALOR,FLAG_ESTADO) values ('422','2','1','12','1','2','1');
Insert into MRVMM.T_MAEM_INDICADOR_DATA (ID_INICIATIVA,ID_INDICADOR,ID_ENFOQUE,ID_MEDMIT,ID_PARAMETRO,VALOR,FLAG_ESTADO) values ('422','2','1','12','3','1','1');
Insert into MRVMM.T_MAEM_INDICADOR_DATA (ID_INICIATIVA,ID_INDICADOR,ID_ENFOQUE,ID_MEDMIT,ID_PARAMETRO,VALOR,FLAG_ESTADO) values ('422','2','1','12','4','14000','1');
Insert into MRVMM.T_MAEM_INDICADOR_DATA (ID_INICIATIVA,ID_INDICADOR,ID_ENFOQUE,ID_MEDMIT,ID_PARAMETRO,VALOR,FLAG_ESTADO) values ('422','2','1','12','12','2','1');
Insert into MRVMM.T_MAEM_INDICADOR_DATA (ID_INICIATIVA,ID_INDICADOR,ID_ENFOQUE,ID_MEDMIT,ID_PARAMETRO,VALOR,FLAG_ESTADO) values ('422','2','1','12','13','1','1');
Insert into MRVMM.T_MAEM_INDICADOR_DATA (ID_INICIATIVA,ID_INDICADOR,ID_ENFOQUE,ID_MEDMIT,ID_PARAMETRO,VALOR,FLAG_ESTADO) values ('422','2','1','12','5','SED-OIJ','1');
Insert into MRVMM.T_MAEM_INDICADOR_DATA (ID_INICIATIVA,ID_INDICADOR,ID_ENFOQUE,ID_MEDMIT,ID_PARAMETRO,VALOR,FLAG_ESTADO) values ('422','2','1','12','9','21.67','1');
Insert into MRVMM.T_MAEM_INDICADOR_DATA (ID_INICIATIVA,ID_INDICADOR,ID_ENFOQUE,ID_MEDMIT,ID_PARAMETRO,VALOR,FLAG_ESTADO) values ('422','2','1','12','10','4.74','1');
Insert into MRVMM.T_MAEM_INDICADOR_DATA (ID_INICIATIVA,ID_INDICADOR,ID_ENFOQUE,ID_MEDMIT,ID_PARAMETRO,VALOR,FLAG_ESTADO) values ('422','2','1','12','11','16.92','1');


REM INSERTING into MRVMM.T_MAEM_MRV_FACTOR
SET DEFINE OFF;
Insert into MRVMM.T_MAEM_MRV_FACTOR (ID_FACTOR,NOMBRE_FACTOR) values ('11','FACTOR EMI');
Insert into MRVMM.T_MAEM_MRV_FACTOR (ID_FACTOR,NOMBRE_FACTOR) values ('1','FACTOR BAU');
Insert into MRVMM.T_MAEM_MRV_FACTOR (ID_FACTOR,NOMBRE_FACTOR) values ('2','FACTOR PER');
Insert into MRVMM.T_MAEM_MRV_FACTOR (ID_FACTOR,NOMBRE_FACTOR) values ('3','FACTOR REN');
Insert into MRVMM.T_MAEM_MRV_FACTOR (ID_FACTOR,NOMBRE_FACTOR) values ('4','FACTOR CON');
Insert into MRVMM.T_MAEM_MRV_FACTOR (ID_FACTOR,NOMBRE_FACTOR) values ('5','FACTOR BAU MEDIA');
Insert into MRVMM.T_MAEM_MRV_FACTOR (ID_FACTOR,NOMBRE_FACTOR) values ('6','FACTOR MIT');
Insert into MRVMM.T_MAEM_MRV_FACTOR (ID_FACTOR,NOMBRE_FACTOR) values ('12','FACTOR MOT_BAU');
Insert into MRVMM.T_MAEM_MRV_FACTOR (ID_FACTOR,NOMBRE_FACTOR) values ('13','FACTOR MOT_INI');
Insert into MRVMM.T_MAEM_MRV_FACTOR (ID_FACTOR,NOMBRE_FACTOR) values ('7','FACTOR GD');
Insert into MRVMM.T_MAEM_MRV_FACTOR (ID_FACTOR,NOMBRE_FACTOR) values ('8','FACTOR RER');
Insert into MRVMM.T_MAEM_MRV_FACTOR (ID_FACTOR,NOMBRE_FACTOR) values ('9','FACTOR REGION');
Insert into MRVMM.T_MAEM_MRV_FACTOR (ID_FACTOR,NOMBRE_FACTOR) values ('10','FACTOR MES');
Insert into MRVMM.T_MAEM_MRV_FACTOR (ID_FACTOR,NOMBRE_FACTOR) values ('14','FACTOR REFRI_BAU');
Insert into MRVMM.T_MAEM_MRV_FACTOR (ID_FACTOR,NOMBRE_FACTOR) values ('15','FACTOR REFRI_INI');
REM INSERTING into MRVMM.T_MAEM_MRV_FACTOR_PARAMETRO
SET DEFINE OFF;
Insert into MRVMM.T_MAEM_MRV_FACTOR_PARAMETRO (ID_FACTOR,ID_DETALLE,ID_TIPO_CONTROL,ID_TIPO_DATO,NOMBRE_DETALLE,ID_PARAMETRO,ORDEN,FLAG_ESTADO) values ('6','3','2','2','FACTOR',null,'3','1');
Insert into MRVMM.T_MAEM_MRV_FACTOR_PARAMETRO (ID_FACTOR,ID_DETALLE,ID_TIPO_CONTROL,ID_TIPO_DATO,NOMBRE_DETALLE,ID_PARAMETRO,ORDEN,FLAG_ESTADO) values ('11','1','1',null,'AÑO','6','1','1');
Insert into MRVMM.T_MAEM_MRV_FACTOR_PARAMETRO (ID_FACTOR,ID_DETALLE,ID_TIPO_CONTROL,ID_TIPO_DATO,NOMBRE_DETALLE,ID_PARAMETRO,ORDEN,FLAG_ESTADO) values ('11','2','2','2','FACTOR',null,'2','1');
Insert into MRVMM.T_MAEM_MRV_FACTOR_PARAMETRO (ID_FACTOR,ID_DETALLE,ID_TIPO_CONTROL,ID_TIPO_DATO,NOMBRE_DETALLE,ID_PARAMETRO,ORDEN,FLAG_ESTADO) values ('1','1','1',null,'TIPO DE VEHÍCULO','1','1','1');
Insert into MRVMM.T_MAEM_MRV_FACTOR_PARAMETRO (ID_FACTOR,ID_DETALLE,ID_TIPO_CONTROL,ID_TIPO_DATO,NOMBRE_DETALLE,ID_PARAMETRO,ORDEN,FLAG_ESTADO) values ('1','2','1',null,'TIPO DE COMBUSTIBLE','3','2','1');
Insert into MRVMM.T_MAEM_MRV_FACTOR_PARAMETRO (ID_FACTOR,ID_DETALLE,ID_TIPO_CONTROL,ID_TIPO_DATO,NOMBRE_DETALLE,ID_PARAMETRO,ORDEN,FLAG_ESTADO) values ('1','4','2','2','FACTOR',null,'5','1');
Insert into MRVMM.T_MAEM_MRV_FACTOR_PARAMETRO (ID_FACTOR,ID_DETALLE,ID_TIPO_CONTROL,ID_TIPO_DATO,NOMBRE_DETALLE,ID_PARAMETRO,ORDEN,FLAG_ESTADO) values ('2','1','1',null,'AÑO','6','1','1');
Insert into MRVMM.T_MAEM_MRV_FACTOR_PARAMETRO (ID_FACTOR,ID_DETALLE,ID_TIPO_CONTROL,ID_TIPO_DATO,NOMBRE_DETALLE,ID_PARAMETRO,ORDEN,FLAG_ESTADO) values ('2','2','2','2','FACTOR',null,'2','1');
Insert into MRVMM.T_MAEM_MRV_FACTOR_PARAMETRO (ID_FACTOR,ID_DETALLE,ID_TIPO_CONTROL,ID_TIPO_DATO,NOMBRE_DETALLE,ID_PARAMETRO,ORDEN,FLAG_ESTADO) values ('3','1','1',null,'TIPO DE VEHÍCULO','1','1','1');
Insert into MRVMM.T_MAEM_MRV_FACTOR_PARAMETRO (ID_FACTOR,ID_DETALLE,ID_TIPO_CONTROL,ID_TIPO_DATO,NOMBRE_DETALLE,ID_PARAMETRO,ORDEN,FLAG_ESTADO) values ('3','2','2','2','FACTOR',null,'3','1');
Insert into MRVMM.T_MAEM_MRV_FACTOR_PARAMETRO (ID_FACTOR,ID_DETALLE,ID_TIPO_CONTROL,ID_TIPO_DATO,NOMBRE_DETALLE,ID_PARAMETRO,ORDEN,FLAG_ESTADO) values ('4','1','1',null,'AÑO','6','1','1');
Insert into MRVMM.T_MAEM_MRV_FACTOR_PARAMETRO (ID_FACTOR,ID_DETALLE,ID_TIPO_CONTROL,ID_TIPO_DATO,NOMBRE_DETALLE,ID_PARAMETRO,ORDEN,FLAG_ESTADO) values ('4','2','2','2','FACTOR',null,'2','1');
Insert into MRVMM.T_MAEM_MRV_FACTOR_PARAMETRO (ID_FACTOR,ID_DETALLE,ID_TIPO_CONTROL,ID_TIPO_DATO,NOMBRE_DETALLE,ID_PARAMETRO,ORDEN,FLAG_ESTADO) values ('5','1','1',null,'TIPO DE VEHÍCULO','1','1','1');
Insert into MRVMM.T_MAEM_MRV_FACTOR_PARAMETRO (ID_FACTOR,ID_DETALLE,ID_TIPO_CONTROL,ID_TIPO_DATO,NOMBRE_DETALLE,ID_PARAMETRO,ORDEN,FLAG_ESTADO) values ('5','2','1',null,'TIPO DE COMBUSTIBLE','3','2','1');
Insert into MRVMM.T_MAEM_MRV_FACTOR_PARAMETRO (ID_FACTOR,ID_DETALLE,ID_TIPO_CONTROL,ID_TIPO_DATO,NOMBRE_DETALLE,ID_PARAMETRO,ORDEN,FLAG_ESTADO) values ('5','3','1',null,'AÑO','6','3','1');
Insert into MRVMM.T_MAEM_MRV_FACTOR_PARAMETRO (ID_FACTOR,ID_DETALLE,ID_TIPO_CONTROL,ID_TIPO_DATO,NOMBRE_DETALLE,ID_PARAMETRO,ORDEN,FLAG_ESTADO) values ('5','4','2','2','FACTOR MEDIA',null,'4','1');
Insert into MRVMM.T_MAEM_MRV_FACTOR_PARAMETRO (ID_FACTOR,ID_DETALLE,ID_TIPO_CONTROL,ID_TIPO_DATO,NOMBRE_DETALLE,ID_PARAMETRO,ORDEN,FLAG_ESTADO) values ('6','1','1',null,'TIPO DE VEHÍCULO','1','1','1');
Insert into MRVMM.T_MAEM_MRV_FACTOR_PARAMETRO (ID_FACTOR,ID_DETALLE,ID_TIPO_CONTROL,ID_TIPO_DATO,NOMBRE_DETALLE,ID_PARAMETRO,ORDEN,FLAG_ESTADO) values ('6','2','1',null,'AÑO','6','2','1');
Insert into MRVMM.T_MAEM_MRV_FACTOR_PARAMETRO (ID_FACTOR,ID_DETALLE,ID_TIPO_CONTROL,ID_TIPO_DATO,NOMBRE_DETALLE,ID_PARAMETRO,ORDEN,FLAG_ESTADO) values ('7','1','1',null,'AÑO','6','1','1');
Insert into MRVMM.T_MAEM_MRV_FACTOR_PARAMETRO (ID_FACTOR,ID_DETALLE,ID_TIPO_CONTROL,ID_TIPO_DATO,NOMBRE_DETALLE,ID_PARAMETRO,ORDEN,FLAG_ESTADO) values ('7','2','2','2','FACTOR',null,'2','1');
Insert into MRVMM.T_MAEM_MRV_FACTOR_PARAMETRO (ID_FACTOR,ID_DETALLE,ID_TIPO_CONTROL,ID_TIPO_DATO,NOMBRE_DETALLE,ID_PARAMETRO,ORDEN,FLAG_ESTADO) values ('8','2','2','2','FACTOR',null,'2','1');
Insert into MRVMM.T_MAEM_MRV_FACTOR_PARAMETRO (ID_FACTOR,ID_DETALLE,ID_TIPO_CONTROL,ID_TIPO_DATO,NOMBRE_DETALLE,ID_PARAMETRO,ORDEN,FLAG_ESTADO) values ('8','1','1',null,'AÑO','6','1','1');
Insert into MRVMM.T_MAEM_MRV_FACTOR_PARAMETRO (ID_FACTOR,ID_DETALLE,ID_TIPO_CONTROL,ID_TIPO_DATO,NOMBRE_DETALLE,ID_PARAMETRO,ORDEN,FLAG_ESTADO) values ('9','1','1',null,'REGION','18','1','1');
Insert into MRVMM.T_MAEM_MRV_FACTOR_PARAMETRO (ID_FACTOR,ID_DETALLE,ID_TIPO_CONTROL,ID_TIPO_DATO,NOMBRE_DETALLE,ID_PARAMETRO,ORDEN,FLAG_ESTADO) values ('9','2','2','2','FACTOR',null,'2','1');
Insert into MRVMM.T_MAEM_MRV_FACTOR_PARAMETRO (ID_FACTOR,ID_DETALLE,ID_TIPO_CONTROL,ID_TIPO_DATO,NOMBRE_DETALLE,ID_PARAMETRO,ORDEN,FLAG_ESTADO) values ('10','1','1',null,'MES','17','1','1');
Insert into MRVMM.T_MAEM_MRV_FACTOR_PARAMETRO (ID_FACTOR,ID_DETALLE,ID_TIPO_CONTROL,ID_TIPO_DATO,NOMBRE_DETALLE,ID_PARAMETRO,ORDEN,FLAG_ESTADO) values ('10','2','2','2','FACTOR',null,'2','1');
Insert into MRVMM.T_MAEM_MRV_FACTOR_PARAMETRO (ID_FACTOR,ID_DETALLE,ID_TIPO_CONTROL,ID_TIPO_DATO,NOMBRE_DETALLE,ID_PARAMETRO,ORDEN,FLAG_ESTADO) values ('12','2','1',null,'CAPACIDAD','21','2','1');
Insert into MRVMM.T_MAEM_MRV_FACTOR_PARAMETRO (ID_FACTOR,ID_DETALLE,ID_TIPO_CONTROL,ID_TIPO_DATO,NOMBRE_DETALLE,ID_PARAMETRO,ORDEN,FLAG_ESTADO) values ('12','1','1',null,'CLASE (ETIQUETA) BAU','22','1','1');
Insert into MRVMM.T_MAEM_MRV_FACTOR_PARAMETRO (ID_FACTOR,ID_DETALLE,ID_TIPO_CONTROL,ID_TIPO_DATO,NOMBRE_DETALLE,ID_PARAMETRO,ORDEN,FLAG_ESTADO) values ('12','3','2','2','FACTOR',null,'3','1');
Insert into MRVMM.T_MAEM_MRV_FACTOR_PARAMETRO (ID_FACTOR,ID_DETALLE,ID_TIPO_CONTROL,ID_TIPO_DATO,NOMBRE_DETALLE,ID_PARAMETRO,ORDEN,FLAG_ESTADO) values ('13','2','1',null,'CAPACIDAD','21','2','1');
Insert into MRVMM.T_MAEM_MRV_FACTOR_PARAMETRO (ID_FACTOR,ID_DETALLE,ID_TIPO_CONTROL,ID_TIPO_DATO,NOMBRE_DETALLE,ID_PARAMETRO,ORDEN,FLAG_ESTADO) values ('13','1','1',null,'CLASE (ETIQUETA) INICIATIVA','23','1','1');
Insert into MRVMM.T_MAEM_MRV_FACTOR_PARAMETRO (ID_FACTOR,ID_DETALLE,ID_TIPO_CONTROL,ID_TIPO_DATO,NOMBRE_DETALLE,ID_PARAMETRO,ORDEN,FLAG_ESTADO) values ('13','3','2','2','FACTOR',null,'3','1');
Insert into MRVMM.T_MAEM_MRV_FACTOR_PARAMETRO (ID_FACTOR,ID_DETALLE,ID_TIPO_CONTROL,ID_TIPO_DATO,NOMBRE_DETALLE,ID_PARAMETRO,ORDEN,FLAG_ESTADO) values ('14','1','1',null,'CAPACIDAD','24','1','1');
Insert into MRVMM.T_MAEM_MRV_FACTOR_PARAMETRO (ID_FACTOR,ID_DETALLE,ID_TIPO_CONTROL,ID_TIPO_DATO,NOMBRE_DETALLE,ID_PARAMETRO,ORDEN,FLAG_ESTADO) values ('14','2','1',null,'CATEGORIA','25','2','1');
Insert into MRVMM.T_MAEM_MRV_FACTOR_PARAMETRO (ID_FACTOR,ID_DETALLE,ID_TIPO_CONTROL,ID_TIPO_DATO,NOMBRE_DETALLE,ID_PARAMETRO,ORDEN,FLAG_ESTADO) values ('14','3','1',null,'ETIQUETA BAU','26','3','1');
Insert into MRVMM.T_MAEM_MRV_FACTOR_PARAMETRO (ID_FACTOR,ID_DETALLE,ID_TIPO_CONTROL,ID_TIPO_DATO,NOMBRE_DETALLE,ID_PARAMETRO,ORDEN,FLAG_ESTADO) values ('14','4','2','2','FACTOR',null,'4','1');
Insert into MRVMM.T_MAEM_MRV_FACTOR_PARAMETRO (ID_FACTOR,ID_DETALLE,ID_TIPO_CONTROL,ID_TIPO_DATO,NOMBRE_DETALLE,ID_PARAMETRO,ORDEN,FLAG_ESTADO) values ('15','1','1',null,'CAPACIDAD','24','1','1');
Insert into MRVMM.T_MAEM_MRV_FACTOR_PARAMETRO (ID_FACTOR,ID_DETALLE,ID_TIPO_CONTROL,ID_TIPO_DATO,NOMBRE_DETALLE,ID_PARAMETRO,ORDEN,FLAG_ESTADO) values ('15','2','1',null,'CATEGORIA','25','2','1');
Insert into MRVMM.T_MAEM_MRV_FACTOR_PARAMETRO (ID_FACTOR,ID_DETALLE,ID_TIPO_CONTROL,ID_TIPO_DATO,NOMBRE_DETALLE,ID_PARAMETRO,ORDEN,FLAG_ESTADO) values ('15','3','1',null,'ETIQUETA INICIATIVA','27','3','1');
Insert into MRVMM.T_MAEM_MRV_FACTOR_PARAMETRO (ID_FACTOR,ID_DETALLE,ID_TIPO_CONTROL,ID_TIPO_DATO,NOMBRE_DETALLE,ID_PARAMETRO,ORDEN,FLAG_ESTADO) values ('15','4','2','2','FACTOR',null,'4','1');


REM INSERTING into MRVMM.T_MAEM_FACTOR_DATA
SET DEFINE OFF;
Insert into MRVMM.T_MAEM_FACTOR_DATA (ID_FACTOR,ID_DETALLE,ID_PARAMETRO,VALOR,FACTOR,FLAG_ESTADO) values ('14','184','24|25|26','7|3|2','570,3588','1');
Insert into MRVMM.T_MAEM_FACTOR_DATA (ID_FACTOR,ID_DETALLE,ID_PARAMETRO,VALOR,FACTOR,FLAG_ESTADO) values ('14','185','24|25|26','7|3|3','745,8538','1');
Insert into MRVMM.T_MAEM_FACTOR_DATA (ID_FACTOR,ID_DETALLE,ID_PARAMETRO,VALOR,FACTOR,FLAG_ESTADO) values ('14','186','24|25|26','7|3|4','899,4119','1');
Insert into MRVMM.T_MAEM_FACTOR_DATA (ID_FACTOR,ID_DETALLE,ID_PARAMETRO,VALOR,FACTOR,FLAG_ESTADO) values ('14','187','24|25|26','7|3|5','1031,0331','1');
Insert into MRVMM.T_MAEM_FACTOR_DATA (ID_FACTOR,ID_DETALLE,ID_PARAMETRO,VALOR,FACTOR,FLAG_ESTADO) values ('14','188','24|25|26','7|3|6','1206,5281','1');
Insert into MRVMM.T_MAEM_FACTOR_DATA (ID_FACTOR,ID_DETALLE,ID_PARAMETRO,VALOR,FACTOR,FLAG_ESTADO) values ('14','189','24|25|26','7|3|7','1316,2125','1');
Insert into MRVMM.T_MAEM_FACTOR_DATA (ID_FACTOR,ID_DETALLE,ID_PARAMETRO,VALOR,FACTOR,FLAG_ESTADO) values ('14','190','24|25|26','7|4|1','563,3804','1');
Insert into MRVMM.T_MAEM_FACTOR_DATA (ID_FACTOR,ID_DETALLE,ID_PARAMETRO,VALOR,FACTOR,FLAG_ESTADO) values ('14','191','24|25|26','7|4|2','665,8132','1');
Insert into MRVMM.T_MAEM_FACTOR_DATA (ID_FACTOR,ID_DETALLE,ID_PARAMETRO,VALOR,FACTOR,FLAG_ESTADO) values ('14','192','24|25|26','7|4|3','870,6788','1');
Insert into MRVMM.T_MAEM_FACTOR_DATA (ID_FACTOR,ID_DETALLE,ID_PARAMETRO,VALOR,FACTOR,FLAG_ESTADO) values ('14','193','24|25|26','7|4|4','1049,9362','1');
Insert into MRVMM.T_MAEM_FACTOR_DATA (ID_FACTOR,ID_DETALLE,ID_PARAMETRO,VALOR,FACTOR,FLAG_ESTADO) values ('14','194','24|25|26','7|4|5','1203,5854','1');
Insert into MRVMM.T_MAEM_FACTOR_DATA (ID_FACTOR,ID_DETALLE,ID_PARAMETRO,VALOR,FACTOR,FLAG_ESTADO) values ('14','195','24|25|26','7|4|6','1408,451','1');
Insert into MRVMM.T_MAEM_FACTOR_DATA (ID_FACTOR,ID_DETALLE,ID_PARAMETRO,VALOR,FACTOR,FLAG_ESTADO) values ('14','196','24|25|26','7|4|7','1536,492','1');
Insert into MRVMM.T_MAEM_FACTOR_DATA (ID_FACTOR,ID_DETALLE,ID_PARAMETRO,VALOR,FACTOR,FLAG_ESTADO) values ('14','1','24|25|26','1|1|1','184,3943','1');
Insert into MRVMM.T_MAEM_FACTOR_DATA (ID_FACTOR,ID_DETALLE,ID_PARAMETRO,VALOR,FACTOR,FLAG_ESTADO) values ('14','2','24|25|26','1|1|2','217,9206','1');
Insert into MRVMM.T_MAEM_FACTOR_DATA (ID_FACTOR,ID_DETALLE,ID_PARAMETRO,VALOR,FACTOR,FLAG_ESTADO) values ('14','3','24|25|26','1|1|3','284,973','1');
Insert into MRVMM.T_MAEM_FACTOR_DATA (ID_FACTOR,ID_DETALLE,ID_PARAMETRO,VALOR,FACTOR,FLAG_ESTADO) values ('14','4','24|25|26','1|1|4','343,644','1');
Insert into MRVMM.T_MAEM_FACTOR_DATA (ID_FACTOR,ID_DETALLE,ID_PARAMETRO,VALOR,FACTOR,FLAG_ESTADO) values ('14','5','24|25|26','1|1|5','393,9333','1');
Insert into MRVMM.T_MAEM_FACTOR_DATA (ID_FACTOR,ID_DETALLE,ID_PARAMETRO,VALOR,FACTOR,FLAG_ESTADO) values ('14','6','24|25|26','1|1|6','460,9858','1');
Insert into MRVMM.T_MAEM_FACTOR_DATA (ID_FACTOR,ID_DETALLE,ID_PARAMETRO,VALOR,FACTOR,FLAG_ESTADO) values ('14','7','24|25|26','1|1|7','502,8936','1');
Insert into MRVMM.T_MAEM_FACTOR_DATA (ID_FACTOR,ID_DETALLE,ID_PARAMETRO,VALOR,FACTOR,FLAG_ESTADO) values ('14','8','24|25|26','1|2|1','203,7706','1');
Insert into MRVMM.T_MAEM_FACTOR_DATA (ID_FACTOR,ID_DETALLE,ID_PARAMETRO,VALOR,FACTOR,FLAG_ESTADO) values ('14','9','24|25|26','1|2|2','240,8198','1');
Insert into MRVMM.T_MAEM_FACTOR_DATA (ID_FACTOR,ID_DETALLE,ID_PARAMETRO,VALOR,FACTOR,FLAG_ESTADO) values ('14','10','24|25|26','1|2|3','314,9182','1');
Insert into MRVMM.T_MAEM_FACTOR_DATA (ID_FACTOR,ID_DETALLE,ID_PARAMETRO,VALOR,FACTOR,FLAG_ESTADO) values ('14','11','24|25|26','1|2|4','379,7543','1');
Insert into MRVMM.T_MAEM_FACTOR_DATA (ID_FACTOR,ID_DETALLE,ID_PARAMETRO,VALOR,FACTOR,FLAG_ESTADO) values ('14','12','24|25|26','1|2|5','435,3281','1');
Insert into MRVMM.T_MAEM_FACTOR_DATA (ID_FACTOR,ID_DETALLE,ID_PARAMETRO,VALOR,FACTOR,FLAG_ESTADO) values ('14','13','24|25|26','1|2|6','509,4265','1');
Insert into MRVMM.T_MAEM_FACTOR_DATA (ID_FACTOR,ID_DETALLE,ID_PARAMETRO,VALOR,FACTOR,FLAG_ESTADO) values ('14','14','24|25|26','1|2|7','555,738','1');
Insert into MRVMM.T_MAEM_FACTOR_DATA (ID_FACTOR,ID_DETALLE,ID_PARAMETRO,VALOR,FACTOR,FLAG_ESTADO) values ('14','15','24|25|26','1|3|1','231,451','1');
Insert into MRVMM.T_MAEM_FACTOR_DATA (ID_FACTOR,ID_DETALLE,ID_PARAMETRO,VALOR,FACTOR,FLAG_ESTADO) values ('14','16','24|25|26','1|3|2','273,533','1');
Insert into MRVMM.T_MAEM_FACTOR_DATA (ID_FACTOR,ID_DETALLE,ID_PARAMETRO,VALOR,FACTOR,FLAG_ESTADO) values ('14','17','24|25|26','1|3|3','357,697','1');
Insert into MRVMM.T_MAEM_FACTOR_DATA (ID_FACTOR,ID_DETALLE,ID_PARAMETRO,VALOR,FACTOR,FLAG_ESTADO) values ('14','18','24|25|26','1|3|4','431,3405','1');
Insert into MRVMM.T_MAEM_FACTOR_DATA (ID_FACTOR,ID_DETALLE,ID_PARAMETRO,VALOR,FACTOR,FLAG_ESTADO) values ('14','19','24|25|26','1|3|5','494,4635','1');
Insert into MRVMM.T_MAEM_FACTOR_DATA (ID_FACTOR,ID_DETALLE,ID_PARAMETRO,VALOR,FACTOR,FLAG_ESTADO) values ('14','20','24|25|26','1|3|6','578,6275','1');
Insert into MRVMM.T_MAEM_FACTOR_DATA (ID_FACTOR,ID_DETALLE,ID_PARAMETRO,VALOR,FACTOR,FLAG_ESTADO) values ('14','21','24|25|26','1|3|7','631,23','1');
Insert into MRVMM.T_MAEM_FACTOR_DATA (ID_FACTOR,ID_DETALLE,ID_PARAMETRO,VALOR,FACTOR,FLAG_ESTADO) values ('14','22','24|25|26','1|4|1','250,8273','1');
Insert into MRVMM.T_MAEM_FACTOR_DATA (ID_FACTOR,ID_DETALLE,ID_PARAMETRO,VALOR,FACTOR,FLAG_ESTADO) values ('14','23','24|25|26','1|4|2','296,4322','1');
Insert into MRVMM.T_MAEM_FACTOR_DATA (ID_FACTOR,ID_DETALLE,ID_PARAMETRO,VALOR,FACTOR,FLAG_ESTADO) values ('14','24','24|25|26','1|4|3','387,6422','1');
Insert into MRVMM.T_MAEM_FACTOR_DATA (ID_FACTOR,ID_DETALLE,ID_PARAMETRO,VALOR,FACTOR,FLAG_ESTADO) values ('14','25','24|25|26','1|4|4','467,4508','1');
Insert into MRVMM.T_MAEM_FACTOR_DATA (ID_FACTOR,ID_DETALLE,ID_PARAMETRO,VALOR,FACTOR,FLAG_ESTADO) values ('14','26','24|25|26','1|4|5','535,8583','1');
Insert into MRVMM.T_MAEM_FACTOR_DATA (ID_FACTOR,ID_DETALLE,ID_PARAMETRO,VALOR,FACTOR,FLAG_ESTADO) values ('14','27','24|25|26','1|4|6','627,0682','1');
Insert into MRVMM.T_MAEM_FACTOR_DATA (ID_FACTOR,ID_DETALLE,ID_PARAMETRO,VALOR,FACTOR,FLAG_ESTADO) values ('14','28','24|25|26','1|4|7','684,0744','1');
Insert into MRVMM.T_MAEM_FACTOR_DATA (ID_FACTOR,ID_DETALLE,ID_PARAMETRO,VALOR,FACTOR,FLAG_ESTADO) values ('14','29','24|25|26','2|1|1','176,6438','1');
Insert into MRVMM.T_MAEM_FACTOR_DATA (ID_FACTOR,ID_DETALLE,ID_PARAMETRO,VALOR,FACTOR,FLAG_ESTADO) values ('14','30','24|25|26','2|1|2','208,7609','1');
Insert into MRVMM.T_MAEM_FACTOR_DATA (ID_FACTOR,ID_DETALLE,ID_PARAMETRO,VALOR,FACTOR,FLAG_ESTADO) values ('14','31','24|25|26','2|1|3','272,995','1');
Insert into MRVMM.T_MAEM_FACTOR_DATA (ID_FACTOR,ID_DETALLE,ID_PARAMETRO,VALOR,FACTOR,FLAG_ESTADO) values ('14','32','24|25|26','2|1|4','329,1998','1');
Insert into MRVMM.T_MAEM_FACTOR_DATA (ID_FACTOR,ID_DETALLE,ID_PARAMETRO,VALOR,FACTOR,FLAG_ESTADO) values ('14','33','24|25|26','2|1|5','377,3754','1');
Insert into MRVMM.T_MAEM_FACTOR_DATA (ID_FACTOR,ID_DETALLE,ID_PARAMETRO,VALOR,FACTOR,FLAG_ESTADO) values ('14','34','24|25|26','2|1|6','441,6095','1');
Insert into MRVMM.T_MAEM_FACTOR_DATA (ID_FACTOR,ID_DETALLE,ID_PARAMETRO,VALOR,FACTOR,FLAG_ESTADO) values ('14','35','24|25|26','2|1|7','481,7558','1');
Insert into MRVMM.T_MAEM_FACTOR_DATA (ID_FACTOR,ID_DETALLE,ID_PARAMETRO,VALOR,FACTOR,FLAG_ESTADO) values ('14','36','24|25|26','2|2|1','189,2384','1');
Insert into MRVMM.T_MAEM_FACTOR_DATA (ID_FACTOR,ID_DETALLE,ID_PARAMETRO,VALOR,FACTOR,FLAG_ESTADO) values ('14','37','24|25|26','2|2|2','223,6454','1');
Insert into MRVMM.T_MAEM_FACTOR_DATA (ID_FACTOR,ID_DETALLE,ID_PARAMETRO,VALOR,FACTOR,FLAG_ESTADO) values ('14','38','24|25|26','2|2|3','292,4593','1');
Insert into MRVMM.T_MAEM_FACTOR_DATA (ID_FACTOR,ID_DETALLE,ID_PARAMETRO,VALOR,FACTOR,FLAG_ESTADO) values ('14','39','24|25|26','2|2|4','352,6715','1');
Insert into MRVMM.T_MAEM_FACTOR_DATA (ID_FACTOR,ID_DETALLE,ID_PARAMETRO,VALOR,FACTOR,FLAG_ESTADO) values ('14','40','24|25|26','2|2|5','404,282','1');
Insert into MRVMM.T_MAEM_FACTOR_DATA (ID_FACTOR,ID_DETALLE,ID_PARAMETRO,VALOR,FACTOR,FLAG_ESTADO) values ('14','41','24|25|26','2|2|6','473,096','1');
Insert into MRVMM.T_MAEM_FACTOR_DATA (ID_FACTOR,ID_DETALLE,ID_PARAMETRO,VALOR,FACTOR,FLAG_ESTADO) values ('14','42','24|25|26','2|2|7','516,1047','1');
Insert into MRVMM.T_MAEM_FACTOR_DATA (ID_FACTOR,ID_DETALLE,ID_PARAMETRO,VALOR,FACTOR,FLAG_ESTADO) values ('14','43','24|25|26','2|3|1','207,2307','1');
Insert into MRVMM.T_MAEM_FACTOR_DATA (ID_FACTOR,ID_DETALLE,ID_PARAMETRO,VALOR,FACTOR,FLAG_ESTADO) values ('14','44','24|25|26','2|3|2','244,909','1');
Insert into MRVMM.T_MAEM_FACTOR_DATA (ID_FACTOR,ID_DETALLE,ID_PARAMETRO,VALOR,FACTOR,FLAG_ESTADO) values ('14','45','24|25|26','2|3|3','320,2656','1');
Insert into MRVMM.T_MAEM_FACTOR_DATA (ID_FACTOR,ID_DETALLE,ID_PARAMETRO,VALOR,FACTOR,FLAG_ESTADO) values ('14','46','24|25|26','2|3|4','386,2026','1');
Insert into MRVMM.T_MAEM_FACTOR_DATA (ID_FACTOR,ID_DETALLE,ID_PARAMETRO,VALOR,FACTOR,FLAG_ESTADO) values ('14','47','24|25|26','2|3|5','442,72','1');
Insert into MRVMM.T_MAEM_FACTOR_DATA (ID_FACTOR,ID_DETALLE,ID_PARAMETRO,VALOR,FACTOR,FLAG_ESTADO) values ('14','48','24|25|26','2|3|6','518,0766','1');
Insert into MRVMM.T_MAEM_FACTOR_DATA (ID_FACTOR,ID_DETALLE,ID_PARAMETRO,VALOR,FACTOR,FLAG_ESTADO) values ('14','49','24|25|26','2|3|7','565,1745','1');
Insert into MRVMM.T_MAEM_FACTOR_DATA (ID_FACTOR,ID_DETALLE,ID_PARAMETRO,VALOR,FACTOR,FLAG_ESTADO) values ('14','50','24|25|26','2|4|1','219,8252','1');
Insert into MRVMM.T_MAEM_FACTOR_DATA (ID_FACTOR,ID_DETALLE,ID_PARAMETRO,VALOR,FACTOR,FLAG_ESTADO) values ('14','51','24|25|26','2|4|2','259,7935','1');
Insert into MRVMM.T_MAEM_FACTOR_DATA (ID_FACTOR,ID_DETALLE,ID_PARAMETRO,VALOR,FACTOR,FLAG_ESTADO) values ('14','52','24|25|26','2|4|3','339,7299','1');
Insert into MRVMM.T_MAEM_FACTOR_DATA (ID_FACTOR,ID_DETALLE,ID_PARAMETRO,VALOR,FACTOR,FLAG_ESTADO) values ('14','53','24|25|26','2|4|4','409,6743','1');
Insert into MRVMM.T_MAEM_FACTOR_DATA (ID_FACTOR,ID_DETALLE,ID_PARAMETRO,VALOR,FACTOR,FLAG_ESTADO) values ('14','54','24|25|26','2|4|5','469,6266','1');
Insert into MRVMM.T_MAEM_FACTOR_DATA (ID_FACTOR,ID_DETALLE,ID_PARAMETRO,VALOR,FACTOR,FLAG_ESTADO) values ('14','55','24|25|26','2|4|6','549,5631','1');
Insert into MRVMM.T_MAEM_FACTOR_DATA (ID_FACTOR,ID_DETALLE,ID_PARAMETRO,VALOR,FACTOR,FLAG_ESTADO) values ('14','56','24|25|26','2|4|7','599,5234','1');
Insert into MRVMM.T_MAEM_FACTOR_DATA (ID_FACTOR,ID_DETALLE,ID_PARAMETRO,VALOR,FACTOR,FLAG_ESTADO) values ('15','1','24|25|26','1|1|1','184,3943','1');
Insert into MRVMM.T_MAEM_FACTOR_DATA (ID_FACTOR,ID_DETALLE,ID_PARAMETRO,VALOR,FACTOR,FLAG_ESTADO) values ('15','2','24|25|26','1|1|2','217,9206','1');
Insert into MRVMM.T_MAEM_FACTOR_DATA (ID_FACTOR,ID_DETALLE,ID_PARAMETRO,VALOR,FACTOR,FLAG_ESTADO) values ('15','3','24|25|26','1|1|3','284,973','1');
Insert into MRVMM.T_MAEM_FACTOR_DATA (ID_FACTOR,ID_DETALLE,ID_PARAMETRO,VALOR,FACTOR,FLAG_ESTADO) values ('15','4','24|25|26','1|1|4','343,644','1');
Insert into MRVMM.T_MAEM_FACTOR_DATA (ID_FACTOR,ID_DETALLE,ID_PARAMETRO,VALOR,FACTOR,FLAG_ESTADO) values ('15','5','24|25|26','1|1|5','393,9333','1');
Insert into MRVMM.T_MAEM_FACTOR_DATA (ID_FACTOR,ID_DETALLE,ID_PARAMETRO,VALOR,FACTOR,FLAG_ESTADO) values ('15','6','24|25|26','1|1|6','460,9858','1');
Insert into MRVMM.T_MAEM_FACTOR_DATA (ID_FACTOR,ID_DETALLE,ID_PARAMETRO,VALOR,FACTOR,FLAG_ESTADO) values ('15','7','24|25|26','1|1|7','502,8936','1');
Insert into MRVMM.T_MAEM_FACTOR_DATA (ID_FACTOR,ID_DETALLE,ID_PARAMETRO,VALOR,FACTOR,FLAG_ESTADO) values ('15','8','24|25|26','1|2|1','203,7706','1');
Insert into MRVMM.T_MAEM_FACTOR_DATA (ID_FACTOR,ID_DETALLE,ID_PARAMETRO,VALOR,FACTOR,FLAG_ESTADO) values ('15','9','24|25|26','1|2|2','240,8198','1');
Insert into MRVMM.T_MAEM_FACTOR_DATA (ID_FACTOR,ID_DETALLE,ID_PARAMETRO,VALOR,FACTOR,FLAG_ESTADO) values ('15','10','24|25|26','1|2|3','314,9182','1');
Insert into MRVMM.T_MAEM_FACTOR_DATA (ID_FACTOR,ID_DETALLE,ID_PARAMETRO,VALOR,FACTOR,FLAG_ESTADO) values ('15','11','24|25|26','1|2|4','379,7543','1');
Insert into MRVMM.T_MAEM_FACTOR_DATA (ID_FACTOR,ID_DETALLE,ID_PARAMETRO,VALOR,FACTOR,FLAG_ESTADO) values ('15','12','24|25|26','1|2|5','435,3281','1');
Insert into MRVMM.T_MAEM_FACTOR_DATA (ID_FACTOR,ID_DETALLE,ID_PARAMETRO,VALOR,FACTOR,FLAG_ESTADO) values ('15','13','24|25|26','1|2|6','509,4265','1');
Insert into MRVMM.T_MAEM_FACTOR_DATA (ID_FACTOR,ID_DETALLE,ID_PARAMETRO,VALOR,FACTOR,FLAG_ESTADO) values ('15','14','24|25|26','1|2|7','555,738','1');
Insert into MRVMM.T_MAEM_FACTOR_DATA (ID_FACTOR,ID_DETALLE,ID_PARAMETRO,VALOR,FACTOR,FLAG_ESTADO) values ('15','15','24|25|26','1|3|1','231,451','1');
Insert into MRVMM.T_MAEM_FACTOR_DATA (ID_FACTOR,ID_DETALLE,ID_PARAMETRO,VALOR,FACTOR,FLAG_ESTADO) values ('15','16','24|25|26','1|3|2','273,533','1');
Insert into MRVMM.T_MAEM_FACTOR_DATA (ID_FACTOR,ID_DETALLE,ID_PARAMETRO,VALOR,FACTOR,FLAG_ESTADO) values ('15','17','24|25|26','1|3|3','357,697','1');
Insert into MRVMM.T_MAEM_FACTOR_DATA (ID_FACTOR,ID_DETALLE,ID_PARAMETRO,VALOR,FACTOR,FLAG_ESTADO) values ('15','18','24|25|26','1|3|4','431,3405','1');
Insert into MRVMM.T_MAEM_FACTOR_DATA (ID_FACTOR,ID_DETALLE,ID_PARAMETRO,VALOR,FACTOR,FLAG_ESTADO) values ('15','19','24|25|26','1|3|5','494,4635','1');
Insert into MRVMM.T_MAEM_FACTOR_DATA (ID_FACTOR,ID_DETALLE,ID_PARAMETRO,VALOR,FACTOR,FLAG_ESTADO) values ('15','20','24|25|26','1|3|6','578,6275','1');
Insert into MRVMM.T_MAEM_FACTOR_DATA (ID_FACTOR,ID_DETALLE,ID_PARAMETRO,VALOR,FACTOR,FLAG_ESTADO) values ('15','21','24|25|26','1|3|7','631,23','1');
Insert into MRVMM.T_MAEM_FACTOR_DATA (ID_FACTOR,ID_DETALLE,ID_PARAMETRO,VALOR,FACTOR,FLAG_ESTADO) values ('15','22','24|25|26','1|4|1','250,8273','1');
Insert into MRVMM.T_MAEM_FACTOR_DATA (ID_FACTOR,ID_DETALLE,ID_PARAMETRO,VALOR,FACTOR,FLAG_ESTADO) values ('15','23','24|25|26','1|4|2','296,4322','1');
Insert into MRVMM.T_MAEM_FACTOR_DATA (ID_FACTOR,ID_DETALLE,ID_PARAMETRO,VALOR,FACTOR,FLAG_ESTADO) values ('15','24','24|25|26','1|4|3','387,6422','1');
Insert into MRVMM.T_MAEM_FACTOR_DATA (ID_FACTOR,ID_DETALLE,ID_PARAMETRO,VALOR,FACTOR,FLAG_ESTADO) values ('15','25','24|25|26','1|4|4','467,4508','1');
Insert into MRVMM.T_MAEM_FACTOR_DATA (ID_FACTOR,ID_DETALLE,ID_PARAMETRO,VALOR,FACTOR,FLAG_ESTADO) values ('15','26','24|25|26','1|4|5','535,8583','1');
Insert into MRVMM.T_MAEM_FACTOR_DATA (ID_FACTOR,ID_DETALLE,ID_PARAMETRO,VALOR,FACTOR,FLAG_ESTADO) values ('15','27','24|25|26','1|4|6','627,0682','1');
Insert into MRVMM.T_MAEM_FACTOR_DATA (ID_FACTOR,ID_DETALLE,ID_PARAMETRO,VALOR,FACTOR,FLAG_ESTADO) values ('15','28','24|25|26','1|4|7','684,0744','1');
Insert into MRVMM.T_MAEM_FACTOR_DATA (ID_FACTOR,ID_DETALLE,ID_PARAMETRO,VALOR,FACTOR,FLAG_ESTADO) values ('15','29','24|25|26','2|1|1','176,6438','1');
Insert into MRVMM.T_MAEM_FACTOR_DATA (ID_FACTOR,ID_DETALLE,ID_PARAMETRO,VALOR,FACTOR,FLAG_ESTADO) values ('15','30','24|25|26','2|1|2','208,7609','1');
Insert into MRVMM.T_MAEM_FACTOR_DATA (ID_FACTOR,ID_DETALLE,ID_PARAMETRO,VALOR,FACTOR,FLAG_ESTADO) values ('15','31','24|25|26','2|1|3','272,995','1');
Insert into MRVMM.T_MAEM_FACTOR_DATA (ID_FACTOR,ID_DETALLE,ID_PARAMETRO,VALOR,FACTOR,FLAG_ESTADO) values ('15','32','24|25|26','2|1|4','329,1998','1');
Insert into MRVMM.T_MAEM_FACTOR_DATA (ID_FACTOR,ID_DETALLE,ID_PARAMETRO,VALOR,FACTOR,FLAG_ESTADO) values ('15','33','24|25|26','2|1|5','377,3754','1');
Insert into MRVMM.T_MAEM_FACTOR_DATA (ID_FACTOR,ID_DETALLE,ID_PARAMETRO,VALOR,FACTOR,FLAG_ESTADO) values ('15','34','24|25|26','2|1|6','441,6095','1');
Insert into MRVMM.T_MAEM_FACTOR_DATA (ID_FACTOR,ID_DETALLE,ID_PARAMETRO,VALOR,FACTOR,FLAG_ESTADO) values ('15','35','24|25|26','2|1|7','481,7558','1');
Insert into MRVMM.T_MAEM_FACTOR_DATA (ID_FACTOR,ID_DETALLE,ID_PARAMETRO,VALOR,FACTOR,FLAG_ESTADO) values ('15','36','24|25|26','2|2|1','189,2384','1');
Insert into MRVMM.T_MAEM_FACTOR_DATA (ID_FACTOR,ID_DETALLE,ID_PARAMETRO,VALOR,FACTOR,FLAG_ESTADO) values ('15','37','24|25|26','2|2|2','223,6454','1');
Insert into MRVMM.T_MAEM_FACTOR_DATA (ID_FACTOR,ID_DETALLE,ID_PARAMETRO,VALOR,FACTOR,FLAG_ESTADO) values ('15','38','24|25|26','2|2|3','292,4593','1');
Insert into MRVMM.T_MAEM_FACTOR_DATA (ID_FACTOR,ID_DETALLE,ID_PARAMETRO,VALOR,FACTOR,FLAG_ESTADO) values ('15','39','24|25|26','2|2|4','352,6715','1');
Insert into MRVMM.T_MAEM_FACTOR_DATA (ID_FACTOR,ID_DETALLE,ID_PARAMETRO,VALOR,FACTOR,FLAG_ESTADO) values ('15','40','24|25|26','2|2|5','404,282','1');
Insert into MRVMM.T_MAEM_FACTOR_DATA (ID_FACTOR,ID_DETALLE,ID_PARAMETRO,VALOR,FACTOR,FLAG_ESTADO) values ('15','41','24|25|26','2|2|6','473,096','1');
Insert into MRVMM.T_MAEM_FACTOR_DATA (ID_FACTOR,ID_DETALLE,ID_PARAMETRO,VALOR,FACTOR,FLAG_ESTADO) values ('15','42','24|25|26','2|2|7','516,1047','1');
Insert into MRVMM.T_MAEM_FACTOR_DATA (ID_FACTOR,ID_DETALLE,ID_PARAMETRO,VALOR,FACTOR,FLAG_ESTADO) values ('15','43','24|25|26','2|3|1','207,2307','1');
Insert into MRVMM.T_MAEM_FACTOR_DATA (ID_FACTOR,ID_DETALLE,ID_PARAMETRO,VALOR,FACTOR,FLAG_ESTADO) values ('15','44','24|25|26','2|3|2','244,909','1');
Insert into MRVMM.T_MAEM_FACTOR_DATA (ID_FACTOR,ID_DETALLE,ID_PARAMETRO,VALOR,FACTOR,FLAG_ESTADO) values ('15','45','24|25|26','2|3|3','320,2656','1');
Insert into MRVMM.T_MAEM_FACTOR_DATA (ID_FACTOR,ID_DETALLE,ID_PARAMETRO,VALOR,FACTOR,FLAG_ESTADO) values ('15','46','24|25|26','2|3|4','386,2026','1');
Insert into MRVMM.T_MAEM_FACTOR_DATA (ID_FACTOR,ID_DETALLE,ID_PARAMETRO,VALOR,FACTOR,FLAG_ESTADO) values ('15','47','24|25|26','2|3|5','442,72','1');
Insert into MRVMM.T_MAEM_FACTOR_DATA (ID_FACTOR,ID_DETALLE,ID_PARAMETRO,VALOR,FACTOR,FLAG_ESTADO) values ('15','48','24|25|26','2|3|6','518,0766','1');
Insert into MRVMM.T_MAEM_FACTOR_DATA (ID_FACTOR,ID_DETALLE,ID_PARAMETRO,VALOR,FACTOR,FLAG_ESTADO) values ('15','49','24|25|26','2|3|7','565,1745','1');
Insert into MRVMM.T_MAEM_FACTOR_DATA (ID_FACTOR,ID_DETALLE,ID_PARAMETRO,VALOR,FACTOR,FLAG_ESTADO) values ('15','50','24|25|26','2|4|1','219,8252','1');
Insert into MRVMM.T_MAEM_FACTOR_DATA (ID_FACTOR,ID_DETALLE,ID_PARAMETRO,VALOR,FACTOR,FLAG_ESTADO) values ('15','51','24|25|26','2|4|2','259,7935','1');
Insert into MRVMM.T_MAEM_FACTOR_DATA (ID_FACTOR,ID_DETALLE,ID_PARAMETRO,VALOR,FACTOR,FLAG_ESTADO) values ('15','52','24|25|26','2|4|3','339,7299','1');
Insert into MRVMM.T_MAEM_FACTOR_DATA (ID_FACTOR,ID_DETALLE,ID_PARAMETRO,VALOR,FACTOR,FLAG_ESTADO) values ('15','53','24|25|26','2|4|4','409,6743','1');
Insert into MRVMM.T_MAEM_FACTOR_DATA (ID_FACTOR,ID_DETALLE,ID_PARAMETRO,VALOR,FACTOR,FLAG_ESTADO) values ('15','54','24|25|26','2|4|5','469,6266','1');
Insert into MRVMM.T_MAEM_FACTOR_DATA (ID_FACTOR,ID_DETALLE,ID_PARAMETRO,VALOR,FACTOR,FLAG_ESTADO) values ('15','55','24|25|26','2|4|6','549,5631','1');
Insert into MRVMM.T_MAEM_FACTOR_DATA (ID_FACTOR,ID_DETALLE,ID_PARAMETRO,VALOR,FACTOR,FLAG_ESTADO) values ('15','56','24|25|26','2|4|7','599,5234','1');
Insert into MRVMM.T_MAEM_FACTOR_DATA (ID_FACTOR,ID_DETALLE,ID_PARAMETRO,VALOR,FACTOR,FLAG_ESTADO) values ('15','57','24|25|26','3|1|1','189,9304','1');
Insert into MRVMM.T_MAEM_FACTOR_DATA (ID_FACTOR,ID_DETALLE,ID_PARAMETRO,VALOR,FACTOR,FLAG_ESTADO) values ('15','58','24|25|26','3|1|2','224,4632','1');
Insert into MRVMM.T_MAEM_FACTOR_DATA (ID_FACTOR,ID_DETALLE,ID_PARAMETRO,VALOR,FACTOR,FLAG_ESTADO) values ('15','59','24|25|26','3|1|3','293,5288','1');
Insert into MRVMM.T_MAEM_FACTOR_DATA (ID_FACTOR,ID_DETALLE,ID_PARAMETRO,VALOR,FACTOR,FLAG_ESTADO) values ('15','60','24|25|26','3|1|4','353,9612','1');
Insert into MRVMM.T_MAEM_FACTOR_DATA (ID_FACTOR,ID_DETALLE,ID_PARAMETRO,VALOR,FACTOR,FLAG_ESTADO) values ('15','61','24|25|26','3|1|5','405,7604','1');
Insert into MRVMM.T_MAEM_FACTOR_DATA (ID_FACTOR,ID_DETALLE,ID_PARAMETRO,VALOR,FACTOR,FLAG_ESTADO) values ('15','62','24|25|26','3|1|6','474,826','1');
Insert into MRVMM.T_MAEM_FACTOR_DATA (ID_FACTOR,ID_DETALLE,ID_PARAMETRO,VALOR,FACTOR,FLAG_ESTADO) values ('15','63','24|25|26','3|1|7','517,992','1');
Insert into MRVMM.T_MAEM_FACTOR_DATA (ID_FACTOR,ID_DETALLE,ID_PARAMETRO,VALOR,FACTOR,FLAG_ESTADO) values ('15','64','24|25|26','3|2|1','214,1508','1');
Insert into MRVMM.T_MAEM_FACTOR_DATA (ID_FACTOR,ID_DETALLE,ID_PARAMETRO,VALOR,FACTOR,FLAG_ESTADO) values ('15','65','24|25|26','3|2|2','253,0873','1');
Insert into MRVMM.T_MAEM_FACTOR_DATA (ID_FACTOR,ID_DETALLE,ID_PARAMETRO,VALOR,FACTOR,FLAG_ESTADO) values ('15','66','24|25|26','3|2|3','330,9603','1');
Insert into MRVMM.T_MAEM_FACTOR_DATA (ID_FACTOR,ID_DETALLE,ID_PARAMETRO,VALOR,FACTOR,FLAG_ESTADO) values ('15','67','24|25|26','3|2|4','399,0991','1');
Insert into MRVMM.T_MAEM_FACTOR_DATA (ID_FACTOR,ID_DETALLE,ID_PARAMETRO,VALOR,FACTOR,FLAG_ESTADO) values ('15','68','24|25|26','3|2|5','457,5039','1');
Insert into MRVMM.T_MAEM_FACTOR_DATA (ID_FACTOR,ID_DETALLE,ID_PARAMETRO,VALOR,FACTOR,FLAG_ESTADO) values ('15','69','24|25|26','3|2|6','535,3769','1');
Insert into MRVMM.T_MAEM_FACTOR_DATA (ID_FACTOR,ID_DETALLE,ID_PARAMETRO,VALOR,FACTOR,FLAG_ESTADO) values ('15','70','24|25|26','3|2|7','584,0475','1');
Insert into MRVMM.T_MAEM_FACTOR_DATA (ID_FACTOR,ID_DETALLE,ID_PARAMETRO,VALOR,FACTOR,FLAG_ESTADO) values ('15','71','24|25|26','3|3|1','248,7513','1');
Insert into MRVMM.T_MAEM_FACTOR_DATA (ID_FACTOR,ID_DETALLE,ID_PARAMETRO,VALOR,FACTOR,FLAG_ESTADO) values ('15','72','24|25|26','3|3|2','293,9788','1');
Insert into MRVMM.T_MAEM_FACTOR_DATA (ID_FACTOR,ID_DETALLE,ID_PARAMETRO,VALOR,FACTOR,FLAG_ESTADO) values ('15','73','24|25|26','3|3|3','384,4338','1');
Insert into MRVMM.T_MAEM_FACTOR_DATA (ID_FACTOR,ID_DETALLE,ID_PARAMETRO,VALOR,FACTOR,FLAG_ESTADO) values ('15','74','24|25|26','3|3|4','463,5819','1');
Insert into MRVMM.T_MAEM_FACTOR_DATA (ID_FACTOR,ID_DETALLE,ID_PARAMETRO,VALOR,FACTOR,FLAG_ESTADO) values ('15','75','24|25|26','3|3|5','531,4231','1');
Insert into MRVMM.T_MAEM_FACTOR_DATA (ID_FACTOR,ID_DETALLE,ID_PARAMETRO,VALOR,FACTOR,FLAG_ESTADO) values ('15','76','24|25|26','3|3|6','621,8781','1');
Insert into MRVMM.T_MAEM_FACTOR_DATA (ID_FACTOR,ID_DETALLE,ID_PARAMETRO,VALOR,FACTOR,FLAG_ESTADO) values ('15','77','24|25|26','3|3|7','678,4125','1');
Insert into MRVMM.T_MAEM_FACTOR_DATA (ID_FACTOR,ID_DETALLE,ID_PARAMETRO,VALOR,FACTOR,FLAG_ESTADO) values ('15','78','24|25|26','3|4|1','272,9716','1');
Insert into MRVMM.T_MAEM_FACTOR_DATA (ID_FACTOR,ID_DETALLE,ID_PARAMETRO,VALOR,FACTOR,FLAG_ESTADO) values ('15','79','24|25|26','3|4|2','322,6028','1');
Insert into MRVMM.T_MAEM_FACTOR_DATA (ID_FACTOR,ID_DETALLE,ID_PARAMETRO,VALOR,FACTOR,FLAG_ESTADO) values ('15','80','24|25|26','3|4|3','421,8652','1');
Insert into MRVMM.T_MAEM_FACTOR_DATA (ID_FACTOR,ID_DETALLE,ID_PARAMETRO,VALOR,FACTOR,FLAG_ESTADO) values ('15','81','24|25|26','3|4|4','508,7198','1');
Insert into MRVMM.T_MAEM_FACTOR_DATA (ID_FACTOR,ID_DETALLE,ID_PARAMETRO,VALOR,FACTOR,FLAG_ESTADO) values ('15','82','24|25|26','3|4|5','583,1666','1');
Insert into MRVMM.T_MAEM_FACTOR_DATA (ID_FACTOR,ID_DETALLE,ID_PARAMETRO,VALOR,FACTOR,FLAG_ESTADO) values ('15','83','24|25|26','3|4|6','682,429','1');
Insert into MRVMM.T_MAEM_FACTOR_DATA (ID_FACTOR,ID_DETALLE,ID_PARAMETRO,VALOR,FACTOR,FLAG_ESTADO) values ('15','84','24|25|26','3|4|7','744,468','1');
Insert into MRVMM.T_MAEM_FACTOR_DATA (ID_FACTOR,ID_DETALLE,ID_PARAMETRO,VALOR,FACTOR,FLAG_ESTADO) values ('15','85','24|25|26','4|1|1','227,2716','1');
Insert into MRVMM.T_MAEM_FACTOR_DATA (ID_FACTOR,ID_DETALLE,ID_PARAMETRO,VALOR,FACTOR,FLAG_ESTADO) values ('15','86','24|25|26','4|1|2','268,5937','1');
Insert into MRVMM.T_MAEM_FACTOR_DATA (ID_FACTOR,ID_DETALLE,ID_PARAMETRO,VALOR,FACTOR,FLAG_ESTADO) values ('15','87','24|25|26','4|1|3','351,238','1');
Insert into MRVMM.T_MAEM_FACTOR_DATA (ID_FACTOR,ID_DETALLE,ID_PARAMETRO,VALOR,FACTOR,FLAG_ESTADO) values ('15','88','24|25|26','4|1|4','423,5516','1');
Insert into MRVMM.T_MAEM_FACTOR_DATA (ID_FACTOR,ID_DETALLE,ID_PARAMETRO,VALOR,FACTOR,FLAG_ESTADO) values ('15','89','24|25|26','4|1|5','485,5348','1');
Insert into MRVMM.T_MAEM_FACTOR_DATA (ID_FACTOR,ID_DETALLE,ID_PARAMETRO,VALOR,FACTOR,FLAG_ESTADO) values ('15','90','24|25|26','4|1|6','568,179','1');
Insert into MRVMM.T_MAEM_FACTOR_DATA (ID_FACTOR,ID_DETALLE,ID_PARAMETRO,VALOR,FACTOR,FLAG_ESTADO) values ('15','91','24|25|26','4|1|7','619,8317','1');
Insert into MRVMM.T_MAEM_FACTOR_DATA (ID_FACTOR,ID_DETALLE,ID_PARAMETRO,VALOR,FACTOR,FLAG_ESTADO) values ('15','92','24|25|26','4|2|1','310,153','1');
Insert into MRVMM.T_MAEM_FACTOR_DATA (ID_FACTOR,ID_DETALLE,ID_PARAMETRO,VALOR,FACTOR,FLAG_ESTADO) values ('15','93','24|25|26','4|2|2','366,5445','1');
Insert into MRVMM.T_MAEM_FACTOR_DATA (ID_FACTOR,ID_DETALLE,ID_PARAMETRO,VALOR,FACTOR,FLAG_ESTADO) values ('15','94','24|25|26','4|2|3','479,3274','1');
Insert into MRVMM.T_MAEM_FACTOR_DATA (ID_FACTOR,ID_DETALLE,ID_PARAMETRO,VALOR,FACTOR,FLAG_ESTADO) values ('15','95','24|25|26','4|2|4','578,0125','1');
Insert into MRVMM.T_MAEM_FACTOR_DATA (ID_FACTOR,ID_DETALLE,ID_PARAMETRO,VALOR,FACTOR,FLAG_ESTADO) values ('15','96','24|25|26','4|2|5','662,5997','1');
Insert into MRVMM.T_MAEM_FACTOR_DATA (ID_FACTOR,ID_DETALLE,ID_PARAMETRO,VALOR,FACTOR,FLAG_ESTADO) values ('15','97','24|25|26','4|2|6','775,3826','1');
Insert into MRVMM.T_MAEM_FACTOR_DATA (ID_FACTOR,ID_DETALLE,ID_PARAMETRO,VALOR,FACTOR,FLAG_ESTADO) values ('15','98','24|25|26','4|2|7','845,8719','1');
Insert into MRVMM.T_MAEM_FACTOR_DATA (ID_FACTOR,ID_DETALLE,ID_PARAMETRO,VALOR,FACTOR,FLAG_ESTADO) values ('15','99','24|25|26','4|3|1','428,5551','1');
Insert into MRVMM.T_MAEM_FACTOR_DATA (ID_FACTOR,ID_DETALLE,ID_PARAMETRO,VALOR,FACTOR,FLAG_ESTADO) values ('15','100','24|25|26','4|3|2','506,4742','1');
Insert into MRVMM.T_MAEM_FACTOR_DATA (ID_FACTOR,ID_DETALLE,ID_PARAMETRO,VALOR,FACTOR,FLAG_ESTADO) values ('15','101','24|25|26','4|3|3','662,3124','1');
Insert into MRVMM.T_MAEM_FACTOR_DATA (ID_FACTOR,ID_DETALLE,ID_PARAMETRO,VALOR,FACTOR,FLAG_ESTADO) values ('15','102','24|25|26','4|3|4','798,6708','1');
Insert into MRVMM.T_MAEM_FACTOR_DATA (ID_FACTOR,ID_DETALLE,ID_PARAMETRO,VALOR,FACTOR,FLAG_ESTADO) values ('15','103','24|25|26','4|3|5','874,8463','1');
Insert into MRVMM.T_MAEM_FACTOR_DATA (ID_FACTOR,ID_DETALLE,ID_PARAMETRO,VALOR,FACTOR,FLAG_ESTADO) values ('15','104','24|25|26','4|3|6','1023,7563','1');
Insert into MRVMM.T_MAEM_FACTOR_DATA (ID_FACTOR,ID_DETALLE,ID_PARAMETRO,VALOR,FACTOR,FLAG_ESTADO) values ('15','105','24|25|26','4|3|7','1116,825','1');
Insert into MRVMM.T_MAEM_FACTOR_DATA (ID_FACTOR,ID_DETALLE,ID_PARAMETRO,VALOR,FACTOR,FLAG_ESTADO) values ('15','106','24|25|26','4|4|1','511,4365','1');
Insert into MRVMM.T_MAEM_FACTOR_DATA (ID_FACTOR,ID_DETALLE,ID_PARAMETRO,VALOR,FACTOR,FLAG_ESTADO) values ('15','107','24|25|26','4|4|2','604,4249','1');
Insert into MRVMM.T_MAEM_FACTOR_DATA (ID_FACTOR,ID_DETALLE,ID_PARAMETRO,VALOR,FACTOR,FLAG_ESTADO) values ('15','108','24|25|26','4|4|3','790,4018','1');
Insert into MRVMM.T_MAEM_FACTOR_DATA (ID_FACTOR,ID_DETALLE,ID_PARAMETRO,VALOR,FACTOR,FLAG_ESTADO) values ('15','109','24|25|26','4|4|4','953,1316','1');
Insert into MRVMM.T_MAEM_FACTOR_DATA (ID_FACTOR,ID_DETALLE,ID_PARAMETRO,VALOR,FACTOR,FLAG_ESTADO) values ('15','110','24|25|26','4|4|5','1092,6143','1');
Insert into MRVMM.T_MAEM_FACTOR_DATA (ID_FACTOR,ID_DETALLE,ID_PARAMETRO,VALOR,FACTOR,FLAG_ESTADO) values ('15','111','24|25|26','4|4|6','1278,5912','1');
Insert into MRVMM.T_MAEM_FACTOR_DATA (ID_FACTOR,ID_DETALLE,ID_PARAMETRO,VALOR,FACTOR,FLAG_ESTADO) values ('15','112','24|25|26','4|4|7','1394,8267','1');
Insert into MRVMM.T_MAEM_FACTOR_DATA (ID_FACTOR,ID_DETALLE,ID_PARAMETRO,VALOR,FACTOR,FLAG_ESTADO) values ('15','113','24|25|26','5|1|1','241,3708','1');
Insert into MRVMM.T_MAEM_FACTOR_DATA (ID_FACTOR,ID_DETALLE,ID_PARAMETRO,VALOR,FACTOR,FLAG_ESTADO) values ('15','114','24|25|26','5|1|2','285,2564','1');
Insert into MRVMM.T_MAEM_FACTOR_DATA (ID_FACTOR,ID_DETALLE,ID_PARAMETRO,VALOR,FACTOR,FLAG_ESTADO) values ('15','115','24|25|26','5|1|3','373,0276','1');
Insert into MRVMM.T_MAEM_FACTOR_DATA (ID_FACTOR,ID_DETALLE,ID_PARAMETRO,VALOR,FACTOR,FLAG_ESTADO) values ('15','116','24|25|26','5|1|4','449,8274','1');
Insert into MRVMM.T_MAEM_FACTOR_DATA (ID_FACTOR,ID_DETALLE,ID_PARAMETRO,VALOR,FACTOR,FLAG_ESTADO) values ('15','117','24|25|26','5|1|5','515,6558','1');
Insert into MRVMM.T_MAEM_FACTOR_DATA (ID_FACTOR,ID_DETALLE,ID_PARAMETRO,VALOR,FACTOR,FLAG_ESTADO) values ('15','118','24|25|26','5|1|6','603,427','1');
Insert into MRVMM.T_MAEM_FACTOR_DATA (ID_FACTOR,ID_DETALLE,ID_PARAMETRO,VALOR,FACTOR,FLAG_ESTADO) values ('15','119','24|25|26','5|1|7','658,284','1');
Insert into MRVMM.T_MAEM_FACTOR_DATA (ID_FACTOR,ID_DETALLE,ID_PARAMETRO,VALOR,FACTOR,FLAG_ESTADO) values ('15','120','24|25|26','5|2|1','310,6015','1');
Insert into MRVMM.T_MAEM_FACTOR_DATA (ID_FACTOR,ID_DETALLE,ID_PARAMETRO,VALOR,FACTOR,FLAG_ESTADO) values ('15','121','24|25|26','5|2|2','367,0745','1');
Insert into MRVMM.T_MAEM_FACTOR_DATA (ID_FACTOR,ID_DETALLE,ID_PARAMETRO,VALOR,FACTOR,FLAG_ESTADO) values ('15','122','24|25|26','5|2|3','480,0205','1');
Insert into MRVMM.T_MAEM_FACTOR_DATA (ID_FACTOR,ID_DETALLE,ID_PARAMETRO,VALOR,FACTOR,FLAG_ESTADO) values ('15','123','24|25|26','5|2|4','578,8483','1');
Insert into MRVMM.T_MAEM_FACTOR_DATA (ID_FACTOR,ID_DETALLE,ID_PARAMETRO,VALOR,FACTOR,FLAG_ESTADO) values ('15','124','24|25|26','5|2|5','663,5578','1');
Insert into MRVMM.T_MAEM_FACTOR_DATA (ID_FACTOR,ID_DETALLE,ID_PARAMETRO,VALOR,FACTOR,FLAG_ESTADO) values ('15','125','24|25|26','5|2|6','776,5038','1');
Insert into MRVMM.T_MAEM_FACTOR_DATA (ID_FACTOR,ID_DETALLE,ID_PARAMETRO,VALOR,FACTOR,FLAG_ESTADO) values ('15','126','24|25|26','5|2|7','847,095','1');
Insert into MRVMM.T_MAEM_FACTOR_DATA (ID_FACTOR,ID_DETALLE,ID_PARAMETRO,VALOR,FACTOR,FLAG_ESTADO) values ('15','127','24|25|26','5|3|1','409,5025','1');
Insert into MRVMM.T_MAEM_FACTOR_DATA (ID_FACTOR,ID_DETALLE,ID_PARAMETRO,VALOR,FACTOR,FLAG_ESTADO) values ('15','128','24|25|26','5|3|2','483,9575','1');
Insert into MRVMM.T_MAEM_FACTOR_DATA (ID_FACTOR,ID_DETALLE,ID_PARAMETRO,VALOR,FACTOR,FLAG_ESTADO) values ('15','129','24|25|26','5|3|3','632,8675','1');
Insert into MRVMM.T_MAEM_FACTOR_DATA (ID_FACTOR,ID_DETALLE,ID_PARAMETRO,VALOR,FACTOR,FLAG_ESTADO) values ('15','130','24|25|26','5|3|4','763,1638','1');
Insert into MRVMM.T_MAEM_FACTOR_DATA (ID_FACTOR,ID_DETALLE,ID_PARAMETRO,VALOR,FACTOR,FLAG_ESTADO) values ('15','131','24|25|26','5|3|5','874,8463','1');
Insert into MRVMM.T_MAEM_FACTOR_DATA (ID_FACTOR,ID_DETALLE,ID_PARAMETRO,VALOR,FACTOR,FLAG_ESTADO) values ('15','132','24|25|26','5|3|6','1023,7563','1');
Insert into MRVMM.T_MAEM_FACTOR_DATA (ID_FACTOR,ID_DETALLE,ID_PARAMETRO,VALOR,FACTOR,FLAG_ESTADO) values ('15','133','24|25|26','5|3|7','1116,825','1');
Insert into MRVMM.T_MAEM_FACTOR_DATA (ID_FACTOR,ID_DETALLE,ID_PARAMETRO,VALOR,FACTOR,FLAG_ESTADO) values ('15','134','24|25|26','5|4|1','478,7332','1');
Insert into MRVMM.T_MAEM_FACTOR_DATA (ID_FACTOR,ID_DETALLE,ID_PARAMETRO,VALOR,FACTOR,FLAG_ESTADO) values ('15','135','24|25|26','5|4|2','565,7756','1');
Insert into MRVMM.T_MAEM_FACTOR_DATA (ID_FACTOR,ID_DETALLE,ID_PARAMETRO,VALOR,FACTOR,FLAG_ESTADO) values ('15','136','24|25|26','5|4|3','739,8604','1');
Insert into MRVMM.T_MAEM_FACTOR_DATA (ID_FACTOR,ID_DETALLE,ID_PARAMETRO,VALOR,FACTOR,FLAG_ESTADO) values ('15','137','24|25|26','5|4|4','892,1846','1');
Insert into MRVMM.T_MAEM_FACTOR_DATA (ID_FACTOR,ID_DETALLE,ID_PARAMETRO,VALOR,FACTOR,FLAG_ESTADO) values ('15','138','24|25|26','5|4|5','1022,7482','1');
Insert into MRVMM.T_MAEM_FACTOR_DATA (ID_FACTOR,ID_DETALLE,ID_PARAMETRO,VALOR,FACTOR,FLAG_ESTADO) values ('15','139','24|25|26','5|4|6','1196,833','1');
Insert into MRVMM.T_MAEM_FACTOR_DATA (ID_FACTOR,ID_DETALLE,ID_PARAMETRO,VALOR,FACTOR,FLAG_ESTADO) values ('15','140','24|25|26','5|4|7','1305,636','1');
Insert into MRVMM.T_MAEM_FACTOR_DATA (ID_FACTOR,ID_DETALLE,ID_PARAMETRO,VALOR,FACTOR,FLAG_ESTADO) values ('15','141','24|25|26','6|1|1','352,9191','1');
Insert into MRVMM.T_MAEM_FACTOR_DATA (ID_FACTOR,ID_DETALLE,ID_PARAMETRO,VALOR,FACTOR,FLAG_ESTADO) values ('15','142','24|25|26','6|1|2','417,0862','1');
Insert into MRVMM.T_MAEM_FACTOR_DATA (ID_FACTOR,ID_DETALLE,ID_PARAMETRO,VALOR,FACTOR,FLAG_ESTADO) values ('15','143','24|25|26','6|1|3','545,4204','1');
Insert into MRVMM.T_MAEM_FACTOR_DATA (ID_FACTOR,ID_DETALLE,ID_PARAMETRO,VALOR,FACTOR,FLAG_ESTADO) values ('1','1','1|3','1|1','187,3581','1');
Insert into MRVMM.T_MAEM_FACTOR_DATA (ID_FACTOR,ID_DETALLE,ID_PARAMETRO,VALOR,FACTOR,FLAG_ESTADO) values ('1','2','1|3','1|2','174,6961','1');
Insert into MRVMM.T_MAEM_FACTOR_DATA (ID_FACTOR,ID_DETALLE,ID_PARAMETRO,VALOR,FACTOR,FLAG_ESTADO) values ('1','3','1|3','1|3','178,9342','1');
Insert into MRVMM.T_MAEM_FACTOR_DATA (ID_FACTOR,ID_DETALLE,ID_PARAMETRO,VALOR,FACTOR,FLAG_ESTADO) values ('1','4','1|3','2|1','773,781','1');
Insert into MRVMM.T_MAEM_FACTOR_DATA (ID_FACTOR,ID_DETALLE,ID_PARAMETRO,VALOR,FACTOR,FLAG_ESTADO) values ('1','5','1|3','2|4','595,4578','1');
Insert into MRVMM.T_MAEM_FACTOR_DATA (ID_FACTOR,ID_DETALLE,ID_PARAMETRO,VALOR,FACTOR,FLAG_ESTADO) values ('1','6','1|3','3|1','1315,4277','1');
Insert into MRVMM.T_MAEM_FACTOR_DATA (ID_FACTOR,ID_DETALLE,ID_PARAMETRO,VALOR,FACTOR,FLAG_ESTADO) values ('1','7','1|3','3|4','961,6102','1');
Insert into MRVMM.T_MAEM_FACTOR_DATA (ID_FACTOR,ID_DETALLE,ID_PARAMETRO,VALOR,FACTOR,FLAG_ESTADO) values ('1','8','1|3','4|1','1897,9984','1');
Insert into MRVMM.T_MAEM_FACTOR_DATA (ID_FACTOR,ID_DETALLE,ID_PARAMETRO,VALOR,FACTOR,FLAG_ESTADO) values ('1','9','1|3','4|1','1555,1723','1');
Insert into MRVMM.T_MAEM_FACTOR_DATA (ID_FACTOR,ID_DETALLE,ID_PARAMETRO,VALOR,FACTOR,FLAG_ESTADO) values ('1','10','1|3','5|3','96,6146','1');
Insert into MRVMM.T_MAEM_FACTOR_DATA (ID_FACTOR,ID_DETALLE,ID_PARAMETRO,VALOR,FACTOR,FLAG_ESTADO) values ('1','11','1|3','6|3','64,4097','1');
Insert into MRVMM.T_MAEM_FACTOR_DATA (ID_FACTOR,ID_DETALLE,ID_PARAMETRO,VALOR,FACTOR,FLAG_ESTADO) values ('2','1','6','2010','0,104','1');
Insert into MRVMM.T_MAEM_FACTOR_DATA (ID_FACTOR,ID_DETALLE,ID_PARAMETRO,VALOR,FACTOR,FLAG_ESTADO) values ('2','2','6','2011','0,108','1');
Insert into MRVMM.T_MAEM_FACTOR_DATA (ID_FACTOR,ID_DETALLE,ID_PARAMETRO,VALOR,FACTOR,FLAG_ESTADO) values ('2','3','6','2012','0,109','1');
Insert into MRVMM.T_MAEM_FACTOR_DATA (ID_FACTOR,ID_DETALLE,ID_PARAMETRO,VALOR,FACTOR,FLAG_ESTADO) values ('2','4','6','2013','0,109','1');
Insert into MRVMM.T_MAEM_FACTOR_DATA (ID_FACTOR,ID_DETALLE,ID_PARAMETRO,VALOR,FACTOR,FLAG_ESTADO) values ('2','5','6','2014','0,111','1');
Insert into MRVMM.T_MAEM_FACTOR_DATA (ID_FACTOR,ID_DETALLE,ID_PARAMETRO,VALOR,FACTOR,FLAG_ESTADO) values ('2','6','6','2015','0,113','1');
Insert into MRVMM.T_MAEM_FACTOR_DATA (ID_FACTOR,ID_DETALLE,ID_PARAMETRO,VALOR,FACTOR,FLAG_ESTADO) values ('2','7','6','2016','0,109','1');
Insert into MRVMM.T_MAEM_FACTOR_DATA (ID_FACTOR,ID_DETALLE,ID_PARAMETRO,VALOR,FACTOR,FLAG_ESTADO) values ('2','8','6','2017','0,108','1');
Insert into MRVMM.T_MAEM_FACTOR_DATA (ID_FACTOR,ID_DETALLE,ID_PARAMETRO,VALOR,FACTOR,FLAG_ESTADO) values ('2','9','6','2018','0,108','1');
Insert into MRVMM.T_MAEM_FACTOR_DATA (ID_FACTOR,ID_DETALLE,ID_PARAMETRO,VALOR,FACTOR,FLAG_ESTADO) values ('2','10','6','2019','0,108','1');
Insert into MRVMM.T_MAEM_FACTOR_DATA (ID_FACTOR,ID_DETALLE,ID_PARAMETRO,VALOR,FACTOR,FLAG_ESTADO) values ('3','1','1','1','0,1629','1');
Insert into MRVMM.T_MAEM_FACTOR_DATA (ID_FACTOR,ID_DETALLE,ID_PARAMETRO,VALOR,FACTOR,FLAG_ESTADO) values ('3','2','1','2','1,1','1');
Insert into MRVMM.T_MAEM_FACTOR_DATA (ID_FACTOR,ID_DETALLE,ID_PARAMETRO,VALOR,FACTOR,FLAG_ESTADO) values ('3','3','1','3','11,765','1');
Insert into MRVMM.T_MAEM_FACTOR_DATA (ID_FACTOR,ID_DETALLE,ID_PARAMETRO,VALOR,FACTOR,FLAG_ESTADO) values ('3','4','1','4','0,76','1');
Insert into MRVMM.T_MAEM_FACTOR_DATA (ID_FACTOR,ID_DETALLE,ID_PARAMETRO,VALOR,FACTOR,FLAG_ESTADO) values ('3','5','1','5','0,0543','1');
Insert into MRVMM.T_MAEM_FACTOR_DATA (ID_FACTOR,ID_DETALLE,ID_PARAMETRO,VALOR,FACTOR,FLAG_ESTADO) values ('3','6','1','6','0,0271','1');
Insert into MRVMM.T_MAEM_FACTOR_DATA (ID_FACTOR,ID_DETALLE,ID_PARAMETRO,VALOR,FACTOR,FLAG_ESTADO) values ('4','1','6','2010','0,2404','1');
Insert into MRVMM.T_MAEM_FACTOR_DATA (ID_FACTOR,ID_DETALLE,ID_PARAMETRO,VALOR,FACTOR,FLAG_ESTADO) values ('4','2','6','2011','0,2302','1');
Insert into MRVMM.T_MAEM_FACTOR_DATA (ID_FACTOR,ID_DETALLE,ID_PARAMETRO,VALOR,FACTOR,FLAG_ESTADO) values ('4','3','6','2012','0,2243','1');
Insert into MRVMM.T_MAEM_FACTOR_DATA (ID_FACTOR,ID_DETALLE,ID_PARAMETRO,VALOR,FACTOR,FLAG_ESTADO) values ('4','4','6','2013','0,2091','1');
Insert into MRVMM.T_MAEM_FACTOR_DATA (ID_FACTOR,ID_DETALLE,ID_PARAMETRO,VALOR,FACTOR,FLAG_ESTADO) values ('4','5','6','2014','0,2066','1');
Insert into MRVMM.T_MAEM_FACTOR_DATA (ID_FACTOR,ID_DETALLE,ID_PARAMETRO,VALOR,FACTOR,FLAG_ESTADO) values ('4','6','6','2015','0,2026','1');
Insert into MRVMM.T_MAEM_FACTOR_DATA (ID_FACTOR,ID_DETALLE,ID_PARAMETRO,VALOR,FACTOR,FLAG_ESTADO) values ('4','7','6','2016','0,2221','1');
Insert into MRVMM.T_MAEM_FACTOR_DATA (ID_FACTOR,ID_DETALLE,ID_PARAMETRO,VALOR,FACTOR,FLAG_ESTADO) values ('4','8','6','2017','0,1844','1');
Insert into MRVMM.T_MAEM_FACTOR_DATA (ID_FACTOR,ID_DETALLE,ID_PARAMETRO,VALOR,FACTOR,FLAG_ESTADO) values ('4','9','6','2018','0,1511','1');
Insert into MRVMM.T_MAEM_FACTOR_DATA (ID_FACTOR,ID_DETALLE,ID_PARAMETRO,VALOR,FACTOR,FLAG_ESTADO) values ('4','10','6','2019','0,1511','1');
Insert into MRVMM.T_MAEM_FACTOR_DATA (ID_FACTOR,ID_DETALLE,ID_PARAMETRO,VALOR,FACTOR,FLAG_ESTADO) values ('5','1','1|3|6','1|1|2018','11,346','1');
Insert into MRVMM.T_MAEM_FACTOR_DATA (ID_FACTOR,ID_DETALLE,ID_PARAMETRO,VALOR,FACTOR,FLAG_ESTADO) values ('5','2','1|3|6','1|2|2018','9,7391','1');
Insert into MRVMM.T_MAEM_FACTOR_DATA (ID_FACTOR,ID_DETALLE,ID_PARAMETRO,VALOR,FACTOR,FLAG_ESTADO) values ('5','3','1|3|6','1|3|2018','43,1956','1');
Insert into MRVMM.T_MAEM_FACTOR_DATA (ID_FACTOR,ID_DETALLE,ID_PARAMETRO,VALOR,FACTOR,FLAG_ESTADO) values ('5','4','1|3|6','2|1|2018','2,7472','1');
Insert into MRVMM.T_MAEM_FACTOR_DATA (ID_FACTOR,ID_DETALLE,ID_PARAMETRO,VALOR,FACTOR,FLAG_ESTADO) values ('5','5','1|3|6','2|4|2018','16,1927','1');
Insert into MRVMM.T_MAEM_FACTOR_DATA (ID_FACTOR,ID_DETALLE,ID_PARAMETRO,VALOR,FACTOR,FLAG_ESTADO) values ('5','6','1|3|6','3|1|2018','1,616','1');
Insert into MRVMM.T_MAEM_FACTOR_DATA (ID_FACTOR,ID_DETALLE,ID_PARAMETRO,VALOR,FACTOR,FLAG_ESTADO) values ('5','7','1|3|6','3|4|2018','10,027','1');
Insert into MRVMM.T_MAEM_FACTOR_DATA (ID_FACTOR,ID_DETALLE,ID_PARAMETRO,VALOR,FACTOR,FLAG_ESTADO) values ('5','8','1|3|6','4|1|2018','1,12','1');
Insert into MRVMM.T_MAEM_FACTOR_DATA (ID_FACTOR,ID_DETALLE,ID_PARAMETRO,VALOR,FACTOR,FLAG_ESTADO) values ('5','9','1|3|6','4|4|2018','6,2','1');
Insert into MRVMM.T_MAEM_FACTOR_DATA (ID_FACTOR,ID_DETALLE,ID_PARAMETRO,VALOR,FACTOR,FLAG_ESTADO) values ('5','10','1|3|6','5|3|2018','80','1');
Insert into MRVMM.T_MAEM_FACTOR_DATA (ID_FACTOR,ID_DETALLE,ID_PARAMETRO,VALOR,FACTOR,FLAG_ESTADO) values ('5','11','1|3|6','6|3|2018','120','1');
Insert into MRVMM.T_MAEM_FACTOR_DATA (ID_FACTOR,ID_DETALLE,ID_PARAMETRO,VALOR,FACTOR,FLAG_ESTADO) values ('6','1','1|6','1|2018','0,0276','1');
Insert into MRVMM.T_MAEM_FACTOR_DATA (ID_FACTOR,ID_DETALLE,ID_PARAMETRO,VALOR,FACTOR,FLAG_ESTADO) values ('6','2','1|6','1|2019','0,0276','1');
Insert into MRVMM.T_MAEM_FACTOR_DATA (ID_FACTOR,ID_DETALLE,ID_PARAMETRO,VALOR,FACTOR,FLAG_ESTADO) values ('6','3','1|6','3|2018','0,1993','1');
Insert into MRVMM.T_MAEM_FACTOR_DATA (ID_FACTOR,ID_DETALLE,ID_PARAMETRO,VALOR,FACTOR,FLAG_ESTADO) values ('6','4','1|6','3|2019','0,1993','1');
Insert into MRVMM.T_MAEM_FACTOR_DATA (ID_FACTOR,ID_DETALLE,ID_PARAMETRO,VALOR,FACTOR,FLAG_ESTADO) values ('6','5','1|6','4|2018','0,1288','1');
Insert into MRVMM.T_MAEM_FACTOR_DATA (ID_FACTOR,ID_DETALLE,ID_PARAMETRO,VALOR,FACTOR,FLAG_ESTADO) values ('6','6','1|6','4|2019','0,1288','1');
Insert into MRVMM.T_MAEM_FACTOR_DATA (ID_FACTOR,ID_DETALLE,ID_PARAMETRO,VALOR,FACTOR,FLAG_ESTADO) values ('6','7','1|6','5|2018','0,0092','1');
Insert into MRVMM.T_MAEM_FACTOR_DATA (ID_FACTOR,ID_DETALLE,ID_PARAMETRO,VALOR,FACTOR,FLAG_ESTADO) values ('6','8','1|6','5|2019','0,0092','1');
Insert into MRVMM.T_MAEM_FACTOR_DATA (ID_FACTOR,ID_DETALLE,ID_PARAMETRO,VALOR,FACTOR,FLAG_ESTADO) values ('6','9','1|6','6|2018','0,0461','1');
Insert into MRVMM.T_MAEM_FACTOR_DATA (ID_FACTOR,ID_DETALLE,ID_PARAMETRO,VALOR,FACTOR,FLAG_ESTADO) values ('6','10','1|6','6|2019','0,0461','1');
Insert into MRVMM.T_MAEM_FACTOR_DATA (ID_FACTOR,ID_DETALLE,ID_PARAMETRO,VALOR,FACTOR,FLAG_ESTADO) values ('6','11','1|6','2|2018','0,1864','1');
Insert into MRVMM.T_MAEM_FACTOR_DATA (ID_FACTOR,ID_DETALLE,ID_PARAMETRO,VALOR,FACTOR,FLAG_ESTADO) values ('6','12','1|6','2|2019','0,1864','1');
Insert into MRVMM.T_MAEM_FACTOR_DATA (ID_FACTOR,ID_DETALLE,ID_PARAMETRO,VALOR,FACTOR,FLAG_ESTADO) values ('15','144','24|25|26','6|1|4','657,7128','1');
Insert into MRVMM.T_MAEM_FACTOR_DATA (ID_FACTOR,ID_DETALLE,ID_PARAMETRO,VALOR,FACTOR,FLAG_ESTADO) values ('15','145','24|25|26','6|1|5','753,9635','1');
Insert into MRVMM.T_MAEM_FACTOR_DATA (ID_FACTOR,ID_DETALLE,ID_PARAMETRO,VALOR,FACTOR,FLAG_ESTADO) values ('15','146','24|25|26','6|1|6','882,2977','1');
Insert into MRVMM.T_MAEM_FACTOR_DATA (ID_FACTOR,ID_DETALLE,ID_PARAMETRO,VALOR,FACTOR,FLAG_ESTADO) values ('15','147','24|25|26','6|1|7','962,5066','1');
Insert into MRVMM.T_MAEM_FACTOR_DATA (ID_FACTOR,ID_DETALLE,ID_PARAMETRO,VALOR,FACTOR,FLAG_ESTADO) values ('15','148','24|25|26','6|2|1','491,842','1');
Insert into MRVMM.T_MAEM_FACTOR_DATA (ID_FACTOR,ID_DETALLE,ID_PARAMETRO,VALOR,FACTOR,FLAG_ESTADO) values ('15','149','24|25|26','6|2|2','581,2678','1');
Insert into MRVMM.T_MAEM_FACTOR_DATA (ID_FACTOR,ID_DETALLE,ID_PARAMETRO,VALOR,FACTOR,FLAG_ESTADO) values ('15','150','24|25|26','6|2|3','760,1195','1');
Insert into MRVMM.T_MAEM_FACTOR_DATA (ID_FACTOR,ID_DETALLE,ID_PARAMETRO,VALOR,FACTOR,FLAG_ESTADO) values ('15','151','24|25|26','6|2|4','916,6147','1');
Insert into MRVMM.T_MAEM_FACTOR_DATA (ID_FACTOR,ID_DETALLE,ID_PARAMETRO,VALOR,FACTOR,FLAG_ESTADO) values ('15','152','24|25|26','6|2|5','1050,7534','1');
Insert into MRVMM.T_MAEM_FACTOR_DATA (ID_FACTOR,ID_DETALLE,ID_PARAMETRO,VALOR,FACTOR,FLAG_ESTADO) values ('15','153','24|25|26','6|2|6','1229,605','1');
Insert into MRVMM.T_MAEM_FACTOR_DATA (ID_FACTOR,ID_DETALLE,ID_PARAMETRO,VALOR,FACTOR,FLAG_ESTADO) values ('15','154','24|25|26','6|2|7','1341,3873','1');
Insert into MRVMM.T_MAEM_FACTOR_DATA (ID_FACTOR,ID_DETALLE,ID_PARAMETRO,VALOR,FACTOR,FLAG_ESTADO) values ('15','155','24|25|26','6|3|1','690,3034','1');
Insert into MRVMM.T_MAEM_FACTOR_DATA (ID_FACTOR,ID_DETALLE,ID_PARAMETRO,VALOR,FACTOR,FLAG_ESTADO) values ('15','156','24|25|26','6|3|2','815,8131','1');
Insert into MRVMM.T_MAEM_FACTOR_DATA (ID_FACTOR,ID_DETALLE,ID_PARAMETRO,VALOR,FACTOR,FLAG_ESTADO) values ('15','157','24|25|26','6|3|3','1066,8325','1');
Insert into MRVMM.T_MAEM_FACTOR_DATA (ID_FACTOR,ID_DETALLE,ID_PARAMETRO,VALOR,FACTOR,FLAG_ESTADO) values ('15','158','24|25|26','6|3|4','1286,4744','1');
Insert into MRVMM.T_MAEM_FACTOR_DATA (ID_FACTOR,ID_DETALLE,ID_PARAMETRO,VALOR,FACTOR,FLAG_ESTADO) values ('15','159','24|25|26','6|3|5','1474,739','1');
Insert into MRVMM.T_MAEM_FACTOR_DATA (ID_FACTOR,ID_DETALLE,ID_PARAMETRO,VALOR,FACTOR,FLAG_ESTADO) values ('15','160','24|25|26','6|3|6','1725,7584','1');
Insert into MRVMM.T_MAEM_FACTOR_DATA (ID_FACTOR,ID_DETALLE,ID_PARAMETRO,VALOR,FACTOR,FLAG_ESTADO) values ('15','161','24|25|26','6|3|7','1882,6455','1');
Insert into MRVMM.T_MAEM_FACTOR_DATA (ID_FACTOR,ID_DETALLE,ID_PARAMETRO,VALOR,FACTOR,FLAG_ESTADO) values ('15','162','24|25|26','6|4|1','829,2263','1');
Insert into MRVMM.T_MAEM_FACTOR_DATA (ID_FACTOR,ID_DETALLE,ID_PARAMETRO,VALOR,FACTOR,FLAG_ESTADO) values ('15','163','24|25|26','6|4|2','979,9947','1');
Insert into MRVMM.T_MAEM_FACTOR_DATA (ID_FACTOR,ID_DETALLE,ID_PARAMETRO,VALOR,FACTOR,FLAG_ESTADO) values ('15','164','24|25|26','6|4|3','1281,5315','1');
Insert into MRVMM.T_MAEM_FACTOR_DATA (ID_FACTOR,ID_DETALLE,ID_PARAMETRO,VALOR,FACTOR,FLAG_ESTADO) values ('15','165','24|25|26','6|4|4','1545,3763','1');
Insert into MRVMM.T_MAEM_FACTOR_DATA (ID_FACTOR,ID_DETALLE,ID_PARAMETRO,VALOR,FACTOR,FLAG_ESTADO) values ('15','166','24|25|26','6|4|5','1771,5289','1');
Insert into MRVMM.T_MAEM_FACTOR_DATA (ID_FACTOR,ID_DETALLE,ID_PARAMETRO,VALOR,FACTOR,FLAG_ESTADO) values ('15','167','24|25|26','6|4|6','2073,0657','1');
Insert into MRVMM.T_MAEM_FACTOR_DATA (ID_FACTOR,ID_DETALLE,ID_PARAMETRO,VALOR,FACTOR,FLAG_ESTADO) values ('15','168','24|25|26','6|4|7','2261,5262','1');
Insert into MRVMM.T_MAEM_FACTOR_DATA (ID_FACTOR,ID_DETALLE,ID_PARAMETRO,VALOR,FACTOR,FLAG_ESTADO) values ('15','169','24|25|26','7|1|1','286,4576','1');
Insert into MRVMM.T_MAEM_FACTOR_DATA (ID_FACTOR,ID_DETALLE,ID_PARAMETRO,VALOR,FACTOR,FLAG_ESTADO) values ('15','170','24|25|26','7|1|2','338,5408','1');
Insert into MRVMM.T_MAEM_FACTOR_DATA (ID_FACTOR,ID_DETALLE,ID_PARAMETRO,VALOR,FACTOR,FLAG_ESTADO) values ('15','171','24|25|26','7|1|3','442,7072','1');
Insert into MRVMM.T_MAEM_FACTOR_DATA (ID_FACTOR,ID_DETALLE,ID_PARAMETRO,VALOR,FACTOR,FLAG_ESTADO) values ('15','172','24|25|26','7|1|4','533,8528','1');
Insert into MRVMM.T_MAEM_FACTOR_DATA (ID_FACTOR,ID_DETALLE,ID_PARAMETRO,VALOR,FACTOR,FLAG_ESTADO) values ('15','173','24|25|26','7|1|5','611,9776','1');
Insert into MRVMM.T_MAEM_FACTOR_DATA (ID_FACTOR,ID_DETALLE,ID_PARAMETRO,VALOR,FACTOR,FLAG_ESTADO) values ('15','174','24|25|26','7|1|6','716,144','1');
Insert into MRVMM.T_MAEM_FACTOR_DATA (ID_FACTOR,ID_DETALLE,ID_PARAMETRO,VALOR,FACTOR,FLAG_ESTADO) values ('15','175','24|25|26','7|1|7','781,248','1');
Insert into MRVMM.T_MAEM_FACTOR_DATA (ID_FACTOR,ID_DETALLE,ID_PARAMETRO,VALOR,FACTOR,FLAG_ESTADO) values ('15','176','24|25|26','7|2|1','367,2268','1');
Insert into MRVMM.T_MAEM_FACTOR_DATA (ID_FACTOR,ID_DETALLE,ID_PARAMETRO,VALOR,FACTOR,FLAG_ESTADO) values ('15','177','24|25|26','7|2|2','433,9953','1');
Insert into MRVMM.T_MAEM_FACTOR_DATA (ID_FACTOR,ID_DETALLE,ID_PARAMETRO,VALOR,FACTOR,FLAG_ESTADO) values ('15','178','24|25|26','7|2|3','567,5323','1');
Insert into MRVMM.T_MAEM_FACTOR_DATA (ID_FACTOR,ID_DETALLE,ID_PARAMETRO,VALOR,FACTOR,FLAG_ESTADO) values ('15','179','24|25|26','7|2|4','684,3771','1');
Insert into MRVMM.T_MAEM_FACTOR_DATA (ID_FACTOR,ID_DETALLE,ID_PARAMETRO,VALOR,FACTOR,FLAG_ESTADO) values ('15','180','24|25|26','7|2|5','784,5299','1');
Insert into MRVMM.T_MAEM_FACTOR_DATA (ID_FACTOR,ID_DETALLE,ID_PARAMETRO,VALOR,FACTOR,FLAG_ESTADO) values ('15','181','24|25|26','7|2|6','918,0669','1');
Insert into MRVMM.T_MAEM_FACTOR_DATA (ID_FACTOR,ID_DETALLE,ID_PARAMETRO,VALOR,FACTOR,FLAG_ESTADO) values ('15','182','24|25|26','7|2|7','1001,5275','1');
Insert into MRVMM.T_MAEM_FACTOR_DATA (ID_FACTOR,ID_DETALLE,ID_PARAMETRO,VALOR,FACTOR,FLAG_ESTADO) values ('15','183','24|25|26','7|3|1','482,6113','1');
Insert into MRVMM.T_MAEM_FACTOR_DATA (ID_FACTOR,ID_DETALLE,ID_PARAMETRO,VALOR,FACTOR,FLAG_ESTADO) values ('15','184','24|25|26','7|3|2','570,3588','1');
Insert into MRVMM.T_MAEM_FACTOR_DATA (ID_FACTOR,ID_DETALLE,ID_PARAMETRO,VALOR,FACTOR,FLAG_ESTADO) values ('15','185','24|25|26','7|3|3','745,8538','1');
Insert into MRVMM.T_MAEM_FACTOR_DATA (ID_FACTOR,ID_DETALLE,ID_PARAMETRO,VALOR,FACTOR,FLAG_ESTADO) values ('15','186','24|25|26','7|3|4','899,4119','1');
Insert into MRVMM.T_MAEM_FACTOR_DATA (ID_FACTOR,ID_DETALLE,ID_PARAMETRO,VALOR,FACTOR,FLAG_ESTADO) values ('15','187','24|25|26','7|3|5','1031,0331','1');
Insert into MRVMM.T_MAEM_FACTOR_DATA (ID_FACTOR,ID_DETALLE,ID_PARAMETRO,VALOR,FACTOR,FLAG_ESTADO) values ('15','188','24|25|26','7|3|6','1206,5281','1');
Insert into MRVMM.T_MAEM_FACTOR_DATA (ID_FACTOR,ID_DETALLE,ID_PARAMETRO,VALOR,FACTOR,FLAG_ESTADO) values ('15','189','24|25|26','7|3|7','1316,2125','1');
Insert into MRVMM.T_MAEM_FACTOR_DATA (ID_FACTOR,ID_DETALLE,ID_PARAMETRO,VALOR,FACTOR,FLAG_ESTADO) values ('15','190','24|25|26','7|4|1','563,3804','1');
Insert into MRVMM.T_MAEM_FACTOR_DATA (ID_FACTOR,ID_DETALLE,ID_PARAMETRO,VALOR,FACTOR,FLAG_ESTADO) values ('15','191','24|25|26','7|4|2','665,8132','1');
Insert into MRVMM.T_MAEM_FACTOR_DATA (ID_FACTOR,ID_DETALLE,ID_PARAMETRO,VALOR,FACTOR,FLAG_ESTADO) values ('15','192','24|25|26','7|4|3','870,6788','1');
Insert into MRVMM.T_MAEM_FACTOR_DATA (ID_FACTOR,ID_DETALLE,ID_PARAMETRO,VALOR,FACTOR,FLAG_ESTADO) values ('15','193','24|25|26','7|4|4','1049,9362','1');
Insert into MRVMM.T_MAEM_FACTOR_DATA (ID_FACTOR,ID_DETALLE,ID_PARAMETRO,VALOR,FACTOR,FLAG_ESTADO) values ('15','194','24|25|26','7|4|5','1203,5854','1');
Insert into MRVMM.T_MAEM_FACTOR_DATA (ID_FACTOR,ID_DETALLE,ID_PARAMETRO,VALOR,FACTOR,FLAG_ESTADO) values ('15','195','24|25|26','7|4|6','1408,451','1');
Insert into MRVMM.T_MAEM_FACTOR_DATA (ID_FACTOR,ID_DETALLE,ID_PARAMETRO,VALOR,FACTOR,FLAG_ESTADO) values ('15','196','24|25|26','7|4|7','1536,492','1');
Insert into MRVMM.T_MAEM_FACTOR_DATA (ID_FACTOR,ID_DETALLE,ID_PARAMETRO,VALOR,FACTOR,FLAG_ESTADO) values ('11','1','6','2010','0,598','1');
Insert into MRVMM.T_MAEM_FACTOR_DATA (ID_FACTOR,ID_DETALLE,ID_PARAMETRO,VALOR,FACTOR,FLAG_ESTADO) values ('11','2','6','2011','0,6193','1');
Insert into MRVMM.T_MAEM_FACTOR_DATA (ID_FACTOR,ID_DETALLE,ID_PARAMETRO,VALOR,FACTOR,FLAG_ESTADO) values ('11','3','6','2012','0,6271','1');
Insert into MRVMM.T_MAEM_FACTOR_DATA (ID_FACTOR,ID_DETALLE,ID_PARAMETRO,VALOR,FACTOR,FLAG_ESTADO) values ('11','4','6','2013','0,6271','1');
Insert into MRVMM.T_MAEM_FACTOR_DATA (ID_FACTOR,ID_DETALLE,ID_PARAMETRO,VALOR,FACTOR,FLAG_ESTADO) values ('11','5','6','2014','0,6271','1');
Insert into MRVMM.T_MAEM_FACTOR_DATA (ID_FACTOR,ID_DETALLE,ID_PARAMETRO,VALOR,FACTOR,FLAG_ESTADO) values ('11','6','6','2015','0,6271','1');
Insert into MRVMM.T_MAEM_FACTOR_DATA (ID_FACTOR,ID_DETALLE,ID_PARAMETRO,VALOR,FACTOR,FLAG_ESTADO) values ('11','7','6','2016','0,4119','1');
Insert into MRVMM.T_MAEM_FACTOR_DATA (ID_FACTOR,ID_DETALLE,ID_PARAMETRO,VALOR,FACTOR,FLAG_ESTADO) values ('11','8','6','2017','0,4119','1');
Insert into MRVMM.T_MAEM_FACTOR_DATA (ID_FACTOR,ID_DETALLE,ID_PARAMETRO,VALOR,FACTOR,FLAG_ESTADO) values ('11','9','6','2018','0,4119','1');
Insert into MRVMM.T_MAEM_FACTOR_DATA (ID_FACTOR,ID_DETALLE,ID_PARAMETRO,VALOR,FACTOR,FLAG_ESTADO) values ('11','10','6','2019','0,4119','1');
Insert into MRVMM.T_MAEM_FACTOR_DATA (ID_FACTOR,ID_DETALLE,ID_PARAMETRO,VALOR,FACTOR,FLAG_ESTADO) values ('11','11','6','2020','0,4119','1');
Insert into MRVMM.T_MAEM_FACTOR_DATA (ID_FACTOR,ID_DETALLE,ID_PARAMETRO,VALOR,FACTOR,FLAG_ESTADO) values ('11','12','6','2021','0,4119','1');
Insert into MRVMM.T_MAEM_FACTOR_DATA (ID_FACTOR,ID_DETALLE,ID_PARAMETRO,VALOR,FACTOR,FLAG_ESTADO) values ('11','13','6','2022','0,4119','1');
Insert into MRVMM.T_MAEM_FACTOR_DATA (ID_FACTOR,ID_DETALLE,ID_PARAMETRO,VALOR,FACTOR,FLAG_ESTADO) values ('11','14','6','2023','0,4119','1');
Insert into MRVMM.T_MAEM_FACTOR_DATA (ID_FACTOR,ID_DETALLE,ID_PARAMETRO,VALOR,FACTOR,FLAG_ESTADO) values ('11','15','6','2024','0,4119','1');
Insert into MRVMM.T_MAEM_FACTOR_DATA (ID_FACTOR,ID_DETALLE,ID_PARAMETRO,VALOR,FACTOR,FLAG_ESTADO) values ('11','16','6','2025','0,4119','1');
Insert into MRVMM.T_MAEM_FACTOR_DATA (ID_FACTOR,ID_DETALLE,ID_PARAMETRO,VALOR,FACTOR,FLAG_ESTADO) values ('11','17','6','2026','0,4119','1');
Insert into MRVMM.T_MAEM_FACTOR_DATA (ID_FACTOR,ID_DETALLE,ID_PARAMETRO,VALOR,FACTOR,FLAG_ESTADO) values ('11','18','6','2027','0,4119','1');
Insert into MRVMM.T_MAEM_FACTOR_DATA (ID_FACTOR,ID_DETALLE,ID_PARAMETRO,VALOR,FACTOR,FLAG_ESTADO) values ('11','19','6','2028','0,4119','1');
Insert into MRVMM.T_MAEM_FACTOR_DATA (ID_FACTOR,ID_DETALLE,ID_PARAMETRO,VALOR,FACTOR,FLAG_ESTADO) values ('11','20','6','2029','0,4119','1');
Insert into MRVMM.T_MAEM_FACTOR_DATA (ID_FACTOR,ID_DETALLE,ID_PARAMETRO,VALOR,FACTOR,FLAG_ESTADO) values ('11','21','6','2030','0,4119','1');
Insert into MRVMM.T_MAEM_FACTOR_DATA (ID_FACTOR,ID_DETALLE,ID_PARAMETRO,VALOR,FACTOR,FLAG_ESTADO) values ('7','1','6','2010','0,598','1');
Insert into MRVMM.T_MAEM_FACTOR_DATA (ID_FACTOR,ID_DETALLE,ID_PARAMETRO,VALOR,FACTOR,FLAG_ESTADO) values ('7','2','6','2011','0,6193','1');
Insert into MRVMM.T_MAEM_FACTOR_DATA (ID_FACTOR,ID_DETALLE,ID_PARAMETRO,VALOR,FACTOR,FLAG_ESTADO) values ('7','3','6','2012','0,6271','1');
Insert into MRVMM.T_MAEM_FACTOR_DATA (ID_FACTOR,ID_DETALLE,ID_PARAMETRO,VALOR,FACTOR,FLAG_ESTADO) values ('7','4','6','2013','0,6271','1');
Insert into MRVMM.T_MAEM_FACTOR_DATA (ID_FACTOR,ID_DETALLE,ID_PARAMETRO,VALOR,FACTOR,FLAG_ESTADO) values ('7','5','6','2014','0,6271','1');
Insert into MRVMM.T_MAEM_FACTOR_DATA (ID_FACTOR,ID_DETALLE,ID_PARAMETRO,VALOR,FACTOR,FLAG_ESTADO) values ('7','6','6','2015','0,6271','1');
Insert into MRVMM.T_MAEM_FACTOR_DATA (ID_FACTOR,ID_DETALLE,ID_PARAMETRO,VALOR,FACTOR,FLAG_ESTADO) values ('7','7','6','2016','0,4119','1');
Insert into MRVMM.T_MAEM_FACTOR_DATA (ID_FACTOR,ID_DETALLE,ID_PARAMETRO,VALOR,FACTOR,FLAG_ESTADO) values ('7','8','6','2017','0,4119','1');
Insert into MRVMM.T_MAEM_FACTOR_DATA (ID_FACTOR,ID_DETALLE,ID_PARAMETRO,VALOR,FACTOR,FLAG_ESTADO) values ('7','9','6','2018','0,4119','1');
Insert into MRVMM.T_MAEM_FACTOR_DATA (ID_FACTOR,ID_DETALLE,ID_PARAMETRO,VALOR,FACTOR,FLAG_ESTADO) values ('8','1','6','2010','0,434','1');
Insert into MRVMM.T_MAEM_FACTOR_DATA (ID_FACTOR,ID_DETALLE,ID_PARAMETRO,VALOR,FACTOR,FLAG_ESTADO) values ('8','2','6','2011','0,434','1');
Insert into MRVMM.T_MAEM_FACTOR_DATA (ID_FACTOR,ID_DETALLE,ID_PARAMETRO,VALOR,FACTOR,FLAG_ESTADO) values ('8','3','6','2012','0,434','1');
Insert into MRVMM.T_MAEM_FACTOR_DATA (ID_FACTOR,ID_DETALLE,ID_PARAMETRO,VALOR,FACTOR,FLAG_ESTADO) values ('8','4','6','2013','0,434','1');
Insert into MRVMM.T_MAEM_FACTOR_DATA (ID_FACTOR,ID_DETALLE,ID_PARAMETRO,VALOR,FACTOR,FLAG_ESTADO) values ('8','5','6','2014','0,434','1');
Insert into MRVMM.T_MAEM_FACTOR_DATA (ID_FACTOR,ID_DETALLE,ID_PARAMETRO,VALOR,FACTOR,FLAG_ESTADO) values ('8','6','6','2015','0,434','1');
Insert into MRVMM.T_MAEM_FACTOR_DATA (ID_FACTOR,ID_DETALLE,ID_PARAMETRO,VALOR,FACTOR,FLAG_ESTADO) values ('8','7','6','2016','0,434','1');
Insert into MRVMM.T_MAEM_FACTOR_DATA (ID_FACTOR,ID_DETALLE,ID_PARAMETRO,VALOR,FACTOR,FLAG_ESTADO) values ('8','8','6','2017','0,434','1');
Insert into MRVMM.T_MAEM_FACTOR_DATA (ID_FACTOR,ID_DETALLE,ID_PARAMETRO,VALOR,FACTOR,FLAG_ESTADO) values ('8','9','6','2018','0,434','1');
Insert into MRVMM.T_MAEM_FACTOR_DATA (ID_FACTOR,ID_DETALLE,ID_PARAMETRO,VALOR,FACTOR,FLAG_ESTADO) values ('8','10','6','2019','0,434','1');
Insert into MRVMM.T_MAEM_FACTOR_DATA (ID_FACTOR,ID_DETALLE,ID_PARAMETRO,VALOR,FACTOR,FLAG_ESTADO) values ('8','11','6','2020','0,434','1');
Insert into MRVMM.T_MAEM_FACTOR_DATA (ID_FACTOR,ID_DETALLE,ID_PARAMETRO,VALOR,FACTOR,FLAG_ESTADO) values ('8','12','6','2021','0,434','1');
Insert into MRVMM.T_MAEM_FACTOR_DATA (ID_FACTOR,ID_DETALLE,ID_PARAMETRO,VALOR,FACTOR,FLAG_ESTADO) values ('8','13','6','2022','0,434','1');
Insert into MRVMM.T_MAEM_FACTOR_DATA (ID_FACTOR,ID_DETALLE,ID_PARAMETRO,VALOR,FACTOR,FLAG_ESTADO) values ('8','14','6','2023','0,434','1');
Insert into MRVMM.T_MAEM_FACTOR_DATA (ID_FACTOR,ID_DETALLE,ID_PARAMETRO,VALOR,FACTOR,FLAG_ESTADO) values ('8','15','6','2024','0,434','1');
Insert into MRVMM.T_MAEM_FACTOR_DATA (ID_FACTOR,ID_DETALLE,ID_PARAMETRO,VALOR,FACTOR,FLAG_ESTADO) values ('8','16','6','2025','0,434','1');
Insert into MRVMM.T_MAEM_FACTOR_DATA (ID_FACTOR,ID_DETALLE,ID_PARAMETRO,VALOR,FACTOR,FLAG_ESTADO) values ('8','17','6','2026','0,434','1');
Insert into MRVMM.T_MAEM_FACTOR_DATA (ID_FACTOR,ID_DETALLE,ID_PARAMETRO,VALOR,FACTOR,FLAG_ESTADO) values ('8','18','6','2027','0,434','1');
Insert into MRVMM.T_MAEM_FACTOR_DATA (ID_FACTOR,ID_DETALLE,ID_PARAMETRO,VALOR,FACTOR,FLAG_ESTADO) values ('8','19','6','2028','0,434','1');
Insert into MRVMM.T_MAEM_FACTOR_DATA (ID_FACTOR,ID_DETALLE,ID_PARAMETRO,VALOR,FACTOR,FLAG_ESTADO) values ('8','20','6','2029','0,434','1');
Insert into MRVMM.T_MAEM_FACTOR_DATA (ID_FACTOR,ID_DETALLE,ID_PARAMETRO,VALOR,FACTOR,FLAG_ESTADO) values ('8','21','6','2030','0,434','1');
Insert into MRVMM.T_MAEM_FACTOR_DATA (ID_FACTOR,ID_DETALLE,ID_PARAMETRO,VALOR,FACTOR,FLAG_ESTADO) values ('9','1','18','1','0,0071','1');
Insert into MRVMM.T_MAEM_FACTOR_DATA (ID_FACTOR,ID_DETALLE,ID_PARAMETRO,VALOR,FACTOR,FLAG_ESTADO) values ('9','2','18','2','0,0068','1');
Insert into MRVMM.T_MAEM_FACTOR_DATA (ID_FACTOR,ID_DETALLE,ID_PARAMETRO,VALOR,FACTOR,FLAG_ESTADO) values ('9','3','18','3','0,0144','1');
Insert into MRVMM.T_MAEM_FACTOR_DATA (ID_FACTOR,ID_DETALLE,ID_PARAMETRO,VALOR,FACTOR,FLAG_ESTADO) values ('10','1','17','1','1','1');
Insert into MRVMM.T_MAEM_FACTOR_DATA (ID_FACTOR,ID_DETALLE,ID_PARAMETRO,VALOR,FACTOR,FLAG_ESTADO) values ('10','2','17','2','2','1');
Insert into MRVMM.T_MAEM_FACTOR_DATA (ID_FACTOR,ID_DETALLE,ID_PARAMETRO,VALOR,FACTOR,FLAG_ESTADO) values ('10','3','17','3','3','1');
Insert into MRVMM.T_MAEM_FACTOR_DATA (ID_FACTOR,ID_DETALLE,ID_PARAMETRO,VALOR,FACTOR,FLAG_ESTADO) values ('10','4','17','4','4','1');
Insert into MRVMM.T_MAEM_FACTOR_DATA (ID_FACTOR,ID_DETALLE,ID_PARAMETRO,VALOR,FACTOR,FLAG_ESTADO) values ('10','5','17','5','5','1');
Insert into MRVMM.T_MAEM_FACTOR_DATA (ID_FACTOR,ID_DETALLE,ID_PARAMETRO,VALOR,FACTOR,FLAG_ESTADO) values ('10','6','17','6','6','1');
Insert into MRVMM.T_MAEM_FACTOR_DATA (ID_FACTOR,ID_DETALLE,ID_PARAMETRO,VALOR,FACTOR,FLAG_ESTADO) values ('10','7','17','7','7','1');
Insert into MRVMM.T_MAEM_FACTOR_DATA (ID_FACTOR,ID_DETALLE,ID_PARAMETRO,VALOR,FACTOR,FLAG_ESTADO) values ('10','8','17','8','8','1');
Insert into MRVMM.T_MAEM_FACTOR_DATA (ID_FACTOR,ID_DETALLE,ID_PARAMETRO,VALOR,FACTOR,FLAG_ESTADO) values ('10','9','17','9','9','1');
Insert into MRVMM.T_MAEM_FACTOR_DATA (ID_FACTOR,ID_DETALLE,ID_PARAMETRO,VALOR,FACTOR,FLAG_ESTADO) values ('10','10','17','10','10','1');
Insert into MRVMM.T_MAEM_FACTOR_DATA (ID_FACTOR,ID_DETALLE,ID_PARAMETRO,VALOR,FACTOR,FLAG_ESTADO) values ('10','11','17','11','11','1');
Insert into MRVMM.T_MAEM_FACTOR_DATA (ID_FACTOR,ID_DETALLE,ID_PARAMETRO,VALOR,FACTOR,FLAG_ESTADO) values ('10','12','17','12','12','1');
Insert into MRVMM.T_MAEM_FACTOR_DATA (ID_FACTOR,ID_DETALLE,ID_PARAMETRO,VALOR,FACTOR,FLAG_ESTADO) values ('12','1','22|21','1|1','2547,7427','1');
Insert into MRVMM.T_MAEM_FACTOR_DATA (ID_FACTOR,ID_DETALLE,ID_PARAMETRO,VALOR,FACTOR,FLAG_ESTADO) values ('12','2','22|21','2|1','2640,3879','1');
Insert into MRVMM.T_MAEM_FACTOR_DATA (ID_FACTOR,ID_DETALLE,ID_PARAMETRO,VALOR,FACTOR,FLAG_ESTADO) values ('12','3','22|21','3|1','2792,7179','1');
Insert into MRVMM.T_MAEM_FACTOR_DATA (ID_FACTOR,ID_DETALLE,ID_PARAMETRO,VALOR,FACTOR,FLAG_ESTADO) values ('12','4','22|21','1|2','5036,578','1');
Insert into MRVMM.T_MAEM_FACTOR_DATA (ID_FACTOR,ID_DETALLE,ID_PARAMETRO,VALOR,FACTOR,FLAG_ESTADO) values ('12','5','22|21','2|2','5186,4762','1');
Insert into MRVMM.T_MAEM_FACTOR_DATA (ID_FACTOR,ID_DETALLE,ID_PARAMETRO,VALOR,FACTOR,FLAG_ESTADO) values ('12','6','22|21','3|2','5345,5706','1');
Insert into MRVMM.T_MAEM_FACTOR_DATA (ID_FACTOR,ID_DETALLE,ID_PARAMETRO,VALOR,FACTOR,FLAG_ESTADO) values ('12','7','22|21','1|3','12169,3855','1');
Insert into MRVMM.T_MAEM_FACTOR_DATA (ID_FACTOR,ID_DETALLE,ID_PARAMETRO,VALOR,FACTOR,FLAG_ESTADO) values ('12','8','22|21','2|3','12447,5429','1');
Insert into MRVMM.T_MAEM_FACTOR_DATA (ID_FACTOR,ID_DETALLE,ID_PARAMETRO,VALOR,FACTOR,FLAG_ESTADO) values ('12','9','22|21','3|3','12813,6471','1');
Insert into MRVMM.T_MAEM_FACTOR_DATA (ID_FACTOR,ID_DETALLE,ID_PARAMETRO,VALOR,FACTOR,FLAG_ESTADO) values ('12','10','22|21','1|4','23754,8528','1');
Insert into MRVMM.T_MAEM_FACTOR_DATA (ID_FACTOR,ID_DETALLE,ID_PARAMETRO,VALOR,FACTOR,FLAG_ESTADO) values ('12','11','22|21','2|4','24338,771','1');
Insert into MRVMM.T_MAEM_FACTOR_DATA (ID_FACTOR,ID_DETALLE,ID_PARAMETRO,VALOR,FACTOR,FLAG_ESTADO) values ('12','12','22|21','3|4','24895,0857','1');
Insert into MRVMM.T_MAEM_FACTOR_DATA (ID_FACTOR,ID_DETALLE,ID_PARAMETRO,VALOR,FACTOR,FLAG_ESTADO) values ('12','13','22|21','1|5','58181,6239','1');
Insert into MRVMM.T_MAEM_FACTOR_DATA (ID_FACTOR,ID_DETALLE,ID_PARAMETRO,VALOR,FACTOR,FLAG_ESTADO) values ('12','14','22|21','2|5','58937,2294','1');
Insert into MRVMM.T_MAEM_FACTOR_DATA (ID_FACTOR,ID_DETALLE,ID_PARAMETRO,VALOR,FACTOR,FLAG_ESTADO) values ('12','15','22|21','3|5','60174,5856','1');
Insert into MRVMM.T_MAEM_FACTOR_DATA (ID_FACTOR,ID_DETALLE,ID_PARAMETRO,VALOR,FACTOR,FLAG_ESTADO) values ('12','16','22|21','1|6','116363,2479','1');
Insert into MRVMM.T_MAEM_FACTOR_DATA (ID_FACTOR,ID_DETALLE,ID_PARAMETRO,VALOR,FACTOR,FLAG_ESTADO) values ('12','17','22|21','2|6','117874,4589','1');
Insert into MRVMM.T_MAEM_FACTOR_DATA (ID_FACTOR,ID_DETALLE,ID_PARAMETRO,VALOR,FACTOR,FLAG_ESTADO) values ('12','18','22|21','3|6','120349,1713','1');
Insert into MRVMM.T_MAEM_FACTOR_DATA (ID_FACTOR,ID_DETALLE,ID_PARAMETRO,VALOR,FACTOR,FLAG_ESTADO) values ('12','19','22|21','1|7','232726,4957','1');
Insert into MRVMM.T_MAEM_FACTOR_DATA (ID_FACTOR,ID_DETALLE,ID_PARAMETRO,VALOR,FACTOR,FLAG_ESTADO) values ('12','20','22|21','2|7','235748,9177','1');
Insert into MRVMM.T_MAEM_FACTOR_DATA (ID_FACTOR,ID_DETALLE,ID_PARAMETRO,VALOR,FACTOR,FLAG_ESTADO) values ('12','21','22|21','3|7','240698,3425','1');
Insert into MRVMM.T_MAEM_FACTOR_DATA (ID_FACTOR,ID_DETALLE,ID_PARAMETRO,VALOR,FACTOR,FLAG_ESTADO) values ('12','22','22|21','1|8','465452,9915','1');
Insert into MRVMM.T_MAEM_FACTOR_DATA (ID_FACTOR,ID_DETALLE,ID_PARAMETRO,VALOR,FACTOR,FLAG_ESTADO) values ('12','23','22|21','2|8','471497,8355','1');
Insert into MRVMM.T_MAEM_FACTOR_DATA (ID_FACTOR,ID_DETALLE,ID_PARAMETRO,VALOR,FACTOR,FLAG_ESTADO) values ('12','24','22|21','3|8','481396,6851','1');
Insert into MRVMM.T_MAEM_FACTOR_DATA (ID_FACTOR,ID_DETALLE,ID_PARAMETRO,VALOR,FACTOR,FLAG_ESTADO) values ('12','25','22|21','1|9','1163632,479','1');
Insert into MRVMM.T_MAEM_FACTOR_DATA (ID_FACTOR,ID_DETALLE,ID_PARAMETRO,VALOR,FACTOR,FLAG_ESTADO) values ('12','26','22|21','2|9','1178744,589','1');
Insert into MRVMM.T_MAEM_FACTOR_DATA (ID_FACTOR,ID_DETALLE,ID_PARAMETRO,VALOR,FACTOR,FLAG_ESTADO) values ('12','27','22|21','3|9','1203491,713','1');
Insert into MRVMM.T_MAEM_FACTOR_DATA (ID_FACTOR,ID_DETALLE,ID_PARAMETRO,VALOR,FACTOR,FLAG_ESTADO) values ('12','28','22|21','1|10','1629085,47','1');
Insert into MRVMM.T_MAEM_FACTOR_DATA (ID_FACTOR,ID_DETALLE,ID_PARAMETRO,VALOR,FACTOR,FLAG_ESTADO) values ('12','29','22|21','2|10','1650242,424','1');
Insert into MRVMM.T_MAEM_FACTOR_DATA (ID_FACTOR,ID_DETALLE,ID_PARAMETRO,VALOR,FACTOR,FLAG_ESTADO) values ('12','30','22|21','3|10','1684888,398','1');
Insert into MRVMM.T_MAEM_FACTOR_DATA (ID_FACTOR,ID_DETALLE,ID_PARAMETRO,VALOR,FACTOR,FLAG_ESTADO) values ('13','1','23|21','1|1','2547,7427','1');
Insert into MRVMM.T_MAEM_FACTOR_DATA (ID_FACTOR,ID_DETALLE,ID_PARAMETRO,VALOR,FACTOR,FLAG_ESTADO) values ('13','2','23|21','2|1','2640,3879','1');
Insert into MRVMM.T_MAEM_FACTOR_DATA (ID_FACTOR,ID_DETALLE,ID_PARAMETRO,VALOR,FACTOR,FLAG_ESTADO) values ('13','3','23|21','3|1','2792,7179','1');
Insert into MRVMM.T_MAEM_FACTOR_DATA (ID_FACTOR,ID_DETALLE,ID_PARAMETRO,VALOR,FACTOR,FLAG_ESTADO) values ('13','4','23|21','1|2','5036,578','1');
Insert into MRVMM.T_MAEM_FACTOR_DATA (ID_FACTOR,ID_DETALLE,ID_PARAMETRO,VALOR,FACTOR,FLAG_ESTADO) values ('13','5','23|21','2|2','5186,4762','1');
Insert into MRVMM.T_MAEM_FACTOR_DATA (ID_FACTOR,ID_DETALLE,ID_PARAMETRO,VALOR,FACTOR,FLAG_ESTADO) values ('13','6','23|21','3|2','5345,5706','1');
Insert into MRVMM.T_MAEM_FACTOR_DATA (ID_FACTOR,ID_DETALLE,ID_PARAMETRO,VALOR,FACTOR,FLAG_ESTADO) values ('13','7','23|21','1|3','12169,3855','1');
Insert into MRVMM.T_MAEM_FACTOR_DATA (ID_FACTOR,ID_DETALLE,ID_PARAMETRO,VALOR,FACTOR,FLAG_ESTADO) values ('13','8','23|21','2|3','12447,5429','1');
Insert into MRVMM.T_MAEM_FACTOR_DATA (ID_FACTOR,ID_DETALLE,ID_PARAMETRO,VALOR,FACTOR,FLAG_ESTADO) values ('13','9','23|21','3|3','12813,6471','1');
Insert into MRVMM.T_MAEM_FACTOR_DATA (ID_FACTOR,ID_DETALLE,ID_PARAMETRO,VALOR,FACTOR,FLAG_ESTADO) values ('13','10','23|21','1|4','23754,8528','1');
Insert into MRVMM.T_MAEM_FACTOR_DATA (ID_FACTOR,ID_DETALLE,ID_PARAMETRO,VALOR,FACTOR,FLAG_ESTADO) values ('13','11','23|21','2|4','24338,771','1');
Insert into MRVMM.T_MAEM_FACTOR_DATA (ID_FACTOR,ID_DETALLE,ID_PARAMETRO,VALOR,FACTOR,FLAG_ESTADO) values ('13','12','23|21','3|4','24895,0857','1');
Insert into MRVMM.T_MAEM_FACTOR_DATA (ID_FACTOR,ID_DETALLE,ID_PARAMETRO,VALOR,FACTOR,FLAG_ESTADO) values ('13','13','23|21','1|5','58181,6239','1');
Insert into MRVMM.T_MAEM_FACTOR_DATA (ID_FACTOR,ID_DETALLE,ID_PARAMETRO,VALOR,FACTOR,FLAG_ESTADO) values ('13','14','23|21','2|5','58937,2294','1');
Insert into MRVMM.T_MAEM_FACTOR_DATA (ID_FACTOR,ID_DETALLE,ID_PARAMETRO,VALOR,FACTOR,FLAG_ESTADO) values ('13','15','23|21','3|5','60174,5856','1');
Insert into MRVMM.T_MAEM_FACTOR_DATA (ID_FACTOR,ID_DETALLE,ID_PARAMETRO,VALOR,FACTOR,FLAG_ESTADO) values ('13','16','23|21','1|6','116363,2479','1');
Insert into MRVMM.T_MAEM_FACTOR_DATA (ID_FACTOR,ID_DETALLE,ID_PARAMETRO,VALOR,FACTOR,FLAG_ESTADO) values ('13','17','23|21','2|6','117874,4589','1');
Insert into MRVMM.T_MAEM_FACTOR_DATA (ID_FACTOR,ID_DETALLE,ID_PARAMETRO,VALOR,FACTOR,FLAG_ESTADO) values ('13','18','23|21','3|6','120349,1713','1');
Insert into MRVMM.T_MAEM_FACTOR_DATA (ID_FACTOR,ID_DETALLE,ID_PARAMETRO,VALOR,FACTOR,FLAG_ESTADO) values ('13','19','23|21','1|7','232726,4957','1');
Insert into MRVMM.T_MAEM_FACTOR_DATA (ID_FACTOR,ID_DETALLE,ID_PARAMETRO,VALOR,FACTOR,FLAG_ESTADO) values ('13','20','23|21','2|7','235748,9177','1');
Insert into MRVMM.T_MAEM_FACTOR_DATA (ID_FACTOR,ID_DETALLE,ID_PARAMETRO,VALOR,FACTOR,FLAG_ESTADO) values ('13','21','23|21','3|7','240698,3425','1');
Insert into MRVMM.T_MAEM_FACTOR_DATA (ID_FACTOR,ID_DETALLE,ID_PARAMETRO,VALOR,FACTOR,FLAG_ESTADO) values ('13','22','23|21','1|8','465452,9915','1');
Insert into MRVMM.T_MAEM_FACTOR_DATA (ID_FACTOR,ID_DETALLE,ID_PARAMETRO,VALOR,FACTOR,FLAG_ESTADO) values ('13','23','23|21','2|8','471497,8355','1');
Insert into MRVMM.T_MAEM_FACTOR_DATA (ID_FACTOR,ID_DETALLE,ID_PARAMETRO,VALOR,FACTOR,FLAG_ESTADO) values ('13','24','23|21','3|8','481396,6851','1');
Insert into MRVMM.T_MAEM_FACTOR_DATA (ID_FACTOR,ID_DETALLE,ID_PARAMETRO,VALOR,FACTOR,FLAG_ESTADO) values ('13','25','23|21','1|9','1163632,479','1');
Insert into MRVMM.T_MAEM_FACTOR_DATA (ID_FACTOR,ID_DETALLE,ID_PARAMETRO,VALOR,FACTOR,FLAG_ESTADO) values ('13','26','23|21','2|9','1178744,589','1');
Insert into MRVMM.T_MAEM_FACTOR_DATA (ID_FACTOR,ID_DETALLE,ID_PARAMETRO,VALOR,FACTOR,FLAG_ESTADO) values ('13','27','23|21','3|9','1203491,713','1');
Insert into MRVMM.T_MAEM_FACTOR_DATA (ID_FACTOR,ID_DETALLE,ID_PARAMETRO,VALOR,FACTOR,FLAG_ESTADO) values ('13','28','23|21','1|10','1629085,47','1');
Insert into MRVMM.T_MAEM_FACTOR_DATA (ID_FACTOR,ID_DETALLE,ID_PARAMETRO,VALOR,FACTOR,FLAG_ESTADO) values ('13','29','23|21','2|10','1650242,424','1');
Insert into MRVMM.T_MAEM_FACTOR_DATA (ID_FACTOR,ID_DETALLE,ID_PARAMETRO,VALOR,FACTOR,FLAG_ESTADO) values ('13','30','23|21','3|10','1684888,398','1');
Insert into MRVMM.T_MAEM_FACTOR_DATA (ID_FACTOR,ID_DETALLE,ID_PARAMETRO,VALOR,FACTOR,FLAG_ESTADO) values ('14','57','24|25|26','3|1|1','189,9304','1');
Insert into MRVMM.T_MAEM_FACTOR_DATA (ID_FACTOR,ID_DETALLE,ID_PARAMETRO,VALOR,FACTOR,FLAG_ESTADO) values ('14','58','24|25|26','3|1|2','224,4632','1');
Insert into MRVMM.T_MAEM_FACTOR_DATA (ID_FACTOR,ID_DETALLE,ID_PARAMETRO,VALOR,FACTOR,FLAG_ESTADO) values ('14','59','24|25|26','3|1|3','293,5288','1');
Insert into MRVMM.T_MAEM_FACTOR_DATA (ID_FACTOR,ID_DETALLE,ID_PARAMETRO,VALOR,FACTOR,FLAG_ESTADO) values ('14','60','24|25|26','3|1|4','353,9612','1');
Insert into MRVMM.T_MAEM_FACTOR_DATA (ID_FACTOR,ID_DETALLE,ID_PARAMETRO,VALOR,FACTOR,FLAG_ESTADO) values ('14','61','24|25|26','3|1|5','405,7604','1');
Insert into MRVMM.T_MAEM_FACTOR_DATA (ID_FACTOR,ID_DETALLE,ID_PARAMETRO,VALOR,FACTOR,FLAG_ESTADO) values ('14','62','24|25|26','3|1|6','474,826','1');
Insert into MRVMM.T_MAEM_FACTOR_DATA (ID_FACTOR,ID_DETALLE,ID_PARAMETRO,VALOR,FACTOR,FLAG_ESTADO) values ('14','63','24|25|26','3|1|7','517,992','1');
Insert into MRVMM.T_MAEM_FACTOR_DATA (ID_FACTOR,ID_DETALLE,ID_PARAMETRO,VALOR,FACTOR,FLAG_ESTADO) values ('14','64','24|25|26','3|2|1','214,1508','1');
Insert into MRVMM.T_MAEM_FACTOR_DATA (ID_FACTOR,ID_DETALLE,ID_PARAMETRO,VALOR,FACTOR,FLAG_ESTADO) values ('14','65','24|25|26','3|2|2','253,0873','1');
Insert into MRVMM.T_MAEM_FACTOR_DATA (ID_FACTOR,ID_DETALLE,ID_PARAMETRO,VALOR,FACTOR,FLAG_ESTADO) values ('14','66','24|25|26','3|2|3','330,9603','1');
Insert into MRVMM.T_MAEM_FACTOR_DATA (ID_FACTOR,ID_DETALLE,ID_PARAMETRO,VALOR,FACTOR,FLAG_ESTADO) values ('14','67','24|25|26','3|2|4','399,0991','1');
Insert into MRVMM.T_MAEM_FACTOR_DATA (ID_FACTOR,ID_DETALLE,ID_PARAMETRO,VALOR,FACTOR,FLAG_ESTADO) values ('14','68','24|25|26','3|2|5','457,5039','1');
Insert into MRVMM.T_MAEM_FACTOR_DATA (ID_FACTOR,ID_DETALLE,ID_PARAMETRO,VALOR,FACTOR,FLAG_ESTADO) values ('14','69','24|25|26','3|2|6','535,3769','1');
Insert into MRVMM.T_MAEM_FACTOR_DATA (ID_FACTOR,ID_DETALLE,ID_PARAMETRO,VALOR,FACTOR,FLAG_ESTADO) values ('14','70','24|25|26','3|2|7','584,0475','1');
Insert into MRVMM.T_MAEM_FACTOR_DATA (ID_FACTOR,ID_DETALLE,ID_PARAMETRO,VALOR,FACTOR,FLAG_ESTADO) values ('14','71','24|25|26','3|3|1','248,7513','1');
Insert into MRVMM.T_MAEM_FACTOR_DATA (ID_FACTOR,ID_DETALLE,ID_PARAMETRO,VALOR,FACTOR,FLAG_ESTADO) values ('14','72','24|25|26','3|3|2','293,9788','1');
Insert into MRVMM.T_MAEM_FACTOR_DATA (ID_FACTOR,ID_DETALLE,ID_PARAMETRO,VALOR,FACTOR,FLAG_ESTADO) values ('14','73','24|25|26','3|3|3','384,4338','1');
Insert into MRVMM.T_MAEM_FACTOR_DATA (ID_FACTOR,ID_DETALLE,ID_PARAMETRO,VALOR,FACTOR,FLAG_ESTADO) values ('14','74','24|25|26','3|3|4','463,5819','1');
Insert into MRVMM.T_MAEM_FACTOR_DATA (ID_FACTOR,ID_DETALLE,ID_PARAMETRO,VALOR,FACTOR,FLAG_ESTADO) values ('14','75','24|25|26','3|3|5','531,4231','1');
Insert into MRVMM.T_MAEM_FACTOR_DATA (ID_FACTOR,ID_DETALLE,ID_PARAMETRO,VALOR,FACTOR,FLAG_ESTADO) values ('14','76','24|25|26','3|3|6','621,8781','1');
Insert into MRVMM.T_MAEM_FACTOR_DATA (ID_FACTOR,ID_DETALLE,ID_PARAMETRO,VALOR,FACTOR,FLAG_ESTADO) values ('14','77','24|25|26','3|3|7','678,4125','1');
Insert into MRVMM.T_MAEM_FACTOR_DATA (ID_FACTOR,ID_DETALLE,ID_PARAMETRO,VALOR,FACTOR,FLAG_ESTADO) values ('14','78','24|25|26','3|4|1','272,9716','1');
Insert into MRVMM.T_MAEM_FACTOR_DATA (ID_FACTOR,ID_DETALLE,ID_PARAMETRO,VALOR,FACTOR,FLAG_ESTADO) values ('14','79','24|25|26','3|4|2','322,6028','1');
Insert into MRVMM.T_MAEM_FACTOR_DATA (ID_FACTOR,ID_DETALLE,ID_PARAMETRO,VALOR,FACTOR,FLAG_ESTADO) values ('14','80','24|25|26','3|4|3','421,8652','1');
Insert into MRVMM.T_MAEM_FACTOR_DATA (ID_FACTOR,ID_DETALLE,ID_PARAMETRO,VALOR,FACTOR,FLAG_ESTADO) values ('14','81','24|25|26','3|4|4','508,7198','1');
Insert into MRVMM.T_MAEM_FACTOR_DATA (ID_FACTOR,ID_DETALLE,ID_PARAMETRO,VALOR,FACTOR,FLAG_ESTADO) values ('14','82','24|25|26','3|4|5','583,1666','1');
Insert into MRVMM.T_MAEM_FACTOR_DATA (ID_FACTOR,ID_DETALLE,ID_PARAMETRO,VALOR,FACTOR,FLAG_ESTADO) values ('14','83','24|25|26','3|4|6','682,429','1');
Insert into MRVMM.T_MAEM_FACTOR_DATA (ID_FACTOR,ID_DETALLE,ID_PARAMETRO,VALOR,FACTOR,FLAG_ESTADO) values ('14','84','24|25|26','3|4|7','744,468','1');
Insert into MRVMM.T_MAEM_FACTOR_DATA (ID_FACTOR,ID_DETALLE,ID_PARAMETRO,VALOR,FACTOR,FLAG_ESTADO) values ('14','85','24|25|26','4|1|1','227,2716','1');
Insert into MRVMM.T_MAEM_FACTOR_DATA (ID_FACTOR,ID_DETALLE,ID_PARAMETRO,VALOR,FACTOR,FLAG_ESTADO) values ('14','86','24|25|26','4|1|2','268,5937','1');
Insert into MRVMM.T_MAEM_FACTOR_DATA (ID_FACTOR,ID_DETALLE,ID_PARAMETRO,VALOR,FACTOR,FLAG_ESTADO) values ('14','87','24|25|26','4|1|3','351,238','1');
Insert into MRVMM.T_MAEM_FACTOR_DATA (ID_FACTOR,ID_DETALLE,ID_PARAMETRO,VALOR,FACTOR,FLAG_ESTADO) values ('14','88','24|25|26','4|1|4','423,5516','1');
Insert into MRVMM.T_MAEM_FACTOR_DATA (ID_FACTOR,ID_DETALLE,ID_PARAMETRO,VALOR,FACTOR,FLAG_ESTADO) values ('14','89','24|25|26','4|1|5','485,5348','1');
Insert into MRVMM.T_MAEM_FACTOR_DATA (ID_FACTOR,ID_DETALLE,ID_PARAMETRO,VALOR,FACTOR,FLAG_ESTADO) values ('14','90','24|25|26','4|1|6','568,179','1');
Insert into MRVMM.T_MAEM_FACTOR_DATA (ID_FACTOR,ID_DETALLE,ID_PARAMETRO,VALOR,FACTOR,FLAG_ESTADO) values ('14','91','24|25|26','4|1|7','619,8317','1');
Insert into MRVMM.T_MAEM_FACTOR_DATA (ID_FACTOR,ID_DETALLE,ID_PARAMETRO,VALOR,FACTOR,FLAG_ESTADO) values ('14','92','24|25|26','4|2|1','310,153','1');
Insert into MRVMM.T_MAEM_FACTOR_DATA (ID_FACTOR,ID_DETALLE,ID_PARAMETRO,VALOR,FACTOR,FLAG_ESTADO) values ('14','93','24|25|26','4|2|2','366,5445','1');
Insert into MRVMM.T_MAEM_FACTOR_DATA (ID_FACTOR,ID_DETALLE,ID_PARAMETRO,VALOR,FACTOR,FLAG_ESTADO) values ('14','94','24|25|26','4|2|3','479,3274','1');
Insert into MRVMM.T_MAEM_FACTOR_DATA (ID_FACTOR,ID_DETALLE,ID_PARAMETRO,VALOR,FACTOR,FLAG_ESTADO) values ('14','95','24|25|26','4|2|4','578,0125','1');
Insert into MRVMM.T_MAEM_FACTOR_DATA (ID_FACTOR,ID_DETALLE,ID_PARAMETRO,VALOR,FACTOR,FLAG_ESTADO) values ('14','96','24|25|26','4|2|5','662,5997','1');
Insert into MRVMM.T_MAEM_FACTOR_DATA (ID_FACTOR,ID_DETALLE,ID_PARAMETRO,VALOR,FACTOR,FLAG_ESTADO) values ('14','97','24|25|26','4|2|6','775,3826','1');
Insert into MRVMM.T_MAEM_FACTOR_DATA (ID_FACTOR,ID_DETALLE,ID_PARAMETRO,VALOR,FACTOR,FLAG_ESTADO) values ('14','98','24|25|26','4|2|7','845,8719','1');
Insert into MRVMM.T_MAEM_FACTOR_DATA (ID_FACTOR,ID_DETALLE,ID_PARAMETRO,VALOR,FACTOR,FLAG_ESTADO) values ('14','99','24|25|26','4|3|1','428,5551','1');
Insert into MRVMM.T_MAEM_FACTOR_DATA (ID_FACTOR,ID_DETALLE,ID_PARAMETRO,VALOR,FACTOR,FLAG_ESTADO) values ('14','100','24|25|26','4|3|2','506,4742','1');
Insert into MRVMM.T_MAEM_FACTOR_DATA (ID_FACTOR,ID_DETALLE,ID_PARAMETRO,VALOR,FACTOR,FLAG_ESTADO) values ('14','101','24|25|26','4|3|3','662,3124','1');
Insert into MRVMM.T_MAEM_FACTOR_DATA (ID_FACTOR,ID_DETALLE,ID_PARAMETRO,VALOR,FACTOR,FLAG_ESTADO) values ('14','102','24|25|26','4|3|4','798,6708','1');
Insert into MRVMM.T_MAEM_FACTOR_DATA (ID_FACTOR,ID_DETALLE,ID_PARAMETRO,VALOR,FACTOR,FLAG_ESTADO) values ('14','103','24|25|26','4|3|5','874,8463','1');
Insert into MRVMM.T_MAEM_FACTOR_DATA (ID_FACTOR,ID_DETALLE,ID_PARAMETRO,VALOR,FACTOR,FLAG_ESTADO) values ('14','104','24|25|26','4|3|6','1023,7563','1');
Insert into MRVMM.T_MAEM_FACTOR_DATA (ID_FACTOR,ID_DETALLE,ID_PARAMETRO,VALOR,FACTOR,FLAG_ESTADO) values ('14','105','24|25|26','4|3|7','1116,825','1');
Insert into MRVMM.T_MAEM_FACTOR_DATA (ID_FACTOR,ID_DETALLE,ID_PARAMETRO,VALOR,FACTOR,FLAG_ESTADO) values ('14','106','24|25|26','4|4|1','511,4365','1');
Insert into MRVMM.T_MAEM_FACTOR_DATA (ID_FACTOR,ID_DETALLE,ID_PARAMETRO,VALOR,FACTOR,FLAG_ESTADO) values ('14','107','24|25|26','4|4|2','604,4249','1');
Insert into MRVMM.T_MAEM_FACTOR_DATA (ID_FACTOR,ID_DETALLE,ID_PARAMETRO,VALOR,FACTOR,FLAG_ESTADO) values ('14','108','24|25|26','4|4|3','790,4018','1');
Insert into MRVMM.T_MAEM_FACTOR_DATA (ID_FACTOR,ID_DETALLE,ID_PARAMETRO,VALOR,FACTOR,FLAG_ESTADO) values ('14','109','24|25|26','4|4|4','953,1316','1');
Insert into MRVMM.T_MAEM_FACTOR_DATA (ID_FACTOR,ID_DETALLE,ID_PARAMETRO,VALOR,FACTOR,FLAG_ESTADO) values ('14','110','24|25|26','4|4|5','1092,6143','1');
Insert into MRVMM.T_MAEM_FACTOR_DATA (ID_FACTOR,ID_DETALLE,ID_PARAMETRO,VALOR,FACTOR,FLAG_ESTADO) values ('14','111','24|25|26','4|4|6','1278,5912','1');
Insert into MRVMM.T_MAEM_FACTOR_DATA (ID_FACTOR,ID_DETALLE,ID_PARAMETRO,VALOR,FACTOR,FLAG_ESTADO) values ('14','112','24|25|26','4|4|7','1394,8267','1');
Insert into MRVMM.T_MAEM_FACTOR_DATA (ID_FACTOR,ID_DETALLE,ID_PARAMETRO,VALOR,FACTOR,FLAG_ESTADO) values ('14','113','24|25|26','5|1|1','241,3708','1');
Insert into MRVMM.T_MAEM_FACTOR_DATA (ID_FACTOR,ID_DETALLE,ID_PARAMETRO,VALOR,FACTOR,FLAG_ESTADO) values ('14','114','24|25|26','5|1|2','285,2564','1');
Insert into MRVMM.T_MAEM_FACTOR_DATA (ID_FACTOR,ID_DETALLE,ID_PARAMETRO,VALOR,FACTOR,FLAG_ESTADO) values ('14','115','24|25|26','5|1|3','373,0276','1');
Insert into MRVMM.T_MAEM_FACTOR_DATA (ID_FACTOR,ID_DETALLE,ID_PARAMETRO,VALOR,FACTOR,FLAG_ESTADO) values ('14','116','24|25|26','5|1|4','449,8274','1');
Insert into MRVMM.T_MAEM_FACTOR_DATA (ID_FACTOR,ID_DETALLE,ID_PARAMETRO,VALOR,FACTOR,FLAG_ESTADO) values ('14','117','24|25|26','5|1|5','515,6558','1');
Insert into MRVMM.T_MAEM_FACTOR_DATA (ID_FACTOR,ID_DETALLE,ID_PARAMETRO,VALOR,FACTOR,FLAG_ESTADO) values ('14','118','24|25|26','5|1|6','603,427','1');
Insert into MRVMM.T_MAEM_FACTOR_DATA (ID_FACTOR,ID_DETALLE,ID_PARAMETRO,VALOR,FACTOR,FLAG_ESTADO) values ('14','119','24|25|26','5|1|7','658,284','1');
Insert into MRVMM.T_MAEM_FACTOR_DATA (ID_FACTOR,ID_DETALLE,ID_PARAMETRO,VALOR,FACTOR,FLAG_ESTADO) values ('14','120','24|25|26','5|2|1','310,6015','1');
Insert into MRVMM.T_MAEM_FACTOR_DATA (ID_FACTOR,ID_DETALLE,ID_PARAMETRO,VALOR,FACTOR,FLAG_ESTADO) values ('14','121','24|25|26','5|2|2','367,0745','1');
Insert into MRVMM.T_MAEM_FACTOR_DATA (ID_FACTOR,ID_DETALLE,ID_PARAMETRO,VALOR,FACTOR,FLAG_ESTADO) values ('14','122','24|25|26','5|2|3','480,0205','1');
Insert into MRVMM.T_MAEM_FACTOR_DATA (ID_FACTOR,ID_DETALLE,ID_PARAMETRO,VALOR,FACTOR,FLAG_ESTADO) values ('14','123','24|25|26','5|2|4','578,8483','1');
Insert into MRVMM.T_MAEM_FACTOR_DATA (ID_FACTOR,ID_DETALLE,ID_PARAMETRO,VALOR,FACTOR,FLAG_ESTADO) values ('14','124','24|25|26','5|2|5','663,5578','1');
Insert into MRVMM.T_MAEM_FACTOR_DATA (ID_FACTOR,ID_DETALLE,ID_PARAMETRO,VALOR,FACTOR,FLAG_ESTADO) values ('14','125','24|25|26','5|2|6','776,5038','1');
Insert into MRVMM.T_MAEM_FACTOR_DATA (ID_FACTOR,ID_DETALLE,ID_PARAMETRO,VALOR,FACTOR,FLAG_ESTADO) values ('14','126','24|25|26','5|2|7','847,095','1');
Insert into MRVMM.T_MAEM_FACTOR_DATA (ID_FACTOR,ID_DETALLE,ID_PARAMETRO,VALOR,FACTOR,FLAG_ESTADO) values ('14','127','24|25|26','5|3|1','409,5025','1');
Insert into MRVMM.T_MAEM_FACTOR_DATA (ID_FACTOR,ID_DETALLE,ID_PARAMETRO,VALOR,FACTOR,FLAG_ESTADO) values ('14','128','24|25|26','5|3|2','483,9575','1');
Insert into MRVMM.T_MAEM_FACTOR_DATA (ID_FACTOR,ID_DETALLE,ID_PARAMETRO,VALOR,FACTOR,FLAG_ESTADO) values ('14','129','24|25|26','5|3|3','632,8675','1');
Insert into MRVMM.T_MAEM_FACTOR_DATA (ID_FACTOR,ID_DETALLE,ID_PARAMETRO,VALOR,FACTOR,FLAG_ESTADO) values ('14','130','24|25|26','5|3|4','763,1638','1');
Insert into MRVMM.T_MAEM_FACTOR_DATA (ID_FACTOR,ID_DETALLE,ID_PARAMETRO,VALOR,FACTOR,FLAG_ESTADO) values ('14','131','24|25|26','5|3|5','874,8463','1');
Insert into MRVMM.T_MAEM_FACTOR_DATA (ID_FACTOR,ID_DETALLE,ID_PARAMETRO,VALOR,FACTOR,FLAG_ESTADO) values ('14','132','24|25|26','5|3|6','1023,7563','1');
Insert into MRVMM.T_MAEM_FACTOR_DATA (ID_FACTOR,ID_DETALLE,ID_PARAMETRO,VALOR,FACTOR,FLAG_ESTADO) values ('14','133','24|25|26','5|3|7','1116,825','1');
Insert into MRVMM.T_MAEM_FACTOR_DATA (ID_FACTOR,ID_DETALLE,ID_PARAMETRO,VALOR,FACTOR,FLAG_ESTADO) values ('14','134','24|25|26','5|4|1','478,7332','1');
Insert into MRVMM.T_MAEM_FACTOR_DATA (ID_FACTOR,ID_DETALLE,ID_PARAMETRO,VALOR,FACTOR,FLAG_ESTADO) values ('14','135','24|25|26','5|4|2','565,7756','1');
Insert into MRVMM.T_MAEM_FACTOR_DATA (ID_FACTOR,ID_DETALLE,ID_PARAMETRO,VALOR,FACTOR,FLAG_ESTADO) values ('14','136','24|25|26','5|4|3','739,8604','1');
Insert into MRVMM.T_MAEM_FACTOR_DATA (ID_FACTOR,ID_DETALLE,ID_PARAMETRO,VALOR,FACTOR,FLAG_ESTADO) values ('14','137','24|25|26','5|4|4','892,1846','1');
Insert into MRVMM.T_MAEM_FACTOR_DATA (ID_FACTOR,ID_DETALLE,ID_PARAMETRO,VALOR,FACTOR,FLAG_ESTADO) values ('14','138','24|25|26','5|4|5','1022,7482','1');
Insert into MRVMM.T_MAEM_FACTOR_DATA (ID_FACTOR,ID_DETALLE,ID_PARAMETRO,VALOR,FACTOR,FLAG_ESTADO) values ('14','139','24|25|26','5|4|6','1196,833','1');
Insert into MRVMM.T_MAEM_FACTOR_DATA (ID_FACTOR,ID_DETALLE,ID_PARAMETRO,VALOR,FACTOR,FLAG_ESTADO) values ('14','140','24|25|26','5|4|7','1305,636','1');
Insert into MRVMM.T_MAEM_FACTOR_DATA (ID_FACTOR,ID_DETALLE,ID_PARAMETRO,VALOR,FACTOR,FLAG_ESTADO) values ('14','141','24|25|26','6|1|1','352,9191','1');
Insert into MRVMM.T_MAEM_FACTOR_DATA (ID_FACTOR,ID_DETALLE,ID_PARAMETRO,VALOR,FACTOR,FLAG_ESTADO) values ('14','142','24|25|26','6|1|2','417,0862','1');
Insert into MRVMM.T_MAEM_FACTOR_DATA (ID_FACTOR,ID_DETALLE,ID_PARAMETRO,VALOR,FACTOR,FLAG_ESTADO) values ('14','143','24|25|26','6|1|3','545,4204','1');
Insert into MRVMM.T_MAEM_FACTOR_DATA (ID_FACTOR,ID_DETALLE,ID_PARAMETRO,VALOR,FACTOR,FLAG_ESTADO) values ('14','144','24|25|26','6|1|4','657,7128','1');
Insert into MRVMM.T_MAEM_FACTOR_DATA (ID_FACTOR,ID_DETALLE,ID_PARAMETRO,VALOR,FACTOR,FLAG_ESTADO) values ('14','145','24|25|26','6|1|5','753,9635','1');
Insert into MRVMM.T_MAEM_FACTOR_DATA (ID_FACTOR,ID_DETALLE,ID_PARAMETRO,VALOR,FACTOR,FLAG_ESTADO) values ('14','146','24|25|26','6|1|6','882,2977','1');
Insert into MRVMM.T_MAEM_FACTOR_DATA (ID_FACTOR,ID_DETALLE,ID_PARAMETRO,VALOR,FACTOR,FLAG_ESTADO) values ('14','147','24|25|26','6|1|7','962,5066','1');
Insert into MRVMM.T_MAEM_FACTOR_DATA (ID_FACTOR,ID_DETALLE,ID_PARAMETRO,VALOR,FACTOR,FLAG_ESTADO) values ('14','148','24|25|26','6|2|1','491,842','1');
Insert into MRVMM.T_MAEM_FACTOR_DATA (ID_FACTOR,ID_DETALLE,ID_PARAMETRO,VALOR,FACTOR,FLAG_ESTADO) values ('14','149','24|25|26','6|2|2','581,2678','1');
Insert into MRVMM.T_MAEM_FACTOR_DATA (ID_FACTOR,ID_DETALLE,ID_PARAMETRO,VALOR,FACTOR,FLAG_ESTADO) values ('14','150','24|25|26','6|2|3','760,1195','1');
Insert into MRVMM.T_MAEM_FACTOR_DATA (ID_FACTOR,ID_DETALLE,ID_PARAMETRO,VALOR,FACTOR,FLAG_ESTADO) values ('14','151','24|25|26','6|2|4','916,6147','1');
Insert into MRVMM.T_MAEM_FACTOR_DATA (ID_FACTOR,ID_DETALLE,ID_PARAMETRO,VALOR,FACTOR,FLAG_ESTADO) values ('14','152','24|25|26','6|2|5','1050,7534','1');
Insert into MRVMM.T_MAEM_FACTOR_DATA (ID_FACTOR,ID_DETALLE,ID_PARAMETRO,VALOR,FACTOR,FLAG_ESTADO) values ('14','153','24|25|26','6|2|6','1229,605','1');
Insert into MRVMM.T_MAEM_FACTOR_DATA (ID_FACTOR,ID_DETALLE,ID_PARAMETRO,VALOR,FACTOR,FLAG_ESTADO) values ('14','154','24|25|26','6|2|7','1341,3873','1');
Insert into MRVMM.T_MAEM_FACTOR_DATA (ID_FACTOR,ID_DETALLE,ID_PARAMETRO,VALOR,FACTOR,FLAG_ESTADO) values ('14','155','24|25|26','6|3|1','690,3034','1');
Insert into MRVMM.T_MAEM_FACTOR_DATA (ID_FACTOR,ID_DETALLE,ID_PARAMETRO,VALOR,FACTOR,FLAG_ESTADO) values ('14','156','24|25|26','6|3|2','815,8131','1');
Insert into MRVMM.T_MAEM_FACTOR_DATA (ID_FACTOR,ID_DETALLE,ID_PARAMETRO,VALOR,FACTOR,FLAG_ESTADO) values ('14','157','24|25|26','6|3|3','1066,8325','1');
Insert into MRVMM.T_MAEM_FACTOR_DATA (ID_FACTOR,ID_DETALLE,ID_PARAMETRO,VALOR,FACTOR,FLAG_ESTADO) values ('14','158','24|25|26','6|3|4','1286,4744','1');
Insert into MRVMM.T_MAEM_FACTOR_DATA (ID_FACTOR,ID_DETALLE,ID_PARAMETRO,VALOR,FACTOR,FLAG_ESTADO) values ('14','159','24|25|26','6|3|5','1474,739','1');
Insert into MRVMM.T_MAEM_FACTOR_DATA (ID_FACTOR,ID_DETALLE,ID_PARAMETRO,VALOR,FACTOR,FLAG_ESTADO) values ('14','160','24|25|26','6|3|6','1725,7584','1');
Insert into MRVMM.T_MAEM_FACTOR_DATA (ID_FACTOR,ID_DETALLE,ID_PARAMETRO,VALOR,FACTOR,FLAG_ESTADO) values ('14','161','24|25|26','6|3|7','1882,6455','1');
Insert into MRVMM.T_MAEM_FACTOR_DATA (ID_FACTOR,ID_DETALLE,ID_PARAMETRO,VALOR,FACTOR,FLAG_ESTADO) values ('14','162','24|25|26','6|4|1','829,2263','1');
Insert into MRVMM.T_MAEM_FACTOR_DATA (ID_FACTOR,ID_DETALLE,ID_PARAMETRO,VALOR,FACTOR,FLAG_ESTADO) values ('14','163','24|25|26','6|4|2','979,9947','1');
Insert into MRVMM.T_MAEM_FACTOR_DATA (ID_FACTOR,ID_DETALLE,ID_PARAMETRO,VALOR,FACTOR,FLAG_ESTADO) values ('14','164','24|25|26','6|4|3','1281,5315','1');
Insert into MRVMM.T_MAEM_FACTOR_DATA (ID_FACTOR,ID_DETALLE,ID_PARAMETRO,VALOR,FACTOR,FLAG_ESTADO) values ('14','165','24|25|26','6|4|4','1545,3763','1');
Insert into MRVMM.T_MAEM_FACTOR_DATA (ID_FACTOR,ID_DETALLE,ID_PARAMETRO,VALOR,FACTOR,FLAG_ESTADO) values ('14','166','24|25|26','6|4|5','1771,5289','1');
Insert into MRVMM.T_MAEM_FACTOR_DATA (ID_FACTOR,ID_DETALLE,ID_PARAMETRO,VALOR,FACTOR,FLAG_ESTADO) values ('14','167','24|25|26','6|4|6','2073,0657','1');
Insert into MRVMM.T_MAEM_FACTOR_DATA (ID_FACTOR,ID_DETALLE,ID_PARAMETRO,VALOR,FACTOR,FLAG_ESTADO) values ('14','168','24|25|26','6|4|7','2261,5262','1');
Insert into MRVMM.T_MAEM_FACTOR_DATA (ID_FACTOR,ID_DETALLE,ID_PARAMETRO,VALOR,FACTOR,FLAG_ESTADO) values ('14','169','24|25|26','7|1|1','286,4576','1');
Insert into MRVMM.T_MAEM_FACTOR_DATA (ID_FACTOR,ID_DETALLE,ID_PARAMETRO,VALOR,FACTOR,FLAG_ESTADO) values ('14','170','24|25|26','7|1|2','338,5408','1');
Insert into MRVMM.T_MAEM_FACTOR_DATA (ID_FACTOR,ID_DETALLE,ID_PARAMETRO,VALOR,FACTOR,FLAG_ESTADO) values ('14','171','24|25|26','7|1|3','442,7072','1');
Insert into MRVMM.T_MAEM_FACTOR_DATA (ID_FACTOR,ID_DETALLE,ID_PARAMETRO,VALOR,FACTOR,FLAG_ESTADO) values ('14','172','24|25|26','7|1|4','533,8528','1');
Insert into MRVMM.T_MAEM_FACTOR_DATA (ID_FACTOR,ID_DETALLE,ID_PARAMETRO,VALOR,FACTOR,FLAG_ESTADO) values ('14','173','24|25|26','7|1|5','611,9776','1');
Insert into MRVMM.T_MAEM_FACTOR_DATA (ID_FACTOR,ID_DETALLE,ID_PARAMETRO,VALOR,FACTOR,FLAG_ESTADO) values ('14','174','24|25|26','7|1|6','716,144','1');
Insert into MRVMM.T_MAEM_FACTOR_DATA (ID_FACTOR,ID_DETALLE,ID_PARAMETRO,VALOR,FACTOR,FLAG_ESTADO) values ('14','175','24|25|26','7|1|7','781,248','1');
Insert into MRVMM.T_MAEM_FACTOR_DATA (ID_FACTOR,ID_DETALLE,ID_PARAMETRO,VALOR,FACTOR,FLAG_ESTADO) values ('14','176','24|25|26','7|2|1','367,2268','1');
Insert into MRVMM.T_MAEM_FACTOR_DATA (ID_FACTOR,ID_DETALLE,ID_PARAMETRO,VALOR,FACTOR,FLAG_ESTADO) values ('14','177','24|25|26','7|2|2','433,9953','1');
Insert into MRVMM.T_MAEM_FACTOR_DATA (ID_FACTOR,ID_DETALLE,ID_PARAMETRO,VALOR,FACTOR,FLAG_ESTADO) values ('14','178','24|25|26','7|2|3','567,5323','1');
Insert into MRVMM.T_MAEM_FACTOR_DATA (ID_FACTOR,ID_DETALLE,ID_PARAMETRO,VALOR,FACTOR,FLAG_ESTADO) values ('14','179','24|25|26','7|2|4','684,3771','1');
Insert into MRVMM.T_MAEM_FACTOR_DATA (ID_FACTOR,ID_DETALLE,ID_PARAMETRO,VALOR,FACTOR,FLAG_ESTADO) values ('14','180','24|25|26','7|2|5','784,5299','1');
Insert into MRVMM.T_MAEM_FACTOR_DATA (ID_FACTOR,ID_DETALLE,ID_PARAMETRO,VALOR,FACTOR,FLAG_ESTADO) values ('14','181','24|25|26','7|2|6','918,0669','1');
Insert into MRVMM.T_MAEM_FACTOR_DATA (ID_FACTOR,ID_DETALLE,ID_PARAMETRO,VALOR,FACTOR,FLAG_ESTADO) values ('14','182','24|25|26','7|2|7','1001,5275','1');
Insert into MRVMM.T_MAEM_FACTOR_DATA (ID_FACTOR,ID_DETALLE,ID_PARAMETRO,VALOR,FACTOR,FLAG_ESTADO) values ('14','183','24|25|26','7|3|1','482,6113','1');


REM INSERTING into MRVMM.T_MAEM_MEDIDA_FACTOR
SET DEFINE OFF;
Insert into MRVMM.T_MAEM_MEDIDA_FACTOR (ID_MEDMIT,ID_FACTOR,FLAG_ESTADO,ORDEN) values ('8','11','1','1');
Insert into MRVMM.T_MAEM_MEDIDA_FACTOR (ID_MEDMIT,ID_FACTOR,FLAG_ESTADO,ORDEN) values ('8','2','1','2');
Insert into MRVMM.T_MAEM_MEDIDA_FACTOR (ID_MEDMIT,ID_FACTOR,FLAG_ESTADO,ORDEN) values ('8','10','1','3');
Insert into MRVMM.T_MAEM_MEDIDA_FACTOR (ID_MEDMIT,ID_FACTOR,FLAG_ESTADO,ORDEN) values ('3','2','1','1');
Insert into MRVMM.T_MAEM_MEDIDA_FACTOR (ID_MEDMIT,ID_FACTOR,FLAG_ESTADO,ORDEN) values ('12','1','1','1');
Insert into MRVMM.T_MAEM_MEDIDA_FACTOR (ID_MEDMIT,ID_FACTOR,FLAG_ESTADO,ORDEN) values ('12','2','1','2');
Insert into MRVMM.T_MAEM_MEDIDA_FACTOR (ID_MEDMIT,ID_FACTOR,FLAG_ESTADO,ORDEN) values ('12','3','1','3');
Insert into MRVMM.T_MAEM_MEDIDA_FACTOR (ID_MEDMIT,ID_FACTOR,FLAG_ESTADO,ORDEN) values ('12','4','1','4');
Insert into MRVMM.T_MAEM_MEDIDA_FACTOR (ID_MEDMIT,ID_FACTOR,FLAG_ESTADO,ORDEN) values ('12','6','1','5');
Insert into MRVMM.T_MAEM_MEDIDA_FACTOR (ID_MEDMIT,ID_FACTOR,FLAG_ESTADO,ORDEN) values ('7','10','1','1');
Insert into MRVMM.T_MAEM_MEDIDA_FACTOR (ID_MEDMIT,ID_FACTOR,FLAG_ESTADO,ORDEN) values ('7','2','1','2');
Insert into MRVMM.T_MAEM_MEDIDA_FACTOR (ID_MEDMIT,ID_FACTOR,FLAG_ESTADO,ORDEN) values ('7','11','1','3');
Insert into MRVMM.T_MAEM_MEDIDA_FACTOR (ID_MEDMIT,ID_FACTOR,FLAG_ESTADO,ORDEN) values ('6','10','1','1');
Insert into MRVMM.T_MAEM_MEDIDA_FACTOR (ID_MEDMIT,ID_FACTOR,FLAG_ESTADO,ORDEN) values ('6','11','1','2');
Insert into MRVMM.T_MAEM_MEDIDA_FACTOR (ID_MEDMIT,ID_FACTOR,FLAG_ESTADO,ORDEN) values ('6','2','1','3');
Insert into MRVMM.T_MAEM_MEDIDA_FACTOR (ID_MEDMIT,ID_FACTOR,FLAG_ESTADO,ORDEN) values ('5','10','1','1');
Insert into MRVMM.T_MAEM_MEDIDA_FACTOR (ID_MEDMIT,ID_FACTOR,FLAG_ESTADO,ORDEN) values ('5','11','1','2');
Insert into MRVMM.T_MAEM_MEDIDA_FACTOR (ID_MEDMIT,ID_FACTOR,FLAG_ESTADO,ORDEN) values ('5','2','1','3');
Insert into MRVMM.T_MAEM_MEDIDA_FACTOR (ID_MEDMIT,ID_FACTOR,FLAG_ESTADO,ORDEN) values ('3','10','1','2');
Insert into MRVMM.T_MAEM_MEDIDA_FACTOR (ID_MEDMIT,ID_FACTOR,FLAG_ESTADO,ORDEN) values ('3','11','1','3');
Insert into MRVMM.T_MAEM_MEDIDA_FACTOR (ID_MEDMIT,ID_FACTOR,FLAG_ESTADO,ORDEN) values ('2','2','1','1');
Insert into MRVMM.T_MAEM_MEDIDA_FACTOR (ID_MEDMIT,ID_FACTOR,FLAG_ESTADO,ORDEN) values ('2','11','1','2');
Insert into MRVMM.T_MAEM_MEDIDA_FACTOR (ID_MEDMIT,ID_FACTOR,FLAG_ESTADO,ORDEN) values ('2','12','1','3');
Insert into MRVMM.T_MAEM_MEDIDA_FACTOR (ID_MEDMIT,ID_FACTOR,FLAG_ESTADO,ORDEN) values ('2','13','1','4');
Insert into MRVMM.T_MAEM_MEDIDA_FACTOR (ID_MEDMIT,ID_FACTOR,FLAG_ESTADO,ORDEN) values ('11','7','1','1');
Insert into MRVMM.T_MAEM_MEDIDA_FACTOR (ID_MEDMIT,ID_FACTOR,FLAG_ESTADO,ORDEN) values ('10','8','1','1');
Insert into MRVMM.T_MAEM_MEDIDA_FACTOR (ID_MEDMIT,ID_FACTOR,FLAG_ESTADO,ORDEN) values ('9','9','1','1');
Insert into MRVMM.T_MAEM_MEDIDA_FACTOR (ID_MEDMIT,ID_FACTOR,FLAG_ESTADO,ORDEN) values ('9','10','1','2');
Insert into MRVMM.T_MAEM_MEDIDA_FACTOR (ID_MEDMIT,ID_FACTOR,FLAG_ESTADO,ORDEN) values ('1','2','1','1');
Insert into MRVMM.T_MAEM_MEDIDA_FACTOR (ID_MEDMIT,ID_FACTOR,FLAG_ESTADO,ORDEN) values ('1','11','1','2');
Insert into MRVMM.T_MAEM_MEDIDA_FACTOR (ID_MEDMIT,ID_FACTOR,FLAG_ESTADO,ORDEN) values ('1','14','1','3');
Insert into MRVMM.T_MAEM_MEDIDA_FACTOR (ID_MEDMIT,ID_FACTOR,FLAG_ESTADO,ORDEN) values ('1','15','1','4');


REM INSERTING into MRVMM.T_MAEM_FORMULA_PARAMETRO
SET DEFINE OFF;
Insert into MRVMM.T_MAEM_FORMULA_PARAMETRO (ID_PARAMETRO,ID_ENFOQUE,ID_MEDMIT,COMPORTAMIENTO,VALOR,FORMULA,FORMULA_ARMADO,FLAG_ACTIVO) values ('9','4','12','=',null,'([F3]*[F5]*[F1]/[C1000000])+([P8]*[F5]*[F1]/[C1000000])',null,'1');
Insert into MRVMM.T_MAEM_FORMULA_PARAMETRO (ID_PARAMETRO,ID_ENFOQUE,ID_MEDMIT,COMPORTAMIENTO,VALOR,FORMULA,FORMULA_ARMADO,FLAG_ACTIVO) values ('11','5','11','=',null,'[P16]/[C1000]*[F7]',null,'1');
Insert into MRVMM.T_MAEM_FORMULA_PARAMETRO (ID_PARAMETRO,ID_ENFOQUE,ID_MEDMIT,COMPORTAMIENTO,VALOR,FORMULA,FORMULA_ARMADO,FLAG_ACTIVO) values ('11','10','7','=',null,'((([P19]-[P20])/([C1]-[F2]))*[C1]/[C1000000]*[F11]*[P12]*[C4380])*([C12]-[P17])/[C12]',null,'1');
Insert into MRVMM.T_MAEM_FORMULA_PARAMETRO (ID_PARAMETRO,ID_ENFOQUE,ID_MEDMIT,COMPORTAMIENTO,VALOR,FORMULA,FORMULA_ARMADO,FLAG_ACTIVO) values ('9','3','12','=',null,'[P7]*[C1000]/[F3]*[F1]/[C1000000]','[P7]|*|[C1000]|/|[F3]|*|[F1]|/|[C1000000]','1');
Insert into MRVMM.T_MAEM_FORMULA_PARAMETRO (ID_PARAMETRO,ID_ENFOQUE,ID_MEDMIT,COMPORTAMIENTO,VALOR,FORMULA,FORMULA_ARMADO,FLAG_ACTIVO) values ('10','3','12','=',null,'[P7]/([C1]-[F2])*[C1000]/[F3]*[F6]/[C1000]','[P7]|/|(|[1]|-|[F2]|)|*|[C1000]|/|[F3]|*|[F6]|/|[C1000]','1');
Insert into MRVMM.T_MAEM_FORMULA_PARAMETRO (ID_PARAMETRO,ID_ENFOQUE,ID_MEDMIT,COMPORTAMIENTO,VALOR,FORMULA,FORMULA_ARMADO,FLAG_ACTIVO) values ('11','3','12','=',null,'[P9]-[P10]','[P9]|-|[P10]','1');
Insert into MRVMM.T_MAEM_FORMULA_PARAMETRO (ID_PARAMETRO,ID_ENFOQUE,ID_MEDMIT,COMPORTAMIENTO,VALOR,FORMULA,FORMULA_ARMADO,FLAG_ACTIVO) values ('9','1','12','=',null,'([P4]*[P12]*[F1])/[C1000000]','(|[P4]|*|[P12]|*|[F1]|)|/|[C1000000]','1');
Insert into MRVMM.T_MAEM_FORMULA_PARAMETRO (ID_PARAMETRO,ID_ENFOQUE,ID_MEDMIT,COMPORTAMIENTO,VALOR,FORMULA,FORMULA_ARMADO,FLAG_ACTIVO) values ('10','1','12','=',null,'([P4]*[P12]*[F4]*[F3]/([C1]-[F2]))/[C1000]','(|[P4]|*|[P12]|*|[F4]|*|[F3]|/|(|[C1]|-|[F2]|)|)|/|[C1000]','1');
Insert into MRVMM.T_MAEM_FORMULA_PARAMETRO (ID_PARAMETRO,ID_ENFOQUE,ID_MEDMIT,COMPORTAMIENTO,VALOR,FORMULA,FORMULA_ARMADO,FLAG_ACTIVO) values ('11','1','12','=',null,'[P9]-[P10]','[P9]|-|[P10]','1');
Insert into MRVMM.T_MAEM_FORMULA_PARAMETRO (ID_PARAMETRO,ID_ENFOQUE,ID_MEDMIT,COMPORTAMIENTO,VALOR,FORMULA,FORMULA_ARMADO,FLAG_ACTIVO) values ('11','12','5','=',null,'((([P19]-[P20])/([C1]-[F2]))*[C1]/[C1000000]*[F11]*[P12]*[C1278])*([C12]-[P17])/[C12]',null,'1');
Insert into MRVMM.T_MAEM_FORMULA_PARAMETRO (ID_PARAMETRO,ID_ENFOQUE,ID_MEDMIT,COMPORTAMIENTO,VALOR,FORMULA,FORMULA_ARMADO,FLAG_ACTIVO) values ('11','13','3','=',null,'((([P19]-[P20])/([C1]-[F2]))*[C1]/[C1000000]*[F11]*[P12]*[C2112])*([C12]-[P17])/[C12]',null,'1');
Insert into MRVMM.T_MAEM_FORMULA_PARAMETRO (ID_PARAMETRO,ID_ENFOQUE,ID_MEDMIT,COMPORTAMIENTO,VALOR,FORMULA,FORMULA_ARMADO,FLAG_ACTIVO) values ('11','14','2','=',null,'(([F12]-[F13])/([C1]-[F2])*[C1]/[C1000]*[F11]*[P12])*([C12]-[F10])/12',null,'1');
Insert into MRVMM.T_MAEM_FORMULA_PARAMETRO (ID_PARAMETRO,ID_ENFOQUE,ID_MEDMIT,COMPORTAMIENTO,VALOR,FORMULA,FORMULA_ARMADO,FLAG_ACTIVO) values ('9','2','12','=',null,'(([P4]+[P15])*[P12]*[F1])/[C1000000]',null,'1');
Insert into MRVMM.T_MAEM_FORMULA_PARAMETRO (ID_PARAMETRO,ID_ENFOQUE,ID_MEDMIT,COMPORTAMIENTO,VALOR,FORMULA,FORMULA_ARMADO,FLAG_ACTIVO) values ('10','2','12','=',null,'([P4]*[P12]*[P13]*[F4])/([C1]-[F2])/[C1000] + ([P15]*[P12]*[F1])/[C1000000]',null,'1');
Insert into MRVMM.T_MAEM_FORMULA_PARAMETRO (ID_PARAMETRO,ID_ENFOQUE,ID_MEDMIT,COMPORTAMIENTO,VALOR,FORMULA,FORMULA_ARMADO,FLAG_ACTIVO) values ('11','2','12','=',null,'[P9]-[P10]',null,'1');
Insert into MRVMM.T_MAEM_FORMULA_PARAMETRO (ID_PARAMETRO,ID_ENFOQUE,ID_MEDMIT,COMPORTAMIENTO,VALOR,FORMULA,FORMULA_ARMADO,FLAG_ACTIVO) values ('11','6','10','=',null,'[P16]/[C1000]*[F8]',null,'1');
Insert into MRVMM.T_MAEM_FORMULA_PARAMETRO (ID_PARAMETRO,ID_ENFOQUE,ID_MEDMIT,COMPORTAMIENTO,VALOR,FORMULA,FORMULA_ARMADO,FLAG_ACTIVO) values ('11','7','9','=',null,'([C12]-[F10])*[P12]*[F9]',null,'1');
Insert into MRVMM.T_MAEM_FORMULA_PARAMETRO (ID_PARAMETRO,ID_ENFOQUE,ID_MEDMIT,COMPORTAMIENTO,VALOR,FORMULA,FORMULA_ARMADO,FLAG_ACTIVO) values ('11','11','6','=',null,'((([P19]-[P20])/([C1]-[F2]))*[C1]/[C1000000]*[F11]*[P12]*[C2640])*([C12]-[P17])/[C12]',null,'1');
Insert into MRVMM.T_MAEM_FORMULA_PARAMETRO (ID_PARAMETRO,ID_ENFOQUE,ID_MEDMIT,COMPORTAMIENTO,VALOR,FORMULA,FORMULA_ARMADO,FLAG_ACTIVO) values ('11','16','1','=',null,'[F15]',null,'1');

REM INSERTING into MRVMM.T_MAEM_MRV_VARIABLES
SET DEFINE OFF;
Insert into MRVMM.T_MAEM_MRV_VARIABLES (ID_VARIABLE,NOMBRE,ID_PARAMETRO) values ('1','DÍAS DE FUNCIONAMIENTO','21');
Insert into MRVMM.T_MAEM_MRV_VARIABLES (ID_VARIABLE,NOMBRE,ID_PARAMETRO) values ('2','SUMATORIA DE EMISIONES GEI REDUCIDAS','6');

