--------------------------------------------------------
-- Archivo creado  - lunes-marzo-09-2020   
--------------------------------------------------------
REM INSERTING into MRVMM.T_MAEM_TIPO_DATO
SET DEFINE OFF;
Insert into MRVMM.T_MAEM_TIPO_DATO (ID_TIPO_DATO,TIPO_DATO) values ('1','FECHA');
Insert into MRVMM.T_MAEM_TIPO_DATO (ID_TIPO_DATO,TIPO_DATO) values ('2','NUMERO');
Insert into MRVMM.T_MAEM_TIPO_DATO (ID_TIPO_DATO,TIPO_DATO) values ('3','CARACTER');
REM INSERTING into MRVMM.T_MAEM_TIPO_CONTROL
SET DEFINE OFF;
Insert into MRVMM.T_MAEM_TIPO_CONTROL (ID_TIPO_CONTROL,TIPO_CONTROL) values ('1','LISTA');
Insert into MRVMM.T_MAEM_TIPO_CONTROL (ID_TIPO_CONTROL,TIPO_CONTROL) values ('2','TEXTO');
REM INSERTING into MRVMM.T_MAEM_MRV_PARAMETRO
SET DEFINE OFF;
Insert into MRVMM.T_MAEM_MRV_PARAMETRO (ID_PARAMETRO,ID_TIPO_CONTROL,ID_TIPO_DATO,NOMBRE_PARAMETRO,EDITABLE,VERIFICABLE,FLG_ESTADO,ID_PREFIJO,ID_UNIDAD_MEDIDA,DESCRIPCION_UNIDAD,COMBINACION_UNIDAD,DESCRIPCION_PARAMETRO,LEYENDA_PARAMETRO) values ('40','1','2','CAPACIDAD CALENTADOR(L)','1','1','1',null,null,null,null,null,null);
Insert into MRVMM.T_MAEM_MRV_PARAMETRO (ID_PARAMETRO,ID_TIPO_CONTROL,ID_TIPO_DATO,NOMBRE_PARAMETRO,EDITABLE,VERIFICABLE,FLG_ESTADO,ID_PREFIJO,ID_UNIDAD_MEDIDA,DESCRIPCION_UNIDAD,COMBINACION_UNIDAD,DESCRIPCION_PARAMETRO,LEYENDA_PARAMETRO) values ('41','1','2','CAPACIDAD CALENTADOR GAS (L)','1','1','1',null,null,null,null,null,null);
Insert into MRVMM.T_MAEM_MRV_PARAMETRO (ID_PARAMETRO,ID_TIPO_CONTROL,ID_TIPO_DATO,NOMBRE_PARAMETRO,EDITABLE,VERIFICABLE,FLG_ESTADO,ID_PREFIJO,ID_UNIDAD_MEDIDA,DESCRIPCION_UNIDAD,COMBINACION_UNIDAD,DESCRIPCION_PARAMETRO,LEYENDA_PARAMETRO) values ('19','2','2','POTENCIA BASE (W)','1','1','1',null,null,null,null,'Valor de potencia antes de la implementación',null);
Insert into MRVMM.T_MAEM_MRV_PARAMETRO (ID_PARAMETRO,ID_TIPO_CONTROL,ID_TIPO_DATO,NOMBRE_PARAMETRO,EDITABLE,VERIFICABLE,FLG_ESTADO,ID_PREFIJO,ID_UNIDAD_MEDIDA,DESCRIPCION_UNIDAD,COMBINACION_UNIDAD,DESCRIPCION_PARAMETRO,LEYENDA_PARAMETRO) values ('20','2','2','POTENCIA INICIATIVA (W)','1','1','1',null,null,null,null,'Valor de potencia posterior a la implementación',null);
Insert into MRVMM.T_MAEM_MRV_PARAMETRO (ID_PARAMETRO,ID_TIPO_CONTROL,ID_TIPO_DATO,NOMBRE_PARAMETRO,EDITABLE,VERIFICABLE,FLG_ESTADO,ID_PREFIJO,ID_UNIDAD_MEDIDA,DESCRIPCION_UNIDAD,COMBINACION_UNIDAD,DESCRIPCION_PARAMETRO,LEYENDA_PARAMETRO) values ('30','1','2','FUENTE COCCION BASE','1','1','1',null,null,null,null,null,null);
Insert into MRVMM.T_MAEM_MRV_PARAMETRO (ID_PARAMETRO,ID_TIPO_CONTROL,ID_TIPO_DATO,NOMBRE_PARAMETRO,EDITABLE,VERIFICABLE,FLG_ESTADO,ID_PREFIJO,ID_UNIDAD_MEDIDA,DESCRIPCION_UNIDAD,COMBINACION_UNIDAD,DESCRIPCION_PARAMETRO,LEYENDA_PARAMETRO) values ('31','1','2','FUENTE COCCION INIC','1','1','1',null,null,null,null,null,null);
Insert into MRVMM.T_MAEM_MRV_PARAMETRO (ID_PARAMETRO,ID_TIPO_CONTROL,ID_TIPO_DATO,NOMBRE_PARAMETRO,EDITABLE,VERIFICABLE,FLG_ESTADO,ID_PREFIJO,ID_UNIDAD_MEDIDA,DESCRIPCION_UNIDAD,COMBINACION_UNIDAD,DESCRIPCION_PARAMETRO,LEYENDA_PARAMETRO) values ('32','2','1','INICIO OPERACIONES (COCCION)','1','1','1',null,null,null,null,'Fecha en que la iniciativa empieza a operar',null);
Insert into MRVMM.T_MAEM_MRV_PARAMETRO (ID_PARAMETRO,ID_TIPO_CONTROL,ID_TIPO_DATO,NOMBRE_PARAMETRO,EDITABLE,VERIFICABLE,FLG_ESTADO,ID_PREFIJO,ID_UNIDAD_MEDIDA,DESCRIPCION_UNIDAD,COMBINACION_UNIDAD,DESCRIPCION_PARAMETRO,LEYENDA_PARAMETRO) values ('1','1',null,'TIPO DE VEHÍCULO','1','1','1',null,null,null,null,'Categoria del vehiculo',null);
Insert into MRVMM.T_MAEM_MRV_PARAMETRO (ID_PARAMETRO,ID_TIPO_CONTROL,ID_TIPO_DATO,NOMBRE_PARAMETRO,EDITABLE,VERIFICABLE,FLG_ESTADO,ID_PREFIJO,ID_UNIDAD_MEDIDA,DESCRIPCION_UNIDAD,COMBINACION_UNIDAD,DESCRIPCION_PARAMETRO,LEYENDA_PARAMETRO) values ('2','2','1','INICIO DE OPERACIONES','1','0','1',null,null,null,null,'Fecha en que la iniciativa empieza a operar',null);
Insert into MRVMM.T_MAEM_MRV_PARAMETRO (ID_PARAMETRO,ID_TIPO_CONTROL,ID_TIPO_DATO,NOMBRE_PARAMETRO,EDITABLE,VERIFICABLE,FLG_ESTADO,ID_PREFIJO,ID_UNIDAD_MEDIDA,DESCRIPCION_UNIDAD,COMBINACION_UNIDAD,DESCRIPCION_PARAMETRO,LEYENDA_PARAMETRO) values ('3','1',null,'TIPO DE COMBUSTIBLE','1','1','1',null,null,null,null,'Combustible del vehiculo que ha sido reemplazado',null);
Insert into MRVMM.T_MAEM_MRV_PARAMETRO (ID_PARAMETRO,ID_TIPO_CONTROL,ID_TIPO_DATO,NOMBRE_PARAMETRO,EDITABLE,VERIFICABLE,FLG_ESTADO,ID_PREFIJO,ID_UNIDAD_MEDIDA,DESCRIPCION_UNIDAD,COMBINACION_UNIDAD,DESCRIPCION_PARAMETRO,LEYENDA_PARAMETRO) values ('4','2','2','KRV ELÉCTRICO','1','1','1',null,null,null,null,'Distancia recorrida anualmente por vehiculo del proyecto',null);
Insert into MRVMM.T_MAEM_MRV_PARAMETRO (ID_PARAMETRO,ID_TIPO_CONTROL,ID_TIPO_DATO,NOMBRE_PARAMETRO,EDITABLE,VERIFICABLE,FLG_ESTADO,ID_PREFIJO,ID_UNIDAD_MEDIDA,DESCRIPCION_UNIDAD,COMBINACION_UNIDAD,DESCRIPCION_PARAMETRO,LEYENDA_PARAMETRO) values ('5','2','3','PLACA','1','0','1',null,null,null,null,'Número de placa del vehículo',null);
Insert into MRVMM.T_MAEM_MRV_PARAMETRO (ID_PARAMETRO,ID_TIPO_CONTROL,ID_TIPO_DATO,NOMBRE_PARAMETRO,EDITABLE,VERIFICABLE,FLG_ESTADO,ID_PREFIJO,ID_UNIDAD_MEDIDA,DESCRIPCION_UNIDAD,COMBINACION_UNIDAD,DESCRIPCION_PARAMETRO,LEYENDA_PARAMETRO) values ('6','1',null,'AÑO','1','1','1',null,null,null,null,'Año al que corresponde el registro',null);
Insert into MRVMM.T_MAEM_MRV_PARAMETRO (ID_PARAMETRO,ID_TIPO_CONTROL,ID_TIPO_DATO,NOMBRE_PARAMETRO,EDITABLE,VERIFICABLE,FLG_ESTADO,ID_PREFIJO,ID_UNIDAD_MEDIDA,DESCRIPCION_UNIDAD,COMBINACION_UNIDAD,DESCRIPCION_PARAMETRO,LEYENDA_PARAMETRO) values ('7','2','2','CONSUMO DE ELECTRICIDAD','1','1','1',null,null,null,null,'Valor de consumo en megavatios por hora',null);
Insert into MRVMM.T_MAEM_MRV_PARAMETRO (ID_PARAMETRO,ID_TIPO_CONTROL,ID_TIPO_DATO,NOMBRE_PARAMETRO,EDITABLE,VERIFICABLE,FLG_ESTADO,ID_PREFIJO,ID_UNIDAD_MEDIDA,DESCRIPCION_UNIDAD,COMBINACION_UNIDAD,DESCRIPCION_PARAMETRO,LEYENDA_PARAMETRO) values ('8','2','2','CONSUMO DE COMBUSTIBLE','1','1','1',null,null,null,null,'cantidad de galones al año',null);
Insert into MRVMM.T_MAEM_MRV_PARAMETRO (ID_PARAMETRO,ID_TIPO_CONTROL,ID_TIPO_DATO,NOMBRE_PARAMETRO,EDITABLE,VERIFICABLE,FLG_ESTADO,ID_PREFIJO,ID_UNIDAD_MEDIDA,DESCRIPCION_UNIDAD,COMBINACION_UNIDAD,DESCRIPCION_PARAMETRO,LEYENDA_PARAMETRO) values ('9','2','2','LÍNEA BASE EMISIONES GEI','0','0','1',null,'1','CO2eq',null,null,null);
Insert into MRVMM.T_MAEM_MRV_PARAMETRO (ID_PARAMETRO,ID_TIPO_CONTROL,ID_TIPO_DATO,NOMBRE_PARAMETRO,EDITABLE,VERIFICABLE,FLG_ESTADO,ID_PREFIJO,ID_UNIDAD_MEDIDA,DESCRIPCION_UNIDAD,COMBINACION_UNIDAD,DESCRIPCION_PARAMETRO,LEYENDA_PARAMETRO) values ('10','2','2','INICIATIVA MITIGACIÓN EMISIONES GEI','0','0','1',null,'1','CO2eq',null,null,null);
Insert into MRVMM.T_MAEM_MRV_PARAMETRO (ID_PARAMETRO,ID_TIPO_CONTROL,ID_TIPO_DATO,NOMBRE_PARAMETRO,EDITABLE,VERIFICABLE,FLG_ESTADO,ID_PREFIJO,ID_UNIDAD_MEDIDA,DESCRIPCION_UNIDAD,COMBINACION_UNIDAD,DESCRIPCION_PARAMETRO,LEYENDA_PARAMETRO) values ('11','2','2','EMISIONES GEI REDUCIDAS','0','0','1',null,'1','CO2eq',null,'Reducción de CO2eq',null);
Insert into MRVMM.T_MAEM_MRV_PARAMETRO (ID_PARAMETRO,ID_TIPO_CONTROL,ID_TIPO_DATO,NOMBRE_PARAMETRO,EDITABLE,VERIFICABLE,FLG_ESTADO,ID_PREFIJO,ID_UNIDAD_MEDIDA,DESCRIPCION_UNIDAD,COMBINACION_UNIDAD,DESCRIPCION_PARAMETRO,LEYENDA_PARAMETRO) values ('12','2','2','CANTIDAD','1','1','1',null,null,null,null,'Número de unidades de este tipo o clase',null);
Insert into MRVMM.T_MAEM_MRV_PARAMETRO (ID_PARAMETRO,ID_TIPO_CONTROL,ID_TIPO_DATO,NOMBRE_PARAMETRO,EDITABLE,VERIFICABLE,FLG_ESTADO,ID_PREFIJO,ID_UNIDAD_MEDIDA,DESCRIPCION_UNIDAD,COMBINACION_UNIDAD,DESCRIPCION_PARAMETRO,LEYENDA_PARAMETRO) values ('13','2','2','FACTOR DE RENDIMIENTO','1','1','1',null,null,null,'kWh/km',null,null);
Insert into MRVMM.T_MAEM_MRV_PARAMETRO (ID_PARAMETRO,ID_TIPO_CONTROL,ID_TIPO_DATO,NOMBRE_PARAMETRO,EDITABLE,VERIFICABLE,FLG_ESTADO,ID_PREFIJO,ID_UNIDAD_MEDIDA,DESCRIPCION_UNIDAD,COMBINACION_UNIDAD,DESCRIPCION_PARAMETRO,LEYENDA_PARAMETRO) values ('14','1',null,'TIPO DE FUENTE','1','1','1',null,null,null,null,null,null);
Insert into MRVMM.T_MAEM_MRV_PARAMETRO (ID_PARAMETRO,ID_TIPO_CONTROL,ID_TIPO_DATO,NOMBRE_PARAMETRO,EDITABLE,VERIFICABLE,FLG_ESTADO,ID_PREFIJO,ID_UNIDAD_MEDIDA,DESCRIPCION_UNIDAD,COMBINACION_UNIDAD,DESCRIPCION_PARAMETRO,LEYENDA_PARAMETRO) values ('21','1','2','CAPACIDAD','1','1','1',null,null,null,null,'Potencia o consumo del equipo',null);
Insert into MRVMM.T_MAEM_MRV_PARAMETRO (ID_PARAMETRO,ID_TIPO_CONTROL,ID_TIPO_DATO,NOMBRE_PARAMETRO,EDITABLE,VERIFICABLE,FLG_ESTADO,ID_PREFIJO,ID_UNIDAD_MEDIDA,DESCRIPCION_UNIDAD,COMBINACION_UNIDAD,DESCRIPCION_PARAMETRO,LEYENDA_PARAMETRO) values ('22','1','3','CLASE (ETIQUETA) BAU','1','1','1',null,null,null,null,'Letra de la etiqueea antes de la implementación',null);
Insert into MRVMM.T_MAEM_MRV_PARAMETRO (ID_PARAMETRO,ID_TIPO_CONTROL,ID_TIPO_DATO,NOMBRE_PARAMETRO,EDITABLE,VERIFICABLE,FLG_ESTADO,ID_PREFIJO,ID_UNIDAD_MEDIDA,DESCRIPCION_UNIDAD,COMBINACION_UNIDAD,DESCRIPCION_PARAMETRO,LEYENDA_PARAMETRO) values ('23','1','3','CLASE (ETIQUETA) INICIATIVA','1','1','1',null,null,null,null,'Letra de la etiqueta posterior a la implm',null);
Insert into MRVMM.T_MAEM_MRV_PARAMETRO (ID_PARAMETRO,ID_TIPO_CONTROL,ID_TIPO_DATO,NOMBRE_PARAMETRO,EDITABLE,VERIFICABLE,FLG_ESTADO,ID_PREFIJO,ID_UNIDAD_MEDIDA,DESCRIPCION_UNIDAD,COMBINACION_UNIDAD,DESCRIPCION_PARAMETRO,LEYENDA_PARAMETRO) values ('28','1','2','CATEGORIA(8-10)','1','1','1',null,null,null,null,'Según el reglamento técnico de EEE',null);
Insert into MRVMM.T_MAEM_MRV_PARAMETRO (ID_PARAMETRO,ID_TIPO_CONTROL,ID_TIPO_DATO,NOMBRE_PARAMETRO,EDITABLE,VERIFICABLE,FLG_ESTADO,ID_PREFIJO,ID_UNIDAD_MEDIDA,DESCRIPCION_UNIDAD,COMBINACION_UNIDAD,DESCRIPCION_PARAMETRO,LEYENDA_PARAMETRO) values ('29','1','2','CAPACIDAD CONGELA','1','1','1',null,null,null,null,'Capacidad de la refrigeradora en litros',null);
Insert into MRVMM.T_MAEM_MRV_PARAMETRO (ID_PARAMETRO,ID_TIPO_CONTROL,ID_TIPO_DATO,NOMBRE_PARAMETRO,EDITABLE,VERIFICABLE,FLG_ESTADO,ID_PREFIJO,ID_UNIDAD_MEDIDA,DESCRIPCION_UNIDAD,COMBINACION_UNIDAD,DESCRIPCION_PARAMETRO,LEYENDA_PARAMETRO) values ('42','1','2','COMBUSTIBLE BAU','1','1','1',null,null,null,null,null,null);
Insert into MRVMM.T_MAEM_MRV_PARAMETRO (ID_PARAMETRO,ID_TIPO_CONTROL,ID_TIPO_DATO,NOMBRE_PARAMETRO,EDITABLE,VERIFICABLE,FLG_ESTADO,ID_PREFIJO,ID_UNIDAD_MEDIDA,DESCRIPCION_UNIDAD,COMBINACION_UNIDAD,DESCRIPCION_PARAMETRO,LEYENDA_PARAMETRO) values ('43','1','2','COMBUSTIBLE INI','1','1','1',null,null,null,null,null,null);
Insert into MRVMM.T_MAEM_MRV_PARAMETRO (ID_PARAMETRO,ID_TIPO_CONTROL,ID_TIPO_DATO,NOMBRE_PARAMETRO,EDITABLE,VERIFICABLE,FLG_ESTADO,ID_PREFIJO,ID_UNIDAD_MEDIDA,DESCRIPCION_UNIDAD,COMBINACION_UNIDAD,DESCRIPCION_PARAMETRO,LEYENDA_PARAMETRO) values ('44','2','2','CONSUMO ANUAL BAU','1','1','1',null,null,null,null,null,null);
Insert into MRVMM.T_MAEM_MRV_PARAMETRO (ID_PARAMETRO,ID_TIPO_CONTROL,ID_TIPO_DATO,NOMBRE_PARAMETRO,EDITABLE,VERIFICABLE,FLG_ESTADO,ID_PREFIJO,ID_UNIDAD_MEDIDA,DESCRIPCION_UNIDAD,COMBINACION_UNIDAD,DESCRIPCION_PARAMETRO,LEYENDA_PARAMETRO) values ('45','2','2','CONSUMO ANUAL INI','1','1','1',null,null,null,null,null,null);
Insert into MRVMM.T_MAEM_MRV_PARAMETRO (ID_PARAMETRO,ID_TIPO_CONTROL,ID_TIPO_DATO,NOMBRE_PARAMETRO,EDITABLE,VERIFICABLE,FLG_ESTADO,ID_PREFIJO,ID_UNIDAD_MEDIDA,DESCRIPCION_UNIDAD,COMBINACION_UNIDAD,DESCRIPCION_PARAMETRO,LEYENDA_PARAMETRO) values ('46','2','2','PRODUCCION ANUAL BAU','1','1','1',null,null,null,null,null,null);
Insert into MRVMM.T_MAEM_MRV_PARAMETRO (ID_PARAMETRO,ID_TIPO_CONTROL,ID_TIPO_DATO,NOMBRE_PARAMETRO,EDITABLE,VERIFICABLE,FLG_ESTADO,ID_PREFIJO,ID_UNIDAD_MEDIDA,DESCRIPCION_UNIDAD,COMBINACION_UNIDAD,DESCRIPCION_PARAMETRO,LEYENDA_PARAMETRO) values ('47','2','2','PRODUCCION ANUAL INI','1','1','1',null,null,null,null,null,null);
Insert into MRVMM.T_MAEM_MRV_PARAMETRO (ID_PARAMETRO,ID_TIPO_CONTROL,ID_TIPO_DATO,NOMBRE_PARAMETRO,EDITABLE,VERIFICABLE,FLG_ESTADO,ID_PREFIJO,ID_UNIDAD_MEDIDA,DESCRIPCION_UNIDAD,COMBINACION_UNIDAD,DESCRIPCION_PARAMETRO,LEYENDA_PARAMETRO) values ('15','2','2','KRV COMBUSTIBLE','1','1','1',null,null,null,null,'Distancia recorrida anualmente por vehiculo del proyecto',null);
Insert into MRVMM.T_MAEM_MRV_PARAMETRO (ID_PARAMETRO,ID_TIPO_CONTROL,ID_TIPO_DATO,NOMBRE_PARAMETRO,EDITABLE,VERIFICABLE,FLG_ESTADO,ID_PREFIJO,ID_UNIDAD_MEDIDA,DESCRIPCION_UNIDAD,COMBINACION_UNIDAD,DESCRIPCION_PARAMETRO,LEYENDA_PARAMETRO) values ('16','2','2','ELECTRIDAD GENERADA','1','1','1',null,null,null,'MWh','Valor de electricidad generada',null);
Insert into MRVMM.T_MAEM_MRV_PARAMETRO (ID_PARAMETRO,ID_TIPO_CONTROL,ID_TIPO_DATO,NOMBRE_PARAMETRO,EDITABLE,VERIFICABLE,FLG_ESTADO,ID_PREFIJO,ID_UNIDAD_MEDIDA,DESCRIPCION_UNIDAD,COMBINACION_UNIDAD,DESCRIPCION_PARAMETRO,LEYENDA_PARAMETRO) values ('17','1',null,'MES DE INICIO DE OPERACIONES','1','1','1',null,null,null,null,'Mes en que se compro el artefacto',null);
Insert into MRVMM.T_MAEM_MRV_PARAMETRO (ID_PARAMETRO,ID_TIPO_CONTROL,ID_TIPO_DATO,NOMBRE_PARAMETRO,EDITABLE,VERIFICABLE,FLG_ESTADO,ID_PREFIJO,ID_UNIDAD_MEDIDA,DESCRIPCION_UNIDAD,COMBINACION_UNIDAD,DESCRIPCION_PARAMETRO,LEYENDA_PARAMETRO) values ('18','1',null,'REGION','1','1','1',null,null,null,null,'Regiones del perú',null);
Insert into MRVMM.T_MAEM_MRV_PARAMETRO (ID_PARAMETRO,ID_TIPO_CONTROL,ID_TIPO_DATO,NOMBRE_PARAMETRO,EDITABLE,VERIFICABLE,FLG_ESTADO,ID_PREFIJO,ID_UNIDAD_MEDIDA,DESCRIPCION_UNIDAD,COMBINACION_UNIDAD,DESCRIPCION_PARAMETRO,LEYENDA_PARAMETRO) values ('24','1','2','CAPACIDAD (L)','1','1','1',null,null,null,null,'Capacidad de la refrigeradora en litros',null);
Insert into MRVMM.T_MAEM_MRV_PARAMETRO (ID_PARAMETRO,ID_TIPO_CONTROL,ID_TIPO_DATO,NOMBRE_PARAMETRO,EDITABLE,VERIFICABLE,FLG_ESTADO,ID_PREFIJO,ID_UNIDAD_MEDIDA,DESCRIPCION_UNIDAD,COMBINACION_UNIDAD,DESCRIPCION_PARAMETRO,LEYENDA_PARAMETRO) values ('25','1','2','CATEGORIA','1','1','1',null,null,null,null,'Según el reglamento técnico de EEE',null);
Insert into MRVMM.T_MAEM_MRV_PARAMETRO (ID_PARAMETRO,ID_TIPO_CONTROL,ID_TIPO_DATO,NOMBRE_PARAMETRO,EDITABLE,VERIFICABLE,FLG_ESTADO,ID_PREFIJO,ID_UNIDAD_MEDIDA,DESCRIPCION_UNIDAD,COMBINACION_UNIDAD,DESCRIPCION_PARAMETRO,LEYENDA_PARAMETRO) values ('26','1','3','ETIQUETA BAU','1','1','1',null,null,null,null,'Etiquetado A, B, C antes de la implementación',null);
Insert into MRVMM.T_MAEM_MRV_PARAMETRO (ID_PARAMETRO,ID_TIPO_CONTROL,ID_TIPO_DATO,NOMBRE_PARAMETRO,EDITABLE,VERIFICABLE,FLG_ESTADO,ID_PREFIJO,ID_UNIDAD_MEDIDA,DESCRIPCION_UNIDAD,COMBINACION_UNIDAD,DESCRIPCION_PARAMETRO,LEYENDA_PARAMETRO) values ('27','1','3','ETIQUETA) INICIATIVA','1','1','1',null,null,null,null,'Etiquetado A, B, C posterior a la implementación',null);
Insert into MRVMM.T_MAEM_MRV_PARAMETRO (ID_PARAMETRO,ID_TIPO_CONTROL,ID_TIPO_DATO,NOMBRE_PARAMETRO,EDITABLE,VERIFICABLE,FLG_ESTADO,ID_PREFIJO,ID_UNIDAD_MEDIDA,DESCRIPCION_UNIDAD,COMBINACION_UNIDAD,DESCRIPCION_PARAMETRO,LEYENDA_PARAMETRO) values ('33','2','2','CANTIDAD (FISE)','1','1','1',null,null,null,null,'Número de vales FISE emitidos en el año',null);
Insert into MRVMM.T_MAEM_MRV_PARAMETRO (ID_PARAMETRO,ID_TIPO_CONTROL,ID_TIPO_DATO,NOMBRE_PARAMETRO,EDITABLE,VERIFICABLE,FLG_ESTADO,ID_PREFIJO,ID_UNIDAD_MEDIDA,DESCRIPCION_UNIDAD,COMBINACION_UNIDAD,DESCRIPCION_PARAMETRO,LEYENDA_PARAMETRO) values ('34','1','2','CAPACIDAD (Lavadora)','1','1','1',null,null,null,null,null,null);
Insert into MRVMM.T_MAEM_MRV_PARAMETRO (ID_PARAMETRO,ID_TIPO_CONTROL,ID_TIPO_DATO,NOMBRE_PARAMETRO,EDITABLE,VERIFICABLE,FLG_ESTADO,ID_PREFIJO,ID_UNIDAD_MEDIDA,DESCRIPCION_UNIDAD,COMBINACION_UNIDAD,DESCRIPCION_PARAMETRO,LEYENDA_PARAMETRO) values ('35','1','2','CAPACIDAD (Kg)','1','1','1',null,null,null,null,null,null);
Insert into MRVMM.T_MAEM_MRV_PARAMETRO (ID_PARAMETRO,ID_TIPO_CONTROL,ID_TIPO_DATO,NOMBRE_PARAMETRO,EDITABLE,VERIFICABLE,FLG_ESTADO,ID_PREFIJO,ID_UNIDAD_MEDIDA,DESCRIPCION_UNIDAD,COMBINACION_UNIDAD,DESCRIPCION_PARAMETRO,LEYENDA_PARAMETRO) values ('36','1','2','POTENCIA (Hp)','1','1','1',null,null,null,null,null,null);
Insert into MRVMM.T_MAEM_MRV_PARAMETRO (ID_PARAMETRO,ID_TIPO_CONTROL,ID_TIPO_DATO,NOMBRE_PARAMETRO,EDITABLE,VERIFICABLE,FLG_ESTADO,ID_PREFIJO,ID_UNIDAD_MEDIDA,DESCRIPCION_UNIDAD,COMBINACION_UNIDAD,DESCRIPCION_PARAMETRO,LEYENDA_PARAMETRO) values ('37','1','3','ETIQUETA BAU Motor','1','1','1',null,null,null,null,null,null);
Insert into MRVMM.T_MAEM_MRV_PARAMETRO (ID_PARAMETRO,ID_TIPO_CONTROL,ID_TIPO_DATO,NOMBRE_PARAMETRO,EDITABLE,VERIFICABLE,FLG_ESTADO,ID_PREFIJO,ID_UNIDAD_MEDIDA,DESCRIPCION_UNIDAD,COMBINACION_UNIDAD,DESCRIPCION_PARAMETRO,LEYENDA_PARAMETRO) values ('38','1','3','ETIQUETA INI Motor','1','1','1',null,null,null,null,null,null);
Insert into MRVMM.T_MAEM_MRV_PARAMETRO (ID_PARAMETRO,ID_TIPO_CONTROL,ID_TIPO_DATO,NOMBRE_PARAMETRO,EDITABLE,VERIFICABLE,FLG_ESTADO,ID_PREFIJO,ID_UNIDAD_MEDIDA,DESCRIPCION_UNIDAD,COMBINACION_UNIDAD,DESCRIPCION_PARAMETRO,LEYENDA_PARAMETRO) values ('39','1','2','CAPACIDAD (BTU)','1','1','1',null,null,null,null,null,null);
REM INSERTING into MRVMM.T_MAED_MRV_PARAMETRO
SET DEFINE OFF;
Insert into MRVMM.T_MAED_MRV_PARAMETRO (ID_PARAMETRO,ID_DETALLE,NOMBRE_DETALLE,FLG_ESTADO) values ('40','1','15','1');
Insert into MRVMM.T_MAED_MRV_PARAMETRO (ID_PARAMETRO,ID_DETALLE,NOMBRE_DETALLE,FLG_ESTADO) values ('40','2','50','1');
Insert into MRVMM.T_MAED_MRV_PARAMETRO (ID_PARAMETRO,ID_DETALLE,NOMBRE_DETALLE,FLG_ESTADO) values ('40','3','150','1');
Insert into MRVMM.T_MAED_MRV_PARAMETRO (ID_PARAMETRO,ID_DETALLE,NOMBRE_DETALLE,FLG_ESTADO) values ('41','1','30','1');
Insert into MRVMM.T_MAED_MRV_PARAMETRO (ID_PARAMETRO,ID_DETALLE,NOMBRE_DETALLE,FLG_ESTADO) values ('41','2','150','1');
Insert into MRVMM.T_MAED_MRV_PARAMETRO (ID_PARAMETRO,ID_DETALLE,NOMBRE_DETALLE,FLG_ESTADO) values ('30','1','Tres piedras','1');
Insert into MRVMM.T_MAED_MRV_PARAMETRO (ID_PARAMETRO,ID_DETALLE,NOMBRE_DETALLE,FLG_ESTADO) values ('31','1','Inkawasi Tawa ','1');
Insert into MRVMM.T_MAED_MRV_PARAMETRO (ID_PARAMETRO,ID_DETALLE,NOMBRE_DETALLE,FLG_ESTADO) values ('31','2','Inkawasi Pichqa ','1');
Insert into MRVMM.T_MAED_MRV_PARAMETRO (ID_PARAMETRO,ID_DETALLE,NOMBRE_DETALLE,FLG_ESTADO) values ('31','3','Inkawasi 3 Hornillas','1');
Insert into MRVMM.T_MAED_MRV_PARAMETRO (ID_PARAMETRO,ID_DETALLE,NOMBRE_DETALLE,FLG_ESTADO) values ('31','4','Inkawasi Sojta','1');
Insert into MRVMM.T_MAED_MRV_PARAMETRO (ID_PARAMETRO,ID_DETALLE,NOMBRE_DETALLE,FLG_ESTADO) values ('31','5','Inkawasi Plancha','1');
Insert into MRVMM.T_MAED_MRV_PARAMETRO (ID_PARAMETRO,ID_DETALLE,NOMBRE_DETALLE,FLG_ESTADO) values ('31','6','Inkawasi UK','1');
Insert into MRVMM.T_MAED_MRV_PARAMETRO (ID_PARAMETRO,ID_DETALLE,NOMBRE_DETALLE,FLG_ESTADO) values ('31','7','Mejorada Selva ','1');
Insert into MRVMM.T_MAED_MRV_PARAMETRO (ID_PARAMETRO,ID_DETALLE,NOMBRE_DETALLE,FLG_ESTADO) values ('31','8','Caralia','1');
Insert into MRVMM.T_MAED_MRV_PARAMETRO (ID_PARAMETRO,ID_DETALLE,NOMBRE_DETALLE,FLG_ESTADO) values ('31','9','Haku Wiñay (VA)','1');
Insert into MRVMM.T_MAED_MRV_PARAMETRO (ID_PARAMETRO,ID_DETALLE,NOMBRE_DETALLE,FLG_ESTADO) values ('1','1','AUTOMÓVIL','1');
Insert into MRVMM.T_MAED_MRV_PARAMETRO (ID_PARAMETRO,ID_DETALLE,NOMBRE_DETALLE,FLG_ESTADO) values ('1','2','BUS DE 9m','1');
Insert into MRVMM.T_MAED_MRV_PARAMETRO (ID_PARAMETRO,ID_DETALLE,NOMBRE_DETALLE,FLG_ESTADO) values ('1','3','BUS DE 12m','1');
Insert into MRVMM.T_MAED_MRV_PARAMETRO (ID_PARAMETRO,ID_DETALLE,NOMBRE_DETALLE,FLG_ESTADO) values ('1','4','BUS DE 18m','1');
Insert into MRVMM.T_MAED_MRV_PARAMETRO (ID_PARAMETRO,ID_DETALLE,NOMBRE_DETALLE,FLG_ESTADO) values ('1','5','MOTOTAXI','1');
Insert into MRVMM.T_MAED_MRV_PARAMETRO (ID_PARAMETRO,ID_DETALLE,NOMBRE_DETALLE,FLG_ESTADO) values ('1','6','MOTO','1');
Insert into MRVMM.T_MAED_MRV_PARAMETRO (ID_PARAMETRO,ID_DETALLE,NOMBRE_DETALLE,FLG_ESTADO) values ('3','1','GNV','1');
Insert into MRVMM.T_MAED_MRV_PARAMETRO (ID_PARAMETRO,ID_DETALLE,NOMBRE_DETALLE,FLG_ESTADO) values ('3','2','GLP','1');
Insert into MRVMM.T_MAED_MRV_PARAMETRO (ID_PARAMETRO,ID_DETALLE,NOMBRE_DETALLE,FLG_ESTADO) values ('3','3','GASOLINA','1');
Insert into MRVMM.T_MAED_MRV_PARAMETRO (ID_PARAMETRO,ID_DETALLE,NOMBRE_DETALLE,FLG_ESTADO) values ('3','4','DIESEL','1');
Insert into MRVMM.T_MAED_MRV_PARAMETRO (ID_PARAMETRO,ID_DETALLE,NOMBRE_DETALLE,FLG_ESTADO) values ('6','1','2015','1');
Insert into MRVMM.T_MAED_MRV_PARAMETRO (ID_PARAMETRO,ID_DETALLE,NOMBRE_DETALLE,FLG_ESTADO) values ('6','2','2016','1');
Insert into MRVMM.T_MAED_MRV_PARAMETRO (ID_PARAMETRO,ID_DETALLE,NOMBRE_DETALLE,FLG_ESTADO) values ('6','3','2017','1');
Insert into MRVMM.T_MAED_MRV_PARAMETRO (ID_PARAMETRO,ID_DETALLE,NOMBRE_DETALLE,FLG_ESTADO) values ('6','4','2018','1');
Insert into MRVMM.T_MAED_MRV_PARAMETRO (ID_PARAMETRO,ID_DETALLE,NOMBRE_DETALLE,FLG_ESTADO) values ('6','5','2019','1');
Insert into MRVMM.T_MAED_MRV_PARAMETRO (ID_PARAMETRO,ID_DETALLE,NOMBRE_DETALLE,FLG_ESTADO) values ('6','6','2020','1');
Insert into MRVMM.T_MAED_MRV_PARAMETRO (ID_PARAMETRO,ID_DETALLE,NOMBRE_DETALLE,FLG_ESTADO) values ('6','7','2021','1');
Insert into MRVMM.T_MAED_MRV_PARAMETRO (ID_PARAMETRO,ID_DETALLE,NOMBRE_DETALLE,FLG_ESTADO) values ('14','1','Eléctrico','1');
Insert into MRVMM.T_MAED_MRV_PARAMETRO (ID_PARAMETRO,ID_DETALLE,NOMBRE_DETALLE,FLG_ESTADO) values ('14','2','Híbrido','1');
Insert into MRVMM.T_MAED_MRV_PARAMETRO (ID_PARAMETRO,ID_DETALLE,NOMBRE_DETALLE,FLG_ESTADO) values ('21','1','1','1');
Insert into MRVMM.T_MAED_MRV_PARAMETRO (ID_PARAMETRO,ID_DETALLE,NOMBRE_DETALLE,FLG_ESTADO) values ('21','2','2','1');
Insert into MRVMM.T_MAED_MRV_PARAMETRO (ID_PARAMETRO,ID_DETALLE,NOMBRE_DETALLE,FLG_ESTADO) values ('21','3','5','1');
Insert into MRVMM.T_MAED_MRV_PARAMETRO (ID_PARAMETRO,ID_DETALLE,NOMBRE_DETALLE,FLG_ESTADO) values ('21','4','10','1');
Insert into MRVMM.T_MAED_MRV_PARAMETRO (ID_PARAMETRO,ID_DETALLE,NOMBRE_DETALLE,FLG_ESTADO) values ('21','5','25','1');
Insert into MRVMM.T_MAED_MRV_PARAMETRO (ID_PARAMETRO,ID_DETALLE,NOMBRE_DETALLE,FLG_ESTADO) values ('21','6','50','1');
Insert into MRVMM.T_MAED_MRV_PARAMETRO (ID_PARAMETRO,ID_DETALLE,NOMBRE_DETALLE,FLG_ESTADO) values ('21','7','100','1');
Insert into MRVMM.T_MAED_MRV_PARAMETRO (ID_PARAMETRO,ID_DETALLE,NOMBRE_DETALLE,FLG_ESTADO) values ('21','8','200','1');
Insert into MRVMM.T_MAED_MRV_PARAMETRO (ID_PARAMETRO,ID_DETALLE,NOMBRE_DETALLE,FLG_ESTADO) values ('21','9','500','1');
Insert into MRVMM.T_MAED_MRV_PARAMETRO (ID_PARAMETRO,ID_DETALLE,NOMBRE_DETALLE,FLG_ESTADO) values ('21','10','700','1');
Insert into MRVMM.T_MAED_MRV_PARAMETRO (ID_PARAMETRO,ID_DETALLE,NOMBRE_DETALLE,FLG_ESTADO) values ('22','1','A','1');
Insert into MRVMM.T_MAED_MRV_PARAMETRO (ID_PARAMETRO,ID_DETALLE,NOMBRE_DETALLE,FLG_ESTADO) values ('22','2','B','1');
Insert into MRVMM.T_MAED_MRV_PARAMETRO (ID_PARAMETRO,ID_DETALLE,NOMBRE_DETALLE,FLG_ESTADO) values ('22','3','C','1');
Insert into MRVMM.T_MAED_MRV_PARAMETRO (ID_PARAMETRO,ID_DETALLE,NOMBRE_DETALLE,FLG_ESTADO) values ('23','1','A','1');
Insert into MRVMM.T_MAED_MRV_PARAMETRO (ID_PARAMETRO,ID_DETALLE,NOMBRE_DETALLE,FLG_ESTADO) values ('23','2','B','1');
Insert into MRVMM.T_MAED_MRV_PARAMETRO (ID_PARAMETRO,ID_DETALLE,NOMBRE_DETALLE,FLG_ESTADO) values ('23','3','C','1');
Insert into MRVMM.T_MAED_MRV_PARAMETRO (ID_PARAMETRO,ID_DETALLE,NOMBRE_DETALLE,FLG_ESTADO) values ('28','8','8','1');
Insert into MRVMM.T_MAED_MRV_PARAMETRO (ID_PARAMETRO,ID_DETALLE,NOMBRE_DETALLE,FLG_ESTADO) values ('28','9','9','1');
Insert into MRVMM.T_MAED_MRV_PARAMETRO (ID_PARAMETRO,ID_DETALLE,NOMBRE_DETALLE,FLG_ESTADO) values ('28','10','10','1');
Insert into MRVMM.T_MAED_MRV_PARAMETRO (ID_PARAMETRO,ID_DETALLE,NOMBRE_DETALLE,FLG_ESTADO) values ('29','1','120','1');
Insert into MRVMM.T_MAED_MRV_PARAMETRO (ID_PARAMETRO,ID_DETALLE,NOMBRE_DETALLE,FLG_ESTADO) values ('29','2','225','1');
Insert into MRVMM.T_MAED_MRV_PARAMETRO (ID_PARAMETRO,ID_DETALLE,NOMBRE_DETALLE,FLG_ESTADO) values ('29','3','375','1');
Insert into MRVMM.T_MAED_MRV_PARAMETRO (ID_PARAMETRO,ID_DETALLE,NOMBRE_DETALLE,FLG_ESTADO) values ('29','4','575','1');
Insert into MRVMM.T_MAED_MRV_PARAMETRO (ID_PARAMETRO,ID_DETALLE,NOMBRE_DETALLE,FLG_ESTADO) values ('29','5','820','1');
Insert into MRVMM.T_MAED_MRV_PARAMETRO (ID_PARAMETRO,ID_DETALLE,NOMBRE_DETALLE,FLG_ESTADO) values ('42','1','Residual','1');
Insert into MRVMM.T_MAED_MRV_PARAMETRO (ID_PARAMETRO,ID_DETALLE,NOMBRE_DETALLE,FLG_ESTADO) values ('42','2','Diesel','1');
Insert into MRVMM.T_MAED_MRV_PARAMETRO (ID_PARAMETRO,ID_DETALLE,NOMBRE_DETALLE,FLG_ESTADO) values ('42','3','Gas Natural','1');
Insert into MRVMM.T_MAED_MRV_PARAMETRO (ID_PARAMETRO,ID_DETALLE,NOMBRE_DETALLE,FLG_ESTADO) values ('42','4','GLP','1');
Insert into MRVMM.T_MAED_MRV_PARAMETRO (ID_PARAMETRO,ID_DETALLE,NOMBRE_DETALLE,FLG_ESTADO) values ('42','5','Gasolina','1');
Insert into MRVMM.T_MAED_MRV_PARAMETRO (ID_PARAMETRO,ID_DETALLE,NOMBRE_DETALLE,FLG_ESTADO) values ('42','6','BioCombustible','1');
Insert into MRVMM.T_MAED_MRV_PARAMETRO (ID_PARAMETRO,ID_DETALLE,NOMBRE_DETALLE,FLG_ESTADO) values ('43','1','Residual','1');
Insert into MRVMM.T_MAED_MRV_PARAMETRO (ID_PARAMETRO,ID_DETALLE,NOMBRE_DETALLE,FLG_ESTADO) values ('43','2','Diesel','1');
Insert into MRVMM.T_MAED_MRV_PARAMETRO (ID_PARAMETRO,ID_DETALLE,NOMBRE_DETALLE,FLG_ESTADO) values ('43','3','Gas Natural','1');
Insert into MRVMM.T_MAED_MRV_PARAMETRO (ID_PARAMETRO,ID_DETALLE,NOMBRE_DETALLE,FLG_ESTADO) values ('43','4','GLP','1');
Insert into MRVMM.T_MAED_MRV_PARAMETRO (ID_PARAMETRO,ID_DETALLE,NOMBRE_DETALLE,FLG_ESTADO) values ('43','5','Gasolina','1');
Insert into MRVMM.T_MAED_MRV_PARAMETRO (ID_PARAMETRO,ID_DETALLE,NOMBRE_DETALLE,FLG_ESTADO) values ('43','6','BioCombustible','1');
Insert into MRVMM.T_MAED_MRV_PARAMETRO (ID_PARAMETRO,ID_DETALLE,NOMBRE_DETALLE,FLG_ESTADO) values ('17','1','ENERO','1');
Insert into MRVMM.T_MAED_MRV_PARAMETRO (ID_PARAMETRO,ID_DETALLE,NOMBRE_DETALLE,FLG_ESTADO) values ('17','2','FEBRERO','1');
Insert into MRVMM.T_MAED_MRV_PARAMETRO (ID_PARAMETRO,ID_DETALLE,NOMBRE_DETALLE,FLG_ESTADO) values ('17','3','MARZO','1');
Insert into MRVMM.T_MAED_MRV_PARAMETRO (ID_PARAMETRO,ID_DETALLE,NOMBRE_DETALLE,FLG_ESTADO) values ('17','4','ABRIL','1');
Insert into MRVMM.T_MAED_MRV_PARAMETRO (ID_PARAMETRO,ID_DETALLE,NOMBRE_DETALLE,FLG_ESTADO) values ('17','5','MAYO','1');
Insert into MRVMM.T_MAED_MRV_PARAMETRO (ID_PARAMETRO,ID_DETALLE,NOMBRE_DETALLE,FLG_ESTADO) values ('17','6','JUNIO','1');
Insert into MRVMM.T_MAED_MRV_PARAMETRO (ID_PARAMETRO,ID_DETALLE,NOMBRE_DETALLE,FLG_ESTADO) values ('17','7','JULIO','1');
Insert into MRVMM.T_MAED_MRV_PARAMETRO (ID_PARAMETRO,ID_DETALLE,NOMBRE_DETALLE,FLG_ESTADO) values ('17','8','AGOSTO','1');
Insert into MRVMM.T_MAED_MRV_PARAMETRO (ID_PARAMETRO,ID_DETALLE,NOMBRE_DETALLE,FLG_ESTADO) values ('17','9','SEPTIEMBRE','1');
Insert into MRVMM.T_MAED_MRV_PARAMETRO (ID_PARAMETRO,ID_DETALLE,NOMBRE_DETALLE,FLG_ESTADO) values ('17','10','OCTUBRE','1');
Insert into MRVMM.T_MAED_MRV_PARAMETRO (ID_PARAMETRO,ID_DETALLE,NOMBRE_DETALLE,FLG_ESTADO) values ('17','11','NOVIEMBRE','1');
Insert into MRVMM.T_MAED_MRV_PARAMETRO (ID_PARAMETRO,ID_DETALLE,NOMBRE_DETALLE,FLG_ESTADO) values ('17','12','DICIEMBRE','1');
Insert into MRVMM.T_MAED_MRV_PARAMETRO (ID_PARAMETRO,ID_DETALLE,NOMBRE_DETALLE,FLG_ESTADO) values ('18','1','COSTA','1');
Insert into MRVMM.T_MAED_MRV_PARAMETRO (ID_PARAMETRO,ID_DETALLE,NOMBRE_DETALLE,FLG_ESTADO) values ('18','2','SIERRA','1');
Insert into MRVMM.T_MAED_MRV_PARAMETRO (ID_PARAMETRO,ID_DETALLE,NOMBRE_DETALLE,FLG_ESTADO) values ('18','3','SELVA','1');
Insert into MRVMM.T_MAED_MRV_PARAMETRO (ID_PARAMETRO,ID_DETALLE,NOMBRE_DETALLE,FLG_ESTADO) values ('6','8','2022','1');
Insert into MRVMM.T_MAED_MRV_PARAMETRO (ID_PARAMETRO,ID_DETALLE,NOMBRE_DETALLE,FLG_ESTADO) values ('24','1','120','1');
Insert into MRVMM.T_MAED_MRV_PARAMETRO (ID_PARAMETRO,ID_DETALLE,NOMBRE_DETALLE,FLG_ESTADO) values ('24','2','225','1');
Insert into MRVMM.T_MAED_MRV_PARAMETRO (ID_PARAMETRO,ID_DETALLE,NOMBRE_DETALLE,FLG_ESTADO) values ('24','3','375','1');
Insert into MRVMM.T_MAED_MRV_PARAMETRO (ID_PARAMETRO,ID_DETALLE,NOMBRE_DETALLE,FLG_ESTADO) values ('24','4','480','1');
Insert into MRVMM.T_MAED_MRV_PARAMETRO (ID_PARAMETRO,ID_DETALLE,NOMBRE_DETALLE,FLG_ESTADO) values ('25','1','1','1');
Insert into MRVMM.T_MAED_MRV_PARAMETRO (ID_PARAMETRO,ID_DETALLE,NOMBRE_DETALLE,FLG_ESTADO) values ('25','2','2','1');
Insert into MRVMM.T_MAED_MRV_PARAMETRO (ID_PARAMETRO,ID_DETALLE,NOMBRE_DETALLE,FLG_ESTADO) values ('25','3','3','1');
Insert into MRVMM.T_MAED_MRV_PARAMETRO (ID_PARAMETRO,ID_DETALLE,NOMBRE_DETALLE,FLG_ESTADO) values ('25','4','4','1');
Insert into MRVMM.T_MAED_MRV_PARAMETRO (ID_PARAMETRO,ID_DETALLE,NOMBRE_DETALLE,FLG_ESTADO) values ('25','5','5','1');
Insert into MRVMM.T_MAED_MRV_PARAMETRO (ID_PARAMETRO,ID_DETALLE,NOMBRE_DETALLE,FLG_ESTADO) values ('25','6','6','1');
Insert into MRVMM.T_MAED_MRV_PARAMETRO (ID_PARAMETRO,ID_DETALLE,NOMBRE_DETALLE,FLG_ESTADO) values ('25','7','7','1');
Insert into MRVMM.T_MAED_MRV_PARAMETRO (ID_PARAMETRO,ID_DETALLE,NOMBRE_DETALLE,FLG_ESTADO) values ('26','1','A','1');
Insert into MRVMM.T_MAED_MRV_PARAMETRO (ID_PARAMETRO,ID_DETALLE,NOMBRE_DETALLE,FLG_ESTADO) values ('26','2','B','1');
Insert into MRVMM.T_MAED_MRV_PARAMETRO (ID_PARAMETRO,ID_DETALLE,NOMBRE_DETALLE,FLG_ESTADO) values ('26','3','C','1');
Insert into MRVMM.T_MAED_MRV_PARAMETRO (ID_PARAMETRO,ID_DETALLE,NOMBRE_DETALLE,FLG_ESTADO) values ('26','4','D','1');
Insert into MRVMM.T_MAED_MRV_PARAMETRO (ID_PARAMETRO,ID_DETALLE,NOMBRE_DETALLE,FLG_ESTADO) values ('26','5','E','1');
Insert into MRVMM.T_MAED_MRV_PARAMETRO (ID_PARAMETRO,ID_DETALLE,NOMBRE_DETALLE,FLG_ESTADO) values ('26','6','F','1');
Insert into MRVMM.T_MAED_MRV_PARAMETRO (ID_PARAMETRO,ID_DETALLE,NOMBRE_DETALLE,FLG_ESTADO) values ('26','7','G','1');
Insert into MRVMM.T_MAED_MRV_PARAMETRO (ID_PARAMETRO,ID_DETALLE,NOMBRE_DETALLE,FLG_ESTADO) values ('27','1','A','1');
Insert into MRVMM.T_MAED_MRV_PARAMETRO (ID_PARAMETRO,ID_DETALLE,NOMBRE_DETALLE,FLG_ESTADO) values ('27','2','B','1');
Insert into MRVMM.T_MAED_MRV_PARAMETRO (ID_PARAMETRO,ID_DETALLE,NOMBRE_DETALLE,FLG_ESTADO) values ('27','3','C','1');
Insert into MRVMM.T_MAED_MRV_PARAMETRO (ID_PARAMETRO,ID_DETALLE,NOMBRE_DETALLE,FLG_ESTADO) values ('27','4','D','1');
Insert into MRVMM.T_MAED_MRV_PARAMETRO (ID_PARAMETRO,ID_DETALLE,NOMBRE_DETALLE,FLG_ESTADO) values ('27','5','E','1');
Insert into MRVMM.T_MAED_MRV_PARAMETRO (ID_PARAMETRO,ID_DETALLE,NOMBRE_DETALLE,FLG_ESTADO) values ('27','6','F','1');
Insert into MRVMM.T_MAED_MRV_PARAMETRO (ID_PARAMETRO,ID_DETALLE,NOMBRE_DETALLE,FLG_ESTADO) values ('27','7','G','1');
Insert into MRVMM.T_MAED_MRV_PARAMETRO (ID_PARAMETRO,ID_DETALLE,NOMBRE_DETALLE,FLG_ESTADO) values ('6','9','2023','1');
Insert into MRVMM.T_MAED_MRV_PARAMETRO (ID_PARAMETRO,ID_DETALLE,NOMBRE_DETALLE,FLG_ESTADO) values ('6','10','2024','1');
Insert into MRVMM.T_MAED_MRV_PARAMETRO (ID_PARAMETRO,ID_DETALLE,NOMBRE_DETALLE,FLG_ESTADO) values ('6','11','2025','1');
Insert into MRVMM.T_MAED_MRV_PARAMETRO (ID_PARAMETRO,ID_DETALLE,NOMBRE_DETALLE,FLG_ESTADO) values ('6','12','2026','1');
Insert into MRVMM.T_MAED_MRV_PARAMETRO (ID_PARAMETRO,ID_DETALLE,NOMBRE_DETALLE,FLG_ESTADO) values ('6','13','2027','1');
Insert into MRVMM.T_MAED_MRV_PARAMETRO (ID_PARAMETRO,ID_DETALLE,NOMBRE_DETALLE,FLG_ESTADO) values ('6','14','2028','1');
Insert into MRVMM.T_MAED_MRV_PARAMETRO (ID_PARAMETRO,ID_DETALLE,NOMBRE_DETALLE,FLG_ESTADO) values ('6','15','2029','1');
Insert into MRVMM.T_MAED_MRV_PARAMETRO (ID_PARAMETRO,ID_DETALLE,NOMBRE_DETALLE,FLG_ESTADO) values ('6','16','2030','1');
Insert into MRVMM.T_MAED_MRV_PARAMETRO (ID_PARAMETRO,ID_DETALLE,NOMBRE_DETALLE,FLG_ESTADO) values ('6','17','2014','1');
Insert into MRVMM.T_MAED_MRV_PARAMETRO (ID_PARAMETRO,ID_DETALLE,NOMBRE_DETALLE,FLG_ESTADO) values ('6','18','2013','1');
Insert into MRVMM.T_MAED_MRV_PARAMETRO (ID_PARAMETRO,ID_DETALLE,NOMBRE_DETALLE,FLG_ESTADO) values ('6','19','2012','1');
Insert into MRVMM.T_MAED_MRV_PARAMETRO (ID_PARAMETRO,ID_DETALLE,NOMBRE_DETALLE,FLG_ESTADO) values ('6','20','2011','1');
Insert into MRVMM.T_MAED_MRV_PARAMETRO (ID_PARAMETRO,ID_DETALLE,NOMBRE_DETALLE,FLG_ESTADO) values ('6','21','2010','1');
Insert into MRVMM.T_MAED_MRV_PARAMETRO (ID_PARAMETRO,ID_DETALLE,NOMBRE_DETALLE,FLG_ESTADO) values ('34','1','13-14','1');
Insert into MRVMM.T_MAED_MRV_PARAMETRO (ID_PARAMETRO,ID_DETALLE,NOMBRE_DETALLE,FLG_ESTADO) values ('34','2','15-16','1');
Insert into MRVMM.T_MAED_MRV_PARAMETRO (ID_PARAMETRO,ID_DETALLE,NOMBRE_DETALLE,FLG_ESTADO) values ('34','3','17-18','1');
Insert into MRVMM.T_MAED_MRV_PARAMETRO (ID_PARAMETRO,ID_DETALLE,NOMBRE_DETALLE,FLG_ESTADO) values ('34','4','19-20','1');
Insert into MRVMM.T_MAED_MRV_PARAMETRO (ID_PARAMETRO,ID_DETALLE,NOMBRE_DETALLE,FLG_ESTADO) values ('34','5','20+','1');
Insert into MRVMM.T_MAED_MRV_PARAMETRO (ID_PARAMETRO,ID_DETALLE,NOMBRE_DETALLE,FLG_ESTADO) values ('35','1','8 Kg.','1');
Insert into MRVMM.T_MAED_MRV_PARAMETRO (ID_PARAMETRO,ID_DETALLE,NOMBRE_DETALLE,FLG_ESTADO) values ('35','2','9-11 Kg.','1');
Insert into MRVMM.T_MAED_MRV_PARAMETRO (ID_PARAMETRO,ID_DETALLE,NOMBRE_DETALLE,FLG_ESTADO) values ('35','3','mas de 13 Kg.','1');
Insert into MRVMM.T_MAED_MRV_PARAMETRO (ID_PARAMETRO,ID_DETALLE,NOMBRE_DETALLE,FLG_ESTADO) values ('36','1','1 hp','1');
Insert into MRVMM.T_MAED_MRV_PARAMETRO (ID_PARAMETRO,ID_DETALLE,NOMBRE_DETALLE,FLG_ESTADO) values ('36','2','2 hp','1');
Insert into MRVMM.T_MAED_MRV_PARAMETRO (ID_PARAMETRO,ID_DETALLE,NOMBRE_DETALLE,FLG_ESTADO) values ('36','3','5 hp','1');
Insert into MRVMM.T_MAED_MRV_PARAMETRO (ID_PARAMETRO,ID_DETALLE,NOMBRE_DETALLE,FLG_ESTADO) values ('36','4','10 hp','1');
Insert into MRVMM.T_MAED_MRV_PARAMETRO (ID_PARAMETRO,ID_DETALLE,NOMBRE_DETALLE,FLG_ESTADO) values ('36','5','25 hp','1');
Insert into MRVMM.T_MAED_MRV_PARAMETRO (ID_PARAMETRO,ID_DETALLE,NOMBRE_DETALLE,FLG_ESTADO) values ('37','1','A','1');
Insert into MRVMM.T_MAED_MRV_PARAMETRO (ID_PARAMETRO,ID_DETALLE,NOMBRE_DETALLE,FLG_ESTADO) values ('37','2','B','1');
Insert into MRVMM.T_MAED_MRV_PARAMETRO (ID_PARAMETRO,ID_DETALLE,NOMBRE_DETALLE,FLG_ESTADO) values ('37','3','C','1');
Insert into MRVMM.T_MAED_MRV_PARAMETRO (ID_PARAMETRO,ID_DETALLE,NOMBRE_DETALLE,FLG_ESTADO) values ('38','1','A','1');
Insert into MRVMM.T_MAED_MRV_PARAMETRO (ID_PARAMETRO,ID_DETALLE,NOMBRE_DETALLE,FLG_ESTADO) values ('38','2','B','1');
Insert into MRVMM.T_MAED_MRV_PARAMETRO (ID_PARAMETRO,ID_DETALLE,NOMBRE_DETALLE,FLG_ESTADO) values ('38','3','C','1');
Insert into MRVMM.T_MAED_MRV_PARAMETRO (ID_PARAMETRO,ID_DETALLE,NOMBRE_DETALLE,FLG_ESTADO) values ('36','6','50 hp','1');
Insert into MRVMM.T_MAED_MRV_PARAMETRO (ID_PARAMETRO,ID_DETALLE,NOMBRE_DETALLE,FLG_ESTADO) values ('39','1','Mini Split 9000 - 12000 BTU','1');
Insert into MRVMM.T_MAED_MRV_PARAMETRO (ID_PARAMETRO,ID_DETALLE,NOMBRE_DETALLE,FLG_ESTADO) values ('39','2','Mini Split 12000-18000 BTU','1');
Insert into MRVMM.T_MAED_MRV_PARAMETRO (ID_PARAMETRO,ID_DETALLE,NOMBRE_DETALLE,FLG_ESTADO) values ('39','3','Mini Split 18000-24000 BTU','1');
Insert into MRVMM.T_MAED_MRV_PARAMETRO (ID_PARAMETRO,ID_DETALLE,NOMBRE_DETALLE,FLG_ESTADO) values ('39','4','24000-30000 BTU','1');
Insert into MRVMM.T_MAED_MRV_PARAMETRO (ID_PARAMETRO,ID_DETALLE,NOMBRE_DETALLE,FLG_ESTADO) values ('39','5','30000+ BTU','1');
REM INSERTING into MRVMM.T_MAMEM_GRUPO_INDICADOR
SET DEFINE OFF;
Insert into MRVMM.T_MAMEM_GRUPO_INDICADOR (ID_GRUPO_INDICADOR,GRUPO_INDICADOR,COLOR_GRUPO,FLAG_ESTADO) values ('1','GRUPO INICIATIVA','#28A745','1');
Insert into MRVMM.T_MAMEM_GRUPO_INDICADOR (ID_GRUPO_INDICADOR,GRUPO_INDICADOR,COLOR_GRUPO,FLAG_ESTADO) values ('2','GRUPO LINEA BASE','#FFC107','1');
Insert into MRVMM.T_MAMEM_GRUPO_INDICADOR (ID_GRUPO_INDICADOR,GRUPO_INDICADOR,COLOR_GRUPO,FLAG_ESTADO) values ('3','GRUPO EMISIONES REDUCIDAS','#007BFF','1');
REM INSERTING into MRVMM.T_MAEM_INDICADOR
SET DEFINE OFF;
Insert into MRVMM.T_MAEM_INDICADOR (ID_ENFOQUE,ID_MEDMIT,ID_PARAMETRO,ID_GRUPO_INDICADOR,ORDEN,FLAG_ESTADO) values ('22','1','6','1','1','1');
Insert into MRVMM.T_MAEM_INDICADOR (ID_ENFOQUE,ID_MEDMIT,ID_PARAMETRO,ID_GRUPO_INDICADOR,ORDEN,FLAG_ESTADO) values ('22','1','40','1','2','1');
Insert into MRVMM.T_MAEM_INDICADOR (ID_ENFOQUE,ID_MEDMIT,ID_PARAMETRO,ID_GRUPO_INDICADOR,ORDEN,FLAG_ESTADO) values ('22','1','26','2','3','1');
Insert into MRVMM.T_MAEM_INDICADOR (ID_ENFOQUE,ID_MEDMIT,ID_PARAMETRO,ID_GRUPO_INDICADOR,ORDEN,FLAG_ESTADO) values ('22','1','27','1','4','1');
Insert into MRVMM.T_MAEM_INDICADOR (ID_ENFOQUE,ID_MEDMIT,ID_PARAMETRO,ID_GRUPO_INDICADOR,ORDEN,FLAG_ESTADO) values ('22','1','12','1','5','1');
Insert into MRVMM.T_MAEM_INDICADOR (ID_ENFOQUE,ID_MEDMIT,ID_PARAMETRO,ID_GRUPO_INDICADOR,ORDEN,FLAG_ESTADO) values ('22','1','11','3','7','1');
Insert into MRVMM.T_MAEM_INDICADOR (ID_ENFOQUE,ID_MEDMIT,ID_PARAMETRO,ID_GRUPO_INDICADOR,ORDEN,FLAG_ESTADO) values ('22','1','17','1','6','1');
Insert into MRVMM.T_MAEM_INDICADOR (ID_ENFOQUE,ID_MEDMIT,ID_PARAMETRO,ID_GRUPO_INDICADOR,ORDEN,FLAG_ESTADO) values ('23','1','6','1','1','1');
Insert into MRVMM.T_MAEM_INDICADOR (ID_ENFOQUE,ID_MEDMIT,ID_PARAMETRO,ID_GRUPO_INDICADOR,ORDEN,FLAG_ESTADO) values ('23','1','41','1','2','1');
Insert into MRVMM.T_MAEM_INDICADOR (ID_ENFOQUE,ID_MEDMIT,ID_PARAMETRO,ID_GRUPO_INDICADOR,ORDEN,FLAG_ESTADO) values ('23','1','26','2','3','1');
Insert into MRVMM.T_MAEM_INDICADOR (ID_ENFOQUE,ID_MEDMIT,ID_PARAMETRO,ID_GRUPO_INDICADOR,ORDEN,FLAG_ESTADO) values ('23','1','27','1','4','1');
Insert into MRVMM.T_MAEM_INDICADOR (ID_ENFOQUE,ID_MEDMIT,ID_PARAMETRO,ID_GRUPO_INDICADOR,ORDEN,FLAG_ESTADO) values ('23','1','12','1','5','1');
Insert into MRVMM.T_MAEM_INDICADOR (ID_ENFOQUE,ID_MEDMIT,ID_PARAMETRO,ID_GRUPO_INDICADOR,ORDEN,FLAG_ESTADO) values ('23','1','9','2','7','1');
Insert into MRVMM.T_MAEM_INDICADOR (ID_ENFOQUE,ID_MEDMIT,ID_PARAMETRO,ID_GRUPO_INDICADOR,ORDEN,FLAG_ESTADO) values ('23','1','10','1','8','1');
Insert into MRVMM.T_MAEM_INDICADOR (ID_ENFOQUE,ID_MEDMIT,ID_PARAMETRO,ID_GRUPO_INDICADOR,ORDEN,FLAG_ESTADO) values ('23','1','11','3','9','1');
Insert into MRVMM.T_MAEM_INDICADOR (ID_ENFOQUE,ID_MEDMIT,ID_PARAMETRO,ID_GRUPO_INDICADOR,ORDEN,FLAG_ESTADO) values ('24','1','6','1','1','1');
Insert into MRVMM.T_MAEM_INDICADOR (ID_ENFOQUE,ID_MEDMIT,ID_PARAMETRO,ID_GRUPO_INDICADOR,ORDEN,FLAG_ESTADO) values ('24','1','26','2','3','1');
Insert into MRVMM.T_MAEM_INDICADOR (ID_ENFOQUE,ID_MEDMIT,ID_PARAMETRO,ID_GRUPO_INDICADOR,ORDEN,FLAG_ESTADO) values ('24','1','27','1','4','1');
Insert into MRVMM.T_MAEM_INDICADOR (ID_ENFOQUE,ID_MEDMIT,ID_PARAMETRO,ID_GRUPO_INDICADOR,ORDEN,FLAG_ESTADO) values ('24','1','12','1','5','1');
Insert into MRVMM.T_MAEM_INDICADOR (ID_ENFOQUE,ID_MEDMIT,ID_PARAMETRO,ID_GRUPO_INDICADOR,ORDEN,FLAG_ESTADO) values ('24','1','11','3','9','1');
Insert into MRVMM.T_MAEM_INDICADOR (ID_ENFOQUE,ID_MEDMIT,ID_PARAMETRO,ID_GRUPO_INDICADOR,ORDEN,FLAG_ESTADO) values ('9','8','6','1','1','1');
Insert into MRVMM.T_MAEM_INDICADOR (ID_ENFOQUE,ID_MEDMIT,ID_PARAMETRO,ID_GRUPO_INDICADOR,ORDEN,FLAG_ESTADO) values ('9','8','18','1','5','1');
Insert into MRVMM.T_MAEM_INDICADOR (ID_ENFOQUE,ID_MEDMIT,ID_PARAMETRO,ID_GRUPO_INDICADOR,ORDEN,FLAG_ESTADO) values ('9','8','33','1','6','1');
Insert into MRVMM.T_MAEM_INDICADOR (ID_ENFOQUE,ID_MEDMIT,ID_PARAMETRO,ID_GRUPO_INDICADOR,ORDEN,FLAG_ESTADO) values ('9','8','9','2','7','1');
Insert into MRVMM.T_MAEM_INDICADOR (ID_ENFOQUE,ID_MEDMIT,ID_PARAMETRO,ID_GRUPO_INDICADOR,ORDEN,FLAG_ESTADO) values ('9','8','10','1','8','1');
Insert into MRVMM.T_MAEM_INDICADOR (ID_ENFOQUE,ID_MEDMIT,ID_PARAMETRO,ID_GRUPO_INDICADOR,ORDEN,FLAG_ESTADO) values ('9','8','11','3','9','1');
Insert into MRVMM.T_MAEM_INDICADOR (ID_ENFOQUE,ID_MEDMIT,ID_PARAMETRO,ID_GRUPO_INDICADOR,ORDEN,FLAG_ESTADO) values ('10','7','6','1','1','1');
Insert into MRVMM.T_MAEM_INDICADOR (ID_ENFOQUE,ID_MEDMIT,ID_PARAMETRO,ID_GRUPO_INDICADOR,ORDEN,FLAG_ESTADO) values ('10','7','2','1','2','1');
Insert into MRVMM.T_MAEM_INDICADOR (ID_ENFOQUE,ID_MEDMIT,ID_PARAMETRO,ID_GRUPO_INDICADOR,ORDEN,FLAG_ESTADO) values ('10','7','19','2','3','1');
Insert into MRVMM.T_MAEM_INDICADOR (ID_ENFOQUE,ID_MEDMIT,ID_PARAMETRO,ID_GRUPO_INDICADOR,ORDEN,FLAG_ESTADO) values ('10','7','20','1','4','1');
Insert into MRVMM.T_MAEM_INDICADOR (ID_ENFOQUE,ID_MEDMIT,ID_PARAMETRO,ID_GRUPO_INDICADOR,ORDEN,FLAG_ESTADO) values ('10','7','12','1','5','1');
Insert into MRVMM.T_MAEM_INDICADOR (ID_ENFOQUE,ID_MEDMIT,ID_PARAMETRO,ID_GRUPO_INDICADOR,ORDEN,FLAG_ESTADO) values ('10','7','17','1','6','1');
Insert into MRVMM.T_MAEM_INDICADOR (ID_ENFOQUE,ID_MEDMIT,ID_PARAMETRO,ID_GRUPO_INDICADOR,ORDEN,FLAG_ESTADO) values ('10','7','11','3','12','1');
Insert into MRVMM.T_MAEM_INDICADOR (ID_ENFOQUE,ID_MEDMIT,ID_PARAMETRO,ID_GRUPO_INDICADOR,ORDEN,FLAG_ESTADO) values ('8','8','6','1','1','1');
Insert into MRVMM.T_MAEM_INDICADOR (ID_ENFOQUE,ID_MEDMIT,ID_PARAMETRO,ID_GRUPO_INDICADOR,ORDEN,FLAG_ESTADO) values ('8','8','30','2','3','1');
Insert into MRVMM.T_MAEM_INDICADOR (ID_ENFOQUE,ID_MEDMIT,ID_PARAMETRO,ID_GRUPO_INDICADOR,ORDEN,FLAG_ESTADO) values ('8','8','31','1','4','1');
Insert into MRVMM.T_MAEM_INDICADOR (ID_ENFOQUE,ID_MEDMIT,ID_PARAMETRO,ID_GRUPO_INDICADOR,ORDEN,FLAG_ESTADO) values ('8','8','18','1','5','1');
Insert into MRVMM.T_MAEM_INDICADOR (ID_ENFOQUE,ID_MEDMIT,ID_PARAMETRO,ID_GRUPO_INDICADOR,ORDEN,FLAG_ESTADO) values ('8','8','12','1','6','1');
Insert into MRVMM.T_MAEM_INDICADOR (ID_ENFOQUE,ID_MEDMIT,ID_PARAMETRO,ID_GRUPO_INDICADOR,ORDEN,FLAG_ESTADO) values ('8','8','32','1','2','1');
Insert into MRVMM.T_MAEM_INDICADOR (ID_ENFOQUE,ID_MEDMIT,ID_PARAMETRO,ID_GRUPO_INDICADOR,ORDEN,FLAG_ESTADO) values ('8','8','9','2','7','1');
Insert into MRVMM.T_MAEM_INDICADOR (ID_ENFOQUE,ID_MEDMIT,ID_PARAMETRO,ID_GRUPO_INDICADOR,ORDEN,FLAG_ESTADO) values ('8','8','10','1','8','1');
Insert into MRVMM.T_MAEM_INDICADOR (ID_ENFOQUE,ID_MEDMIT,ID_PARAMETRO,ID_GRUPO_INDICADOR,ORDEN,FLAG_ESTADO) values ('8','8','11','3','9','1');
Insert into MRVMM.T_MAEM_INDICADOR (ID_ENFOQUE,ID_MEDMIT,ID_PARAMETRO,ID_GRUPO_INDICADOR,ORDEN,FLAG_ESTADO) values ('13','3','30','3','3','1');
Insert into MRVMM.T_MAEM_INDICADOR (ID_ENFOQUE,ID_MEDMIT,ID_PARAMETRO,ID_GRUPO_INDICADOR,ORDEN,FLAG_ESTADO) values ('3','12','6','1','1','1');
Insert into MRVMM.T_MAEM_INDICADOR (ID_ENFOQUE,ID_MEDMIT,ID_PARAMETRO,ID_GRUPO_INDICADOR,ORDEN,FLAG_ESTADO) values ('15','2','6','1','1','1');
Insert into MRVMM.T_MAEM_INDICADOR (ID_ENFOQUE,ID_MEDMIT,ID_PARAMETRO,ID_GRUPO_INDICADOR,ORDEN,FLAG_ESTADO) values ('3','12','1','1','3','1');
Insert into MRVMM.T_MAEM_INDICADOR (ID_ENFOQUE,ID_MEDMIT,ID_PARAMETRO,ID_GRUPO_INDICADOR,ORDEN,FLAG_ESTADO) values ('3','12','3','2','4','1');
Insert into MRVMM.T_MAEM_INDICADOR (ID_ENFOQUE,ID_MEDMIT,ID_PARAMETRO,ID_GRUPO_INDICADOR,ORDEN,FLAG_ESTADO) values ('3','12','7','1','6','1');
Insert into MRVMM.T_MAEM_INDICADOR (ID_ENFOQUE,ID_MEDMIT,ID_PARAMETRO,ID_GRUPO_INDICADOR,ORDEN,FLAG_ESTADO) values ('3','12','5','1','7','1');
Insert into MRVMM.T_MAEM_INDICADOR (ID_ENFOQUE,ID_MEDMIT,ID_PARAMETRO,ID_GRUPO_INDICADOR,ORDEN,FLAG_ESTADO) values ('3','12','9','2','8','1');
Insert into MRVMM.T_MAEM_INDICADOR (ID_ENFOQUE,ID_MEDMIT,ID_PARAMETRO,ID_GRUPO_INDICADOR,ORDEN,FLAG_ESTADO) values ('3','12','10','1','9','1');
Insert into MRVMM.T_MAEM_INDICADOR (ID_ENFOQUE,ID_MEDMIT,ID_PARAMETRO,ID_GRUPO_INDICADOR,ORDEN,FLAG_ESTADO) values ('3','12','11','3','10','1');
Insert into MRVMM.T_MAEM_INDICADOR (ID_ENFOQUE,ID_MEDMIT,ID_PARAMETRO,ID_GRUPO_INDICADOR,ORDEN,FLAG_ESTADO) values ('1','12','6','1','1','1');
Insert into MRVMM.T_MAEM_INDICADOR (ID_ENFOQUE,ID_MEDMIT,ID_PARAMETRO,ID_GRUPO_INDICADOR,ORDEN,FLAG_ESTADO) values ('15','2','42','2','2','1');
Insert into MRVMM.T_MAEM_INDICADOR (ID_ENFOQUE,ID_MEDMIT,ID_PARAMETRO,ID_GRUPO_INDICADOR,ORDEN,FLAG_ESTADO) values ('1','12','1','1','3','1');
Insert into MRVMM.T_MAEM_INDICADOR (ID_ENFOQUE,ID_MEDMIT,ID_PARAMETRO,ID_GRUPO_INDICADOR,ORDEN,FLAG_ESTADO) values ('1','12','3','2','4','1');
Insert into MRVMM.T_MAEM_INDICADOR (ID_ENFOQUE,ID_MEDMIT,ID_PARAMETRO,ID_GRUPO_INDICADOR,ORDEN,FLAG_ESTADO) values ('4','12','1','1','3','1');
Insert into MRVMM.T_MAEM_INDICADOR (ID_ENFOQUE,ID_MEDMIT,ID_PARAMETRO,ID_GRUPO_INDICADOR,ORDEN,FLAG_ESTADO) values ('12','5','2','1','2','1');
Insert into MRVMM.T_MAEM_INDICADOR (ID_ENFOQUE,ID_MEDMIT,ID_PARAMETRO,ID_GRUPO_INDICADOR,ORDEN,FLAG_ESTADO) values ('1','12','12','1','7','1');
Insert into MRVMM.T_MAEM_INDICADOR (ID_ENFOQUE,ID_MEDMIT,ID_PARAMETRO,ID_GRUPO_INDICADOR,ORDEN,FLAG_ESTADO) values ('1','12','13','1','8','1');
Insert into MRVMM.T_MAEM_INDICADOR (ID_ENFOQUE,ID_MEDMIT,ID_PARAMETRO,ID_GRUPO_INDICADOR,ORDEN,FLAG_ESTADO) values ('1','12','5','1','9','1');
Insert into MRVMM.T_MAEM_INDICADOR (ID_ENFOQUE,ID_MEDMIT,ID_PARAMETRO,ID_GRUPO_INDICADOR,ORDEN,FLAG_ESTADO) values ('1','12','9','2','10','1');
Insert into MRVMM.T_MAEM_INDICADOR (ID_ENFOQUE,ID_MEDMIT,ID_PARAMETRO,ID_GRUPO_INDICADOR,ORDEN,FLAG_ESTADO) values ('1','12','10','1','11','1');
Insert into MRVMM.T_MAEM_INDICADOR (ID_ENFOQUE,ID_MEDMIT,ID_PARAMETRO,ID_GRUPO_INDICADOR,ORDEN,FLAG_ESTADO) values ('1','12','11','3','12','1');
Insert into MRVMM.T_MAEM_INDICADOR (ID_ENFOQUE,ID_MEDMIT,ID_PARAMETRO,ID_GRUPO_INDICADOR,ORDEN,FLAG_ESTADO) values ('4','12','6','1','1','1');
Insert into MRVMM.T_MAEM_INDICADOR (ID_ENFOQUE,ID_MEDMIT,ID_PARAMETRO,ID_GRUPO_INDICADOR,ORDEN,FLAG_ESTADO) values ('4','12','3','2','4','1');
Insert into MRVMM.T_MAEM_INDICADOR (ID_ENFOQUE,ID_MEDMIT,ID_PARAMETRO,ID_GRUPO_INDICADOR,ORDEN,FLAG_ESTADO) values ('4','12','7','1','5','1');
Insert into MRVMM.T_MAEM_INDICADOR (ID_ENFOQUE,ID_MEDMIT,ID_PARAMETRO,ID_GRUPO_INDICADOR,ORDEN,FLAG_ESTADO) values ('4','12','8','2','6','1');
Insert into MRVMM.T_MAEM_INDICADOR (ID_ENFOQUE,ID_MEDMIT,ID_PARAMETRO,ID_GRUPO_INDICADOR,ORDEN,FLAG_ESTADO) values ('4','12','5','1','8','1');
Insert into MRVMM.T_MAEM_INDICADOR (ID_ENFOQUE,ID_MEDMIT,ID_PARAMETRO,ID_GRUPO_INDICADOR,ORDEN,FLAG_ESTADO) values ('4','12','9','2','9','1');
Insert into MRVMM.T_MAEM_INDICADOR (ID_ENFOQUE,ID_MEDMIT,ID_PARAMETRO,ID_GRUPO_INDICADOR,ORDEN,FLAG_ESTADO) values ('4','12','10','1','10','1');
Insert into MRVMM.T_MAEM_INDICADOR (ID_ENFOQUE,ID_MEDMIT,ID_PARAMETRO,ID_GRUPO_INDICADOR,ORDEN,FLAG_ESTADO) values ('4','12','11','3','11','1');
Insert into MRVMM.T_MAEM_INDICADOR (ID_ENFOQUE,ID_MEDMIT,ID_PARAMETRO,ID_GRUPO_INDICADOR,ORDEN,FLAG_ESTADO) values ('11','6','6','1','1','1');
Insert into MRVMM.T_MAEM_INDICADOR (ID_ENFOQUE,ID_MEDMIT,ID_PARAMETRO,ID_GRUPO_INDICADOR,ORDEN,FLAG_ESTADO) values ('11','6','2','1','2','1');
Insert into MRVMM.T_MAEM_INDICADOR (ID_ENFOQUE,ID_MEDMIT,ID_PARAMETRO,ID_GRUPO_INDICADOR,ORDEN,FLAG_ESTADO) values ('11','6','19','2','3','1');
Insert into MRVMM.T_MAEM_INDICADOR (ID_ENFOQUE,ID_MEDMIT,ID_PARAMETRO,ID_GRUPO_INDICADOR,ORDEN,FLAG_ESTADO) values ('11','6','20','1','4','1');
Insert into MRVMM.T_MAEM_INDICADOR (ID_ENFOQUE,ID_MEDMIT,ID_PARAMETRO,ID_GRUPO_INDICADOR,ORDEN,FLAG_ESTADO) values ('11','6','12','1','5','1');
Insert into MRVMM.T_MAEM_INDICADOR (ID_ENFOQUE,ID_MEDMIT,ID_PARAMETRO,ID_GRUPO_INDICADOR,ORDEN,FLAG_ESTADO) values ('11','6','17','1','6','1');
Insert into MRVMM.T_MAEM_INDICADOR (ID_ENFOQUE,ID_MEDMIT,ID_PARAMETRO,ID_GRUPO_INDICADOR,ORDEN,FLAG_ESTADO) values ('11','6','11','3','12','1');
Insert into MRVMM.T_MAEM_INDICADOR (ID_ENFOQUE,ID_MEDMIT,ID_PARAMETRO,ID_GRUPO_INDICADOR,ORDEN,FLAG_ESTADO) values ('12','5','6','1','1','1');
Insert into MRVMM.T_MAEM_INDICADOR (ID_ENFOQUE,ID_MEDMIT,ID_PARAMETRO,ID_GRUPO_INDICADOR,ORDEN,FLAG_ESTADO) values ('12','5','19','2','3','1');
Insert into MRVMM.T_MAEM_INDICADOR (ID_ENFOQUE,ID_MEDMIT,ID_PARAMETRO,ID_GRUPO_INDICADOR,ORDEN,FLAG_ESTADO) values ('12','5','20','1','4','1');
Insert into MRVMM.T_MAEM_INDICADOR (ID_ENFOQUE,ID_MEDMIT,ID_PARAMETRO,ID_GRUPO_INDICADOR,ORDEN,FLAG_ESTADO) values ('12','5','12','1','5','1');
Insert into MRVMM.T_MAEM_INDICADOR (ID_ENFOQUE,ID_MEDMIT,ID_PARAMETRO,ID_GRUPO_INDICADOR,ORDEN,FLAG_ESTADO) values ('12','5','17','1','6','1');
Insert into MRVMM.T_MAEM_INDICADOR (ID_ENFOQUE,ID_MEDMIT,ID_PARAMETRO,ID_GRUPO_INDICADOR,ORDEN,FLAG_ESTADO) values ('12','5','11','3','12','1');
Insert into MRVMM.T_MAEM_INDICADOR (ID_ENFOQUE,ID_MEDMIT,ID_PARAMETRO,ID_GRUPO_INDICADOR,ORDEN,FLAG_ESTADO) values ('13','3','6','1','1','1');
Insert into MRVMM.T_MAEM_INDICADOR (ID_ENFOQUE,ID_MEDMIT,ID_PARAMETRO,ID_GRUPO_INDICADOR,ORDEN,FLAG_ESTADO) values ('13','3','19','2','3','1');
Insert into MRVMM.T_MAEM_INDICADOR (ID_ENFOQUE,ID_MEDMIT,ID_PARAMETRO,ID_GRUPO_INDICADOR,ORDEN,FLAG_ESTADO) values ('13','3','20','1','4','1');
Insert into MRVMM.T_MAEM_INDICADOR (ID_ENFOQUE,ID_MEDMIT,ID_PARAMETRO,ID_GRUPO_INDICADOR,ORDEN,FLAG_ESTADO) values ('13','3','12','1','5','1');
Insert into MRVMM.T_MAEM_INDICADOR (ID_ENFOQUE,ID_MEDMIT,ID_PARAMETRO,ID_GRUPO_INDICADOR,ORDEN,FLAG_ESTADO) values ('13','3','17','1','6','1');
Insert into MRVMM.T_MAEM_INDICADOR (ID_ENFOQUE,ID_MEDMIT,ID_PARAMETRO,ID_GRUPO_INDICADOR,ORDEN,FLAG_ESTADO) values ('13','3','11','3','12','1');
Insert into MRVMM.T_MAEM_INDICADOR (ID_ENFOQUE,ID_MEDMIT,ID_PARAMETRO,ID_GRUPO_INDICADOR,ORDEN,FLAG_ESTADO) values ('14','2','6','1','1','1');
Insert into MRVMM.T_MAEM_INDICADOR (ID_ENFOQUE,ID_MEDMIT,ID_PARAMETRO,ID_GRUPO_INDICADOR,ORDEN,FLAG_ESTADO) values ('14','2','22','2','3','1');
Insert into MRVMM.T_MAEM_INDICADOR (ID_ENFOQUE,ID_MEDMIT,ID_PARAMETRO,ID_GRUPO_INDICADOR,ORDEN,FLAG_ESTADO) values ('14','2','23','1','4','1');
Insert into MRVMM.T_MAEM_INDICADOR (ID_ENFOQUE,ID_MEDMIT,ID_PARAMETRO,ID_GRUPO_INDICADOR,ORDEN,FLAG_ESTADO) values ('14','2','12','1','5','1');
Insert into MRVMM.T_MAEM_INDICADOR (ID_ENFOQUE,ID_MEDMIT,ID_PARAMETRO,ID_GRUPO_INDICADOR,ORDEN,FLAG_ESTADO) values ('14','2','17','1','6','1');
Insert into MRVMM.T_MAEM_INDICADOR (ID_ENFOQUE,ID_MEDMIT,ID_PARAMETRO,ID_GRUPO_INDICADOR,ORDEN,FLAG_ESTADO) values ('14','2','11','3','7','1');
Insert into MRVMM.T_MAEM_INDICADOR (ID_ENFOQUE,ID_MEDMIT,ID_PARAMETRO,ID_GRUPO_INDICADOR,ORDEN,FLAG_ESTADO) values ('14','2','21','1','2','1');
Insert into MRVMM.T_MAEM_INDICADOR (ID_ENFOQUE,ID_MEDMIT,ID_PARAMETRO,ID_GRUPO_INDICADOR,ORDEN,FLAG_ESTADO) values ('17','1','6','1','1','1');
Insert into MRVMM.T_MAEM_INDICADOR (ID_ENFOQUE,ID_MEDMIT,ID_PARAMETRO,ID_GRUPO_INDICADOR,ORDEN,FLAG_ESTADO) values ('17','1','29','1','2','1');
Insert into MRVMM.T_MAEM_INDICADOR (ID_ENFOQUE,ID_MEDMIT,ID_PARAMETRO,ID_GRUPO_INDICADOR,ORDEN,FLAG_ESTADO) values ('17','1','28','1','2','1');
Insert into MRVMM.T_MAEM_INDICADOR (ID_ENFOQUE,ID_MEDMIT,ID_PARAMETRO,ID_GRUPO_INDICADOR,ORDEN,FLAG_ESTADO) values ('17','1','26','2','3','1');
Insert into MRVMM.T_MAEM_INDICADOR (ID_ENFOQUE,ID_MEDMIT,ID_PARAMETRO,ID_GRUPO_INDICADOR,ORDEN,FLAG_ESTADO) values ('17','1','27','1','4','1');
Insert into MRVMM.T_MAEM_INDICADOR (ID_ENFOQUE,ID_MEDMIT,ID_PARAMETRO,ID_GRUPO_INDICADOR,ORDEN,FLAG_ESTADO) values ('17','1','12','1','5','1');
Insert into MRVMM.T_MAEM_INDICADOR (ID_ENFOQUE,ID_MEDMIT,ID_PARAMETRO,ID_GRUPO_INDICADOR,ORDEN,FLAG_ESTADO) values ('17','1','17','1','6','1');
Insert into MRVMM.T_MAEM_INDICADOR (ID_ENFOQUE,ID_MEDMIT,ID_PARAMETRO,ID_GRUPO_INDICADOR,ORDEN,FLAG_ESTADO) values ('17','1','11','3','7','1');
Insert into MRVMM.T_MAEM_INDICADOR (ID_ENFOQUE,ID_MEDMIT,ID_PARAMETRO,ID_GRUPO_INDICADOR,ORDEN,FLAG_ESTADO) values ('15','2','44','2','3','1');
Insert into MRVMM.T_MAEM_INDICADOR (ID_ENFOQUE,ID_MEDMIT,ID_PARAMETRO,ID_GRUPO_INDICADOR,ORDEN,FLAG_ESTADO) values ('15','2','46','2','4','1');
Insert into MRVMM.T_MAEM_INDICADOR (ID_ENFOQUE,ID_MEDMIT,ID_PARAMETRO,ID_GRUPO_INDICADOR,ORDEN,FLAG_ESTADO) values ('15','2','43','1','5','1');
Insert into MRVMM.T_MAEM_INDICADOR (ID_ENFOQUE,ID_MEDMIT,ID_PARAMETRO,ID_GRUPO_INDICADOR,ORDEN,FLAG_ESTADO) values ('15','2','45','1','6','1');
Insert into MRVMM.T_MAEM_INDICADOR (ID_ENFOQUE,ID_MEDMIT,ID_PARAMETRO,ID_GRUPO_INDICADOR,ORDEN,FLAG_ESTADO) values ('15','2','47','1','7','1');
Insert into MRVMM.T_MAEM_INDICADOR (ID_ENFOQUE,ID_MEDMIT,ID_PARAMETRO,ID_GRUPO_INDICADOR,ORDEN,FLAG_ESTADO) values ('15','2','9','2','8','1');
Insert into MRVMM.T_MAEM_INDICADOR (ID_ENFOQUE,ID_MEDMIT,ID_PARAMETRO,ID_GRUPO_INDICADOR,ORDEN,FLAG_ESTADO) values ('15','2','10','1','9','1');
Insert into MRVMM.T_MAEM_INDICADOR (ID_ENFOQUE,ID_MEDMIT,ID_PARAMETRO,ID_GRUPO_INDICADOR,ORDEN,FLAG_ESTADO) values ('15','2','11','3','10','1');
Insert into MRVMM.T_MAEM_INDICADOR (ID_ENFOQUE,ID_MEDMIT,ID_PARAMETRO,ID_GRUPO_INDICADOR,ORDEN,FLAG_ESTADO) values ('1','12','4','1','5','1');
Insert into MRVMM.T_MAEM_INDICADOR (ID_ENFOQUE,ID_MEDMIT,ID_PARAMETRO,ID_GRUPO_INDICADOR,ORDEN,FLAG_ESTADO) values ('2','12','6','1','1','1');
Insert into MRVMM.T_MAEM_INDICADOR (ID_ENFOQUE,ID_MEDMIT,ID_PARAMETRO,ID_GRUPO_INDICADOR,ORDEN,FLAG_ESTADO) values ('18','1','6','1','1','1');
Insert into MRVMM.T_MAEM_INDICADOR (ID_ENFOQUE,ID_MEDMIT,ID_PARAMETRO,ID_GRUPO_INDICADOR,ORDEN,FLAG_ESTADO) values ('2','12','1','1','3','1');
Insert into MRVMM.T_MAEM_INDICADOR (ID_ENFOQUE,ID_MEDMIT,ID_PARAMETRO,ID_GRUPO_INDICADOR,ORDEN,FLAG_ESTADO) values ('2','12','3','2','4','1');
Insert into MRVMM.T_MAEM_INDICADOR (ID_ENFOQUE,ID_MEDMIT,ID_PARAMETRO,ID_GRUPO_INDICADOR,ORDEN,FLAG_ESTADO) values ('2','12','15','2','5','1');
Insert into MRVMM.T_MAEM_INDICADOR (ID_ENFOQUE,ID_MEDMIT,ID_PARAMETRO,ID_GRUPO_INDICADOR,ORDEN,FLAG_ESTADO) values ('2','12','4','1','6','1');
Insert into MRVMM.T_MAEM_INDICADOR (ID_ENFOQUE,ID_MEDMIT,ID_PARAMETRO,ID_GRUPO_INDICADOR,ORDEN,FLAG_ESTADO) values ('2','12','12','1','7','1');
Insert into MRVMM.T_MAEM_INDICADOR (ID_ENFOQUE,ID_MEDMIT,ID_PARAMETRO,ID_GRUPO_INDICADOR,ORDEN,FLAG_ESTADO) values ('2','12','13','1','8','1');
Insert into MRVMM.T_MAEM_INDICADOR (ID_ENFOQUE,ID_MEDMIT,ID_PARAMETRO,ID_GRUPO_INDICADOR,ORDEN,FLAG_ESTADO) values ('2','12','5','1','9','1');
Insert into MRVMM.T_MAEM_INDICADOR (ID_ENFOQUE,ID_MEDMIT,ID_PARAMETRO,ID_GRUPO_INDICADOR,ORDEN,FLAG_ESTADO) values ('2','12','9','2','10','1');
Insert into MRVMM.T_MAEM_INDICADOR (ID_ENFOQUE,ID_MEDMIT,ID_PARAMETRO,ID_GRUPO_INDICADOR,ORDEN,FLAG_ESTADO) values ('2','12','10','1','11','1');
Insert into MRVMM.T_MAEM_INDICADOR (ID_ENFOQUE,ID_MEDMIT,ID_PARAMETRO,ID_GRUPO_INDICADOR,ORDEN,FLAG_ESTADO) values ('2','12','11','3','12','1');
Insert into MRVMM.T_MAEM_INDICADOR (ID_ENFOQUE,ID_MEDMIT,ID_PARAMETRO,ID_GRUPO_INDICADOR,ORDEN,FLAG_ESTADO) values ('4','12','12','1','7','1');
Insert into MRVMM.T_MAEM_INDICADOR (ID_ENFOQUE,ID_MEDMIT,ID_PARAMETRO,ID_GRUPO_INDICADOR,ORDEN,FLAG_ESTADO) values ('5','11','6','1','1','1');
Insert into MRVMM.T_MAEM_INDICADOR (ID_ENFOQUE,ID_MEDMIT,ID_PARAMETRO,ID_GRUPO_INDICADOR,ORDEN,FLAG_ESTADO) values ('5','11','2','1','2','1');
Insert into MRVMM.T_MAEM_INDICADOR (ID_ENFOQUE,ID_MEDMIT,ID_PARAMETRO,ID_GRUPO_INDICADOR,ORDEN,FLAG_ESTADO) values ('5','11','16','1','3','1');
Insert into MRVMM.T_MAEM_INDICADOR (ID_ENFOQUE,ID_MEDMIT,ID_PARAMETRO,ID_GRUPO_INDICADOR,ORDEN,FLAG_ESTADO) values ('5','11','11','3','12','1');
Insert into MRVMM.T_MAEM_INDICADOR (ID_ENFOQUE,ID_MEDMIT,ID_PARAMETRO,ID_GRUPO_INDICADOR,ORDEN,FLAG_ESTADO) values ('6','10','6','1','1','1');
Insert into MRVMM.T_MAEM_INDICADOR (ID_ENFOQUE,ID_MEDMIT,ID_PARAMETRO,ID_GRUPO_INDICADOR,ORDEN,FLAG_ESTADO) values ('6','10','2','1','2','1');
Insert into MRVMM.T_MAEM_INDICADOR (ID_ENFOQUE,ID_MEDMIT,ID_PARAMETRO,ID_GRUPO_INDICADOR,ORDEN,FLAG_ESTADO) values ('6','10','16','1','3','1');
Insert into MRVMM.T_MAEM_INDICADOR (ID_ENFOQUE,ID_MEDMIT,ID_PARAMETRO,ID_GRUPO_INDICADOR,ORDEN,FLAG_ESTADO) values ('6','10','11','3','12','1');
Insert into MRVMM.T_MAEM_INDICADOR (ID_ENFOQUE,ID_MEDMIT,ID_PARAMETRO,ID_GRUPO_INDICADOR,ORDEN,FLAG_ESTADO) values ('7','9','6','1','1','1');
Insert into MRVMM.T_MAEM_INDICADOR (ID_ENFOQUE,ID_MEDMIT,ID_PARAMETRO,ID_GRUPO_INDICADOR,ORDEN,FLAG_ESTADO) values ('19','1','6','1','1','1');
Insert into MRVMM.T_MAEM_INDICADOR (ID_ENFOQUE,ID_MEDMIT,ID_PARAMETRO,ID_GRUPO_INDICADOR,ORDEN,FLAG_ESTADO) values ('7','9','17','1','3','1');
Insert into MRVMM.T_MAEM_INDICADOR (ID_ENFOQUE,ID_MEDMIT,ID_PARAMETRO,ID_GRUPO_INDICADOR,ORDEN,FLAG_ESTADO) values ('7','9','18','1','4','1');
Insert into MRVMM.T_MAEM_INDICADOR (ID_ENFOQUE,ID_MEDMIT,ID_PARAMETRO,ID_GRUPO_INDICADOR,ORDEN,FLAG_ESTADO) values ('7','9','12','1','5','1');
Insert into MRVMM.T_MAEM_INDICADOR (ID_ENFOQUE,ID_MEDMIT,ID_PARAMETRO,ID_GRUPO_INDICADOR,ORDEN,FLAG_ESTADO) values ('7','9','11','3','12','1');
Insert into MRVMM.T_MAEM_INDICADOR (ID_ENFOQUE,ID_MEDMIT,ID_PARAMETRO,ID_GRUPO_INDICADOR,ORDEN,FLAG_ESTADO) values ('16','1','6','1','1','1');
Insert into MRVMM.T_MAEM_INDICADOR (ID_ENFOQUE,ID_MEDMIT,ID_PARAMETRO,ID_GRUPO_INDICADOR,ORDEN,FLAG_ESTADO) values ('16','1','24','1','2','1');
Insert into MRVMM.T_MAEM_INDICADOR (ID_ENFOQUE,ID_MEDMIT,ID_PARAMETRO,ID_GRUPO_INDICADOR,ORDEN,FLAG_ESTADO) values ('16','1','25','1','2','1');
Insert into MRVMM.T_MAEM_INDICADOR (ID_ENFOQUE,ID_MEDMIT,ID_PARAMETRO,ID_GRUPO_INDICADOR,ORDEN,FLAG_ESTADO) values ('16','1','26','2','3','1');
Insert into MRVMM.T_MAEM_INDICADOR (ID_ENFOQUE,ID_MEDMIT,ID_PARAMETRO,ID_GRUPO_INDICADOR,ORDEN,FLAG_ESTADO) values ('16','1','27','1','4','1');
Insert into MRVMM.T_MAEM_INDICADOR (ID_ENFOQUE,ID_MEDMIT,ID_PARAMETRO,ID_GRUPO_INDICADOR,ORDEN,FLAG_ESTADO) values ('16','1','12','1','5','1');
Insert into MRVMM.T_MAEM_INDICADOR (ID_ENFOQUE,ID_MEDMIT,ID_PARAMETRO,ID_GRUPO_INDICADOR,ORDEN,FLAG_ESTADO) values ('16','1','17','1','6','1');
Insert into MRVMM.T_MAEM_INDICADOR (ID_ENFOQUE,ID_MEDMIT,ID_PARAMETRO,ID_GRUPO_INDICADOR,ORDEN,FLAG_ESTADO) values ('16','1','11','3','7','1');
Insert into MRVMM.T_MAEM_INDICADOR (ID_ENFOQUE,ID_MEDMIT,ID_PARAMETRO,ID_GRUPO_INDICADOR,ORDEN,FLAG_ESTADO) values ('18','1','34','1','2','1');
Insert into MRVMM.T_MAEM_INDICADOR (ID_ENFOQUE,ID_MEDMIT,ID_PARAMETRO,ID_GRUPO_INDICADOR,ORDEN,FLAG_ESTADO) values ('20','1','36','1','2','1');
Insert into MRVMM.T_MAEM_INDICADOR (ID_ENFOQUE,ID_MEDMIT,ID_PARAMETRO,ID_GRUPO_INDICADOR,ORDEN,FLAG_ESTADO) values ('18','1','26','2','3','1');
Insert into MRVMM.T_MAEM_INDICADOR (ID_ENFOQUE,ID_MEDMIT,ID_PARAMETRO,ID_GRUPO_INDICADOR,ORDEN,FLAG_ESTADO) values ('18','1','27','1','4','1');
Insert into MRVMM.T_MAEM_INDICADOR (ID_ENFOQUE,ID_MEDMIT,ID_PARAMETRO,ID_GRUPO_INDICADOR,ORDEN,FLAG_ESTADO) values ('18','1','12','1','5','1');
Insert into MRVMM.T_MAEM_INDICADOR (ID_ENFOQUE,ID_MEDMIT,ID_PARAMETRO,ID_GRUPO_INDICADOR,ORDEN,FLAG_ESTADO) values ('18','1','17','1','6','1');
Insert into MRVMM.T_MAEM_INDICADOR (ID_ENFOQUE,ID_MEDMIT,ID_PARAMETRO,ID_GRUPO_INDICADOR,ORDEN,FLAG_ESTADO) values ('18','1','11','3','7','1');
Insert into MRVMM.T_MAEM_INDICADOR (ID_ENFOQUE,ID_MEDMIT,ID_PARAMETRO,ID_GRUPO_INDICADOR,ORDEN,FLAG_ESTADO) values ('19','1','35','1','2','1');
Insert into MRVMM.T_MAEM_INDICADOR (ID_ENFOQUE,ID_MEDMIT,ID_PARAMETRO,ID_GRUPO_INDICADOR,ORDEN,FLAG_ESTADO) values ('19','1','26','2','3','1');
Insert into MRVMM.T_MAEM_INDICADOR (ID_ENFOQUE,ID_MEDMIT,ID_PARAMETRO,ID_GRUPO_INDICADOR,ORDEN,FLAG_ESTADO) values ('19','1','27','1','4','1');
Insert into MRVMM.T_MAEM_INDICADOR (ID_ENFOQUE,ID_MEDMIT,ID_PARAMETRO,ID_GRUPO_INDICADOR,ORDEN,FLAG_ESTADO) values ('19','1','12','1','5','1');
Insert into MRVMM.T_MAEM_INDICADOR (ID_ENFOQUE,ID_MEDMIT,ID_PARAMETRO,ID_GRUPO_INDICADOR,ORDEN,FLAG_ESTADO) values ('19','1','17','1','6','1');
Insert into MRVMM.T_MAEM_INDICADOR (ID_ENFOQUE,ID_MEDMIT,ID_PARAMETRO,ID_GRUPO_INDICADOR,ORDEN,FLAG_ESTADO) values ('19','1','11','3','7','1');
Insert into MRVMM.T_MAEM_INDICADOR (ID_ENFOQUE,ID_MEDMIT,ID_PARAMETRO,ID_GRUPO_INDICADOR,ORDEN,FLAG_ESTADO) values ('20','1','6','1','1','1');
Insert into MRVMM.T_MAEM_INDICADOR (ID_ENFOQUE,ID_MEDMIT,ID_PARAMETRO,ID_GRUPO_INDICADOR,ORDEN,FLAG_ESTADO) values ('20','1','37','2','3','1');
Insert into MRVMM.T_MAEM_INDICADOR (ID_ENFOQUE,ID_MEDMIT,ID_PARAMETRO,ID_GRUPO_INDICADOR,ORDEN,FLAG_ESTADO) values ('20','1','38','1','4','1');
Insert into MRVMM.T_MAEM_INDICADOR (ID_ENFOQUE,ID_MEDMIT,ID_PARAMETRO,ID_GRUPO_INDICADOR,ORDEN,FLAG_ESTADO) values ('20','1','12','1','5','1');
Insert into MRVMM.T_MAEM_INDICADOR (ID_ENFOQUE,ID_MEDMIT,ID_PARAMETRO,ID_GRUPO_INDICADOR,ORDEN,FLAG_ESTADO) values ('20','1','17','1','6','1');
Insert into MRVMM.T_MAEM_INDICADOR (ID_ENFOQUE,ID_MEDMIT,ID_PARAMETRO,ID_GRUPO_INDICADOR,ORDEN,FLAG_ESTADO) values ('20','1','11','3','7','1');
Insert into MRVMM.T_MAEM_INDICADOR (ID_ENFOQUE,ID_MEDMIT,ID_PARAMETRO,ID_GRUPO_INDICADOR,ORDEN,FLAG_ESTADO) values ('21','1','6','1','1','1');
Insert into MRVMM.T_MAEM_INDICADOR (ID_ENFOQUE,ID_MEDMIT,ID_PARAMETRO,ID_GRUPO_INDICADOR,ORDEN,FLAG_ESTADO) values ('21','1','39','1','2','1');
Insert into MRVMM.T_MAEM_INDICADOR (ID_ENFOQUE,ID_MEDMIT,ID_PARAMETRO,ID_GRUPO_INDICADOR,ORDEN,FLAG_ESTADO) values ('21','1','26','2','3','1');
Insert into MRVMM.T_MAEM_INDICADOR (ID_ENFOQUE,ID_MEDMIT,ID_PARAMETRO,ID_GRUPO_INDICADOR,ORDEN,FLAG_ESTADO) values ('21','1','27','1','4','1');
Insert into MRVMM.T_MAEM_INDICADOR (ID_ENFOQUE,ID_MEDMIT,ID_PARAMETRO,ID_GRUPO_INDICADOR,ORDEN,FLAG_ESTADO) values ('21','1','12','1','5','1');
Insert into MRVMM.T_MAEM_INDICADOR (ID_ENFOQUE,ID_MEDMIT,ID_PARAMETRO,ID_GRUPO_INDICADOR,ORDEN,FLAG_ESTADO) values ('21','1','17','1','6','1');
Insert into MRVMM.T_MAEM_INDICADOR (ID_ENFOQUE,ID_MEDMIT,ID_PARAMETRO,ID_GRUPO_INDICADOR,ORDEN,FLAG_ESTADO) values ('21','1','11','3','7','1');
REM INSERTING into MRVMM.T_MAEM_INDICADOR_DATA
SET DEFINE OFF;
Insert into MRVMM.T_MAEM_INDICADOR_DATA (ID_INICIATIVA,ID_INDICADOR,ID_ENFOQUE,ID_MEDMIT,ID_PARAMETRO,VALOR,FLAG_ESTADO) values ('383','1','1','12','6','2015','1');
Insert into MRVMM.T_MAEM_INDICADOR_DATA (ID_INICIATIVA,ID_INDICADOR,ID_ENFOQUE,ID_MEDMIT,ID_PARAMETRO,VALOR,FLAG_ESTADO) values ('383','1','1','12','2','2018-05-23','1');
Insert into MRVMM.T_MAEM_INDICADOR_DATA (ID_INICIATIVA,ID_INDICADOR,ID_ENFOQUE,ID_MEDMIT,ID_PARAMETRO,VALOR,FLAG_ESTADO) values ('383','1','1','12','1','1','1');
Insert into MRVMM.T_MAEM_INDICADOR_DATA (ID_INICIATIVA,ID_INDICADOR,ID_ENFOQUE,ID_MEDMIT,ID_PARAMETRO,VALOR,FLAG_ESTADO) values ('383','1','1','12','3','1','1');
Insert into MRVMM.T_MAEM_INDICADOR_DATA (ID_INICIATIVA,ID_INDICADOR,ID_ENFOQUE,ID_MEDMIT,ID_PARAMETRO,VALOR,FLAG_ESTADO) values ('383','1','1','12','4','12345','1');
Insert into MRVMM.T_MAEM_INDICADOR_DATA (ID_INICIATIVA,ID_INDICADOR,ID_ENFOQUE,ID_MEDMIT,ID_PARAMETRO,VALOR,FLAG_ESTADO) values ('383','1','1','12','12','1','1');
Insert into MRVMM.T_MAEM_INDICADOR_DATA (ID_INICIATIVA,ID_INDICADOR,ID_ENFOQUE,ID_MEDMIT,ID_PARAMETRO,VALOR,FLAG_ESTADO) values ('383','1','1','12','13','23','1');
Insert into MRVMM.T_MAEM_INDICADOR_DATA (ID_INICIATIVA,ID_INDICADOR,ID_ENFOQUE,ID_MEDMIT,ID_PARAMETRO,VALOR,FLAG_ESTADO) values ('383','1','1','12','5','FGC-345','1');
Insert into MRVMM.T_MAEM_INDICADOR_DATA (ID_INICIATIVA,ID_INDICADOR,ID_ENFOQUE,ID_MEDMIT,ID_PARAMETRO,VALOR,FLAG_ESTADO) values ('383','1','1','12','9','2.31','1');
Insert into MRVMM.T_MAEM_INDICADOR_DATA (ID_INICIATIVA,ID_INDICADOR,ID_ENFOQUE,ID_MEDMIT,ID_PARAMETRO,VALOR,FLAG_ESTADO) values ('383','1','1','12','10','64.85','1');
Insert into MRVMM.T_MAEM_INDICADOR_DATA (ID_INICIATIVA,ID_INDICADOR,ID_ENFOQUE,ID_MEDMIT,ID_PARAMETRO,VALOR,FLAG_ESTADO) values ('383','1','1','12','11','-62.54','1');
Insert into MRVMM.T_MAEM_INDICADOR_DATA (ID_INICIATIVA,ID_INDICADOR,ID_ENFOQUE,ID_MEDMIT,ID_PARAMETRO,VALOR,FLAG_ESTADO) values ('383','2','1','12','6','2015','1');
Insert into MRVMM.T_MAEM_INDICADOR_DATA (ID_INICIATIVA,ID_INDICADOR,ID_ENFOQUE,ID_MEDMIT,ID_PARAMETRO,VALOR,FLAG_ESTADO) values ('383','2','1','12','2','2018-03-23','1');
Insert into MRVMM.T_MAEM_INDICADOR_DATA (ID_INICIATIVA,ID_INDICADOR,ID_ENFOQUE,ID_MEDMIT,ID_PARAMETRO,VALOR,FLAG_ESTADO) values ('383','2','1','12','1','1','1');
Insert into MRVMM.T_MAEM_INDICADOR_DATA (ID_INICIATIVA,ID_INDICADOR,ID_ENFOQUE,ID_MEDMIT,ID_PARAMETRO,VALOR,FLAG_ESTADO) values ('383','2','1','12','3','1','1');
Insert into MRVMM.T_MAEM_INDICADOR_DATA (ID_INICIATIVA,ID_INDICADOR,ID_ENFOQUE,ID_MEDMIT,ID_PARAMETRO,VALOR,FLAG_ESTADO) values ('383','2','1','12','4','126789','1');
Insert into MRVMM.T_MAEM_INDICADOR_DATA (ID_INICIATIVA,ID_INDICADOR,ID_ENFOQUE,ID_MEDMIT,ID_PARAMETRO,VALOR,FLAG_ESTADO) values ('383','2','1','12','12','1','1');
Insert into MRVMM.T_MAEM_INDICADOR_DATA (ID_INICIATIVA,ID_INDICADOR,ID_ENFOQUE,ID_MEDMIT,ID_PARAMETRO,VALOR,FLAG_ESTADO) values ('383','2','1','12','13','30','1');
Insert into MRVMM.T_MAEM_INDICADOR_DATA (ID_INICIATIVA,ID_INDICADOR,ID_ENFOQUE,ID_MEDMIT,ID_PARAMETRO,VALOR,FLAG_ESTADO) values ('383','2','1','12','5','CFT-948','1');
Insert into MRVMM.T_MAEM_INDICADOR_DATA (ID_INICIATIVA,ID_INDICADOR,ID_ENFOQUE,ID_MEDMIT,ID_PARAMETRO,VALOR,FLAG_ESTADO) values ('383','2','1','12','9','23.75','1');
Insert into MRVMM.T_MAEM_INDICADOR_DATA (ID_INICIATIVA,ID_INDICADOR,ID_ENFOQUE,ID_MEDMIT,ID_PARAMETRO,VALOR,FLAG_ESTADO) values ('383','2','1','12','10','868.8','1');
Insert into MRVMM.T_MAEM_INDICADOR_DATA (ID_INICIATIVA,ID_INDICADOR,ID_ENFOQUE,ID_MEDMIT,ID_PARAMETRO,VALOR,FLAG_ESTADO) values ('383','2','1','12','11','-845.04','1');
Insert into MRVMM.T_MAEM_INDICADOR_DATA (ID_INICIATIVA,ID_INDICADOR,ID_ENFOQUE,ID_MEDMIT,ID_PARAMETRO,VALOR,FLAG_ESTADO) values ('444','20','1','12','1','5','0');
Insert into MRVMM.T_MAEM_INDICADOR_DATA (ID_INICIATIVA,ID_INDICADOR,ID_ENFOQUE,ID_MEDMIT,ID_PARAMETRO,VALOR,FLAG_ESTADO) values ('444','20','1','12','3','3','0');
Insert into MRVMM.T_MAEM_INDICADOR_DATA (ID_INICIATIVA,ID_INDICADOR,ID_ENFOQUE,ID_MEDMIT,ID_PARAMETRO,VALOR,FLAG_ESTADO) values ('444','20','1','12','4','1458','0');
Insert into MRVMM.T_MAEM_INDICADOR_DATA (ID_INICIATIVA,ID_INDICADOR,ID_ENFOQUE,ID_MEDMIT,ID_PARAMETRO,VALOR,FLAG_ESTADO) values ('444','20','1','12','12','10','0');
Insert into MRVMM.T_MAEM_INDICADOR_DATA (ID_INICIATIVA,ID_INDICADOR,ID_ENFOQUE,ID_MEDMIT,ID_PARAMETRO,VALOR,FLAG_ESTADO) values ('444','20','1','12','13','10','0');
Insert into MRVMM.T_MAEM_INDICADOR_DATA (ID_INICIATIVA,ID_INDICADOR,ID_ENFOQUE,ID_MEDMIT,ID_PARAMETRO,VALOR,FLAG_ESTADO) values ('444','20','1','12','5','PLO-145','0');
Insert into MRVMM.T_MAEM_INDICADOR_DATA (ID_INICIATIVA,ID_INDICADOR,ID_ENFOQUE,ID_MEDMIT,ID_PARAMETRO,VALOR,FLAG_ESTADO) values ('444','20','1','12','9','1.41','0');
Insert into MRVMM.T_MAEM_INDICADOR_DATA (ID_INICIATIVA,ID_INDICADOR,ID_ENFOQUE,ID_MEDMIT,ID_PARAMETRO,VALOR,FLAG_ESTADO) values ('444','20','1','12','10','24.7','0');
Insert into MRVMM.T_MAEM_INDICADOR_DATA (ID_INICIATIVA,ID_INDICADOR,ID_ENFOQUE,ID_MEDMIT,ID_PARAMETRO,VALOR,FLAG_ESTADO) values ('444','20','1','12','11','-23.29','0');
Insert into MRVMM.T_MAEM_INDICADOR_DATA (ID_INICIATIVA,ID_INDICADOR,ID_ENFOQUE,ID_MEDMIT,ID_PARAMETRO,VALOR,FLAG_ESTADO) values ('444','21','1','12','6','2019','0');
Insert into MRVMM.T_MAEM_INDICADOR_DATA (ID_INICIATIVA,ID_INDICADOR,ID_ENFOQUE,ID_MEDMIT,ID_PARAMETRO,VALOR,FLAG_ESTADO) values ('444','21','1','12','2','2019-02-01','0');
Insert into MRVMM.T_MAEM_INDICADOR_DATA (ID_INICIATIVA,ID_INDICADOR,ID_ENFOQUE,ID_MEDMIT,ID_PARAMETRO,VALOR,FLAG_ESTADO) values ('444','21','1','12','1','4','0');
Insert into MRVMM.T_MAEM_INDICADOR_DATA (ID_INICIATIVA,ID_INDICADOR,ID_ENFOQUE,ID_MEDMIT,ID_PARAMETRO,VALOR,FLAG_ESTADO) values ('444','21','1','12','3','1','0');
Insert into MRVMM.T_MAEM_INDICADOR_DATA (ID_INICIATIVA,ID_INDICADOR,ID_ENFOQUE,ID_MEDMIT,ID_PARAMETRO,VALOR,FLAG_ESTADO) values ('444','21','1','12','4','1452','0');
Insert into MRVMM.T_MAEM_INDICADOR_DATA (ID_INICIATIVA,ID_INDICADOR,ID_ENFOQUE,ID_MEDMIT,ID_PARAMETRO,VALOR,FLAG_ESTADO) values ('444','21','1','12','12','1','0');
Insert into MRVMM.T_MAEM_INDICADOR_DATA (ID_INICIATIVA,ID_INDICADOR,ID_ENFOQUE,ID_MEDMIT,ID_PARAMETRO,VALOR,FLAG_ESTADO) values ('444','21','1','12','13','1','0');
Insert into MRVMM.T_MAEM_INDICADOR_DATA (ID_INICIATIVA,ID_INDICADOR,ID_ENFOQUE,ID_MEDMIT,ID_PARAMETRO,VALOR,FLAG_ESTADO) values ('444','21','1','12','5','LOP-145','0');
Insert into MRVMM.T_MAEM_INDICADOR_DATA (ID_INICIATIVA,ID_INDICADOR,ID_ENFOQUE,ID_MEDMIT,ID_PARAMETRO,VALOR,FLAG_ESTADO) values ('444','21','1','12','9','2.76','0');
Insert into MRVMM.T_MAEM_INDICADOR_DATA (ID_INICIATIVA,ID_INDICADOR,ID_ENFOQUE,ID_MEDMIT,ID_PARAMETRO,VALOR,FLAG_ESTADO) values ('444','21','1','12','10','0.25','0');
Insert into MRVMM.T_MAEM_INDICADOR_DATA (ID_INICIATIVA,ID_INDICADOR,ID_ENFOQUE,ID_MEDMIT,ID_PARAMETRO,VALOR,FLAG_ESTADO) values ('444','21','1','12','11','2.51','0');
Insert into MRVMM.T_MAEM_INDICADOR_DATA (ID_INICIATIVA,ID_INDICADOR,ID_ENFOQUE,ID_MEDMIT,ID_PARAMETRO,VALOR,FLAG_ESTADO) values ('444','22','1','12','6','2019','0');
Insert into MRVMM.T_MAEM_INDICADOR_DATA (ID_INICIATIVA,ID_INDICADOR,ID_ENFOQUE,ID_MEDMIT,ID_PARAMETRO,VALOR,FLAG_ESTADO) values ('444','22','1','12','2','2020-01-01','0');
Insert into MRVMM.T_MAEM_INDICADOR_DATA (ID_INICIATIVA,ID_INDICADOR,ID_ENFOQUE,ID_MEDMIT,ID_PARAMETRO,VALOR,FLAG_ESTADO) values ('444','22','1','12','1','1','0');
Insert into MRVMM.T_MAEM_INDICADOR_DATA (ID_INICIATIVA,ID_INDICADOR,ID_ENFOQUE,ID_MEDMIT,ID_PARAMETRO,VALOR,FLAG_ESTADO) values ('444','22','1','12','3','2','0');
Insert into MRVMM.T_MAEM_INDICADOR_DATA (ID_INICIATIVA,ID_INDICADOR,ID_ENFOQUE,ID_MEDMIT,ID_PARAMETRO,VALOR,FLAG_ESTADO) values ('444','22','1','12','4','1458','0');
Insert into MRVMM.T_MAEM_INDICADOR_DATA (ID_INICIATIVA,ID_INDICADOR,ID_ENFOQUE,ID_MEDMIT,ID_PARAMETRO,VALOR,FLAG_ESTADO) values ('444','22','1','12','12','2','0');
Insert into MRVMM.T_MAEM_INDICADOR_DATA (ID_INICIATIVA,ID_INDICADOR,ID_ENFOQUE,ID_MEDMIT,ID_PARAMETRO,VALOR,FLAG_ESTADO) values ('444','22','1','12','13','2','0');
Insert into MRVMM.T_MAEM_INDICADOR_DATA (ID_INICIATIVA,ID_INDICADOR,ID_ENFOQUE,ID_MEDMIT,ID_PARAMETRO,VALOR,FLAG_ESTADO) values ('444','22','1','12','5','PLO-145','0');
Insert into MRVMM.T_MAEM_INDICADOR_DATA (ID_INICIATIVA,ID_INDICADOR,ID_ENFOQUE,ID_MEDMIT,ID_PARAMETRO,VALOR,FLAG_ESTADO) values ('444','22','1','12','9','0.51','0');
Insert into MRVMM.T_MAEM_INDICADOR_DATA (ID_INICIATIVA,ID_INDICADOR,ID_ENFOQUE,ID_MEDMIT,ID_PARAMETRO,VALOR,FLAG_ESTADO) values ('444','22','1','12','11','-0.48','0');
Insert into MRVMM.T_MAEM_INDICADOR_DATA (ID_INICIATIVA,ID_INDICADOR,ID_ENFOQUE,ID_MEDMIT,ID_PARAMETRO,VALOR,FLAG_ESTADO) values ('444','23','1','12','6','2018','0');
Insert into MRVMM.T_MAEM_INDICADOR_DATA (ID_INICIATIVA,ID_INDICADOR,ID_ENFOQUE,ID_MEDMIT,ID_PARAMETRO,VALOR,FLAG_ESTADO) values ('444','23','1','12','2',null,'0');
Insert into MRVMM.T_MAEM_INDICADOR_DATA (ID_INICIATIVA,ID_INDICADOR,ID_ENFOQUE,ID_MEDMIT,ID_PARAMETRO,VALOR,FLAG_ESTADO) values ('444','23','1','12','1','1','0');
Insert into MRVMM.T_MAEM_INDICADOR_DATA (ID_INICIATIVA,ID_INDICADOR,ID_ENFOQUE,ID_MEDMIT,ID_PARAMETRO,VALOR,FLAG_ESTADO) values ('444','23','1','12','3','2','0');
Insert into MRVMM.T_MAEM_INDICADOR_DATA (ID_INICIATIVA,ID_INDICADOR,ID_ENFOQUE,ID_MEDMIT,ID_PARAMETRO,VALOR,FLAG_ESTADO) values ('444','23','1','12','4','1458','0');
Insert into MRVMM.T_MAEM_INDICADOR_DATA (ID_INICIATIVA,ID_INDICADOR,ID_ENFOQUE,ID_MEDMIT,ID_PARAMETRO,VALOR,FLAG_ESTADO) values ('444','23','1','12','12','3','0');
Insert into MRVMM.T_MAEM_INDICADOR_DATA (ID_INICIATIVA,ID_INDICADOR,ID_ENFOQUE,ID_MEDMIT,ID_PARAMETRO,VALOR,FLAG_ESTADO) values ('444','23','1','12','13','3','0');
Insert into MRVMM.T_MAEM_INDICADOR_DATA (ID_INICIATIVA,ID_INDICADOR,ID_ENFOQUE,ID_MEDMIT,ID_PARAMETRO,VALOR,FLAG_ESTADO) values ('444','23','1','12','5','PLO-145','0');
Insert into MRVMM.T_MAEM_INDICADOR_DATA (ID_INICIATIVA,ID_INDICADOR,ID_ENFOQUE,ID_MEDMIT,ID_PARAMETRO,VALOR,FLAG_ESTADO) values ('444','23','1','12','9','0.76','0');
Insert into MRVMM.T_MAEM_INDICADOR_DATA (ID_INICIATIVA,ID_INDICADOR,ID_ENFOQUE,ID_MEDMIT,ID_PARAMETRO,VALOR,FLAG_ESTADO) values ('444','23','1','12','10','2.22','0');
Insert into MRVMM.T_MAEM_INDICADOR_DATA (ID_INICIATIVA,ID_INDICADOR,ID_ENFOQUE,ID_MEDMIT,ID_PARAMETRO,VALOR,FLAG_ESTADO) values ('444','23','1','12','11','-1.46','0');
Insert into MRVMM.T_MAEM_INDICADOR_DATA (ID_INICIATIVA,ID_INDICADOR,ID_ENFOQUE,ID_MEDMIT,ID_PARAMETRO,VALOR,FLAG_ESTADO) values ('444','24','1','12','6','2019','0');
Insert into MRVMM.T_MAEM_INDICADOR_DATA (ID_INICIATIVA,ID_INDICADOR,ID_ENFOQUE,ID_MEDMIT,ID_PARAMETRO,VALOR,FLAG_ESTADO) values ('444','24','1','12','2',null,'0');
Insert into MRVMM.T_MAEM_INDICADOR_DATA (ID_INICIATIVA,ID_INDICADOR,ID_ENFOQUE,ID_MEDMIT,ID_PARAMETRO,VALOR,FLAG_ESTADO) values ('444','24','1','12','1','1','0');
Insert into MRVMM.T_MAEM_INDICADOR_DATA (ID_INICIATIVA,ID_INDICADOR,ID_ENFOQUE,ID_MEDMIT,ID_PARAMETRO,VALOR,FLAG_ESTADO) values ('444','24','1','12','3','2','0');
Insert into MRVMM.T_MAEM_INDICADOR_DATA (ID_INICIATIVA,ID_INDICADOR,ID_ENFOQUE,ID_MEDMIT,ID_PARAMETRO,VALOR,FLAG_ESTADO) values ('444','24','1','12','4','1458','0');
Insert into MRVMM.T_MAEM_INDICADOR_DATA (ID_INICIATIVA,ID_INDICADOR,ID_ENFOQUE,ID_MEDMIT,ID_PARAMETRO,VALOR,FLAG_ESTADO) values ('444','24','1','12','12','4','0');
Insert into MRVMM.T_MAEM_INDICADOR_DATA (ID_INICIATIVA,ID_INDICADOR,ID_ENFOQUE,ID_MEDMIT,ID_PARAMETRO,VALOR,FLAG_ESTADO) values ('444','24','1','12','13','4','0');
Insert into MRVMM.T_MAEM_INDICADOR_DATA (ID_INICIATIVA,ID_INDICADOR,ID_ENFOQUE,ID_MEDMIT,ID_PARAMETRO,VALOR,FLAG_ESTADO) values ('444','24','1','12','5','PLO-145','0');
Insert into MRVMM.T_MAEM_INDICADOR_DATA (ID_INICIATIVA,ID_INDICADOR,ID_ENFOQUE,ID_MEDMIT,ID_PARAMETRO,VALOR,FLAG_ESTADO) values ('444','24','1','12','9','1.02','0');
Insert into MRVMM.T_MAEM_INDICADOR_DATA (ID_INICIATIVA,ID_INDICADOR,ID_ENFOQUE,ID_MEDMIT,ID_PARAMETRO,VALOR,FLAG_ESTADO) values ('444','24','1','12','10','3.95','0');
Insert into MRVMM.T_MAEM_INDICADOR_DATA (ID_INICIATIVA,ID_INDICADOR,ID_ENFOQUE,ID_MEDMIT,ID_PARAMETRO,VALOR,FLAG_ESTADO) values ('444','24','1','12','11','-2.93','0');
Insert into MRVMM.T_MAEM_INDICADOR_DATA (ID_INICIATIVA,ID_INDICADOR,ID_ENFOQUE,ID_MEDMIT,ID_PARAMETRO,VALOR,FLAG_ESTADO) values ('444','25','1','12','6','2019','0');
Insert into MRVMM.T_MAEM_INDICADOR_DATA (ID_INICIATIVA,ID_INDICADOR,ID_ENFOQUE,ID_MEDMIT,ID_PARAMETRO,VALOR,FLAG_ESTADO) values ('444','25','1','12','2',null,'0');
Insert into MRVMM.T_MAEM_INDICADOR_DATA (ID_INICIATIVA,ID_INDICADOR,ID_ENFOQUE,ID_MEDMIT,ID_PARAMETRO,VALOR,FLAG_ESTADO) values ('444','25','1','12','1','2','0');
Insert into MRVMM.T_MAEM_INDICADOR_DATA (ID_INICIATIVA,ID_INDICADOR,ID_ENFOQUE,ID_MEDMIT,ID_PARAMETRO,VALOR,FLAG_ESTADO) values ('444','25','1','12','3','4','0');
Insert into MRVMM.T_MAEM_INDICADOR_DATA (ID_INICIATIVA,ID_INDICADOR,ID_ENFOQUE,ID_MEDMIT,ID_PARAMETRO,VALOR,FLAG_ESTADO) values ('444','25','1','12','4','1458','0');
Insert into MRVMM.T_MAEM_INDICADOR_DATA (ID_INICIATIVA,ID_INDICADOR,ID_ENFOQUE,ID_MEDMIT,ID_PARAMETRO,VALOR,FLAG_ESTADO) values ('444','25','1','12','12','5','0');
Insert into MRVMM.T_MAEM_INDICADOR_DATA (ID_INICIATIVA,ID_INDICADOR,ID_ENFOQUE,ID_MEDMIT,ID_PARAMETRO,VALOR,FLAG_ESTADO) values ('444','25','1','12','13','5','0');
Insert into MRVMM.T_MAEM_INDICADOR_DATA (ID_INICIATIVA,ID_INDICADOR,ID_ENFOQUE,ID_MEDMIT,ID_PARAMETRO,VALOR,FLAG_ESTADO) values ('444','25','1','12','5','PLO-145','0');
Insert into MRVMM.T_MAEM_INDICADOR_DATA (ID_INICIATIVA,ID_INDICADOR,ID_ENFOQUE,ID_MEDMIT,ID_PARAMETRO,VALOR,FLAG_ESTADO) values ('444','25','1','12','9','4.34','0');
Insert into MRVMM.T_MAEM_INDICADOR_DATA (ID_INICIATIVA,ID_INDICADOR,ID_ENFOQUE,ID_MEDMIT,ID_PARAMETRO,VALOR,FLAG_ESTADO) values ('444','25','1','12','10','6.17','0');
Insert into MRVMM.T_MAEM_INDICADOR_DATA (ID_INICIATIVA,ID_INDICADOR,ID_ENFOQUE,ID_MEDMIT,ID_PARAMETRO,VALOR,FLAG_ESTADO) values ('444','25','1','12','11','-1.83','0');
Insert into MRVMM.T_MAEM_INDICADOR_DATA (ID_INICIATIVA,ID_INDICADOR,ID_ENFOQUE,ID_MEDMIT,ID_PARAMETRO,VALOR,FLAG_ESTADO) values ('444','26','1','12','6','2018','0');
Insert into MRVMM.T_MAEM_INDICADOR_DATA (ID_INICIATIVA,ID_INDICADOR,ID_ENFOQUE,ID_MEDMIT,ID_PARAMETRO,VALOR,FLAG_ESTADO) values ('444','26','1','12','2',null,'0');
Insert into MRVMM.T_MAEM_INDICADOR_DATA (ID_INICIATIVA,ID_INDICADOR,ID_ENFOQUE,ID_MEDMIT,ID_PARAMETRO,VALOR,FLAG_ESTADO) values ('444','26','1','12','1','1','0');
Insert into MRVMM.T_MAEM_INDICADOR_DATA (ID_INICIATIVA,ID_INDICADOR,ID_ENFOQUE,ID_MEDMIT,ID_PARAMETRO,VALOR,FLAG_ESTADO) values ('444','26','1','12','3','1','0');
Insert into MRVMM.T_MAEM_INDICADOR_DATA (ID_INICIATIVA,ID_INDICADOR,ID_ENFOQUE,ID_MEDMIT,ID_PARAMETRO,VALOR,FLAG_ESTADO) values ('444','26','1','12','4','1458','0');
Insert into MRVMM.T_MAEM_INDICADOR_DATA (ID_INICIATIVA,ID_INDICADOR,ID_ENFOQUE,ID_MEDMIT,ID_PARAMETRO,VALOR,FLAG_ESTADO) values ('444','26','1','12','12','6','0');
Insert into MRVMM.T_MAEM_INDICADOR_DATA (ID_INICIATIVA,ID_INDICADOR,ID_ENFOQUE,ID_MEDMIT,ID_PARAMETRO,VALOR,FLAG_ESTADO) values ('444','26','1','12','13','6','0');
Insert into MRVMM.T_MAEM_INDICADOR_DATA (ID_INICIATIVA,ID_INDICADOR,ID_ENFOQUE,ID_MEDMIT,ID_PARAMETRO,VALOR,FLAG_ESTADO) values ('444','26','1','12','5','PLO-145','0');
Insert into MRVMM.T_MAEM_INDICADOR_DATA (ID_INICIATIVA,ID_INDICADOR,ID_ENFOQUE,ID_MEDMIT,ID_PARAMETRO,VALOR,FLAG_ESTADO) values ('444','26','1','12','9','1.64','0');
Insert into MRVMM.T_MAEM_INDICADOR_DATA (ID_INICIATIVA,ID_INDICADOR,ID_ENFOQUE,ID_MEDMIT,ID_PARAMETRO,VALOR,FLAG_ESTADO) values ('444','26','1','12','10','8.89','0');
Insert into MRVMM.T_MAEM_INDICADOR_DATA (ID_INICIATIVA,ID_INDICADOR,ID_ENFOQUE,ID_MEDMIT,ID_PARAMETRO,VALOR,FLAG_ESTADO) values ('444','26','1','12','11','-7.25','0');
Insert into MRVMM.T_MAEM_INDICADOR_DATA (ID_INICIATIVA,ID_INDICADOR,ID_ENFOQUE,ID_MEDMIT,ID_PARAMETRO,VALOR,FLAG_ESTADO) values ('444','27','1','12','6','2019','0');
Insert into MRVMM.T_MAEM_INDICADOR_DATA (ID_INICIATIVA,ID_INDICADOR,ID_ENFOQUE,ID_MEDMIT,ID_PARAMETRO,VALOR,FLAG_ESTADO) values ('444','27','1','12','2',null,'0');
Insert into MRVMM.T_MAEM_INDICADOR_DATA (ID_INICIATIVA,ID_INDICADOR,ID_ENFOQUE,ID_MEDMIT,ID_PARAMETRO,VALOR,FLAG_ESTADO) values ('444','27','1','12','1','2','0');
Insert into MRVMM.T_MAEM_INDICADOR_DATA (ID_INICIATIVA,ID_INDICADOR,ID_ENFOQUE,ID_MEDMIT,ID_PARAMETRO,VALOR,FLAG_ESTADO) values ('444','27','1','12','3','2','0');
Insert into MRVMM.T_MAEM_INDICADOR_DATA (ID_INICIATIVA,ID_INDICADOR,ID_ENFOQUE,ID_MEDMIT,ID_PARAMETRO,VALOR,FLAG_ESTADO) values ('444','27','1','12','4','1458','0');
Insert into MRVMM.T_MAEM_INDICADOR_DATA (ID_INICIATIVA,ID_INDICADOR,ID_ENFOQUE,ID_MEDMIT,ID_PARAMETRO,VALOR,FLAG_ESTADO) values ('444','27','1','12','12','7','0');
Insert into MRVMM.T_MAEM_INDICADOR_DATA (ID_INICIATIVA,ID_INDICADOR,ID_ENFOQUE,ID_MEDMIT,ID_PARAMETRO,VALOR,FLAG_ESTADO) values ('444','27','1','12','13','7','0');
Insert into MRVMM.T_MAEM_INDICADOR_DATA (ID_INICIATIVA,ID_INDICADOR,ID_ENFOQUE,ID_MEDMIT,ID_PARAMETRO,VALOR,FLAG_ESTADO) values ('444','27','1','12','5','PLO-145','0');
Insert into MRVMM.T_MAEM_INDICADOR_DATA (ID_INICIATIVA,ID_INDICADOR,ID_ENFOQUE,ID_MEDMIT,ID_PARAMETRO,VALOR,FLAG_ESTADO) values ('444','27','1','12','9',null,'0');
Insert into MRVMM.T_MAEM_INDICADOR_DATA (ID_INICIATIVA,ID_INDICADOR,ID_ENFOQUE,ID_MEDMIT,ID_PARAMETRO,VALOR,FLAG_ESTADO) values ('444','27','1','12','10','12.1','0');
Insert into MRVMM.T_MAEM_INDICADOR_DATA (ID_INICIATIVA,ID_INDICADOR,ID_ENFOQUE,ID_MEDMIT,ID_PARAMETRO,VALOR,FLAG_ESTADO) values ('444','27','1','12','11','-12.1','0');
Insert into MRVMM.T_MAEM_INDICADOR_DATA (ID_INICIATIVA,ID_INDICADOR,ID_ENFOQUE,ID_MEDMIT,ID_PARAMETRO,VALOR,FLAG_ESTADO) values ('444','28','1','12','6','2019','0');
Insert into MRVMM.T_MAEM_INDICADOR_DATA (ID_INICIATIVA,ID_INDICADOR,ID_ENFOQUE,ID_MEDMIT,ID_PARAMETRO,VALOR,FLAG_ESTADO) values ('444','28','1','12','2',null,'0');
Insert into MRVMM.T_MAEM_INDICADOR_DATA (ID_INICIATIVA,ID_INDICADOR,ID_ENFOQUE,ID_MEDMIT,ID_PARAMETRO,VALOR,FLAG_ESTADO) values ('444','28','1','12','1','1','0');
Insert into MRVMM.T_MAEM_INDICADOR_DATA (ID_INICIATIVA,ID_INDICADOR,ID_ENFOQUE,ID_MEDMIT,ID_PARAMETRO,VALOR,FLAG_ESTADO) values ('444','28','1','12','3','2','0');
Insert into MRVMM.T_MAEM_INDICADOR_DATA (ID_INICIATIVA,ID_INDICADOR,ID_ENFOQUE,ID_MEDMIT,ID_PARAMETRO,VALOR,FLAG_ESTADO) values ('444','28','1','12','4','1458','0');
Insert into MRVMM.T_MAEM_INDICADOR_DATA (ID_INICIATIVA,ID_INDICADOR,ID_ENFOQUE,ID_MEDMIT,ID_PARAMETRO,VALOR,FLAG_ESTADO) values ('444','28','1','12','12','8','0');
Insert into MRVMM.T_MAEM_INDICADOR_DATA (ID_INICIATIVA,ID_INDICADOR,ID_ENFOQUE,ID_MEDMIT,ID_PARAMETRO,VALOR,FLAG_ESTADO) values ('444','28','1','12','13','8','0');
Insert into MRVMM.T_MAEM_INDICADOR_DATA (ID_INICIATIVA,ID_INDICADOR,ID_ENFOQUE,ID_MEDMIT,ID_PARAMETRO,VALOR,FLAG_ESTADO) values ('444','28','1','12','5','PLO-145','0');
Insert into MRVMM.T_MAEM_INDICADOR_DATA (ID_INICIATIVA,ID_INDICADOR,ID_ENFOQUE,ID_MEDMIT,ID_PARAMETRO,VALOR,FLAG_ESTADO) values ('444','28','1','12','9','2.04','0');
Insert into MRVMM.T_MAEM_INDICADOR_DATA (ID_INICIATIVA,ID_INDICADOR,ID_ENFOQUE,ID_MEDMIT,ID_PARAMETRO,VALOR,FLAG_ESTADO) values ('444','28','1','12','10','15.81','0');
Insert into MRVMM.T_MAEM_INDICADOR_DATA (ID_INICIATIVA,ID_INDICADOR,ID_ENFOQUE,ID_MEDMIT,ID_PARAMETRO,VALOR,FLAG_ESTADO) values ('444','28','1','12','11','-13.77','0');
Insert into MRVMM.T_MAEM_INDICADOR_DATA (ID_INICIATIVA,ID_INDICADOR,ID_ENFOQUE,ID_MEDMIT,ID_PARAMETRO,VALOR,FLAG_ESTADO) values ('444','29','1','12','6','2016','0');
Insert into MRVMM.T_MAEM_INDICADOR_DATA (ID_INICIATIVA,ID_INDICADOR,ID_ENFOQUE,ID_MEDMIT,ID_PARAMETRO,VALOR,FLAG_ESTADO) values ('444','29','1','12','2',null,'0');
Insert into MRVMM.T_MAEM_INDICADOR_DATA (ID_INICIATIVA,ID_INDICADOR,ID_ENFOQUE,ID_MEDMIT,ID_PARAMETRO,VALOR,FLAG_ESTADO) values ('444','29','1','12','1','3','0');
Insert into MRVMM.T_MAEM_INDICADOR_DATA (ID_INICIATIVA,ID_INDICADOR,ID_ENFOQUE,ID_MEDMIT,ID_PARAMETRO,VALOR,FLAG_ESTADO) values ('444','29','1','12','3','4','0');
Insert into MRVMM.T_MAEM_INDICADOR_DATA (ID_INICIATIVA,ID_INDICADOR,ID_ENFOQUE,ID_MEDMIT,ID_PARAMETRO,VALOR,FLAG_ESTADO) values ('444','29','1','12','4','1458','0');
Insert into MRVMM.T_MAEM_INDICADOR_DATA (ID_INICIATIVA,ID_INDICADOR,ID_ENFOQUE,ID_MEDMIT,ID_PARAMETRO,VALOR,FLAG_ESTADO) values ('444','29','1','12','10','29.44','0');
Insert into MRVMM.T_MAEM_INDICADOR_DATA (ID_INICIATIVA,ID_INDICADOR,ID_ENFOQUE,ID_MEDMIT,ID_PARAMETRO,VALOR,FLAG_ESTADO) values ('444','29','1','12','11','-16.82','0');
Insert into MRVMM.T_MAEM_INDICADOR_DATA (ID_INICIATIVA,ID_INDICADOR,ID_ENFOQUE,ID_MEDMIT,ID_PARAMETRO,VALOR,FLAG_ESTADO) values ('444','30','1','12','6','2018','0');
Insert into MRVMM.T_MAEM_INDICADOR_DATA (ID_INICIATIVA,ID_INDICADOR,ID_ENFOQUE,ID_MEDMIT,ID_PARAMETRO,VALOR,FLAG_ESTADO) values ('444','30','1','12','2',null,'0');
Insert into MRVMM.T_MAEM_INDICADOR_DATA (ID_INICIATIVA,ID_INDICADOR,ID_ENFOQUE,ID_MEDMIT,ID_PARAMETRO,VALOR,FLAG_ESTADO) values ('444','30','1','12','1','5','0');
Insert into MRVMM.T_MAEM_INDICADOR_DATA (ID_INICIATIVA,ID_INDICADOR,ID_ENFOQUE,ID_MEDMIT,ID_PARAMETRO,VALOR,FLAG_ESTADO) values ('444','30','1','12','3','3','0');
Insert into MRVMM.T_MAEM_INDICADOR_DATA (ID_INICIATIVA,ID_INDICADOR,ID_ENFOQUE,ID_MEDMIT,ID_PARAMETRO,VALOR,FLAG_ESTADO) values ('444','30','1','12','4','1458','0');
Insert into MRVMM.T_MAEM_INDICADOR_DATA (ID_INICIATIVA,ID_INDICADOR,ID_ENFOQUE,ID_MEDMIT,ID_PARAMETRO,VALOR,FLAG_ESTADO) values ('444','30','1','12','12','10','0');
Insert into MRVMM.T_MAEM_INDICADOR_DATA (ID_INICIATIVA,ID_INDICADOR,ID_ENFOQUE,ID_MEDMIT,ID_PARAMETRO,VALOR,FLAG_ESTADO) values ('444','30','1','12','13','10','0');
Insert into MRVMM.T_MAEM_INDICADOR_DATA (ID_INICIATIVA,ID_INDICADOR,ID_ENFOQUE,ID_MEDMIT,ID_PARAMETRO,VALOR,FLAG_ESTADO) values ('444','30','1','12','5','PLO-145','0');
Insert into MRVMM.T_MAEM_INDICADOR_DATA (ID_INICIATIVA,ID_INDICADOR,ID_ENFOQUE,ID_MEDMIT,ID_PARAMETRO,VALOR,FLAG_ESTADO) values ('444','30','1','12','9','1.41','0');
Insert into MRVMM.T_MAEM_INDICADOR_DATA (ID_INICIATIVA,ID_INDICADOR,ID_ENFOQUE,ID_MEDMIT,ID_PARAMETRO,VALOR,FLAG_ESTADO) values ('444','30','1','12','10','24.7','0');
Insert into MRVMM.T_MAEM_INDICADOR_DATA (ID_INICIATIVA,ID_INDICADOR,ID_ENFOQUE,ID_MEDMIT,ID_PARAMETRO,VALOR,FLAG_ESTADO) values ('444','30','1','12','11','-23.29','0');
Insert into MRVMM.T_MAEM_INDICADOR_DATA (ID_INICIATIVA,ID_INDICADOR,ID_ENFOQUE,ID_MEDMIT,ID_PARAMETRO,VALOR,FLAG_ESTADO) values ('444','31','1','12','6','2019','0');
Insert into MRVMM.T_MAEM_INDICADOR_DATA (ID_INICIATIVA,ID_INDICADOR,ID_ENFOQUE,ID_MEDMIT,ID_PARAMETRO,VALOR,FLAG_ESTADO) values ('444','31','1','12','2','2019-02-01','0');
Insert into MRVMM.T_MAEM_INDICADOR_DATA (ID_INICIATIVA,ID_INDICADOR,ID_ENFOQUE,ID_MEDMIT,ID_PARAMETRO,VALOR,FLAG_ESTADO) values ('444','31','1','12','1','4','0');
Insert into MRVMM.T_MAEM_INDICADOR_DATA (ID_INICIATIVA,ID_INDICADOR,ID_ENFOQUE,ID_MEDMIT,ID_PARAMETRO,VALOR,FLAG_ESTADO) values ('444','31','1','12','3','1','0');
Insert into MRVMM.T_MAEM_INDICADOR_DATA (ID_INICIATIVA,ID_INDICADOR,ID_ENFOQUE,ID_MEDMIT,ID_PARAMETRO,VALOR,FLAG_ESTADO) values ('444','31','1','12','4','1452','0');
Insert into MRVMM.T_MAEM_INDICADOR_DATA (ID_INICIATIVA,ID_INDICADOR,ID_ENFOQUE,ID_MEDMIT,ID_PARAMETRO,VALOR,FLAG_ESTADO) values ('444','31','1','12','12','1','0');
Insert into MRVMM.T_MAEM_INDICADOR_DATA (ID_INICIATIVA,ID_INDICADOR,ID_ENFOQUE,ID_MEDMIT,ID_PARAMETRO,VALOR,FLAG_ESTADO) values ('444','31','1','12','13','1','0');
Insert into MRVMM.T_MAEM_INDICADOR_DATA (ID_INICIATIVA,ID_INDICADOR,ID_ENFOQUE,ID_MEDMIT,ID_PARAMETRO,VALOR,FLAG_ESTADO) values ('444','31','1','12','5','LOP-145','0');
Insert into MRVMM.T_MAEM_INDICADOR_DATA (ID_INICIATIVA,ID_INDICADOR,ID_ENFOQUE,ID_MEDMIT,ID_PARAMETRO,VALOR,FLAG_ESTADO) values ('444','31','1','12','9','2.76','0');
Insert into MRVMM.T_MAEM_INDICADOR_DATA (ID_INICIATIVA,ID_INDICADOR,ID_ENFOQUE,ID_MEDMIT,ID_PARAMETRO,VALOR,FLAG_ESTADO) values ('444','31','1','12','10','0.25','0');
Insert into MRVMM.T_MAEM_INDICADOR_DATA (ID_INICIATIVA,ID_INDICADOR,ID_ENFOQUE,ID_MEDMIT,ID_PARAMETRO,VALOR,FLAG_ESTADO) values ('444','31','1','12','11','2.51','0');
Insert into MRVMM.T_MAEM_INDICADOR_DATA (ID_INICIATIVA,ID_INDICADOR,ID_ENFOQUE,ID_MEDMIT,ID_PARAMETRO,VALOR,FLAG_ESTADO) values ('444','32','1','12','6','2019','0');
Insert into MRVMM.T_MAEM_INDICADOR_DATA (ID_INICIATIVA,ID_INDICADOR,ID_ENFOQUE,ID_MEDMIT,ID_PARAMETRO,VALOR,FLAG_ESTADO) values ('444','32','1','12','2','2020-01-01','0');
Insert into MRVMM.T_MAEM_INDICADOR_DATA (ID_INICIATIVA,ID_INDICADOR,ID_ENFOQUE,ID_MEDMIT,ID_PARAMETRO,VALOR,FLAG_ESTADO) values ('444','32','1','12','1','1','0');
Insert into MRVMM.T_MAEM_INDICADOR_DATA (ID_INICIATIVA,ID_INDICADOR,ID_ENFOQUE,ID_MEDMIT,ID_PARAMETRO,VALOR,FLAG_ESTADO) values ('444','32','1','12','3','2','0');
Insert into MRVMM.T_MAEM_INDICADOR_DATA (ID_INICIATIVA,ID_INDICADOR,ID_ENFOQUE,ID_MEDMIT,ID_PARAMETRO,VALOR,FLAG_ESTADO) values ('444','32','1','12','4','1458','0');
Insert into MRVMM.T_MAEM_INDICADOR_DATA (ID_INICIATIVA,ID_INDICADOR,ID_ENFOQUE,ID_MEDMIT,ID_PARAMETRO,VALOR,FLAG_ESTADO) values ('444','32','1','12','12','2','0');
Insert into MRVMM.T_MAEM_INDICADOR_DATA (ID_INICIATIVA,ID_INDICADOR,ID_ENFOQUE,ID_MEDMIT,ID_PARAMETRO,VALOR,FLAG_ESTADO) values ('444','32','1','12','13','2','0');
Insert into MRVMM.T_MAEM_INDICADOR_DATA (ID_INICIATIVA,ID_INDICADOR,ID_ENFOQUE,ID_MEDMIT,ID_PARAMETRO,VALOR,FLAG_ESTADO) values ('444','32','1','12','5','PLO-145','0');
Insert into MRVMM.T_MAEM_INDICADOR_DATA (ID_INICIATIVA,ID_INDICADOR,ID_ENFOQUE,ID_MEDMIT,ID_PARAMETRO,VALOR,FLAG_ESTADO) values ('444','32','1','12','9','0.51','0');
Insert into MRVMM.T_MAEM_INDICADOR_DATA (ID_INICIATIVA,ID_INDICADOR,ID_ENFOQUE,ID_MEDMIT,ID_PARAMETRO,VALOR,FLAG_ESTADO) values ('444','32','1','12','10','0.99','0');
Insert into MRVMM.T_MAEM_INDICADOR_DATA (ID_INICIATIVA,ID_INDICADOR,ID_ENFOQUE,ID_MEDMIT,ID_PARAMETRO,VALOR,FLAG_ESTADO) values ('444','32','1','12','11','-0.48','0');
Insert into MRVMM.T_MAEM_INDICADOR_DATA (ID_INICIATIVA,ID_INDICADOR,ID_ENFOQUE,ID_MEDMIT,ID_PARAMETRO,VALOR,FLAG_ESTADO) values ('444','33','1','12','6','2018','0');
Insert into MRVMM.T_MAEM_INDICADOR_DATA (ID_INICIATIVA,ID_INDICADOR,ID_ENFOQUE,ID_MEDMIT,ID_PARAMETRO,VALOR,FLAG_ESTADO) values ('444','33','1','12','2',null,'0');
Insert into MRVMM.T_MAEM_INDICADOR_DATA (ID_INICIATIVA,ID_INDICADOR,ID_ENFOQUE,ID_MEDMIT,ID_PARAMETRO,VALOR,FLAG_ESTADO) values ('444','33','1','12','1','1','0');
Insert into MRVMM.T_MAEM_INDICADOR_DATA (ID_INICIATIVA,ID_INDICADOR,ID_ENFOQUE,ID_MEDMIT,ID_PARAMETRO,VALOR,FLAG_ESTADO) values ('444','33','1','12','3','2','0');
Insert into MRVMM.T_MAEM_INDICADOR_DATA (ID_INICIATIVA,ID_INDICADOR,ID_ENFOQUE,ID_MEDMIT,ID_PARAMETRO,VALOR,FLAG_ESTADO) values ('444','33','1','12','4','1458','0');
Insert into MRVMM.T_MAEM_INDICADOR_DATA (ID_INICIATIVA,ID_INDICADOR,ID_ENFOQUE,ID_MEDMIT,ID_PARAMETRO,VALOR,FLAG_ESTADO) values ('444','33','1','12','12','3','0');
Insert into MRVMM.T_MAEM_INDICADOR_DATA (ID_INICIATIVA,ID_INDICADOR,ID_ENFOQUE,ID_MEDMIT,ID_PARAMETRO,VALOR,FLAG_ESTADO) values ('444','33','1','12','13','3','0');
Insert into MRVMM.T_MAEM_INDICADOR_DATA (ID_INICIATIVA,ID_INDICADOR,ID_ENFOQUE,ID_MEDMIT,ID_PARAMETRO,VALOR,FLAG_ESTADO) values ('444','33','1','12','5','PLO-145','0');
Insert into MRVMM.T_MAEM_INDICADOR_DATA (ID_INICIATIVA,ID_INDICADOR,ID_ENFOQUE,ID_MEDMIT,ID_PARAMETRO,VALOR,FLAG_ESTADO) values ('444','33','1','12','9','0.76','0');
Insert into MRVMM.T_MAEM_INDICADOR_DATA (ID_INICIATIVA,ID_INDICADOR,ID_ENFOQUE,ID_MEDMIT,ID_PARAMETRO,VALOR,FLAG_ESTADO) values ('444','33','1','12','10','2.22','0');
Insert into MRVMM.T_MAEM_INDICADOR_DATA (ID_INICIATIVA,ID_INDICADOR,ID_ENFOQUE,ID_MEDMIT,ID_PARAMETRO,VALOR,FLAG_ESTADO) values ('444','33','1','12','11','-1.46','0');
Insert into MRVMM.T_MAEM_INDICADOR_DATA (ID_INICIATIVA,ID_INDICADOR,ID_ENFOQUE,ID_MEDMIT,ID_PARAMETRO,VALOR,FLAG_ESTADO) values ('444','34','1','12','6','2019','0');
Insert into MRVMM.T_MAEM_INDICADOR_DATA (ID_INICIATIVA,ID_INDICADOR,ID_ENFOQUE,ID_MEDMIT,ID_PARAMETRO,VALOR,FLAG_ESTADO) values ('444','34','1','12','2',null,'0');
Insert into MRVMM.T_MAEM_INDICADOR_DATA (ID_INICIATIVA,ID_INDICADOR,ID_ENFOQUE,ID_MEDMIT,ID_PARAMETRO,VALOR,FLAG_ESTADO) values ('444','34','1','12','1','1','0');
Insert into MRVMM.T_MAEM_INDICADOR_DATA (ID_INICIATIVA,ID_INDICADOR,ID_ENFOQUE,ID_MEDMIT,ID_PARAMETRO,VALOR,FLAG_ESTADO) values ('444','34','1','12','3','2','0');
Insert into MRVMM.T_MAEM_INDICADOR_DATA (ID_INICIATIVA,ID_INDICADOR,ID_ENFOQUE,ID_MEDMIT,ID_PARAMETRO,VALOR,FLAG_ESTADO) values ('444','34','1','12','4','1458','0');
Insert into MRVMM.T_MAEM_INDICADOR_DATA (ID_INICIATIVA,ID_INDICADOR,ID_ENFOQUE,ID_MEDMIT,ID_PARAMETRO,VALOR,FLAG_ESTADO) values ('444','34','1','12','12','4','0');
Insert into MRVMM.T_MAEM_INDICADOR_DATA (ID_INICIATIVA,ID_INDICADOR,ID_ENFOQUE,ID_MEDMIT,ID_PARAMETRO,VALOR,FLAG_ESTADO) values ('444','34','1','12','13','4','0');
Insert into MRVMM.T_MAEM_INDICADOR_DATA (ID_INICIATIVA,ID_INDICADOR,ID_ENFOQUE,ID_MEDMIT,ID_PARAMETRO,VALOR,FLAG_ESTADO) values ('444','34','1','12','5','PLO-145','0');
Insert into MRVMM.T_MAEM_INDICADOR_DATA (ID_INICIATIVA,ID_INDICADOR,ID_ENFOQUE,ID_MEDMIT,ID_PARAMETRO,VALOR,FLAG_ESTADO) values ('444','34','1','12','9','1.02','0');
Insert into MRVMM.T_MAEM_INDICADOR_DATA (ID_INICIATIVA,ID_INDICADOR,ID_ENFOQUE,ID_MEDMIT,ID_PARAMETRO,VALOR,FLAG_ESTADO) values ('444','34','1','12','10','3.95','0');
Insert into MRVMM.T_MAEM_INDICADOR_DATA (ID_INICIATIVA,ID_INDICADOR,ID_ENFOQUE,ID_MEDMIT,ID_PARAMETRO,VALOR,FLAG_ESTADO) values ('444','34','1','12','11','-2.93','0');
Insert into MRVMM.T_MAEM_INDICADOR_DATA (ID_INICIATIVA,ID_INDICADOR,ID_ENFOQUE,ID_MEDMIT,ID_PARAMETRO,VALOR,FLAG_ESTADO) values ('444','35','1','12','6','2019','0');
Insert into MRVMM.T_MAEM_INDICADOR_DATA (ID_INICIATIVA,ID_INDICADOR,ID_ENFOQUE,ID_MEDMIT,ID_PARAMETRO,VALOR,FLAG_ESTADO) values ('444','35','1','12','2',null,'0');
Insert into MRVMM.T_MAEM_INDICADOR_DATA (ID_INICIATIVA,ID_INDICADOR,ID_ENFOQUE,ID_MEDMIT,ID_PARAMETRO,VALOR,FLAG_ESTADO) values ('444','35','1','12','1','2','0');
Insert into MRVMM.T_MAEM_INDICADOR_DATA (ID_INICIATIVA,ID_INDICADOR,ID_ENFOQUE,ID_MEDMIT,ID_PARAMETRO,VALOR,FLAG_ESTADO) values ('444','35','1','12','3','4','0');
Insert into MRVMM.T_MAEM_INDICADOR_DATA (ID_INICIATIVA,ID_INDICADOR,ID_ENFOQUE,ID_MEDMIT,ID_PARAMETRO,VALOR,FLAG_ESTADO) values ('444','35','1','12','4','1458','0');
Insert into MRVMM.T_MAEM_INDICADOR_DATA (ID_INICIATIVA,ID_INDICADOR,ID_ENFOQUE,ID_MEDMIT,ID_PARAMETRO,VALOR,FLAG_ESTADO) values ('444','35','1','12','12','5','0');
Insert into MRVMM.T_MAEM_INDICADOR_DATA (ID_INICIATIVA,ID_INDICADOR,ID_ENFOQUE,ID_MEDMIT,ID_PARAMETRO,VALOR,FLAG_ESTADO) values ('444','35','1','12','13','5','0');
Insert into MRVMM.T_MAEM_INDICADOR_DATA (ID_INICIATIVA,ID_INDICADOR,ID_ENFOQUE,ID_MEDMIT,ID_PARAMETRO,VALOR,FLAG_ESTADO) values ('444','35','1','12','5','PLO-145','0');
Insert into MRVMM.T_MAEM_INDICADOR_DATA (ID_INICIATIVA,ID_INDICADOR,ID_ENFOQUE,ID_MEDMIT,ID_PARAMETRO,VALOR,FLAG_ESTADO) values ('444','35','1','12','9','4.34','0');
Insert into MRVMM.T_MAEM_INDICADOR_DATA (ID_INICIATIVA,ID_INDICADOR,ID_ENFOQUE,ID_MEDMIT,ID_PARAMETRO,VALOR,FLAG_ESTADO) values ('444','35','1','12','10','6.17','0');
Insert into MRVMM.T_MAEM_INDICADOR_DATA (ID_INICIATIVA,ID_INDICADOR,ID_ENFOQUE,ID_MEDMIT,ID_PARAMETRO,VALOR,FLAG_ESTADO) values ('444','35','1','12','11','-1.83','0');
Insert into MRVMM.T_MAEM_INDICADOR_DATA (ID_INICIATIVA,ID_INDICADOR,ID_ENFOQUE,ID_MEDMIT,ID_PARAMETRO,VALOR,FLAG_ESTADO) values ('444','36','1','12','6','2018','0');
Insert into MRVMM.T_MAEM_INDICADOR_DATA (ID_INICIATIVA,ID_INDICADOR,ID_ENFOQUE,ID_MEDMIT,ID_PARAMETRO,VALOR,FLAG_ESTADO) values ('444','36','1','12','2',null,'0');
Insert into MRVMM.T_MAEM_INDICADOR_DATA (ID_INICIATIVA,ID_INDICADOR,ID_ENFOQUE,ID_MEDMIT,ID_PARAMETRO,VALOR,FLAG_ESTADO) values ('444','36','1','12','1','1','0');
Insert into MRVMM.T_MAEM_INDICADOR_DATA (ID_INICIATIVA,ID_INDICADOR,ID_ENFOQUE,ID_MEDMIT,ID_PARAMETRO,VALOR,FLAG_ESTADO) values ('444','36','1','12','3','1','0');
Insert into MRVMM.T_MAEM_INDICADOR_DATA (ID_INICIATIVA,ID_INDICADOR,ID_ENFOQUE,ID_MEDMIT,ID_PARAMETRO,VALOR,FLAG_ESTADO) values ('444','36','1','12','4','1458','0');
Insert into MRVMM.T_MAEM_INDICADOR_DATA (ID_INICIATIVA,ID_INDICADOR,ID_ENFOQUE,ID_MEDMIT,ID_PARAMETRO,VALOR,FLAG_ESTADO) values ('444','36','1','12','12','6','0');
Insert into MRVMM.T_MAEM_INDICADOR_DATA (ID_INICIATIVA,ID_INDICADOR,ID_ENFOQUE,ID_MEDMIT,ID_PARAMETRO,VALOR,FLAG_ESTADO) values ('444','36','1','12','13','6','0');
Insert into MRVMM.T_MAEM_INDICADOR_DATA (ID_INICIATIVA,ID_INDICADOR,ID_ENFOQUE,ID_MEDMIT,ID_PARAMETRO,VALOR,FLAG_ESTADO) values ('444','36','1','12','5','PLO-145','0');
Insert into MRVMM.T_MAEM_INDICADOR_DATA (ID_INICIATIVA,ID_INDICADOR,ID_ENFOQUE,ID_MEDMIT,ID_PARAMETRO,VALOR,FLAG_ESTADO) values ('444','36','1','12','9','1.64','0');
Insert into MRVMM.T_MAEM_INDICADOR_DATA (ID_INICIATIVA,ID_INDICADOR,ID_ENFOQUE,ID_MEDMIT,ID_PARAMETRO,VALOR,FLAG_ESTADO) values ('444','36','1','12','10','8.89','0');
Insert into MRVMM.T_MAEM_INDICADOR_DATA (ID_INICIATIVA,ID_INDICADOR,ID_ENFOQUE,ID_MEDMIT,ID_PARAMETRO,VALOR,FLAG_ESTADO) values ('444','36','1','12','11','-7.25','0');
Insert into MRVMM.T_MAEM_INDICADOR_DATA (ID_INICIATIVA,ID_INDICADOR,ID_ENFOQUE,ID_MEDMIT,ID_PARAMETRO,VALOR,FLAG_ESTADO) values ('444','37','1','12','6','2018','0');
Insert into MRVMM.T_MAEM_INDICADOR_DATA (ID_INICIATIVA,ID_INDICADOR,ID_ENFOQUE,ID_MEDMIT,ID_PARAMETRO,VALOR,FLAG_ESTADO) values ('444','37','1','12','2',null,'0');
Insert into MRVMM.T_MAEM_INDICADOR_DATA (ID_INICIATIVA,ID_INDICADOR,ID_ENFOQUE,ID_MEDMIT,ID_PARAMETRO,VALOR,FLAG_ESTADO) values ('444','37','1','12','1','1','0');
Insert into MRVMM.T_MAEM_INDICADOR_DATA (ID_INICIATIVA,ID_INDICADOR,ID_ENFOQUE,ID_MEDMIT,ID_PARAMETRO,VALOR,FLAG_ESTADO) values ('444','37','1','12','3','2','0');
Insert into MRVMM.T_MAEM_INDICADOR_DATA (ID_INICIATIVA,ID_INDICADOR,ID_ENFOQUE,ID_MEDMIT,ID_PARAMETRO,VALOR,FLAG_ESTADO) values ('444','37','1','12','4','1458','0');
Insert into MRVMM.T_MAEM_INDICADOR_DATA (ID_INICIATIVA,ID_INDICADOR,ID_ENFOQUE,ID_MEDMIT,ID_PARAMETRO,VALOR,FLAG_ESTADO) values ('444','37','1','12','12','7','0');
Insert into MRVMM.T_MAEM_INDICADOR_DATA (ID_INICIATIVA,ID_INDICADOR,ID_ENFOQUE,ID_MEDMIT,ID_PARAMETRO,VALOR,FLAG_ESTADO) values ('444','37','1','12','13','7','0');
Insert into MRVMM.T_MAEM_INDICADOR_DATA (ID_INICIATIVA,ID_INDICADOR,ID_ENFOQUE,ID_MEDMIT,ID_PARAMETRO,VALOR,FLAG_ESTADO) values ('444','37','1','12','5','PLO-145','0');
Insert into MRVMM.T_MAEM_INDICADOR_DATA (ID_INICIATIVA,ID_INDICADOR,ID_ENFOQUE,ID_MEDMIT,ID_PARAMETRO,VALOR,FLAG_ESTADO) values ('444','37','1','12','9','1.78','0');
Insert into MRVMM.T_MAEM_INDICADOR_DATA (ID_INICIATIVA,ID_INDICADOR,ID_ENFOQUE,ID_MEDMIT,ID_PARAMETRO,VALOR,FLAG_ESTADO) values ('444','37','1','12','10','12.1','0');
Insert into MRVMM.T_MAEM_INDICADOR_DATA (ID_INICIATIVA,ID_INDICADOR,ID_ENFOQUE,ID_MEDMIT,ID_PARAMETRO,VALOR,FLAG_ESTADO) values ('444','37','1','12','11','-10.32','0');
Insert into MRVMM.T_MAEM_INDICADOR_DATA (ID_INICIATIVA,ID_INDICADOR,ID_ENFOQUE,ID_MEDMIT,ID_PARAMETRO,VALOR,FLAG_ESTADO) values ('444','38','1','12','6','2019','0');
Insert into MRVMM.T_MAEM_INDICADOR_DATA (ID_INICIATIVA,ID_INDICADOR,ID_ENFOQUE,ID_MEDMIT,ID_PARAMETRO,VALOR,FLAG_ESTADO) values ('444','38','1','12','2',null,'0');
Insert into MRVMM.T_MAEM_INDICADOR_DATA (ID_INICIATIVA,ID_INDICADOR,ID_ENFOQUE,ID_MEDMIT,ID_PARAMETRO,VALOR,FLAG_ESTADO) values ('444','38','1','12','1','1','0');
Insert into MRVMM.T_MAEM_INDICADOR_DATA (ID_INICIATIVA,ID_INDICADOR,ID_ENFOQUE,ID_MEDMIT,ID_PARAMETRO,VALOR,FLAG_ESTADO) values ('444','38','1','12','3','2','0');
Insert into MRVMM.T_MAEM_INDICADOR_DATA (ID_INICIATIVA,ID_INDICADOR,ID_ENFOQUE,ID_MEDMIT,ID_PARAMETRO,VALOR,FLAG_ESTADO) values ('444','38','1','12','12','8','0');
Insert into MRVMM.T_MAEM_INDICADOR_DATA (ID_INICIATIVA,ID_INDICADOR,ID_ENFOQUE,ID_MEDMIT,ID_PARAMETRO,VALOR,FLAG_ESTADO) values ('444','38','1','12','13','8','0');
Insert into MRVMM.T_MAEM_INDICADOR_DATA (ID_INICIATIVA,ID_INDICADOR,ID_ENFOQUE,ID_MEDMIT,ID_PARAMETRO,VALOR,FLAG_ESTADO) values ('444','38','1','12','5','PLO-145','0');
Insert into MRVMM.T_MAEM_INDICADOR_DATA (ID_INICIATIVA,ID_INDICADOR,ID_ENFOQUE,ID_MEDMIT,ID_PARAMETRO,VALOR,FLAG_ESTADO) values ('444','38','1','12','9','2.04','0');
Insert into MRVMM.T_MAEM_INDICADOR_DATA (ID_INICIATIVA,ID_INDICADOR,ID_ENFOQUE,ID_MEDMIT,ID_PARAMETRO,VALOR,FLAG_ESTADO) values ('444','38','1','12','10','15.81','0');
Insert into MRVMM.T_MAEM_INDICADOR_DATA (ID_INICIATIVA,ID_INDICADOR,ID_ENFOQUE,ID_MEDMIT,ID_PARAMETRO,VALOR,FLAG_ESTADO) values ('444','38','1','12','11','-13.77','0');
Insert into MRVMM.T_MAEM_INDICADOR_DATA (ID_INICIATIVA,ID_INDICADOR,ID_ENFOQUE,ID_MEDMIT,ID_PARAMETRO,VALOR,FLAG_ESTADO) values ('444','39','1','12','6','2016','0');
Insert into MRVMM.T_MAEM_INDICADOR_DATA (ID_INICIATIVA,ID_INDICADOR,ID_ENFOQUE,ID_MEDMIT,ID_PARAMETRO,VALOR,FLAG_ESTADO) values ('444','39','1','12','2',null,'0');
Insert into MRVMM.T_MAEM_INDICADOR_DATA (ID_INICIATIVA,ID_INDICADOR,ID_ENFOQUE,ID_MEDMIT,ID_PARAMETRO,VALOR,FLAG_ESTADO) values ('444','39','1','12','1','3','0');
Insert into MRVMM.T_MAEM_INDICADOR_DATA (ID_INICIATIVA,ID_INDICADOR,ID_ENFOQUE,ID_MEDMIT,ID_PARAMETRO,VALOR,FLAG_ESTADO) values ('444','39','1','12','3','4','0');
Insert into MRVMM.T_MAEM_INDICADOR_DATA (ID_INICIATIVA,ID_INDICADOR,ID_ENFOQUE,ID_MEDMIT,ID_PARAMETRO,VALOR,FLAG_ESTADO) values ('444','39','1','12','4','1458','0');
Insert into MRVMM.T_MAEM_INDICADOR_DATA (ID_INICIATIVA,ID_INDICADOR,ID_ENFOQUE,ID_MEDMIT,ID_PARAMETRO,VALOR,FLAG_ESTADO) values ('444','39','1','12','12','9','0');
Insert into MRVMM.T_MAEM_INDICADOR_DATA (ID_INICIATIVA,ID_INDICADOR,ID_ENFOQUE,ID_MEDMIT,ID_PARAMETRO,VALOR,FLAG_ESTADO) values ('444','39','1','12','13','9','0');
Insert into MRVMM.T_MAEM_INDICADOR_DATA (ID_INICIATIVA,ID_INDICADOR,ID_ENFOQUE,ID_MEDMIT,ID_PARAMETRO,VALOR,FLAG_ESTADO) values ('444','39','1','12','5','PLO-145','0');
Insert into MRVMM.T_MAEM_INDICADOR_DATA (ID_INICIATIVA,ID_INDICADOR,ID_ENFOQUE,ID_MEDMIT,ID_PARAMETRO,VALOR,FLAG_ESTADO) values ('444','39','1','12','9','12.62','0');
Insert into MRVMM.T_MAEM_INDICADOR_DATA (ID_INICIATIVA,ID_INDICADOR,ID_ENFOQUE,ID_MEDMIT,ID_PARAMETRO,VALOR,FLAG_ESTADO) values ('444','39','1','12','10','29.44','0');
Insert into MRVMM.T_MAEM_INDICADOR_DATA (ID_INICIATIVA,ID_INDICADOR,ID_ENFOQUE,ID_MEDMIT,ID_PARAMETRO,VALOR,FLAG_ESTADO) values ('444','39','1','12','11','-16.82','0');
Insert into MRVMM.T_MAEM_INDICADOR_DATA (ID_INICIATIVA,ID_INDICADOR,ID_ENFOQUE,ID_MEDMIT,ID_PARAMETRO,VALOR,FLAG_ESTADO) values ('444','40','1','12','6','2018','0');
Insert into MRVMM.T_MAEM_INDICADOR_DATA (ID_INICIATIVA,ID_INDICADOR,ID_ENFOQUE,ID_MEDMIT,ID_PARAMETRO,VALOR,FLAG_ESTADO) values ('444','40','1','12','2',null,'0');
Insert into MRVMM.T_MAEM_INDICADOR_DATA (ID_INICIATIVA,ID_INDICADOR,ID_ENFOQUE,ID_MEDMIT,ID_PARAMETRO,VALOR,FLAG_ESTADO) values ('444','40','1','12','1','5','0');
Insert into MRVMM.T_MAEM_INDICADOR_DATA (ID_INICIATIVA,ID_INDICADOR,ID_ENFOQUE,ID_MEDMIT,ID_PARAMETRO,VALOR,FLAG_ESTADO) values ('444','40','1','12','3','3','0');
Insert into MRVMM.T_MAEM_INDICADOR_DATA (ID_INICIATIVA,ID_INDICADOR,ID_ENFOQUE,ID_MEDMIT,ID_PARAMETRO,VALOR,FLAG_ESTADO) values ('444','40','1','12','4','1458','0');
Insert into MRVMM.T_MAEM_INDICADOR_DATA (ID_INICIATIVA,ID_INDICADOR,ID_ENFOQUE,ID_MEDMIT,ID_PARAMETRO,VALOR,FLAG_ESTADO) values ('444','40','1','12','12','10','0');
Insert into MRVMM.T_MAEM_INDICADOR_DATA (ID_INICIATIVA,ID_INDICADOR,ID_ENFOQUE,ID_MEDMIT,ID_PARAMETRO,VALOR,FLAG_ESTADO) values ('444','40','1','12','13','10','0');
Insert into MRVMM.T_MAEM_INDICADOR_DATA (ID_INICIATIVA,ID_INDICADOR,ID_ENFOQUE,ID_MEDMIT,ID_PARAMETRO,VALOR,FLAG_ESTADO) values ('444','40','1','12','5','PLO-145','0');
Insert into MRVMM.T_MAEM_INDICADOR_DATA (ID_INICIATIVA,ID_INDICADOR,ID_ENFOQUE,ID_MEDMIT,ID_PARAMETRO,VALOR,FLAG_ESTADO) values ('444','40','1','12','9','1.41','0');
Insert into MRVMM.T_MAEM_INDICADOR_DATA (ID_INICIATIVA,ID_INDICADOR,ID_ENFOQUE,ID_MEDMIT,ID_PARAMETRO,VALOR,FLAG_ESTADO) values ('444','40','1','12','10','24.7','0');
Insert into MRVMM.T_MAEM_INDICADOR_DATA (ID_INICIATIVA,ID_INDICADOR,ID_ENFOQUE,ID_MEDMIT,ID_PARAMETRO,VALOR,FLAG_ESTADO) values ('444','40','1','12','11','-23.29','0');
Insert into MRVMM.T_MAEM_INDICADOR_DATA (ID_INICIATIVA,ID_INDICADOR,ID_ENFOQUE,ID_MEDMIT,ID_PARAMETRO,VALOR,FLAG_ESTADO) values ('444','51','1','12','6','2019','0');
Insert into MRVMM.T_MAEM_INDICADOR_DATA (ID_INICIATIVA,ID_INDICADOR,ID_ENFOQUE,ID_MEDMIT,ID_PARAMETRO,VALOR,FLAG_ESTADO) values ('444','51','1','12','2','2019-02-01','0');
Insert into MRVMM.T_MAEM_INDICADOR_DATA (ID_INICIATIVA,ID_INDICADOR,ID_ENFOQUE,ID_MEDMIT,ID_PARAMETRO,VALOR,FLAG_ESTADO) values ('444','51','1','12','1','4','0');
Insert into MRVMM.T_MAEM_INDICADOR_DATA (ID_INICIATIVA,ID_INDICADOR,ID_ENFOQUE,ID_MEDMIT,ID_PARAMETRO,VALOR,FLAG_ESTADO) values ('444','51','1','12','3','1','0');
Insert into MRVMM.T_MAEM_INDICADOR_DATA (ID_INICIATIVA,ID_INDICADOR,ID_ENFOQUE,ID_MEDMIT,ID_PARAMETRO,VALOR,FLAG_ESTADO) values ('444','51','1','12','4','1452','0');
Insert into MRVMM.T_MAEM_INDICADOR_DATA (ID_INICIATIVA,ID_INDICADOR,ID_ENFOQUE,ID_MEDMIT,ID_PARAMETRO,VALOR,FLAG_ESTADO) values ('444','51','1','12','12','1','0');
Insert into MRVMM.T_MAEM_INDICADOR_DATA (ID_INICIATIVA,ID_INDICADOR,ID_ENFOQUE,ID_MEDMIT,ID_PARAMETRO,VALOR,FLAG_ESTADO) values ('444','51','1','12','13','1','0');
Insert into MRVMM.T_MAEM_INDICADOR_DATA (ID_INICIATIVA,ID_INDICADOR,ID_ENFOQUE,ID_MEDMIT,ID_PARAMETRO,VALOR,FLAG_ESTADO) values ('444','51','1','12','5','LOP-145','0');
Insert into MRVMM.T_MAEM_INDICADOR_DATA (ID_INICIATIVA,ID_INDICADOR,ID_ENFOQUE,ID_MEDMIT,ID_PARAMETRO,VALOR,FLAG_ESTADO) values ('444','51','1','12','9','2.76','0');
Insert into MRVMM.T_MAEM_INDICADOR_DATA (ID_INICIATIVA,ID_INDICADOR,ID_ENFOQUE,ID_MEDMIT,ID_PARAMETRO,VALOR,FLAG_ESTADO) values ('444','51','1','12','10','0.25','0');
Insert into MRVMM.T_MAEM_INDICADOR_DATA (ID_INICIATIVA,ID_INDICADOR,ID_ENFOQUE,ID_MEDMIT,ID_PARAMETRO,VALOR,FLAG_ESTADO) values ('444','51','1','12','11','2.51','0');
Insert into MRVMM.T_MAEM_INDICADOR_DATA (ID_INICIATIVA,ID_INDICADOR,ID_ENFOQUE,ID_MEDMIT,ID_PARAMETRO,VALOR,FLAG_ESTADO) values ('444','52','1','12','6','2019','0');
Insert into MRVMM.T_MAEM_INDICADOR_DATA (ID_INICIATIVA,ID_INDICADOR,ID_ENFOQUE,ID_MEDMIT,ID_PARAMETRO,VALOR,FLAG_ESTADO) values ('444','52','1','12','2',null,'0');
Insert into MRVMM.T_MAEM_INDICADOR_DATA (ID_INICIATIVA,ID_INDICADOR,ID_ENFOQUE,ID_MEDMIT,ID_PARAMETRO,VALOR,FLAG_ESTADO) values ('444','52','1','12','1','1','0');
Insert into MRVMM.T_MAEM_INDICADOR_DATA (ID_INICIATIVA,ID_INDICADOR,ID_ENFOQUE,ID_MEDMIT,ID_PARAMETRO,VALOR,FLAG_ESTADO) values ('444','52','1','12','3','2','0');
Insert into MRVMM.T_MAEM_INDICADOR_DATA (ID_INICIATIVA,ID_INDICADOR,ID_ENFOQUE,ID_MEDMIT,ID_PARAMETRO,VALOR,FLAG_ESTADO) values ('444','52','1','12','4','1458','0');
Insert into MRVMM.T_MAEM_INDICADOR_DATA (ID_INICIATIVA,ID_INDICADOR,ID_ENFOQUE,ID_MEDMIT,ID_PARAMETRO,VALOR,FLAG_ESTADO) values ('444','52','1','12','12','8','0');
Insert into MRVMM.T_MAEM_INDICADOR_DATA (ID_INICIATIVA,ID_INDICADOR,ID_ENFOQUE,ID_MEDMIT,ID_PARAMETRO,VALOR,FLAG_ESTADO) values ('444','52','1','12','13','8','0');
Insert into MRVMM.T_MAEM_INDICADOR_DATA (ID_INICIATIVA,ID_INDICADOR,ID_ENFOQUE,ID_MEDMIT,ID_PARAMETRO,VALOR,FLAG_ESTADO) values ('444','52','1','12','5','PLO-145','0');
Insert into MRVMM.T_MAEM_INDICADOR_DATA (ID_INICIATIVA,ID_INDICADOR,ID_ENFOQUE,ID_MEDMIT,ID_PARAMETRO,VALOR,FLAG_ESTADO) values ('444','52','1','12','9','2.04','0');
Insert into MRVMM.T_MAEM_INDICADOR_DATA (ID_INICIATIVA,ID_INDICADOR,ID_ENFOQUE,ID_MEDMIT,ID_PARAMETRO,VALOR,FLAG_ESTADO) values ('444','52','1','12','10','15.81','0');
Insert into MRVMM.T_MAEM_INDICADOR_DATA (ID_INICIATIVA,ID_INDICADOR,ID_ENFOQUE,ID_MEDMIT,ID_PARAMETRO,VALOR,FLAG_ESTADO) values ('422','1','1','12','6','2018','1');
Insert into MRVMM.T_MAEM_INDICADOR_DATA (ID_INICIATIVA,ID_INDICADOR,ID_ENFOQUE,ID_MEDMIT,ID_PARAMETRO,VALOR,FLAG_ESTADO) values ('421','1','14','2','6','2016','1');
Insert into MRVMM.T_MAEM_INDICADOR_DATA (ID_INICIATIVA,ID_INDICADOR,ID_ENFOQUE,ID_MEDMIT,ID_PARAMETRO,VALOR,FLAG_ESTADO) values ('421','1','14','2','21','9','1');
Insert into MRVMM.T_MAEM_INDICADOR_DATA (ID_INICIATIVA,ID_INDICADOR,ID_ENFOQUE,ID_MEDMIT,ID_PARAMETRO,VALOR,FLAG_ESTADO) values ('421','1','14','2','22','2','1');
Insert into MRVMM.T_MAEM_INDICADOR_DATA (ID_INICIATIVA,ID_INDICADOR,ID_ENFOQUE,ID_MEDMIT,ID_PARAMETRO,VALOR,FLAG_ESTADO) values ('421','1','14','2','23','1','1');
Insert into MRVMM.T_MAEM_INDICADOR_DATA (ID_INICIATIVA,ID_INDICADOR,ID_ENFOQUE,ID_MEDMIT,ID_PARAMETRO,VALOR,FLAG_ESTADO) values ('421','1','14','2','12','1300','1');
Insert into MRVMM.T_MAEM_INDICADOR_DATA (ID_INICIATIVA,ID_INDICADOR,ID_ENFOQUE,ID_MEDMIT,ID_PARAMETRO,VALOR,FLAG_ESTADO) values ('421','1','14','2','17','4','1');
Insert into MRVMM.T_MAEM_INDICADOR_DATA (ID_INICIATIVA,ID_INDICADOR,ID_ENFOQUE,ID_MEDMIT,ID_PARAMETRO,VALOR,FLAG_ESTADO) values ('421','1','14','2','11','6054.68','1');
Insert into MRVMM.T_MAEM_INDICADOR_DATA (ID_INICIATIVA,ID_INDICADOR,ID_ENFOQUE,ID_MEDMIT,ID_PARAMETRO,VALOR,FLAG_ESTADO) values ('428','1','1','12','6','2018','1');
Insert into MRVMM.T_MAEM_INDICADOR_DATA (ID_INICIATIVA,ID_INDICADOR,ID_ENFOQUE,ID_MEDMIT,ID_PARAMETRO,VALOR,FLAG_ESTADO) values ('428','1','1','12','2',null,'1');
Insert into MRVMM.T_MAEM_INDICADOR_DATA (ID_INICIATIVA,ID_INDICADOR,ID_ENFOQUE,ID_MEDMIT,ID_PARAMETRO,VALOR,FLAG_ESTADO) values ('428','1','1','12','1','1','1');
Insert into MRVMM.T_MAEM_INDICADOR_DATA (ID_INICIATIVA,ID_INDICADOR,ID_ENFOQUE,ID_MEDMIT,ID_PARAMETRO,VALOR,FLAG_ESTADO) values ('428','1','1','12','3','3','1');
Insert into MRVMM.T_MAEM_INDICADOR_DATA (ID_INICIATIVA,ID_INDICADOR,ID_ENFOQUE,ID_MEDMIT,ID_PARAMETRO,VALOR,FLAG_ESTADO) values ('428','1','1','12','4','57600','1');
Insert into MRVMM.T_MAEM_INDICADOR_DATA (ID_INICIATIVA,ID_INDICADOR,ID_ENFOQUE,ID_MEDMIT,ID_PARAMETRO,VALOR,FLAG_ESTADO) values ('428','1','1','12','12','1','1');
Insert into MRVMM.T_MAEM_INDICADOR_DATA (ID_INICIATIVA,ID_INDICADOR,ID_ENFOQUE,ID_MEDMIT,ID_PARAMETRO,VALOR,FLAG_ESTADO) values ('428','1','1','12','13','0.25','1');
Insert into MRVMM.T_MAEM_INDICADOR_DATA (ID_INICIATIVA,ID_INDICADOR,ID_ENFOQUE,ID_MEDMIT,ID_PARAMETRO,VALOR,FLAG_ESTADO) values ('428','1','1','12','5',null,'1');
Insert into MRVMM.T_MAEM_INDICADOR_DATA (ID_INICIATIVA,ID_INDICADOR,ID_ENFOQUE,ID_MEDMIT,ID_PARAMETRO,VALOR,FLAG_ESTADO) values ('428','1','1','12','9','10.31','1');
Insert into MRVMM.T_MAEM_INDICADOR_DATA (ID_INICIATIVA,ID_INDICADOR,ID_ENFOQUE,ID_MEDMIT,ID_PARAMETRO,VALOR,FLAG_ESTADO) values ('428','1','1','12','10','2.44','1');
Insert into MRVMM.T_MAEM_INDICADOR_DATA (ID_INICIATIVA,ID_INDICADOR,ID_ENFOQUE,ID_MEDMIT,ID_PARAMETRO,VALOR,FLAG_ESTADO) values ('428','1','1','12','11','7.87','1');
Insert into MRVMM.T_MAEM_INDICADOR_DATA (ID_INICIATIVA,ID_INDICADOR,ID_ENFOQUE,ID_MEDMIT,ID_PARAMETRO,VALOR,FLAG_ESTADO) values ('428','2','1','12','6','2018','1');
Insert into MRVMM.T_MAEM_INDICADOR_DATA (ID_INICIATIVA,ID_INDICADOR,ID_ENFOQUE,ID_MEDMIT,ID_PARAMETRO,VALOR,FLAG_ESTADO) values ('428','2','1','12','2',null,'1');
Insert into MRVMM.T_MAEM_INDICADOR_DATA (ID_INICIATIVA,ID_INDICADOR,ID_ENFOQUE,ID_MEDMIT,ID_PARAMETRO,VALOR,FLAG_ESTADO) values ('428','2','1','12','1','1','1');
Insert into MRVMM.T_MAEM_INDICADOR_DATA (ID_INICIATIVA,ID_INDICADOR,ID_ENFOQUE,ID_MEDMIT,ID_PARAMETRO,VALOR,FLAG_ESTADO) values ('428','2','1','12','3','3','1');
Insert into MRVMM.T_MAEM_INDICADOR_DATA (ID_INICIATIVA,ID_INDICADOR,ID_ENFOQUE,ID_MEDMIT,ID_PARAMETRO,VALOR,FLAG_ESTADO) values ('428','2','1','12','4','60000','1');
Insert into MRVMM.T_MAEM_INDICADOR_DATA (ID_INICIATIVA,ID_INDICADOR,ID_ENFOQUE,ID_MEDMIT,ID_PARAMETRO,VALOR,FLAG_ESTADO) values ('428','2','1','12','12','1','1');
Insert into MRVMM.T_MAEM_INDICADOR_DATA (ID_INICIATIVA,ID_INDICADOR,ID_ENFOQUE,ID_MEDMIT,ID_PARAMETRO,VALOR,FLAG_ESTADO) values ('428','2','1','12','13','0.25','1');
Insert into MRVMM.T_MAEM_INDICADOR_DATA (ID_INICIATIVA,ID_INDICADOR,ID_ENFOQUE,ID_MEDMIT,ID_PARAMETRO,VALOR,FLAG_ESTADO) values ('428','2','1','12','5',null,'1');
Insert into MRVMM.T_MAEM_INDICADOR_DATA (ID_INICIATIVA,ID_INDICADOR,ID_ENFOQUE,ID_MEDMIT,ID_PARAMETRO,VALOR,FLAG_ESTADO) values ('428','2','1','12','9','10.74','1');
Insert into MRVMM.T_MAEM_INDICADOR_DATA (ID_INICIATIVA,ID_INDICADOR,ID_ENFOQUE,ID_MEDMIT,ID_PARAMETRO,VALOR,FLAG_ESTADO) values ('428','2','1','12','10','2.54','1');
Insert into MRVMM.T_MAEM_INDICADOR_DATA (ID_INICIATIVA,ID_INDICADOR,ID_ENFOQUE,ID_MEDMIT,ID_PARAMETRO,VALOR,FLAG_ESTADO) values ('428','2','1','12','11','8.2','1');
Insert into MRVMM.T_MAEM_INDICADOR_DATA (ID_INICIATIVA,ID_INDICADOR,ID_ENFOQUE,ID_MEDMIT,ID_PARAMETRO,VALOR,FLAG_ESTADO) values ('444','22','1','12','10','0.99','0');
Insert into MRVMM.T_MAEM_INDICADOR_DATA (ID_INICIATIVA,ID_INDICADOR,ID_ENFOQUE,ID_MEDMIT,ID_PARAMETRO,VALOR,FLAG_ESTADO) values ('444','29','1','12','12','9','0');
Insert into MRVMM.T_MAEM_INDICADOR_DATA (ID_INICIATIVA,ID_INDICADOR,ID_ENFOQUE,ID_MEDMIT,ID_PARAMETRO,VALOR,FLAG_ESTADO) values ('444','29','1','12','13','9','0');
Insert into MRVMM.T_MAEM_INDICADOR_DATA (ID_INICIATIVA,ID_INDICADOR,ID_ENFOQUE,ID_MEDMIT,ID_PARAMETRO,VALOR,FLAG_ESTADO) values ('444','29','1','12','5','PLO-145','0');
Insert into MRVMM.T_MAEM_INDICADOR_DATA (ID_INICIATIVA,ID_INDICADOR,ID_ENFOQUE,ID_MEDMIT,ID_PARAMETRO,VALOR,FLAG_ESTADO) values ('444','29','1','12','9','12.62','0');
Insert into MRVMM.T_MAEM_INDICADOR_DATA (ID_INICIATIVA,ID_INDICADOR,ID_ENFOQUE,ID_MEDMIT,ID_PARAMETRO,VALOR,FLAG_ESTADO) values ('444','38','1','12','4','1458','0');
Insert into MRVMM.T_MAEM_INDICADOR_DATA (ID_INICIATIVA,ID_INDICADOR,ID_ENFOQUE,ID_MEDMIT,ID_PARAMETRO,VALOR,FLAG_ESTADO) values ('444','41','1','12','6','2019','0');
Insert into MRVMM.T_MAEM_INDICADOR_DATA (ID_INICIATIVA,ID_INDICADOR,ID_ENFOQUE,ID_MEDMIT,ID_PARAMETRO,VALOR,FLAG_ESTADO) values ('444','41','1','12','2','2019-02-01','0');
Insert into MRVMM.T_MAEM_INDICADOR_DATA (ID_INICIATIVA,ID_INDICADOR,ID_ENFOQUE,ID_MEDMIT,ID_PARAMETRO,VALOR,FLAG_ESTADO) values ('444','41','1','12','1','4','0');
Insert into MRVMM.T_MAEM_INDICADOR_DATA (ID_INICIATIVA,ID_INDICADOR,ID_ENFOQUE,ID_MEDMIT,ID_PARAMETRO,VALOR,FLAG_ESTADO) values ('444','41','1','12','3','1','0');
Insert into MRVMM.T_MAEM_INDICADOR_DATA (ID_INICIATIVA,ID_INDICADOR,ID_ENFOQUE,ID_MEDMIT,ID_PARAMETRO,VALOR,FLAG_ESTADO) values ('444','41','1','12','4','1452','0');
Insert into MRVMM.T_MAEM_INDICADOR_DATA (ID_INICIATIVA,ID_INDICADOR,ID_ENFOQUE,ID_MEDMIT,ID_PARAMETRO,VALOR,FLAG_ESTADO) values ('444','41','1','12','12','1','0');
Insert into MRVMM.T_MAEM_INDICADOR_DATA (ID_INICIATIVA,ID_INDICADOR,ID_ENFOQUE,ID_MEDMIT,ID_PARAMETRO,VALOR,FLAG_ESTADO) values ('444','41','1','12','13','1','0');
Insert into MRVMM.T_MAEM_INDICADOR_DATA (ID_INICIATIVA,ID_INDICADOR,ID_ENFOQUE,ID_MEDMIT,ID_PARAMETRO,VALOR,FLAG_ESTADO) values ('444','41','1','12','5','LOP-145','0');
Insert into MRVMM.T_MAEM_INDICADOR_DATA (ID_INICIATIVA,ID_INDICADOR,ID_ENFOQUE,ID_MEDMIT,ID_PARAMETRO,VALOR,FLAG_ESTADO) values ('444','41','1','12','9','2.76','0');
Insert into MRVMM.T_MAEM_INDICADOR_DATA (ID_INICIATIVA,ID_INDICADOR,ID_ENFOQUE,ID_MEDMIT,ID_PARAMETRO,VALOR,FLAG_ESTADO) values ('444','41','1','12','10','0.25','0');
Insert into MRVMM.T_MAEM_INDICADOR_DATA (ID_INICIATIVA,ID_INDICADOR,ID_ENFOQUE,ID_MEDMIT,ID_PARAMETRO,VALOR,FLAG_ESTADO) values ('444','41','1','12','11','2.51','0');
Insert into MRVMM.T_MAEM_INDICADOR_DATA (ID_INICIATIVA,ID_INDICADOR,ID_ENFOQUE,ID_MEDMIT,ID_PARAMETRO,VALOR,FLAG_ESTADO) values ('444','42','1','12','6','2019','0');
Insert into MRVMM.T_MAEM_INDICADOR_DATA (ID_INICIATIVA,ID_INDICADOR,ID_ENFOQUE,ID_MEDMIT,ID_PARAMETRO,VALOR,FLAG_ESTADO) values ('444','42','1','12','2','2020-01-01','0');
Insert into MRVMM.T_MAEM_INDICADOR_DATA (ID_INICIATIVA,ID_INDICADOR,ID_ENFOQUE,ID_MEDMIT,ID_PARAMETRO,VALOR,FLAG_ESTADO) values ('444','42','1','12','1','1','0');
Insert into MRVMM.T_MAEM_INDICADOR_DATA (ID_INICIATIVA,ID_INDICADOR,ID_ENFOQUE,ID_MEDMIT,ID_PARAMETRO,VALOR,FLAG_ESTADO) values ('444','42','1','12','3','2','0');
Insert into MRVMM.T_MAEM_INDICADOR_DATA (ID_INICIATIVA,ID_INDICADOR,ID_ENFOQUE,ID_MEDMIT,ID_PARAMETRO,VALOR,FLAG_ESTADO) values ('444','42','1','12','4','1458','0');
Insert into MRVMM.T_MAEM_INDICADOR_DATA (ID_INICIATIVA,ID_INDICADOR,ID_ENFOQUE,ID_MEDMIT,ID_PARAMETRO,VALOR,FLAG_ESTADO) values ('444','42','1','12','12','2','0');
Insert into MRVMM.T_MAEM_INDICADOR_DATA (ID_INICIATIVA,ID_INDICADOR,ID_ENFOQUE,ID_MEDMIT,ID_PARAMETRO,VALOR,FLAG_ESTADO) values ('444','42','1','12','13','2','0');
Insert into MRVMM.T_MAEM_INDICADOR_DATA (ID_INICIATIVA,ID_INDICADOR,ID_ENFOQUE,ID_MEDMIT,ID_PARAMETRO,VALOR,FLAG_ESTADO) values ('444','42','1','12','5','PLO-145','0');
Insert into MRVMM.T_MAEM_INDICADOR_DATA (ID_INICIATIVA,ID_INDICADOR,ID_ENFOQUE,ID_MEDMIT,ID_PARAMETRO,VALOR,FLAG_ESTADO) values ('444','42','1','12','9','0.51','0');
Insert into MRVMM.T_MAEM_INDICADOR_DATA (ID_INICIATIVA,ID_INDICADOR,ID_ENFOQUE,ID_MEDMIT,ID_PARAMETRO,VALOR,FLAG_ESTADO) values ('444','42','1','12','10','0.99','0');
Insert into MRVMM.T_MAEM_INDICADOR_DATA (ID_INICIATIVA,ID_INDICADOR,ID_ENFOQUE,ID_MEDMIT,ID_PARAMETRO,VALOR,FLAG_ESTADO) values ('444','42','1','12','11','-0.48','0');
Insert into MRVMM.T_MAEM_INDICADOR_DATA (ID_INICIATIVA,ID_INDICADOR,ID_ENFOQUE,ID_MEDMIT,ID_PARAMETRO,VALOR,FLAG_ESTADO) values ('444','43','1','12','6','2018','0');
Insert into MRVMM.T_MAEM_INDICADOR_DATA (ID_INICIATIVA,ID_INDICADOR,ID_ENFOQUE,ID_MEDMIT,ID_PARAMETRO,VALOR,FLAG_ESTADO) values ('444','43','1','12','2',null,'0');
Insert into MRVMM.T_MAEM_INDICADOR_DATA (ID_INICIATIVA,ID_INDICADOR,ID_ENFOQUE,ID_MEDMIT,ID_PARAMETRO,VALOR,FLAG_ESTADO) values ('444','43','1','12','1','1','0');
Insert into MRVMM.T_MAEM_INDICADOR_DATA (ID_INICIATIVA,ID_INDICADOR,ID_ENFOQUE,ID_MEDMIT,ID_PARAMETRO,VALOR,FLAG_ESTADO) values ('444','43','1','12','3','2','0');
Insert into MRVMM.T_MAEM_INDICADOR_DATA (ID_INICIATIVA,ID_INDICADOR,ID_ENFOQUE,ID_MEDMIT,ID_PARAMETRO,VALOR,FLAG_ESTADO) values ('444','43','1','12','4','1458','0');
Insert into MRVMM.T_MAEM_INDICADOR_DATA (ID_INICIATIVA,ID_INDICADOR,ID_ENFOQUE,ID_MEDMIT,ID_PARAMETRO,VALOR,FLAG_ESTADO) values ('444','43','1','12','12','3','0');
Insert into MRVMM.T_MAEM_INDICADOR_DATA (ID_INICIATIVA,ID_INDICADOR,ID_ENFOQUE,ID_MEDMIT,ID_PARAMETRO,VALOR,FLAG_ESTADO) values ('444','43','1','12','13','3','0');
Insert into MRVMM.T_MAEM_INDICADOR_DATA (ID_INICIATIVA,ID_INDICADOR,ID_ENFOQUE,ID_MEDMIT,ID_PARAMETRO,VALOR,FLAG_ESTADO) values ('444','43','1','12','5','PLO-145','0');
Insert into MRVMM.T_MAEM_INDICADOR_DATA (ID_INICIATIVA,ID_INDICADOR,ID_ENFOQUE,ID_MEDMIT,ID_PARAMETRO,VALOR,FLAG_ESTADO) values ('444','43','1','12','9','0.76','0');
Insert into MRVMM.T_MAEM_INDICADOR_DATA (ID_INICIATIVA,ID_INDICADOR,ID_ENFOQUE,ID_MEDMIT,ID_PARAMETRO,VALOR,FLAG_ESTADO) values ('444','43','1','12','10','2.22','0');
Insert into MRVMM.T_MAEM_INDICADOR_DATA (ID_INICIATIVA,ID_INDICADOR,ID_ENFOQUE,ID_MEDMIT,ID_PARAMETRO,VALOR,FLAG_ESTADO) values ('444','43','1','12','11','-1.46','0');
Insert into MRVMM.T_MAEM_INDICADOR_DATA (ID_INICIATIVA,ID_INDICADOR,ID_ENFOQUE,ID_MEDMIT,ID_PARAMETRO,VALOR,FLAG_ESTADO) values ('444','44','1','12','6','2019','0');
Insert into MRVMM.T_MAEM_INDICADOR_DATA (ID_INICIATIVA,ID_INDICADOR,ID_ENFOQUE,ID_MEDMIT,ID_PARAMETRO,VALOR,FLAG_ESTADO) values ('444','44','1','12','2',null,'0');
Insert into MRVMM.T_MAEM_INDICADOR_DATA (ID_INICIATIVA,ID_INDICADOR,ID_ENFOQUE,ID_MEDMIT,ID_PARAMETRO,VALOR,FLAG_ESTADO) values ('444','44','1','12','1','1','0');
Insert into MRVMM.T_MAEM_INDICADOR_DATA (ID_INICIATIVA,ID_INDICADOR,ID_ENFOQUE,ID_MEDMIT,ID_PARAMETRO,VALOR,FLAG_ESTADO) values ('444','44','1','12','3','2','0');
Insert into MRVMM.T_MAEM_INDICADOR_DATA (ID_INICIATIVA,ID_INDICADOR,ID_ENFOQUE,ID_MEDMIT,ID_PARAMETRO,VALOR,FLAG_ESTADO) values ('444','44','1','12','4','1458','0');
Insert into MRVMM.T_MAEM_INDICADOR_DATA (ID_INICIATIVA,ID_INDICADOR,ID_ENFOQUE,ID_MEDMIT,ID_PARAMETRO,VALOR,FLAG_ESTADO) values ('444','44','1','12','12','4','0');
Insert into MRVMM.T_MAEM_INDICADOR_DATA (ID_INICIATIVA,ID_INDICADOR,ID_ENFOQUE,ID_MEDMIT,ID_PARAMETRO,VALOR,FLAG_ESTADO) values ('444','44','1','12','13','4','0');
Insert into MRVMM.T_MAEM_INDICADOR_DATA (ID_INICIATIVA,ID_INDICADOR,ID_ENFOQUE,ID_MEDMIT,ID_PARAMETRO,VALOR,FLAG_ESTADO) values ('444','44','1','12','5','PLO-145','0');
Insert into MRVMM.T_MAEM_INDICADOR_DATA (ID_INICIATIVA,ID_INDICADOR,ID_ENFOQUE,ID_MEDMIT,ID_PARAMETRO,VALOR,FLAG_ESTADO) values ('444','44','1','12','9','1.02','0');
Insert into MRVMM.T_MAEM_INDICADOR_DATA (ID_INICIATIVA,ID_INDICADOR,ID_ENFOQUE,ID_MEDMIT,ID_PARAMETRO,VALOR,FLAG_ESTADO) values ('444','44','1','12','10','3.95','0');
Insert into MRVMM.T_MAEM_INDICADOR_DATA (ID_INICIATIVA,ID_INDICADOR,ID_ENFOQUE,ID_MEDMIT,ID_PARAMETRO,VALOR,FLAG_ESTADO) values ('444','44','1','12','11','-2.93','0');
Insert into MRVMM.T_MAEM_INDICADOR_DATA (ID_INICIATIVA,ID_INDICADOR,ID_ENFOQUE,ID_MEDMIT,ID_PARAMETRO,VALOR,FLAG_ESTADO) values ('444','45','1','12','6','2019','0');
Insert into MRVMM.T_MAEM_INDICADOR_DATA (ID_INICIATIVA,ID_INDICADOR,ID_ENFOQUE,ID_MEDMIT,ID_PARAMETRO,VALOR,FLAG_ESTADO) values ('444','45','1','12','2',null,'0');
Insert into MRVMM.T_MAEM_INDICADOR_DATA (ID_INICIATIVA,ID_INDICADOR,ID_ENFOQUE,ID_MEDMIT,ID_PARAMETRO,VALOR,FLAG_ESTADO) values ('444','45','1','12','1','2','0');
Insert into MRVMM.T_MAEM_INDICADOR_DATA (ID_INICIATIVA,ID_INDICADOR,ID_ENFOQUE,ID_MEDMIT,ID_PARAMETRO,VALOR,FLAG_ESTADO) values ('444','45','1','12','3','4','0');
Insert into MRVMM.T_MAEM_INDICADOR_DATA (ID_INICIATIVA,ID_INDICADOR,ID_ENFOQUE,ID_MEDMIT,ID_PARAMETRO,VALOR,FLAG_ESTADO) values ('444','45','1','12','4','1458','0');
Insert into MRVMM.T_MAEM_INDICADOR_DATA (ID_INICIATIVA,ID_INDICADOR,ID_ENFOQUE,ID_MEDMIT,ID_PARAMETRO,VALOR,FLAG_ESTADO) values ('444','45','1','12','12','5','0');
Insert into MRVMM.T_MAEM_INDICADOR_DATA (ID_INICIATIVA,ID_INDICADOR,ID_ENFOQUE,ID_MEDMIT,ID_PARAMETRO,VALOR,FLAG_ESTADO) values ('444','45','1','12','13','5','0');
Insert into MRVMM.T_MAEM_INDICADOR_DATA (ID_INICIATIVA,ID_INDICADOR,ID_ENFOQUE,ID_MEDMIT,ID_PARAMETRO,VALOR,FLAG_ESTADO) values ('444','45','1','12','5','PLO-145','0');
Insert into MRVMM.T_MAEM_INDICADOR_DATA (ID_INICIATIVA,ID_INDICADOR,ID_ENFOQUE,ID_MEDMIT,ID_PARAMETRO,VALOR,FLAG_ESTADO) values ('444','45','1','12','9','4.34','0');
Insert into MRVMM.T_MAEM_INDICADOR_DATA (ID_INICIATIVA,ID_INDICADOR,ID_ENFOQUE,ID_MEDMIT,ID_PARAMETRO,VALOR,FLAG_ESTADO) values ('444','45','1','12','10','6.17','0');
Insert into MRVMM.T_MAEM_INDICADOR_DATA (ID_INICIATIVA,ID_INDICADOR,ID_ENFOQUE,ID_MEDMIT,ID_PARAMETRO,VALOR,FLAG_ESTADO) values ('444','45','1','12','11','-1.83','0');
Insert into MRVMM.T_MAEM_INDICADOR_DATA (ID_INICIATIVA,ID_INDICADOR,ID_ENFOQUE,ID_MEDMIT,ID_PARAMETRO,VALOR,FLAG_ESTADO) values ('444','46','1','12','6','2018','0');
Insert into MRVMM.T_MAEM_INDICADOR_DATA (ID_INICIATIVA,ID_INDICADOR,ID_ENFOQUE,ID_MEDMIT,ID_PARAMETRO,VALOR,FLAG_ESTADO) values ('444','46','1','12','2',null,'0');
Insert into MRVMM.T_MAEM_INDICADOR_DATA (ID_INICIATIVA,ID_INDICADOR,ID_ENFOQUE,ID_MEDMIT,ID_PARAMETRO,VALOR,FLAG_ESTADO) values ('444','46','1','12','1','1','0');
Insert into MRVMM.T_MAEM_INDICADOR_DATA (ID_INICIATIVA,ID_INDICADOR,ID_ENFOQUE,ID_MEDMIT,ID_PARAMETRO,VALOR,FLAG_ESTADO) values ('444','46','1','12','3','1','0');
Insert into MRVMM.T_MAEM_INDICADOR_DATA (ID_INICIATIVA,ID_INDICADOR,ID_ENFOQUE,ID_MEDMIT,ID_PARAMETRO,VALOR,FLAG_ESTADO) values ('444','46','1','12','4','1458','0');
Insert into MRVMM.T_MAEM_INDICADOR_DATA (ID_INICIATIVA,ID_INDICADOR,ID_ENFOQUE,ID_MEDMIT,ID_PARAMETRO,VALOR,FLAG_ESTADO) values ('444','46','1','12','12','6','0');
Insert into MRVMM.T_MAEM_INDICADOR_DATA (ID_INICIATIVA,ID_INDICADOR,ID_ENFOQUE,ID_MEDMIT,ID_PARAMETRO,VALOR,FLAG_ESTADO) values ('444','46','1','12','13','6','0');
Insert into MRVMM.T_MAEM_INDICADOR_DATA (ID_INICIATIVA,ID_INDICADOR,ID_ENFOQUE,ID_MEDMIT,ID_PARAMETRO,VALOR,FLAG_ESTADO) values ('444','46','1','12','5','PLO-145','0');
Insert into MRVMM.T_MAEM_INDICADOR_DATA (ID_INICIATIVA,ID_INDICADOR,ID_ENFOQUE,ID_MEDMIT,ID_PARAMETRO,VALOR,FLAG_ESTADO) values ('444','46','1','12','9','1.64','0');
Insert into MRVMM.T_MAEM_INDICADOR_DATA (ID_INICIATIVA,ID_INDICADOR,ID_ENFOQUE,ID_MEDMIT,ID_PARAMETRO,VALOR,FLAG_ESTADO) values ('444','46','1','12','10','8.89','0');
Insert into MRVMM.T_MAEM_INDICADOR_DATA (ID_INICIATIVA,ID_INDICADOR,ID_ENFOQUE,ID_MEDMIT,ID_PARAMETRO,VALOR,FLAG_ESTADO) values ('444','46','1','12','11','-7.25','0');
Insert into MRVMM.T_MAEM_INDICADOR_DATA (ID_INICIATIVA,ID_INDICADOR,ID_ENFOQUE,ID_MEDMIT,ID_PARAMETRO,VALOR,FLAG_ESTADO) values ('444','47','1','12','6','2018','0');
Insert into MRVMM.T_MAEM_INDICADOR_DATA (ID_INICIATIVA,ID_INDICADOR,ID_ENFOQUE,ID_MEDMIT,ID_PARAMETRO,VALOR,FLAG_ESTADO) values ('444','47','1','12','2',null,'0');
Insert into MRVMM.T_MAEM_INDICADOR_DATA (ID_INICIATIVA,ID_INDICADOR,ID_ENFOQUE,ID_MEDMIT,ID_PARAMETRO,VALOR,FLAG_ESTADO) values ('444','47','1','12','1','1','0');
Insert into MRVMM.T_MAEM_INDICADOR_DATA (ID_INICIATIVA,ID_INDICADOR,ID_ENFOQUE,ID_MEDMIT,ID_PARAMETRO,VALOR,FLAG_ESTADO) values ('444','47','1','12','3','2','0');
Insert into MRVMM.T_MAEM_INDICADOR_DATA (ID_INICIATIVA,ID_INDICADOR,ID_ENFOQUE,ID_MEDMIT,ID_PARAMETRO,VALOR,FLAG_ESTADO) values ('444','47','1','12','4','1458','0');
Insert into MRVMM.T_MAEM_INDICADOR_DATA (ID_INICIATIVA,ID_INDICADOR,ID_ENFOQUE,ID_MEDMIT,ID_PARAMETRO,VALOR,FLAG_ESTADO) values ('444','47','1','12','12','7','0');
Insert into MRVMM.T_MAEM_INDICADOR_DATA (ID_INICIATIVA,ID_INDICADOR,ID_ENFOQUE,ID_MEDMIT,ID_PARAMETRO,VALOR,FLAG_ESTADO) values ('444','47','1','12','13','7','0');
Insert into MRVMM.T_MAEM_INDICADOR_DATA (ID_INICIATIVA,ID_INDICADOR,ID_ENFOQUE,ID_MEDMIT,ID_PARAMETRO,VALOR,FLAG_ESTADO) values ('444','47','1','12','5','PLO-145','0');
Insert into MRVMM.T_MAEM_INDICADOR_DATA (ID_INICIATIVA,ID_INDICADOR,ID_ENFOQUE,ID_MEDMIT,ID_PARAMETRO,VALOR,FLAG_ESTADO) values ('444','47','1','12','9','1.78','0');
Insert into MRVMM.T_MAEM_INDICADOR_DATA (ID_INICIATIVA,ID_INDICADOR,ID_ENFOQUE,ID_MEDMIT,ID_PARAMETRO,VALOR,FLAG_ESTADO) values ('444','47','1','12','10','12.1','0');
Insert into MRVMM.T_MAEM_INDICADOR_DATA (ID_INICIATIVA,ID_INDICADOR,ID_ENFOQUE,ID_MEDMIT,ID_PARAMETRO,VALOR,FLAG_ESTADO) values ('444','47','1','12','11','-10.32','0');
Insert into MRVMM.T_MAEM_INDICADOR_DATA (ID_INICIATIVA,ID_INDICADOR,ID_ENFOQUE,ID_MEDMIT,ID_PARAMETRO,VALOR,FLAG_ESTADO) values ('444','48','1','12','6','2019','0');
Insert into MRVMM.T_MAEM_INDICADOR_DATA (ID_INICIATIVA,ID_INDICADOR,ID_ENFOQUE,ID_MEDMIT,ID_PARAMETRO,VALOR,FLAG_ESTADO) values ('444','48','1','12','2',null,'0');
Insert into MRVMM.T_MAEM_INDICADOR_DATA (ID_INICIATIVA,ID_INDICADOR,ID_ENFOQUE,ID_MEDMIT,ID_PARAMETRO,VALOR,FLAG_ESTADO) values ('444','48','1','12','1','1','0');
Insert into MRVMM.T_MAEM_INDICADOR_DATA (ID_INICIATIVA,ID_INDICADOR,ID_ENFOQUE,ID_MEDMIT,ID_PARAMETRO,VALOR,FLAG_ESTADO) values ('444','48','1','12','3','2','0');
Insert into MRVMM.T_MAEM_INDICADOR_DATA (ID_INICIATIVA,ID_INDICADOR,ID_ENFOQUE,ID_MEDMIT,ID_PARAMETRO,VALOR,FLAG_ESTADO) values ('444','48','1','12','4','1458','0');
Insert into MRVMM.T_MAEM_INDICADOR_DATA (ID_INICIATIVA,ID_INDICADOR,ID_ENFOQUE,ID_MEDMIT,ID_PARAMETRO,VALOR,FLAG_ESTADO) values ('444','48','1','12','12','8','0');
Insert into MRVMM.T_MAEM_INDICADOR_DATA (ID_INICIATIVA,ID_INDICADOR,ID_ENFOQUE,ID_MEDMIT,ID_PARAMETRO,VALOR,FLAG_ESTADO) values ('444','48','1','12','13','8','0');
Insert into MRVMM.T_MAEM_INDICADOR_DATA (ID_INICIATIVA,ID_INDICADOR,ID_ENFOQUE,ID_MEDMIT,ID_PARAMETRO,VALOR,FLAG_ESTADO) values ('444','48','1','12','5','PLO-145','0');
Insert into MRVMM.T_MAEM_INDICADOR_DATA (ID_INICIATIVA,ID_INDICADOR,ID_ENFOQUE,ID_MEDMIT,ID_PARAMETRO,VALOR,FLAG_ESTADO) values ('444','48','1','12','9','2.04','0');
Insert into MRVMM.T_MAEM_INDICADOR_DATA (ID_INICIATIVA,ID_INDICADOR,ID_ENFOQUE,ID_MEDMIT,ID_PARAMETRO,VALOR,FLAG_ESTADO) values ('444','48','1','12','10','15.81','0');
Insert into MRVMM.T_MAEM_INDICADOR_DATA (ID_INICIATIVA,ID_INDICADOR,ID_ENFOQUE,ID_MEDMIT,ID_PARAMETRO,VALOR,FLAG_ESTADO) values ('444','48','1','12','11','-13.77','0');
Insert into MRVMM.T_MAEM_INDICADOR_DATA (ID_INICIATIVA,ID_INDICADOR,ID_ENFOQUE,ID_MEDMIT,ID_PARAMETRO,VALOR,FLAG_ESTADO) values ('444','49','1','12','6','2016','0');
Insert into MRVMM.T_MAEM_INDICADOR_DATA (ID_INICIATIVA,ID_INDICADOR,ID_ENFOQUE,ID_MEDMIT,ID_PARAMETRO,VALOR,FLAG_ESTADO) values ('444','49','1','12','2',null,'0');
Insert into MRVMM.T_MAEM_INDICADOR_DATA (ID_INICIATIVA,ID_INDICADOR,ID_ENFOQUE,ID_MEDMIT,ID_PARAMETRO,VALOR,FLAG_ESTADO) values ('444','49','1','12','1','3','0');
Insert into MRVMM.T_MAEM_INDICADOR_DATA (ID_INICIATIVA,ID_INDICADOR,ID_ENFOQUE,ID_MEDMIT,ID_PARAMETRO,VALOR,FLAG_ESTADO) values ('444','49','1','12','3','4','0');
Insert into MRVMM.T_MAEM_INDICADOR_DATA (ID_INICIATIVA,ID_INDICADOR,ID_ENFOQUE,ID_MEDMIT,ID_PARAMETRO,VALOR,FLAG_ESTADO) values ('444','49','1','12','4','1458','0');
Insert into MRVMM.T_MAEM_INDICADOR_DATA (ID_INICIATIVA,ID_INDICADOR,ID_ENFOQUE,ID_MEDMIT,ID_PARAMETRO,VALOR,FLAG_ESTADO) values ('444','49','1','12','12','9','0');
Insert into MRVMM.T_MAEM_INDICADOR_DATA (ID_INICIATIVA,ID_INDICADOR,ID_ENFOQUE,ID_MEDMIT,ID_PARAMETRO,VALOR,FLAG_ESTADO) values ('444','49','1','12','13','9','0');
Insert into MRVMM.T_MAEM_INDICADOR_DATA (ID_INICIATIVA,ID_INDICADOR,ID_ENFOQUE,ID_MEDMIT,ID_PARAMETRO,VALOR,FLAG_ESTADO) values ('444','49','1','12','5','PLO-145','0');
Insert into MRVMM.T_MAEM_INDICADOR_DATA (ID_INICIATIVA,ID_INDICADOR,ID_ENFOQUE,ID_MEDMIT,ID_PARAMETRO,VALOR,FLAG_ESTADO) values ('444','49','1','12','9','12.62','0');
Insert into MRVMM.T_MAEM_INDICADOR_DATA (ID_INICIATIVA,ID_INDICADOR,ID_ENFOQUE,ID_MEDMIT,ID_PARAMETRO,VALOR,FLAG_ESTADO) values ('444','49','1','12','10','29.44','0');
Insert into MRVMM.T_MAEM_INDICADOR_DATA (ID_INICIATIVA,ID_INDICADOR,ID_ENFOQUE,ID_MEDMIT,ID_PARAMETRO,VALOR,FLAG_ESTADO) values ('444','49','1','12','11','-16.82','0');
Insert into MRVMM.T_MAEM_INDICADOR_DATA (ID_INICIATIVA,ID_INDICADOR,ID_ENFOQUE,ID_MEDMIT,ID_PARAMETRO,VALOR,FLAG_ESTADO) values ('444','50','1','12','6','2018','0');
Insert into MRVMM.T_MAEM_INDICADOR_DATA (ID_INICIATIVA,ID_INDICADOR,ID_ENFOQUE,ID_MEDMIT,ID_PARAMETRO,VALOR,FLAG_ESTADO) values ('444','50','1','12','2',null,'0');
Insert into MRVMM.T_MAEM_INDICADOR_DATA (ID_INICIATIVA,ID_INDICADOR,ID_ENFOQUE,ID_MEDMIT,ID_PARAMETRO,VALOR,FLAG_ESTADO) values ('444','50','1','12','1','5','0');
Insert into MRVMM.T_MAEM_INDICADOR_DATA (ID_INICIATIVA,ID_INDICADOR,ID_ENFOQUE,ID_MEDMIT,ID_PARAMETRO,VALOR,FLAG_ESTADO) values ('444','50','1','12','3','3','0');
Insert into MRVMM.T_MAEM_INDICADOR_DATA (ID_INICIATIVA,ID_INDICADOR,ID_ENFOQUE,ID_MEDMIT,ID_PARAMETRO,VALOR,FLAG_ESTADO) values ('444','50','1','12','4','1458','0');
Insert into MRVMM.T_MAEM_INDICADOR_DATA (ID_INICIATIVA,ID_INDICADOR,ID_ENFOQUE,ID_MEDMIT,ID_PARAMETRO,VALOR,FLAG_ESTADO) values ('444','50','1','12','12','10','0');
Insert into MRVMM.T_MAEM_INDICADOR_DATA (ID_INICIATIVA,ID_INDICADOR,ID_ENFOQUE,ID_MEDMIT,ID_PARAMETRO,VALOR,FLAG_ESTADO) values ('444','50','1','12','13','10','0');
Insert into MRVMM.T_MAEM_INDICADOR_DATA (ID_INICIATIVA,ID_INDICADOR,ID_ENFOQUE,ID_MEDMIT,ID_PARAMETRO,VALOR,FLAG_ESTADO) values ('444','50','1','12','5','PLO-145','0');
Insert into MRVMM.T_MAEM_INDICADOR_DATA (ID_INICIATIVA,ID_INDICADOR,ID_ENFOQUE,ID_MEDMIT,ID_PARAMETRO,VALOR,FLAG_ESTADO) values ('444','50','1','12','9','1.41','0');
Insert into MRVMM.T_MAEM_INDICADOR_DATA (ID_INICIATIVA,ID_INDICADOR,ID_ENFOQUE,ID_MEDMIT,ID_PARAMETRO,VALOR,FLAG_ESTADO) values ('444','50','1','12','10','24.7','0');
Insert into MRVMM.T_MAEM_INDICADOR_DATA (ID_INICIATIVA,ID_INDICADOR,ID_ENFOQUE,ID_MEDMIT,ID_PARAMETRO,VALOR,FLAG_ESTADO) values ('444','50','1','12','11','-23.29','0');
Insert into MRVMM.T_MAEM_INDICADOR_DATA (ID_INICIATIVA,ID_INDICADOR,ID_ENFOQUE,ID_MEDMIT,ID_PARAMETRO,VALOR,FLAG_ESTADO) values ('444','52','1','12','11','-13.77','0');
Insert into MRVMM.T_MAEM_INDICADOR_DATA (ID_INICIATIVA,ID_INDICADOR,ID_ENFOQUE,ID_MEDMIT,ID_PARAMETRO,VALOR,FLAG_ESTADO) values ('372','7','1','12','12','1','1');
Insert into MRVMM.T_MAEM_INDICADOR_DATA (ID_INICIATIVA,ID_INDICADOR,ID_ENFOQUE,ID_MEDMIT,ID_PARAMETRO,VALOR,FLAG_ESTADO) values ('449','1','1','12','6','2019','1');
Insert into MRVMM.T_MAEM_INDICADOR_DATA (ID_INICIATIVA,ID_INDICADOR,ID_ENFOQUE,ID_MEDMIT,ID_PARAMETRO,VALOR,FLAG_ESTADO) values ('449','1','3','12','6','2018','1');
Insert into MRVMM.T_MAEM_INDICADOR_DATA (ID_INICIATIVA,ID_INDICADOR,ID_ENFOQUE,ID_MEDMIT,ID_PARAMETRO,VALOR,FLAG_ESTADO) values ('449','1','3','12','1','1','1');
Insert into MRVMM.T_MAEM_INDICADOR_DATA (ID_INICIATIVA,ID_INDICADOR,ID_ENFOQUE,ID_MEDMIT,ID_PARAMETRO,VALOR,FLAG_ESTADO) values ('449','1','3','12','3','3','1');
Insert into MRVMM.T_MAEM_INDICADOR_DATA (ID_INICIATIVA,ID_INDICADOR,ID_ENFOQUE,ID_MEDMIT,ID_PARAMETRO,VALOR,FLAG_ESTADO) values ('449','1','3','12','7','222','1');
Insert into MRVMM.T_MAEM_INDICADOR_DATA (ID_INICIATIVA,ID_INDICADOR,ID_ENFOQUE,ID_MEDMIT,ID_PARAMETRO,VALOR,FLAG_ESTADO) values ('449','1','3','12','5','ABC-001','1');
Insert into MRVMM.T_MAEM_INDICADOR_DATA (ID_INICIATIVA,ID_INDICADOR,ID_ENFOQUE,ID_MEDMIT,ID_PARAMETRO,VALOR,FLAG_ESTADO) values ('449','1','3','12','9','243.85','1');
Insert into MRVMM.T_MAEM_INDICADOR_DATA (ID_INICIATIVA,ID_INDICADOR,ID_ENFOQUE,ID_MEDMIT,ID_PARAMETRO,VALOR,FLAG_ESTADO) values ('449','1','3','12','10','42.17','1');
Insert into MRVMM.T_MAEM_INDICADOR_DATA (ID_INICIATIVA,ID_INDICADOR,ID_ENFOQUE,ID_MEDMIT,ID_PARAMETRO,VALOR,FLAG_ESTADO) values ('449','1','3','12','11','201.68','1');
Insert into MRVMM.T_MAEM_INDICADOR_DATA (ID_INICIATIVA,ID_INDICADOR,ID_ENFOQUE,ID_MEDMIT,ID_PARAMETRO,VALOR,FLAG_ESTADO) values ('449','2','3','12','6','2018','1');
Insert into MRVMM.T_MAEM_INDICADOR_DATA (ID_INICIATIVA,ID_INDICADOR,ID_ENFOQUE,ID_MEDMIT,ID_PARAMETRO,VALOR,FLAG_ESTADO) values ('449','2','3','12','1','3','1');
Insert into MRVMM.T_MAEM_INDICADOR_DATA (ID_INICIATIVA,ID_INDICADOR,ID_ENFOQUE,ID_MEDMIT,ID_PARAMETRO,VALOR,FLAG_ESTADO) values ('449','2','3','12','3','4','1');
Insert into MRVMM.T_MAEM_INDICADOR_DATA (ID_INICIATIVA,ID_INDICADOR,ID_ENFOQUE,ID_MEDMIT,ID_PARAMETRO,VALOR,FLAG_ESTADO) values ('449','2','3','12','7','369','1');
Insert into MRVMM.T_MAEM_INDICADOR_DATA (ID_INICIATIVA,ID_INDICADOR,ID_ENFOQUE,ID_MEDMIT,ID_PARAMETRO,VALOR,FLAG_ESTADO) values ('449','2','3','12','5','ABC-002','1');
Insert into MRVMM.T_MAEM_INDICADOR_DATA (ID_INICIATIVA,ID_INDICADOR,ID_ENFOQUE,ID_MEDMIT,ID_PARAMETRO,VALOR,FLAG_ESTADO) values ('449','2','3','12','9','30.16','1');
Insert into MRVMM.T_MAEM_INDICADOR_DATA (ID_INICIATIVA,ID_INDICADOR,ID_ENFOQUE,ID_MEDMIT,ID_PARAMETRO,VALOR,FLAG_ESTADO) values ('449','2','3','12','10','7.01','1');
Insert into MRVMM.T_MAEM_INDICADOR_DATA (ID_INICIATIVA,ID_INDICADOR,ID_ENFOQUE,ID_MEDMIT,ID_PARAMETRO,VALOR,FLAG_ESTADO) values ('449','2','3','12','11','23.15','1');
Insert into MRVMM.T_MAEM_INDICADOR_DATA (ID_INICIATIVA,ID_INDICADOR,ID_ENFOQUE,ID_MEDMIT,ID_PARAMETRO,VALOR,FLAG_ESTADO) values ('448','1','1','12','6','2018','1');
Insert into MRVMM.T_MAEM_INDICADOR_DATA (ID_INICIATIVA,ID_INDICADOR,ID_ENFOQUE,ID_MEDMIT,ID_PARAMETRO,VALOR,FLAG_ESTADO) values ('448','1','1','12','1','1','1');
Insert into MRVMM.T_MAEM_INDICADOR_DATA (ID_INICIATIVA,ID_INDICADOR,ID_ENFOQUE,ID_MEDMIT,ID_PARAMETRO,VALOR,FLAG_ESTADO) values ('448','1','1','12','3','3','1');
Insert into MRVMM.T_MAEM_INDICADOR_DATA (ID_INICIATIVA,ID_INDICADOR,ID_ENFOQUE,ID_MEDMIT,ID_PARAMETRO,VALOR,FLAG_ESTADO) values ('448','1','1','12','4','57600','1');
Insert into MRVMM.T_MAEM_INDICADOR_DATA (ID_INICIATIVA,ID_INDICADOR,ID_ENFOQUE,ID_MEDMIT,ID_PARAMETRO,VALOR,FLAG_ESTADO) values ('448','1','1','12','12','1','1');
Insert into MRVMM.T_MAEM_INDICADOR_DATA (ID_INICIATIVA,ID_INDICADOR,ID_ENFOQUE,ID_MEDMIT,ID_PARAMETRO,VALOR,FLAG_ESTADO) values ('448','1','1','12','13','0.25','1');
Insert into MRVMM.T_MAEM_INDICADOR_DATA (ID_INICIATIVA,ID_INDICADOR,ID_ENFOQUE,ID_MEDMIT,ID_PARAMETRO,VALOR,FLAG_ESTADO) values ('448','1','1','12','5','OLK-897','1');
Insert into MRVMM.T_MAEM_INDICADOR_DATA (ID_INICIATIVA,ID_INDICADOR,ID_ENFOQUE,ID_MEDMIT,ID_PARAMETRO,VALOR,FLAG_ESTADO) values ('448','1','1','12','9','10.31','1');
Insert into MRVMM.T_MAEM_INDICADOR_DATA (ID_INICIATIVA,ID_INDICADOR,ID_ENFOQUE,ID_MEDMIT,ID_PARAMETRO,VALOR,FLAG_ESTADO) values ('448','1','1','12','10','2.44','1');
Insert into MRVMM.T_MAEM_INDICADOR_DATA (ID_INICIATIVA,ID_INDICADOR,ID_ENFOQUE,ID_MEDMIT,ID_PARAMETRO,VALOR,FLAG_ESTADO) values ('448','1','1','12','11','7.87','1');
Insert into MRVMM.T_MAEM_INDICADOR_DATA (ID_INICIATIVA,ID_INDICADOR,ID_ENFOQUE,ID_MEDMIT,ID_PARAMETRO,VALOR,FLAG_ESTADO) values ('438','1','3','12','6','2018','1');
Insert into MRVMM.T_MAEM_INDICADOR_DATA (ID_INICIATIVA,ID_INDICADOR,ID_ENFOQUE,ID_MEDMIT,ID_PARAMETRO,VALOR,FLAG_ESTADO) values ('438','1','3','12','1','1','1');
Insert into MRVMM.T_MAEM_INDICADOR_DATA (ID_INICIATIVA,ID_INDICADOR,ID_ENFOQUE,ID_MEDMIT,ID_PARAMETRO,VALOR,FLAG_ESTADO) values ('438','1','3','12','3','3','1');
Insert into MRVMM.T_MAEM_INDICADOR_DATA (ID_INICIATIVA,ID_INDICADOR,ID_ENFOQUE,ID_MEDMIT,ID_PARAMETRO,VALOR,FLAG_ESTADO) values ('438','1','3','12','7','222','1');
Insert into MRVMM.T_MAEM_INDICADOR_DATA (ID_INICIATIVA,ID_INDICADOR,ID_ENFOQUE,ID_MEDMIT,ID_PARAMETRO,VALOR,FLAG_ESTADO) values ('438','1','3','12','5','ABC-987','1');
Insert into MRVMM.T_MAEM_INDICADOR_DATA (ID_INICIATIVA,ID_INDICADOR,ID_ENFOQUE,ID_MEDMIT,ID_PARAMETRO,VALOR,FLAG_ESTADO) values ('438','1','3','12','9','243.85','1');
Insert into MRVMM.T_MAEM_INDICADOR_DATA (ID_INICIATIVA,ID_INDICADOR,ID_ENFOQUE,ID_MEDMIT,ID_PARAMETRO,VALOR,FLAG_ESTADO) values ('438','1','3','12','10','42.17','1');
Insert into MRVMM.T_MAEM_INDICADOR_DATA (ID_INICIATIVA,ID_INDICADOR,ID_ENFOQUE,ID_MEDMIT,ID_PARAMETRO,VALOR,FLAG_ESTADO) values ('438','1','3','12','11','201.68','1');
Insert into MRVMM.T_MAEM_INDICADOR_DATA (ID_INICIATIVA,ID_INDICADOR,ID_ENFOQUE,ID_MEDMIT,ID_PARAMETRO,VALOR,FLAG_ESTADO) values ('452','1','1','12','6','2018','1');
Insert into MRVMM.T_MAEM_INDICADOR_DATA (ID_INICIATIVA,ID_INDICADOR,ID_ENFOQUE,ID_MEDMIT,ID_PARAMETRO,VALOR,FLAG_ESTADO) values ('452','1','1','12','1','1','1');
Insert into MRVMM.T_MAEM_INDICADOR_DATA (ID_INICIATIVA,ID_INDICADOR,ID_ENFOQUE,ID_MEDMIT,ID_PARAMETRO,VALOR,FLAG_ESTADO) values ('452','1','1','12','3','3','1');
Insert into MRVMM.T_MAEM_INDICADOR_DATA (ID_INICIATIVA,ID_INDICADOR,ID_ENFOQUE,ID_MEDMIT,ID_PARAMETRO,VALOR,FLAG_ESTADO) values ('452','1','1','12','4','54659999999999','1');
Insert into MRVMM.T_MAEM_INDICADOR_DATA (ID_INICIATIVA,ID_INDICADOR,ID_ENFOQUE,ID_MEDMIT,ID_PARAMETRO,VALOR,FLAG_ESTADO) values ('452','1','1','12','12','129999999999','1');
Insert into MRVMM.T_MAEM_INDICADOR_DATA (ID_INICIATIVA,ID_INDICADOR,ID_ENFOQUE,ID_MEDMIT,ID_PARAMETRO,VALOR,FLAG_ESTADO) values ('452','1','1','12','13','1999999999999999','1');
Insert into MRVMM.T_MAEM_INDICADOR_DATA (ID_INICIATIVA,ID_INDICADOR,ID_ENFOQUE,ID_MEDMIT,ID_PARAMETRO,VALOR,FLAG_ESTADO) values ('452','2','1','12','6','2019','1');
Insert into MRVMM.T_MAEM_INDICADOR_DATA (ID_INICIATIVA,ID_INDICADOR,ID_ENFOQUE,ID_MEDMIT,ID_PARAMETRO,VALOR,FLAG_ESTADO) values ('452','2','1','12','1','1','1');
Insert into MRVMM.T_MAEM_INDICADOR_DATA (ID_INICIATIVA,ID_INDICADOR,ID_ENFOQUE,ID_MEDMIT,ID_PARAMETRO,VALOR,FLAG_ESTADO) values ('452','2','1','12','3','2','1');
Insert into MRVMM.T_MAEM_INDICADOR_DATA (ID_INICIATIVA,ID_INDICADOR,ID_ENFOQUE,ID_MEDMIT,ID_PARAMETRO,VALOR,FLAG_ESTADO) values ('452','2','1','12','4','31413413413413413','1');
Insert into MRVMM.T_MAEM_INDICADOR_DATA (ID_INICIATIVA,ID_INDICADOR,ID_ENFOQUE,ID_MEDMIT,ID_PARAMETRO,VALOR,FLAG_ESTADO) values ('452','2','1','12','12','43141341341341','1');
Insert into MRVMM.T_MAEM_INDICADOR_DATA (ID_INICIATIVA,ID_INDICADOR,ID_ENFOQUE,ID_MEDMIT,ID_PARAMETRO,VALOR,FLAG_ESTADO) values ('452','2','1','12','13','4134134134','1');
Insert into MRVMM.T_MAEM_INDICADOR_DATA (ID_INICIATIVA,ID_INDICADOR,ID_ENFOQUE,ID_MEDMIT,ID_PARAMETRO,VALOR,FLAG_ESTADO) values ('452','2','1','12','5','REWETH','1');
Insert into MRVMM.T_MAEM_INDICADOR_DATA (ID_INICIATIVA,ID_INDICADOR,ID_ENFOQUE,ID_MEDMIT,ID_PARAMETRO,VALOR,FLAG_ESTADO) values ('452','2','1','12','9','236751088001114000000000000','1');
Insert into MRVMM.T_MAEM_INDICADOR_DATA (ID_INICIATIVA,ID_INDICADOR,ID_ENFOQUE,ID_MEDMIT,ID_PARAMETRO,VALOR,FLAG_ESTADO) values ('452','2','1','12','10',null,'1');
Insert into MRVMM.T_MAEM_INDICADOR_DATA (ID_INICIATIVA,ID_INDICADOR,ID_ENFOQUE,ID_MEDMIT,ID_PARAMETRO,VALOR,FLAG_ESTADO) values ('452','2','1','12','11','236751088001114000000000000','1');
Insert into MRVMM.T_MAEM_INDICADOR_DATA (ID_INICIATIVA,ID_INDICADOR,ID_ENFOQUE,ID_MEDMIT,ID_PARAMETRO,VALOR,FLAG_ESTADO) values ('443','1','1','12','10','1.45','1');
Insert into MRVMM.T_MAEM_INDICADOR_DATA (ID_INICIATIVA,ID_INDICADOR,ID_ENFOQUE,ID_MEDMIT,ID_PARAMETRO,VALOR,FLAG_ESTADO) values ('443','1','1','12','11','4.67','1');
Insert into MRVMM.T_MAEM_INDICADOR_DATA (ID_INICIATIVA,ID_INDICADOR,ID_ENFOQUE,ID_MEDMIT,ID_PARAMETRO,VALOR,FLAG_ESTADO) values ('462','1','1','12','6','2019','1');
Insert into MRVMM.T_MAEM_INDICADOR_DATA (ID_INICIATIVA,ID_INDICADOR,ID_ENFOQUE,ID_MEDMIT,ID_PARAMETRO,VALOR,FLAG_ESTADO) values ('462','1','1','12','1','1','1');
Insert into MRVMM.T_MAEM_INDICADOR_DATA (ID_INICIATIVA,ID_INDICADOR,ID_ENFOQUE,ID_MEDMIT,ID_PARAMETRO,VALOR,FLAG_ESTADO) values ('462','1','1','12','3','3','1');
Insert into MRVMM.T_MAEM_INDICADOR_DATA (ID_INICIATIVA,ID_INDICADOR,ID_ENFOQUE,ID_MEDMIT,ID_PARAMETRO,VALOR,FLAG_ESTADO) values ('462','1','1','12','4','34184','1');
Insert into MRVMM.T_MAEM_INDICADOR_DATA (ID_INICIATIVA,ID_INDICADOR,ID_ENFOQUE,ID_MEDMIT,ID_PARAMETRO,VALOR,FLAG_ESTADO) values ('462','1','1','12','12','1','1');
Insert into MRVMM.T_MAEM_INDICADOR_DATA (ID_INICIATIVA,ID_INDICADOR,ID_ENFOQUE,ID_MEDMIT,ID_PARAMETRO,VALOR,FLAG_ESTADO) values ('462','1','1','12','13','0.25','1');
Insert into MRVMM.T_MAEM_INDICADOR_DATA (ID_INICIATIVA,ID_INDICADOR,ID_ENFOQUE,ID_MEDMIT,ID_PARAMETRO,VALOR,FLAG_ESTADO) values ('462','1','1','12','5','BCD-623','1');
Insert into MRVMM.T_MAEM_INDICADOR_DATA (ID_INICIATIVA,ID_INDICADOR,ID_ENFOQUE,ID_MEDMIT,ID_PARAMETRO,VALOR,FLAG_ESTADO) values ('462','1','1','12','9','6.12','1');
Insert into MRVMM.T_MAEM_INDICADOR_DATA (ID_INICIATIVA,ID_INDICADOR,ID_ENFOQUE,ID_MEDMIT,ID_PARAMETRO,VALOR,FLAG_ESTADO) values ('462','1','1','12','10','1.45','1');
Insert into MRVMM.T_MAEM_INDICADOR_DATA (ID_INICIATIVA,ID_INDICADOR,ID_ENFOQUE,ID_MEDMIT,ID_PARAMETRO,VALOR,FLAG_ESTADO) values ('462','1','1','12','11','4.67','1');
Insert into MRVMM.T_MAEM_INDICADOR_DATA (ID_INICIATIVA,ID_INDICADOR,ID_ENFOQUE,ID_MEDMIT,ID_PARAMETRO,VALOR,FLAG_ESTADO) values ('462','2','1','12','6','2019','1');
Insert into MRVMM.T_MAEM_INDICADOR_DATA (ID_INICIATIVA,ID_INDICADOR,ID_ENFOQUE,ID_MEDMIT,ID_PARAMETRO,VALOR,FLAG_ESTADO) values ('462','2','1','12','1','1','1');
Insert into MRVMM.T_MAEM_INDICADOR_DATA (ID_INICIATIVA,ID_INDICADOR,ID_ENFOQUE,ID_MEDMIT,ID_PARAMETRO,VALOR,FLAG_ESTADO) values ('462','2','1','12','4','6761','1');
Insert into MRVMM.T_MAEM_INDICADOR_DATA (ID_INICIATIVA,ID_INDICADOR,ID_ENFOQUE,ID_MEDMIT,ID_PARAMETRO,VALOR,FLAG_ESTADO) values ('462','2','1','12','12','1','1');
Insert into MRVMM.T_MAEM_INDICADOR_DATA (ID_INICIATIVA,ID_INDICADOR,ID_ENFOQUE,ID_MEDMIT,ID_PARAMETRO,VALOR,FLAG_ESTADO) values ('462','2','1','12','13','0.17','1');
Insert into MRVMM.T_MAEM_INDICADOR_DATA (ID_INICIATIVA,ID_INDICADOR,ID_ENFOQUE,ID_MEDMIT,ID_PARAMETRO,VALOR,FLAG_ESTADO) values ('462','2','1','12','5','BKH-349','1');
Insert into MRVMM.T_MAEM_INDICADOR_DATA (ID_INICIATIVA,ID_INDICADOR,ID_ENFOQUE,ID_MEDMIT,ID_PARAMETRO,VALOR,FLAG_ESTADO) values ('462','2','1','12','9','1.21','1');
Insert into MRVMM.T_MAEM_INDICADOR_DATA (ID_INICIATIVA,ID_INDICADOR,ID_ENFOQUE,ID_MEDMIT,ID_PARAMETRO,VALOR,FLAG_ESTADO) values ('462','2','1','12','10','0.19','1');
Insert into MRVMM.T_MAEM_INDICADOR_DATA (ID_INICIATIVA,ID_INDICADOR,ID_ENFOQUE,ID_MEDMIT,ID_PARAMETRO,VALOR,FLAG_ESTADO) values ('462','2','1','12','11','1.02','1');
Insert into MRVMM.T_MAEM_INDICADOR_DATA (ID_INICIATIVA,ID_INDICADOR,ID_ENFOQUE,ID_MEDMIT,ID_PARAMETRO,VALOR,FLAG_ESTADO) values ('462','3','1','12','6','2019','1');
Insert into MRVMM.T_MAEM_INDICADOR_DATA (ID_INICIATIVA,ID_INDICADOR,ID_ENFOQUE,ID_MEDMIT,ID_PARAMETRO,VALOR,FLAG_ESTADO) values ('462','3','1','12','1','3','1');
Insert into MRVMM.T_MAEM_INDICADOR_DATA (ID_INICIATIVA,ID_INDICADOR,ID_ENFOQUE,ID_MEDMIT,ID_PARAMETRO,VALOR,FLAG_ESTADO) values ('462','3','1','12','3','4','1');
Insert into MRVMM.T_MAEM_INDICADOR_DATA (ID_INICIATIVA,ID_INDICADOR,ID_ENFOQUE,ID_MEDMIT,ID_PARAMETRO,VALOR,FLAG_ESTADO) values ('462','3','1','12','4','21799','1');
Insert into MRVMM.T_MAEM_INDICADOR_DATA (ID_INICIATIVA,ID_INDICADOR,ID_ENFOQUE,ID_MEDMIT,ID_PARAMETRO,VALOR,FLAG_ESTADO) values ('462','3','1','12','13','0.82','1');
Insert into MRVMM.T_MAEM_INDICADOR_DATA (ID_INICIATIVA,ID_INDICADOR,ID_ENFOQUE,ID_MEDMIT,ID_PARAMETRO,VALOR,FLAG_ESTADO) values ('462','3','1','12','5',' F2V-960','1');
Insert into MRVMM.T_MAEM_INDICADOR_DATA (ID_INICIATIVA,ID_INDICADOR,ID_ENFOQUE,ID_MEDMIT,ID_PARAMETRO,VALOR,FLAG_ESTADO) values ('462','3','1','12','9','20.96','1');
Insert into MRVMM.T_MAEM_INDICADOR_DATA (ID_INICIATIVA,ID_INDICADOR,ID_ENFOQUE,ID_MEDMIT,ID_PARAMETRO,VALOR,FLAG_ESTADO) values ('462','3','1','12','10','3.04','1');
Insert into MRVMM.T_MAEM_INDICADOR_DATA (ID_INICIATIVA,ID_INDICADOR,ID_ENFOQUE,ID_MEDMIT,ID_PARAMETRO,VALOR,FLAG_ESTADO) values ('462','3','1','12','11','17.92','1');
Insert into MRVMM.T_MAEM_INDICADOR_DATA (ID_INICIATIVA,ID_INDICADOR,ID_ENFOQUE,ID_MEDMIT,ID_PARAMETRO,VALOR,FLAG_ESTADO) values ('462','4','1','12','6','2019','1');
Insert into MRVMM.T_MAEM_INDICADOR_DATA (ID_INICIATIVA,ID_INDICADOR,ID_ENFOQUE,ID_MEDMIT,ID_PARAMETRO,VALOR,FLAG_ESTADO) values ('462','4','1','12','1','1','1');
Insert into MRVMM.T_MAEM_INDICADOR_DATA (ID_INICIATIVA,ID_INDICADOR,ID_ENFOQUE,ID_MEDMIT,ID_PARAMETRO,VALOR,FLAG_ESTADO) values ('462','4','1','12','3','3','1');
Insert into MRVMM.T_MAEM_INDICADOR_DATA (ID_INICIATIVA,ID_INDICADOR,ID_ENFOQUE,ID_MEDMIT,ID_PARAMETRO,VALOR,FLAG_ESTADO) values ('462','4','1','12','4','10838','1');
Insert into MRVMM.T_MAEM_INDICADOR_DATA (ID_INICIATIVA,ID_INDICADOR,ID_ENFOQUE,ID_MEDMIT,ID_PARAMETRO,VALOR,FLAG_ESTADO) values ('462','4','1','12','12','1','1');
Insert into MRVMM.T_MAEM_INDICADOR_DATA (ID_INICIATIVA,ID_INDICADOR,ID_ENFOQUE,ID_MEDMIT,ID_PARAMETRO,VALOR,FLAG_ESTADO) values ('462','4','1','12','13','0.15','1');
Insert into MRVMM.T_MAEM_INDICADOR_DATA (ID_INICIATIVA,ID_INDICADOR,ID_ENFOQUE,ID_MEDMIT,ID_PARAMETRO,VALOR,FLAG_ESTADO) values ('462','4','1','12','5','BJI-197 ','1');
Insert into MRVMM.T_MAEM_INDICADOR_DATA (ID_INICIATIVA,ID_INDICADOR,ID_ENFOQUE,ID_MEDMIT,ID_PARAMETRO,VALOR,FLAG_ESTADO) values ('462','4','1','12','9','1.94','1');
Insert into MRVMM.T_MAEM_INDICADOR_DATA (ID_INICIATIVA,ID_INDICADOR,ID_ENFOQUE,ID_MEDMIT,ID_PARAMETRO,VALOR,FLAG_ESTADO) values ('462','4','1','12','10','0.27','1');
Insert into MRVMM.T_MAEM_INDICADOR_DATA (ID_INICIATIVA,ID_INDICADOR,ID_ENFOQUE,ID_MEDMIT,ID_PARAMETRO,VALOR,FLAG_ESTADO) values ('462','4','1','12','11','1.67','1');
Insert into MRVMM.T_MAEM_INDICADOR_DATA (ID_INICIATIVA,ID_INDICADOR,ID_ENFOQUE,ID_MEDMIT,ID_PARAMETRO,VALOR,FLAG_ESTADO) values ('462','1','2','12','6','2018','1');
Insert into MRVMM.T_MAEM_INDICADOR_DATA (ID_INICIATIVA,ID_INDICADOR,ID_ENFOQUE,ID_MEDMIT,ID_PARAMETRO,VALOR,FLAG_ESTADO) values ('462','1','2','12','1','1','1');
Insert into MRVMM.T_MAEM_INDICADOR_DATA (ID_INICIATIVA,ID_INDICADOR,ID_ENFOQUE,ID_MEDMIT,ID_PARAMETRO,VALOR,FLAG_ESTADO) values ('462','1','2','12','3','3','1');
Insert into MRVMM.T_MAEM_INDICADOR_DATA (ID_INICIATIVA,ID_INDICADOR,ID_ENFOQUE,ID_MEDMIT,ID_PARAMETRO,VALOR,FLAG_ESTADO) values ('462','1','2','12','15','14400','1');
Insert into MRVMM.T_MAEM_INDICADOR_DATA (ID_INICIATIVA,ID_INDICADOR,ID_ENFOQUE,ID_MEDMIT,ID_PARAMETRO,VALOR,FLAG_ESTADO) values ('462','1','2','12','4','43200','1');
Insert into MRVMM.T_MAEM_INDICADOR_DATA (ID_INICIATIVA,ID_INDICADOR,ID_ENFOQUE,ID_MEDMIT,ID_PARAMETRO,VALOR,FLAG_ESTADO) values ('462','1','2','12','12','1','1');
Insert into MRVMM.T_MAEM_INDICADOR_DATA (ID_INICIATIVA,ID_INDICADOR,ID_ENFOQUE,ID_MEDMIT,ID_PARAMETRO,VALOR,FLAG_ESTADO) values ('462','1','2','12','13','0.16','1');
Insert into MRVMM.T_MAEM_INDICADOR_DATA (ID_INICIATIVA,ID_INDICADOR,ID_ENFOQUE,ID_MEDMIT,ID_PARAMETRO,VALOR,FLAG_ESTADO) values ('462','1','2','12','5','ABC-004','1');
Insert into MRVMM.T_MAEM_INDICADOR_DATA (ID_INICIATIVA,ID_INDICADOR,ID_ENFOQUE,ID_MEDMIT,ID_PARAMETRO,VALOR,FLAG_ESTADO) values ('462','1','2','12','9','10.31','1');
Insert into MRVMM.T_MAEM_INDICADOR_DATA (ID_INICIATIVA,ID_INDICADOR,ID_ENFOQUE,ID_MEDMIT,ID_PARAMETRO,VALOR,FLAG_ESTADO) values ('462','1','2','12','10','3.77','1');
Insert into MRVMM.T_MAEM_INDICADOR_DATA (ID_INICIATIVA,ID_INDICADOR,ID_ENFOQUE,ID_MEDMIT,ID_PARAMETRO,VALOR,FLAG_ESTADO) values ('462','1','2','12','11','6.54','1');
Insert into MRVMM.T_MAEM_INDICADOR_DATA (ID_INICIATIVA,ID_INDICADOR,ID_ENFOQUE,ID_MEDMIT,ID_PARAMETRO,VALOR,FLAG_ESTADO) values ('462','2','2','12','6','2018','1');
Insert into MRVMM.T_MAEM_INDICADOR_DATA (ID_INICIATIVA,ID_INDICADOR,ID_ENFOQUE,ID_MEDMIT,ID_PARAMETRO,VALOR,FLAG_ESTADO) values ('462','2','2','12','1','3','1');
Insert into MRVMM.T_MAEM_INDICADOR_DATA (ID_INICIATIVA,ID_INDICADOR,ID_ENFOQUE,ID_MEDMIT,ID_PARAMETRO,VALOR,FLAG_ESTADO) values ('462','2','2','12','3','4','1');
Insert into MRVMM.T_MAEM_INDICADOR_DATA (ID_INICIATIVA,ID_INDICADOR,ID_ENFOQUE,ID_MEDMIT,ID_PARAMETRO,VALOR,FLAG_ESTADO) values ('462','2','2','12','15','21000','1');
Insert into MRVMM.T_MAEM_INDICADOR_DATA (ID_INICIATIVA,ID_INDICADOR,ID_ENFOQUE,ID_MEDMIT,ID_PARAMETRO,VALOR,FLAG_ESTADO) values ('462','2','2','12','4','39000','1');
Insert into MRVMM.T_MAEM_INDICADOR_DATA (ID_INICIATIVA,ID_INDICADOR,ID_ENFOQUE,ID_MEDMIT,ID_PARAMETRO,VALOR,FLAG_ESTADO) values ('462','2','2','12','12','1','1');
Insert into MRVMM.T_MAEM_INDICADOR_DATA (ID_INICIATIVA,ID_INDICADOR,ID_ENFOQUE,ID_MEDMIT,ID_PARAMETRO,VALOR,FLAG_ESTADO) values ('462','2','2','12','13','1.18','1');
Insert into MRVMM.T_MAEM_INDICADOR_DATA (ID_INICIATIVA,ID_INDICADOR,ID_ENFOQUE,ID_MEDMIT,ID_PARAMETRO,VALOR,FLAG_ESTADO) values ('462','2','2','12','5','ABC-005','1');
Insert into MRVMM.T_MAEM_INDICADOR_DATA (ID_INICIATIVA,ID_INDICADOR,ID_ENFOQUE,ID_MEDMIT,ID_PARAMETRO,VALOR,FLAG_ESTADO) values ('462','2','2','12','9','57.7','1');
Insert into MRVMM.T_MAEM_INDICADOR_DATA (ID_INICIATIVA,ID_INDICADOR,ID_ENFOQUE,ID_MEDMIT,ID_PARAMETRO,VALOR,FLAG_ESTADO) values ('462','2','2','12','10','27.97','1');
Insert into MRVMM.T_MAEM_INDICADOR_DATA (ID_INICIATIVA,ID_INDICADOR,ID_ENFOQUE,ID_MEDMIT,ID_PARAMETRO,VALOR,FLAG_ESTADO) values ('462','2','2','12','11','29.73','1');
Insert into MRVMM.T_MAEM_INDICADOR_DATA (ID_INICIATIVA,ID_INDICADOR,ID_ENFOQUE,ID_MEDMIT,ID_PARAMETRO,VALOR,FLAG_ESTADO) values ('372','5','1','12','6','2019','1');
Insert into MRVMM.T_MAEM_INDICADOR_DATA (ID_INICIATIVA,ID_INDICADOR,ID_ENFOQUE,ID_MEDMIT,ID_PARAMETRO,VALOR,FLAG_ESTADO) values ('372','5','1','12','1','1','1');
Insert into MRVMM.T_MAEM_INDICADOR_DATA (ID_INICIATIVA,ID_INDICADOR,ID_ENFOQUE,ID_MEDMIT,ID_PARAMETRO,VALOR,FLAG_ESTADO) values ('372','5','1','12','3','3','1');
Insert into MRVMM.T_MAEM_INDICADOR_DATA (ID_INICIATIVA,ID_INDICADOR,ID_ENFOQUE,ID_MEDMIT,ID_PARAMETRO,VALOR,FLAG_ESTADO) values ('372','5','1','12','4','34184','1');
Insert into MRVMM.T_MAEM_INDICADOR_DATA (ID_INICIATIVA,ID_INDICADOR,ID_ENFOQUE,ID_MEDMIT,ID_PARAMETRO,VALOR,FLAG_ESTADO) values ('372','5','1','12','12','1','1');
Insert into MRVMM.T_MAEM_INDICADOR_DATA (ID_INICIATIVA,ID_INDICADOR,ID_ENFOQUE,ID_MEDMIT,ID_PARAMETRO,VALOR,FLAG_ESTADO) values ('372','5','1','12','13','0.25','1');
Insert into MRVMM.T_MAEM_INDICADOR_DATA (ID_INICIATIVA,ID_INDICADOR,ID_ENFOQUE,ID_MEDMIT,ID_PARAMETRO,VALOR,FLAG_ESTADO) values ('372','5','1','12','5','BCD-623','1');
Insert into MRVMM.T_MAEM_INDICADOR_DATA (ID_INICIATIVA,ID_INDICADOR,ID_ENFOQUE,ID_MEDMIT,ID_PARAMETRO,VALOR,FLAG_ESTADO) values ('372','5','1','12','9','6.12','1');
Insert into MRVMM.T_MAEM_INDICADOR_DATA (ID_INICIATIVA,ID_INDICADOR,ID_ENFOQUE,ID_MEDMIT,ID_PARAMETRO,VALOR,FLAG_ESTADO) values ('372','5','1','12','10','1.45','1');
Insert into MRVMM.T_MAEM_INDICADOR_DATA (ID_INICIATIVA,ID_INDICADOR,ID_ENFOQUE,ID_MEDMIT,ID_PARAMETRO,VALOR,FLAG_ESTADO) values ('372','5','1','12','11','4.67','1');
Insert into MRVMM.T_MAEM_INDICADOR_DATA (ID_INICIATIVA,ID_INDICADOR,ID_ENFOQUE,ID_MEDMIT,ID_PARAMETRO,VALOR,FLAG_ESTADO) values ('372','6','1','12','6','2019','1');
Insert into MRVMM.T_MAEM_INDICADOR_DATA (ID_INICIATIVA,ID_INDICADOR,ID_ENFOQUE,ID_MEDMIT,ID_PARAMETRO,VALOR,FLAG_ESTADO) values ('372','6','1','12','1','1','1');
Insert into MRVMM.T_MAEM_INDICADOR_DATA (ID_INICIATIVA,ID_INDICADOR,ID_ENFOQUE,ID_MEDMIT,ID_PARAMETRO,VALOR,FLAG_ESTADO) values ('372','6','1','12','3','3','1');
Insert into MRVMM.T_MAEM_INDICADOR_DATA (ID_INICIATIVA,ID_INDICADOR,ID_ENFOQUE,ID_MEDMIT,ID_PARAMETRO,VALOR,FLAG_ESTADO) values ('372','6','1','12','4','6761','1');
Insert into MRVMM.T_MAEM_INDICADOR_DATA (ID_INICIATIVA,ID_INDICADOR,ID_ENFOQUE,ID_MEDMIT,ID_PARAMETRO,VALOR,FLAG_ESTADO) values ('372','6','1','12','12','1','1');
Insert into MRVMM.T_MAEM_INDICADOR_DATA (ID_INICIATIVA,ID_INDICADOR,ID_ENFOQUE,ID_MEDMIT,ID_PARAMETRO,VALOR,FLAG_ESTADO) values ('372','6','1','12','13','0.17','1');
Insert into MRVMM.T_MAEM_INDICADOR_DATA (ID_INICIATIVA,ID_INDICADOR,ID_ENFOQUE,ID_MEDMIT,ID_PARAMETRO,VALOR,FLAG_ESTADO) values ('372','6','1','12','5','BKH-349','1');
Insert into MRVMM.T_MAEM_INDICADOR_DATA (ID_INICIATIVA,ID_INDICADOR,ID_ENFOQUE,ID_MEDMIT,ID_PARAMETRO,VALOR,FLAG_ESTADO) values ('372','6','1','12','9','1.21','1');
Insert into MRVMM.T_MAEM_INDICADOR_DATA (ID_INICIATIVA,ID_INDICADOR,ID_ENFOQUE,ID_MEDMIT,ID_PARAMETRO,VALOR,FLAG_ESTADO) values ('372','6','1','12','10','0.19','1');
Insert into MRVMM.T_MAEM_INDICADOR_DATA (ID_INICIATIVA,ID_INDICADOR,ID_ENFOQUE,ID_MEDMIT,ID_PARAMETRO,VALOR,FLAG_ESTADO) values ('372','6','1','12','11','1.02','1');
Insert into MRVMM.T_MAEM_INDICADOR_DATA (ID_INICIATIVA,ID_INDICADOR,ID_ENFOQUE,ID_MEDMIT,ID_PARAMETRO,VALOR,FLAG_ESTADO) values ('372','7','1','12','6','2019','1');
Insert into MRVMM.T_MAEM_INDICADOR_DATA (ID_INICIATIVA,ID_INDICADOR,ID_ENFOQUE,ID_MEDMIT,ID_PARAMETRO,VALOR,FLAG_ESTADO) values ('372','7','1','12','1','3','1');
Insert into MRVMM.T_MAEM_INDICADOR_DATA (ID_INICIATIVA,ID_INDICADOR,ID_ENFOQUE,ID_MEDMIT,ID_PARAMETRO,VALOR,FLAG_ESTADO) values ('372','7','1','12','3','4','1');
Insert into MRVMM.T_MAEM_INDICADOR_DATA (ID_INICIATIVA,ID_INDICADOR,ID_ENFOQUE,ID_MEDMIT,ID_PARAMETRO,VALOR,FLAG_ESTADO) values ('372','7','1','12','4','21799','1');
Insert into MRVMM.T_MAEM_INDICADOR_DATA (ID_INICIATIVA,ID_INDICADOR,ID_ENFOQUE,ID_MEDMIT,ID_PARAMETRO,VALOR,FLAG_ESTADO) values ('372','7','1','12','13','0.82','1');
Insert into MRVMM.T_MAEM_INDICADOR_DATA (ID_INICIATIVA,ID_INDICADOR,ID_ENFOQUE,ID_MEDMIT,ID_PARAMETRO,VALOR,FLAG_ESTADO) values ('372','7','1','12','5',' F2V-960','1');
Insert into MRVMM.T_MAEM_INDICADOR_DATA (ID_INICIATIVA,ID_INDICADOR,ID_ENFOQUE,ID_MEDMIT,ID_PARAMETRO,VALOR,FLAG_ESTADO) values ('372','7','1','12','9','20.96','1');
Insert into MRVMM.T_MAEM_INDICADOR_DATA (ID_INICIATIVA,ID_INDICADOR,ID_ENFOQUE,ID_MEDMIT,ID_PARAMETRO,VALOR,FLAG_ESTADO) values ('372','7','1','12','10','3.04','1');
Insert into MRVMM.T_MAEM_INDICADOR_DATA (ID_INICIATIVA,ID_INDICADOR,ID_ENFOQUE,ID_MEDMIT,ID_PARAMETRO,VALOR,FLAG_ESTADO) values ('372','7','1','12','11','17.92','1');
Insert into MRVMM.T_MAEM_INDICADOR_DATA (ID_INICIATIVA,ID_INDICADOR,ID_ENFOQUE,ID_MEDMIT,ID_PARAMETRO,VALOR,FLAG_ESTADO) values ('449','1','1','12','1','1','1');
Insert into MRVMM.T_MAEM_INDICADOR_DATA (ID_INICIATIVA,ID_INDICADOR,ID_ENFOQUE,ID_MEDMIT,ID_PARAMETRO,VALOR,FLAG_ESTADO) values ('449','1','1','12','3','3','1');
Insert into MRVMM.T_MAEM_INDICADOR_DATA (ID_INICIATIVA,ID_INDICADOR,ID_ENFOQUE,ID_MEDMIT,ID_PARAMETRO,VALOR,FLAG_ESTADO) values ('449','1','1','12','4','34184','1');
Insert into MRVMM.T_MAEM_INDICADOR_DATA (ID_INICIATIVA,ID_INDICADOR,ID_ENFOQUE,ID_MEDMIT,ID_PARAMETRO,VALOR,FLAG_ESTADO) values ('449','1','1','12','12','1','1');
Insert into MRVMM.T_MAEM_INDICADOR_DATA (ID_INICIATIVA,ID_INDICADOR,ID_ENFOQUE,ID_MEDMIT,ID_PARAMETRO,VALOR,FLAG_ESTADO) values ('449','1','1','12','13','0.25','1');
Insert into MRVMM.T_MAEM_INDICADOR_DATA (ID_INICIATIVA,ID_INDICADOR,ID_ENFOQUE,ID_MEDMIT,ID_PARAMETRO,VALOR,FLAG_ESTADO) values ('449','1','1','12','5','BCD-623','1');
Insert into MRVMM.T_MAEM_INDICADOR_DATA (ID_INICIATIVA,ID_INDICADOR,ID_ENFOQUE,ID_MEDMIT,ID_PARAMETRO,VALOR,FLAG_ESTADO) values ('449','1','1','12','9','6.12','1');
Insert into MRVMM.T_MAEM_INDICADOR_DATA (ID_INICIATIVA,ID_INDICADOR,ID_ENFOQUE,ID_MEDMIT,ID_PARAMETRO,VALOR,FLAG_ESTADO) values ('449','1','1','12','10','1.45','1');
Insert into MRVMM.T_MAEM_INDICADOR_DATA (ID_INICIATIVA,ID_INDICADOR,ID_ENFOQUE,ID_MEDMIT,ID_PARAMETRO,VALOR,FLAG_ESTADO) values ('449','1','1','12','11','4.67','1');
Insert into MRVMM.T_MAEM_INDICADOR_DATA (ID_INICIATIVA,ID_INDICADOR,ID_ENFOQUE,ID_MEDMIT,ID_PARAMETRO,VALOR,FLAG_ESTADO) values ('449','2','1','12','6','2019','1');
Insert into MRVMM.T_MAEM_INDICADOR_DATA (ID_INICIATIVA,ID_INDICADOR,ID_ENFOQUE,ID_MEDMIT,ID_PARAMETRO,VALOR,FLAG_ESTADO) values ('449','2','1','12','1','3','1');
Insert into MRVMM.T_MAEM_INDICADOR_DATA (ID_INICIATIVA,ID_INDICADOR,ID_ENFOQUE,ID_MEDMIT,ID_PARAMETRO,VALOR,FLAG_ESTADO) values ('449','2','1','12','3','4','1');
Insert into MRVMM.T_MAEM_INDICADOR_DATA (ID_INICIATIVA,ID_INDICADOR,ID_ENFOQUE,ID_MEDMIT,ID_PARAMETRO,VALOR,FLAG_ESTADO) values ('449','2','1','12','4','21799','1');
Insert into MRVMM.T_MAEM_INDICADOR_DATA (ID_INICIATIVA,ID_INDICADOR,ID_ENFOQUE,ID_MEDMIT,ID_PARAMETRO,VALOR,FLAG_ESTADO) values ('449','2','1','12','12','1','1');
Insert into MRVMM.T_MAEM_INDICADOR_DATA (ID_INICIATIVA,ID_INDICADOR,ID_ENFOQUE,ID_MEDMIT,ID_PARAMETRO,VALOR,FLAG_ESTADO) values ('449','2','1','12','13','0.82','1');
Insert into MRVMM.T_MAEM_INDICADOR_DATA (ID_INICIATIVA,ID_INDICADOR,ID_ENFOQUE,ID_MEDMIT,ID_PARAMETRO,VALOR,FLAG_ESTADO) values ('449','2','1','12','5','F2V-960','1');
Insert into MRVMM.T_MAEM_INDICADOR_DATA (ID_INICIATIVA,ID_INDICADOR,ID_ENFOQUE,ID_MEDMIT,ID_PARAMETRO,VALOR,FLAG_ESTADO) values ('449','2','1','12','9','20.96','1');
Insert into MRVMM.T_MAEM_INDICADOR_DATA (ID_INICIATIVA,ID_INDICADOR,ID_ENFOQUE,ID_MEDMIT,ID_PARAMETRO,VALOR,FLAG_ESTADO) values ('449','2','1','12','10','3.03','1');
Insert into MRVMM.T_MAEM_INDICADOR_DATA (ID_INICIATIVA,ID_INDICADOR,ID_ENFOQUE,ID_MEDMIT,ID_PARAMETRO,VALOR,FLAG_ESTADO) values ('449','2','1','12','11','17.93','1');
Insert into MRVMM.T_MAEM_INDICADOR_DATA (ID_INICIATIVA,ID_INDICADOR,ID_ENFOQUE,ID_MEDMIT,ID_PARAMETRO,VALOR,FLAG_ESTADO) values ('449','3','1','12','6','2019','1');
Insert into MRVMM.T_MAEM_INDICADOR_DATA (ID_INICIATIVA,ID_INDICADOR,ID_ENFOQUE,ID_MEDMIT,ID_PARAMETRO,VALOR,FLAG_ESTADO) values ('449','3','1','12','1','1','1');
Insert into MRVMM.T_MAEM_INDICADOR_DATA (ID_INICIATIVA,ID_INDICADOR,ID_ENFOQUE,ID_MEDMIT,ID_PARAMETRO,VALOR,FLAG_ESTADO) values ('449','3','1','12','3','3','1');
Insert into MRVMM.T_MAEM_INDICADOR_DATA (ID_INICIATIVA,ID_INDICADOR,ID_ENFOQUE,ID_MEDMIT,ID_PARAMETRO,VALOR,FLAG_ESTADO) values ('449','3','1','12','4','34184','1');
Insert into MRVMM.T_MAEM_INDICADOR_DATA (ID_INICIATIVA,ID_INDICADOR,ID_ENFOQUE,ID_MEDMIT,ID_PARAMETRO,VALOR,FLAG_ESTADO) values ('449','3','1','12','12','1','1');
Insert into MRVMM.T_MAEM_INDICADOR_DATA (ID_INICIATIVA,ID_INDICADOR,ID_ENFOQUE,ID_MEDMIT,ID_PARAMETRO,VALOR,FLAG_ESTADO) values ('449','3','1','12','13','0.25','1');
Insert into MRVMM.T_MAEM_INDICADOR_DATA (ID_INICIATIVA,ID_INDICADOR,ID_ENFOQUE,ID_MEDMIT,ID_PARAMETRO,VALOR,FLAG_ESTADO) values ('449','3','1','12','5','BCD-623','1');
Insert into MRVMM.T_MAEM_INDICADOR_DATA (ID_INICIATIVA,ID_INDICADOR,ID_ENFOQUE,ID_MEDMIT,ID_PARAMETRO,VALOR,FLAG_ESTADO) values ('449','3','1','12','9','6.12','1');
Insert into MRVMM.T_MAEM_INDICADOR_DATA (ID_INICIATIVA,ID_INDICADOR,ID_ENFOQUE,ID_MEDMIT,ID_PARAMETRO,VALOR,FLAG_ESTADO) values ('449','3','1','12','10','1.45','1');
Insert into MRVMM.T_MAEM_INDICADOR_DATA (ID_INICIATIVA,ID_INDICADOR,ID_ENFOQUE,ID_MEDMIT,ID_PARAMETRO,VALOR,FLAG_ESTADO) values ('449','3','1','12','11','4.67','1');
Insert into MRVMM.T_MAEM_INDICADOR_DATA (ID_INICIATIVA,ID_INDICADOR,ID_ENFOQUE,ID_MEDMIT,ID_PARAMETRO,VALOR,FLAG_ESTADO) values ('449','4','1','12','6','2019','1');
Insert into MRVMM.T_MAEM_INDICADOR_DATA (ID_INICIATIVA,ID_INDICADOR,ID_ENFOQUE,ID_MEDMIT,ID_PARAMETRO,VALOR,FLAG_ESTADO) values ('449','4','1','12','1','3','1');
Insert into MRVMM.T_MAEM_INDICADOR_DATA (ID_INICIATIVA,ID_INDICADOR,ID_ENFOQUE,ID_MEDMIT,ID_PARAMETRO,VALOR,FLAG_ESTADO) values ('449','4','1','12','3','4','1');
Insert into MRVMM.T_MAEM_INDICADOR_DATA (ID_INICIATIVA,ID_INDICADOR,ID_ENFOQUE,ID_MEDMIT,ID_PARAMETRO,VALOR,FLAG_ESTADO) values ('449','4','1','12','4','21799','1');
Insert into MRVMM.T_MAEM_INDICADOR_DATA (ID_INICIATIVA,ID_INDICADOR,ID_ENFOQUE,ID_MEDMIT,ID_PARAMETRO,VALOR,FLAG_ESTADO) values ('449','4','1','12','12','1','1');
Insert into MRVMM.T_MAEM_INDICADOR_DATA (ID_INICIATIVA,ID_INDICADOR,ID_ENFOQUE,ID_MEDMIT,ID_PARAMETRO,VALOR,FLAG_ESTADO) values ('449','4','1','12','13','0.82','1');
Insert into MRVMM.T_MAEM_INDICADOR_DATA (ID_INICIATIVA,ID_INDICADOR,ID_ENFOQUE,ID_MEDMIT,ID_PARAMETRO,VALOR,FLAG_ESTADO) values ('449','4','1','12','5','F2V-960','1');
Insert into MRVMM.T_MAEM_INDICADOR_DATA (ID_INICIATIVA,ID_INDICADOR,ID_ENFOQUE,ID_MEDMIT,ID_PARAMETRO,VALOR,FLAG_ESTADO) values ('449','4','1','12','9','20.96','1');
Insert into MRVMM.T_MAEM_INDICADOR_DATA (ID_INICIATIVA,ID_INDICADOR,ID_ENFOQUE,ID_MEDMIT,ID_PARAMETRO,VALOR,FLAG_ESTADO) values ('449','4','1','12','10','3.03','1');
Insert into MRVMM.T_MAEM_INDICADOR_DATA (ID_INICIATIVA,ID_INDICADOR,ID_ENFOQUE,ID_MEDMIT,ID_PARAMETRO,VALOR,FLAG_ESTADO) values ('449','4','1','12','11','17.93','1');
Insert into MRVMM.T_MAEM_INDICADOR_DATA (ID_INICIATIVA,ID_INDICADOR,ID_ENFOQUE,ID_MEDMIT,ID_PARAMETRO,VALOR,FLAG_ESTADO) values ('438','1','1','12','6','2019','1');
Insert into MRVMM.T_MAEM_INDICADOR_DATA (ID_INICIATIVA,ID_INDICADOR,ID_ENFOQUE,ID_MEDMIT,ID_PARAMETRO,VALOR,FLAG_ESTADO) values ('438','1','1','12','1','1','1');
Insert into MRVMM.T_MAEM_INDICADOR_DATA (ID_INICIATIVA,ID_INDICADOR,ID_ENFOQUE,ID_MEDMIT,ID_PARAMETRO,VALOR,FLAG_ESTADO) values ('438','1','1','12','3','3','1');
Insert into MRVMM.T_MAEM_INDICADOR_DATA (ID_INICIATIVA,ID_INDICADOR,ID_ENFOQUE,ID_MEDMIT,ID_PARAMETRO,VALOR,FLAG_ESTADO) values ('438','1','1','12','4','34184','1');
Insert into MRVMM.T_MAEM_INDICADOR_DATA (ID_INICIATIVA,ID_INDICADOR,ID_ENFOQUE,ID_MEDMIT,ID_PARAMETRO,VALOR,FLAG_ESTADO) values ('438','1','1','12','12','1','1');
Insert into MRVMM.T_MAEM_INDICADOR_DATA (ID_INICIATIVA,ID_INDICADOR,ID_ENFOQUE,ID_MEDMIT,ID_PARAMETRO,VALOR,FLAG_ESTADO) values ('438','1','1','12','13','0.25','1');
Insert into MRVMM.T_MAEM_INDICADOR_DATA (ID_INICIATIVA,ID_INDICADOR,ID_ENFOQUE,ID_MEDMIT,ID_PARAMETRO,VALOR,FLAG_ESTADO) values ('438','1','1','12','5','BCD-623','1');
Insert into MRVMM.T_MAEM_INDICADOR_DATA (ID_INICIATIVA,ID_INDICADOR,ID_ENFOQUE,ID_MEDMIT,ID_PARAMETRO,VALOR,FLAG_ESTADO) values ('438','1','1','12','9','6.12','1');
Insert into MRVMM.T_MAEM_INDICADOR_DATA (ID_INICIATIVA,ID_INDICADOR,ID_ENFOQUE,ID_MEDMIT,ID_PARAMETRO,VALOR,FLAG_ESTADO) values ('438','1','1','12','10','1.45','1');
Insert into MRVMM.T_MAEM_INDICADOR_DATA (ID_INICIATIVA,ID_INDICADOR,ID_ENFOQUE,ID_MEDMIT,ID_PARAMETRO,VALOR,FLAG_ESTADO) values ('438','1','1','12','11','4.67','1');
Insert into MRVMM.T_MAEM_INDICADOR_DATA (ID_INICIATIVA,ID_INDICADOR,ID_ENFOQUE,ID_MEDMIT,ID_PARAMETRO,VALOR,FLAG_ESTADO) values ('450','1','1','12','6','2019','1');
Insert into MRVMM.T_MAEM_INDICADOR_DATA (ID_INICIATIVA,ID_INDICADOR,ID_ENFOQUE,ID_MEDMIT,ID_PARAMETRO,VALOR,FLAG_ESTADO) values ('450','1','1','12','1','1','1');
Insert into MRVMM.T_MAEM_INDICADOR_DATA (ID_INICIATIVA,ID_INDICADOR,ID_ENFOQUE,ID_MEDMIT,ID_PARAMETRO,VALOR,FLAG_ESTADO) values ('450','1','1','12','3','3','1');
Insert into MRVMM.T_MAEM_INDICADOR_DATA (ID_INICIATIVA,ID_INDICADOR,ID_ENFOQUE,ID_MEDMIT,ID_PARAMETRO,VALOR,FLAG_ESTADO) values ('450','1','1','12','4','34184','1');
Insert into MRVMM.T_MAEM_INDICADOR_DATA (ID_INICIATIVA,ID_INDICADOR,ID_ENFOQUE,ID_MEDMIT,ID_PARAMETRO,VALOR,FLAG_ESTADO) values ('450','1','1','12','12','1','1');
Insert into MRVMM.T_MAEM_INDICADOR_DATA (ID_INICIATIVA,ID_INDICADOR,ID_ENFOQUE,ID_MEDMIT,ID_PARAMETRO,VALOR,FLAG_ESTADO) values ('450','1','1','12','13','0.25','1');
Insert into MRVMM.T_MAEM_INDICADOR_DATA (ID_INICIATIVA,ID_INDICADOR,ID_ENFOQUE,ID_MEDMIT,ID_PARAMETRO,VALOR,FLAG_ESTADO) values ('450','1','1','12','5','BCJ-345','1');
Insert into MRVMM.T_MAEM_INDICADOR_DATA (ID_INICIATIVA,ID_INDICADOR,ID_ENFOQUE,ID_MEDMIT,ID_PARAMETRO,VALOR,FLAG_ESTADO) values ('450','1','1','12','9','6.12','1');
Insert into MRVMM.T_MAEM_INDICADOR_DATA (ID_INICIATIVA,ID_INDICADOR,ID_ENFOQUE,ID_MEDMIT,ID_PARAMETRO,VALOR,FLAG_ESTADO) values ('450','1','1','12','10','1.45','1');
Insert into MRVMM.T_MAEM_INDICADOR_DATA (ID_INICIATIVA,ID_INDICADOR,ID_ENFOQUE,ID_MEDMIT,ID_PARAMETRO,VALOR,FLAG_ESTADO) values ('450','1','1','12','11','4.67','1');
Insert into MRVMM.T_MAEM_INDICADOR_DATA (ID_INICIATIVA,ID_INDICADOR,ID_ENFOQUE,ID_MEDMIT,ID_PARAMETRO,VALOR,FLAG_ESTADO) values ('450','2','1','12','6','2019','1');
Insert into MRVMM.T_MAEM_INDICADOR_DATA (ID_INICIATIVA,ID_INDICADOR,ID_ENFOQUE,ID_MEDMIT,ID_PARAMETRO,VALOR,FLAG_ESTADO) values ('450','2','1','12','1','3','1');
Insert into MRVMM.T_MAEM_INDICADOR_DATA (ID_INICIATIVA,ID_INDICADOR,ID_ENFOQUE,ID_MEDMIT,ID_PARAMETRO,VALOR,FLAG_ESTADO) values ('450','2','1','12','3','4','1');
Insert into MRVMM.T_MAEM_INDICADOR_DATA (ID_INICIATIVA,ID_INDICADOR,ID_ENFOQUE,ID_MEDMIT,ID_PARAMETRO,VALOR,FLAG_ESTADO) values ('450','2','1','12','4','21799','1');
Insert into MRVMM.T_MAEM_INDICADOR_DATA (ID_INICIATIVA,ID_INDICADOR,ID_ENFOQUE,ID_MEDMIT,ID_PARAMETRO,VALOR,FLAG_ESTADO) values ('450','2','1','12','12','1','1');
Insert into MRVMM.T_MAEM_INDICADOR_DATA (ID_INICIATIVA,ID_INDICADOR,ID_ENFOQUE,ID_MEDMIT,ID_PARAMETRO,VALOR,FLAG_ESTADO) values ('450','2','1','12','13','0.82','1');
Insert into MRVMM.T_MAEM_INDICADOR_DATA (ID_INICIATIVA,ID_INDICADOR,ID_ENFOQUE,ID_MEDMIT,ID_PARAMETRO,VALOR,FLAG_ESTADO) values ('450','2','1','12','5','F2V-960','1');
Insert into MRVMM.T_MAEM_INDICADOR_DATA (ID_INICIATIVA,ID_INDICADOR,ID_ENFOQUE,ID_MEDMIT,ID_PARAMETRO,VALOR,FLAG_ESTADO) values ('450','2','1','12','9','20.96','1');
Insert into MRVMM.T_MAEM_INDICADOR_DATA (ID_INICIATIVA,ID_INDICADOR,ID_ENFOQUE,ID_MEDMIT,ID_PARAMETRO,VALOR,FLAG_ESTADO) values ('450','2','1','12','10','3.03','1');
Insert into MRVMM.T_MAEM_INDICADOR_DATA (ID_INICIATIVA,ID_INDICADOR,ID_ENFOQUE,ID_MEDMIT,ID_PARAMETRO,VALOR,FLAG_ESTADO) values ('450','2','1','12','11','17.93','1');
Insert into MRVMM.T_MAEM_INDICADOR_DATA (ID_INICIATIVA,ID_INDICADOR,ID_ENFOQUE,ID_MEDMIT,ID_PARAMETRO,VALOR,FLAG_ESTADO) values ('463','1','1','12','6','2019','1');
Insert into MRVMM.T_MAEM_INDICADOR_DATA (ID_INICIATIVA,ID_INDICADOR,ID_ENFOQUE,ID_MEDMIT,ID_PARAMETRO,VALOR,FLAG_ESTADO) values ('463','1','1','12','3','2','1');
Insert into MRVMM.T_MAEM_INDICADOR_DATA (ID_INICIATIVA,ID_INDICADOR,ID_ENFOQUE,ID_MEDMIT,ID_PARAMETRO,VALOR,FLAG_ESTADO) values ('463','1','1','12','4','123444','1');
Insert into MRVMM.T_MAEM_INDICADOR_DATA (ID_INICIATIVA,ID_INDICADOR,ID_ENFOQUE,ID_MEDMIT,ID_PARAMETRO,VALOR,FLAG_ESTADO) values ('463','1','1','12','12','1','1');
Insert into MRVMM.T_MAEM_INDICADOR_DATA (ID_INICIATIVA,ID_INDICADOR,ID_ENFOQUE,ID_MEDMIT,ID_PARAMETRO,VALOR,FLAG_ESTADO) values ('463','1','1','12','13','1','1');
Insert into MRVMM.T_MAEM_INDICADOR_DATA (ID_INICIATIVA,ID_INDICADOR,ID_ENFOQUE,ID_MEDMIT,ID_PARAMETRO,VALOR,FLAG_ESTADO) values ('463','1','1','12','5','SDF-145','1');
Insert into MRVMM.T_MAEM_INDICADOR_DATA (ID_INICIATIVA,ID_INDICADOR,ID_ENFOQUE,ID_MEDMIT,ID_PARAMETRO,VALOR,FLAG_ESTADO) values ('463','1','1','12','9','21.57','1');
Insert into MRVMM.T_MAEM_INDICADOR_DATA (ID_INICIATIVA,ID_INDICADOR,ID_ENFOQUE,ID_MEDMIT,ID_PARAMETRO,VALOR,FLAG_ESTADO) values ('463','1','1','12','10','20.91','1');
Insert into MRVMM.T_MAEM_INDICADOR_DATA (ID_INICIATIVA,ID_INDICADOR,ID_ENFOQUE,ID_MEDMIT,ID_PARAMETRO,VALOR,FLAG_ESTADO) values ('463','1','1','12','11','0.65','1');
Insert into MRVMM.T_MAEM_INDICADOR_DATA (ID_INICIATIVA,ID_INDICADOR,ID_ENFOQUE,ID_MEDMIT,ID_PARAMETRO,VALOR,FLAG_ESTADO) values ('463','2','1','12','6','2018','1');
Insert into MRVMM.T_MAEM_INDICADOR_DATA (ID_INICIATIVA,ID_INDICADOR,ID_ENFOQUE,ID_MEDMIT,ID_PARAMETRO,VALOR,FLAG_ESTADO) values ('463','2','1','12','1','2','1');
Insert into MRVMM.T_MAEM_INDICADOR_DATA (ID_INICIATIVA,ID_INDICADOR,ID_ENFOQUE,ID_MEDMIT,ID_PARAMETRO,VALOR,FLAG_ESTADO) values ('463','2','1','12','3','1','1');
Insert into MRVMM.T_MAEM_INDICADOR_DATA (ID_INICIATIVA,ID_INDICADOR,ID_ENFOQUE,ID_MEDMIT,ID_PARAMETRO,VALOR,FLAG_ESTADO) values ('463','2','1','12','4','123456','1');
Insert into MRVMM.T_MAEM_INDICADOR_DATA (ID_INICIATIVA,ID_INDICADOR,ID_ENFOQUE,ID_MEDMIT,ID_PARAMETRO,VALOR,FLAG_ESTADO) values ('463','2','1','12','12','1','1');
Insert into MRVMM.T_MAEM_INDICADOR_DATA (ID_INICIATIVA,ID_INDICADOR,ID_ENFOQUE,ID_MEDMIT,ID_PARAMETRO,VALOR,FLAG_ESTADO) values ('463','2','1','12','13','2','1');
Insert into MRVMM.T_MAEM_INDICADOR_DATA (ID_INICIATIVA,ID_INDICADOR,ID_ENFOQUE,ID_MEDMIT,ID_PARAMETRO,VALOR,FLAG_ESTADO) values ('463','2','1','12','5','DEF-888','1');
Insert into MRVMM.T_MAEM_INDICADOR_DATA (ID_INICIATIVA,ID_INDICADOR,ID_ENFOQUE,ID_MEDMIT,ID_PARAMETRO,VALOR,FLAG_ESTADO) values ('463','2','1','12','9','95.53','1');
Insert into MRVMM.T_MAEM_INDICADOR_DATA (ID_INICIATIVA,ID_INDICADOR,ID_ENFOQUE,ID_MEDMIT,ID_PARAMETRO,VALOR,FLAG_ESTADO) values ('463','2','1','12','10','41.83','1');
Insert into MRVMM.T_MAEM_INDICADOR_DATA (ID_INICIATIVA,ID_INDICADOR,ID_ENFOQUE,ID_MEDMIT,ID_PARAMETRO,VALOR,FLAG_ESTADO) values ('463','2','1','12','11','53.7','1');
Insert into MRVMM.T_MAEM_INDICADOR_DATA (ID_INICIATIVA,ID_INDICADOR,ID_ENFOQUE,ID_MEDMIT,ID_PARAMETRO,VALOR,FLAG_ESTADO) values ('443','1','1','12','6','2019','1');
Insert into MRVMM.T_MAEM_INDICADOR_DATA (ID_INICIATIVA,ID_INDICADOR,ID_ENFOQUE,ID_MEDMIT,ID_PARAMETRO,VALOR,FLAG_ESTADO) values ('443','1','1','12','1','1','1');
Insert into MRVMM.T_MAEM_INDICADOR_DATA (ID_INICIATIVA,ID_INDICADOR,ID_ENFOQUE,ID_MEDMIT,ID_PARAMETRO,VALOR,FLAG_ESTADO) values ('443','1','1','12','3','3','1');
Insert into MRVMM.T_MAEM_INDICADOR_DATA (ID_INICIATIVA,ID_INDICADOR,ID_ENFOQUE,ID_MEDMIT,ID_PARAMETRO,VALOR,FLAG_ESTADO) values ('443','1','1','12','4','34184','1');
Insert into MRVMM.T_MAEM_INDICADOR_DATA (ID_INICIATIVA,ID_INDICADOR,ID_ENFOQUE,ID_MEDMIT,ID_PARAMETRO,VALOR,FLAG_ESTADO) values ('443','1','1','12','12','1','1');
Insert into MRVMM.T_MAEM_INDICADOR_DATA (ID_INICIATIVA,ID_INDICADOR,ID_ENFOQUE,ID_MEDMIT,ID_PARAMETRO,VALOR,FLAG_ESTADO) values ('443','1','1','12','13','0.25','1');
Insert into MRVMM.T_MAEM_INDICADOR_DATA (ID_INICIATIVA,ID_INDICADOR,ID_ENFOQUE,ID_MEDMIT,ID_PARAMETRO,VALOR,FLAG_ESTADO) values ('443','1','1','12','5','BCD-768','1');
Insert into MRVMM.T_MAEM_INDICADOR_DATA (ID_INICIATIVA,ID_INDICADOR,ID_ENFOQUE,ID_MEDMIT,ID_PARAMETRO,VALOR,FLAG_ESTADO) values ('443','1','1','12','9','6.12','1');
Insert into MRVMM.T_MAEM_INDICADOR_DATA (ID_INICIATIVA,ID_INDICADOR,ID_ENFOQUE,ID_MEDMIT,ID_PARAMETRO,VALOR,FLAG_ESTADO) values ('462','2','1','12','3','3','1');
Insert into MRVMM.T_MAEM_INDICADOR_DATA (ID_INICIATIVA,ID_INDICADOR,ID_ENFOQUE,ID_MEDMIT,ID_PARAMETRO,VALOR,FLAG_ESTADO) values ('462','3','1','12','12','1','1');
Insert into MRVMM.T_MAEM_INDICADOR_DATA (ID_INICIATIVA,ID_INDICADOR,ID_ENFOQUE,ID_MEDMIT,ID_PARAMETRO,VALOR,FLAG_ESTADO) values ('429','1','1','12','6','2019','1');
Insert into MRVMM.T_MAEM_INDICADOR_DATA (ID_INICIATIVA,ID_INDICADOR,ID_ENFOQUE,ID_MEDMIT,ID_PARAMETRO,VALOR,FLAG_ESTADO) values ('429','1','1','12','1','1','1');
Insert into MRVMM.T_MAEM_INDICADOR_DATA (ID_INICIATIVA,ID_INDICADOR,ID_ENFOQUE,ID_MEDMIT,ID_PARAMETRO,VALOR,FLAG_ESTADO) values ('429','1','1','12','3','3','1');
Insert into MRVMM.T_MAEM_INDICADOR_DATA (ID_INICIATIVA,ID_INDICADOR,ID_ENFOQUE,ID_MEDMIT,ID_PARAMETRO,VALOR,FLAG_ESTADO) values ('429','1','1','12','4','34184','1');
Insert into MRVMM.T_MAEM_INDICADOR_DATA (ID_INICIATIVA,ID_INDICADOR,ID_ENFOQUE,ID_MEDMIT,ID_PARAMETRO,VALOR,FLAG_ESTADO) values ('429','1','1','12','12','1','1');
Insert into MRVMM.T_MAEM_INDICADOR_DATA (ID_INICIATIVA,ID_INDICADOR,ID_ENFOQUE,ID_MEDMIT,ID_PARAMETRO,VALOR,FLAG_ESTADO) values ('429','1','1','12','13','0.25','1');
Insert into MRVMM.T_MAEM_INDICADOR_DATA (ID_INICIATIVA,ID_INDICADOR,ID_ENFOQUE,ID_MEDMIT,ID_PARAMETRO,VALOR,FLAG_ESTADO) values ('429','1','1','12','5','BCD-623','1');
Insert into MRVMM.T_MAEM_INDICADOR_DATA (ID_INICIATIVA,ID_INDICADOR,ID_ENFOQUE,ID_MEDMIT,ID_PARAMETRO,VALOR,FLAG_ESTADO) values ('429','1','1','12','9','6.12','1');
Insert into MRVMM.T_MAEM_INDICADOR_DATA (ID_INICIATIVA,ID_INDICADOR,ID_ENFOQUE,ID_MEDMIT,ID_PARAMETRO,VALOR,FLAG_ESTADO) values ('429','1','1','12','10','1.45','1');
Insert into MRVMM.T_MAEM_INDICADOR_DATA (ID_INICIATIVA,ID_INDICADOR,ID_ENFOQUE,ID_MEDMIT,ID_PARAMETRO,VALOR,FLAG_ESTADO) values ('429','1','1','12','11','4.67','1');
Insert into MRVMM.T_MAEM_INDICADOR_DATA (ID_INICIATIVA,ID_INDICADOR,ID_ENFOQUE,ID_MEDMIT,ID_PARAMETRO,VALOR,FLAG_ESTADO) values ('429','2','1','12','6','2019','1');
Insert into MRVMM.T_MAEM_INDICADOR_DATA (ID_INICIATIVA,ID_INDICADOR,ID_ENFOQUE,ID_MEDMIT,ID_PARAMETRO,VALOR,FLAG_ESTADO) values ('429','2','1','12','1','1','1');
Insert into MRVMM.T_MAEM_INDICADOR_DATA (ID_INICIATIVA,ID_INDICADOR,ID_ENFOQUE,ID_MEDMIT,ID_PARAMETRO,VALOR,FLAG_ESTADO) values ('429','2','1','12','3','3','1');
Insert into MRVMM.T_MAEM_INDICADOR_DATA (ID_INICIATIVA,ID_INDICADOR,ID_ENFOQUE,ID_MEDMIT,ID_PARAMETRO,VALOR,FLAG_ESTADO) values ('429','2','1','12','4','6761','1');
Insert into MRVMM.T_MAEM_INDICADOR_DATA (ID_INICIATIVA,ID_INDICADOR,ID_ENFOQUE,ID_MEDMIT,ID_PARAMETRO,VALOR,FLAG_ESTADO) values ('429','2','1','12','12','1','1');
Insert into MRVMM.T_MAEM_INDICADOR_DATA (ID_INICIATIVA,ID_INDICADOR,ID_ENFOQUE,ID_MEDMIT,ID_PARAMETRO,VALOR,FLAG_ESTADO) values ('429','2','1','12','13','0.17','1');
Insert into MRVMM.T_MAEM_INDICADOR_DATA (ID_INICIATIVA,ID_INDICADOR,ID_ENFOQUE,ID_MEDMIT,ID_PARAMETRO,VALOR,FLAG_ESTADO) values ('429','2','1','12','5','BKH-349','1');
Insert into MRVMM.T_MAEM_INDICADOR_DATA (ID_INICIATIVA,ID_INDICADOR,ID_ENFOQUE,ID_MEDMIT,ID_PARAMETRO,VALOR,FLAG_ESTADO) values ('429','2','1','12','9','1.21','1');
Insert into MRVMM.T_MAEM_INDICADOR_DATA (ID_INICIATIVA,ID_INDICADOR,ID_ENFOQUE,ID_MEDMIT,ID_PARAMETRO,VALOR,FLAG_ESTADO) values ('429','2','1','12','10','0.19','1');
Insert into MRVMM.T_MAEM_INDICADOR_DATA (ID_INICIATIVA,ID_INDICADOR,ID_ENFOQUE,ID_MEDMIT,ID_PARAMETRO,VALOR,FLAG_ESTADO) values ('429','2','1','12','11','1.02','1');
Insert into MRVMM.T_MAEM_INDICADOR_DATA (ID_INICIATIVA,ID_INDICADOR,ID_ENFOQUE,ID_MEDMIT,ID_PARAMETRO,VALOR,FLAG_ESTADO) values ('429','3','1','12','6','2019','1');
Insert into MRVMM.T_MAEM_INDICADOR_DATA (ID_INICIATIVA,ID_INDICADOR,ID_ENFOQUE,ID_MEDMIT,ID_PARAMETRO,VALOR,FLAG_ESTADO) values ('429','3','1','12','1','3','1');
Insert into MRVMM.T_MAEM_INDICADOR_DATA (ID_INICIATIVA,ID_INDICADOR,ID_ENFOQUE,ID_MEDMIT,ID_PARAMETRO,VALOR,FLAG_ESTADO) values ('429','3','1','12','3','4','1');
Insert into MRVMM.T_MAEM_INDICADOR_DATA (ID_INICIATIVA,ID_INDICADOR,ID_ENFOQUE,ID_MEDMIT,ID_PARAMETRO,VALOR,FLAG_ESTADO) values ('429','3','1','12','4','21799','1');
Insert into MRVMM.T_MAEM_INDICADOR_DATA (ID_INICIATIVA,ID_INDICADOR,ID_ENFOQUE,ID_MEDMIT,ID_PARAMETRO,VALOR,FLAG_ESTADO) values ('429','3','1','12','12','1','1');
Insert into MRVMM.T_MAEM_INDICADOR_DATA (ID_INICIATIVA,ID_INDICADOR,ID_ENFOQUE,ID_MEDMIT,ID_PARAMETRO,VALOR,FLAG_ESTADO) values ('429','3','1','12','13','0.82','1');
Insert into MRVMM.T_MAEM_INDICADOR_DATA (ID_INICIATIVA,ID_INDICADOR,ID_ENFOQUE,ID_MEDMIT,ID_PARAMETRO,VALOR,FLAG_ESTADO) values ('429','3','1','12','5',' F2V-960','1');
Insert into MRVMM.T_MAEM_INDICADOR_DATA (ID_INICIATIVA,ID_INDICADOR,ID_ENFOQUE,ID_MEDMIT,ID_PARAMETRO,VALOR,FLAG_ESTADO) values ('429','3','1','12','9','20.96','1');
Insert into MRVMM.T_MAEM_INDICADOR_DATA (ID_INICIATIVA,ID_INDICADOR,ID_ENFOQUE,ID_MEDMIT,ID_PARAMETRO,VALOR,FLAG_ESTADO) values ('429','3','1','12','10','3.04','1');
Insert into MRVMM.T_MAEM_INDICADOR_DATA (ID_INICIATIVA,ID_INDICADOR,ID_ENFOQUE,ID_MEDMIT,ID_PARAMETRO,VALOR,FLAG_ESTADO) values ('429','3','1','12','11','17.92','1');
Insert into MRVMM.T_MAEM_INDICADOR_DATA (ID_INICIATIVA,ID_INDICADOR,ID_ENFOQUE,ID_MEDMIT,ID_PARAMETRO,VALOR,FLAG_ESTADO) values ('429','4','1','12','6','2019','1');
Insert into MRVMM.T_MAEM_INDICADOR_DATA (ID_INICIATIVA,ID_INDICADOR,ID_ENFOQUE,ID_MEDMIT,ID_PARAMETRO,VALOR,FLAG_ESTADO) values ('429','4','1','12','1','1','1');
Insert into MRVMM.T_MAEM_INDICADOR_DATA (ID_INICIATIVA,ID_INDICADOR,ID_ENFOQUE,ID_MEDMIT,ID_PARAMETRO,VALOR,FLAG_ESTADO) values ('429','4','1','12','3','3','1');
Insert into MRVMM.T_MAEM_INDICADOR_DATA (ID_INICIATIVA,ID_INDICADOR,ID_ENFOQUE,ID_MEDMIT,ID_PARAMETRO,VALOR,FLAG_ESTADO) values ('429','4','1','12','4','10838','1');
Insert into MRVMM.T_MAEM_INDICADOR_DATA (ID_INICIATIVA,ID_INDICADOR,ID_ENFOQUE,ID_MEDMIT,ID_PARAMETRO,VALOR,FLAG_ESTADO) values ('429','4','1','12','12','1','1');
Insert into MRVMM.T_MAEM_INDICADOR_DATA (ID_INICIATIVA,ID_INDICADOR,ID_ENFOQUE,ID_MEDMIT,ID_PARAMETRO,VALOR,FLAG_ESTADO) values ('429','4','1','12','13','0.15','1');
Insert into MRVMM.T_MAEM_INDICADOR_DATA (ID_INICIATIVA,ID_INDICADOR,ID_ENFOQUE,ID_MEDMIT,ID_PARAMETRO,VALOR,FLAG_ESTADO) values ('429','4','1','12','5','BJI-197 ','1');
Insert into MRVMM.T_MAEM_INDICADOR_DATA (ID_INICIATIVA,ID_INDICADOR,ID_ENFOQUE,ID_MEDMIT,ID_PARAMETRO,VALOR,FLAG_ESTADO) values ('429','4','1','12','9','1.94','1');
Insert into MRVMM.T_MAEM_INDICADOR_DATA (ID_INICIATIVA,ID_INDICADOR,ID_ENFOQUE,ID_MEDMIT,ID_PARAMETRO,VALOR,FLAG_ESTADO) values ('429','4','1','12','10','0.27','1');
Insert into MRVMM.T_MAEM_INDICADOR_DATA (ID_INICIATIVA,ID_INDICADOR,ID_ENFOQUE,ID_MEDMIT,ID_PARAMETRO,VALOR,FLAG_ESTADO) values ('429','4','1','12','11','1.67','1');
Insert into MRVMM.T_MAEM_INDICADOR_DATA (ID_INICIATIVA,ID_INDICADOR,ID_ENFOQUE,ID_MEDMIT,ID_PARAMETRO,VALOR,FLAG_ESTADO) values ('464','1','16','1','6','2010','1');
Insert into MRVMM.T_MAEM_INDICADOR_DATA (ID_INICIATIVA,ID_INDICADOR,ID_ENFOQUE,ID_MEDMIT,ID_PARAMETRO,VALOR,FLAG_ESTADO) values ('464','1','16','1','24','1','1');
Insert into MRVMM.T_MAEM_INDICADOR_DATA (ID_INICIATIVA,ID_INDICADOR,ID_ENFOQUE,ID_MEDMIT,ID_PARAMETRO,VALOR,FLAG_ESTADO) values ('464','1','16','1','25','1','1');
Insert into MRVMM.T_MAEM_INDICADOR_DATA (ID_INICIATIVA,ID_INDICADOR,ID_ENFOQUE,ID_MEDMIT,ID_PARAMETRO,VALOR,FLAG_ESTADO) values ('464','1','16','1','26','4','1');
Insert into MRVMM.T_MAEM_INDICADOR_DATA (ID_INICIATIVA,ID_INDICADOR,ID_ENFOQUE,ID_MEDMIT,ID_PARAMETRO,VALOR,FLAG_ESTADO) values ('464','1','16','1','27','1','1');
Insert into MRVMM.T_MAEM_INDICADOR_DATA (ID_INICIATIVA,ID_INDICADOR,ID_ENFOQUE,ID_MEDMIT,ID_PARAMETRO,VALOR,FLAG_ESTADO) values ('464','1','16','1','12','25000','1');
Insert into MRVMM.T_MAEM_INDICADOR_DATA (ID_INICIATIVA,ID_INDICADOR,ID_ENFOQUE,ID_MEDMIT,ID_PARAMETRO,VALOR,FLAG_ESTADO) values ('464','1','16','1','17','3','1');
Insert into MRVMM.T_MAEM_INDICADOR_DATA (ID_INICIATIVA,ID_INDICADOR,ID_ENFOQUE,ID_MEDMIT,ID_PARAMETRO,VALOR,FLAG_ESTADO) values ('464','1','16','1','11','1992.84','1');
Insert into MRVMM.T_MAEM_INDICADOR_DATA (ID_INICIATIVA,ID_INDICADOR,ID_ENFOQUE,ID_MEDMIT,ID_PARAMETRO,VALOR,FLAG_ESTADO) values ('464','2','16','1','6','2010','1');
Insert into MRVMM.T_MAEM_INDICADOR_DATA (ID_INICIATIVA,ID_INDICADOR,ID_ENFOQUE,ID_MEDMIT,ID_PARAMETRO,VALOR,FLAG_ESTADO) values ('464','2','16','1','24','1','1');
Insert into MRVMM.T_MAEM_INDICADOR_DATA (ID_INICIATIVA,ID_INDICADOR,ID_ENFOQUE,ID_MEDMIT,ID_PARAMETRO,VALOR,FLAG_ESTADO) values ('464','2','16','1','25','1','1');
Insert into MRVMM.T_MAEM_INDICADOR_DATA (ID_INICIATIVA,ID_INDICADOR,ID_ENFOQUE,ID_MEDMIT,ID_PARAMETRO,VALOR,FLAG_ESTADO) values ('464','2','16','1','26','6','1');
Insert into MRVMM.T_MAEM_INDICADOR_DATA (ID_INICIATIVA,ID_INDICADOR,ID_ENFOQUE,ID_MEDMIT,ID_PARAMETRO,VALOR,FLAG_ESTADO) values ('464','2','16','1','27','1','1');
Insert into MRVMM.T_MAEM_INDICADOR_DATA (ID_INICIATIVA,ID_INDICADOR,ID_ENFOQUE,ID_MEDMIT,ID_PARAMETRO,VALOR,FLAG_ESTADO) values ('464','2','16','1','12','25000','1');
Insert into MRVMM.T_MAEM_INDICADOR_DATA (ID_INICIATIVA,ID_INDICADOR,ID_ENFOQUE,ID_MEDMIT,ID_PARAMETRO,VALOR,FLAG_ESTADO) values ('464','2','16','1','17','9','1');
Insert into MRVMM.T_MAEM_INDICADOR_DATA (ID_INICIATIVA,ID_INDICADOR,ID_ENFOQUE,ID_MEDMIT,ID_PARAMETRO,VALOR,FLAG_ESTADO) values ('464','2','16','1','11','1153.75','1');
Insert into MRVMM.T_MAEM_INDICADOR_DATA (ID_INICIATIVA,ID_INDICADOR,ID_ENFOQUE,ID_MEDMIT,ID_PARAMETRO,VALOR,FLAG_ESTADO) values ('464','3','16','1','6','2010','1');
Insert into MRVMM.T_MAEM_INDICADOR_DATA (ID_INICIATIVA,ID_INDICADOR,ID_ENFOQUE,ID_MEDMIT,ID_PARAMETRO,VALOR,FLAG_ESTADO) values ('464','3','16','1','24','2','1');
Insert into MRVMM.T_MAEM_INDICADOR_DATA (ID_INICIATIVA,ID_INDICADOR,ID_ENFOQUE,ID_MEDMIT,ID_PARAMETRO,VALOR,FLAG_ESTADO) values ('464','3','16','1','25','1','1');
Insert into MRVMM.T_MAEM_INDICADOR_DATA (ID_INICIATIVA,ID_INDICADOR,ID_ENFOQUE,ID_MEDMIT,ID_PARAMETRO,VALOR,FLAG_ESTADO) values ('464','3','16','1','26','5','1');
Insert into MRVMM.T_MAEM_INDICADOR_DATA (ID_INICIATIVA,ID_INDICADOR,ID_ENFOQUE,ID_MEDMIT,ID_PARAMETRO,VALOR,FLAG_ESTADO) values ('464','3','16','1','27','1','1');
Insert into MRVMM.T_MAEM_INDICADOR_DATA (ID_INICIATIVA,ID_INDICADOR,ID_ENFOQUE,ID_MEDMIT,ID_PARAMETRO,VALOR,FLAG_ESTADO) values ('464','3','16','1','12','25000','1');
Insert into MRVMM.T_MAEM_INDICADOR_DATA (ID_INICIATIVA,ID_INDICADOR,ID_ENFOQUE,ID_MEDMIT,ID_PARAMETRO,VALOR,FLAG_ESTADO) values ('464','3','16','1','17','2','1');
Insert into MRVMM.T_MAEM_INDICADOR_DATA (ID_INICIATIVA,ID_INDICADOR,ID_ENFOQUE,ID_MEDMIT,ID_PARAMETRO,VALOR,FLAG_ESTADO) values ('464','3','16','1','11','2791.05','1');
Insert into MRVMM.T_MAEM_INDICADOR_DATA (ID_INICIATIVA,ID_INDICADOR,ID_ENFOQUE,ID_MEDMIT,ID_PARAMETRO,VALOR,FLAG_ESTADO) values ('464','4','16','1','6','2010','1');
Insert into MRVMM.T_MAEM_INDICADOR_DATA (ID_INICIATIVA,ID_INDICADOR,ID_ENFOQUE,ID_MEDMIT,ID_PARAMETRO,VALOR,FLAG_ESTADO) values ('464','4','16','1','24','3','1');
Insert into MRVMM.T_MAEM_INDICADOR_DATA (ID_INICIATIVA,ID_INDICADOR,ID_ENFOQUE,ID_MEDMIT,ID_PARAMETRO,VALOR,FLAG_ESTADO) values ('464','4','16','1','25','1','1');
Insert into MRVMM.T_MAEM_INDICADOR_DATA (ID_INICIATIVA,ID_INDICADOR,ID_ENFOQUE,ID_MEDMIT,ID_PARAMETRO,VALOR,FLAG_ESTADO) values ('464','4','16','1','26','3','1');
Insert into MRVMM.T_MAEM_INDICADOR_DATA (ID_INICIATIVA,ID_INDICADOR,ID_ENFOQUE,ID_MEDMIT,ID_PARAMETRO,VALOR,FLAG_ESTADO) values ('464','4','16','1','27','1','1');
Insert into MRVMM.T_MAEM_INDICADOR_DATA (ID_INICIATIVA,ID_INDICADOR,ID_ENFOQUE,ID_MEDMIT,ID_PARAMETRO,VALOR,FLAG_ESTADO) values ('464','4','16','1','12','25000','1');
Insert into MRVMM.T_MAEM_INDICADOR_DATA (ID_INICIATIVA,ID_INDICADOR,ID_ENFOQUE,ID_MEDMIT,ID_PARAMETRO,VALOR,FLAG_ESTADO) values ('464','4','16','1','17','7','1');
Insert into MRVMM.T_MAEM_INDICADOR_DATA (ID_INICIATIVA,ID_INDICADOR,ID_ENFOQUE,ID_MEDMIT,ID_PARAMETRO,VALOR,FLAG_ESTADO) values ('464','4','16','1','11','720.24','1');
Insert into MRVMM.T_MAEM_INDICADOR_DATA (ID_INICIATIVA,ID_INDICADOR,ID_ENFOQUE,ID_MEDMIT,ID_PARAMETRO,VALOR,FLAG_ESTADO) values ('464','5','16','1','6','2010','1');
Insert into MRVMM.T_MAEM_INDICADOR_DATA (ID_INICIATIVA,ID_INDICADOR,ID_ENFOQUE,ID_MEDMIT,ID_PARAMETRO,VALOR,FLAG_ESTADO) values ('464','5','16','1','24','4','1');
Insert into MRVMM.T_MAEM_INDICADOR_DATA (ID_INICIATIVA,ID_INDICADOR,ID_ENFOQUE,ID_MEDMIT,ID_PARAMETRO,VALOR,FLAG_ESTADO) values ('464','5','16','1','25','1','1');
Insert into MRVMM.T_MAEM_INDICADOR_DATA (ID_INICIATIVA,ID_INDICADOR,ID_ENFOQUE,ID_MEDMIT,ID_PARAMETRO,VALOR,FLAG_ESTADO) values ('464','5','16','1','26','4','1');
Insert into MRVMM.T_MAEM_INDICADOR_DATA (ID_INICIATIVA,ID_INDICADOR,ID_ENFOQUE,ID_MEDMIT,ID_PARAMETRO,VALOR,FLAG_ESTADO) values ('464','5','16','1','27','1','1');
Insert into MRVMM.T_MAEM_INDICADOR_DATA (ID_INICIATIVA,ID_INDICADOR,ID_ENFOQUE,ID_MEDMIT,ID_PARAMETRO,VALOR,FLAG_ESTADO) values ('464','5','16','1','12','25000','1');
Insert into MRVMM.T_MAEM_INDICADOR_DATA (ID_INICIATIVA,ID_INDICADOR,ID_ENFOQUE,ID_MEDMIT,ID_PARAMETRO,VALOR,FLAG_ESTADO) values ('464','5','16','1','17','1','1');
Insert into MRVMM.T_MAEM_INDICADOR_DATA (ID_INICIATIVA,ID_INDICADOR,ID_ENFOQUE,ID_MEDMIT,ID_PARAMETRO,VALOR,FLAG_ESTADO) values ('464','5','16','1','11','3002.07','1');
Insert into MRVMM.T_MAEM_INDICADOR_DATA (ID_INICIATIVA,ID_INDICADOR,ID_ENFOQUE,ID_MEDMIT,ID_PARAMETRO,VALOR,FLAG_ESTADO) values ('451','1','1','12','1','1','1');
Insert into MRVMM.T_MAEM_INDICADOR_DATA (ID_INICIATIVA,ID_INDICADOR,ID_ENFOQUE,ID_MEDMIT,ID_PARAMETRO,VALOR,FLAG_ESTADO) values ('451','2','1','12','9','1.21','1');
Insert into MRVMM.T_MAEM_INDICADOR_DATA (ID_INICIATIVA,ID_INDICADOR,ID_ENFOQUE,ID_MEDMIT,ID_PARAMETRO,VALOR,FLAG_ESTADO) values ('451','3','1','12','11','17.92','1');
Insert into MRVMM.T_MAEM_INDICADOR_DATA (ID_INICIATIVA,ID_INDICADOR,ID_ENFOQUE,ID_MEDMIT,ID_PARAMETRO,VALOR,FLAG_ESTADO) values ('451','4','1','12','6','2019','1');
Insert into MRVMM.T_MAEM_INDICADOR_DATA (ID_INICIATIVA,ID_INDICADOR,ID_ENFOQUE,ID_MEDMIT,ID_PARAMETRO,VALOR,FLAG_ESTADO) values ('451','4','1','12','1','1','1');
Insert into MRVMM.T_MAEM_INDICADOR_DATA (ID_INICIATIVA,ID_INDICADOR,ID_ENFOQUE,ID_MEDMIT,ID_PARAMETRO,VALOR,FLAG_ESTADO) values ('451','4','1','12','3','3','1');
Insert into MRVMM.T_MAEM_INDICADOR_DATA (ID_INICIATIVA,ID_INDICADOR,ID_ENFOQUE,ID_MEDMIT,ID_PARAMETRO,VALOR,FLAG_ESTADO) values ('451','4','1','12','4','10838','1');
Insert into MRVMM.T_MAEM_INDICADOR_DATA (ID_INICIATIVA,ID_INDICADOR,ID_ENFOQUE,ID_MEDMIT,ID_PARAMETRO,VALOR,FLAG_ESTADO) values ('451','4','1','12','12','1','1');
Insert into MRVMM.T_MAEM_INDICADOR_DATA (ID_INICIATIVA,ID_INDICADOR,ID_ENFOQUE,ID_MEDMIT,ID_PARAMETRO,VALOR,FLAG_ESTADO) values ('451','4','1','12','13','0.15','1');
Insert into MRVMM.T_MAEM_INDICADOR_DATA (ID_INICIATIVA,ID_INDICADOR,ID_ENFOQUE,ID_MEDMIT,ID_PARAMETRO,VALOR,FLAG_ESTADO) values ('451','4','1','12','5','BJI-197 ','1');
Insert into MRVMM.T_MAEM_INDICADOR_DATA (ID_INICIATIVA,ID_INDICADOR,ID_ENFOQUE,ID_MEDMIT,ID_PARAMETRO,VALOR,FLAG_ESTADO) values ('451','4','1','12','9','1.94','1');
Insert into MRVMM.T_MAEM_INDICADOR_DATA (ID_INICIATIVA,ID_INDICADOR,ID_ENFOQUE,ID_MEDMIT,ID_PARAMETRO,VALOR,FLAG_ESTADO) values ('451','4','1','12','10','0.27','1');
Insert into MRVMM.T_MAEM_INDICADOR_DATA (ID_INICIATIVA,ID_INDICADOR,ID_ENFOQUE,ID_MEDMIT,ID_PARAMETRO,VALOR,FLAG_ESTADO) values ('451','4','1','12','11','1.67','1');
Insert into MRVMM.T_MAEM_INDICADOR_DATA (ID_INICIATIVA,ID_INDICADOR,ID_ENFOQUE,ID_MEDMIT,ID_PARAMETRO,VALOR,FLAG_ESTADO) values ('374','1','1','12','6','2018','1');
Insert into MRVMM.T_MAEM_INDICADOR_DATA (ID_INICIATIVA,ID_INDICADOR,ID_ENFOQUE,ID_MEDMIT,ID_PARAMETRO,VALOR,FLAG_ESTADO) values ('374','1','1','12','1','1','1');
Insert into MRVMM.T_MAEM_INDICADOR_DATA (ID_INICIATIVA,ID_INDICADOR,ID_ENFOQUE,ID_MEDMIT,ID_PARAMETRO,VALOR,FLAG_ESTADO) values ('374','1','1','12','3','3','1');
Insert into MRVMM.T_MAEM_INDICADOR_DATA (ID_INICIATIVA,ID_INDICADOR,ID_ENFOQUE,ID_MEDMIT,ID_PARAMETRO,VALOR,FLAG_ESTADO) values ('374','1','1','12','4','57600','1');
Insert into MRVMM.T_MAEM_INDICADOR_DATA (ID_INICIATIVA,ID_INDICADOR,ID_ENFOQUE,ID_MEDMIT,ID_PARAMETRO,VALOR,FLAG_ESTADO) values ('374','1','1','12','12','1','1');
Insert into MRVMM.T_MAEM_INDICADOR_DATA (ID_INICIATIVA,ID_INDICADOR,ID_ENFOQUE,ID_MEDMIT,ID_PARAMETRO,VALOR,FLAG_ESTADO) values ('374','1','1','12','13','0.25','1');
Insert into MRVMM.T_MAEM_INDICADOR_DATA (ID_INICIATIVA,ID_INDICADOR,ID_ENFOQUE,ID_MEDMIT,ID_PARAMETRO,VALOR,FLAG_ESTADO) values ('374','1','1','12','5','ikj-898','1');
Insert into MRVMM.T_MAEM_INDICADOR_DATA (ID_INICIATIVA,ID_INDICADOR,ID_ENFOQUE,ID_MEDMIT,ID_PARAMETRO,VALOR,FLAG_ESTADO) values ('374','1','1','12','9','10.31','1');
Insert into MRVMM.T_MAEM_INDICADOR_DATA (ID_INICIATIVA,ID_INDICADOR,ID_ENFOQUE,ID_MEDMIT,ID_PARAMETRO,VALOR,FLAG_ESTADO) values ('374','1','1','12','10','2.44','1');
Insert into MRVMM.T_MAEM_INDICADOR_DATA (ID_INICIATIVA,ID_INDICADOR,ID_ENFOQUE,ID_MEDMIT,ID_PARAMETRO,VALOR,FLAG_ESTADO) values ('374','1','1','12','11','7.87','1');
Insert into MRVMM.T_MAEM_INDICADOR_DATA (ID_INICIATIVA,ID_INDICADOR,ID_ENFOQUE,ID_MEDMIT,ID_PARAMETRO,VALOR,FLAG_ESTADO) values ('466','1','1','12','6','2019','1');
Insert into MRVMM.T_MAEM_INDICADOR_DATA (ID_INICIATIVA,ID_INDICADOR,ID_ENFOQUE,ID_MEDMIT,ID_PARAMETRO,VALOR,FLAG_ESTADO) values ('466','1','1','12','1','1','1');
Insert into MRVMM.T_MAEM_INDICADOR_DATA (ID_INICIATIVA,ID_INDICADOR,ID_ENFOQUE,ID_MEDMIT,ID_PARAMETRO,VALOR,FLAG_ESTADO) values ('466','1','1','12','3','3','1');
Insert into MRVMM.T_MAEM_INDICADOR_DATA (ID_INICIATIVA,ID_INDICADOR,ID_ENFOQUE,ID_MEDMIT,ID_PARAMETRO,VALOR,FLAG_ESTADO) values ('466','1','1','12','4','34184','1');
Insert into MRVMM.T_MAEM_INDICADOR_DATA (ID_INICIATIVA,ID_INDICADOR,ID_ENFOQUE,ID_MEDMIT,ID_PARAMETRO,VALOR,FLAG_ESTADO) values ('466','1','1','12','12','1','1');
Insert into MRVMM.T_MAEM_INDICADOR_DATA (ID_INICIATIVA,ID_INDICADOR,ID_ENFOQUE,ID_MEDMIT,ID_PARAMETRO,VALOR,FLAG_ESTADO) values ('466','1','1','12','13','0.25','1');
Insert into MRVMM.T_MAEM_INDICADOR_DATA (ID_INICIATIVA,ID_INDICADOR,ID_ENFOQUE,ID_MEDMIT,ID_PARAMETRO,VALOR,FLAG_ESTADO) values ('466','1','1','12','5','BCD-623','1');
Insert into MRVMM.T_MAEM_INDICADOR_DATA (ID_INICIATIVA,ID_INDICADOR,ID_ENFOQUE,ID_MEDMIT,ID_PARAMETRO,VALOR,FLAG_ESTADO) values ('466','1','1','12','9','6.12','1');
Insert into MRVMM.T_MAEM_INDICADOR_DATA (ID_INICIATIVA,ID_INDICADOR,ID_ENFOQUE,ID_MEDMIT,ID_PARAMETRO,VALOR,FLAG_ESTADO) values ('466','1','1','12','10','1.45','1');
Insert into MRVMM.T_MAEM_INDICADOR_DATA (ID_INICIATIVA,ID_INDICADOR,ID_ENFOQUE,ID_MEDMIT,ID_PARAMETRO,VALOR,FLAG_ESTADO) values ('466','1','1','12','11','4.67','1');
Insert into MRVMM.T_MAEM_INDICADOR_DATA (ID_INICIATIVA,ID_INDICADOR,ID_ENFOQUE,ID_MEDMIT,ID_PARAMETRO,VALOR,FLAG_ESTADO) values ('466','2','1','12','6','2019','1');
Insert into MRVMM.T_MAEM_INDICADOR_DATA (ID_INICIATIVA,ID_INDICADOR,ID_ENFOQUE,ID_MEDMIT,ID_PARAMETRO,VALOR,FLAG_ESTADO) values ('466','2','1','12','1','1','1');
Insert into MRVMM.T_MAEM_INDICADOR_DATA (ID_INICIATIVA,ID_INDICADOR,ID_ENFOQUE,ID_MEDMIT,ID_PARAMETRO,VALOR,FLAG_ESTADO) values ('466','2','1','12','3','3','1');
Insert into MRVMM.T_MAEM_INDICADOR_DATA (ID_INICIATIVA,ID_INDICADOR,ID_ENFOQUE,ID_MEDMIT,ID_PARAMETRO,VALOR,FLAG_ESTADO) values ('466','2','1','12','4','6761','1');
Insert into MRVMM.T_MAEM_INDICADOR_DATA (ID_INICIATIVA,ID_INDICADOR,ID_ENFOQUE,ID_MEDMIT,ID_PARAMETRO,VALOR,FLAG_ESTADO) values ('466','2','1','12','12','1','1');
Insert into MRVMM.T_MAEM_INDICADOR_DATA (ID_INICIATIVA,ID_INDICADOR,ID_ENFOQUE,ID_MEDMIT,ID_PARAMETRO,VALOR,FLAG_ESTADO) values ('466','2','1','12','13','0.17','1');
Insert into MRVMM.T_MAEM_INDICADOR_DATA (ID_INICIATIVA,ID_INDICADOR,ID_ENFOQUE,ID_MEDMIT,ID_PARAMETRO,VALOR,FLAG_ESTADO) values ('466','2','1','12','5','BKH-349','1');
Insert into MRVMM.T_MAEM_INDICADOR_DATA (ID_INICIATIVA,ID_INDICADOR,ID_ENFOQUE,ID_MEDMIT,ID_PARAMETRO,VALOR,FLAG_ESTADO) values ('466','2','1','12','9','1.21','1');
Insert into MRVMM.T_MAEM_INDICADOR_DATA (ID_INICIATIVA,ID_INDICADOR,ID_ENFOQUE,ID_MEDMIT,ID_PARAMETRO,VALOR,FLAG_ESTADO) values ('466','2','1','12','10','0.19','1');
Insert into MRVMM.T_MAEM_INDICADOR_DATA (ID_INICIATIVA,ID_INDICADOR,ID_ENFOQUE,ID_MEDMIT,ID_PARAMETRO,VALOR,FLAG_ESTADO) values ('466','2','1','12','11','1.02','1');
Insert into MRVMM.T_MAEM_INDICADOR_DATA (ID_INICIATIVA,ID_INDICADOR,ID_ENFOQUE,ID_MEDMIT,ID_PARAMETRO,VALOR,FLAG_ESTADO) values ('466','3','1','12','6','2019','1');
Insert into MRVMM.T_MAEM_INDICADOR_DATA (ID_INICIATIVA,ID_INDICADOR,ID_ENFOQUE,ID_MEDMIT,ID_PARAMETRO,VALOR,FLAG_ESTADO) values ('466','3','1','12','1','3','1');
Insert into MRVMM.T_MAEM_INDICADOR_DATA (ID_INICIATIVA,ID_INDICADOR,ID_ENFOQUE,ID_MEDMIT,ID_PARAMETRO,VALOR,FLAG_ESTADO) values ('466','3','1','12','3','4','1');
Insert into MRVMM.T_MAEM_INDICADOR_DATA (ID_INICIATIVA,ID_INDICADOR,ID_ENFOQUE,ID_MEDMIT,ID_PARAMETRO,VALOR,FLAG_ESTADO) values ('466','3','1','12','4','21799','1');
Insert into MRVMM.T_MAEM_INDICADOR_DATA (ID_INICIATIVA,ID_INDICADOR,ID_ENFOQUE,ID_MEDMIT,ID_PARAMETRO,VALOR,FLAG_ESTADO) values ('466','3','1','12','12','1','1');
Insert into MRVMM.T_MAEM_INDICADOR_DATA (ID_INICIATIVA,ID_INDICADOR,ID_ENFOQUE,ID_MEDMIT,ID_PARAMETRO,VALOR,FLAG_ESTADO) values ('466','3','1','12','13','0.82','1');
Insert into MRVMM.T_MAEM_INDICADOR_DATA (ID_INICIATIVA,ID_INDICADOR,ID_ENFOQUE,ID_MEDMIT,ID_PARAMETRO,VALOR,FLAG_ESTADO) values ('466','3','1','12','5',' F2V-960','1');
Insert into MRVMM.T_MAEM_INDICADOR_DATA (ID_INICIATIVA,ID_INDICADOR,ID_ENFOQUE,ID_MEDMIT,ID_PARAMETRO,VALOR,FLAG_ESTADO) values ('466','3','1','12','9','20.96','1');
Insert into MRVMM.T_MAEM_INDICADOR_DATA (ID_INICIATIVA,ID_INDICADOR,ID_ENFOQUE,ID_MEDMIT,ID_PARAMETRO,VALOR,FLAG_ESTADO) values ('466','3','1','12','10','3.04','1');
Insert into MRVMM.T_MAEM_INDICADOR_DATA (ID_INICIATIVA,ID_INDICADOR,ID_ENFOQUE,ID_MEDMIT,ID_PARAMETRO,VALOR,FLAG_ESTADO) values ('466','3','1','12','11','17.92','1');
Insert into MRVMM.T_MAEM_INDICADOR_DATA (ID_INICIATIVA,ID_INDICADOR,ID_ENFOQUE,ID_MEDMIT,ID_PARAMETRO,VALOR,FLAG_ESTADO) values ('466','4','1','12','6','2019','1');
Insert into MRVMM.T_MAEM_INDICADOR_DATA (ID_INICIATIVA,ID_INDICADOR,ID_ENFOQUE,ID_MEDMIT,ID_PARAMETRO,VALOR,FLAG_ESTADO) values ('466','4','1','12','1','1','1');
Insert into MRVMM.T_MAEM_INDICADOR_DATA (ID_INICIATIVA,ID_INDICADOR,ID_ENFOQUE,ID_MEDMIT,ID_PARAMETRO,VALOR,FLAG_ESTADO) values ('466','4','1','12','3','3','1');
Insert into MRVMM.T_MAEM_INDICADOR_DATA (ID_INICIATIVA,ID_INDICADOR,ID_ENFOQUE,ID_MEDMIT,ID_PARAMETRO,VALOR,FLAG_ESTADO) values ('466','4','1','12','4','10838','1');
Insert into MRVMM.T_MAEM_INDICADOR_DATA (ID_INICIATIVA,ID_INDICADOR,ID_ENFOQUE,ID_MEDMIT,ID_PARAMETRO,VALOR,FLAG_ESTADO) values ('466','4','1','12','12','1','1');
Insert into MRVMM.T_MAEM_INDICADOR_DATA (ID_INICIATIVA,ID_INDICADOR,ID_ENFOQUE,ID_MEDMIT,ID_PARAMETRO,VALOR,FLAG_ESTADO) values ('376','1','1','12','6','2019','1');
Insert into MRVMM.T_MAEM_INDICADOR_DATA (ID_INICIATIVA,ID_INDICADOR,ID_ENFOQUE,ID_MEDMIT,ID_PARAMETRO,VALOR,FLAG_ESTADO) values ('376','1','1','12','2','2019-01-01','1');
Insert into MRVMM.T_MAEM_INDICADOR_DATA (ID_INICIATIVA,ID_INDICADOR,ID_ENFOQUE,ID_MEDMIT,ID_PARAMETRO,VALOR,FLAG_ESTADO) values ('376','1','1','12','1','1','1');
Insert into MRVMM.T_MAEM_INDICADOR_DATA (ID_INICIATIVA,ID_INDICADOR,ID_ENFOQUE,ID_MEDMIT,ID_PARAMETRO,VALOR,FLAG_ESTADO) values ('376','1','1','12','3','3','1');
Insert into MRVMM.T_MAEM_INDICADOR_DATA (ID_INICIATIVA,ID_INDICADOR,ID_ENFOQUE,ID_MEDMIT,ID_PARAMETRO,VALOR,FLAG_ESTADO) values ('376','1','1','12','4','34184','1');
Insert into MRVMM.T_MAEM_INDICADOR_DATA (ID_INICIATIVA,ID_INDICADOR,ID_ENFOQUE,ID_MEDMIT,ID_PARAMETRO,VALOR,FLAG_ESTADO) values ('376','1','1','12','12','1','1');
Insert into MRVMM.T_MAEM_INDICADOR_DATA (ID_INICIATIVA,ID_INDICADOR,ID_ENFOQUE,ID_MEDMIT,ID_PARAMETRO,VALOR,FLAG_ESTADO) values ('376','1','1','12','13','0.25','1');
Insert into MRVMM.T_MAEM_INDICADOR_DATA (ID_INICIATIVA,ID_INDICADOR,ID_ENFOQUE,ID_MEDMIT,ID_PARAMETRO,VALOR,FLAG_ESTADO) values ('376','1','1','12','5','qi4568','1');
Insert into MRVMM.T_MAEM_INDICADOR_DATA (ID_INICIATIVA,ID_INDICADOR,ID_ENFOQUE,ID_MEDMIT,ID_PARAMETRO,VALOR,FLAG_ESTADO) values ('376','1','1','12','9','6.12','1');
Insert into MRVMM.T_MAEM_INDICADOR_DATA (ID_INICIATIVA,ID_INDICADOR,ID_ENFOQUE,ID_MEDMIT,ID_PARAMETRO,VALOR,FLAG_ESTADO) values ('376','1','1','12','10','1.45','1');
Insert into MRVMM.T_MAEM_INDICADOR_DATA (ID_INICIATIVA,ID_INDICADOR,ID_ENFOQUE,ID_MEDMIT,ID_PARAMETRO,VALOR,FLAG_ESTADO) values ('376','1','1','12','11','4.67','1');
Insert into MRVMM.T_MAEM_INDICADOR_DATA (ID_INICIATIVA,ID_INDICADOR,ID_ENFOQUE,ID_MEDMIT,ID_PARAMETRO,VALOR,FLAG_ESTADO) values ('376','2','1','12','6','2019','1');
Insert into MRVMM.T_MAEM_INDICADOR_DATA (ID_INICIATIVA,ID_INDICADOR,ID_ENFOQUE,ID_MEDMIT,ID_PARAMETRO,VALOR,FLAG_ESTADO) values ('376','2','1','12','2','2019-01-01','1');
Insert into MRVMM.T_MAEM_INDICADOR_DATA (ID_INICIATIVA,ID_INDICADOR,ID_ENFOQUE,ID_MEDMIT,ID_PARAMETRO,VALOR,FLAG_ESTADO) values ('376','2','1','12','1','3','1');
Insert into MRVMM.T_MAEM_INDICADOR_DATA (ID_INICIATIVA,ID_INDICADOR,ID_ENFOQUE,ID_MEDMIT,ID_PARAMETRO,VALOR,FLAG_ESTADO) values ('376','2','1','12','3','4','1');
Insert into MRVMM.T_MAEM_INDICADOR_DATA (ID_INICIATIVA,ID_INDICADOR,ID_ENFOQUE,ID_MEDMIT,ID_PARAMETRO,VALOR,FLAG_ESTADO) values ('376','2','1','12','4','21799','1');
Insert into MRVMM.T_MAEM_INDICADOR_DATA (ID_INICIATIVA,ID_INDICADOR,ID_ENFOQUE,ID_MEDMIT,ID_PARAMETRO,VALOR,FLAG_ESTADO) values ('376','2','1','12','12','1','1');
Insert into MRVMM.T_MAEM_INDICADOR_DATA (ID_INICIATIVA,ID_INDICADOR,ID_ENFOQUE,ID_MEDMIT,ID_PARAMETRO,VALOR,FLAG_ESTADO) values ('376','2','1','12','13','0.82','1');
Insert into MRVMM.T_MAEM_INDICADOR_DATA (ID_INICIATIVA,ID_INDICADOR,ID_ENFOQUE,ID_MEDMIT,ID_PARAMETRO,VALOR,FLAG_ESTADO) values ('376','2','1','12','5',null,'1');
Insert into MRVMM.T_MAEM_INDICADOR_DATA (ID_INICIATIVA,ID_INDICADOR,ID_ENFOQUE,ID_MEDMIT,ID_PARAMETRO,VALOR,FLAG_ESTADO) values ('376','2','1','12','9','20.96','1');
Insert into MRVMM.T_MAEM_INDICADOR_DATA (ID_INICIATIVA,ID_INDICADOR,ID_ENFOQUE,ID_MEDMIT,ID_PARAMETRO,VALOR,FLAG_ESTADO) values ('376','2','1','12','10','3.04','1');
Insert into MRVMM.T_MAEM_INDICADOR_DATA (ID_INICIATIVA,ID_INDICADOR,ID_ENFOQUE,ID_MEDMIT,ID_PARAMETRO,VALOR,FLAG_ESTADO) values ('376','2','1','12','11','17.92','1');
Insert into MRVMM.T_MAEM_INDICADOR_DATA (ID_INICIATIVA,ID_INDICADOR,ID_ENFOQUE,ID_MEDMIT,ID_PARAMETRO,VALOR,FLAG_ESTADO) values ('386','1','1','12','6','2018','1');
Insert into MRVMM.T_MAEM_INDICADOR_DATA (ID_INICIATIVA,ID_INDICADOR,ID_ENFOQUE,ID_MEDMIT,ID_PARAMETRO,VALOR,FLAG_ESTADO) values ('386','1','1','12','2','2018-02-21','1');
Insert into MRVMM.T_MAEM_INDICADOR_DATA (ID_INICIATIVA,ID_INDICADOR,ID_ENFOQUE,ID_MEDMIT,ID_PARAMETRO,VALOR,FLAG_ESTADO) values ('386','1','1','12','1','6','1');
Insert into MRVMM.T_MAEM_INDICADOR_DATA (ID_INICIATIVA,ID_INDICADOR,ID_ENFOQUE,ID_MEDMIT,ID_PARAMETRO,VALOR,FLAG_ESTADO) values ('386','1','1','12','3','3','1');
Insert into MRVMM.T_MAEM_INDICADOR_DATA (ID_INICIATIVA,ID_INDICADOR,ID_ENFOQUE,ID_MEDMIT,ID_PARAMETRO,VALOR,FLAG_ESTADO) values ('386','1','1','12','4','145','1');
Insert into MRVMM.T_MAEM_INDICADOR_DATA (ID_INICIATIVA,ID_INDICADOR,ID_ENFOQUE,ID_MEDMIT,ID_PARAMETRO,VALOR,FLAG_ESTADO) values ('386','1','1','12','12','14','1');
Insert into MRVMM.T_MAEM_INDICADOR_DATA (ID_INICIATIVA,ID_INDICADOR,ID_ENFOQUE,ID_MEDMIT,ID_PARAMETRO,VALOR,FLAG_ESTADO) values ('386','1','1','12','13','2','1');
Insert into MRVMM.T_MAEM_INDICADOR_DATA (ID_INICIATIVA,ID_INDICADOR,ID_ENFOQUE,ID_MEDMIT,ID_PARAMETRO,VALOR,FLAG_ESTADO) values ('386','1','1','12','5','JHU-786','1');
Insert into MRVMM.T_MAEM_INDICADOR_DATA (ID_INICIATIVA,ID_INDICADOR,ID_ENFOQUE,ID_MEDMIT,ID_PARAMETRO,VALOR,FLAG_ESTADO) values ('386','1','1','12','9','0.13','1');
Insert into MRVMM.T_MAEM_INDICADOR_DATA (ID_INICIATIVA,ID_INDICADOR,ID_ENFOQUE,ID_MEDMIT,ID_PARAMETRO,VALOR,FLAG_ESTADO) values ('386','1','1','12','10','0.69','1');
Insert into MRVMM.T_MAEM_INDICADOR_DATA (ID_INICIATIVA,ID_INDICADOR,ID_ENFOQUE,ID_MEDMIT,ID_PARAMETRO,VALOR,FLAG_ESTADO) values ('386','1','1','12','11','-0.56','1');
Insert into MRVMM.T_MAEM_INDICADOR_DATA (ID_INICIATIVA,ID_INDICADOR,ID_ENFOQUE,ID_MEDMIT,ID_PARAMETRO,VALOR,FLAG_ESTADO) values ('386','2','1','12','6','2019','1');
Insert into MRVMM.T_MAEM_INDICADOR_DATA (ID_INICIATIVA,ID_INDICADOR,ID_ENFOQUE,ID_MEDMIT,ID_PARAMETRO,VALOR,FLAG_ESTADO) values ('386','2','1','12','2','2019-04-25','1');
Insert into MRVMM.T_MAEM_INDICADOR_DATA (ID_INICIATIVA,ID_INDICADOR,ID_ENFOQUE,ID_MEDMIT,ID_PARAMETRO,VALOR,FLAG_ESTADO) values ('386','2','1','12','1','1','1');
Insert into MRVMM.T_MAEM_INDICADOR_DATA (ID_INICIATIVA,ID_INDICADOR,ID_ENFOQUE,ID_MEDMIT,ID_PARAMETRO,VALOR,FLAG_ESTADO) values ('386','2','1','12','3','2','1');
Insert into MRVMM.T_MAEM_INDICADOR_DATA (ID_INICIATIVA,ID_INDICADOR,ID_ENFOQUE,ID_MEDMIT,ID_PARAMETRO,VALOR,FLAG_ESTADO) values ('386','2','1','12','4','100','1');
Insert into MRVMM.T_MAEM_INDICADOR_DATA (ID_INICIATIVA,ID_INDICADOR,ID_ENFOQUE,ID_MEDMIT,ID_PARAMETRO,VALOR,FLAG_ESTADO) values ('386','2','1','12','12','20','1');
Insert into MRVMM.T_MAEM_INDICADOR_DATA (ID_INICIATIVA,ID_INDICADOR,ID_ENFOQUE,ID_MEDMIT,ID_PARAMETRO,VALOR,FLAG_ESTADO) values ('386','2','1','12','13','1','1');
Insert into MRVMM.T_MAEM_INDICADOR_DATA (ID_INICIATIVA,ID_INDICADOR,ID_ENFOQUE,ID_MEDMIT,ID_PARAMETRO,VALOR,FLAG_ESTADO) values ('386','2','1','12','5','lok-nju','1');
Insert into MRVMM.T_MAEM_INDICADOR_DATA (ID_INICIATIVA,ID_INDICADOR,ID_ENFOQUE,ID_MEDMIT,ID_PARAMETRO,VALOR,FLAG_ESTADO) values ('386','2','1','12','9','0.35','1');
Insert into MRVMM.T_MAEM_INDICADOR_DATA (ID_INICIATIVA,ID_INDICADOR,ID_ENFOQUE,ID_MEDMIT,ID_PARAMETRO,VALOR,FLAG_ESTADO) values ('386','2','1','12','10','0.34','1');
Insert into MRVMM.T_MAEM_INDICADOR_DATA (ID_INICIATIVA,ID_INDICADOR,ID_ENFOQUE,ID_MEDMIT,ID_PARAMETRO,VALOR,FLAG_ESTADO) values ('386','2','1','12','11','0.01','1');
Insert into MRVMM.T_MAEM_INDICADOR_DATA (ID_INICIATIVA,ID_INDICADOR,ID_ENFOQUE,ID_MEDMIT,ID_PARAMETRO,VALOR,FLAG_ESTADO) values ('386','3','1','12','6','2018','1');
Insert into MRVMM.T_MAEM_INDICADOR_DATA (ID_INICIATIVA,ID_INDICADOR,ID_ENFOQUE,ID_MEDMIT,ID_PARAMETRO,VALOR,FLAG_ESTADO) values ('386','3','1','12','2','2020-07-27','1');
Insert into MRVMM.T_MAEM_INDICADOR_DATA (ID_INICIATIVA,ID_INDICADOR,ID_ENFOQUE,ID_MEDMIT,ID_PARAMETRO,VALOR,FLAG_ESTADO) values ('386','3','1','12','1','5','1');
Insert into MRVMM.T_MAEM_INDICADOR_DATA (ID_INICIATIVA,ID_INDICADOR,ID_ENFOQUE,ID_MEDMIT,ID_PARAMETRO,VALOR,FLAG_ESTADO) values ('386','3','1','12','3','3','1');
Insert into MRVMM.T_MAEM_INDICADOR_DATA (ID_INICIATIVA,ID_INDICADOR,ID_ENFOQUE,ID_MEDMIT,ID_PARAMETRO,VALOR,FLAG_ESTADO) values ('386','3','1','12','4','250','1');
Insert into MRVMM.T_MAEM_INDICADOR_DATA (ID_INICIATIVA,ID_INDICADOR,ID_ENFOQUE,ID_MEDMIT,ID_PARAMETRO,VALOR,FLAG_ESTADO) values ('386','3','1','12','12','10','1');
Insert into MRVMM.T_MAEM_INDICADOR_DATA (ID_INICIATIVA,ID_INDICADOR,ID_ENFOQUE,ID_MEDMIT,ID_PARAMETRO,VALOR,FLAG_ESTADO) values ('386','3','1','12','13','1','1');
Insert into MRVMM.T_MAEM_INDICADOR_DATA (ID_INICIATIVA,ID_INDICADOR,ID_ENFOQUE,ID_MEDMIT,ID_PARAMETRO,VALOR,FLAG_ESTADO) values ('386','3','1','12','5','gtr-rfg','1');
Insert into MRVMM.T_MAEM_INDICADOR_DATA (ID_INICIATIVA,ID_INDICADOR,ID_ENFOQUE,ID_MEDMIT,ID_PARAMETRO,VALOR,FLAG_ESTADO) values ('386','3','1','12','9','0.24','1');
Insert into MRVMM.T_MAEM_INDICADOR_DATA (ID_INICIATIVA,ID_INDICADOR,ID_ENFOQUE,ID_MEDMIT,ID_PARAMETRO,VALOR,FLAG_ESTADO) values ('386','3','1','12','10','0.42','1');
Insert into MRVMM.T_MAEM_INDICADOR_DATA (ID_INICIATIVA,ID_INDICADOR,ID_ENFOQUE,ID_MEDMIT,ID_PARAMETRO,VALOR,FLAG_ESTADO) values ('386','3','1','12','11','-0.18','1');
Insert into MRVMM.T_MAEM_INDICADOR_DATA (ID_INICIATIVA,ID_INDICADOR,ID_ENFOQUE,ID_MEDMIT,ID_PARAMETRO,VALOR,FLAG_ESTADO) values ('387','1','1','12','6','2018','1');
Insert into MRVMM.T_MAEM_INDICADOR_DATA (ID_INICIATIVA,ID_INDICADOR,ID_ENFOQUE,ID_MEDMIT,ID_PARAMETRO,VALOR,FLAG_ESTADO) values ('387','1','1','12','1','1','1');
Insert into MRVMM.T_MAEM_INDICADOR_DATA (ID_INICIATIVA,ID_INDICADOR,ID_ENFOQUE,ID_MEDMIT,ID_PARAMETRO,VALOR,FLAG_ESTADO) values ('387','1','1','12','3','3','1');
Insert into MRVMM.T_MAEM_INDICADOR_DATA (ID_INICIATIVA,ID_INDICADOR,ID_ENFOQUE,ID_MEDMIT,ID_PARAMETRO,VALOR,FLAG_ESTADO) values ('387','1','1','12','15','600','1');
Insert into MRVMM.T_MAEM_INDICADOR_DATA (ID_INICIATIVA,ID_INDICADOR,ID_ENFOQUE,ID_MEDMIT,ID_PARAMETRO,VALOR,FLAG_ESTADO) values ('387','1','1','12','4','500','1');
Insert into MRVMM.T_MAEM_INDICADOR_DATA (ID_INICIATIVA,ID_INDICADOR,ID_ENFOQUE,ID_MEDMIT,ID_PARAMETRO,VALOR,FLAG_ESTADO) values ('387','1','1','12','12','1','1');
Insert into MRVMM.T_MAEM_INDICADOR_DATA (ID_INICIATIVA,ID_INDICADOR,ID_ENFOQUE,ID_MEDMIT,ID_PARAMETRO,VALOR,FLAG_ESTADO) values ('387','1','1','12','13','0.25','1');
Insert into MRVMM.T_MAEM_INDICADOR_DATA (ID_INICIATIVA,ID_INDICADOR,ID_ENFOQUE,ID_MEDMIT,ID_PARAMETRO,VALOR,FLAG_ESTADO) values ('387','1','1','12','5','IKU-908','1');
Insert into MRVMM.T_MAEM_INDICADOR_DATA (ID_INICIATIVA,ID_INDICADOR,ID_ENFOQUE,ID_MEDMIT,ID_PARAMETRO,VALOR,FLAG_ESTADO) values ('387','1','1','12','9','0.09','1');
Insert into MRVMM.T_MAEM_INDICADOR_DATA (ID_INICIATIVA,ID_INDICADOR,ID_ENFOQUE,ID_MEDMIT,ID_PARAMETRO,VALOR,FLAG_ESTADO) values ('387','1','1','12','10','0.02','1');
Insert into MRVMM.T_MAEM_INDICADOR_DATA (ID_INICIATIVA,ID_INDICADOR,ID_ENFOQUE,ID_MEDMIT,ID_PARAMETRO,VALOR,FLAG_ESTADO) values ('387','1','1','12','11','0.07','1');
Insert into MRVMM.T_MAEM_INDICADOR_DATA (ID_INICIATIVA,ID_INDICADOR,ID_ENFOQUE,ID_MEDMIT,ID_PARAMETRO,VALOR,FLAG_ESTADO) values ('387','2','1','12','6','2018','1');
Insert into MRVMM.T_MAEM_INDICADOR_DATA (ID_INICIATIVA,ID_INDICADOR,ID_ENFOQUE,ID_MEDMIT,ID_PARAMETRO,VALOR,FLAG_ESTADO) values ('387','2','1','12','2','2019-11-10','1');
Insert into MRVMM.T_MAEM_INDICADOR_DATA (ID_INICIATIVA,ID_INDICADOR,ID_ENFOQUE,ID_MEDMIT,ID_PARAMETRO,VALOR,FLAG_ESTADO) values ('387','2','1','12','1','1','1');
Insert into MRVMM.T_MAEM_INDICADOR_DATA (ID_INICIATIVA,ID_INDICADOR,ID_ENFOQUE,ID_MEDMIT,ID_PARAMETRO,VALOR,FLAG_ESTADO) values ('387','2','1','12','3','1','1');
Insert into MRVMM.T_MAEM_INDICADOR_DATA (ID_INICIATIVA,ID_INDICADOR,ID_ENFOQUE,ID_MEDMIT,ID_PARAMETRO,VALOR,FLAG_ESTADO) values ('387','2','1','12','15','700','1');
Insert into MRVMM.T_MAEM_INDICADOR_DATA (ID_INICIATIVA,ID_INDICADOR,ID_ENFOQUE,ID_MEDMIT,ID_PARAMETRO,VALOR,FLAG_ESTADO) values ('387','2','1','12','4','970','1');
Insert into MRVMM.T_MAEM_INDICADOR_DATA (ID_INICIATIVA,ID_INDICADOR,ID_ENFOQUE,ID_MEDMIT,ID_PARAMETRO,VALOR,FLAG_ESTADO) values ('387','2','1','12','12','1','1');
Insert into MRVMM.T_MAEM_INDICADOR_DATA (ID_INICIATIVA,ID_INDICADOR,ID_ENFOQUE,ID_MEDMIT,ID_PARAMETRO,VALOR,FLAG_ESTADO) values ('387','2','1','12','13','0.3','1');
Insert into MRVMM.T_MAEM_INDICADOR_DATA (ID_INICIATIVA,ID_INDICADOR,ID_ENFOQUE,ID_MEDMIT,ID_PARAMETRO,VALOR,FLAG_ESTADO) values ('387','2','1','12','5','POL-230','1');
Insert into MRVMM.T_MAEM_INDICADOR_DATA (ID_INICIATIVA,ID_INDICADOR,ID_ENFOQUE,ID_MEDMIT,ID_PARAMETRO,VALOR,FLAG_ESTADO) values ('387','2','1','12','9','0.18','1');
Insert into MRVMM.T_MAEM_INDICADOR_DATA (ID_INICIATIVA,ID_INDICADOR,ID_ENFOQUE,ID_MEDMIT,ID_PARAMETRO,VALOR,FLAG_ESTADO) values ('387','2','1','12','10','0.05','1');
Insert into MRVMM.T_MAEM_INDICADOR_DATA (ID_INICIATIVA,ID_INDICADOR,ID_ENFOQUE,ID_MEDMIT,ID_PARAMETRO,VALOR,FLAG_ESTADO) values ('387','2','1','12','11','0.13','1');
Insert into MRVMM.T_MAEM_INDICADOR_DATA (ID_INICIATIVA,ID_INDICADOR,ID_ENFOQUE,ID_MEDMIT,ID_PARAMETRO,VALOR,FLAG_ESTADO) values ('387','1','3','12','6','2018','1');
Insert into MRVMM.T_MAEM_INDICADOR_DATA (ID_INICIATIVA,ID_INDICADOR,ID_ENFOQUE,ID_MEDMIT,ID_PARAMETRO,VALOR,FLAG_ESTADO) values ('387','1','3','12','2','2018-09-10','1');
Insert into MRVMM.T_MAEM_INDICADOR_DATA (ID_INICIATIVA,ID_INDICADOR,ID_ENFOQUE,ID_MEDMIT,ID_PARAMETRO,VALOR,FLAG_ESTADO) values ('387','1','3','12','1','1','1');
Insert into MRVMM.T_MAEM_INDICADOR_DATA (ID_INICIATIVA,ID_INDICADOR,ID_ENFOQUE,ID_MEDMIT,ID_PARAMETRO,VALOR,FLAG_ESTADO) values ('387','1','3','12','3','3','1');
Insert into MRVMM.T_MAEM_INDICADOR_DATA (ID_INICIATIVA,ID_INDICADOR,ID_ENFOQUE,ID_MEDMIT,ID_PARAMETRO,VALOR,FLAG_ESTADO) values ('387','1','3','12','7','500','1');
Insert into MRVMM.T_MAEM_INDICADOR_DATA (ID_INICIATIVA,ID_INDICADOR,ID_ENFOQUE,ID_MEDMIT,ID_PARAMETRO,VALOR,FLAG_ESTADO) values ('387','1','3','12','5','YHJ-908','1');
Insert into MRVMM.T_MAEM_INDICADOR_DATA (ID_INICIATIVA,ID_INDICADOR,ID_ENFOQUE,ID_MEDMIT,ID_PARAMETRO,VALOR,FLAG_ESTADO) values ('387','1','3','12','9','549.21','1');
Insert into MRVMM.T_MAEM_INDICADOR_DATA (ID_INICIATIVA,ID_INDICADOR,ID_ENFOQUE,ID_MEDMIT,ID_PARAMETRO,VALOR,FLAG_ESTADO) values ('387','1','3','12','10','94.97','1');
Insert into MRVMM.T_MAEM_INDICADOR_DATA (ID_INICIATIVA,ID_INDICADOR,ID_ENFOQUE,ID_MEDMIT,ID_PARAMETRO,VALOR,FLAG_ESTADO) values ('387','1','3','12','11','454.24','1');
Insert into MRVMM.T_MAEM_INDICADOR_DATA (ID_INICIATIVA,ID_INDICADOR,ID_ENFOQUE,ID_MEDMIT,ID_PARAMETRO,VALOR,FLAG_ESTADO) values ('387','2','3','12','6','2018','1');
Insert into MRVMM.T_MAEM_INDICADOR_DATA (ID_INICIATIVA,ID_INDICADOR,ID_ENFOQUE,ID_MEDMIT,ID_PARAMETRO,VALOR,FLAG_ESTADO) values ('387','2','3','12','2','2018-10-11','1');
Insert into MRVMM.T_MAEM_INDICADOR_DATA (ID_INICIATIVA,ID_INDICADOR,ID_ENFOQUE,ID_MEDMIT,ID_PARAMETRO,VALOR,FLAG_ESTADO) values ('387','2','3','12','1','1','1');
Insert into MRVMM.T_MAEM_INDICADOR_DATA (ID_INICIATIVA,ID_INDICADOR,ID_ENFOQUE,ID_MEDMIT,ID_PARAMETRO,VALOR,FLAG_ESTADO) values ('387','2','3','12','3','1','1');
Insert into MRVMM.T_MAEM_INDICADOR_DATA (ID_INICIATIVA,ID_INDICADOR,ID_ENFOQUE,ID_MEDMIT,ID_PARAMETRO,VALOR,FLAG_ESTADO) values ('387','2','3','12','7','600','1');
Insert into MRVMM.T_MAEM_INDICADOR_DATA (ID_INICIATIVA,ID_INDICADOR,ID_ENFOQUE,ID_MEDMIT,ID_PARAMETRO,VALOR,FLAG_ESTADO) values ('387','2','3','12','5','UJH-890','1');
Insert into MRVMM.T_MAEM_INDICADOR_DATA (ID_INICIATIVA,ID_INDICADOR,ID_ENFOQUE,ID_MEDMIT,ID_PARAMETRO,VALOR,FLAG_ESTADO) values ('387','2','3','12','9','690.09','1');
Insert into MRVMM.T_MAEM_INDICADOR_DATA (ID_INICIATIVA,ID_INDICADOR,ID_ENFOQUE,ID_MEDMIT,ID_PARAMETRO,VALOR,FLAG_ESTADO) values ('387','2','3','12','10','113.97','1');
Insert into MRVMM.T_MAEM_INDICADOR_DATA (ID_INICIATIVA,ID_INDICADOR,ID_ENFOQUE,ID_MEDMIT,ID_PARAMETRO,VALOR,FLAG_ESTADO) values ('387','2','3','12','11','576.12','1');
Insert into MRVMM.T_MAEM_INDICADOR_DATA (ID_INICIATIVA,ID_INDICADOR,ID_ENFOQUE,ID_MEDMIT,ID_PARAMETRO,VALOR,FLAG_ESTADO) values ('392','1','6','10','6','2018','1');
Insert into MRVMM.T_MAEM_INDICADOR_DATA (ID_INICIATIVA,ID_INDICADOR,ID_ENFOQUE,ID_MEDMIT,ID_PARAMETRO,VALOR,FLAG_ESTADO) values ('392','1','6','10','2','2019-02-22','1');
Insert into MRVMM.T_MAEM_INDICADOR_DATA (ID_INICIATIVA,ID_INDICADOR,ID_ENFOQUE,ID_MEDMIT,ID_PARAMETRO,VALOR,FLAG_ESTADO) values ('392','1','6','10','16','3674','1');
Insert into MRVMM.T_MAEM_INDICADOR_DATA (ID_INICIATIVA,ID_INDICADOR,ID_ENFOQUE,ID_MEDMIT,ID_PARAMETRO,VALOR,FLAG_ESTADO) values ('392','1','6','10','11','1.59','1');
Insert into MRVMM.T_MAEM_INDICADOR_DATA (ID_INICIATIVA,ID_INDICADOR,ID_ENFOQUE,ID_MEDMIT,ID_PARAMETRO,VALOR,FLAG_ESTADO) values ('426','1','10','7','6','2016','1');
Insert into MRVMM.T_MAEM_INDICADOR_DATA (ID_INICIATIVA,ID_INDICADOR,ID_ENFOQUE,ID_MEDMIT,ID_PARAMETRO,VALOR,FLAG_ESTADO) values ('426','1','10','7','2','2016-09-01','1');
Insert into MRVMM.T_MAEM_INDICADOR_DATA (ID_INICIATIVA,ID_INDICADOR,ID_ENFOQUE,ID_MEDMIT,ID_PARAMETRO,VALOR,FLAG_ESTADO) values ('426','1','10','7','19','220','1');
Insert into MRVMM.T_MAEM_INDICADOR_DATA (ID_INICIATIVA,ID_INDICADOR,ID_ENFOQUE,ID_MEDMIT,ID_PARAMETRO,VALOR,FLAG_ESTADO) values ('426','1','10','7','20','110','1');
Insert into MRVMM.T_MAEM_INDICADOR_DATA (ID_INICIATIVA,ID_INDICADOR,ID_ENFOQUE,ID_MEDMIT,ID_PARAMETRO,VALOR,FLAG_ESTADO) values ('426','1','10','7','12','150000','1');
Insert into MRVMM.T_MAEM_INDICADOR_DATA (ID_INICIATIVA,ID_INDICADOR,ID_ENFOQUE,ID_MEDMIT,ID_PARAMETRO,VALOR,FLAG_ESTADO) values ('426','1','10','7','17','4','1');
Insert into MRVMM.T_MAEM_INDICADOR_DATA (ID_INICIATIVA,ID_INDICADOR,ID_ENFOQUE,ID_MEDMIT,ID_PARAMETRO,VALOR,FLAG_ESTADO) values ('426','1','10','7','11','22273.11','1');
Insert into MRVMM.T_MAEM_INDICADOR_DATA (ID_INICIATIVA,ID_INDICADOR,ID_ENFOQUE,ID_MEDMIT,ID_PARAMETRO,VALOR,FLAG_ESTADO) values ('426','2','10','7','6','2017','1');
Insert into MRVMM.T_MAEM_INDICADOR_DATA (ID_INICIATIVA,ID_INDICADOR,ID_ENFOQUE,ID_MEDMIT,ID_PARAMETRO,VALOR,FLAG_ESTADO) values ('426','2','10','7','2','2013-02-28','1');
Insert into MRVMM.T_MAEM_INDICADOR_DATA (ID_INICIATIVA,ID_INDICADOR,ID_ENFOQUE,ID_MEDMIT,ID_PARAMETRO,VALOR,FLAG_ESTADO) values ('426','2','10','7','19','250','1');
Insert into MRVMM.T_MAEM_INDICADOR_DATA (ID_INICIATIVA,ID_INDICADOR,ID_ENFOQUE,ID_MEDMIT,ID_PARAMETRO,VALOR,FLAG_ESTADO) values ('426','2','10','7','20','120','1');
Insert into MRVMM.T_MAEM_INDICADOR_DATA (ID_INICIATIVA,ID_INDICADOR,ID_ENFOQUE,ID_MEDMIT,ID_PARAMETRO,VALOR,FLAG_ESTADO) values ('426','2','10','7','12','110000','1');
Insert into MRVMM.T_MAEM_INDICADOR_DATA (ID_INICIATIVA,ID_INDICADOR,ID_ENFOQUE,ID_MEDMIT,ID_PARAMETRO,VALOR,FLAG_ESTADO) values ('426','2','10','7','17','6','1');
Insert into MRVMM.T_MAEM_INDICADOR_DATA (ID_INICIATIVA,ID_INDICADOR,ID_ENFOQUE,ID_MEDMIT,ID_PARAMETRO,VALOR,FLAG_ESTADO) values ('426','2','10','7','11','22041.4','1');
Insert into MRVMM.T_MAEM_INDICADOR_DATA (ID_INICIATIVA,ID_INDICADOR,ID_ENFOQUE,ID_MEDMIT,ID_PARAMETRO,VALOR,FLAG_ESTADO) values ('426','3','10','7','6','2017','1');
Insert into MRVMM.T_MAEM_INDICADOR_DATA (ID_INICIATIVA,ID_INDICADOR,ID_ENFOQUE,ID_MEDMIT,ID_PARAMETRO,VALOR,FLAG_ESTADO) values ('426','3','10','7','2','2018-01-01','1');
Insert into MRVMM.T_MAEM_INDICADOR_DATA (ID_INICIATIVA,ID_INDICADOR,ID_ENFOQUE,ID_MEDMIT,ID_PARAMETRO,VALOR,FLAG_ESTADO) values ('426','3','10','7','19','420','1');
Insert into MRVMM.T_MAEM_INDICADOR_DATA (ID_INICIATIVA,ID_INDICADOR,ID_ENFOQUE,ID_MEDMIT,ID_PARAMETRO,VALOR,FLAG_ESTADO) values ('426','3','10','7','20','250','1');
Insert into MRVMM.T_MAEM_INDICADOR_DATA (ID_INICIATIVA,ID_INDICADOR,ID_ENFOQUE,ID_MEDMIT,ID_PARAMETRO,VALOR,FLAG_ESTADO) values ('426','3','10','7','12','450000','1');
Insert into MRVMM.T_MAEM_INDICADOR_DATA (ID_INICIATIVA,ID_INDICADOR,ID_ENFOQUE,ID_MEDMIT,ID_PARAMETRO,VALOR,FLAG_ESTADO) values ('426','3','10','7','17','4','1');
Insert into MRVMM.T_MAEM_INDICADOR_DATA (ID_INICIATIVA,ID_INDICADOR,ID_ENFOQUE,ID_MEDMIT,ID_PARAMETRO,VALOR,FLAG_ESTADO) values ('426','3','10','7','11','157572.1','1');
Insert into MRVMM.T_MAEM_INDICADOR_DATA (ID_INICIATIVA,ID_INDICADOR,ID_ENFOQUE,ID_MEDMIT,ID_PARAMETRO,VALOR,FLAG_ESTADO) values ('426','4','10','7','6','2017','1');
Insert into MRVMM.T_MAEM_INDICADOR_DATA (ID_INICIATIVA,ID_INDICADOR,ID_ENFOQUE,ID_MEDMIT,ID_PARAMETRO,VALOR,FLAG_ESTADO) values ('426','4','10','7','2','2019-02-02','1');
Insert into MRVMM.T_MAEM_INDICADOR_DATA (ID_INICIATIVA,ID_INDICADOR,ID_ENFOQUE,ID_MEDMIT,ID_PARAMETRO,VALOR,FLAG_ESTADO) values ('426','4','10','7','19','478','1');
Insert into MRVMM.T_MAEM_INDICADOR_DATA (ID_INICIATIVA,ID_INDICADOR,ID_ENFOQUE,ID_MEDMIT,ID_PARAMETRO,VALOR,FLAG_ESTADO) values ('426','4','10','7','20','145','1');
Insert into MRVMM.T_MAEM_INDICADOR_DATA (ID_INICIATIVA,ID_INDICADOR,ID_ENFOQUE,ID_MEDMIT,ID_PARAMETRO,VALOR,FLAG_ESTADO) values ('426','4','10','7','12','750000','1');
Insert into MRVMM.T_MAEM_INDICADOR_DATA (ID_INICIATIVA,ID_INDICADOR,ID_ENFOQUE,ID_MEDMIT,ID_PARAMETRO,VALOR,FLAG_ESTADO) values ('426','4','10','7','17','5','1');
Insert into MRVMM.T_MAEM_INDICADOR_DATA (ID_INICIATIVA,ID_INDICADOR,ID_ENFOQUE,ID_MEDMIT,ID_PARAMETRO,VALOR,FLAG_ESTADO) values ('426','4','10','7','11','294992.17','1');
Insert into MRVMM.T_MAEM_INDICADOR_DATA (ID_INICIATIVA,ID_INDICADOR,ID_ENFOQUE,ID_MEDMIT,ID_PARAMETRO,VALOR,FLAG_ESTADO) values ('444','1','1','12','2','2019-02-01','1');
Insert into MRVMM.T_MAEM_INDICADOR_DATA (ID_INICIATIVA,ID_INDICADOR,ID_ENFOQUE,ID_MEDMIT,ID_PARAMETRO,VALOR,FLAG_ESTADO) values ('444','1','1','12','1','4','1');
Insert into MRVMM.T_MAEM_INDICADOR_DATA (ID_INICIATIVA,ID_INDICADOR,ID_ENFOQUE,ID_MEDMIT,ID_PARAMETRO,VALOR,FLAG_ESTADO) values ('444','1','1','12','3','1','1');
Insert into MRVMM.T_MAEM_INDICADOR_DATA (ID_INICIATIVA,ID_INDICADOR,ID_ENFOQUE,ID_MEDMIT,ID_PARAMETRO,VALOR,FLAG_ESTADO) values ('444','1','1','12','4','1452','1');
Insert into MRVMM.T_MAEM_INDICADOR_DATA (ID_INICIATIVA,ID_INDICADOR,ID_ENFOQUE,ID_MEDMIT,ID_PARAMETRO,VALOR,FLAG_ESTADO) values ('444','1','1','12','12','1','1');
Insert into MRVMM.T_MAEM_INDICADOR_DATA (ID_INICIATIVA,ID_INDICADOR,ID_ENFOQUE,ID_MEDMIT,ID_PARAMETRO,VALOR,FLAG_ESTADO) values ('444','1','1','12','13','1','1');
Insert into MRVMM.T_MAEM_INDICADOR_DATA (ID_INICIATIVA,ID_INDICADOR,ID_ENFOQUE,ID_MEDMIT,ID_PARAMETRO,VALOR,FLAG_ESTADO) values ('444','1','1','12','5','LOP-145','1');
Insert into MRVMM.T_MAEM_INDICADOR_DATA (ID_INICIATIVA,ID_INDICADOR,ID_ENFOQUE,ID_MEDMIT,ID_PARAMETRO,VALOR,FLAG_ESTADO) values ('444','1','1','12','9','2.76','1');
Insert into MRVMM.T_MAEM_INDICADOR_DATA (ID_INICIATIVA,ID_INDICADOR,ID_ENFOQUE,ID_MEDMIT,ID_PARAMETRO,VALOR,FLAG_ESTADO) values ('444','1','1','12','10','0.25','1');
Insert into MRVMM.T_MAEM_INDICADOR_DATA (ID_INICIATIVA,ID_INDICADOR,ID_ENFOQUE,ID_MEDMIT,ID_PARAMETRO,VALOR,FLAG_ESTADO) values ('444','1','1','12','11','2.51','1');
Insert into MRVMM.T_MAEM_INDICADOR_DATA (ID_INICIATIVA,ID_INDICADOR,ID_ENFOQUE,ID_MEDMIT,ID_PARAMETRO,VALOR,FLAG_ESTADO) values ('444','2','1','12','6','2020','1');
Insert into MRVMM.T_MAEM_INDICADOR_DATA (ID_INICIATIVA,ID_INDICADOR,ID_ENFOQUE,ID_MEDMIT,ID_PARAMETRO,VALOR,FLAG_ESTADO) values ('444','2','1','12','2','2020-01-01','1');
Insert into MRVMM.T_MAEM_INDICADOR_DATA (ID_INICIATIVA,ID_INDICADOR,ID_ENFOQUE,ID_MEDMIT,ID_PARAMETRO,VALOR,FLAG_ESTADO) values ('444','2','1','12','1','1','1');
Insert into MRVMM.T_MAEM_INDICADOR_DATA (ID_INICIATIVA,ID_INDICADOR,ID_ENFOQUE,ID_MEDMIT,ID_PARAMETRO,VALOR,FLAG_ESTADO) values ('444','2','1','12','3','2','1');
Insert into MRVMM.T_MAEM_INDICADOR_DATA (ID_INICIATIVA,ID_INDICADOR,ID_ENFOQUE,ID_MEDMIT,ID_PARAMETRO,VALOR,FLAG_ESTADO) values ('444','2','1','12','4','1458','1');
Insert into MRVMM.T_MAEM_INDICADOR_DATA (ID_INICIATIVA,ID_INDICADOR,ID_ENFOQUE,ID_MEDMIT,ID_PARAMETRO,VALOR,FLAG_ESTADO) values ('444','2','1','12','12','2','1');
Insert into MRVMM.T_MAEM_INDICADOR_DATA (ID_INICIATIVA,ID_INDICADOR,ID_ENFOQUE,ID_MEDMIT,ID_PARAMETRO,VALOR,FLAG_ESTADO) values ('444','2','1','12','13','2','1');
Insert into MRVMM.T_MAEM_INDICADOR_DATA (ID_INICIATIVA,ID_INDICADOR,ID_ENFOQUE,ID_MEDMIT,ID_PARAMETRO,VALOR,FLAG_ESTADO) values ('444','2','1','12','9','0.51','1');
Insert into MRVMM.T_MAEM_INDICADOR_DATA (ID_INICIATIVA,ID_INDICADOR,ID_ENFOQUE,ID_MEDMIT,ID_PARAMETRO,VALOR,FLAG_ESTADO) values ('444','2','1','12','10',null,'1');
Insert into MRVMM.T_MAEM_INDICADOR_DATA (ID_INICIATIVA,ID_INDICADOR,ID_ENFOQUE,ID_MEDMIT,ID_PARAMETRO,VALOR,FLAG_ESTADO) values ('444','2','1','12','11','0.51','1');
Insert into MRVMM.T_MAEM_INDICADOR_DATA (ID_INICIATIVA,ID_INDICADOR,ID_ENFOQUE,ID_MEDMIT,ID_PARAMETRO,VALOR,FLAG_ESTADO) values ('444','3','1','12','6','2018','1');
Insert into MRVMM.T_MAEM_INDICADOR_DATA (ID_INICIATIVA,ID_INDICADOR,ID_ENFOQUE,ID_MEDMIT,ID_PARAMETRO,VALOR,FLAG_ESTADO) values ('444','3','1','12','2',null,'1');
Insert into MRVMM.T_MAEM_INDICADOR_DATA (ID_INICIATIVA,ID_INDICADOR,ID_ENFOQUE,ID_MEDMIT,ID_PARAMETRO,VALOR,FLAG_ESTADO) values ('444','3','1','12','1','1','1');
Insert into MRVMM.T_MAEM_INDICADOR_DATA (ID_INICIATIVA,ID_INDICADOR,ID_ENFOQUE,ID_MEDMIT,ID_PARAMETRO,VALOR,FLAG_ESTADO) values ('444','3','1','12','3','2','1');
Insert into MRVMM.T_MAEM_INDICADOR_DATA (ID_INICIATIVA,ID_INDICADOR,ID_ENFOQUE,ID_MEDMIT,ID_PARAMETRO,VALOR,FLAG_ESTADO) values ('444','3','1','12','4','1458','1');
Insert into MRVMM.T_MAEM_INDICADOR_DATA (ID_INICIATIVA,ID_INDICADOR,ID_ENFOQUE,ID_MEDMIT,ID_PARAMETRO,VALOR,FLAG_ESTADO) values ('444','3','1','12','12','3','1');
Insert into MRVMM.T_MAEM_INDICADOR_DATA (ID_INICIATIVA,ID_INDICADOR,ID_ENFOQUE,ID_MEDMIT,ID_PARAMETRO,VALOR,FLAG_ESTADO) values ('444','3','1','12','13','3','1');
Insert into MRVMM.T_MAEM_INDICADOR_DATA (ID_INICIATIVA,ID_INDICADOR,ID_ENFOQUE,ID_MEDMIT,ID_PARAMETRO,VALOR,FLAG_ESTADO) values ('444','3','1','12','5','PLO-145','1');
Insert into MRVMM.T_MAEM_INDICADOR_DATA (ID_INICIATIVA,ID_INDICADOR,ID_ENFOQUE,ID_MEDMIT,ID_PARAMETRO,VALOR,FLAG_ESTADO) values ('444','3','1','12','9','0.76','1');
Insert into MRVMM.T_MAEM_INDICADOR_DATA (ID_INICIATIVA,ID_INDICADOR,ID_ENFOQUE,ID_MEDMIT,ID_PARAMETRO,VALOR,FLAG_ESTADO) values ('444','3','1','12','10','2.22','1');
Insert into MRVMM.T_MAEM_INDICADOR_DATA (ID_INICIATIVA,ID_INDICADOR,ID_ENFOQUE,ID_MEDMIT,ID_PARAMETRO,VALOR,FLAG_ESTADO) values ('444','3','1','12','11','-1.46','1');
Insert into MRVMM.T_MAEM_INDICADOR_DATA (ID_INICIATIVA,ID_INDICADOR,ID_ENFOQUE,ID_MEDMIT,ID_PARAMETRO,VALOR,FLAG_ESTADO) values ('444','4','1','12','6','2019','1');
Insert into MRVMM.T_MAEM_INDICADOR_DATA (ID_INICIATIVA,ID_INDICADOR,ID_ENFOQUE,ID_MEDMIT,ID_PARAMETRO,VALOR,FLAG_ESTADO) values ('444','4','1','12','3','2','1');
Insert into MRVMM.T_MAEM_INDICADOR_DATA (ID_INICIATIVA,ID_INDICADOR,ID_ENFOQUE,ID_MEDMIT,ID_PARAMETRO,VALOR,FLAG_ESTADO) values ('444','4','1','12','4','1458','1');
Insert into MRVMM.T_MAEM_INDICADOR_DATA (ID_INICIATIVA,ID_INDICADOR,ID_ENFOQUE,ID_MEDMIT,ID_PARAMETRO,VALOR,FLAG_ESTADO) values ('444','4','1','12','12','4','1');
Insert into MRVMM.T_MAEM_INDICADOR_DATA (ID_INICIATIVA,ID_INDICADOR,ID_ENFOQUE,ID_MEDMIT,ID_PARAMETRO,VALOR,FLAG_ESTADO) values ('444','4','1','12','13','4','1');
Insert into MRVMM.T_MAEM_INDICADOR_DATA (ID_INICIATIVA,ID_INDICADOR,ID_ENFOQUE,ID_MEDMIT,ID_PARAMETRO,VALOR,FLAG_ESTADO) values ('444','4','1','12','5','PLO-145','1');
Insert into MRVMM.T_MAEM_INDICADOR_DATA (ID_INICIATIVA,ID_INDICADOR,ID_ENFOQUE,ID_MEDMIT,ID_PARAMETRO,VALOR,FLAG_ESTADO) values ('444','4','1','12','9','1.02','1');
Insert into MRVMM.T_MAEM_INDICADOR_DATA (ID_INICIATIVA,ID_INDICADOR,ID_ENFOQUE,ID_MEDMIT,ID_PARAMETRO,VALOR,FLAG_ESTADO) values ('444','4','1','12','10','3.95','1');
Insert into MRVMM.T_MAEM_INDICADOR_DATA (ID_INICIATIVA,ID_INDICADOR,ID_ENFOQUE,ID_MEDMIT,ID_PARAMETRO,VALOR,FLAG_ESTADO) values ('444','4','1','12','11','-2.93','1');
Insert into MRVMM.T_MAEM_INDICADOR_DATA (ID_INICIATIVA,ID_INDICADOR,ID_ENFOQUE,ID_MEDMIT,ID_PARAMETRO,VALOR,FLAG_ESTADO) values ('444','5','1','12','6','2020','1');
Insert into MRVMM.T_MAEM_INDICADOR_DATA (ID_INICIATIVA,ID_INDICADOR,ID_ENFOQUE,ID_MEDMIT,ID_PARAMETRO,VALOR,FLAG_ESTADO) values ('444','5','1','12','2',null,'1');
Insert into MRVMM.T_MAEM_INDICADOR_DATA (ID_INICIATIVA,ID_INDICADOR,ID_ENFOQUE,ID_MEDMIT,ID_PARAMETRO,VALOR,FLAG_ESTADO) values ('444','5','1','12','1','2','1');
Insert into MRVMM.T_MAEM_INDICADOR_DATA (ID_INICIATIVA,ID_INDICADOR,ID_ENFOQUE,ID_MEDMIT,ID_PARAMETRO,VALOR,FLAG_ESTADO) values ('444','5','1','12','3','1','1');
Insert into MRVMM.T_MAEM_INDICADOR_DATA (ID_INICIATIVA,ID_INDICADOR,ID_ENFOQUE,ID_MEDMIT,ID_PARAMETRO,VALOR,FLAG_ESTADO) values ('444','5','1','12','4','1458','1');
Insert into MRVMM.T_MAEM_INDICADOR_DATA (ID_INICIATIVA,ID_INDICADOR,ID_ENFOQUE,ID_MEDMIT,ID_PARAMETRO,VALOR,FLAG_ESTADO) values ('444','5','1','12','12','5','1');
Insert into MRVMM.T_MAEM_INDICADOR_DATA (ID_INICIATIVA,ID_INDICADOR,ID_ENFOQUE,ID_MEDMIT,ID_PARAMETRO,VALOR,FLAG_ESTADO) values ('444','5','1','12','13','5','1');
Insert into MRVMM.T_MAEM_INDICADOR_DATA (ID_INICIATIVA,ID_INDICADOR,ID_ENFOQUE,ID_MEDMIT,ID_PARAMETRO,VALOR,FLAG_ESTADO) values ('444','5','1','12','5','PLO-145','1');
Insert into MRVMM.T_MAEM_INDICADOR_DATA (ID_INICIATIVA,ID_INDICADOR,ID_ENFOQUE,ID_MEDMIT,ID_PARAMETRO,VALOR,FLAG_ESTADO) values ('444','5','1','12','9','5.64','1');
Insert into MRVMM.T_MAEM_INDICADOR_DATA (ID_INICIATIVA,ID_INDICADOR,ID_ENFOQUE,ID_MEDMIT,ID_PARAMETRO,VALOR,FLAG_ESTADO) values ('444','5','1','12','10',null,'1');
Insert into MRVMM.T_MAEM_INDICADOR_DATA (ID_INICIATIVA,ID_INDICADOR,ID_ENFOQUE,ID_MEDMIT,ID_PARAMETRO,VALOR,FLAG_ESTADO) values ('444','5','1','12','11','5.64','1');
Insert into MRVMM.T_MAEM_INDICADOR_DATA (ID_INICIATIVA,ID_INDICADOR,ID_ENFOQUE,ID_MEDMIT,ID_PARAMETRO,VALOR,FLAG_ESTADO) values ('444','6','1','12','6','2018','1');
Insert into MRVMM.T_MAEM_INDICADOR_DATA (ID_INICIATIVA,ID_INDICADOR,ID_ENFOQUE,ID_MEDMIT,ID_PARAMETRO,VALOR,FLAG_ESTADO) values ('444','6','1','12','2',null,'1');
Insert into MRVMM.T_MAEM_INDICADOR_DATA (ID_INICIATIVA,ID_INDICADOR,ID_ENFOQUE,ID_MEDMIT,ID_PARAMETRO,VALOR,FLAG_ESTADO) values ('444','6','1','12','1','1','1');
Insert into MRVMM.T_MAEM_INDICADOR_DATA (ID_INICIATIVA,ID_INDICADOR,ID_ENFOQUE,ID_MEDMIT,ID_PARAMETRO,VALOR,FLAG_ESTADO) values ('444','6','1','12','3','1','1');
Insert into MRVMM.T_MAEM_INDICADOR_DATA (ID_INICIATIVA,ID_INDICADOR,ID_ENFOQUE,ID_MEDMIT,ID_PARAMETRO,VALOR,FLAG_ESTADO) values ('444','6','1','12','4','1458','1');
Insert into MRVMM.T_MAEM_INDICADOR_DATA (ID_INICIATIVA,ID_INDICADOR,ID_ENFOQUE,ID_MEDMIT,ID_PARAMETRO,VALOR,FLAG_ESTADO) values ('444','6','1','12','12','6','1');
Insert into MRVMM.T_MAEM_INDICADOR_DATA (ID_INICIATIVA,ID_INDICADOR,ID_ENFOQUE,ID_MEDMIT,ID_PARAMETRO,VALOR,FLAG_ESTADO) values ('444','6','1','12','13','6','1');
Insert into MRVMM.T_MAEM_INDICADOR_DATA (ID_INICIATIVA,ID_INDICADOR,ID_ENFOQUE,ID_MEDMIT,ID_PARAMETRO,VALOR,FLAG_ESTADO) values ('444','6','1','12','5','PLO-145','1');
Insert into MRVMM.T_MAEM_INDICADOR_DATA (ID_INICIATIVA,ID_INDICADOR,ID_ENFOQUE,ID_MEDMIT,ID_PARAMETRO,VALOR,FLAG_ESTADO) values ('444','6','1','12','9','1.64','1');
Insert into MRVMM.T_MAEM_INDICADOR_DATA (ID_INICIATIVA,ID_INDICADOR,ID_ENFOQUE,ID_MEDMIT,ID_PARAMETRO,VALOR,FLAG_ESTADO) values ('444','6','1','12','10','8.89','1');
Insert into MRVMM.T_MAEM_INDICADOR_DATA (ID_INICIATIVA,ID_INDICADOR,ID_ENFOQUE,ID_MEDMIT,ID_PARAMETRO,VALOR,FLAG_ESTADO) values ('444','6','1','12','11','-7.25','1');
Insert into MRVMM.T_MAEM_INDICADOR_DATA (ID_INICIATIVA,ID_INDICADOR,ID_ENFOQUE,ID_MEDMIT,ID_PARAMETRO,VALOR,FLAG_ESTADO) values ('444','7','1','12','6','2019','1');
Insert into MRVMM.T_MAEM_INDICADOR_DATA (ID_INICIATIVA,ID_INDICADOR,ID_ENFOQUE,ID_MEDMIT,ID_PARAMETRO,VALOR,FLAG_ESTADO) values ('444','7','1','12','2',null,'1');
Insert into MRVMM.T_MAEM_INDICADOR_DATA (ID_INICIATIVA,ID_INDICADOR,ID_ENFOQUE,ID_MEDMIT,ID_PARAMETRO,VALOR,FLAG_ESTADO) values ('444','7','1','12','1','2','1');
Insert into MRVMM.T_MAEM_INDICADOR_DATA (ID_INICIATIVA,ID_INDICADOR,ID_ENFOQUE,ID_MEDMIT,ID_PARAMETRO,VALOR,FLAG_ESTADO) values ('444','7','1','12','3','2','1');
Insert into MRVMM.T_MAEM_INDICADOR_DATA (ID_INICIATIVA,ID_INDICADOR,ID_ENFOQUE,ID_MEDMIT,ID_PARAMETRO,VALOR,FLAG_ESTADO) values ('444','7','1','12','4','1458','1');
Insert into MRVMM.T_MAEM_INDICADOR_DATA (ID_INICIATIVA,ID_INDICADOR,ID_ENFOQUE,ID_MEDMIT,ID_PARAMETRO,VALOR,FLAG_ESTADO) values ('444','7','1','12','12','7','1');
Insert into MRVMM.T_MAEM_INDICADOR_DATA (ID_INICIATIVA,ID_INDICADOR,ID_ENFOQUE,ID_MEDMIT,ID_PARAMETRO,VALOR,FLAG_ESTADO) values ('444','7','1','12','13','7','1');
Insert into MRVMM.T_MAEM_INDICADOR_DATA (ID_INICIATIVA,ID_INDICADOR,ID_ENFOQUE,ID_MEDMIT,ID_PARAMETRO,VALOR,FLAG_ESTADO) values ('444','7','1','12','5','PLO-145','1');
Insert into MRVMM.T_MAEM_INDICADOR_DATA (ID_INICIATIVA,ID_INDICADOR,ID_ENFOQUE,ID_MEDMIT,ID_PARAMETRO,VALOR,FLAG_ESTADO) values ('444','7','1','12','9',null,'1');
Insert into MRVMM.T_MAEM_INDICADOR_DATA (ID_INICIATIVA,ID_INDICADOR,ID_ENFOQUE,ID_MEDMIT,ID_PARAMETRO,VALOR,FLAG_ESTADO) values ('444','7','1','12','10','12.1','1');
Insert into MRVMM.T_MAEM_INDICADOR_DATA (ID_INICIATIVA,ID_INDICADOR,ID_ENFOQUE,ID_MEDMIT,ID_PARAMETRO,VALOR,FLAG_ESTADO) values ('444','7','1','12','11','-12.1','1');
Insert into MRVMM.T_MAEM_INDICADOR_DATA (ID_INICIATIVA,ID_INDICADOR,ID_ENFOQUE,ID_MEDMIT,ID_PARAMETRO,VALOR,FLAG_ESTADO) values ('444','8','1','12','6','2020','1');
Insert into MRVMM.T_MAEM_INDICADOR_DATA (ID_INICIATIVA,ID_INDICADOR,ID_ENFOQUE,ID_MEDMIT,ID_PARAMETRO,VALOR,FLAG_ESTADO) values ('444','8','1','12','2',null,'1');
Insert into MRVMM.T_MAEM_INDICADOR_DATA (ID_INICIATIVA,ID_INDICADOR,ID_ENFOQUE,ID_MEDMIT,ID_PARAMETRO,VALOR,FLAG_ESTADO) values ('444','8','1','12','1','1','1');
Insert into MRVMM.T_MAEM_INDICADOR_DATA (ID_INICIATIVA,ID_INDICADOR,ID_ENFOQUE,ID_MEDMIT,ID_PARAMETRO,VALOR,FLAG_ESTADO) values ('444','8','1','12','3','2','1');
Insert into MRVMM.T_MAEM_INDICADOR_DATA (ID_INICIATIVA,ID_INDICADOR,ID_ENFOQUE,ID_MEDMIT,ID_PARAMETRO,VALOR,FLAG_ESTADO) values ('444','8','1','12','4','1458','1');
Insert into MRVMM.T_MAEM_INDICADOR_DATA (ID_INICIATIVA,ID_INDICADOR,ID_ENFOQUE,ID_MEDMIT,ID_PARAMETRO,VALOR,FLAG_ESTADO) values ('444','8','1','12','12','8','1');
Insert into MRVMM.T_MAEM_INDICADOR_DATA (ID_INICIATIVA,ID_INDICADOR,ID_ENFOQUE,ID_MEDMIT,ID_PARAMETRO,VALOR,FLAG_ESTADO) values ('444','8','1','12','13','8','1');
Insert into MRVMM.T_MAEM_INDICADOR_DATA (ID_INICIATIVA,ID_INDICADOR,ID_ENFOQUE,ID_MEDMIT,ID_PARAMETRO,VALOR,FLAG_ESTADO) values ('444','8','1','12','5','PLO-145','1');
Insert into MRVMM.T_MAEM_INDICADOR_DATA (ID_INICIATIVA,ID_INDICADOR,ID_ENFOQUE,ID_MEDMIT,ID_PARAMETRO,VALOR,FLAG_ESTADO) values ('444','8','1','12','9','2.04','1');
Insert into MRVMM.T_MAEM_INDICADOR_DATA (ID_INICIATIVA,ID_INDICADOR,ID_ENFOQUE,ID_MEDMIT,ID_PARAMETRO,VALOR,FLAG_ESTADO) values ('444','8','1','12','10',null,'1');
Insert into MRVMM.T_MAEM_INDICADOR_DATA (ID_INICIATIVA,ID_INDICADOR,ID_ENFOQUE,ID_MEDMIT,ID_PARAMETRO,VALOR,FLAG_ESTADO) values ('444','8','1','12','11','2.04','1');
Insert into MRVMM.T_MAEM_INDICADOR_DATA (ID_INICIATIVA,ID_INDICADOR,ID_ENFOQUE,ID_MEDMIT,ID_PARAMETRO,VALOR,FLAG_ESTADO) values ('444','9','1','12','6','2016','1');
Insert into MRVMM.T_MAEM_INDICADOR_DATA (ID_INICIATIVA,ID_INDICADOR,ID_ENFOQUE,ID_MEDMIT,ID_PARAMETRO,VALOR,FLAG_ESTADO) values ('444','9','1','12','2',null,'1');
Insert into MRVMM.T_MAEM_INDICADOR_DATA (ID_INICIATIVA,ID_INDICADOR,ID_ENFOQUE,ID_MEDMIT,ID_PARAMETRO,VALOR,FLAG_ESTADO) values ('444','9','1','12','1','3','1');
Insert into MRVMM.T_MAEM_INDICADOR_DATA (ID_INICIATIVA,ID_INDICADOR,ID_ENFOQUE,ID_MEDMIT,ID_PARAMETRO,VALOR,FLAG_ESTADO) values ('444','9','1','12','3','4','1');
Insert into MRVMM.T_MAEM_INDICADOR_DATA (ID_INICIATIVA,ID_INDICADOR,ID_ENFOQUE,ID_MEDMIT,ID_PARAMETRO,VALOR,FLAG_ESTADO) values ('444','9','1','12','4','1458','1');
Insert into MRVMM.T_MAEM_INDICADOR_DATA (ID_INICIATIVA,ID_INDICADOR,ID_ENFOQUE,ID_MEDMIT,ID_PARAMETRO,VALOR,FLAG_ESTADO) values ('444','9','1','12','12','9','1');
Insert into MRVMM.T_MAEM_INDICADOR_DATA (ID_INICIATIVA,ID_INDICADOR,ID_ENFOQUE,ID_MEDMIT,ID_PARAMETRO,VALOR,FLAG_ESTADO) values ('444','9','1','12','13','9','1');
Insert into MRVMM.T_MAEM_INDICADOR_DATA (ID_INICIATIVA,ID_INDICADOR,ID_ENFOQUE,ID_MEDMIT,ID_PARAMETRO,VALOR,FLAG_ESTADO) values ('444','9','1','12','5','PLO-145','1');
Insert into MRVMM.T_MAEM_INDICADOR_DATA (ID_INICIATIVA,ID_INDICADOR,ID_ENFOQUE,ID_MEDMIT,ID_PARAMETRO,VALOR,FLAG_ESTADO) values ('444','9','1','12','9','12.62','1');
Insert into MRVMM.T_MAEM_INDICADOR_DATA (ID_INICIATIVA,ID_INDICADOR,ID_ENFOQUE,ID_MEDMIT,ID_PARAMETRO,VALOR,FLAG_ESTADO) values ('444','9','1','12','10','29.44','1');
Insert into MRVMM.T_MAEM_INDICADOR_DATA (ID_INICIATIVA,ID_INDICADOR,ID_ENFOQUE,ID_MEDMIT,ID_PARAMETRO,VALOR,FLAG_ESTADO) values ('444','9','1','12','11','-16.82','1');
Insert into MRVMM.T_MAEM_INDICADOR_DATA (ID_INICIATIVA,ID_INDICADOR,ID_ENFOQUE,ID_MEDMIT,ID_PARAMETRO,VALOR,FLAG_ESTADO) values ('444','10','1','12','6','2018','1');
Insert into MRVMM.T_MAEM_INDICADOR_DATA (ID_INICIATIVA,ID_INDICADOR,ID_ENFOQUE,ID_MEDMIT,ID_PARAMETRO,VALOR,FLAG_ESTADO) values ('444','10','1','12','2',null,'1');
Insert into MRVMM.T_MAEM_INDICADOR_DATA (ID_INICIATIVA,ID_INDICADOR,ID_ENFOQUE,ID_MEDMIT,ID_PARAMETRO,VALOR,FLAG_ESTADO) values ('444','10','1','12','1','5','1');
Insert into MRVMM.T_MAEM_INDICADOR_DATA (ID_INICIATIVA,ID_INDICADOR,ID_ENFOQUE,ID_MEDMIT,ID_PARAMETRO,VALOR,FLAG_ESTADO) values ('444','10','1','12','3','3','1');
Insert into MRVMM.T_MAEM_INDICADOR_DATA (ID_INICIATIVA,ID_INDICADOR,ID_ENFOQUE,ID_MEDMIT,ID_PARAMETRO,VALOR,FLAG_ESTADO) values ('444','10','1','12','4','1458','1');
Insert into MRVMM.T_MAEM_INDICADOR_DATA (ID_INICIATIVA,ID_INDICADOR,ID_ENFOQUE,ID_MEDMIT,ID_PARAMETRO,VALOR,FLAG_ESTADO) values ('444','10','1','12','12','10','1');
Insert into MRVMM.T_MAEM_INDICADOR_DATA (ID_INICIATIVA,ID_INDICADOR,ID_ENFOQUE,ID_MEDMIT,ID_PARAMETRO,VALOR,FLAG_ESTADO) values ('444','10','1','12','13','10','1');
Insert into MRVMM.T_MAEM_INDICADOR_DATA (ID_INICIATIVA,ID_INDICADOR,ID_ENFOQUE,ID_MEDMIT,ID_PARAMETRO,VALOR,FLAG_ESTADO) values ('444','10','1','12','5','PLO-145','1');
Insert into MRVMM.T_MAEM_INDICADOR_DATA (ID_INICIATIVA,ID_INDICADOR,ID_ENFOQUE,ID_MEDMIT,ID_PARAMETRO,VALOR,FLAG_ESTADO) values ('444','10','1','12','9','1.41','1');
Insert into MRVMM.T_MAEM_INDICADOR_DATA (ID_INICIATIVA,ID_INDICADOR,ID_ENFOQUE,ID_MEDMIT,ID_PARAMETRO,VALOR,FLAG_ESTADO) values ('444','10','1','12','10','24.7','1');
Insert into MRVMM.T_MAEM_INDICADOR_DATA (ID_INICIATIVA,ID_INDICADOR,ID_ENFOQUE,ID_MEDMIT,ID_PARAMETRO,VALOR,FLAG_ESTADO) values ('444','10','1','12','11','-23.29','1');
Insert into MRVMM.T_MAEM_INDICADOR_DATA (ID_INICIATIVA,ID_INDICADOR,ID_ENFOQUE,ID_MEDMIT,ID_PARAMETRO,VALOR,FLAG_ESTADO) values ('463','1','1','12','1','1','1');
Insert into MRVMM.T_MAEM_INDICADOR_DATA (ID_INICIATIVA,ID_INDICADOR,ID_ENFOQUE,ID_MEDMIT,ID_PARAMETRO,VALOR,FLAG_ESTADO) values ('451','1','1','12','6','2019','1');
Insert into MRVMM.T_MAEM_INDICADOR_DATA (ID_INICIATIVA,ID_INDICADOR,ID_ENFOQUE,ID_MEDMIT,ID_PARAMETRO,VALOR,FLAG_ESTADO) values ('451','1','1','12','3','3','1');
Insert into MRVMM.T_MAEM_INDICADOR_DATA (ID_INICIATIVA,ID_INDICADOR,ID_ENFOQUE,ID_MEDMIT,ID_PARAMETRO,VALOR,FLAG_ESTADO) values ('451','1','1','12','4','34184','1');
Insert into MRVMM.T_MAEM_INDICADOR_DATA (ID_INICIATIVA,ID_INDICADOR,ID_ENFOQUE,ID_MEDMIT,ID_PARAMETRO,VALOR,FLAG_ESTADO) values ('451','1','1','12','12','1','1');
Insert into MRVMM.T_MAEM_INDICADOR_DATA (ID_INICIATIVA,ID_INDICADOR,ID_ENFOQUE,ID_MEDMIT,ID_PARAMETRO,VALOR,FLAG_ESTADO) values ('451','1','1','12','13','0.25','1');
Insert into MRVMM.T_MAEM_INDICADOR_DATA (ID_INICIATIVA,ID_INDICADOR,ID_ENFOQUE,ID_MEDMIT,ID_PARAMETRO,VALOR,FLAG_ESTADO) values ('451','1','1','12','5','BCD-623','1');
Insert into MRVMM.T_MAEM_INDICADOR_DATA (ID_INICIATIVA,ID_INDICADOR,ID_ENFOQUE,ID_MEDMIT,ID_PARAMETRO,VALOR,FLAG_ESTADO) values ('451','1','1','12','9','6.12','1');
Insert into MRVMM.T_MAEM_INDICADOR_DATA (ID_INICIATIVA,ID_INDICADOR,ID_ENFOQUE,ID_MEDMIT,ID_PARAMETRO,VALOR,FLAG_ESTADO) values ('451','1','1','12','10','1.45','1');
Insert into MRVMM.T_MAEM_INDICADOR_DATA (ID_INICIATIVA,ID_INDICADOR,ID_ENFOQUE,ID_MEDMIT,ID_PARAMETRO,VALOR,FLAG_ESTADO) values ('451','1','1','12','11','4.67','1');
Insert into MRVMM.T_MAEM_INDICADOR_DATA (ID_INICIATIVA,ID_INDICADOR,ID_ENFOQUE,ID_MEDMIT,ID_PARAMETRO,VALOR,FLAG_ESTADO) values ('451','2','1','12','6','2019','1');
Insert into MRVMM.T_MAEM_INDICADOR_DATA (ID_INICIATIVA,ID_INDICADOR,ID_ENFOQUE,ID_MEDMIT,ID_PARAMETRO,VALOR,FLAG_ESTADO) values ('451','2','1','12','1','1','1');
Insert into MRVMM.T_MAEM_INDICADOR_DATA (ID_INICIATIVA,ID_INDICADOR,ID_ENFOQUE,ID_MEDMIT,ID_PARAMETRO,VALOR,FLAG_ESTADO) values ('451','2','1','12','3','3','1');
Insert into MRVMM.T_MAEM_INDICADOR_DATA (ID_INICIATIVA,ID_INDICADOR,ID_ENFOQUE,ID_MEDMIT,ID_PARAMETRO,VALOR,FLAG_ESTADO) values ('451','2','1','12','4','6761','1');
Insert into MRVMM.T_MAEM_INDICADOR_DATA (ID_INICIATIVA,ID_INDICADOR,ID_ENFOQUE,ID_MEDMIT,ID_PARAMETRO,VALOR,FLAG_ESTADO) values ('451','2','1','12','12','1','1');
Insert into MRVMM.T_MAEM_INDICADOR_DATA (ID_INICIATIVA,ID_INDICADOR,ID_ENFOQUE,ID_MEDMIT,ID_PARAMETRO,VALOR,FLAG_ESTADO) values ('451','2','1','12','13','0.17','1');
Insert into MRVMM.T_MAEM_INDICADOR_DATA (ID_INICIATIVA,ID_INDICADOR,ID_ENFOQUE,ID_MEDMIT,ID_PARAMETRO,VALOR,FLAG_ESTADO) values ('451','2','1','12','5','BKH-349','1');
Insert into MRVMM.T_MAEM_INDICADOR_DATA (ID_INICIATIVA,ID_INDICADOR,ID_ENFOQUE,ID_MEDMIT,ID_PARAMETRO,VALOR,FLAG_ESTADO) values ('451','2','1','12','10','0.19','1');
Insert into MRVMM.T_MAEM_INDICADOR_DATA (ID_INICIATIVA,ID_INDICADOR,ID_ENFOQUE,ID_MEDMIT,ID_PARAMETRO,VALOR,FLAG_ESTADO) values ('451','2','1','12','11','1.02','1');
Insert into MRVMM.T_MAEM_INDICADOR_DATA (ID_INICIATIVA,ID_INDICADOR,ID_ENFOQUE,ID_MEDMIT,ID_PARAMETRO,VALOR,FLAG_ESTADO) values ('451','3','1','12','6','2019','1');
Insert into MRVMM.T_MAEM_INDICADOR_DATA (ID_INICIATIVA,ID_INDICADOR,ID_ENFOQUE,ID_MEDMIT,ID_PARAMETRO,VALOR,FLAG_ESTADO) values ('451','3','1','12','1','3','1');
Insert into MRVMM.T_MAEM_INDICADOR_DATA (ID_INICIATIVA,ID_INDICADOR,ID_ENFOQUE,ID_MEDMIT,ID_PARAMETRO,VALOR,FLAG_ESTADO) values ('451','3','1','12','3','4','1');
Insert into MRVMM.T_MAEM_INDICADOR_DATA (ID_INICIATIVA,ID_INDICADOR,ID_ENFOQUE,ID_MEDMIT,ID_PARAMETRO,VALOR,FLAG_ESTADO) values ('451','3','1','12','4','21799','1');
Insert into MRVMM.T_MAEM_INDICADOR_DATA (ID_INICIATIVA,ID_INDICADOR,ID_ENFOQUE,ID_MEDMIT,ID_PARAMETRO,VALOR,FLAG_ESTADO) values ('451','3','1','12','12','1','1');
Insert into MRVMM.T_MAEM_INDICADOR_DATA (ID_INICIATIVA,ID_INDICADOR,ID_ENFOQUE,ID_MEDMIT,ID_PARAMETRO,VALOR,FLAG_ESTADO) values ('451','3','1','12','13','0.82','1');
Insert into MRVMM.T_MAEM_INDICADOR_DATA (ID_INICIATIVA,ID_INDICADOR,ID_ENFOQUE,ID_MEDMIT,ID_PARAMETRO,VALOR,FLAG_ESTADO) values ('451','3','1','12','5',' F2V-960','1');
Insert into MRVMM.T_MAEM_INDICADOR_DATA (ID_INICIATIVA,ID_INDICADOR,ID_ENFOQUE,ID_MEDMIT,ID_PARAMETRO,VALOR,FLAG_ESTADO) values ('451','3','1','12','9','20.96','1');
Insert into MRVMM.T_MAEM_INDICADOR_DATA (ID_INICIATIVA,ID_INDICADOR,ID_ENFOQUE,ID_MEDMIT,ID_PARAMETRO,VALOR,FLAG_ESTADO) values ('451','3','1','12','10','3.04','1');
Insert into MRVMM.T_MAEM_INDICADOR_DATA (ID_INICIATIVA,ID_INDICADOR,ID_ENFOQUE,ID_MEDMIT,ID_PARAMETRO,VALOR,FLAG_ESTADO) values ('386','4','1','12','6','2017','1');
Insert into MRVMM.T_MAEM_INDICADOR_DATA (ID_INICIATIVA,ID_INDICADOR,ID_ENFOQUE,ID_MEDMIT,ID_PARAMETRO,VALOR,FLAG_ESTADO) values ('386','4','1','12','2','2018-03-30','1');
Insert into MRVMM.T_MAEM_INDICADOR_DATA (ID_INICIATIVA,ID_INDICADOR,ID_ENFOQUE,ID_MEDMIT,ID_PARAMETRO,VALOR,FLAG_ESTADO) values ('386','4','1','12','1','1','1');
Insert into MRVMM.T_MAEM_INDICADOR_DATA (ID_INICIATIVA,ID_INDICADOR,ID_ENFOQUE,ID_MEDMIT,ID_PARAMETRO,VALOR,FLAG_ESTADO) values ('386','4','1','12','3','3','1');
Insert into MRVMM.T_MAEM_INDICADOR_DATA (ID_INICIATIVA,ID_INDICADOR,ID_ENFOQUE,ID_MEDMIT,ID_PARAMETRO,VALOR,FLAG_ESTADO) values ('386','4','1','12','4','150','1');
Insert into MRVMM.T_MAEM_INDICADOR_DATA (ID_INICIATIVA,ID_INDICADOR,ID_ENFOQUE,ID_MEDMIT,ID_PARAMETRO,VALOR,FLAG_ESTADO) values ('386','4','1','12','12','10','1');
Insert into MRVMM.T_MAEM_INDICADOR_DATA (ID_INICIATIVA,ID_INDICADOR,ID_ENFOQUE,ID_MEDMIT,ID_PARAMETRO,VALOR,FLAG_ESTADO) values ('386','4','1','12','13','1','1');
Insert into MRVMM.T_MAEM_INDICADOR_DATA (ID_INICIATIVA,ID_INDICADOR,ID_ENFOQUE,ID_MEDMIT,ID_PARAMETRO,VALOR,FLAG_ESTADO) values ('386','4','1','12','5','IJU-YFT','1');
Insert into MRVMM.T_MAEM_INDICADOR_DATA (ID_INICIATIVA,ID_INDICADOR,ID_ENFOQUE,ID_MEDMIT,ID_PARAMETRO,VALOR,FLAG_ESTADO) values ('386','4','1','12','9','0.27','1');
Insert into MRVMM.T_MAEM_INDICADOR_DATA (ID_INICIATIVA,ID_INDICADOR,ID_ENFOQUE,ID_MEDMIT,ID_PARAMETRO,VALOR,FLAG_ESTADO) values ('386','4','1','12','10','0.31','1');
Insert into MRVMM.T_MAEM_INDICADOR_DATA (ID_INICIATIVA,ID_INDICADOR,ID_ENFOQUE,ID_MEDMIT,ID_PARAMETRO,VALOR,FLAG_ESTADO) values ('386','4','1','12','11','-0.04','1');
Insert into MRVMM.T_MAEM_INDICADOR_DATA (ID_INICIATIVA,ID_INDICADOR,ID_ENFOQUE,ID_MEDMIT,ID_PARAMETRO,VALOR,FLAG_ESTADO) values ('387','1','1','12','2','2019-12-11','1');
Insert into MRVMM.T_MAEM_INDICADOR_DATA (ID_INICIATIVA,ID_INDICADOR,ID_ENFOQUE,ID_MEDMIT,ID_PARAMETRO,VALOR,FLAG_ESTADO) values ('374','1','3','12','6','2018','1');
Insert into MRVMM.T_MAEM_INDICADOR_DATA (ID_INICIATIVA,ID_INDICADOR,ID_ENFOQUE,ID_MEDMIT,ID_PARAMETRO,VALOR,FLAG_ESTADO) values ('374','1','3','12','2','2019-02-28','1');
Insert into MRVMM.T_MAEM_INDICADOR_DATA (ID_INICIATIVA,ID_INDICADOR,ID_ENFOQUE,ID_MEDMIT,ID_PARAMETRO,VALOR,FLAG_ESTADO) values ('374','1','3','12','1','1','1');
Insert into MRVMM.T_MAEM_INDICADOR_DATA (ID_INICIATIVA,ID_INDICADOR,ID_ENFOQUE,ID_MEDMIT,ID_PARAMETRO,VALOR,FLAG_ESTADO) values ('374','1','3','12','3','3','1');
Insert into MRVMM.T_MAEM_INDICADOR_DATA (ID_INICIATIVA,ID_INDICADOR,ID_ENFOQUE,ID_MEDMIT,ID_PARAMETRO,VALOR,FLAG_ESTADO) values ('374','1','3','12','7','222','1');
Insert into MRVMM.T_MAEM_INDICADOR_DATA (ID_INICIATIVA,ID_INDICADOR,ID_ENFOQUE,ID_MEDMIT,ID_PARAMETRO,VALOR,FLAG_ESTADO) values ('374','1','3','12','5','ABC-001','1');
Insert into MRVMM.T_MAEM_INDICADOR_DATA (ID_INICIATIVA,ID_INDICADOR,ID_ENFOQUE,ID_MEDMIT,ID_PARAMETRO,VALOR,FLAG_ESTADO) values ('374','1','3','12','9','243.85','1');
Insert into MRVMM.T_MAEM_INDICADOR_DATA (ID_INICIATIVA,ID_INDICADOR,ID_ENFOQUE,ID_MEDMIT,ID_PARAMETRO,VALOR,FLAG_ESTADO) values ('374','1','3','12','10','42.17','1');
Insert into MRVMM.T_MAEM_INDICADOR_DATA (ID_INICIATIVA,ID_INDICADOR,ID_ENFOQUE,ID_MEDMIT,ID_PARAMETRO,VALOR,FLAG_ESTADO) values ('374','1','3','12','11','201.68','1');
Insert into MRVMM.T_MAEM_INDICADOR_DATA (ID_INICIATIVA,ID_INDICADOR,ID_ENFOQUE,ID_MEDMIT,ID_PARAMETRO,VALOR,FLAG_ESTADO) values ('374','2','3','12','6','2018','1');
Insert into MRVMM.T_MAEM_INDICADOR_DATA (ID_INICIATIVA,ID_INDICADOR,ID_ENFOQUE,ID_MEDMIT,ID_PARAMETRO,VALOR,FLAG_ESTADO) values ('374','2','3','12','2','2019-07-01','1');
Insert into MRVMM.T_MAEM_INDICADOR_DATA (ID_INICIATIVA,ID_INDICADOR,ID_ENFOQUE,ID_MEDMIT,ID_PARAMETRO,VALOR,FLAG_ESTADO) values ('374','2','3','12','1','3','1');
Insert into MRVMM.T_MAEM_INDICADOR_DATA (ID_INICIATIVA,ID_INDICADOR,ID_ENFOQUE,ID_MEDMIT,ID_PARAMETRO,VALOR,FLAG_ESTADO) values ('374','2','3','12','3','4','1');
Insert into MRVMM.T_MAEM_INDICADOR_DATA (ID_INICIATIVA,ID_INDICADOR,ID_ENFOQUE,ID_MEDMIT,ID_PARAMETRO,VALOR,FLAG_ESTADO) values ('374','2','3','12','7','369','1');
Insert into MRVMM.T_MAEM_INDICADOR_DATA (ID_INICIATIVA,ID_INDICADOR,ID_ENFOQUE,ID_MEDMIT,ID_PARAMETRO,VALOR,FLAG_ESTADO) values ('374','2','3','12','5','BCD-002','1');
Insert into MRVMM.T_MAEM_INDICADOR_DATA (ID_INICIATIVA,ID_INDICADOR,ID_ENFOQUE,ID_MEDMIT,ID_PARAMETRO,VALOR,FLAG_ESTADO) values ('374','2','3','12','9','30.16','1');
Insert into MRVMM.T_MAEM_INDICADOR_DATA (ID_INICIATIVA,ID_INDICADOR,ID_ENFOQUE,ID_MEDMIT,ID_PARAMETRO,VALOR,FLAG_ESTADO) values ('374','2','3','12','10','7.01','1');
Insert into MRVMM.T_MAEM_INDICADOR_DATA (ID_INICIATIVA,ID_INDICADOR,ID_ENFOQUE,ID_MEDMIT,ID_PARAMETRO,VALOR,FLAG_ESTADO) values ('374','2','3','12','11','23.15','1');
Insert into MRVMM.T_MAEM_INDICADOR_DATA (ID_INICIATIVA,ID_INDICADOR,ID_ENFOQUE,ID_MEDMIT,ID_PARAMETRO,VALOR,FLAG_ESTADO) values ('374','3','3','12','6','2018','1');
Insert into MRVMM.T_MAEM_INDICADOR_DATA (ID_INICIATIVA,ID_INDICADOR,ID_ENFOQUE,ID_MEDMIT,ID_PARAMETRO,VALOR,FLAG_ESTADO) values ('374','3','3','12','2','2019-03-04','1');
Insert into MRVMM.T_MAEM_INDICADOR_DATA (ID_INICIATIVA,ID_INDICADOR,ID_ENFOQUE,ID_MEDMIT,ID_PARAMETRO,VALOR,FLAG_ESTADO) values ('374','3','3','12','1','5','1');
Insert into MRVMM.T_MAEM_INDICADOR_DATA (ID_INICIATIVA,ID_INDICADOR,ID_ENFOQUE,ID_MEDMIT,ID_PARAMETRO,VALOR,FLAG_ESTADO) values ('374','3','3','12','3','3','1');
Insert into MRVMM.T_MAEM_INDICADOR_DATA (ID_INICIATIVA,ID_INDICADOR,ID_ENFOQUE,ID_MEDMIT,ID_PARAMETRO,VALOR,FLAG_ESTADO) values ('374','3','3','12','7','2430','1');
Insert into MRVMM.T_MAEM_INDICADOR_DATA (ID_INICIATIVA,ID_INDICADOR,ID_ENFOQUE,ID_MEDMIT,ID_PARAMETRO,VALOR,FLAG_ESTADO) values ('374','3','3','12','5','NMC-003','1');
Insert into MRVMM.T_MAEM_INDICADOR_DATA (ID_INICIATIVA,ID_INDICADOR,ID_ENFOQUE,ID_MEDMIT,ID_PARAMETRO,VALOR,FLAG_ESTADO) values ('374','3','3','12','9','4323.64','1');
Insert into MRVMM.T_MAEM_INDICADOR_DATA (ID_INICIATIVA,ID_INDICADOR,ID_ENFOQUE,ID_MEDMIT,ID_PARAMETRO,VALOR,FLAG_ESTADO) values ('374','3','3','12','10','461.56','1');
Insert into MRVMM.T_MAEM_INDICADOR_DATA (ID_INICIATIVA,ID_INDICADOR,ID_ENFOQUE,ID_MEDMIT,ID_PARAMETRO,VALOR,FLAG_ESTADO) values ('374','3','3','12','11','3862.08','1');
Insert into MRVMM.T_MAEM_INDICADOR_DATA (ID_INICIATIVA,ID_INDICADOR,ID_ENFOQUE,ID_MEDMIT,ID_PARAMETRO,VALOR,FLAG_ESTADO) values ('374','4','3','12','6','2018','1');
Insert into MRVMM.T_MAEM_INDICADOR_DATA (ID_INICIATIVA,ID_INDICADOR,ID_ENFOQUE,ID_MEDMIT,ID_PARAMETRO,VALOR,FLAG_ESTADO) values ('374','4','3','12','2','2019-03-05','1');
Insert into MRVMM.T_MAEM_INDICADOR_DATA (ID_INICIATIVA,ID_INDICADOR,ID_ENFOQUE,ID_MEDMIT,ID_PARAMETRO,VALOR,FLAG_ESTADO) values ('374','4','3','12','1','6','1');
Insert into MRVMM.T_MAEM_INDICADOR_DATA (ID_INICIATIVA,ID_INDICADOR,ID_ENFOQUE,ID_MEDMIT,ID_PARAMETRO,VALOR,FLAG_ESTADO) values ('374','4','3','12','3','3','1');
Insert into MRVMM.T_MAEM_INDICADOR_DATA (ID_INICIATIVA,ID_INDICADOR,ID_ENFOQUE,ID_MEDMIT,ID_PARAMETRO,VALOR,FLAG_ESTADO) values ('374','4','3','12','7','1660','1');
Insert into MRVMM.T_MAEM_INDICADOR_DATA (ID_INICIATIVA,ID_INDICADOR,ID_ENFOQUE,ID_MEDMIT,ID_PARAMETRO,VALOR,FLAG_ESTADO) values ('374','4','3','12','5','RFG-004','1');
Insert into MRVMM.T_MAEM_INDICADOR_DATA (ID_INICIATIVA,ID_INDICADOR,ID_ENFOQUE,ID_MEDMIT,ID_PARAMETRO,VALOR,FLAG_ESTADO) values ('374','4','3','12','9','3945.39','1');
Insert into MRVMM.T_MAEM_INDICADOR_DATA (ID_INICIATIVA,ID_INDICADOR,ID_ENFOQUE,ID_MEDMIT,ID_PARAMETRO,VALOR,FLAG_ESTADO) values ('374','4','3','12','10','3165.74','1');
Insert into MRVMM.T_MAEM_INDICADOR_DATA (ID_INICIATIVA,ID_INDICADOR,ID_ENFOQUE,ID_MEDMIT,ID_PARAMETRO,VALOR,FLAG_ESTADO) values ('374','4','3','12','11','779.65','1');
Insert into MRVMM.T_MAEM_INDICADOR_DATA (ID_INICIATIVA,ID_INDICADOR,ID_ENFOQUE,ID_MEDMIT,ID_PARAMETRO,VALOR,FLAG_ESTADO) values ('374','1','4','12','6','2018','1');
Insert into MRVMM.T_MAEM_INDICADOR_DATA (ID_INICIATIVA,ID_INDICADOR,ID_ENFOQUE,ID_MEDMIT,ID_PARAMETRO,VALOR,FLAG_ESTADO) values ('374','1','4','12','2','2019-11-01','1');
Insert into MRVMM.T_MAEM_INDICADOR_DATA (ID_INICIATIVA,ID_INDICADOR,ID_ENFOQUE,ID_MEDMIT,ID_PARAMETRO,VALOR,FLAG_ESTADO) values ('374','1','4','12','1','1','1');
Insert into MRVMM.T_MAEM_INDICADOR_DATA (ID_INICIATIVA,ID_INDICADOR,ID_ENFOQUE,ID_MEDMIT,ID_PARAMETRO,VALOR,FLAG_ESTADO) values ('374','1','4','12','3','3','1');
Insert into MRVMM.T_MAEM_INDICADOR_DATA (ID_INICIATIVA,ID_INDICADOR,ID_ENFOQUE,ID_MEDMIT,ID_PARAMETRO,VALOR,FLAG_ESTADO) values ('374','1','4','12','7','167','1');
Insert into MRVMM.T_MAEM_INDICADOR_DATA (ID_INICIATIVA,ID_INDICADOR,ID_ENFOQUE,ID_MEDMIT,ID_PARAMETRO,VALOR,FLAG_ESTADO) values ('374','1','4','12','8','216','1');
Insert into MRVMM.T_MAEM_INDICADOR_DATA (ID_INICIATIVA,ID_INDICADOR,ID_ENFOQUE,ID_MEDMIT,ID_PARAMETRO,VALOR,FLAG_ESTADO) values ('374','1','4','12','12','1','1');
Insert into MRVMM.T_MAEM_INDICADOR_DATA (ID_INICIATIVA,ID_INDICADOR,ID_ENFOQUE,ID_MEDMIT,ID_PARAMETRO,VALOR,FLAG_ESTADO) values ('374','1','4','12','5','ABC-001','1');
Insert into MRVMM.T_MAEM_INDICADOR_DATA (ID_INICIATIVA,ID_INDICADOR,ID_ENFOQUE,ID_MEDMIT,ID_PARAMETRO,VALOR,FLAG_ESTADO) values ('374','1','4','12','9',null,'1');
Insert into MRVMM.T_MAEM_INDICADOR_DATA (ID_INICIATIVA,ID_INDICADOR,ID_ENFOQUE,ID_MEDMIT,ID_PARAMETRO,VALOR,FLAG_ESTADO) values ('374','1','4','12','10',null,'1');
Insert into MRVMM.T_MAEM_INDICADOR_DATA (ID_INICIATIVA,ID_INDICADOR,ID_ENFOQUE,ID_MEDMIT,ID_PARAMETRO,VALOR,FLAG_ESTADO) values ('374','1','4','12','11',null,'1');
Insert into MRVMM.T_MAEM_INDICADOR_DATA (ID_INICIATIVA,ID_INDICADOR,ID_ENFOQUE,ID_MEDMIT,ID_PARAMETRO,VALOR,FLAG_ESTADO) values ('374','2','4','12','6','2018','1');
Insert into MRVMM.T_MAEM_INDICADOR_DATA (ID_INICIATIVA,ID_INDICADOR,ID_ENFOQUE,ID_MEDMIT,ID_PARAMETRO,VALOR,FLAG_ESTADO) values ('374','2','4','12','2','2019-03-03','1');
Insert into MRVMM.T_MAEM_INDICADOR_DATA (ID_INICIATIVA,ID_INDICADOR,ID_ENFOQUE,ID_MEDMIT,ID_PARAMETRO,VALOR,FLAG_ESTADO) values ('374','2','4','12','1','3','1');
Insert into MRVMM.T_MAEM_INDICADOR_DATA (ID_INICIATIVA,ID_INDICADOR,ID_ENFOQUE,ID_MEDMIT,ID_PARAMETRO,VALOR,FLAG_ESTADO) values ('374','2','4','12','3','4','1');
Insert into MRVMM.T_MAEM_INDICADOR_DATA (ID_INICIATIVA,ID_INDICADOR,ID_ENFOQUE,ID_MEDMIT,ID_PARAMETRO,VALOR,FLAG_ESTADO) values ('374','2','4','12','7','240','1');
Insert into MRVMM.T_MAEM_INDICADOR_DATA (ID_INICIATIVA,ID_INDICADOR,ID_ENFOQUE,ID_MEDMIT,ID_PARAMETRO,VALOR,FLAG_ESTADO) values ('374','2','4','12','8','724','1');
Insert into MRVMM.T_MAEM_INDICADOR_DATA (ID_INICIATIVA,ID_INDICADOR,ID_ENFOQUE,ID_MEDMIT,ID_PARAMETRO,VALOR,FLAG_ESTADO) values ('374','2','4','12','12','1','1');
Insert into MRVMM.T_MAEM_INDICADOR_DATA (ID_INICIATIVA,ID_INDICADOR,ID_ENFOQUE,ID_MEDMIT,ID_PARAMETRO,VALOR,FLAG_ESTADO) values ('374','2','4','12','5','BGH-002','1');
Insert into MRVMM.T_MAEM_INDICADOR_DATA (ID_INICIATIVA,ID_INDICADOR,ID_ENFOQUE,ID_MEDMIT,ID_PARAMETRO,VALOR,FLAG_ESTADO) values ('374','2','4','12','9',null,'1');
Insert into MRVMM.T_MAEM_INDICADOR_DATA (ID_INICIATIVA,ID_INDICADOR,ID_ENFOQUE,ID_MEDMIT,ID_PARAMETRO,VALOR,FLAG_ESTADO) values ('374','2','4','12','10',null,'1');
Insert into MRVMM.T_MAEM_INDICADOR_DATA (ID_INICIATIVA,ID_INDICADOR,ID_ENFOQUE,ID_MEDMIT,ID_PARAMETRO,VALOR,FLAG_ESTADO) values ('374','2','4','12','11',null,'1');
Insert into MRVMM.T_MAEM_INDICADOR_DATA (ID_INICIATIVA,ID_INDICADOR,ID_ENFOQUE,ID_MEDMIT,ID_PARAMETRO,VALOR,FLAG_ESTADO) values ('395','1','4','12','6','2018','1');
Insert into MRVMM.T_MAEM_INDICADOR_DATA (ID_INICIATIVA,ID_INDICADOR,ID_ENFOQUE,ID_MEDMIT,ID_PARAMETRO,VALOR,FLAG_ESTADO) values ('395','1','4','12','2','2019-11-01','1');
Insert into MRVMM.T_MAEM_INDICADOR_DATA (ID_INICIATIVA,ID_INDICADOR,ID_ENFOQUE,ID_MEDMIT,ID_PARAMETRO,VALOR,FLAG_ESTADO) values ('395','1','4','12','1','1','1');
Insert into MRVMM.T_MAEM_INDICADOR_DATA (ID_INICIATIVA,ID_INDICADOR,ID_ENFOQUE,ID_MEDMIT,ID_PARAMETRO,VALOR,FLAG_ESTADO) values ('395','1','4','12','3','3','1');
Insert into MRVMM.T_MAEM_INDICADOR_DATA (ID_INICIATIVA,ID_INDICADOR,ID_ENFOQUE,ID_MEDMIT,ID_PARAMETRO,VALOR,FLAG_ESTADO) values ('395','1','4','12','7','167','1');
Insert into MRVMM.T_MAEM_INDICADOR_DATA (ID_INICIATIVA,ID_INDICADOR,ID_ENFOQUE,ID_MEDMIT,ID_PARAMETRO,VALOR,FLAG_ESTADO) values ('395','1','4','12','8','216','1');
Insert into MRVMM.T_MAEM_INDICADOR_DATA (ID_INICIATIVA,ID_INDICADOR,ID_ENFOQUE,ID_MEDMIT,ID_PARAMETRO,VALOR,FLAG_ESTADO) values ('395','1','4','12','12','1','1');
Insert into MRVMM.T_MAEM_INDICADOR_DATA (ID_INICIATIVA,ID_INDICADOR,ID_ENFOQUE,ID_MEDMIT,ID_PARAMETRO,VALOR,FLAG_ESTADO) values ('395','1','4','12','5',null,'1');
Insert into MRVMM.T_MAEM_INDICADOR_DATA (ID_INICIATIVA,ID_INDICADOR,ID_ENFOQUE,ID_MEDMIT,ID_PARAMETRO,VALOR,FLAG_ESTADO) values ('395','1','4','12','9',null,'1');
Insert into MRVMM.T_MAEM_INDICADOR_DATA (ID_INICIATIVA,ID_INDICADOR,ID_ENFOQUE,ID_MEDMIT,ID_PARAMETRO,VALOR,FLAG_ESTADO) values ('395','1','4','12','10',null,'1');
Insert into MRVMM.T_MAEM_INDICADOR_DATA (ID_INICIATIVA,ID_INDICADOR,ID_ENFOQUE,ID_MEDMIT,ID_PARAMETRO,VALOR,FLAG_ESTADO) values ('395','1','4','12','11',null,'1');
Insert into MRVMM.T_MAEM_INDICADOR_DATA (ID_INICIATIVA,ID_INDICADOR,ID_ENFOQUE,ID_MEDMIT,ID_PARAMETRO,VALOR,FLAG_ESTADO) values ('395','1','2','12','6','2018','1');
Insert into MRVMM.T_MAEM_INDICADOR_DATA (ID_INICIATIVA,ID_INDICADOR,ID_ENFOQUE,ID_MEDMIT,ID_PARAMETRO,VALOR,FLAG_ESTADO) values ('395','1','2','12','2','2018-03-23','1');
Insert into MRVMM.T_MAEM_INDICADOR_DATA (ID_INICIATIVA,ID_INDICADOR,ID_ENFOQUE,ID_MEDMIT,ID_PARAMETRO,VALOR,FLAG_ESTADO) values ('395','1','2','12','1','1','1');
Insert into MRVMM.T_MAEM_INDICADOR_DATA (ID_INICIATIVA,ID_INDICADOR,ID_ENFOQUE,ID_MEDMIT,ID_PARAMETRO,VALOR,FLAG_ESTADO) values ('395','1','2','12','3','3','1');
Insert into MRVMM.T_MAEM_INDICADOR_DATA (ID_INICIATIVA,ID_INDICADOR,ID_ENFOQUE,ID_MEDMIT,ID_PARAMETRO,VALOR,FLAG_ESTADO) values ('395','1','2','12','15','14400','1');
Insert into MRVMM.T_MAEM_INDICADOR_DATA (ID_INICIATIVA,ID_INDICADOR,ID_ENFOQUE,ID_MEDMIT,ID_PARAMETRO,VALOR,FLAG_ESTADO) values ('395','1','2','12','4','43200','1');
Insert into MRVMM.T_MAEM_INDICADOR_DATA (ID_INICIATIVA,ID_INDICADOR,ID_ENFOQUE,ID_MEDMIT,ID_PARAMETRO,VALOR,FLAG_ESTADO) values ('395','1','2','12','12','20','1');
Insert into MRVMM.T_MAEM_INDICADOR_DATA (ID_INICIATIVA,ID_INDICADOR,ID_ENFOQUE,ID_MEDMIT,ID_PARAMETRO,VALOR,FLAG_ESTADO) values ('395','1','2','12','13','0.16','1');
Insert into MRVMM.T_MAEM_INDICADOR_DATA (ID_INICIATIVA,ID_INDICADOR,ID_ENFOQUE,ID_MEDMIT,ID_PARAMETRO,VALOR,FLAG_ESTADO) values ('395','1','2','12','5','ABC-004','1');
Insert into MRVMM.T_MAEM_INDICADOR_DATA (ID_INICIATIVA,ID_INDICADOR,ID_ENFOQUE,ID_MEDMIT,ID_PARAMETRO,VALOR,FLAG_ESTADO) values ('395','1','2','12','9','206.13','1');
Insert into MRVMM.T_MAEM_INDICADOR_DATA (ID_INICIATIVA,ID_INDICADOR,ID_ENFOQUE,ID_MEDMIT,ID_PARAMETRO,VALOR,FLAG_ESTADO) values ('395','1','2','12','10','75.37','1');
Insert into MRVMM.T_MAEM_INDICADOR_DATA (ID_INICIATIVA,ID_INDICADOR,ID_ENFOQUE,ID_MEDMIT,ID_PARAMETRO,VALOR,FLAG_ESTADO) values ('395','1','2','12','11','130.76','1');
Insert into MRVMM.T_MAEM_INDICADOR_DATA (ID_INICIATIVA,ID_INDICADOR,ID_ENFOQUE,ID_MEDMIT,ID_PARAMETRO,VALOR,FLAG_ESTADO) values ('422','1','1','12','2','2018-01-01','1');
Insert into MRVMM.T_MAEM_INDICADOR_DATA (ID_INICIATIVA,ID_INDICADOR,ID_ENFOQUE,ID_MEDMIT,ID_PARAMETRO,VALOR,FLAG_ESTADO) values ('422','1','1','12','1','1','1');
Insert into MRVMM.T_MAEM_INDICADOR_DATA (ID_INICIATIVA,ID_INDICADOR,ID_ENFOQUE,ID_MEDMIT,ID_PARAMETRO,VALOR,FLAG_ESTADO) values ('422','1','1','12','3','3','1');
Insert into MRVMM.T_MAEM_INDICADOR_DATA (ID_INICIATIVA,ID_INDICADOR,ID_ENFOQUE,ID_MEDMIT,ID_PARAMETRO,VALOR,FLAG_ESTADO) values ('422','1','1','12','4','50000','1');
Insert into MRVMM.T_MAEM_INDICADOR_DATA (ID_INICIATIVA,ID_INDICADOR,ID_ENFOQUE,ID_MEDMIT,ID_PARAMETRO,VALOR,FLAG_ESTADO) values ('422','1','1','12','12','1','1');
Insert into MRVMM.T_MAEM_INDICADOR_DATA (ID_INICIATIVA,ID_INDICADOR,ID_ENFOQUE,ID_MEDMIT,ID_PARAMETRO,VALOR,FLAG_ESTADO) values ('422','1','1','12','13','1','1');
Insert into MRVMM.T_MAEM_INDICADOR_DATA (ID_INICIATIVA,ID_INDICADOR,ID_ENFOQUE,ID_MEDMIT,ID_PARAMETRO,VALOR,FLAG_ESTADO) values ('422','1','1','12','5','SED-UHY','1');
Insert into MRVMM.T_MAEM_INDICADOR_DATA (ID_INICIATIVA,ID_INDICADOR,ID_ENFOQUE,ID_MEDMIT,ID_PARAMETRO,VALOR,FLAG_ESTADO) values ('422','1','1','12','9','8.95','1');
Insert into MRVMM.T_MAEM_INDICADOR_DATA (ID_INICIATIVA,ID_INDICADOR,ID_ENFOQUE,ID_MEDMIT,ID_PARAMETRO,VALOR,FLAG_ESTADO) values ('422','1','1','12','10','8.47','1');
Insert into MRVMM.T_MAEM_INDICADOR_DATA (ID_INICIATIVA,ID_INDICADOR,ID_ENFOQUE,ID_MEDMIT,ID_PARAMETRO,VALOR,FLAG_ESTADO) values ('422','1','1','12','11','0.48','1');
Insert into MRVMM.T_MAEM_INDICADOR_DATA (ID_INICIATIVA,ID_INDICADOR,ID_ENFOQUE,ID_MEDMIT,ID_PARAMETRO,VALOR,FLAG_ESTADO) values ('422','2','1','12','6','2019','1');
Insert into MRVMM.T_MAEM_INDICADOR_DATA (ID_INICIATIVA,ID_INDICADOR,ID_ENFOQUE,ID_MEDMIT,ID_PARAMETRO,VALOR,FLAG_ESTADO) values ('422','2','1','12','2','2019-02-02','1');
Insert into MRVMM.T_MAEM_INDICADOR_DATA (ID_INICIATIVA,ID_INDICADOR,ID_ENFOQUE,ID_MEDMIT,ID_PARAMETRO,VALOR,FLAG_ESTADO) values ('422','2','1','12','1','2','1');
Insert into MRVMM.T_MAEM_INDICADOR_DATA (ID_INICIATIVA,ID_INDICADOR,ID_ENFOQUE,ID_MEDMIT,ID_PARAMETRO,VALOR,FLAG_ESTADO) values ('422','2','1','12','3','1','1');
Insert into MRVMM.T_MAEM_INDICADOR_DATA (ID_INICIATIVA,ID_INDICADOR,ID_ENFOQUE,ID_MEDMIT,ID_PARAMETRO,VALOR,FLAG_ESTADO) values ('422','2','1','12','4','14000','1');
Insert into MRVMM.T_MAEM_INDICADOR_DATA (ID_INICIATIVA,ID_INDICADOR,ID_ENFOQUE,ID_MEDMIT,ID_PARAMETRO,VALOR,FLAG_ESTADO) values ('422','2','1','12','12','2','1');
Insert into MRVMM.T_MAEM_INDICADOR_DATA (ID_INICIATIVA,ID_INDICADOR,ID_ENFOQUE,ID_MEDMIT,ID_PARAMETRO,VALOR,FLAG_ESTADO) values ('422','2','1','12','13','1','1');
Insert into MRVMM.T_MAEM_INDICADOR_DATA (ID_INICIATIVA,ID_INDICADOR,ID_ENFOQUE,ID_MEDMIT,ID_PARAMETRO,VALOR,FLAG_ESTADO) values ('422','2','1','12','5','SED-OIJ','1');
Insert into MRVMM.T_MAEM_INDICADOR_DATA (ID_INICIATIVA,ID_INDICADOR,ID_ENFOQUE,ID_MEDMIT,ID_PARAMETRO,VALOR,FLAG_ESTADO) values ('422','2','1','12','9','21.67','1');
Insert into MRVMM.T_MAEM_INDICADOR_DATA (ID_INICIATIVA,ID_INDICADOR,ID_ENFOQUE,ID_MEDMIT,ID_PARAMETRO,VALOR,FLAG_ESTADO) values ('422','2','1','12','10','4.74','1');
Insert into MRVMM.T_MAEM_INDICADOR_DATA (ID_INICIATIVA,ID_INDICADOR,ID_ENFOQUE,ID_MEDMIT,ID_PARAMETRO,VALOR,FLAG_ESTADO) values ('422','2','1','12','11','16.92','1');
Insert into MRVMM.T_MAEM_INDICADOR_DATA (ID_INICIATIVA,ID_INDICADOR,ID_ENFOQUE,ID_MEDMIT,ID_PARAMETRO,VALOR,FLAG_ESTADO) values ('372','1','1','12','6','2019','0');
Insert into MRVMM.T_MAEM_INDICADOR_DATA (ID_INICIATIVA,ID_INDICADOR,ID_ENFOQUE,ID_MEDMIT,ID_PARAMETRO,VALOR,FLAG_ESTADO) values ('372','1','1','12','2','2019-07-20','0');
Insert into MRVMM.T_MAEM_INDICADOR_DATA (ID_INICIATIVA,ID_INDICADOR,ID_ENFOQUE,ID_MEDMIT,ID_PARAMETRO,VALOR,FLAG_ESTADO) values ('372','1','1','12','1','1','0');
Insert into MRVMM.T_MAEM_INDICADOR_DATA (ID_INICIATIVA,ID_INDICADOR,ID_ENFOQUE,ID_MEDMIT,ID_PARAMETRO,VALOR,FLAG_ESTADO) values ('372','1','1','12','3','3','0');
Insert into MRVMM.T_MAEM_INDICADOR_DATA (ID_INICIATIVA,ID_INDICADOR,ID_ENFOQUE,ID_MEDMIT,ID_PARAMETRO,VALOR,FLAG_ESTADO) values ('372','1','1','12','4','34184','0');
Insert into MRVMM.T_MAEM_INDICADOR_DATA (ID_INICIATIVA,ID_INDICADOR,ID_ENFOQUE,ID_MEDMIT,ID_PARAMETRO,VALOR,FLAG_ESTADO) values ('372','1','1','12','12','1','0');
Insert into MRVMM.T_MAEM_INDICADOR_DATA (ID_INICIATIVA,ID_INDICADOR,ID_ENFOQUE,ID_MEDMIT,ID_PARAMETRO,VALOR,FLAG_ESTADO) values ('372','1','1','12','13','0.25','0');
Insert into MRVMM.T_MAEM_INDICADOR_DATA (ID_INICIATIVA,ID_INDICADOR,ID_ENFOQUE,ID_MEDMIT,ID_PARAMETRO,VALOR,FLAG_ESTADO) values ('372','1','1','12','5','BCD-623','0');
Insert into MRVMM.T_MAEM_INDICADOR_DATA (ID_INICIATIVA,ID_INDICADOR,ID_ENFOQUE,ID_MEDMIT,ID_PARAMETRO,VALOR,FLAG_ESTADO) values ('372','1','1','12','9','6.12','0');
Insert into MRVMM.T_MAEM_INDICADOR_DATA (ID_INICIATIVA,ID_INDICADOR,ID_ENFOQUE,ID_MEDMIT,ID_PARAMETRO,VALOR,FLAG_ESTADO) values ('372','1','1','12','10','1.45','0');
Insert into MRVMM.T_MAEM_INDICADOR_DATA (ID_INICIATIVA,ID_INDICADOR,ID_ENFOQUE,ID_MEDMIT,ID_PARAMETRO,VALOR,FLAG_ESTADO) values ('372','1','1','12','11','4.67','0');
Insert into MRVMM.T_MAEM_INDICADOR_DATA (ID_INICIATIVA,ID_INDICADOR,ID_ENFOQUE,ID_MEDMIT,ID_PARAMETRO,VALOR,FLAG_ESTADO) values ('372','2','1','12','6','2019','0');
Insert into MRVMM.T_MAEM_INDICADOR_DATA (ID_INICIATIVA,ID_INDICADOR,ID_ENFOQUE,ID_MEDMIT,ID_PARAMETRO,VALOR,FLAG_ESTADO) values ('372','2','1','12','2','2019-12-06','0');
Insert into MRVMM.T_MAEM_INDICADOR_DATA (ID_INICIATIVA,ID_INDICADOR,ID_ENFOQUE,ID_MEDMIT,ID_PARAMETRO,VALOR,FLAG_ESTADO) values ('372','2','1','12','1','1','0');
Insert into MRVMM.T_MAEM_INDICADOR_DATA (ID_INICIATIVA,ID_INDICADOR,ID_ENFOQUE,ID_MEDMIT,ID_PARAMETRO,VALOR,FLAG_ESTADO) values ('372','2','1','12','3','3','0');
Insert into MRVMM.T_MAEM_INDICADOR_DATA (ID_INICIATIVA,ID_INDICADOR,ID_ENFOQUE,ID_MEDMIT,ID_PARAMETRO,VALOR,FLAG_ESTADO) values ('372','2','1','12','4','6761','0');
Insert into MRVMM.T_MAEM_INDICADOR_DATA (ID_INICIATIVA,ID_INDICADOR,ID_ENFOQUE,ID_MEDMIT,ID_PARAMETRO,VALOR,FLAG_ESTADO) values ('372','2','1','12','12','1','0');
Insert into MRVMM.T_MAEM_INDICADOR_DATA (ID_INICIATIVA,ID_INDICADOR,ID_ENFOQUE,ID_MEDMIT,ID_PARAMETRO,VALOR,FLAG_ESTADO) values ('372','2','1','12','13','0.17','0');
Insert into MRVMM.T_MAEM_INDICADOR_DATA (ID_INICIATIVA,ID_INDICADOR,ID_ENFOQUE,ID_MEDMIT,ID_PARAMETRO,VALOR,FLAG_ESTADO) values ('372','2','1','12','5','BKH-349','0');
Insert into MRVMM.T_MAEM_INDICADOR_DATA (ID_INICIATIVA,ID_INDICADOR,ID_ENFOQUE,ID_MEDMIT,ID_PARAMETRO,VALOR,FLAG_ESTADO) values ('372','2','1','12','9','1.21','0');
Insert into MRVMM.T_MAEM_INDICADOR_DATA (ID_INICIATIVA,ID_INDICADOR,ID_ENFOQUE,ID_MEDMIT,ID_PARAMETRO,VALOR,FLAG_ESTADO) values ('372','2','1','12','10','0.19','0');
Insert into MRVMM.T_MAEM_INDICADOR_DATA (ID_INICIATIVA,ID_INDICADOR,ID_ENFOQUE,ID_MEDMIT,ID_PARAMETRO,VALOR,FLAG_ESTADO) values ('372','2','1','12','11','1.02','0');
Insert into MRVMM.T_MAEM_INDICADOR_DATA (ID_INICIATIVA,ID_INDICADOR,ID_ENFOQUE,ID_MEDMIT,ID_PARAMETRO,VALOR,FLAG_ESTADO) values ('372','3','1','12','6','2019','0');
Insert into MRVMM.T_MAEM_INDICADOR_DATA (ID_INICIATIVA,ID_INDICADOR,ID_ENFOQUE,ID_MEDMIT,ID_PARAMETRO,VALOR,FLAG_ESTADO) values ('372','3','1','12','2','2019-03-21','0');
Insert into MRVMM.T_MAEM_INDICADOR_DATA (ID_INICIATIVA,ID_INDICADOR,ID_ENFOQUE,ID_MEDMIT,ID_PARAMETRO,VALOR,FLAG_ESTADO) values ('372','3','1','12','1','3','0');
Insert into MRVMM.T_MAEM_INDICADOR_DATA (ID_INICIATIVA,ID_INDICADOR,ID_ENFOQUE,ID_MEDMIT,ID_PARAMETRO,VALOR,FLAG_ESTADO) values ('372','3','1','12','3','4','0');
Insert into MRVMM.T_MAEM_INDICADOR_DATA (ID_INICIATIVA,ID_INDICADOR,ID_ENFOQUE,ID_MEDMIT,ID_PARAMETRO,VALOR,FLAG_ESTADO) values ('372','3','1','12','4','21799','0');
Insert into MRVMM.T_MAEM_INDICADOR_DATA (ID_INICIATIVA,ID_INDICADOR,ID_ENFOQUE,ID_MEDMIT,ID_PARAMETRO,VALOR,FLAG_ESTADO) values ('372','3','1','12','12','1','0');
Insert into MRVMM.T_MAEM_INDICADOR_DATA (ID_INICIATIVA,ID_INDICADOR,ID_ENFOQUE,ID_MEDMIT,ID_PARAMETRO,VALOR,FLAG_ESTADO) values ('372','3','1','12','13','0.82','0');
Insert into MRVMM.T_MAEM_INDICADOR_DATA (ID_INICIATIVA,ID_INDICADOR,ID_ENFOQUE,ID_MEDMIT,ID_PARAMETRO,VALOR,FLAG_ESTADO) values ('372','3','1','12','5',' F2V-960','0');
Insert into MRVMM.T_MAEM_INDICADOR_DATA (ID_INICIATIVA,ID_INDICADOR,ID_ENFOQUE,ID_MEDMIT,ID_PARAMETRO,VALOR,FLAG_ESTADO) values ('372','3','1','12','9','20.96','0');
Insert into MRVMM.T_MAEM_INDICADOR_DATA (ID_INICIATIVA,ID_INDICADOR,ID_ENFOQUE,ID_MEDMIT,ID_PARAMETRO,VALOR,FLAG_ESTADO) values ('372','3','1','12','10','3.04','0');
Insert into MRVMM.T_MAEM_INDICADOR_DATA (ID_INICIATIVA,ID_INDICADOR,ID_ENFOQUE,ID_MEDMIT,ID_PARAMETRO,VALOR,FLAG_ESTADO) values ('372','3','1','12','11','17.92','0');
Insert into MRVMM.T_MAEM_INDICADOR_DATA (ID_INICIATIVA,ID_INDICADOR,ID_ENFOQUE,ID_MEDMIT,ID_PARAMETRO,VALOR,FLAG_ESTADO) values ('372','4','1','12','6','2019','0');
Insert into MRVMM.T_MAEM_INDICADOR_DATA (ID_INICIATIVA,ID_INDICADOR,ID_ENFOQUE,ID_MEDMIT,ID_PARAMETRO,VALOR,FLAG_ESTADO) values ('372','4','1','12','2','2019-04-04','0');
Insert into MRVMM.T_MAEM_INDICADOR_DATA (ID_INICIATIVA,ID_INDICADOR,ID_ENFOQUE,ID_MEDMIT,ID_PARAMETRO,VALOR,FLAG_ESTADO) values ('372','4','1','12','1','1','0');
Insert into MRVMM.T_MAEM_INDICADOR_DATA (ID_INICIATIVA,ID_INDICADOR,ID_ENFOQUE,ID_MEDMIT,ID_PARAMETRO,VALOR,FLAG_ESTADO) values ('372','4','1','12','3','3','0');
Insert into MRVMM.T_MAEM_INDICADOR_DATA (ID_INICIATIVA,ID_INDICADOR,ID_ENFOQUE,ID_MEDMIT,ID_PARAMETRO,VALOR,FLAG_ESTADO) values ('372','4','1','12','4','10838','0');
Insert into MRVMM.T_MAEM_INDICADOR_DATA (ID_INICIATIVA,ID_INDICADOR,ID_ENFOQUE,ID_MEDMIT,ID_PARAMETRO,VALOR,FLAG_ESTADO) values ('372','4','1','12','12','1','0');
Insert into MRVMM.T_MAEM_INDICADOR_DATA (ID_INICIATIVA,ID_INDICADOR,ID_ENFOQUE,ID_MEDMIT,ID_PARAMETRO,VALOR,FLAG_ESTADO) values ('372','4','1','12','13','0.15','0');
Insert into MRVMM.T_MAEM_INDICADOR_DATA (ID_INICIATIVA,ID_INDICADOR,ID_ENFOQUE,ID_MEDMIT,ID_PARAMETRO,VALOR,FLAG_ESTADO) values ('372','4','1','12','5','BJI-197 ','0');
Insert into MRVMM.T_MAEM_INDICADOR_DATA (ID_INICIATIVA,ID_INDICADOR,ID_ENFOQUE,ID_MEDMIT,ID_PARAMETRO,VALOR,FLAG_ESTADO) values ('372','4','1','12','9','1.94','0');
Insert into MRVMM.T_MAEM_INDICADOR_DATA (ID_INICIATIVA,ID_INDICADOR,ID_ENFOQUE,ID_MEDMIT,ID_PARAMETRO,VALOR,FLAG_ESTADO) values ('372','4','1','12','10','0.27','0');
Insert into MRVMM.T_MAEM_INDICADOR_DATA (ID_INICIATIVA,ID_INDICADOR,ID_ENFOQUE,ID_MEDMIT,ID_PARAMETRO,VALOR,FLAG_ESTADO) values ('372','4','1','12','11','1.67','0');
Insert into MRVMM.T_MAEM_INDICADOR_DATA (ID_INICIATIVA,ID_INDICADOR,ID_ENFOQUE,ID_MEDMIT,ID_PARAMETRO,VALOR,FLAG_ESTADO) values ('444','1','1','12','6','2019','1');
Insert into MRVMM.T_MAEM_INDICADOR_DATA (ID_INICIATIVA,ID_INDICADOR,ID_ENFOQUE,ID_MEDMIT,ID_PARAMETRO,VALOR,FLAG_ESTADO) values ('444','2','1','12','5','PLO-145','1');
Insert into MRVMM.T_MAEM_INDICADOR_DATA (ID_INICIATIVA,ID_INDICADOR,ID_ENFOQUE,ID_MEDMIT,ID_PARAMETRO,VALOR,FLAG_ESTADO) values ('444','4','1','12','2',null,'1');
Insert into MRVMM.T_MAEM_INDICADOR_DATA (ID_INICIATIVA,ID_INDICADOR,ID_ENFOQUE,ID_MEDMIT,ID_PARAMETRO,VALOR,FLAG_ESTADO) values ('444','4','1','12','1','1','1');
Insert into MRVMM.T_MAEM_INDICADOR_DATA (ID_INICIATIVA,ID_INDICADOR,ID_ENFOQUE,ID_MEDMIT,ID_PARAMETRO,VALOR,FLAG_ESTADO) values ('444','11','1','12','6','2019','0');
Insert into MRVMM.T_MAEM_INDICADOR_DATA (ID_INICIATIVA,ID_INDICADOR,ID_ENFOQUE,ID_MEDMIT,ID_PARAMETRO,VALOR,FLAG_ESTADO) values ('444','11','1','12','2','2019-02-01','0');
Insert into MRVMM.T_MAEM_INDICADOR_DATA (ID_INICIATIVA,ID_INDICADOR,ID_ENFOQUE,ID_MEDMIT,ID_PARAMETRO,VALOR,FLAG_ESTADO) values ('444','11','1','12','1','4','0');
Insert into MRVMM.T_MAEM_INDICADOR_DATA (ID_INICIATIVA,ID_INDICADOR,ID_ENFOQUE,ID_MEDMIT,ID_PARAMETRO,VALOR,FLAG_ESTADO) values ('444','11','1','12','3','1','0');
Insert into MRVMM.T_MAEM_INDICADOR_DATA (ID_INICIATIVA,ID_INDICADOR,ID_ENFOQUE,ID_MEDMIT,ID_PARAMETRO,VALOR,FLAG_ESTADO) values ('444','11','1','12','4','1452','0');
Insert into MRVMM.T_MAEM_INDICADOR_DATA (ID_INICIATIVA,ID_INDICADOR,ID_ENFOQUE,ID_MEDMIT,ID_PARAMETRO,VALOR,FLAG_ESTADO) values ('444','11','1','12','12','1','0');
Insert into MRVMM.T_MAEM_INDICADOR_DATA (ID_INICIATIVA,ID_INDICADOR,ID_ENFOQUE,ID_MEDMIT,ID_PARAMETRO,VALOR,FLAG_ESTADO) values ('444','11','1','12','13','1','0');
Insert into MRVMM.T_MAEM_INDICADOR_DATA (ID_INICIATIVA,ID_INDICADOR,ID_ENFOQUE,ID_MEDMIT,ID_PARAMETRO,VALOR,FLAG_ESTADO) values ('444','11','1','12','5','LOP-145','0');
Insert into MRVMM.T_MAEM_INDICADOR_DATA (ID_INICIATIVA,ID_INDICADOR,ID_ENFOQUE,ID_MEDMIT,ID_PARAMETRO,VALOR,FLAG_ESTADO) values ('444','11','1','12','9','2.76','0');
Insert into MRVMM.T_MAEM_INDICADOR_DATA (ID_INICIATIVA,ID_INDICADOR,ID_ENFOQUE,ID_MEDMIT,ID_PARAMETRO,VALOR,FLAG_ESTADO) values ('444','11','1','12','10','0.25','0');
Insert into MRVMM.T_MAEM_INDICADOR_DATA (ID_INICIATIVA,ID_INDICADOR,ID_ENFOQUE,ID_MEDMIT,ID_PARAMETRO,VALOR,FLAG_ESTADO) values ('444','11','1','12','11','2.51','0');
Insert into MRVMM.T_MAEM_INDICADOR_DATA (ID_INICIATIVA,ID_INDICADOR,ID_ENFOQUE,ID_MEDMIT,ID_PARAMETRO,VALOR,FLAG_ESTADO) values ('444','12','1','12','6','2019','0');
Insert into MRVMM.T_MAEM_INDICADOR_DATA (ID_INICIATIVA,ID_INDICADOR,ID_ENFOQUE,ID_MEDMIT,ID_PARAMETRO,VALOR,FLAG_ESTADO) values ('444','12','1','12','2','2020-01-01','0');
Insert into MRVMM.T_MAEM_INDICADOR_DATA (ID_INICIATIVA,ID_INDICADOR,ID_ENFOQUE,ID_MEDMIT,ID_PARAMETRO,VALOR,FLAG_ESTADO) values ('444','12','1','12','1','1','0');
Insert into MRVMM.T_MAEM_INDICADOR_DATA (ID_INICIATIVA,ID_INDICADOR,ID_ENFOQUE,ID_MEDMIT,ID_PARAMETRO,VALOR,FLAG_ESTADO) values ('444','12','1','12','3','2','0');
Insert into MRVMM.T_MAEM_INDICADOR_DATA (ID_INICIATIVA,ID_INDICADOR,ID_ENFOQUE,ID_MEDMIT,ID_PARAMETRO,VALOR,FLAG_ESTADO) values ('444','12','1','12','4','1458','0');
Insert into MRVMM.T_MAEM_INDICADOR_DATA (ID_INICIATIVA,ID_INDICADOR,ID_ENFOQUE,ID_MEDMIT,ID_PARAMETRO,VALOR,FLAG_ESTADO) values ('444','12','1','12','12','2','0');
Insert into MRVMM.T_MAEM_INDICADOR_DATA (ID_INICIATIVA,ID_INDICADOR,ID_ENFOQUE,ID_MEDMIT,ID_PARAMETRO,VALOR,FLAG_ESTADO) values ('444','12','1','12','13','2','0');
Insert into MRVMM.T_MAEM_INDICADOR_DATA (ID_INICIATIVA,ID_INDICADOR,ID_ENFOQUE,ID_MEDMIT,ID_PARAMETRO,VALOR,FLAG_ESTADO) values ('444','12','1','12','5','PLO-145','0');
Insert into MRVMM.T_MAEM_INDICADOR_DATA (ID_INICIATIVA,ID_INDICADOR,ID_ENFOQUE,ID_MEDMIT,ID_PARAMETRO,VALOR,FLAG_ESTADO) values ('444','12','1','12','9','0.51','0');
Insert into MRVMM.T_MAEM_INDICADOR_DATA (ID_INICIATIVA,ID_INDICADOR,ID_ENFOQUE,ID_MEDMIT,ID_PARAMETRO,VALOR,FLAG_ESTADO) values ('444','12','1','12','10','0.99','0');
Insert into MRVMM.T_MAEM_INDICADOR_DATA (ID_INICIATIVA,ID_INDICADOR,ID_ENFOQUE,ID_MEDMIT,ID_PARAMETRO,VALOR,FLAG_ESTADO) values ('444','12','1','12','11','-0.48','0');
Insert into MRVMM.T_MAEM_INDICADOR_DATA (ID_INICIATIVA,ID_INDICADOR,ID_ENFOQUE,ID_MEDMIT,ID_PARAMETRO,VALOR,FLAG_ESTADO) values ('444','13','1','12','6','2018','0');
Insert into MRVMM.T_MAEM_INDICADOR_DATA (ID_INICIATIVA,ID_INDICADOR,ID_ENFOQUE,ID_MEDMIT,ID_PARAMETRO,VALOR,FLAG_ESTADO) values ('444','13','1','12','2',null,'0');
Insert into MRVMM.T_MAEM_INDICADOR_DATA (ID_INICIATIVA,ID_INDICADOR,ID_ENFOQUE,ID_MEDMIT,ID_PARAMETRO,VALOR,FLAG_ESTADO) values ('444','13','1','12','1','1','0');
Insert into MRVMM.T_MAEM_INDICADOR_DATA (ID_INICIATIVA,ID_INDICADOR,ID_ENFOQUE,ID_MEDMIT,ID_PARAMETRO,VALOR,FLAG_ESTADO) values ('444','13','1','12','3','2','0');
Insert into MRVMM.T_MAEM_INDICADOR_DATA (ID_INICIATIVA,ID_INDICADOR,ID_ENFOQUE,ID_MEDMIT,ID_PARAMETRO,VALOR,FLAG_ESTADO) values ('444','13','1','12','4','1458','0');
Insert into MRVMM.T_MAEM_INDICADOR_DATA (ID_INICIATIVA,ID_INDICADOR,ID_ENFOQUE,ID_MEDMIT,ID_PARAMETRO,VALOR,FLAG_ESTADO) values ('444','13','1','12','12','3','0');
Insert into MRVMM.T_MAEM_INDICADOR_DATA (ID_INICIATIVA,ID_INDICADOR,ID_ENFOQUE,ID_MEDMIT,ID_PARAMETRO,VALOR,FLAG_ESTADO) values ('444','13','1','12','13','3','0');
Insert into MRVMM.T_MAEM_INDICADOR_DATA (ID_INICIATIVA,ID_INDICADOR,ID_ENFOQUE,ID_MEDMIT,ID_PARAMETRO,VALOR,FLAG_ESTADO) values ('444','13','1','12','5','PLO-145','0');
Insert into MRVMM.T_MAEM_INDICADOR_DATA (ID_INICIATIVA,ID_INDICADOR,ID_ENFOQUE,ID_MEDMIT,ID_PARAMETRO,VALOR,FLAG_ESTADO) values ('444','13','1','12','9','0.76','0');
Insert into MRVMM.T_MAEM_INDICADOR_DATA (ID_INICIATIVA,ID_INDICADOR,ID_ENFOQUE,ID_MEDMIT,ID_PARAMETRO,VALOR,FLAG_ESTADO) values ('444','13','1','12','10','2.22','0');
Insert into MRVMM.T_MAEM_INDICADOR_DATA (ID_INICIATIVA,ID_INDICADOR,ID_ENFOQUE,ID_MEDMIT,ID_PARAMETRO,VALOR,FLAG_ESTADO) values ('444','13','1','12','11','-1.46','0');
Insert into MRVMM.T_MAEM_INDICADOR_DATA (ID_INICIATIVA,ID_INDICADOR,ID_ENFOQUE,ID_MEDMIT,ID_PARAMETRO,VALOR,FLAG_ESTADO) values ('444','14','1','12','6','2019','0');
Insert into MRVMM.T_MAEM_INDICADOR_DATA (ID_INICIATIVA,ID_INDICADOR,ID_ENFOQUE,ID_MEDMIT,ID_PARAMETRO,VALOR,FLAG_ESTADO) values ('444','14','1','12','2',null,'0');
Insert into MRVMM.T_MAEM_INDICADOR_DATA (ID_INICIATIVA,ID_INDICADOR,ID_ENFOQUE,ID_MEDMIT,ID_PARAMETRO,VALOR,FLAG_ESTADO) values ('444','14','1','12','1','1','0');
Insert into MRVMM.T_MAEM_INDICADOR_DATA (ID_INICIATIVA,ID_INDICADOR,ID_ENFOQUE,ID_MEDMIT,ID_PARAMETRO,VALOR,FLAG_ESTADO) values ('444','14','1','12','3','2','0');
Insert into MRVMM.T_MAEM_INDICADOR_DATA (ID_INICIATIVA,ID_INDICADOR,ID_ENFOQUE,ID_MEDMIT,ID_PARAMETRO,VALOR,FLAG_ESTADO) values ('444','14','1','12','4','1458','0');
Insert into MRVMM.T_MAEM_INDICADOR_DATA (ID_INICIATIVA,ID_INDICADOR,ID_ENFOQUE,ID_MEDMIT,ID_PARAMETRO,VALOR,FLAG_ESTADO) values ('444','14','1','12','12','4','0');
Insert into MRVMM.T_MAEM_INDICADOR_DATA (ID_INICIATIVA,ID_INDICADOR,ID_ENFOQUE,ID_MEDMIT,ID_PARAMETRO,VALOR,FLAG_ESTADO) values ('444','14','1','12','13','4','0');
Insert into MRVMM.T_MAEM_INDICADOR_DATA (ID_INICIATIVA,ID_INDICADOR,ID_ENFOQUE,ID_MEDMIT,ID_PARAMETRO,VALOR,FLAG_ESTADO) values ('444','14','1','12','5','PLO-145','0');
Insert into MRVMM.T_MAEM_INDICADOR_DATA (ID_INICIATIVA,ID_INDICADOR,ID_ENFOQUE,ID_MEDMIT,ID_PARAMETRO,VALOR,FLAG_ESTADO) values ('444','14','1','12','9','1.02','0');
Insert into MRVMM.T_MAEM_INDICADOR_DATA (ID_INICIATIVA,ID_INDICADOR,ID_ENFOQUE,ID_MEDMIT,ID_PARAMETRO,VALOR,FLAG_ESTADO) values ('444','14','1','12','10','3.95','0');
Insert into MRVMM.T_MAEM_INDICADOR_DATA (ID_INICIATIVA,ID_INDICADOR,ID_ENFOQUE,ID_MEDMIT,ID_PARAMETRO,VALOR,FLAG_ESTADO) values ('444','14','1','12','11','-2.93','0');
Insert into MRVMM.T_MAEM_INDICADOR_DATA (ID_INICIATIVA,ID_INDICADOR,ID_ENFOQUE,ID_MEDMIT,ID_PARAMETRO,VALOR,FLAG_ESTADO) values ('444','15','1','12','6','2019','0');
Insert into MRVMM.T_MAEM_INDICADOR_DATA (ID_INICIATIVA,ID_INDICADOR,ID_ENFOQUE,ID_MEDMIT,ID_PARAMETRO,VALOR,FLAG_ESTADO) values ('444','15','1','12','2',null,'0');
Insert into MRVMM.T_MAEM_INDICADOR_DATA (ID_INICIATIVA,ID_INDICADOR,ID_ENFOQUE,ID_MEDMIT,ID_PARAMETRO,VALOR,FLAG_ESTADO) values ('444','15','1','12','1','2','0');
Insert into MRVMM.T_MAEM_INDICADOR_DATA (ID_INICIATIVA,ID_INDICADOR,ID_ENFOQUE,ID_MEDMIT,ID_PARAMETRO,VALOR,FLAG_ESTADO) values ('444','15','1','12','3','4','0');
Insert into MRVMM.T_MAEM_INDICADOR_DATA (ID_INICIATIVA,ID_INDICADOR,ID_ENFOQUE,ID_MEDMIT,ID_PARAMETRO,VALOR,FLAG_ESTADO) values ('444','15','1','12','4','1458','0');
Insert into MRVMM.T_MAEM_INDICADOR_DATA (ID_INICIATIVA,ID_INDICADOR,ID_ENFOQUE,ID_MEDMIT,ID_PARAMETRO,VALOR,FLAG_ESTADO) values ('444','15','1','12','12','5','0');
Insert into MRVMM.T_MAEM_INDICADOR_DATA (ID_INICIATIVA,ID_INDICADOR,ID_ENFOQUE,ID_MEDMIT,ID_PARAMETRO,VALOR,FLAG_ESTADO) values ('444','15','1','12','13','5','0');
Insert into MRVMM.T_MAEM_INDICADOR_DATA (ID_INICIATIVA,ID_INDICADOR,ID_ENFOQUE,ID_MEDMIT,ID_PARAMETRO,VALOR,FLAG_ESTADO) values ('444','15','1','12','5','PLO-145','0');
Insert into MRVMM.T_MAEM_INDICADOR_DATA (ID_INICIATIVA,ID_INDICADOR,ID_ENFOQUE,ID_MEDMIT,ID_PARAMETRO,VALOR,FLAG_ESTADO) values ('444','15','1','12','9','4.34','0');
Insert into MRVMM.T_MAEM_INDICADOR_DATA (ID_INICIATIVA,ID_INDICADOR,ID_ENFOQUE,ID_MEDMIT,ID_PARAMETRO,VALOR,FLAG_ESTADO) values ('444','15','1','12','10','6.17','0');
Insert into MRVMM.T_MAEM_INDICADOR_DATA (ID_INICIATIVA,ID_INDICADOR,ID_ENFOQUE,ID_MEDMIT,ID_PARAMETRO,VALOR,FLAG_ESTADO) values ('444','15','1','12','11','-1.83','0');
Insert into MRVMM.T_MAEM_INDICADOR_DATA (ID_INICIATIVA,ID_INDICADOR,ID_ENFOQUE,ID_MEDMIT,ID_PARAMETRO,VALOR,FLAG_ESTADO) values ('444','16','1','12','6','2018','0');
Insert into MRVMM.T_MAEM_INDICADOR_DATA (ID_INICIATIVA,ID_INDICADOR,ID_ENFOQUE,ID_MEDMIT,ID_PARAMETRO,VALOR,FLAG_ESTADO) values ('444','16','1','12','2',null,'0');
Insert into MRVMM.T_MAEM_INDICADOR_DATA (ID_INICIATIVA,ID_INDICADOR,ID_ENFOQUE,ID_MEDMIT,ID_PARAMETRO,VALOR,FLAG_ESTADO) values ('444','16','1','12','1','1','0');
Insert into MRVMM.T_MAEM_INDICADOR_DATA (ID_INICIATIVA,ID_INDICADOR,ID_ENFOQUE,ID_MEDMIT,ID_PARAMETRO,VALOR,FLAG_ESTADO) values ('444','16','1','12','3','1','0');
Insert into MRVMM.T_MAEM_INDICADOR_DATA (ID_INICIATIVA,ID_INDICADOR,ID_ENFOQUE,ID_MEDMIT,ID_PARAMETRO,VALOR,FLAG_ESTADO) values ('444','16','1','12','4','1458','0');
Insert into MRVMM.T_MAEM_INDICADOR_DATA (ID_INICIATIVA,ID_INDICADOR,ID_ENFOQUE,ID_MEDMIT,ID_PARAMETRO,VALOR,FLAG_ESTADO) values ('444','16','1','12','12','6','0');
Insert into MRVMM.T_MAEM_INDICADOR_DATA (ID_INICIATIVA,ID_INDICADOR,ID_ENFOQUE,ID_MEDMIT,ID_PARAMETRO,VALOR,FLAG_ESTADO) values ('444','16','1','12','13','6','0');
Insert into MRVMM.T_MAEM_INDICADOR_DATA (ID_INICIATIVA,ID_INDICADOR,ID_ENFOQUE,ID_MEDMIT,ID_PARAMETRO,VALOR,FLAG_ESTADO) values ('444','16','1','12','5','PLO-145','0');
Insert into MRVMM.T_MAEM_INDICADOR_DATA (ID_INICIATIVA,ID_INDICADOR,ID_ENFOQUE,ID_MEDMIT,ID_PARAMETRO,VALOR,FLAG_ESTADO) values ('444','16','1','12','9','1.64','0');
Insert into MRVMM.T_MAEM_INDICADOR_DATA (ID_INICIATIVA,ID_INDICADOR,ID_ENFOQUE,ID_MEDMIT,ID_PARAMETRO,VALOR,FLAG_ESTADO) values ('444','16','1','12','10','8.89','0');
Insert into MRVMM.T_MAEM_INDICADOR_DATA (ID_INICIATIVA,ID_INDICADOR,ID_ENFOQUE,ID_MEDMIT,ID_PARAMETRO,VALOR,FLAG_ESTADO) values ('444','16','1','12','11','-7.25','0');
Insert into MRVMM.T_MAEM_INDICADOR_DATA (ID_INICIATIVA,ID_INDICADOR,ID_ENFOQUE,ID_MEDMIT,ID_PARAMETRO,VALOR,FLAG_ESTADO) values ('444','17','1','12','6','2019','0');
Insert into MRVMM.T_MAEM_INDICADOR_DATA (ID_INICIATIVA,ID_INDICADOR,ID_ENFOQUE,ID_MEDMIT,ID_PARAMETRO,VALOR,FLAG_ESTADO) values ('444','17','1','12','2',null,'0');
Insert into MRVMM.T_MAEM_INDICADOR_DATA (ID_INICIATIVA,ID_INDICADOR,ID_ENFOQUE,ID_MEDMIT,ID_PARAMETRO,VALOR,FLAG_ESTADO) values ('444','17','1','12','1','2','0');
Insert into MRVMM.T_MAEM_INDICADOR_DATA (ID_INICIATIVA,ID_INDICADOR,ID_ENFOQUE,ID_MEDMIT,ID_PARAMETRO,VALOR,FLAG_ESTADO) values ('444','17','1','12','3','2','0');
Insert into MRVMM.T_MAEM_INDICADOR_DATA (ID_INICIATIVA,ID_INDICADOR,ID_ENFOQUE,ID_MEDMIT,ID_PARAMETRO,VALOR,FLAG_ESTADO) values ('444','17','1','12','4','1458','0');
Insert into MRVMM.T_MAEM_INDICADOR_DATA (ID_INICIATIVA,ID_INDICADOR,ID_ENFOQUE,ID_MEDMIT,ID_PARAMETRO,VALOR,FLAG_ESTADO) values ('444','17','1','12','12','7','0');
Insert into MRVMM.T_MAEM_INDICADOR_DATA (ID_INICIATIVA,ID_INDICADOR,ID_ENFOQUE,ID_MEDMIT,ID_PARAMETRO,VALOR,FLAG_ESTADO) values ('444','17','1','12','13','7','0');
Insert into MRVMM.T_MAEM_INDICADOR_DATA (ID_INICIATIVA,ID_INDICADOR,ID_ENFOQUE,ID_MEDMIT,ID_PARAMETRO,VALOR,FLAG_ESTADO) values ('444','17','1','12','5','PLO-145','0');
Insert into MRVMM.T_MAEM_INDICADOR_DATA (ID_INICIATIVA,ID_INDICADOR,ID_ENFOQUE,ID_MEDMIT,ID_PARAMETRO,VALOR,FLAG_ESTADO) values ('444','17','1','12','9',null,'0');
Insert into MRVMM.T_MAEM_INDICADOR_DATA (ID_INICIATIVA,ID_INDICADOR,ID_ENFOQUE,ID_MEDMIT,ID_PARAMETRO,VALOR,FLAG_ESTADO) values ('444','17','1','12','10','12.1','0');
Insert into MRVMM.T_MAEM_INDICADOR_DATA (ID_INICIATIVA,ID_INDICADOR,ID_ENFOQUE,ID_MEDMIT,ID_PARAMETRO,VALOR,FLAG_ESTADO) values ('444','17','1','12','11','-12.1','0');
Insert into MRVMM.T_MAEM_INDICADOR_DATA (ID_INICIATIVA,ID_INDICADOR,ID_ENFOQUE,ID_MEDMIT,ID_PARAMETRO,VALOR,FLAG_ESTADO) values ('444','18','1','12','6','2020','0');
Insert into MRVMM.T_MAEM_INDICADOR_DATA (ID_INICIATIVA,ID_INDICADOR,ID_ENFOQUE,ID_MEDMIT,ID_PARAMETRO,VALOR,FLAG_ESTADO) values ('444','18','1','12','2',null,'0');
Insert into MRVMM.T_MAEM_INDICADOR_DATA (ID_INICIATIVA,ID_INDICADOR,ID_ENFOQUE,ID_MEDMIT,ID_PARAMETRO,VALOR,FLAG_ESTADO) values ('444','18','1','12','1','1','0');
Insert into MRVMM.T_MAEM_INDICADOR_DATA (ID_INICIATIVA,ID_INDICADOR,ID_ENFOQUE,ID_MEDMIT,ID_PARAMETRO,VALOR,FLAG_ESTADO) values ('444','18','1','12','3','2','0');
Insert into MRVMM.T_MAEM_INDICADOR_DATA (ID_INICIATIVA,ID_INDICADOR,ID_ENFOQUE,ID_MEDMIT,ID_PARAMETRO,VALOR,FLAG_ESTADO) values ('444','18','1','12','4','1458','0');
Insert into MRVMM.T_MAEM_INDICADOR_DATA (ID_INICIATIVA,ID_INDICADOR,ID_ENFOQUE,ID_MEDMIT,ID_PARAMETRO,VALOR,FLAG_ESTADO) values ('444','18','1','12','12','8','0');
Insert into MRVMM.T_MAEM_INDICADOR_DATA (ID_INICIATIVA,ID_INDICADOR,ID_ENFOQUE,ID_MEDMIT,ID_PARAMETRO,VALOR,FLAG_ESTADO) values ('444','18','1','12','13','8','0');
Insert into MRVMM.T_MAEM_INDICADOR_DATA (ID_INICIATIVA,ID_INDICADOR,ID_ENFOQUE,ID_MEDMIT,ID_PARAMETRO,VALOR,FLAG_ESTADO) values ('444','18','1','12','5','PLO-145','0');
Insert into MRVMM.T_MAEM_INDICADOR_DATA (ID_INICIATIVA,ID_INDICADOR,ID_ENFOQUE,ID_MEDMIT,ID_PARAMETRO,VALOR,FLAG_ESTADO) values ('444','18','1','12','9','2.04','0');
Insert into MRVMM.T_MAEM_INDICADOR_DATA (ID_INICIATIVA,ID_INDICADOR,ID_ENFOQUE,ID_MEDMIT,ID_PARAMETRO,VALOR,FLAG_ESTADO) values ('444','18','1','12','10',null,'0');
Insert into MRVMM.T_MAEM_INDICADOR_DATA (ID_INICIATIVA,ID_INDICADOR,ID_ENFOQUE,ID_MEDMIT,ID_PARAMETRO,VALOR,FLAG_ESTADO) values ('444','18','1','12','11','2.04','0');
Insert into MRVMM.T_MAEM_INDICADOR_DATA (ID_INICIATIVA,ID_INDICADOR,ID_ENFOQUE,ID_MEDMIT,ID_PARAMETRO,VALOR,FLAG_ESTADO) values ('444','19','1','12','6','2016','0');
Insert into MRVMM.T_MAEM_INDICADOR_DATA (ID_INICIATIVA,ID_INDICADOR,ID_ENFOQUE,ID_MEDMIT,ID_PARAMETRO,VALOR,FLAG_ESTADO) values ('444','19','1','12','2',null,'0');
Insert into MRVMM.T_MAEM_INDICADOR_DATA (ID_INICIATIVA,ID_INDICADOR,ID_ENFOQUE,ID_MEDMIT,ID_PARAMETRO,VALOR,FLAG_ESTADO) values ('444','19','1','12','1','3','0');
Insert into MRVMM.T_MAEM_INDICADOR_DATA (ID_INICIATIVA,ID_INDICADOR,ID_ENFOQUE,ID_MEDMIT,ID_PARAMETRO,VALOR,FLAG_ESTADO) values ('444','19','1','12','3','4','0');
Insert into MRVMM.T_MAEM_INDICADOR_DATA (ID_INICIATIVA,ID_INDICADOR,ID_ENFOQUE,ID_MEDMIT,ID_PARAMETRO,VALOR,FLAG_ESTADO) values ('444','19','1','12','4','1458','0');
Insert into MRVMM.T_MAEM_INDICADOR_DATA (ID_INICIATIVA,ID_INDICADOR,ID_ENFOQUE,ID_MEDMIT,ID_PARAMETRO,VALOR,FLAG_ESTADO) values ('444','19','1','12','12','9','0');
Insert into MRVMM.T_MAEM_INDICADOR_DATA (ID_INICIATIVA,ID_INDICADOR,ID_ENFOQUE,ID_MEDMIT,ID_PARAMETRO,VALOR,FLAG_ESTADO) values ('444','19','1','12','13','9','0');
Insert into MRVMM.T_MAEM_INDICADOR_DATA (ID_INICIATIVA,ID_INDICADOR,ID_ENFOQUE,ID_MEDMIT,ID_PARAMETRO,VALOR,FLAG_ESTADO) values ('444','19','1','12','5','PLO-145','0');
Insert into MRVMM.T_MAEM_INDICADOR_DATA (ID_INICIATIVA,ID_INDICADOR,ID_ENFOQUE,ID_MEDMIT,ID_PARAMETRO,VALOR,FLAG_ESTADO) values ('444','19','1','12','9','12.62','0');
Insert into MRVMM.T_MAEM_INDICADOR_DATA (ID_INICIATIVA,ID_INDICADOR,ID_ENFOQUE,ID_MEDMIT,ID_PARAMETRO,VALOR,FLAG_ESTADO) values ('444','19','1','12','10','29.44','0');
Insert into MRVMM.T_MAEM_INDICADOR_DATA (ID_INICIATIVA,ID_INDICADOR,ID_ENFOQUE,ID_MEDMIT,ID_PARAMETRO,VALOR,FLAG_ESTADO) values ('444','19','1','12','11','-16.82','0');
Insert into MRVMM.T_MAEM_INDICADOR_DATA (ID_INICIATIVA,ID_INDICADOR,ID_ENFOQUE,ID_MEDMIT,ID_PARAMETRO,VALOR,FLAG_ESTADO) values ('444','20','1','12','6','2018','0');
Insert into MRVMM.T_MAEM_INDICADOR_DATA (ID_INICIATIVA,ID_INDICADOR,ID_ENFOQUE,ID_MEDMIT,ID_PARAMETRO,VALOR,FLAG_ESTADO) values ('444','20','1','12','2',null,'0');
Insert into MRVMM.T_MAEM_INDICADOR_DATA (ID_INICIATIVA,ID_INDICADOR,ID_ENFOQUE,ID_MEDMIT,ID_PARAMETRO,VALOR,FLAG_ESTADO) values ('343','1','1','12','6','2018','1');
Insert into MRVMM.T_MAEM_INDICADOR_DATA (ID_INICIATIVA,ID_INDICADOR,ID_ENFOQUE,ID_MEDMIT,ID_PARAMETRO,VALOR,FLAG_ESTADO) values ('343','1','1','12','1','1','1');
Insert into MRVMM.T_MAEM_INDICADOR_DATA (ID_INICIATIVA,ID_INDICADOR,ID_ENFOQUE,ID_MEDMIT,ID_PARAMETRO,VALOR,FLAG_ESTADO) values ('343','1','1','12','3','3','1');
Insert into MRVMM.T_MAEM_INDICADOR_DATA (ID_INICIATIVA,ID_INDICADOR,ID_ENFOQUE,ID_MEDMIT,ID_PARAMETRO,VALOR,FLAG_ESTADO) values ('343','1','1','12','4','57600','1');
Insert into MRVMM.T_MAEM_INDICADOR_DATA (ID_INICIATIVA,ID_INDICADOR,ID_ENFOQUE,ID_MEDMIT,ID_PARAMETRO,VALOR,FLAG_ESTADO) values ('343','1','1','12','12','1','1');
Insert into MRVMM.T_MAEM_INDICADOR_DATA (ID_INICIATIVA,ID_INDICADOR,ID_ENFOQUE,ID_MEDMIT,ID_PARAMETRO,VALOR,FLAG_ESTADO) values ('343','1','1','12','13','0.25','1');
Insert into MRVMM.T_MAEM_INDICADOR_DATA (ID_INICIATIVA,ID_INDICADOR,ID_ENFOQUE,ID_MEDMIT,ID_PARAMETRO,VALOR,FLAG_ESTADO) values ('343','1','1','12','5','THU-111','1');
Insert into MRVMM.T_MAEM_INDICADOR_DATA (ID_INICIATIVA,ID_INDICADOR,ID_ENFOQUE,ID_MEDMIT,ID_PARAMETRO,VALOR,FLAG_ESTADO) values ('343','1','1','12','9','10.31','1');
Insert into MRVMM.T_MAEM_INDICADOR_DATA (ID_INICIATIVA,ID_INDICADOR,ID_ENFOQUE,ID_MEDMIT,ID_PARAMETRO,VALOR,FLAG_ESTADO) values ('343','1','1','12','10','2.44','1');
Insert into MRVMM.T_MAEM_INDICADOR_DATA (ID_INICIATIVA,ID_INDICADOR,ID_ENFOQUE,ID_MEDMIT,ID_PARAMETRO,VALOR,FLAG_ESTADO) values ('343','1','1','12','11','7.87','1');
Insert into MRVMM.T_MAEM_INDICADOR_DATA (ID_INICIATIVA,ID_INDICADOR,ID_ENFOQUE,ID_MEDMIT,ID_PARAMETRO,VALOR,FLAG_ESTADO) values ('466','1','3','12','6','2018','1');
Insert into MRVMM.T_MAEM_INDICADOR_DATA (ID_INICIATIVA,ID_INDICADOR,ID_ENFOQUE,ID_MEDMIT,ID_PARAMETRO,VALOR,FLAG_ESTADO) values ('466','1','3','12','1','1','1');
Insert into MRVMM.T_MAEM_INDICADOR_DATA (ID_INICIATIVA,ID_INDICADOR,ID_ENFOQUE,ID_MEDMIT,ID_PARAMETRO,VALOR,FLAG_ESTADO) values ('466','1','3','12','3','3','1');
Insert into MRVMM.T_MAEM_INDICADOR_DATA (ID_INICIATIVA,ID_INDICADOR,ID_ENFOQUE,ID_MEDMIT,ID_PARAMETRO,VALOR,FLAG_ESTADO) values ('466','1','3','12','7','222','1');
Insert into MRVMM.T_MAEM_INDICADOR_DATA (ID_INICIATIVA,ID_INDICADOR,ID_ENFOQUE,ID_MEDMIT,ID_PARAMETRO,VALOR,FLAG_ESTADO) values ('466','1','3','12','5','20','1');
Insert into MRVMM.T_MAEM_INDICADOR_DATA (ID_INICIATIVA,ID_INDICADOR,ID_ENFOQUE,ID_MEDMIT,ID_PARAMETRO,VALOR,FLAG_ESTADO) values ('466','1','3','12','9','243.85','1');
Insert into MRVMM.T_MAEM_INDICADOR_DATA (ID_INICIATIVA,ID_INDICADOR,ID_ENFOQUE,ID_MEDMIT,ID_PARAMETRO,VALOR,FLAG_ESTADO) values ('466','1','3','12','10','42.17','1');
Insert into MRVMM.T_MAEM_INDICADOR_DATA (ID_INICIATIVA,ID_INDICADOR,ID_ENFOQUE,ID_MEDMIT,ID_PARAMETRO,VALOR,FLAG_ESTADO) values ('466','1','3','12','11','201.68','1');
Insert into MRVMM.T_MAEM_INDICADOR_DATA (ID_INICIATIVA,ID_INDICADOR,ID_ENFOQUE,ID_MEDMIT,ID_PARAMETRO,VALOR,FLAG_ESTADO) values ('466','2','3','12','6','2018','1');
Insert into MRVMM.T_MAEM_INDICADOR_DATA (ID_INICIATIVA,ID_INDICADOR,ID_ENFOQUE,ID_MEDMIT,ID_PARAMETRO,VALOR,FLAG_ESTADO) values ('466','2','3','12','1','3','1');
Insert into MRVMM.T_MAEM_INDICADOR_DATA (ID_INICIATIVA,ID_INDICADOR,ID_ENFOQUE,ID_MEDMIT,ID_PARAMETRO,VALOR,FLAG_ESTADO) values ('466','2','3','12','3','4','1');
Insert into MRVMM.T_MAEM_INDICADOR_DATA (ID_INICIATIVA,ID_INDICADOR,ID_ENFOQUE,ID_MEDMIT,ID_PARAMETRO,VALOR,FLAG_ESTADO) values ('466','2','3','12','7','369','1');
Insert into MRVMM.T_MAEM_INDICADOR_DATA (ID_INICIATIVA,ID_INDICADOR,ID_ENFOQUE,ID_MEDMIT,ID_PARAMETRO,VALOR,FLAG_ESTADO) values ('466','2','3','12','5','4','1');
Insert into MRVMM.T_MAEM_INDICADOR_DATA (ID_INICIATIVA,ID_INDICADOR,ID_ENFOQUE,ID_MEDMIT,ID_PARAMETRO,VALOR,FLAG_ESTADO) values ('466','2','3','12','9','30.16','1');
Insert into MRVMM.T_MAEM_INDICADOR_DATA (ID_INICIATIVA,ID_INDICADOR,ID_ENFOQUE,ID_MEDMIT,ID_PARAMETRO,VALOR,FLAG_ESTADO) values ('466','2','3','12','10','7.01','1');
Insert into MRVMM.T_MAEM_INDICADOR_DATA (ID_INICIATIVA,ID_INDICADOR,ID_ENFOQUE,ID_MEDMIT,ID_PARAMETRO,VALOR,FLAG_ESTADO) values ('466','2','3','12','11','23.15','1');
Insert into MRVMM.T_MAEM_INDICADOR_DATA (ID_INICIATIVA,ID_INDICADOR,ID_ENFOQUE,ID_MEDMIT,ID_PARAMETRO,VALOR,FLAG_ESTADO) values ('466','3','3','12','6','2018','1');
Insert into MRVMM.T_MAEM_INDICADOR_DATA (ID_INICIATIVA,ID_INDICADOR,ID_ENFOQUE,ID_MEDMIT,ID_PARAMETRO,VALOR,FLAG_ESTADO) values ('466','3','3','12','1','5','1');
Insert into MRVMM.T_MAEM_INDICADOR_DATA (ID_INICIATIVA,ID_INDICADOR,ID_ENFOQUE,ID_MEDMIT,ID_PARAMETRO,VALOR,FLAG_ESTADO) values ('466','3','3','12','3','3','1');
Insert into MRVMM.T_MAEM_INDICADOR_DATA (ID_INICIATIVA,ID_INDICADOR,ID_ENFOQUE,ID_MEDMIT,ID_PARAMETRO,VALOR,FLAG_ESTADO) values ('466','3','3','12','7','2430','1');
Insert into MRVMM.T_MAEM_INDICADOR_DATA (ID_INICIATIVA,ID_INDICADOR,ID_ENFOQUE,ID_MEDMIT,ID_PARAMETRO,VALOR,FLAG_ESTADO) values ('466','3','3','12','5','1','1');
Insert into MRVMM.T_MAEM_INDICADOR_DATA (ID_INICIATIVA,ID_INDICADOR,ID_ENFOQUE,ID_MEDMIT,ID_PARAMETRO,VALOR,FLAG_ESTADO) values ('466','3','3','12','9','4323.64','1');
Insert into MRVMM.T_MAEM_INDICADOR_DATA (ID_INICIATIVA,ID_INDICADOR,ID_ENFOQUE,ID_MEDMIT,ID_PARAMETRO,VALOR,FLAG_ESTADO) values ('466','3','3','12','10','461.56','1');
Insert into MRVMM.T_MAEM_INDICADOR_DATA (ID_INICIATIVA,ID_INDICADOR,ID_ENFOQUE,ID_MEDMIT,ID_PARAMETRO,VALOR,FLAG_ESTADO) values ('466','3','3','12','11','3862.08','1');
Insert into MRVMM.T_MAEM_INDICADOR_DATA (ID_INICIATIVA,ID_INDICADOR,ID_ENFOQUE,ID_MEDMIT,ID_PARAMETRO,VALOR,FLAG_ESTADO) values ('466','4','3','12','6','2018','1');
Insert into MRVMM.T_MAEM_INDICADOR_DATA (ID_INICIATIVA,ID_INDICADOR,ID_ENFOQUE,ID_MEDMIT,ID_PARAMETRO,VALOR,FLAG_ESTADO) values ('466','4','3','12','1','6','1');
Insert into MRVMM.T_MAEM_INDICADOR_DATA (ID_INICIATIVA,ID_INDICADOR,ID_ENFOQUE,ID_MEDMIT,ID_PARAMETRO,VALOR,FLAG_ESTADO) values ('466','4','3','12','3','3','1');
Insert into MRVMM.T_MAEM_INDICADOR_DATA (ID_INICIATIVA,ID_INDICADOR,ID_ENFOQUE,ID_MEDMIT,ID_PARAMETRO,VALOR,FLAG_ESTADO) values ('466','4','3','12','7','1660','1');
Insert into MRVMM.T_MAEM_INDICADOR_DATA (ID_INICIATIVA,ID_INDICADOR,ID_ENFOQUE,ID_MEDMIT,ID_PARAMETRO,VALOR,FLAG_ESTADO) values ('466','4','3','12','5','1','1');
Insert into MRVMM.T_MAEM_INDICADOR_DATA (ID_INICIATIVA,ID_INDICADOR,ID_ENFOQUE,ID_MEDMIT,ID_PARAMETRO,VALOR,FLAG_ESTADO) values ('466','4','3','12','9','3945.39','1');
Insert into MRVMM.T_MAEM_INDICADOR_DATA (ID_INICIATIVA,ID_INDICADOR,ID_ENFOQUE,ID_MEDMIT,ID_PARAMETRO,VALOR,FLAG_ESTADO) values ('466','4','3','12','10','3165.74','1');
Insert into MRVMM.T_MAEM_INDICADOR_DATA (ID_INICIATIVA,ID_INDICADOR,ID_ENFOQUE,ID_MEDMIT,ID_PARAMETRO,VALOR,FLAG_ESTADO) values ('466','4','3','12','11','779.65','1');
Insert into MRVMM.T_MAEM_INDICADOR_DATA (ID_INICIATIVA,ID_INDICADOR,ID_ENFOQUE,ID_MEDMIT,ID_PARAMETRO,VALOR,FLAG_ESTADO) values ('483','1','10','7','6','2018','1');
Insert into MRVMM.T_MAEM_INDICADOR_DATA (ID_INICIATIVA,ID_INDICADOR,ID_ENFOQUE,ID_MEDMIT,ID_PARAMETRO,VALOR,FLAG_ESTADO) values ('483','1','10','7','2','2018-12-11','1');
Insert into MRVMM.T_MAEM_INDICADOR_DATA (ID_INICIATIVA,ID_INDICADOR,ID_ENFOQUE,ID_MEDMIT,ID_PARAMETRO,VALOR,FLAG_ESTADO) values ('483','1','10','7','19','1000','1');
Insert into MRVMM.T_MAEM_INDICADOR_DATA (ID_INICIATIVA,ID_INDICADOR,ID_ENFOQUE,ID_MEDMIT,ID_PARAMETRO,VALOR,FLAG_ESTADO) values ('483','1','10','7','20','100','1');
Insert into MRVMM.T_MAEM_INDICADOR_DATA (ID_INICIATIVA,ID_INDICADOR,ID_ENFOQUE,ID_MEDMIT,ID_PARAMETRO,VALOR,FLAG_ESTADO) values ('483','1','10','7','12','1000','1');
Insert into MRVMM.T_MAEM_INDICADOR_DATA (ID_INICIATIVA,ID_INDICADOR,ID_ENFOQUE,ID_MEDMIT,ID_PARAMETRO,VALOR,FLAG_ESTADO) values ('483','1','10','7','17','4','1');
Insert into MRVMM.T_MAEM_INDICADOR_DATA (ID_INICIATIVA,ID_INDICADOR,ID_ENFOQUE,ID_MEDMIT,ID_PARAMETRO,VALOR,FLAG_ESTADO) values ('483','1','10','7','11','1213.53','1');
Insert into MRVMM.T_MAEM_INDICADOR_DATA (ID_INICIATIVA,ID_INDICADOR,ID_ENFOQUE,ID_MEDMIT,ID_PARAMETRO,VALOR,FLAG_ESTADO) values ('482','1','1','12','3','3','1');
Insert into MRVMM.T_MAEM_INDICADOR_DATA (ID_INICIATIVA,ID_INDICADOR,ID_ENFOQUE,ID_MEDMIT,ID_PARAMETRO,VALOR,FLAG_ESTADO) values ('482','1','1','12','4','34184','1');
Insert into MRVMM.T_MAEM_INDICADOR_DATA (ID_INICIATIVA,ID_INDICADOR,ID_ENFOQUE,ID_MEDMIT,ID_PARAMETRO,VALOR,FLAG_ESTADO) values ('482','1','1','12','10','1.45','1');
Insert into MRVMM.T_MAEM_INDICADOR_DATA (ID_INICIATIVA,ID_INDICADOR,ID_ENFOQUE,ID_MEDMIT,ID_PARAMETRO,VALOR,FLAG_ESTADO) values ('482','1','1','12','11','4.67','1');
Insert into MRVMM.T_MAEM_INDICADOR_DATA (ID_INICIATIVA,ID_INDICADOR,ID_ENFOQUE,ID_MEDMIT,ID_PARAMETRO,VALOR,FLAG_ESTADO) values ('466','4','1','12','13','0.15','1');
Insert into MRVMM.T_MAEM_INDICADOR_DATA (ID_INICIATIVA,ID_INDICADOR,ID_ENFOQUE,ID_MEDMIT,ID_PARAMETRO,VALOR,FLAG_ESTADO) values ('466','4','1','12','9','1.94','1');
Insert into MRVMM.T_MAEM_INDICADOR_DATA (ID_INICIATIVA,ID_INDICADOR,ID_ENFOQUE,ID_MEDMIT,ID_PARAMETRO,VALOR,FLAG_ESTADO) values ('466','4','1','12','10','0.27','1');
Insert into MRVMM.T_MAEM_INDICADOR_DATA (ID_INICIATIVA,ID_INDICADOR,ID_ENFOQUE,ID_MEDMIT,ID_PARAMETRO,VALOR,FLAG_ESTADO) values ('466','4','1','12','11','1.67','1');
Insert into MRVMM.T_MAEM_INDICADOR_DATA (ID_INICIATIVA,ID_INDICADOR,ID_ENFOQUE,ID_MEDMIT,ID_PARAMETRO,VALOR,FLAG_ESTADO) values ('482','1','1','12','6','2019','1');
Insert into MRVMM.T_MAEM_INDICADOR_DATA (ID_INICIATIVA,ID_INDICADOR,ID_ENFOQUE,ID_MEDMIT,ID_PARAMETRO,VALOR,FLAG_ESTADO) values ('482','1','1','12','12','1','1');
Insert into MRVMM.T_MAEM_INDICADOR_DATA (ID_INICIATIVA,ID_INDICADOR,ID_ENFOQUE,ID_MEDMIT,ID_PARAMETRO,VALOR,FLAG_ESTADO) values ('482','1','1','12','13','0.25','1');
Insert into MRVMM.T_MAEM_INDICADOR_DATA (ID_INICIATIVA,ID_INDICADOR,ID_ENFOQUE,ID_MEDMIT,ID_PARAMETRO,VALOR,FLAG_ESTADO) values ('482','1','1','12','5','BCD-987','1');
Insert into MRVMM.T_MAEM_INDICADOR_DATA (ID_INICIATIVA,ID_INDICADOR,ID_ENFOQUE,ID_MEDMIT,ID_PARAMETRO,VALOR,FLAG_ESTADO) values ('482','1','1','12','9','6.12','1');
Insert into MRVMM.T_MAEM_INDICADOR_DATA (ID_INICIATIVA,ID_INDICADOR,ID_ENFOQUE,ID_MEDMIT,ID_PARAMETRO,VALOR,FLAG_ESTADO) values ('484','1','3','12','6','2018','1');
Insert into MRVMM.T_MAEM_INDICADOR_DATA (ID_INICIATIVA,ID_INDICADOR,ID_ENFOQUE,ID_MEDMIT,ID_PARAMETRO,VALOR,FLAG_ESTADO) values ('484','1','3','12','1','1','1');
Insert into MRVMM.T_MAEM_INDICADOR_DATA (ID_INICIATIVA,ID_INDICADOR,ID_ENFOQUE,ID_MEDMIT,ID_PARAMETRO,VALOR,FLAG_ESTADO) values ('484','1','3','12','3','2','1');
Insert into MRVMM.T_MAEM_INDICADOR_DATA (ID_INICIATIVA,ID_INDICADOR,ID_ENFOQUE,ID_MEDMIT,ID_PARAMETRO,VALOR,FLAG_ESTADO) values ('484','1','3','12','7','57600','1');
Insert into MRVMM.T_MAEM_INDICADOR_DATA (ID_INICIATIVA,ID_INDICADOR,ID_ENFOQUE,ID_MEDMIT,ID_PARAMETRO,VALOR,FLAG_ESTADO) values ('484','1','3','12','5','THY-900','1');
Insert into MRVMM.T_MAEM_INDICADOR_DATA (ID_INICIATIVA,ID_INDICADOR,ID_ENFOQUE,ID_MEDMIT,ID_PARAMETRO,VALOR,FLAG_ESTADO) values ('484','1','3','12','9','61771','1');
Insert into MRVMM.T_MAEM_INDICADOR_DATA (ID_INICIATIVA,ID_INDICADOR,ID_ENFOQUE,ID_MEDMIT,ID_PARAMETRO,VALOR,FLAG_ESTADO) values ('484','1','3','12','10','10940.71','1');
Insert into MRVMM.T_MAEM_INDICADOR_DATA (ID_INICIATIVA,ID_INDICADOR,ID_ENFOQUE,ID_MEDMIT,ID_PARAMETRO,VALOR,FLAG_ESTADO) values ('484','1','3','12','11','50830.28','1');
Insert into MRVMM.T_MAEM_INDICADOR_DATA (ID_INICIATIVA,ID_INDICADOR,ID_ENFOQUE,ID_MEDMIT,ID_PARAMETRO,VALOR,FLAG_ESTADO) values ('465','1','18','1','6','2018','1');
Insert into MRVMM.T_MAEM_INDICADOR_DATA (ID_INICIATIVA,ID_INDICADOR,ID_ENFOQUE,ID_MEDMIT,ID_PARAMETRO,VALOR,FLAG_ESTADO) values ('465','1','18','1','34','1','1');
Insert into MRVMM.T_MAEM_INDICADOR_DATA (ID_INICIATIVA,ID_INDICADOR,ID_ENFOQUE,ID_MEDMIT,ID_PARAMETRO,VALOR,FLAG_ESTADO) values ('465','1','18','1','26','2','1');
Insert into MRVMM.T_MAEM_INDICADOR_DATA (ID_INICIATIVA,ID_INDICADOR,ID_ENFOQUE,ID_MEDMIT,ID_PARAMETRO,VALOR,FLAG_ESTADO) values ('465','1','18','1','27','1','1');
Insert into MRVMM.T_MAEM_INDICADOR_DATA (ID_INICIATIVA,ID_INDICADOR,ID_ENFOQUE,ID_MEDMIT,ID_PARAMETRO,VALOR,FLAG_ESTADO) values ('465','1','18','1','12','1000','1');
Insert into MRVMM.T_MAEM_INDICADOR_DATA (ID_INICIATIVA,ID_INDICADOR,ID_ENFOQUE,ID_MEDMIT,ID_PARAMETRO,VALOR,FLAG_ESTADO) values ('465','1','18','1','17','5','1');
Insert into MRVMM.T_MAEM_INDICADOR_DATA (ID_INICIATIVA,ID_INDICADOR,ID_ENFOQUE,ID_MEDMIT,ID_PARAMETRO,VALOR,FLAG_ESTADO) values ('465','1','18','1','11','12.94','1');
Insert into MRVMM.T_MAEM_INDICADOR_DATA (ID_INICIATIVA,ID_INDICADOR,ID_ENFOQUE,ID_MEDMIT,ID_PARAMETRO,VALOR,FLAG_ESTADO) values ('394','1','10','7','6','2018','1');
Insert into MRVMM.T_MAEM_INDICADOR_DATA (ID_INICIATIVA,ID_INDICADOR,ID_ENFOQUE,ID_MEDMIT,ID_PARAMETRO,VALOR,FLAG_ESTADO) values ('394','1','10','7','2','2018-11-11','1');
Insert into MRVMM.T_MAEM_INDICADOR_DATA (ID_INICIATIVA,ID_INDICADOR,ID_ENFOQUE,ID_MEDMIT,ID_PARAMETRO,VALOR,FLAG_ESTADO) values ('394','1','10','7','19','1000','1');
Insert into MRVMM.T_MAEM_INDICADOR_DATA (ID_INICIATIVA,ID_INDICADOR,ID_ENFOQUE,ID_MEDMIT,ID_PARAMETRO,VALOR,FLAG_ESTADO) values ('394','1','10','7','20','100','1');
Insert into MRVMM.T_MAEM_INDICADOR_DATA (ID_INICIATIVA,ID_INDICADOR,ID_ENFOQUE,ID_MEDMIT,ID_PARAMETRO,VALOR,FLAG_ESTADO) values ('394','1','10','7','12','10','1');
Insert into MRVMM.T_MAEM_INDICADOR_DATA (ID_INICIATIVA,ID_INDICADOR,ID_ENFOQUE,ID_MEDMIT,ID_PARAMETRO,VALOR,FLAG_ESTADO) values ('394','1','10','7','17','6','1');
Insert into MRVMM.T_MAEM_INDICADOR_DATA (ID_INICIATIVA,ID_INDICADOR,ID_ENFOQUE,ID_MEDMIT,ID_PARAMETRO,VALOR,FLAG_ESTADO) values ('394','1','10','7','11','9.1','1');
Insert into MRVMM.T_MAEM_INDICADOR_DATA (ID_INICIATIVA,ID_INDICADOR,ID_ENFOQUE,ID_MEDMIT,ID_PARAMETRO,VALOR,FLAG_ESTADO) values ('466','4','1','12','5','BJI-197 ','1');
Insert into MRVMM.T_MAEM_INDICADOR_DATA (ID_INICIATIVA,ID_INDICADOR,ID_ENFOQUE,ID_MEDMIT,ID_PARAMETRO,VALOR,FLAG_ESTADO) values ('368','1','9','8','6','2018','1');
Insert into MRVMM.T_MAEM_INDICADOR_DATA (ID_INICIATIVA,ID_INDICADOR,ID_ENFOQUE,ID_MEDMIT,ID_PARAMETRO,VALOR,FLAG_ESTADO) values ('368','1','9','8','18','1','1');
Insert into MRVMM.T_MAEM_INDICADOR_DATA (ID_INICIATIVA,ID_INDICADOR,ID_ENFOQUE,ID_MEDMIT,ID_PARAMETRO,VALOR,FLAG_ESTADO) values ('368','1','9','8','33','1000','1');
Insert into MRVMM.T_MAEM_INDICADOR_DATA (ID_INICIATIVA,ID_INDICADOR,ID_ENFOQUE,ID_MEDMIT,ID_PARAMETRO,VALOR,FLAG_ESTADO) values ('368','1','9','8','9','65.74','1');
Insert into MRVMM.T_MAEM_INDICADOR_DATA (ID_INICIATIVA,ID_INDICADOR,ID_ENFOQUE,ID_MEDMIT,ID_PARAMETRO,VALOR,FLAG_ESTADO) values ('368','1','9','8','10','29.83','1');
Insert into MRVMM.T_MAEM_INDICADOR_DATA (ID_INICIATIVA,ID_INDICADOR,ID_ENFOQUE,ID_MEDMIT,ID_PARAMETRO,VALOR,FLAG_ESTADO) values ('368','1','9','8','11','35.92','1');
Insert into MRVMM.T_MAEM_INDICADOR_DATA (ID_INICIATIVA,ID_INDICADOR,ID_ENFOQUE,ID_MEDMIT,ID_PARAMETRO,VALOR,FLAG_ESTADO) values ('482','1','1','12','1','1','1');
REM INSERTING into MRVMM.T_MAEM_MRV_FACTOR
SET DEFINE OFF;
Insert into MRVMM.T_MAEM_MRV_FACTOR (ID_FACTOR,NOMBRE_FACTOR) values ('29','FACTOR CALENTA_ELEC BAU');
Insert into MRVMM.T_MAEM_MRV_FACTOR (ID_FACTOR,NOMBRE_FACTOR) values ('30','FACTOR CALENTA_ELEC INI');
Insert into MRVMM.T_MAEM_MRV_FACTOR (ID_FACTOR,NOMBRE_FACTOR) values ('31','FACTOR CALENTA_GAS BAU');
Insert into MRVMM.T_MAEM_MRV_FACTOR (ID_FACTOR,NOMBRE_FACTOR) values ('32','FACTOR CALENTA_GAS INI');
Insert into MRVMM.T_MAEM_MRV_FACTOR (ID_FACTOR,NOMBRE_FACTOR) values ('33','FACTOR CALENTA_INSTAN BAU');
Insert into MRVMM.T_MAEM_MRV_FACTOR (ID_FACTOR,NOMBRE_FACTOR) values ('34','FACTOR CALENTA_INSTAN INI');
Insert into MRVMM.T_MAEM_MRV_FACTOR (ID_FACTOR,NOMBRE_FACTOR) values ('11','FACTOR EMI');
Insert into MRVMM.T_MAEM_MRV_FACTOR (ID_FACTOR,NOMBRE_FACTOR) values ('18','FACTOR_COCCION_BIOCOMBUS_BAU');
Insert into MRVMM.T_MAEM_MRV_FACTOR (ID_FACTOR,NOMBRE_FACTOR) values ('19','FACTOR_COCCION_BIOCOMBUS_INI');
Insert into MRVMM.T_MAEM_MRV_FACTOR (ID_FACTOR,NOMBRE_FACTOR) values ('20','FACTOR_BIOMASA');
Insert into MRVMM.T_MAEM_MRV_FACTOR (ID_FACTOR,NOMBRE_FACTOR) values ('1','FACTOR BAU');
Insert into MRVMM.T_MAEM_MRV_FACTOR (ID_FACTOR,NOMBRE_FACTOR) values ('2','FACTOR PERDIDA');
Insert into MRVMM.T_MAEM_MRV_FACTOR (ID_FACTOR,NOMBRE_FACTOR) values ('3','FACTOR REN');
Insert into MRVMM.T_MAEM_MRV_FACTOR (ID_FACTOR,NOMBRE_FACTOR) values ('4','FACTOR CON');
Insert into MRVMM.T_MAEM_MRV_FACTOR (ID_FACTOR,NOMBRE_FACTOR) values ('5','FACTOR BAU MEDIA');
Insert into MRVMM.T_MAEM_MRV_FACTOR (ID_FACTOR,NOMBRE_FACTOR) values ('6','FACTOR MIT');
Insert into MRVMM.T_MAEM_MRV_FACTOR (ID_FACTOR,NOMBRE_FACTOR) values ('12','FACTOR MOT_BAU');
Insert into MRVMM.T_MAEM_MRV_FACTOR (ID_FACTOR,NOMBRE_FACTOR) values ('13','FACTOR MOT_INI');
Insert into MRVMM.T_MAEM_MRV_FACTOR (ID_FACTOR,NOMBRE_FACTOR) values ('16','FACTOR CONGELA_BAU');
Insert into MRVMM.T_MAEM_MRV_FACTOR (ID_FACTOR,NOMBRE_FACTOR) values ('17','FACTOR CONGELA_INI');
Insert into MRVMM.T_MAEM_MRV_FACTOR (ID_FACTOR,NOMBRE_FACTOR) values ('35','FACTOR CALORICO BAU');
Insert into MRVMM.T_MAEM_MRV_FACTOR (ID_FACTOR,NOMBRE_FACTOR) values ('36','FACTOR CALORICO INI');
Insert into MRVMM.T_MAEM_MRV_FACTOR (ID_FACTOR,NOMBRE_FACTOR) values ('37','FACTOR IPCC1 BAU');
Insert into MRVMM.T_MAEM_MRV_FACTOR (ID_FACTOR,NOMBRE_FACTOR) values ('38','FACTOR IPCC1 INI');
Insert into MRVMM.T_MAEM_MRV_FACTOR (ID_FACTOR,NOMBRE_FACTOR) values ('39','FACTOR IPCC2 BAU');
Insert into MRVMM.T_MAEM_MRV_FACTOR (ID_FACTOR,NOMBRE_FACTOR) values ('40','FACTOR IPCC2 INI');
Insert into MRVMM.T_MAEM_MRV_FACTOR (ID_FACTOR,NOMBRE_FACTOR) values ('41','FACTOR IPCC3 BAU');
Insert into MRVMM.T_MAEM_MRV_FACTOR (ID_FACTOR,NOMBRE_FACTOR) values ('42','FACTOR IPCC3 INI');
Insert into MRVMM.T_MAEM_MRV_FACTOR (ID_FACTOR,NOMBRE_FACTOR) values ('7','FACTOR GD');
Insert into MRVMM.T_MAEM_MRV_FACTOR (ID_FACTOR,NOMBRE_FACTOR) values ('8','FACTOR RER');
Insert into MRVMM.T_MAEM_MRV_FACTOR (ID_FACTOR,NOMBRE_FACTOR) values ('9','FACTOR REGION');
Insert into MRVMM.T_MAEM_MRV_FACTOR (ID_FACTOR,NOMBRE_FACTOR) values ('10','FACTOR MES');
Insert into MRVMM.T_MAEM_MRV_FACTOR (ID_FACTOR,NOMBRE_FACTOR) values ('14','FACTOR REFRI_BAU');
Insert into MRVMM.T_MAEM_MRV_FACTOR (ID_FACTOR,NOMBRE_FACTOR) values ('15','FACTOR REFRI_INI');
Insert into MRVMM.T_MAEM_MRV_FACTOR (ID_FACTOR,NOMBRE_FACTOR) values ('21','FACTOR LAVA BAU');
Insert into MRVMM.T_MAEM_MRV_FACTOR (ID_FACTOR,NOMBRE_FACTOR) values ('22','FACTOR LAVA INI');
Insert into MRVMM.T_MAEM_MRV_FACTOR (ID_FACTOR,NOMBRE_FACTOR) values ('23','FACTOR SECA BAU');
Insert into MRVMM.T_MAEM_MRV_FACTOR (ID_FACTOR,NOMBRE_FACTOR) values ('24','FACTOR SECA INI');
Insert into MRVMM.T_MAEM_MRV_FACTOR (ID_FACTOR,NOMBRE_FACTOR) values ('25','FACTOR MOTOR ELEC BAU');
Insert into MRVMM.T_MAEM_MRV_FACTOR (ID_FACTOR,NOMBRE_FACTOR) values ('26','FACTOR MOTOR ELEC INI');
Insert into MRVMM.T_MAEM_MRV_FACTOR (ID_FACTOR,NOMBRE_FACTOR) values ('27','FACTOR ACONDIC BAU');
Insert into MRVMM.T_MAEM_MRV_FACTOR (ID_FACTOR,NOMBRE_FACTOR) values ('28','FACTOR ACONDIC INI');
REM INSERTING into MRVMM.T_MAEM_MRV_FACTOR_PARAMETRO
SET DEFINE OFF;
Insert into MRVMM.T_MAEM_MRV_FACTOR_PARAMETRO (ID_FACTOR,ID_DETALLE,ID_TIPO_CONTROL,ID_TIPO_DATO,NOMBRE_DETALLE,ID_PARAMETRO,ORDEN,FLAG_ESTADO) values ('29','1','1',null,'CAPACIDAD','40','1','1');
Insert into MRVMM.T_MAEM_MRV_FACTOR_PARAMETRO (ID_FACTOR,ID_DETALLE,ID_TIPO_CONTROL,ID_TIPO_DATO,NOMBRE_DETALLE,ID_PARAMETRO,ORDEN,FLAG_ESTADO) values ('29','3','1',null,'ETIQUETA BAU','26','3','1');
Insert into MRVMM.T_MAEM_MRV_FACTOR_PARAMETRO (ID_FACTOR,ID_DETALLE,ID_TIPO_CONTROL,ID_TIPO_DATO,NOMBRE_DETALLE,ID_PARAMETRO,ORDEN,FLAG_ESTADO) values ('29','4','2','2','FACTOR',null,'4','1');
Insert into MRVMM.T_MAEM_MRV_FACTOR_PARAMETRO (ID_FACTOR,ID_DETALLE,ID_TIPO_CONTROL,ID_TIPO_DATO,NOMBRE_DETALLE,ID_PARAMETRO,ORDEN,FLAG_ESTADO) values ('30','1','1',null,'CAPACIDAD','40','1','1');
Insert into MRVMM.T_MAEM_MRV_FACTOR_PARAMETRO (ID_FACTOR,ID_DETALLE,ID_TIPO_CONTROL,ID_TIPO_DATO,NOMBRE_DETALLE,ID_PARAMETRO,ORDEN,FLAG_ESTADO) values ('30','3','1',null,'ETIQUETA INICIATIVA','27','3','1');
Insert into MRVMM.T_MAEM_MRV_FACTOR_PARAMETRO (ID_FACTOR,ID_DETALLE,ID_TIPO_CONTROL,ID_TIPO_DATO,NOMBRE_DETALLE,ID_PARAMETRO,ORDEN,FLAG_ESTADO) values ('30','4','2','2','FACTOR',null,'4','1');
Insert into MRVMM.T_MAEM_MRV_FACTOR_PARAMETRO (ID_FACTOR,ID_DETALLE,ID_TIPO_CONTROL,ID_TIPO_DATO,NOMBRE_DETALLE,ID_PARAMETRO,ORDEN,FLAG_ESTADO) values ('31','1','1',null,'CAPACIDAD','41','1','1');
Insert into MRVMM.T_MAEM_MRV_FACTOR_PARAMETRO (ID_FACTOR,ID_DETALLE,ID_TIPO_CONTROL,ID_TIPO_DATO,NOMBRE_DETALLE,ID_PARAMETRO,ORDEN,FLAG_ESTADO) values ('31','3','1',null,'ETIQUETA BAU','26','3','1');
Insert into MRVMM.T_MAEM_MRV_FACTOR_PARAMETRO (ID_FACTOR,ID_DETALLE,ID_TIPO_CONTROL,ID_TIPO_DATO,NOMBRE_DETALLE,ID_PARAMETRO,ORDEN,FLAG_ESTADO) values ('31','4','2','2','FACTOR',null,'4','1');
Insert into MRVMM.T_MAEM_MRV_FACTOR_PARAMETRO (ID_FACTOR,ID_DETALLE,ID_TIPO_CONTROL,ID_TIPO_DATO,NOMBRE_DETALLE,ID_PARAMETRO,ORDEN,FLAG_ESTADO) values ('32','1','1',null,'CAPACIDAD','41','1','1');
Insert into MRVMM.T_MAEM_MRV_FACTOR_PARAMETRO (ID_FACTOR,ID_DETALLE,ID_TIPO_CONTROL,ID_TIPO_DATO,NOMBRE_DETALLE,ID_PARAMETRO,ORDEN,FLAG_ESTADO) values ('32','3','1',null,'ETIQUETA INICIATIVA','27','3','1');
Insert into MRVMM.T_MAEM_MRV_FACTOR_PARAMETRO (ID_FACTOR,ID_DETALLE,ID_TIPO_CONTROL,ID_TIPO_DATO,NOMBRE_DETALLE,ID_PARAMETRO,ORDEN,FLAG_ESTADO) values ('32','4','2','2','FACTOR',null,'4','1');
Insert into MRVMM.T_MAEM_MRV_FACTOR_PARAMETRO (ID_FACTOR,ID_DETALLE,ID_TIPO_CONTROL,ID_TIPO_DATO,NOMBRE_DETALLE,ID_PARAMETRO,ORDEN,FLAG_ESTADO) values ('33','3','1',null,'ETIQUETA BAU','26','3','1');
Insert into MRVMM.T_MAEM_MRV_FACTOR_PARAMETRO (ID_FACTOR,ID_DETALLE,ID_TIPO_CONTROL,ID_TIPO_DATO,NOMBRE_DETALLE,ID_PARAMETRO,ORDEN,FLAG_ESTADO) values ('33','4','2','2','FACTOR',null,'4','1');
Insert into MRVMM.T_MAEM_MRV_FACTOR_PARAMETRO (ID_FACTOR,ID_DETALLE,ID_TIPO_CONTROL,ID_TIPO_DATO,NOMBRE_DETALLE,ID_PARAMETRO,ORDEN,FLAG_ESTADO) values ('34','3','1',null,'ETIQUETA INICIATIVA','27','3','1');
Insert into MRVMM.T_MAEM_MRV_FACTOR_PARAMETRO (ID_FACTOR,ID_DETALLE,ID_TIPO_CONTROL,ID_TIPO_DATO,NOMBRE_DETALLE,ID_PARAMETRO,ORDEN,FLAG_ESTADO) values ('34','4','2','2','FACTOR',null,'4','1');
Insert into MRVMM.T_MAEM_MRV_FACTOR_PARAMETRO (ID_FACTOR,ID_DETALLE,ID_TIPO_CONTROL,ID_TIPO_DATO,NOMBRE_DETALLE,ID_PARAMETRO,ORDEN,FLAG_ESTADO) values ('6','3','2','2','FACTOR',null,'3','1');
Insert into MRVMM.T_MAEM_MRV_FACTOR_PARAMETRO (ID_FACTOR,ID_DETALLE,ID_TIPO_CONTROL,ID_TIPO_DATO,NOMBRE_DETALLE,ID_PARAMETRO,ORDEN,FLAG_ESTADO) values ('11','1','1',null,'AÑO','6','1','1');
Insert into MRVMM.T_MAEM_MRV_FACTOR_PARAMETRO (ID_FACTOR,ID_DETALLE,ID_TIPO_CONTROL,ID_TIPO_DATO,NOMBRE_DETALLE,ID_PARAMETRO,ORDEN,FLAG_ESTADO) values ('11','2','2','2','FACTOR',null,'2','1');
Insert into MRVMM.T_MAEM_MRV_FACTOR_PARAMETRO (ID_FACTOR,ID_DETALLE,ID_TIPO_CONTROL,ID_TIPO_DATO,NOMBRE_DETALLE,ID_PARAMETRO,ORDEN,FLAG_ESTADO) values ('18','1','1',null,'FUENTE BASE','30','1','1');
Insert into MRVMM.T_MAEM_MRV_FACTOR_PARAMETRO (ID_FACTOR,ID_DETALLE,ID_TIPO_CONTROL,ID_TIPO_DATO,NOMBRE_DETALLE,ID_PARAMETRO,ORDEN,FLAG_ESTADO) values ('18','2','2','2','FACTOR',null,'2','1');
Insert into MRVMM.T_MAEM_MRV_FACTOR_PARAMETRO (ID_FACTOR,ID_DETALLE,ID_TIPO_CONTROL,ID_TIPO_DATO,NOMBRE_DETALLE,ID_PARAMETRO,ORDEN,FLAG_ESTADO) values ('19','1','1',null,'FUENTE INICIATIVA','31','1','1');
Insert into MRVMM.T_MAEM_MRV_FACTOR_PARAMETRO (ID_FACTOR,ID_DETALLE,ID_TIPO_CONTROL,ID_TIPO_DATO,NOMBRE_DETALLE,ID_PARAMETRO,ORDEN,FLAG_ESTADO) values ('19','2','2','2','FACTOR',null,'2','1');
Insert into MRVMM.T_MAEM_MRV_FACTOR_PARAMETRO (ID_FACTOR,ID_DETALLE,ID_TIPO_CONTROL,ID_TIPO_DATO,NOMBRE_DETALLE,ID_PARAMETRO,ORDEN,FLAG_ESTADO) values ('20','1','1',null,'AÑO','6','1','1');
Insert into MRVMM.T_MAEM_MRV_FACTOR_PARAMETRO (ID_FACTOR,ID_DETALLE,ID_TIPO_CONTROL,ID_TIPO_DATO,NOMBRE_DETALLE,ID_PARAMETRO,ORDEN,FLAG_ESTADO) values ('20','2','1',null,'REGION','18','2','1');
Insert into MRVMM.T_MAEM_MRV_FACTOR_PARAMETRO (ID_FACTOR,ID_DETALLE,ID_TIPO_CONTROL,ID_TIPO_DATO,NOMBRE_DETALLE,ID_PARAMETRO,ORDEN,FLAG_ESTADO) values ('20','3','2','2','FACTOR',null,'3','1');
Insert into MRVMM.T_MAEM_MRV_FACTOR_PARAMETRO (ID_FACTOR,ID_DETALLE,ID_TIPO_CONTROL,ID_TIPO_DATO,NOMBRE_DETALLE,ID_PARAMETRO,ORDEN,FLAG_ESTADO) values ('1','1','1',null,'TIPO DE VEHÍCULO','1','1','1');
Insert into MRVMM.T_MAEM_MRV_FACTOR_PARAMETRO (ID_FACTOR,ID_DETALLE,ID_TIPO_CONTROL,ID_TIPO_DATO,NOMBRE_DETALLE,ID_PARAMETRO,ORDEN,FLAG_ESTADO) values ('1','2','1',null,'TIPO DE COMBUSTIBLE','3','2','1');
Insert into MRVMM.T_MAEM_MRV_FACTOR_PARAMETRO (ID_FACTOR,ID_DETALLE,ID_TIPO_CONTROL,ID_TIPO_DATO,NOMBRE_DETALLE,ID_PARAMETRO,ORDEN,FLAG_ESTADO) values ('16','2','1',null,'CAPACIDAD CONGELA','29','2','1');
Insert into MRVMM.T_MAEM_MRV_FACTOR_PARAMETRO (ID_FACTOR,ID_DETALLE,ID_TIPO_CONTROL,ID_TIPO_DATO,NOMBRE_DETALLE,ID_PARAMETRO,ORDEN,FLAG_ESTADO) values ('1','4','2','2','FACTOR',null,'5','1');
Insert into MRVMM.T_MAEM_MRV_FACTOR_PARAMETRO (ID_FACTOR,ID_DETALLE,ID_TIPO_CONTROL,ID_TIPO_DATO,NOMBRE_DETALLE,ID_PARAMETRO,ORDEN,FLAG_ESTADO) values ('2','1','1',null,'AÑO','6','1','1');
Insert into MRVMM.T_MAEM_MRV_FACTOR_PARAMETRO (ID_FACTOR,ID_DETALLE,ID_TIPO_CONTROL,ID_TIPO_DATO,NOMBRE_DETALLE,ID_PARAMETRO,ORDEN,FLAG_ESTADO) values ('2','2','2','2','FACTOR',null,'2','0');
Insert into MRVMM.T_MAEM_MRV_FACTOR_PARAMETRO (ID_FACTOR,ID_DETALLE,ID_TIPO_CONTROL,ID_TIPO_DATO,NOMBRE_DETALLE,ID_PARAMETRO,ORDEN,FLAG_ESTADO) values ('3','1','1',null,'TIPO DE VEHÍCULO','1','1','1');
Insert into MRVMM.T_MAEM_MRV_FACTOR_PARAMETRO (ID_FACTOR,ID_DETALLE,ID_TIPO_CONTROL,ID_TIPO_DATO,NOMBRE_DETALLE,ID_PARAMETRO,ORDEN,FLAG_ESTADO) values ('3','2','2','2','FACTOR',null,'3','1');
Insert into MRVMM.T_MAEM_MRV_FACTOR_PARAMETRO (ID_FACTOR,ID_DETALLE,ID_TIPO_CONTROL,ID_TIPO_DATO,NOMBRE_DETALLE,ID_PARAMETRO,ORDEN,FLAG_ESTADO) values ('4','1','1',null,'AÑO','6','1','1');
Insert into MRVMM.T_MAEM_MRV_FACTOR_PARAMETRO (ID_FACTOR,ID_DETALLE,ID_TIPO_CONTROL,ID_TIPO_DATO,NOMBRE_DETALLE,ID_PARAMETRO,ORDEN,FLAG_ESTADO) values ('4','2','2','2','FACTOR',null,'2','1');
Insert into MRVMM.T_MAEM_MRV_FACTOR_PARAMETRO (ID_FACTOR,ID_DETALLE,ID_TIPO_CONTROL,ID_TIPO_DATO,NOMBRE_DETALLE,ID_PARAMETRO,ORDEN,FLAG_ESTADO) values ('5','1','1',null,'TIPO DE VEHÍCULO','1','1','1');
Insert into MRVMM.T_MAEM_MRV_FACTOR_PARAMETRO (ID_FACTOR,ID_DETALLE,ID_TIPO_CONTROL,ID_TIPO_DATO,NOMBRE_DETALLE,ID_PARAMETRO,ORDEN,FLAG_ESTADO) values ('5','2','1',null,'TIPO DE COMBUSTIBLE','3','2','1');
Insert into MRVMM.T_MAEM_MRV_FACTOR_PARAMETRO (ID_FACTOR,ID_DETALLE,ID_TIPO_CONTROL,ID_TIPO_DATO,NOMBRE_DETALLE,ID_PARAMETRO,ORDEN,FLAG_ESTADO) values ('5','3','1',null,'AÑO','6','3','1');
Insert into MRVMM.T_MAEM_MRV_FACTOR_PARAMETRO (ID_FACTOR,ID_DETALLE,ID_TIPO_CONTROL,ID_TIPO_DATO,NOMBRE_DETALLE,ID_PARAMETRO,ORDEN,FLAG_ESTADO) values ('5','4','2','2','FACTOR MEDIA',null,'4','1');
Insert into MRVMM.T_MAEM_MRV_FACTOR_PARAMETRO (ID_FACTOR,ID_DETALLE,ID_TIPO_CONTROL,ID_TIPO_DATO,NOMBRE_DETALLE,ID_PARAMETRO,ORDEN,FLAG_ESTADO) values ('16','1','1',null,'CATEGORIA 8-10','28','1','1');
Insert into MRVMM.T_MAEM_MRV_FACTOR_PARAMETRO (ID_FACTOR,ID_DETALLE,ID_TIPO_CONTROL,ID_TIPO_DATO,NOMBRE_DETALLE,ID_PARAMETRO,ORDEN,FLAG_ESTADO) values ('6','1','1',null,'TIPO DE VEHÍCULO','1','1','1');
Insert into MRVMM.T_MAEM_MRV_FACTOR_PARAMETRO (ID_FACTOR,ID_DETALLE,ID_TIPO_CONTROL,ID_TIPO_DATO,NOMBRE_DETALLE,ID_PARAMETRO,ORDEN,FLAG_ESTADO) values ('6','2','1',null,'AÑO','6','2','1');
Insert into MRVMM.T_MAEM_MRV_FACTOR_PARAMETRO (ID_FACTOR,ID_DETALLE,ID_TIPO_CONTROL,ID_TIPO_DATO,NOMBRE_DETALLE,ID_PARAMETRO,ORDEN,FLAG_ESTADO) values ('35','3','1',null,'COMBUSTIBLE','42','3','1');
Insert into MRVMM.T_MAEM_MRV_FACTOR_PARAMETRO (ID_FACTOR,ID_DETALLE,ID_TIPO_CONTROL,ID_TIPO_DATO,NOMBRE_DETALLE,ID_PARAMETRO,ORDEN,FLAG_ESTADO) values ('35','4','2','2','FACTOR',null,'4','1');
Insert into MRVMM.T_MAEM_MRV_FACTOR_PARAMETRO (ID_FACTOR,ID_DETALLE,ID_TIPO_CONTROL,ID_TIPO_DATO,NOMBRE_DETALLE,ID_PARAMETRO,ORDEN,FLAG_ESTADO) values ('36','3','1',null,'COMBUSTIBLE','43','3','1');
Insert into MRVMM.T_MAEM_MRV_FACTOR_PARAMETRO (ID_FACTOR,ID_DETALLE,ID_TIPO_CONTROL,ID_TIPO_DATO,NOMBRE_DETALLE,ID_PARAMETRO,ORDEN,FLAG_ESTADO) values ('16','3','1',null,'ETIQUETA BAU','26','3','1');
Insert into MRVMM.T_MAEM_MRV_FACTOR_PARAMETRO (ID_FACTOR,ID_DETALLE,ID_TIPO_CONTROL,ID_TIPO_DATO,NOMBRE_DETALLE,ID_PARAMETRO,ORDEN,FLAG_ESTADO) values ('36','4','2','2','FACTOR',null,'4','1');
Insert into MRVMM.T_MAEM_MRV_FACTOR_PARAMETRO (ID_FACTOR,ID_DETALLE,ID_TIPO_CONTROL,ID_TIPO_DATO,NOMBRE_DETALLE,ID_PARAMETRO,ORDEN,FLAG_ESTADO) values ('37','3','1',null,'COMBUSTIBLE','42','3','1');
Insert into MRVMM.T_MAEM_MRV_FACTOR_PARAMETRO (ID_FACTOR,ID_DETALLE,ID_TIPO_CONTROL,ID_TIPO_DATO,NOMBRE_DETALLE,ID_PARAMETRO,ORDEN,FLAG_ESTADO) values ('37','4','2','2','FACTOR',null,'4','1');
Insert into MRVMM.T_MAEM_MRV_FACTOR_PARAMETRO (ID_FACTOR,ID_DETALLE,ID_TIPO_CONTROL,ID_TIPO_DATO,NOMBRE_DETALLE,ID_PARAMETRO,ORDEN,FLAG_ESTADO) values ('16','4','2','2','FACTOR',null,'4','1');
Insert into MRVMM.T_MAEM_MRV_FACTOR_PARAMETRO (ID_FACTOR,ID_DETALLE,ID_TIPO_CONTROL,ID_TIPO_DATO,NOMBRE_DETALLE,ID_PARAMETRO,ORDEN,FLAG_ESTADO) values ('17','2','1',null,'CAPACIDAD CONGELA','29','2','1');
Insert into MRVMM.T_MAEM_MRV_FACTOR_PARAMETRO (ID_FACTOR,ID_DETALLE,ID_TIPO_CONTROL,ID_TIPO_DATO,NOMBRE_DETALLE,ID_PARAMETRO,ORDEN,FLAG_ESTADO) values ('17','1','1',null,'CATEGORIA 8-10','28','1','1');
Insert into MRVMM.T_MAEM_MRV_FACTOR_PARAMETRO (ID_FACTOR,ID_DETALLE,ID_TIPO_CONTROL,ID_TIPO_DATO,NOMBRE_DETALLE,ID_PARAMETRO,ORDEN,FLAG_ESTADO) values ('17','3','1',null,'ETIQUETA INICIATIVA','27','3','1');
Insert into MRVMM.T_MAEM_MRV_FACTOR_PARAMETRO (ID_FACTOR,ID_DETALLE,ID_TIPO_CONTROL,ID_TIPO_DATO,NOMBRE_DETALLE,ID_PARAMETRO,ORDEN,FLAG_ESTADO) values ('17','4','2','2','FACTOR',null,'4','1');
Insert into MRVMM.T_MAEM_MRV_FACTOR_PARAMETRO (ID_FACTOR,ID_DETALLE,ID_TIPO_CONTROL,ID_TIPO_DATO,NOMBRE_DETALLE,ID_PARAMETRO,ORDEN,FLAG_ESTADO) values ('38','3','1',null,'COMBUSTIBLE','43','3','1');
Insert into MRVMM.T_MAEM_MRV_FACTOR_PARAMETRO (ID_FACTOR,ID_DETALLE,ID_TIPO_CONTROL,ID_TIPO_DATO,NOMBRE_DETALLE,ID_PARAMETRO,ORDEN,FLAG_ESTADO) values ('38','4','2','2','FACTOR',null,'4','1');
Insert into MRVMM.T_MAEM_MRV_FACTOR_PARAMETRO (ID_FACTOR,ID_DETALLE,ID_TIPO_CONTROL,ID_TIPO_DATO,NOMBRE_DETALLE,ID_PARAMETRO,ORDEN,FLAG_ESTADO) values ('39','3','1',null,'COMBUSTIBLE','42','3','1');
Insert into MRVMM.T_MAEM_MRV_FACTOR_PARAMETRO (ID_FACTOR,ID_DETALLE,ID_TIPO_CONTROL,ID_TIPO_DATO,NOMBRE_DETALLE,ID_PARAMETRO,ORDEN,FLAG_ESTADO) values ('39','4','2','2','FACTOR',null,'4','1');
Insert into MRVMM.T_MAEM_MRV_FACTOR_PARAMETRO (ID_FACTOR,ID_DETALLE,ID_TIPO_CONTROL,ID_TIPO_DATO,NOMBRE_DETALLE,ID_PARAMETRO,ORDEN,FLAG_ESTADO) values ('40','3','1',null,'COMBUSTIBLE','43','3','1');
Insert into MRVMM.T_MAEM_MRV_FACTOR_PARAMETRO (ID_FACTOR,ID_DETALLE,ID_TIPO_CONTROL,ID_TIPO_DATO,NOMBRE_DETALLE,ID_PARAMETRO,ORDEN,FLAG_ESTADO) values ('40','4','2','2','FACTOR',null,'4','1');
Insert into MRVMM.T_MAEM_MRV_FACTOR_PARAMETRO (ID_FACTOR,ID_DETALLE,ID_TIPO_CONTROL,ID_TIPO_DATO,NOMBRE_DETALLE,ID_PARAMETRO,ORDEN,FLAG_ESTADO) values ('41','3','1',null,'COMBUSTIBLE','42','3','1');
Insert into MRVMM.T_MAEM_MRV_FACTOR_PARAMETRO (ID_FACTOR,ID_DETALLE,ID_TIPO_CONTROL,ID_TIPO_DATO,NOMBRE_DETALLE,ID_PARAMETRO,ORDEN,FLAG_ESTADO) values ('41','4','2','2','FACTOR',null,'4','1');
Insert into MRVMM.T_MAEM_MRV_FACTOR_PARAMETRO (ID_FACTOR,ID_DETALLE,ID_TIPO_CONTROL,ID_TIPO_DATO,NOMBRE_DETALLE,ID_PARAMETRO,ORDEN,FLAG_ESTADO) values ('42','3','1',null,'COMBUSTIBLE','43','3','1');
Insert into MRVMM.T_MAEM_MRV_FACTOR_PARAMETRO (ID_FACTOR,ID_DETALLE,ID_TIPO_CONTROL,ID_TIPO_DATO,NOMBRE_DETALLE,ID_PARAMETRO,ORDEN,FLAG_ESTADO) values ('42','4','2','2','FACTOR',null,'4','1');
Insert into MRVMM.T_MAEM_MRV_FACTOR_PARAMETRO (ID_FACTOR,ID_DETALLE,ID_TIPO_CONTROL,ID_TIPO_DATO,NOMBRE_DETALLE,ID_PARAMETRO,ORDEN,FLAG_ESTADO) values ('7','1','1',null,'AÑO','6','1','1');
Insert into MRVMM.T_MAEM_MRV_FACTOR_PARAMETRO (ID_FACTOR,ID_DETALLE,ID_TIPO_CONTROL,ID_TIPO_DATO,NOMBRE_DETALLE,ID_PARAMETRO,ORDEN,FLAG_ESTADO) values ('7','2','2','2','FACTOR',null,'2','1');
Insert into MRVMM.T_MAEM_MRV_FACTOR_PARAMETRO (ID_FACTOR,ID_DETALLE,ID_TIPO_CONTROL,ID_TIPO_DATO,NOMBRE_DETALLE,ID_PARAMETRO,ORDEN,FLAG_ESTADO) values ('8','2','2','2','FACTOR',null,'2','1');
Insert into MRVMM.T_MAEM_MRV_FACTOR_PARAMETRO (ID_FACTOR,ID_DETALLE,ID_TIPO_CONTROL,ID_TIPO_DATO,NOMBRE_DETALLE,ID_PARAMETRO,ORDEN,FLAG_ESTADO) values ('8','1','1',null,'AÑO','6','1','1');
Insert into MRVMM.T_MAEM_MRV_FACTOR_PARAMETRO (ID_FACTOR,ID_DETALLE,ID_TIPO_CONTROL,ID_TIPO_DATO,NOMBRE_DETALLE,ID_PARAMETRO,ORDEN,FLAG_ESTADO) values ('9','1','1',null,'REGION','18','1','1');
Insert into MRVMM.T_MAEM_MRV_FACTOR_PARAMETRO (ID_FACTOR,ID_DETALLE,ID_TIPO_CONTROL,ID_TIPO_DATO,NOMBRE_DETALLE,ID_PARAMETRO,ORDEN,FLAG_ESTADO) values ('9','2','2','2','FACTOR',null,'2','1');
Insert into MRVMM.T_MAEM_MRV_FACTOR_PARAMETRO (ID_FACTOR,ID_DETALLE,ID_TIPO_CONTROL,ID_TIPO_DATO,NOMBRE_DETALLE,ID_PARAMETRO,ORDEN,FLAG_ESTADO) values ('10','1','1',null,'MES','17','1','1');
Insert into MRVMM.T_MAEM_MRV_FACTOR_PARAMETRO (ID_FACTOR,ID_DETALLE,ID_TIPO_CONTROL,ID_TIPO_DATO,NOMBRE_DETALLE,ID_PARAMETRO,ORDEN,FLAG_ESTADO) values ('10','2','2','2','FACTOR',null,'2','1');
Insert into MRVMM.T_MAEM_MRV_FACTOR_PARAMETRO (ID_FACTOR,ID_DETALLE,ID_TIPO_CONTROL,ID_TIPO_DATO,NOMBRE_DETALLE,ID_PARAMETRO,ORDEN,FLAG_ESTADO) values ('12','2','1',null,'CAPACIDAD','21','2','1');
Insert into MRVMM.T_MAEM_MRV_FACTOR_PARAMETRO (ID_FACTOR,ID_DETALLE,ID_TIPO_CONTROL,ID_TIPO_DATO,NOMBRE_DETALLE,ID_PARAMETRO,ORDEN,FLAG_ESTADO) values ('12','1','1',null,'CLASE (ETIQUETA) BAU','22','1','1');
Insert into MRVMM.T_MAEM_MRV_FACTOR_PARAMETRO (ID_FACTOR,ID_DETALLE,ID_TIPO_CONTROL,ID_TIPO_DATO,NOMBRE_DETALLE,ID_PARAMETRO,ORDEN,FLAG_ESTADO) values ('12','3','2','2','FACTOR',null,'3','1');
Insert into MRVMM.T_MAEM_MRV_FACTOR_PARAMETRO (ID_FACTOR,ID_DETALLE,ID_TIPO_CONTROL,ID_TIPO_DATO,NOMBRE_DETALLE,ID_PARAMETRO,ORDEN,FLAG_ESTADO) values ('13','2','1',null,'CAPACIDAD','21','2','1');
Insert into MRVMM.T_MAEM_MRV_FACTOR_PARAMETRO (ID_FACTOR,ID_DETALLE,ID_TIPO_CONTROL,ID_TIPO_DATO,NOMBRE_DETALLE,ID_PARAMETRO,ORDEN,FLAG_ESTADO) values ('13','1','1',null,'CLASE (ETIQUETA) INICIATIVA','23','1','1');
Insert into MRVMM.T_MAEM_MRV_FACTOR_PARAMETRO (ID_FACTOR,ID_DETALLE,ID_TIPO_CONTROL,ID_TIPO_DATO,NOMBRE_DETALLE,ID_PARAMETRO,ORDEN,FLAG_ESTADO) values ('13','3','2','2','FACTOR',null,'3','1');
Insert into MRVMM.T_MAEM_MRV_FACTOR_PARAMETRO (ID_FACTOR,ID_DETALLE,ID_TIPO_CONTROL,ID_TIPO_DATO,NOMBRE_DETALLE,ID_PARAMETRO,ORDEN,FLAG_ESTADO) values ('14','1','1',null,'CAPACIDAD','24','1','1');
Insert into MRVMM.T_MAEM_MRV_FACTOR_PARAMETRO (ID_FACTOR,ID_DETALLE,ID_TIPO_CONTROL,ID_TIPO_DATO,NOMBRE_DETALLE,ID_PARAMETRO,ORDEN,FLAG_ESTADO) values ('14','2','1',null,'CATEGORIA','25','2','1');
Insert into MRVMM.T_MAEM_MRV_FACTOR_PARAMETRO (ID_FACTOR,ID_DETALLE,ID_TIPO_CONTROL,ID_TIPO_DATO,NOMBRE_DETALLE,ID_PARAMETRO,ORDEN,FLAG_ESTADO) values ('14','3','1',null,'ETIQUETA BAU','26','3','1');
Insert into MRVMM.T_MAEM_MRV_FACTOR_PARAMETRO (ID_FACTOR,ID_DETALLE,ID_TIPO_CONTROL,ID_TIPO_DATO,NOMBRE_DETALLE,ID_PARAMETRO,ORDEN,FLAG_ESTADO) values ('14','4','2','2','FACTOR',null,'4','1');
Insert into MRVMM.T_MAEM_MRV_FACTOR_PARAMETRO (ID_FACTOR,ID_DETALLE,ID_TIPO_CONTROL,ID_TIPO_DATO,NOMBRE_DETALLE,ID_PARAMETRO,ORDEN,FLAG_ESTADO) values ('15','1','1',null,'CAPACIDAD','24','1','1');
Insert into MRVMM.T_MAEM_MRV_FACTOR_PARAMETRO (ID_FACTOR,ID_DETALLE,ID_TIPO_CONTROL,ID_TIPO_DATO,NOMBRE_DETALLE,ID_PARAMETRO,ORDEN,FLAG_ESTADO) values ('15','2','1',null,'CATEGORIA','25','2','1');
Insert into MRVMM.T_MAEM_MRV_FACTOR_PARAMETRO (ID_FACTOR,ID_DETALLE,ID_TIPO_CONTROL,ID_TIPO_DATO,NOMBRE_DETALLE,ID_PARAMETRO,ORDEN,FLAG_ESTADO) values ('15','3','1',null,'ETIQUETA INICIATIVA','27','3','1');
Insert into MRVMM.T_MAEM_MRV_FACTOR_PARAMETRO (ID_FACTOR,ID_DETALLE,ID_TIPO_CONTROL,ID_TIPO_DATO,NOMBRE_DETALLE,ID_PARAMETRO,ORDEN,FLAG_ESTADO) values ('15','4','2','2','FACTOR',null,'4','1');
Insert into MRVMM.T_MAEM_MRV_FACTOR_PARAMETRO (ID_FACTOR,ID_DETALLE,ID_TIPO_CONTROL,ID_TIPO_DATO,NOMBRE_DETALLE,ID_PARAMETRO,ORDEN,FLAG_ESTADO) values ('21','1','1',null,'CAPACIDAD','34','1','1');
Insert into MRVMM.T_MAEM_MRV_FACTOR_PARAMETRO (ID_FACTOR,ID_DETALLE,ID_TIPO_CONTROL,ID_TIPO_DATO,NOMBRE_DETALLE,ID_PARAMETRO,ORDEN,FLAG_ESTADO) values ('21','3','1',null,'ETIQUETA BAU','26','3','1');
Insert into MRVMM.T_MAEM_MRV_FACTOR_PARAMETRO (ID_FACTOR,ID_DETALLE,ID_TIPO_CONTROL,ID_TIPO_DATO,NOMBRE_DETALLE,ID_PARAMETRO,ORDEN,FLAG_ESTADO) values ('21','4','2','2','FACTOR',null,'4','1');
Insert into MRVMM.T_MAEM_MRV_FACTOR_PARAMETRO (ID_FACTOR,ID_DETALLE,ID_TIPO_CONTROL,ID_TIPO_DATO,NOMBRE_DETALLE,ID_PARAMETRO,ORDEN,FLAG_ESTADO) values ('22','1','1',null,'CAPACIDAD','34','1','1');
Insert into MRVMM.T_MAEM_MRV_FACTOR_PARAMETRO (ID_FACTOR,ID_DETALLE,ID_TIPO_CONTROL,ID_TIPO_DATO,NOMBRE_DETALLE,ID_PARAMETRO,ORDEN,FLAG_ESTADO) values ('22','3','1',null,'ETIQUETA INICIATIVA','27','3','1');
Insert into MRVMM.T_MAEM_MRV_FACTOR_PARAMETRO (ID_FACTOR,ID_DETALLE,ID_TIPO_CONTROL,ID_TIPO_DATO,NOMBRE_DETALLE,ID_PARAMETRO,ORDEN,FLAG_ESTADO) values ('22','4','2','2','FACTOR',null,'4','1');
Insert into MRVMM.T_MAEM_MRV_FACTOR_PARAMETRO (ID_FACTOR,ID_DETALLE,ID_TIPO_CONTROL,ID_TIPO_DATO,NOMBRE_DETALLE,ID_PARAMETRO,ORDEN,FLAG_ESTADO) values ('23','1','1',null,'CAPACIDAD','35','1','1');
Insert into MRVMM.T_MAEM_MRV_FACTOR_PARAMETRO (ID_FACTOR,ID_DETALLE,ID_TIPO_CONTROL,ID_TIPO_DATO,NOMBRE_DETALLE,ID_PARAMETRO,ORDEN,FLAG_ESTADO) values ('23','3','1',null,'ETIQUETA BAU','26','3','1');
Insert into MRVMM.T_MAEM_MRV_FACTOR_PARAMETRO (ID_FACTOR,ID_DETALLE,ID_TIPO_CONTROL,ID_TIPO_DATO,NOMBRE_DETALLE,ID_PARAMETRO,ORDEN,FLAG_ESTADO) values ('23','4','2','2','FACTOR',null,'4','1');
Insert into MRVMM.T_MAEM_MRV_FACTOR_PARAMETRO (ID_FACTOR,ID_DETALLE,ID_TIPO_CONTROL,ID_TIPO_DATO,NOMBRE_DETALLE,ID_PARAMETRO,ORDEN,FLAG_ESTADO) values ('24','1','1',null,'CAPACIDAD','35','1','1');
Insert into MRVMM.T_MAEM_MRV_FACTOR_PARAMETRO (ID_FACTOR,ID_DETALLE,ID_TIPO_CONTROL,ID_TIPO_DATO,NOMBRE_DETALLE,ID_PARAMETRO,ORDEN,FLAG_ESTADO) values ('24','3','1',null,'ETIQUETA INICIATIVA','27','3','1');
Insert into MRVMM.T_MAEM_MRV_FACTOR_PARAMETRO (ID_FACTOR,ID_DETALLE,ID_TIPO_CONTROL,ID_TIPO_DATO,NOMBRE_DETALLE,ID_PARAMETRO,ORDEN,FLAG_ESTADO) values ('24','4','2','2','FACTOR',null,'4','1');
Insert into MRVMM.T_MAEM_MRV_FACTOR_PARAMETRO (ID_FACTOR,ID_DETALLE,ID_TIPO_CONTROL,ID_TIPO_DATO,NOMBRE_DETALLE,ID_PARAMETRO,ORDEN,FLAG_ESTADO) values ('25','1','1',null,'CAPACIDAD','36','1','1');
Insert into MRVMM.T_MAEM_MRV_FACTOR_PARAMETRO (ID_FACTOR,ID_DETALLE,ID_TIPO_CONTROL,ID_TIPO_DATO,NOMBRE_DETALLE,ID_PARAMETRO,ORDEN,FLAG_ESTADO) values ('25','3','1',null,'ETIQUETA BAU','37','3','1');
Insert into MRVMM.T_MAEM_MRV_FACTOR_PARAMETRO (ID_FACTOR,ID_DETALLE,ID_TIPO_CONTROL,ID_TIPO_DATO,NOMBRE_DETALLE,ID_PARAMETRO,ORDEN,FLAG_ESTADO) values ('25','4','2','2','FACTOR',null,'4','1');
Insert into MRVMM.T_MAEM_MRV_FACTOR_PARAMETRO (ID_FACTOR,ID_DETALLE,ID_TIPO_CONTROL,ID_TIPO_DATO,NOMBRE_DETALLE,ID_PARAMETRO,ORDEN,FLAG_ESTADO) values ('26','1','1',null,'CAPACIDAD','36','1','1');
Insert into MRVMM.T_MAEM_MRV_FACTOR_PARAMETRO (ID_FACTOR,ID_DETALLE,ID_TIPO_CONTROL,ID_TIPO_DATO,NOMBRE_DETALLE,ID_PARAMETRO,ORDEN,FLAG_ESTADO) values ('26','3','1',null,'ETIQUETA INICIATIVA','38','3','1');
Insert into MRVMM.T_MAEM_MRV_FACTOR_PARAMETRO (ID_FACTOR,ID_DETALLE,ID_TIPO_CONTROL,ID_TIPO_DATO,NOMBRE_DETALLE,ID_PARAMETRO,ORDEN,FLAG_ESTADO) values ('26','4','2','2','FACTOR',null,'4','1');
Insert into MRVMM.T_MAEM_MRV_FACTOR_PARAMETRO (ID_FACTOR,ID_DETALLE,ID_TIPO_CONTROL,ID_TIPO_DATO,NOMBRE_DETALLE,ID_PARAMETRO,ORDEN,FLAG_ESTADO) values ('27','1','1',null,'CAPACIDAD','39','1','1');
Insert into MRVMM.T_MAEM_MRV_FACTOR_PARAMETRO (ID_FACTOR,ID_DETALLE,ID_TIPO_CONTROL,ID_TIPO_DATO,NOMBRE_DETALLE,ID_PARAMETRO,ORDEN,FLAG_ESTADO) values ('27','3','1',null,'ETIQUETA BAU','26','3','1');
Insert into MRVMM.T_MAEM_MRV_FACTOR_PARAMETRO (ID_FACTOR,ID_DETALLE,ID_TIPO_CONTROL,ID_TIPO_DATO,NOMBRE_DETALLE,ID_PARAMETRO,ORDEN,FLAG_ESTADO) values ('27','4','2','2','FACTOR',null,'4','1');
Insert into MRVMM.T_MAEM_MRV_FACTOR_PARAMETRO (ID_FACTOR,ID_DETALLE,ID_TIPO_CONTROL,ID_TIPO_DATO,NOMBRE_DETALLE,ID_PARAMETRO,ORDEN,FLAG_ESTADO) values ('28','1','1',null,'CAPACIDAD','39','1','1');
Insert into MRVMM.T_MAEM_MRV_FACTOR_PARAMETRO (ID_FACTOR,ID_DETALLE,ID_TIPO_CONTROL,ID_TIPO_DATO,NOMBRE_DETALLE,ID_PARAMETRO,ORDEN,FLAG_ESTADO) values ('28','3','1',null,'ETIQUETA INICIATIVA','27','3','1');
Insert into MRVMM.T_MAEM_MRV_FACTOR_PARAMETRO (ID_FACTOR,ID_DETALLE,ID_TIPO_CONTROL,ID_TIPO_DATO,NOMBRE_DETALLE,ID_PARAMETRO,ORDEN,FLAG_ESTADO) values ('28','4','2','2','FACTOR',null,'4','1');
REM INSERTING into MRVMM.T_MAEM_MEDIDA_FACTOR
SET DEFINE OFF;
Insert into MRVMM.T_MAEM_MEDIDA_FACTOR (ID_MEDMIT,ID_FACTOR,FLAG_ESTADO,ORDEN) values ('1','29','1','15');
Insert into MRVMM.T_MAEM_MEDIDA_FACTOR (ID_MEDMIT,ID_FACTOR,FLAG_ESTADO,ORDEN) values ('1','30','1','16');
Insert into MRVMM.T_MAEM_MEDIDA_FACTOR (ID_MEDMIT,ID_FACTOR,FLAG_ESTADO,ORDEN) values ('1','31','1','17');
Insert into MRVMM.T_MAEM_MEDIDA_FACTOR (ID_MEDMIT,ID_FACTOR,FLAG_ESTADO,ORDEN) values ('1','32','1','18');
Insert into MRVMM.T_MAEM_MEDIDA_FACTOR (ID_MEDMIT,ID_FACTOR,FLAG_ESTADO,ORDEN) values ('1','33','1','19');
Insert into MRVMM.T_MAEM_MEDIDA_FACTOR (ID_MEDMIT,ID_FACTOR,FLAG_ESTADO,ORDEN) values ('1','34','1','20');
Insert into MRVMM.T_MAEM_MEDIDA_FACTOR (ID_MEDMIT,ID_FACTOR,FLAG_ESTADO,ORDEN) values ('8','11','1','1');
Insert into MRVMM.T_MAEM_MEDIDA_FACTOR (ID_MEDMIT,ID_FACTOR,FLAG_ESTADO,ORDEN) values ('8','2','1','2');
Insert into MRVMM.T_MAEM_MEDIDA_FACTOR (ID_MEDMIT,ID_FACTOR,FLAG_ESTADO,ORDEN) values ('8','10','1','3');
Insert into MRVMM.T_MAEM_MEDIDA_FACTOR (ID_MEDMIT,ID_FACTOR,FLAG_ESTADO,ORDEN) values ('8','18','1','1');
Insert into MRVMM.T_MAEM_MEDIDA_FACTOR (ID_MEDMIT,ID_FACTOR,FLAG_ESTADO,ORDEN) values ('8','19','1','2');
Insert into MRVMM.T_MAEM_MEDIDA_FACTOR (ID_MEDMIT,ID_FACTOR,FLAG_ESTADO,ORDEN) values ('8','20','1','3');
Insert into MRVMM.T_MAEM_MEDIDA_FACTOR (ID_MEDMIT,ID_FACTOR,FLAG_ESTADO,ORDEN) values ('3','2','1','1');
Insert into MRVMM.T_MAEM_MEDIDA_FACTOR (ID_MEDMIT,ID_FACTOR,FLAG_ESTADO,ORDEN) values ('12','1','1','1');
Insert into MRVMM.T_MAEM_MEDIDA_FACTOR (ID_MEDMIT,ID_FACTOR,FLAG_ESTADO,ORDEN) values ('12','2','1','2');
Insert into MRVMM.T_MAEM_MEDIDA_FACTOR (ID_MEDMIT,ID_FACTOR,FLAG_ESTADO,ORDEN) values ('12','3','1','3');
Insert into MRVMM.T_MAEM_MEDIDA_FACTOR (ID_MEDMIT,ID_FACTOR,FLAG_ESTADO,ORDEN) values ('12','4','1','4');
Insert into MRVMM.T_MAEM_MEDIDA_FACTOR (ID_MEDMIT,ID_FACTOR,FLAG_ESTADO,ORDEN) values ('12','6','1','5');
Insert into MRVMM.T_MAEM_MEDIDA_FACTOR (ID_MEDMIT,ID_FACTOR,FLAG_ESTADO,ORDEN) values ('7','10','1','3');
Insert into MRVMM.T_MAEM_MEDIDA_FACTOR (ID_MEDMIT,ID_FACTOR,FLAG_ESTADO,ORDEN) values ('7','2','1','2');
Insert into MRVMM.T_MAEM_MEDIDA_FACTOR (ID_MEDMIT,ID_FACTOR,FLAG_ESTADO,ORDEN) values ('7','11','1','1');
Insert into MRVMM.T_MAEM_MEDIDA_FACTOR (ID_MEDMIT,ID_FACTOR,FLAG_ESTADO,ORDEN) values ('6','10','1','1');
Insert into MRVMM.T_MAEM_MEDIDA_FACTOR (ID_MEDMIT,ID_FACTOR,FLAG_ESTADO,ORDEN) values ('6','11','1','2');
Insert into MRVMM.T_MAEM_MEDIDA_FACTOR (ID_MEDMIT,ID_FACTOR,FLAG_ESTADO,ORDEN) values ('6','2','1','3');
Insert into MRVMM.T_MAEM_MEDIDA_FACTOR (ID_MEDMIT,ID_FACTOR,FLAG_ESTADO,ORDEN) values ('5','10','1','1');
Insert into MRVMM.T_MAEM_MEDIDA_FACTOR (ID_MEDMIT,ID_FACTOR,FLAG_ESTADO,ORDEN) values ('5','11','1','2');
Insert into MRVMM.T_MAEM_MEDIDA_FACTOR (ID_MEDMIT,ID_FACTOR,FLAG_ESTADO,ORDEN) values ('5','2','1','3');
Insert into MRVMM.T_MAEM_MEDIDA_FACTOR (ID_MEDMIT,ID_FACTOR,FLAG_ESTADO,ORDEN) values ('3','10','1','2');
Insert into MRVMM.T_MAEM_MEDIDA_FACTOR (ID_MEDMIT,ID_FACTOR,FLAG_ESTADO,ORDEN) values ('3','11','1','3');
Insert into MRVMM.T_MAEM_MEDIDA_FACTOR (ID_MEDMIT,ID_FACTOR,FLAG_ESTADO,ORDEN) values ('2','2','1','1');
Insert into MRVMM.T_MAEM_MEDIDA_FACTOR (ID_MEDMIT,ID_FACTOR,FLAG_ESTADO,ORDEN) values ('2','11','1','2');
Insert into MRVMM.T_MAEM_MEDIDA_FACTOR (ID_MEDMIT,ID_FACTOR,FLAG_ESTADO,ORDEN) values ('2','12','1','3');
Insert into MRVMM.T_MAEM_MEDIDA_FACTOR (ID_MEDMIT,ID_FACTOR,FLAG_ESTADO,ORDEN) values ('2','13','1','4');
Insert into MRVMM.T_MAEM_MEDIDA_FACTOR (ID_MEDMIT,ID_FACTOR,FLAG_ESTADO,ORDEN) values ('1','16','1','5');
Insert into MRVMM.T_MAEM_MEDIDA_FACTOR (ID_MEDMIT,ID_FACTOR,FLAG_ESTADO,ORDEN) values ('1','17','1','6');
Insert into MRVMM.T_MAEM_MEDIDA_FACTOR (ID_MEDMIT,ID_FACTOR,FLAG_ESTADO,ORDEN) values ('2','35','1','5');
Insert into MRVMM.T_MAEM_MEDIDA_FACTOR (ID_MEDMIT,ID_FACTOR,FLAG_ESTADO,ORDEN) values ('2','36','1','6');
Insert into MRVMM.T_MAEM_MEDIDA_FACTOR (ID_MEDMIT,ID_FACTOR,FLAG_ESTADO,ORDEN) values ('2','37','1','7');
Insert into MRVMM.T_MAEM_MEDIDA_FACTOR (ID_MEDMIT,ID_FACTOR,FLAG_ESTADO,ORDEN) values ('2','38','1','8');
Insert into MRVMM.T_MAEM_MEDIDA_FACTOR (ID_MEDMIT,ID_FACTOR,FLAG_ESTADO,ORDEN) values ('2','39','1','9');
Insert into MRVMM.T_MAEM_MEDIDA_FACTOR (ID_MEDMIT,ID_FACTOR,FLAG_ESTADO,ORDEN) values ('2','40','1','10');
Insert into MRVMM.T_MAEM_MEDIDA_FACTOR (ID_MEDMIT,ID_FACTOR,FLAG_ESTADO,ORDEN) values ('2','41','1','11');
Insert into MRVMM.T_MAEM_MEDIDA_FACTOR (ID_MEDMIT,ID_FACTOR,FLAG_ESTADO,ORDEN) values ('2','42','1','12');
Insert into MRVMM.T_MAEM_MEDIDA_FACTOR (ID_MEDMIT,ID_FACTOR,FLAG_ESTADO,ORDEN) values ('11','7','1','1');
Insert into MRVMM.T_MAEM_MEDIDA_FACTOR (ID_MEDMIT,ID_FACTOR,FLAG_ESTADO,ORDEN) values ('10','8','1','1');
Insert into MRVMM.T_MAEM_MEDIDA_FACTOR (ID_MEDMIT,ID_FACTOR,FLAG_ESTADO,ORDEN) values ('9','9','1','1');
Insert into MRVMM.T_MAEM_MEDIDA_FACTOR (ID_MEDMIT,ID_FACTOR,FLAG_ESTADO,ORDEN) values ('9','10','1','2');
Insert into MRVMM.T_MAEM_MEDIDA_FACTOR (ID_MEDMIT,ID_FACTOR,FLAG_ESTADO,ORDEN) values ('1','2','1','1');
Insert into MRVMM.T_MAEM_MEDIDA_FACTOR (ID_MEDMIT,ID_FACTOR,FLAG_ESTADO,ORDEN) values ('1','11','1','2');
Insert into MRVMM.T_MAEM_MEDIDA_FACTOR (ID_MEDMIT,ID_FACTOR,FLAG_ESTADO,ORDEN) values ('1','14','1','3');
Insert into MRVMM.T_MAEM_MEDIDA_FACTOR (ID_MEDMIT,ID_FACTOR,FLAG_ESTADO,ORDEN) values ('1','15','1','4');
Insert into MRVMM.T_MAEM_MEDIDA_FACTOR (ID_MEDMIT,ID_FACTOR,FLAG_ESTADO,ORDEN) values ('1','21','1','7');
Insert into MRVMM.T_MAEM_MEDIDA_FACTOR (ID_MEDMIT,ID_FACTOR,FLAG_ESTADO,ORDEN) values ('1','22','1','8');
Insert into MRVMM.T_MAEM_MEDIDA_FACTOR (ID_MEDMIT,ID_FACTOR,FLAG_ESTADO,ORDEN) values ('1','23','1','9');
Insert into MRVMM.T_MAEM_MEDIDA_FACTOR (ID_MEDMIT,ID_FACTOR,FLAG_ESTADO,ORDEN) values ('1','24','1','10');
Insert into MRVMM.T_MAEM_MEDIDA_FACTOR (ID_MEDMIT,ID_FACTOR,FLAG_ESTADO,ORDEN) values ('1','25','1','11');
Insert into MRVMM.T_MAEM_MEDIDA_FACTOR (ID_MEDMIT,ID_FACTOR,FLAG_ESTADO,ORDEN) values ('1','26','1','12');
Insert into MRVMM.T_MAEM_MEDIDA_FACTOR (ID_MEDMIT,ID_FACTOR,FLAG_ESTADO,ORDEN) values ('1','27','1','13');
Insert into MRVMM.T_MAEM_MEDIDA_FACTOR (ID_MEDMIT,ID_FACTOR,FLAG_ESTADO,ORDEN) values ('1','28','1','14');
REM INSERTING into MRVMM.T_MAEM_FORMULA_PARAMETRO
SET DEFINE OFF;
Insert into MRVMM.T_MAEM_FORMULA_PARAMETRO (ID_PARAMETRO,ID_ENFOQUE,ID_MEDMIT,COMPORTAMIENTO,VALOR,FORMULA,FORMULA_ARMADO,FLAG_ACTIVO) values ('11','22','1','=',null,'([F29]-[F30])/([C1]-[F2])*[C1]/[C1000]*[F11]*[P12]',null,'1');
Insert into MRVMM.T_MAEM_FORMULA_PARAMETRO (ID_PARAMETRO,ID_ENFOQUE,ID_MEDMIT,COMPORTAMIENTO,VALOR,FORMULA,FORMULA_ARMADO,FLAG_ACTIVO) values ('9','23','1','=',null,'([F31]*[C0.00004575]*([C56126.2633]+[C1]*[C21]+[C0.1]*[C310])/[C1000])*[P12]',null,'1');
Insert into MRVMM.T_MAEM_FORMULA_PARAMETRO (ID_PARAMETRO,ID_ENFOQUE,ID_MEDMIT,COMPORTAMIENTO,VALOR,FORMULA,FORMULA_ARMADO,FLAG_ACTIVO) values ('10','23','1','=',null,'([F32]*[C0.00004575]*([C56126.2633]+[C1]*[C21]+[C0.1]*[C310])/[C1000])*[P12]',null,'1');
Insert into MRVMM.T_MAEM_FORMULA_PARAMETRO (ID_PARAMETRO,ID_ENFOQUE,ID_MEDMIT,COMPORTAMIENTO,VALOR,FORMULA,FORMULA_ARMADO,FLAG_ACTIVO) values ('11','23','1','=',null,'[P9]-[P10]',null,'1');
Insert into MRVMM.T_MAEM_FORMULA_PARAMETRO (ID_PARAMETRO,ID_ENFOQUE,ID_MEDMIT,COMPORTAMIENTO,VALOR,FORMULA,FORMULA_ARMADO,FLAG_ACTIVO) values ('11','24','1','=',null,'([F33]-[F34])/([C1]-[F2])*[C1]/[C1000]*[F11]*[P12]',null,'1');
Insert into MRVMM.T_MAEM_FORMULA_PARAMETRO (ID_PARAMETRO,ID_ENFOQUE,ID_MEDMIT,COMPORTAMIENTO,VALOR,FORMULA,FORMULA_ARMADO,FLAG_ACTIVO) values ('9','4','12','=',null,'([F3]*[F5]*[F1]/[C1000000])+([P8]*[F5]*[F1]/[C1000000])',null,'1');
Insert into MRVMM.T_MAEM_FORMULA_PARAMETRO (ID_PARAMETRO,ID_ENFOQUE,ID_MEDMIT,COMPORTAMIENTO,VALOR,FORMULA,FORMULA_ARMADO,FLAG_ACTIVO) values ('11','5','11','=',null,'[P16]/[C1000]*[F7]',null,'1');
Insert into MRVMM.T_MAEM_FORMULA_PARAMETRO (ID_PARAMETRO,ID_ENFOQUE,ID_MEDMIT,COMPORTAMIENTO,VALOR,FORMULA,FORMULA_ARMADO,FLAG_ACTIVO) values ('11','10','7','=',null,'((([P19]-[P20])/([C1]-[F2]))*[C1]/[C1000000]*[F11]*[P12]*[C4380])*([C12]-[P17])/[C12]',null,'1');
Insert into MRVMM.T_MAEM_FORMULA_PARAMETRO (ID_PARAMETRO,ID_ENFOQUE,ID_MEDMIT,COMPORTAMIENTO,VALOR,FORMULA,FORMULA_ARMADO,FLAG_ACTIVO) values ('9','8','8','=',null,'[C0.0156]*[F18]*[P12]*([F20]*[C112]+[C0.3]*[C30]+[C0.004]*[C265])*[C3.8]*[V1]/[C365]',null,'1');
Insert into MRVMM.T_MAEM_FORMULA_PARAMETRO (ID_PARAMETRO,ID_ENFOQUE,ID_MEDMIT,COMPORTAMIENTO,VALOR,FORMULA,FORMULA_ARMADO,FLAG_ACTIVO) values ('10','8','8','=',null,'[C0.0156]*[F19]*[P12]*([F20]*[C112]+[C0.3]*[C30]+[C0.004]*[C265])*[C3.8]*[V1]/[C365]',null,'1');
Insert into MRVMM.T_MAEM_FORMULA_PARAMETRO (ID_PARAMETRO,ID_ENFOQUE,ID_MEDMIT,COMPORTAMIENTO,VALOR,FORMULA,FORMULA_ARMADO,FLAG_ACTIVO) values ('11','8','8','=',null,'[P9]-[P10]',null,'1');
Insert into MRVMM.T_MAEM_FORMULA_PARAMETRO (ID_PARAMETRO,ID_ENFOQUE,ID_MEDMIT,COMPORTAMIENTO,VALOR,FORMULA,FORMULA_ARMADO,FLAG_ACTIVO) values ('30','13','3','=','0','[V2]*[F19][C33]','[V2]|*|[F19]|[C33]','1');
Insert into MRVMM.T_MAEM_FORMULA_PARAMETRO (ID_PARAMETRO,ID_ENFOQUE,ID_MEDMIT,COMPORTAMIENTO,VALOR,FORMULA,FORMULA_ARMADO,FLAG_ACTIVO) values ('9','3','12','=',null,'[P7]*[C1000]/[F3]*[F1]/[C1000000]','[P7]|*|[C1000]|/|[F3]|*|[F1]|/|[C1000000]','1');
Insert into MRVMM.T_MAEM_FORMULA_PARAMETRO (ID_PARAMETRO,ID_ENFOQUE,ID_MEDMIT,COMPORTAMIENTO,VALOR,FORMULA,FORMULA_ARMADO,FLAG_ACTIVO) values ('10','3','12','=',null,'[P7]/([C1]-[F2])*[C1000]/[F3]*[F6]/[C1000]','[P7]|/|(|[1]|-|[F2]|)|*|[C1000]|/|[F3]|*|[F6]|/|[C1000]','1');
Insert into MRVMM.T_MAEM_FORMULA_PARAMETRO (ID_PARAMETRO,ID_ENFOQUE,ID_MEDMIT,COMPORTAMIENTO,VALOR,FORMULA,FORMULA_ARMADO,FLAG_ACTIVO) values ('11','3','12','=',null,'[P9]-[P10]','[P9]|-|[P10]','1');
Insert into MRVMM.T_MAEM_FORMULA_PARAMETRO (ID_PARAMETRO,ID_ENFOQUE,ID_MEDMIT,COMPORTAMIENTO,VALOR,FORMULA,FORMULA_ARMADO,FLAG_ACTIVO) values ('9','1','12','=',null,'([P4]*[P12]*[F1])/[C1000000]','(|[P4]|*|[P12]|*|[F1]|)|/|[C1000000]','1');
Insert into MRVMM.T_MAEM_FORMULA_PARAMETRO (ID_PARAMETRO,ID_ENFOQUE,ID_MEDMIT,COMPORTAMIENTO,VALOR,FORMULA,FORMULA_ARMADO,FLAG_ACTIVO) values ('10','1','12','=',null,'([P4]*[P12]*[F4]*[F3]/([C1]-[F2]))/[C1000]','(|[P4]|*|[P12]|*|[F4]|*|[F3]|/|(|[C1]|-|[F2]|)|)|/|[C1000]','1');
Insert into MRVMM.T_MAEM_FORMULA_PARAMETRO (ID_PARAMETRO,ID_ENFOQUE,ID_MEDMIT,COMPORTAMIENTO,VALOR,FORMULA,FORMULA_ARMADO,FLAG_ACTIVO) values ('11','1','12','=',null,'[P9]-[P10]','[P9]|-|[P10]','1');
Insert into MRVMM.T_MAEM_FORMULA_PARAMETRO (ID_PARAMETRO,ID_ENFOQUE,ID_MEDMIT,COMPORTAMIENTO,VALOR,FORMULA,FORMULA_ARMADO,FLAG_ACTIVO) values ('11','12','5','=',null,'((([P19]-[P20])/([C1]-[F2]))*[C1]/[C1000000]*[F11]*[P12]*[C1278])*([C12]-[P17])/[C12]',null,'1');
Insert into MRVMM.T_MAEM_FORMULA_PARAMETRO (ID_PARAMETRO,ID_ENFOQUE,ID_MEDMIT,COMPORTAMIENTO,VALOR,FORMULA,FORMULA_ARMADO,FLAG_ACTIVO) values ('11','13','3','=',null,'((([P19]-[P20])/([C1]-[F2]))*[C1]/[C1000000]*[F11]*[P12]*[C2112])*([C12]-[P17])/[C12]',null,'1');
Insert into MRVMM.T_MAEM_FORMULA_PARAMETRO (ID_PARAMETRO,ID_ENFOQUE,ID_MEDMIT,COMPORTAMIENTO,VALOR,FORMULA,FORMULA_ARMADO,FLAG_ACTIVO) values ('11','14','2','=',null,'(([F12]-[F13])/([C1]-[F2])*[C1]/[C1000]*[F11]*[P12])*([C12]-[F10])/12',null,'1');
Insert into MRVMM.T_MAEM_FORMULA_PARAMETRO (ID_PARAMETRO,ID_ENFOQUE,ID_MEDMIT,COMPORTAMIENTO,VALOR,FORMULA,FORMULA_ARMADO,FLAG_ACTIVO) values ('11','17','1','=',null,'([F16]-[F17])/([C1]-[F2])*[C1]/[C1000]*[F11]*[P12]*([C12]-[P17])/[C12]',null,'1');
Insert into MRVMM.T_MAEM_FORMULA_PARAMETRO (ID_PARAMETRO,ID_ENFOQUE,ID_MEDMIT,COMPORTAMIENTO,VALOR,FORMULA,FORMULA_ARMADO,FLAG_ACTIVO) values ('9','15','2','=',null,'([P44]*[F35]*([F37]+[F39]*[C21]+[F41]*[C310]))/[P46]*[C1000]',null,'1');
Insert into MRVMM.T_MAEM_FORMULA_PARAMETRO (ID_PARAMETRO,ID_ENFOQUE,ID_MEDMIT,COMPORTAMIENTO,VALOR,FORMULA,FORMULA_ARMADO,FLAG_ACTIVO) values ('10','15','2','=',null,'([P45]*[F36]*([F38]+[F40]*[C21]+[F42]*[C310]))/[P47]*[C1000]',null,'1');
Insert into MRVMM.T_MAEM_FORMULA_PARAMETRO (ID_PARAMETRO,ID_ENFOQUE,ID_MEDMIT,COMPORTAMIENTO,VALOR,FORMULA,FORMULA_ARMADO,FLAG_ACTIVO) values ('11','15','2','=',null,'([P9]-[P10])*[P47]/[C1000000]',null,'1');
Insert into MRVMM.T_MAEM_FORMULA_PARAMETRO (ID_PARAMETRO,ID_ENFOQUE,ID_MEDMIT,COMPORTAMIENTO,VALOR,FORMULA,FORMULA_ARMADO,FLAG_ACTIVO) values ('9','2','12','=',null,'(([P4]+[P15])*[P12]*[F1])/[C1000000]',null,'1');
Insert into MRVMM.T_MAEM_FORMULA_PARAMETRO (ID_PARAMETRO,ID_ENFOQUE,ID_MEDMIT,COMPORTAMIENTO,VALOR,FORMULA,FORMULA_ARMADO,FLAG_ACTIVO) values ('10','2','12','=',null,'([P4]*[P12]*[P13]*[F4])/([C1]-[F2])/[C1000] + ([P15]*[P12]*[F1])/[C1000000]',null,'1');
Insert into MRVMM.T_MAEM_FORMULA_PARAMETRO (ID_PARAMETRO,ID_ENFOQUE,ID_MEDMIT,COMPORTAMIENTO,VALOR,FORMULA,FORMULA_ARMADO,FLAG_ACTIVO) values ('11','2','12','=',null,'[P9]-[P10]',null,'1');
Insert into MRVMM.T_MAEM_FORMULA_PARAMETRO (ID_PARAMETRO,ID_ENFOQUE,ID_MEDMIT,COMPORTAMIENTO,VALOR,FORMULA,FORMULA_ARMADO,FLAG_ACTIVO) values ('11','6','10','=',null,'[P16]/[C1000]*[F8]',null,'1');
Insert into MRVMM.T_MAEM_FORMULA_PARAMETRO (ID_PARAMETRO,ID_ENFOQUE,ID_MEDMIT,COMPORTAMIENTO,VALOR,FORMULA,FORMULA_ARMADO,FLAG_ACTIVO) values ('11','7','9','=',null,'([C12]-[F10])*[P12]*[F9]',null,'1');
Insert into MRVMM.T_MAEM_FORMULA_PARAMETRO (ID_PARAMETRO,ID_ENFOQUE,ID_MEDMIT,COMPORTAMIENTO,VALOR,FORMULA,FORMULA_ARMADO,FLAG_ACTIVO) values ('11','11','6','=',null,'((([P19]-[P20])/([C1]-[F2]))*[C1]/[C1000000]*[F11]*[P12]*[C2640])*([C12]-[P17])/[C12]',null,'1');
Insert into MRVMM.T_MAEM_FORMULA_PARAMETRO (ID_PARAMETRO,ID_ENFOQUE,ID_MEDMIT,COMPORTAMIENTO,VALOR,FORMULA,FORMULA_ARMADO,FLAG_ACTIVO) values ('11','16','1','=',null,'([F14]-[F15])/([C1]-[F2])*[C1]/[C1000]*[F11]*[P12]*([C12]-[P17])/[C12]',null,'1');
Insert into MRVMM.T_MAEM_FORMULA_PARAMETRO (ID_PARAMETRO,ID_ENFOQUE,ID_MEDMIT,COMPORTAMIENTO,VALOR,FORMULA,FORMULA_ARMADO,FLAG_ACTIVO) values ('9','9','8','=',null,'([P33]/[C100]*[C7.3807])*[C0.0156]*([C112]*[F20]+[C0.3]*[C30]+[C0.004]*[C265])',null,'1');
Insert into MRVMM.T_MAEM_FORMULA_PARAMETRO (ID_PARAMETRO,ID_ENFOQUE,ID_MEDMIT,COMPORTAMIENTO,VALOR,FORMULA,FORMULA_ARMADO,FLAG_ACTIVO) values ('10','9','8','=',null,'[P33]/[C100]*[C0.0473]*([C63]+[C0.001]*[C30]+[C0.0001]*[C265])',null,'1');
Insert into MRVMM.T_MAEM_FORMULA_PARAMETRO (ID_PARAMETRO,ID_ENFOQUE,ID_MEDMIT,COMPORTAMIENTO,VALOR,FORMULA,FORMULA_ARMADO,FLAG_ACTIVO) values ('11','9','8','=',null,'[P9]-[P10]',null,'1');
Insert into MRVMM.T_MAEM_FORMULA_PARAMETRO (ID_PARAMETRO,ID_ENFOQUE,ID_MEDMIT,COMPORTAMIENTO,VALOR,FORMULA,FORMULA_ARMADO,FLAG_ACTIVO) values ('11','18','1','=',null,'([F21]-[F22])/([C1]-[F2])*[C1]/[C1000]*[F11]*[P12]*([C12]-[P17])/[C12]',null,'1');
Insert into MRVMM.T_MAEM_FORMULA_PARAMETRO (ID_PARAMETRO,ID_ENFOQUE,ID_MEDMIT,COMPORTAMIENTO,VALOR,FORMULA,FORMULA_ARMADO,FLAG_ACTIVO) values ('11','19','1','=',null,'([F23]-[F24])/([C1]-[F2])*[C1]/[C1000]*[F11]*[P12]*([C12]-[P17])/[C12]',null,'1');
Insert into MRVMM.T_MAEM_FORMULA_PARAMETRO (ID_PARAMETRO,ID_ENFOQUE,ID_MEDMIT,COMPORTAMIENTO,VALOR,FORMULA,FORMULA_ARMADO,FLAG_ACTIVO) values ('11','20','1','=',null,'([F25]-[F26])/([C1]-[F2])*[C1]/[C1000]*[F11]*[P12]*([C12]-[P17])/[C12]',null,'1');
Insert into MRVMM.T_MAEM_FORMULA_PARAMETRO (ID_PARAMETRO,ID_ENFOQUE,ID_MEDMIT,COMPORTAMIENTO,VALOR,FORMULA,FORMULA_ARMADO,FLAG_ACTIVO) values ('11','21','1','=',null,'([F27]-[F28])/([C1]-[F2])*[C1]/[C1000]*[F11]*[P12]*([C12]-[P17])/[C12]',null,'1');
REM INSERTING into MRVMM.T_MAEM_MRV_VARIABLES
SET DEFINE OFF;
Insert into MRVMM.T_MAEM_MRV_VARIABLES (ID_VARIABLE,NOMBRE,ID_PARAMETRO) values ('1','DÍAS DE FUNCIONAMIENTO','32');
Insert into MRVMM.T_MAEM_MRV_VARIABLES (ID_VARIABLE,NOMBRE,ID_PARAMETRO) values ('2','SUMATORIA DE EMISIONES GEI REDUCIDAS','6');
REM INSERTING into MRVMM.T_MAEM_PREFIJO
SET DEFINE OFF;
Insert into MRVMM.T_MAEM_PREFIJO (ID_PREFIJO,PREFIJO,SIMBOLO,VALOR,FLAG_ESTADO) values ('0','unidad',null,'1','1');
Insert into MRVMM.T_MAEM_PREFIJO (ID_PREFIJO,PREFIJO,SIMBOLO,VALOR,FLAG_ESTADO) values ('1','kilo','k','1000','1');
Insert into MRVMM.T_MAEM_PREFIJO (ID_PREFIJO,PREFIJO,SIMBOLO,VALOR,FLAG_ESTADO) values ('2','mega','M','1000000','1');
Insert into MRVMM.T_MAEM_PREFIJO (ID_PREFIJO,PREFIJO,SIMBOLO,VALOR,FLAG_ESTADO) values ('3','giga','G','1000000000','1');
Insert into MRVMM.T_MAEM_PREFIJO (ID_PREFIJO,PREFIJO,SIMBOLO,VALOR,FLAG_ESTADO) values ('4','mili','m','0,001','1');
Insert into MRVMM.T_MAEM_PREFIJO (ID_PREFIJO,PREFIJO,SIMBOLO,VALOR,FLAG_ESTADO) values ('5','micro','u','0,000001','1');
REM INSERTING into MRVMM.T_MAEM_UNIDAD_MEDIDA
SET DEFINE OFF;
Insert into MRVMM.T_MAEM_UNIDAD_MEDIDA (ID_UNIDAD_MEDIDA,UNIDAD_MEDIDA,SIMBOLO,FLAG_ESTADO) values ('0','NINGUNO',null,'1');
Insert into MRVMM.T_MAEM_UNIDAD_MEDIDA (ID_UNIDAD_MEDIDA,UNIDAD_MEDIDA,SIMBOLO,FLAG_ESTADO) values ('1','TONELADA','t','1');
Insert into MRVMM.T_MAEM_UNIDAD_MEDIDA (ID_UNIDAD_MEDIDA,UNIDAD_MEDIDA,SIMBOLO,FLAG_ESTADO) values ('2','VATIO','W','1');
Insert into MRVMM.T_MAEM_UNIDAD_MEDIDA (ID_UNIDAD_MEDIDA,UNIDAD_MEDIDA,SIMBOLO,FLAG_ESTADO) values ('3','Metro','m','1');
REM INSERTING into MRVMM.T_MAEM_MRV_LG_FACTOR_DATA
SET DEFINE OFF;
Insert into MRVMM.T_MAEM_MRV_LG_FACTOR_DATA (ID_LG_FACTOR,FECHA_LOG,ACCION,ID_FACTOR,ID_DETALE,ID_PARAMETRO,VALOR,FACTOR,FLG_ESTADO,DETALLE,USUARIO,IP) values ('143',to_date('28/02/20','DD/MM/RR'),'I','25','11','36|37','4|2','24,339','1','REGISTRO DE DATOS',null,null);
Insert into MRVMM.T_MAEM_MRV_LG_FACTOR_DATA (ID_LG_FACTOR,FECHA_LOG,ACCION,ID_FACTOR,ID_DETALE,ID_PARAMETRO,VALOR,FACTOR,FLG_ESTADO,DETALLE,USUARIO,IP) values ('144',to_date('28/02/20','DD/MM/RR'),'I','25','12','36|37','4|3','24,895','1','REGISTRO DE DATOS',null,null);
Insert into MRVMM.T_MAEM_MRV_LG_FACTOR_DATA (ID_LG_FACTOR,FECHA_LOG,ACCION,ID_FACTOR,ID_DETALE,ID_PARAMETRO,VALOR,FACTOR,FLG_ESTADO,DETALLE,USUARIO,IP) values ('145',to_date('28/02/20','DD/MM/RR'),'I','25','13','36|37','5|1','58,182','1','REGISTRO DE DATOS',null,null);
Insert into MRVMM.T_MAEM_MRV_LG_FACTOR_DATA (ID_LG_FACTOR,FECHA_LOG,ACCION,ID_FACTOR,ID_DETALE,ID_PARAMETRO,VALOR,FACTOR,FLG_ESTADO,DETALLE,USUARIO,IP) values ('146',to_date('28/02/20','DD/MM/RR'),'I','25','14','36|37','5|2','58,937','1','REGISTRO DE DATOS',null,null);
Insert into MRVMM.T_MAEM_MRV_LG_FACTOR_DATA (ID_LG_FACTOR,FECHA_LOG,ACCION,ID_FACTOR,ID_DETALE,ID_PARAMETRO,VALOR,FACTOR,FLG_ESTADO,DETALLE,USUARIO,IP) values ('147',to_date('28/02/20','DD/MM/RR'),'I','25','15','36|37','5|3','60,175','1','REGISTRO DE DATOS',null,null);
Insert into MRVMM.T_MAEM_MRV_LG_FACTOR_DATA (ID_LG_FACTOR,FECHA_LOG,ACCION,ID_FACTOR,ID_DETALE,ID_PARAMETRO,VALOR,FACTOR,FLG_ESTADO,DETALLE,USUARIO,IP) values ('148',to_date('28/02/20','DD/MM/RR'),'I','25','16','36|37','6|1','116,363','1','REGISTRO DE DATOS',null,null);
Insert into MRVMM.T_MAEM_MRV_LG_FACTOR_DATA (ID_LG_FACTOR,FECHA_LOG,ACCION,ID_FACTOR,ID_DETALE,ID_PARAMETRO,VALOR,FACTOR,FLG_ESTADO,DETALLE,USUARIO,IP) values ('149',to_date('28/02/20','DD/MM/RR'),'I','25','17','36|37','6|2','117,874','1','REGISTRO DE DATOS',null,null);
Insert into MRVMM.T_MAEM_MRV_LG_FACTOR_DATA (ID_LG_FACTOR,FECHA_LOG,ACCION,ID_FACTOR,ID_DETALE,ID_PARAMETRO,VALOR,FACTOR,FLG_ESTADO,DETALLE,USUARIO,IP) values ('150',to_date('28/02/20','DD/MM/RR'),'I','25','18','36|37','6|3','120,349','1','REGISTRO DE DATOS',null,null);
Insert into MRVMM.T_MAEM_MRV_LG_FACTOR_DATA (ID_LG_FACTOR,FECHA_LOG,ACCION,ID_FACTOR,ID_DETALE,ID_PARAMETRO,VALOR,FACTOR,FLG_ESTADO,DETALLE,USUARIO,IP) values ('151',to_date('28/02/20','DD/MM/RR'),'I','26','1','36|38','1|1','2,548','1','REGISTRO DE DATOS',null,null);
Insert into MRVMM.T_MAEM_MRV_LG_FACTOR_DATA (ID_LG_FACTOR,FECHA_LOG,ACCION,ID_FACTOR,ID_DETALE,ID_PARAMETRO,VALOR,FACTOR,FLG_ESTADO,DETALLE,USUARIO,IP) values ('152',to_date('28/02/20','DD/MM/RR'),'I','26','2','36|38','1|2','2,64','1','REGISTRO DE DATOS',null,null);
Insert into MRVMM.T_MAEM_MRV_LG_FACTOR_DATA (ID_LG_FACTOR,FECHA_LOG,ACCION,ID_FACTOR,ID_DETALE,ID_PARAMETRO,VALOR,FACTOR,FLG_ESTADO,DETALLE,USUARIO,IP) values ('153',to_date('28/02/20','DD/MM/RR'),'I','26','3','36|38','1|3','2,793','1','REGISTRO DE DATOS',null,null);
Insert into MRVMM.T_MAEM_MRV_LG_FACTOR_DATA (ID_LG_FACTOR,FECHA_LOG,ACCION,ID_FACTOR,ID_DETALE,ID_PARAMETRO,VALOR,FACTOR,FLG_ESTADO,DETALLE,USUARIO,IP) values ('154',to_date('28/02/20','DD/MM/RR'),'I','26','4','36|38','2|1','5,037','1','REGISTRO DE DATOS',null,null);
Insert into MRVMM.T_MAEM_MRV_LG_FACTOR_DATA (ID_LG_FACTOR,FECHA_LOG,ACCION,ID_FACTOR,ID_DETALE,ID_PARAMETRO,VALOR,FACTOR,FLG_ESTADO,DETALLE,USUARIO,IP) values ('155',to_date('28/02/20','DD/MM/RR'),'I','26','5','36|38','2|2','5,186','1','REGISTRO DE DATOS',null,null);
Insert into MRVMM.T_MAEM_MRV_LG_FACTOR_DATA (ID_LG_FACTOR,FECHA_LOG,ACCION,ID_FACTOR,ID_DETALE,ID_PARAMETRO,VALOR,FACTOR,FLG_ESTADO,DETALLE,USUARIO,IP) values ('156',to_date('28/02/20','DD/MM/RR'),'I','26','6','36|38','2|3','5,346','1','REGISTRO DE DATOS',null,null);
Insert into MRVMM.T_MAEM_MRV_LG_FACTOR_DATA (ID_LG_FACTOR,FECHA_LOG,ACCION,ID_FACTOR,ID_DETALE,ID_PARAMETRO,VALOR,FACTOR,FLG_ESTADO,DETALLE,USUARIO,IP) values ('157',to_date('28/02/20','DD/MM/RR'),'I','26','7','36|38','3|1','12,169','1','REGISTRO DE DATOS',null,null);
Insert into MRVMM.T_MAEM_MRV_LG_FACTOR_DATA (ID_LG_FACTOR,FECHA_LOG,ACCION,ID_FACTOR,ID_DETALE,ID_PARAMETRO,VALOR,FACTOR,FLG_ESTADO,DETALLE,USUARIO,IP) values ('158',to_date('28/02/20','DD/MM/RR'),'I','26','8','36|38','3|2','12,448','1','REGISTRO DE DATOS',null,null);
Insert into MRVMM.T_MAEM_MRV_LG_FACTOR_DATA (ID_LG_FACTOR,FECHA_LOG,ACCION,ID_FACTOR,ID_DETALE,ID_PARAMETRO,VALOR,FACTOR,FLG_ESTADO,DETALLE,USUARIO,IP) values ('159',to_date('28/02/20','DD/MM/RR'),'I','26','9','36|38','3|3','12,814','1','REGISTRO DE DATOS',null,null);
Insert into MRVMM.T_MAEM_MRV_LG_FACTOR_DATA (ID_LG_FACTOR,FECHA_LOG,ACCION,ID_FACTOR,ID_DETALE,ID_PARAMETRO,VALOR,FACTOR,FLG_ESTADO,DETALLE,USUARIO,IP) values ('160',to_date('28/02/20','DD/MM/RR'),'I','26','10','36|38','4|1','23,755','1','REGISTRO DE DATOS',null,null);
Insert into MRVMM.T_MAEM_MRV_LG_FACTOR_DATA (ID_LG_FACTOR,FECHA_LOG,ACCION,ID_FACTOR,ID_DETALE,ID_PARAMETRO,VALOR,FACTOR,FLG_ESTADO,DETALLE,USUARIO,IP) values ('161',to_date('28/02/20','DD/MM/RR'),'I','26','11','36|38','4|2','24,339','1','REGISTRO DE DATOS',null,null);
Insert into MRVMM.T_MAEM_MRV_LG_FACTOR_DATA (ID_LG_FACTOR,FECHA_LOG,ACCION,ID_FACTOR,ID_DETALE,ID_PARAMETRO,VALOR,FACTOR,FLG_ESTADO,DETALLE,USUARIO,IP) values ('162',to_date('28/02/20','DD/MM/RR'),'I','26','12','36|38','4|3','24,895','1','REGISTRO DE DATOS',null,null);
Insert into MRVMM.T_MAEM_MRV_LG_FACTOR_DATA (ID_LG_FACTOR,FECHA_LOG,ACCION,ID_FACTOR,ID_DETALE,ID_PARAMETRO,VALOR,FACTOR,FLG_ESTADO,DETALLE,USUARIO,IP) values ('163',to_date('28/02/20','DD/MM/RR'),'I','26','13','36|38','5|1','58,182','1','REGISTRO DE DATOS',null,null);
Insert into MRVMM.T_MAEM_MRV_LG_FACTOR_DATA (ID_LG_FACTOR,FECHA_LOG,ACCION,ID_FACTOR,ID_DETALE,ID_PARAMETRO,VALOR,FACTOR,FLG_ESTADO,DETALLE,USUARIO,IP) values ('164',to_date('28/02/20','DD/MM/RR'),'I','26','14','36|38','5|2','58,937','1','REGISTRO DE DATOS',null,null);
Insert into MRVMM.T_MAEM_MRV_LG_FACTOR_DATA (ID_LG_FACTOR,FECHA_LOG,ACCION,ID_FACTOR,ID_DETALE,ID_PARAMETRO,VALOR,FACTOR,FLG_ESTADO,DETALLE,USUARIO,IP) values ('165',to_date('28/02/20','DD/MM/RR'),'I','26','15','36|38','5|3','60,175','1','REGISTRO DE DATOS',null,null);
Insert into MRVMM.T_MAEM_MRV_LG_FACTOR_DATA (ID_LG_FACTOR,FECHA_LOG,ACCION,ID_FACTOR,ID_DETALE,ID_PARAMETRO,VALOR,FACTOR,FLG_ESTADO,DETALLE,USUARIO,IP) values ('166',to_date('28/02/20','DD/MM/RR'),'I','26','16','36|38','6|1','116,363','1','REGISTRO DE DATOS',null,null);
Insert into MRVMM.T_MAEM_MRV_LG_FACTOR_DATA (ID_LG_FACTOR,FECHA_LOG,ACCION,ID_FACTOR,ID_DETALE,ID_PARAMETRO,VALOR,FACTOR,FLG_ESTADO,DETALLE,USUARIO,IP) values ('167',to_date('28/02/20','DD/MM/RR'),'I','26','17','36|38','6|2','117,874','1','REGISTRO DE DATOS',null,null);
Insert into MRVMM.T_MAEM_MRV_LG_FACTOR_DATA (ID_LG_FACTOR,FECHA_LOG,ACCION,ID_FACTOR,ID_DETALE,ID_PARAMETRO,VALOR,FACTOR,FLG_ESTADO,DETALLE,USUARIO,IP) values ('168',to_date('28/02/20','DD/MM/RR'),'I','26','18','36|38','6|3','120,349','1','REGISTRO DE DATOS',null,null);
Insert into MRVMM.T_MAEM_MRV_LG_FACTOR_DATA (ID_LG_FACTOR,FECHA_LOG,ACCION,ID_FACTOR,ID_DETALE,ID_PARAMETRO,VALOR,FACTOR,FLG_ESTADO,DETALLE,USUARIO,IP) values ('169',to_date('28/02/20','DD/MM/RR'),'I','27','1','39|26','1|1','139','1','REGISTRO DE DATOS',null,null);
Insert into MRVMM.T_MAEM_MRV_LG_FACTOR_DATA (ID_LG_FACTOR,FECHA_LOG,ACCION,ID_FACTOR,ID_DETALE,ID_PARAMETRO,VALOR,FACTOR,FLG_ESTADO,DETALLE,USUARIO,IP) values ('170',to_date('28/02/20','DD/MM/RR'),'I','27','2','39|26','1|2','150,7','1','REGISTRO DE DATOS',null,null);
Insert into MRVMM.T_MAEM_MRV_LG_FACTOR_DATA (ID_LG_FACTOR,FECHA_LOG,ACCION,ID_FACTOR,ID_DETALE,ID_PARAMETRO,VALOR,FACTOR,FLG_ESTADO,DETALLE,USUARIO,IP) values ('171',to_date('28/02/20','DD/MM/RR'),'I','27','3','39|26','1|3','166,3','1','REGISTRO DE DATOS',null,null);
Insert into MRVMM.T_MAEM_MRV_LG_FACTOR_DATA (ID_LG_FACTOR,FECHA_LOG,ACCION,ID_FACTOR,ID_DETALE,ID_PARAMETRO,VALOR,FACTOR,FLG_ESTADO,DETALLE,USUARIO,IP) values ('172',to_date('28/02/20','DD/MM/RR'),'I','27','4','39|26','1|4','185,4','1','REGISTRO DE DATOS',null,null);
Insert into MRVMM.T_MAEM_MRV_LG_FACTOR_DATA (ID_LG_FACTOR,FECHA_LOG,ACCION,ID_FACTOR,ID_DETALE,ID_PARAMETRO,VALOR,FACTOR,FLG_ESTADO,DETALLE,USUARIO,IP) values ('173',to_date('28/02/20','DD/MM/RR'),'I','27','5','39|26','1|5','209,5','1','REGISTRO DE DATOS',null,null);
Insert into MRVMM.T_MAEM_MRV_LG_FACTOR_DATA (ID_LG_FACTOR,FECHA_LOG,ACCION,ID_FACTOR,ID_DETALE,ID_PARAMETRO,VALOR,FACTOR,FLG_ESTADO,DETALLE,USUARIO,IP) values ('174',to_date('28/02/20','DD/MM/RR'),'I','27','6','39|26','1|6','240,7','1','REGISTRO DE DATOS',null,null);
Insert into MRVMM.T_MAEM_MRV_LG_FACTOR_DATA (ID_LG_FACTOR,FECHA_LOG,ACCION,ID_FACTOR,ID_DETALE,ID_PARAMETRO,VALOR,FACTOR,FLG_ESTADO,DETALLE,USUARIO,IP) values ('175',to_date('28/02/20','DD/MM/RR'),'I','27','7','39|26','1|7','260,1','1','REGISTRO DE DATOS',null,null);
Insert into MRVMM.T_MAEM_MRV_LG_FACTOR_DATA (ID_LG_FACTOR,FECHA_LOG,ACCION,ID_FACTOR,ID_DETALE,ID_PARAMETRO,VALOR,FACTOR,FLG_ESTADO,DETALLE,USUARIO,IP) values ('176',to_date('28/02/20','DD/MM/RR'),'I','27','8','39|26','2|1','198,6','1','REGISTRO DE DATOS',null,null);
Insert into MRVMM.T_MAEM_MRV_LG_FACTOR_DATA (ID_LG_FACTOR,FECHA_LOG,ACCION,ID_FACTOR,ID_DETALE,ID_PARAMETRO,VALOR,FACTOR,FLG_ESTADO,DETALLE,USUARIO,IP) values ('177',to_date('28/02/20','DD/MM/RR'),'I','27','9','39|26','2|2','215,3','1','REGISTRO DE DATOS',null,null);
Insert into MRVMM.T_MAEM_MRV_LG_FACTOR_DATA (ID_LG_FACTOR,FECHA_LOG,ACCION,ID_FACTOR,ID_DETALE,ID_PARAMETRO,VALOR,FACTOR,FLG_ESTADO,DETALLE,USUARIO,IP) values ('178',to_date('28/02/20','DD/MM/RR'),'I','27','10','39|26','2|3','237,5','1','REGISTRO DE DATOS',null,null);
Insert into MRVMM.T_MAEM_MRV_LG_FACTOR_DATA (ID_LG_FACTOR,FECHA_LOG,ACCION,ID_FACTOR,ID_DETALE,ID_PARAMETRO,VALOR,FACTOR,FLG_ESTADO,DETALLE,USUARIO,IP) values ('179',to_date('28/02/20','DD/MM/RR'),'I','27','11','39|26','2|4','264,8','1','REGISTRO DE DATOS',null,null);
Insert into MRVMM.T_MAEM_MRV_LG_FACTOR_DATA (ID_LG_FACTOR,FECHA_LOG,ACCION,ID_FACTOR,ID_DETALE,ID_PARAMETRO,VALOR,FACTOR,FLG_ESTADO,DETALLE,USUARIO,IP) values ('180',to_date('28/02/20','DD/MM/RR'),'I','27','12','39|26','2|5','299,2','1','REGISTRO DE DATOS',null,null);
Insert into MRVMM.T_MAEM_MRV_LG_FACTOR_DATA (ID_LG_FACTOR,FECHA_LOG,ACCION,ID_FACTOR,ID_DETALE,ID_PARAMETRO,VALOR,FACTOR,FLG_ESTADO,DETALLE,USUARIO,IP) values ('181',to_date('28/02/20','DD/MM/RR'),'I','27','13','39|26','2|6','343,9','1','REGISTRO DE DATOS',null,null);
Insert into MRVMM.T_MAEM_MRV_LG_FACTOR_DATA (ID_LG_FACTOR,FECHA_LOG,ACCION,ID_FACTOR,ID_DETALE,ID_PARAMETRO,VALOR,FACTOR,FLG_ESTADO,DETALLE,USUARIO,IP) values ('182',to_date('28/02/20','DD/MM/RR'),'I','27','14','39|26','2|7','371,6','1','REGISTRO DE DATOS',null,null);
Insert into MRVMM.T_MAEM_MRV_LG_FACTOR_DATA (ID_LG_FACTOR,FECHA_LOG,ACCION,ID_FACTOR,ID_DETALE,ID_PARAMETRO,VALOR,FACTOR,FLG_ESTADO,DETALLE,USUARIO,IP) values ('183',to_date('28/02/20','DD/MM/RR'),'I','27','15','39|26','3|1','278,1','1','REGISTRO DE DATOS',null,null);
Insert into MRVMM.T_MAEM_MRV_LG_FACTOR_DATA (ID_LG_FACTOR,FECHA_LOG,ACCION,ID_FACTOR,ID_DETALE,ID_PARAMETRO,VALOR,FACTOR,FLG_ESTADO,DETALLE,USUARIO,IP) values ('184',to_date('28/02/20','DD/MM/RR'),'I','27','16','39|26','3|2','301,5','1','REGISTRO DE DATOS',null,null);
Insert into MRVMM.T_MAEM_MRV_LG_FACTOR_DATA (ID_LG_FACTOR,FECHA_LOG,ACCION,ID_FACTOR,ID_DETALE,ID_PARAMETRO,VALOR,FACTOR,FLG_ESTADO,DETALLE,USUARIO,IP) values ('185',to_date('28/02/20','DD/MM/RR'),'I','27','17','39|26','3|3','332,5','1','REGISTRO DE DATOS',null,null);
Insert into MRVMM.T_MAEM_MRV_LG_FACTOR_DATA (ID_LG_FACTOR,FECHA_LOG,ACCION,ID_FACTOR,ID_DETALE,ID_PARAMETRO,VALOR,FACTOR,FLG_ESTADO,DETALLE,USUARIO,IP) values ('186',to_date('28/02/20','DD/MM/RR'),'I','27','18','39|26','3|4','370,8','1','REGISTRO DE DATOS',null,null);
Insert into MRVMM.T_MAEM_MRV_LG_FACTOR_DATA (ID_LG_FACTOR,FECHA_LOG,ACCION,ID_FACTOR,ID_DETALE,ID_PARAMETRO,VALOR,FACTOR,FLG_ESTADO,DETALLE,USUARIO,IP) values ('187',to_date('28/02/20','DD/MM/RR'),'I','27','19','39|26','3|5','418,9','1','REGISTRO DE DATOS',null,null);
Insert into MRVMM.T_MAEM_MRV_LG_FACTOR_DATA (ID_LG_FACTOR,FECHA_LOG,ACCION,ID_FACTOR,ID_DETALE,ID_PARAMETRO,VALOR,FACTOR,FLG_ESTADO,DETALLE,USUARIO,IP) values ('188',to_date('28/02/20','DD/MM/RR'),'I','27','20','39|26','3|6','481,4','1','REGISTRO DE DATOS',null,null);
Insert into MRVMM.T_MAEM_MRV_LG_FACTOR_DATA (ID_LG_FACTOR,FECHA_LOG,ACCION,ID_FACTOR,ID_DETALE,ID_PARAMETRO,VALOR,FACTOR,FLG_ESTADO,DETALLE,USUARIO,IP) values ('189',to_date('28/02/20','DD/MM/RR'),'I','27','21','39|26','3|7','520,3','1','REGISTRO DE DATOS',null,null);
Insert into MRVMM.T_MAEM_MRV_LG_FACTOR_DATA (ID_LG_FACTOR,FECHA_LOG,ACCION,ID_FACTOR,ID_DETALE,ID_PARAMETRO,VALOR,FACTOR,FLG_ESTADO,DETALLE,USUARIO,IP) values ('190',to_date('28/02/20','DD/MM/RR'),'I','27','22','39|26','4|1','357,5','1','REGISTRO DE DATOS',null,null);
Insert into MRVMM.T_MAEM_MRV_LG_FACTOR_DATA (ID_LG_FACTOR,FECHA_LOG,ACCION,ID_FACTOR,ID_DETALE,ID_PARAMETRO,VALOR,FACTOR,FLG_ESTADO,DETALLE,USUARIO,IP) values ('191',to_date('28/02/20','DD/MM/RR'),'I','27','23','39|26','4|2','387,6','1','REGISTRO DE DATOS',null,null);
Insert into MRVMM.T_MAEM_MRV_LG_FACTOR_DATA (ID_LG_FACTOR,FECHA_LOG,ACCION,ID_FACTOR,ID_DETALE,ID_PARAMETRO,VALOR,FACTOR,FLG_ESTADO,DETALLE,USUARIO,IP) values ('192',to_date('28/02/20','DD/MM/RR'),'I','27','24','39|26','4|3','427,5','1','REGISTRO DE DATOS',null,null);
Insert into MRVMM.T_MAEM_MRV_LG_FACTOR_DATA (ID_LG_FACTOR,FECHA_LOG,ACCION,ID_FACTOR,ID_DETALE,ID_PARAMETRO,VALOR,FACTOR,FLG_ESTADO,DETALLE,USUARIO,IP) values ('193',to_date('28/02/20','DD/MM/RR'),'I','27','25','39|26','4|4','476,7','1','REGISTRO DE DATOS',null,null);
Insert into MRVMM.T_MAEM_MRV_LG_FACTOR_DATA (ID_LG_FACTOR,FECHA_LOG,ACCION,ID_FACTOR,ID_DETALE,ID_PARAMETRO,VALOR,FACTOR,FLG_ESTADO,DETALLE,USUARIO,IP) values ('194',to_date('28/02/20','DD/MM/RR'),'I','27','26','39|26','4|5','538,6','1','REGISTRO DE DATOS',null,null);
Insert into MRVMM.T_MAEM_MRV_LG_FACTOR_DATA (ID_LG_FACTOR,FECHA_LOG,ACCION,ID_FACTOR,ID_DETALE,ID_PARAMETRO,VALOR,FACTOR,FLG_ESTADO,DETALLE,USUARIO,IP) values ('195',to_date('28/02/20','DD/MM/RR'),'I','27','27','39|26','4|6','619','1','REGISTRO DE DATOS',null,null);
Insert into MRVMM.T_MAEM_MRV_LG_FACTOR_DATA (ID_LG_FACTOR,FECHA_LOG,ACCION,ID_FACTOR,ID_DETALE,ID_PARAMETRO,VALOR,FACTOR,FLG_ESTADO,DETALLE,USUARIO,IP) values ('196',to_date('28/02/20','DD/MM/RR'),'I','27','28','39|26','4|7','668,9','1','REGISTRO DE DATOS',null,null);
Insert into MRVMM.T_MAEM_MRV_LG_FACTOR_DATA (ID_LG_FACTOR,FECHA_LOG,ACCION,ID_FACTOR,ID_DETALE,ID_PARAMETRO,VALOR,FACTOR,FLG_ESTADO,DETALLE,USUARIO,IP) values ('197',to_date('28/02/20','DD/MM/RR'),'I','27','29','39|26','5|1','476,7','1','REGISTRO DE DATOS',null,null);
Insert into MRVMM.T_MAEM_MRV_LG_FACTOR_DATA (ID_LG_FACTOR,FECHA_LOG,ACCION,ID_FACTOR,ID_DETALE,ID_PARAMETRO,VALOR,FACTOR,FLG_ESTADO,DETALLE,USUARIO,IP) values ('198',to_date('28/02/20','DD/MM/RR'),'I','27','30','39|26','5|2','516,8','1','REGISTRO DE DATOS',null,null);
Insert into MRVMM.T_MAEM_MRV_LG_FACTOR_DATA (ID_LG_FACTOR,FECHA_LOG,ACCION,ID_FACTOR,ID_DETALE,ID_PARAMETRO,VALOR,FACTOR,FLG_ESTADO,DETALLE,USUARIO,IP) values ('199',to_date('28/02/20','DD/MM/RR'),'I','27','31','39|26','5|3','570,1','1','REGISTRO DE DATOS',null,null);
Insert into MRVMM.T_MAEM_MRV_LG_FACTOR_DATA (ID_LG_FACTOR,FECHA_LOG,ACCION,ID_FACTOR,ID_DETALE,ID_PARAMETRO,VALOR,FACTOR,FLG_ESTADO,DETALLE,USUARIO,IP) values ('200',to_date('28/02/20','DD/MM/RR'),'I','27','32','39|26','5|4','635,6','1','REGISTRO DE DATOS',null,null);
Insert into MRVMM.T_MAEM_MRV_LG_FACTOR_DATA (ID_LG_FACTOR,FECHA_LOG,ACCION,ID_FACTOR,ID_DETALE,ID_PARAMETRO,VALOR,FACTOR,FLG_ESTADO,DETALLE,USUARIO,IP) values ('201',to_date('28/02/20','DD/MM/RR'),'I','27','33','39|26','5|5','718,1','1','REGISTRO DE DATOS',null,null);
Insert into MRVMM.T_MAEM_MRV_LG_FACTOR_DATA (ID_LG_FACTOR,FECHA_LOG,ACCION,ID_FACTOR,ID_DETALE,ID_PARAMETRO,VALOR,FACTOR,FLG_ESTADO,DETALLE,USUARIO,IP) values ('202',to_date('28/02/20','DD/MM/RR'),'I','27','34','39|26','5|6','825,3','1','REGISTRO DE DATOS',null,null);
Insert into MRVMM.T_MAEM_MRV_LG_FACTOR_DATA (ID_LG_FACTOR,FECHA_LOG,ACCION,ID_FACTOR,ID_DETALE,ID_PARAMETRO,VALOR,FACTOR,FLG_ESTADO,DETALLE,USUARIO,IP) values ('203',to_date('28/02/20','DD/MM/RR'),'I','27','35','39|26','5|7','891,9','1','REGISTRO DE DATOS',null,null);
Insert into MRVMM.T_MAEM_MRV_LG_FACTOR_DATA (ID_LG_FACTOR,FECHA_LOG,ACCION,ID_FACTOR,ID_DETALE,ID_PARAMETRO,VALOR,FACTOR,FLG_ESTADO,DETALLE,USUARIO,IP) values ('204',to_date('28/02/20','DD/MM/RR'),'I','28','1','39|27','1|1','288,204','1','REGISTRO DE DATOS',null,null);
Insert into MRVMM.T_MAEM_MRV_LG_FACTOR_DATA (ID_LG_FACTOR,FECHA_LOG,ACCION,ID_FACTOR,ID_DETALE,ID_PARAMETRO,VALOR,FACTOR,FLG_ESTADO,DETALLE,USUARIO,IP) values ('205',to_date('28/02/20','DD/MM/RR'),'I','28','2','39|27','1|2','336,238','1','REGISTRO DE DATOS',null,null);
Insert into MRVMM.T_MAEM_MRV_LG_FACTOR_DATA (ID_LG_FACTOR,FECHA_LOG,ACCION,ID_FACTOR,ID_DETALE,ID_PARAMETRO,VALOR,FACTOR,FLG_ESTADO,DETALLE,USUARIO,IP) values ('206',to_date('28/02/20','DD/MM/RR'),'I','28','3','39|27','1|3','380,841','1','REGISTRO DE DATOS',null,null);
Insert into MRVMM.T_MAEM_MRV_LG_FACTOR_DATA (ID_LG_FACTOR,FECHA_LOG,ACCION,ID_FACTOR,ID_DETALE,ID_PARAMETRO,VALOR,FACTOR,FLG_ESTADO,DETALLE,USUARIO,IP) values ('207',to_date('28/02/20','DD/MM/RR'),'I','28','4','39|27','1|4','435,737','1','REGISTRO DE DATOS',null,null);
Insert into MRVMM.T_MAEM_MRV_LG_FACTOR_DATA (ID_LG_FACTOR,FECHA_LOG,ACCION,ID_FACTOR,ID_DETALE,ID_PARAMETRO,VALOR,FACTOR,FLG_ESTADO,DETALLE,USUARIO,IP) values ('208',to_date('28/02/20','DD/MM/RR'),'I','28','5','39|27','1|5','497,495','1','REGISTRO DE DATOS',null,null);
Insert into MRVMM.T_MAEM_MRV_LG_FACTOR_DATA (ID_LG_FACTOR,FECHA_LOG,ACCION,ID_FACTOR,ID_DETALE,ID_PARAMETRO,VALOR,FACTOR,FLG_ESTADO,DETALLE,USUARIO,IP) values ('209',to_date('28/02/20','DD/MM/RR'),'I','28','6','39|27','1|6','562,684','1','REGISTRO DE DATOS',null,null);
Insert into MRVMM.T_MAEM_MRV_LG_FACTOR_DATA (ID_LG_FACTOR,FECHA_LOG,ACCION,ID_FACTOR,ID_DETALE,ID_PARAMETRO,VALOR,FACTOR,FLG_ESTADO,DETALLE,USUARIO,IP) values ('210',to_date('28/02/20','DD/MM/RR'),'I','28','7','39|27','1|7','617,58','1','REGISTRO DE DATOS',null,null);
Insert into MRVMM.T_MAEM_MRV_LG_FACTOR_DATA (ID_LG_FACTOR,FECHA_LOG,ACCION,ID_FACTOR,ID_DETALE,ID_PARAMETRO,VALOR,FACTOR,FLG_ESTADO,DETALLE,USUARIO,IP) values ('211',to_date('28/02/20','DD/MM/RR'),'I','28','8','39|27','2|1','327,684','1','REGISTRO DE DATOS',null,null);
Insert into MRVMM.T_MAEM_MRV_LG_FACTOR_DATA (ID_LG_FACTOR,FECHA_LOG,ACCION,ID_FACTOR,ID_DETALE,ID_PARAMETRO,VALOR,FACTOR,FLG_ESTADO,DETALLE,USUARIO,IP) values ('212',to_date('28/02/20','DD/MM/RR'),'I','28','9','39|27','2|2','382,298','1','REGISTRO DE DATOS',null,null);
Insert into MRVMM.T_MAEM_MRV_LG_FACTOR_DATA (ID_LG_FACTOR,FECHA_LOG,ACCION,ID_FACTOR,ID_DETALE,ID_PARAMETRO,VALOR,FACTOR,FLG_ESTADO,DETALLE,USUARIO,IP) values ('213',to_date('28/02/20','DD/MM/RR'),'I','28','10','39|27','2|3','433,011','1','REGISTRO DE DATOS',null,null);
Insert into MRVMM.T_MAEM_MRV_LG_FACTOR_DATA (ID_LG_FACTOR,FECHA_LOG,ACCION,ID_FACTOR,ID_DETALE,ID_PARAMETRO,VALOR,FACTOR,FLG_ESTADO,DETALLE,USUARIO,IP) values ('214',to_date('28/02/20','DD/MM/RR'),'I','28','11','39|27','2|4','495,427','1','REGISTRO DE DATOS',null,null);
Insert into MRVMM.T_MAEM_MRV_LG_FACTOR_DATA (ID_LG_FACTOR,FECHA_LOG,ACCION,ID_FACTOR,ID_DETALE,ID_PARAMETRO,VALOR,FACTOR,FLG_ESTADO,DETALLE,USUARIO,IP) values ('215',to_date('28/02/20','DD/MM/RR'),'I','28','12','39|27','2|5','565,645','1','REGISTRO DE DATOS',null,null);
Insert into MRVMM.T_MAEM_MRV_LG_FACTOR_DATA (ID_LG_FACTOR,FECHA_LOG,ACCION,ID_FACTOR,ID_DETALE,ID_PARAMETRO,VALOR,FACTOR,FLG_ESTADO,DETALLE,USUARIO,IP) values ('216',to_date('28/02/20','DD/MM/RR'),'I','28','13','39|27','2|6','639,764','1','REGISTRO DE DATOS',null,null);
Insert into MRVMM.T_MAEM_MRV_LG_FACTOR_DATA (ID_LG_FACTOR,FECHA_LOG,ACCION,ID_FACTOR,ID_DETALE,ID_PARAMETRO,VALOR,FACTOR,FLG_ESTADO,DETALLE,USUARIO,IP) values ('217',to_date('28/02/20','DD/MM/RR'),'I','28','14','39|27','2|7','702,18','1','REGISTRO DE DATOS',null,null);
Insert into MRVMM.T_MAEM_MRV_LG_FACTOR_DATA (ID_LG_FACTOR,FECHA_LOG,ACCION,ID_FACTOR,ID_DETALE,ID_PARAMETRO,VALOR,FACTOR,FLG_ESTADO,DETALLE,USUARIO,IP) values ('218',to_date('28/02/20','DD/MM/RR'),'I','28','15','39|27','3|1','367,164','1','REGISTRO DE DATOS',null,null);
Insert into MRVMM.T_MAEM_MRV_LG_FACTOR_DATA (ID_LG_FACTOR,FECHA_LOG,ACCION,ID_FACTOR,ID_DETALE,ID_PARAMETRO,VALOR,FACTOR,FLG_ESTADO,DETALLE,USUARIO,IP) values ('219',to_date('28/02/20','DD/MM/RR'),'I','28','16','39|27','3|2','428,358','1','REGISTRO DE DATOS',null,null);
Insert into MRVMM.T_MAEM_MRV_LG_FACTOR_DATA (ID_LG_FACTOR,FECHA_LOG,ACCION,ID_FACTOR,ID_DETALE,ID_PARAMETRO,VALOR,FACTOR,FLG_ESTADO,DETALLE,USUARIO,IP) values ('220',to_date('28/02/20','DD/MM/RR'),'I','28','17','39|27','3|3','485,181','1','REGISTRO DE DATOS',null,null);
Insert into MRVMM.T_MAEM_MRV_LG_FACTOR_DATA (ID_LG_FACTOR,FECHA_LOG,ACCION,ID_FACTOR,ID_DETALE,ID_PARAMETRO,VALOR,FACTOR,FLG_ESTADO,DETALLE,USUARIO,IP) values ('221',to_date('28/02/20','DD/MM/RR'),'I','28','18','39|27','3|4','563,859','1','REGISTRO DE DATOS',null,null);
Insert into MRVMM.T_MAEM_MRV_LG_FACTOR_DATA (ID_LG_FACTOR,FECHA_LOG,ACCION,ID_FACTOR,ID_DETALE,ID_PARAMETRO,VALOR,FACTOR,FLG_ESTADO,DETALLE,USUARIO,IP) values ('222',to_date('28/02/20','DD/MM/RR'),'I','28','19','39|27','3|5','633,795','1','REGISTRO DE DATOS',null,null);
Insert into MRVMM.T_MAEM_MRV_LG_FACTOR_DATA (ID_LG_FACTOR,FECHA_LOG,ACCION,ID_FACTOR,ID_DETALE,ID_PARAMETRO,VALOR,FACTOR,FLG_ESTADO,DETALLE,USUARIO,IP) values ('223',to_date('28/02/20','DD/MM/RR'),'I','28','20','39|27','3|6','716,844','1','REGISTRO DE DATOS',null,null);
Insert into MRVMM.T_MAEM_MRV_LG_FACTOR_DATA (ID_LG_FACTOR,FECHA_LOG,ACCION,ID_FACTOR,ID_DETALE,ID_PARAMETRO,VALOR,FACTOR,FLG_ESTADO,DETALLE,USUARIO,IP) values ('224',to_date('28/02/20','DD/MM/RR'),'I','28','21','39|27','3|7','786,78','1','REGISTRO DE DATOS',null,null);
Insert into MRVMM.T_MAEM_MRV_LG_FACTOR_DATA (ID_LG_FACTOR,FECHA_LOG,ACCION,ID_FACTOR,ID_DETALE,ID_PARAMETRO,VALOR,FACTOR,FLG_ESTADO,DETALLE,USUARIO,IP) values ('225',to_date('28/02/20','DD/MM/RR'),'I','28','22','39|27','4|1','406,644','1','REGISTRO DE DATOS',null,null);
Insert into MRVMM.T_MAEM_MRV_LG_FACTOR_DATA (ID_LG_FACTOR,FECHA_LOG,ACCION,ID_FACTOR,ID_DETALE,ID_PARAMETRO,VALOR,FACTOR,FLG_ESTADO,DETALLE,USUARIO,IP) values ('226',to_date('28/02/20','DD/MM/RR'),'I','28','23','39|27','4|2','474,418','1','REGISTRO DE DATOS',null,null);
Insert into MRVMM.T_MAEM_MRV_LG_FACTOR_DATA (ID_LG_FACTOR,FECHA_LOG,ACCION,ID_FACTOR,ID_DETALE,ID_PARAMETRO,VALOR,FACTOR,FLG_ESTADO,DETALLE,USUARIO,IP) values ('227',to_date('28/02/20','DD/MM/RR'),'I','28','24','39|27','4|3','537,351','1','REGISTRO DE DATOS',null,null);
Insert into MRVMM.T_MAEM_MRV_LG_FACTOR_DATA (ID_LG_FACTOR,FECHA_LOG,ACCION,ID_FACTOR,ID_DETALE,ID_PARAMETRO,VALOR,FACTOR,FLG_ESTADO,DETALLE,USUARIO,IP) values ('228',to_date('28/02/20','DD/MM/RR'),'I','28','25','39|27','4|4','624,489','1','REGISTRO DE DATOS',null,null);
Insert into MRVMM.T_MAEM_MRV_LG_FACTOR_DATA (ID_LG_FACTOR,FECHA_LOG,ACCION,ID_FACTOR,ID_DETALE,ID_PARAMETRO,VALOR,FACTOR,FLG_ESTADO,DETALLE,USUARIO,IP) values ('229',to_date('28/02/20','DD/MM/RR'),'I','28','26','39|27','4|5','701,945','1','REGISTRO DE DATOS',null,null);
Insert into MRVMM.T_MAEM_MRV_LG_FACTOR_DATA (ID_LG_FACTOR,FECHA_LOG,ACCION,ID_FACTOR,ID_DETALE,ID_PARAMETRO,VALOR,FACTOR,FLG_ESTADO,DETALLE,USUARIO,IP) values ('230',to_date('28/02/20','DD/MM/RR'),'I','28','27','39|27','4|6','793,924','1','REGISTRO DE DATOS',null,null);
Insert into MRVMM.T_MAEM_MRV_LG_FACTOR_DATA (ID_LG_FACTOR,FECHA_LOG,ACCION,ID_FACTOR,ID_DETALE,ID_PARAMETRO,VALOR,FACTOR,FLG_ESTADO,DETALLE,USUARIO,IP) values ('231',to_date('28/02/20','DD/MM/RR'),'I','28','28','39|27','4|7','871,38','1','REGISTRO DE DATOS',null,null);
Insert into MRVMM.T_MAEM_MRV_LG_FACTOR_DATA (ID_LG_FACTOR,FECHA_LOG,ACCION,ID_FACTOR,ID_DETALE,ID_PARAMETRO,VALOR,FACTOR,FLG_ESTADO,DETALLE,USUARIO,IP) values ('232',to_date('28/02/20','DD/MM/RR'),'I','28','29','39|27','5|1','455,994','1','REGISTRO DE DATOS',null,null);
Insert into MRVMM.T_MAEM_MRV_LG_FACTOR_DATA (ID_LG_FACTOR,FECHA_LOG,ACCION,ID_FACTOR,ID_DETALE,ID_PARAMETRO,VALOR,FACTOR,FLG_ESTADO,DETALLE,USUARIO,IP) values ('233',to_date('28/02/20','DD/MM/RR'),'I','28','30','39|27','5|2','531,993','1','REGISTRO DE DATOS',null,null);
Insert into MRVMM.T_MAEM_MRV_LG_FACTOR_DATA (ID_LG_FACTOR,FECHA_LOG,ACCION,ID_FACTOR,ID_DETALE,ID_PARAMETRO,VALOR,FACTOR,FLG_ESTADO,DETALLE,USUARIO,IP) values ('234',to_date('28/02/20','DD/MM/RR'),'I','28','31','39|27','5|3','602,5635','1','REGISTRO DE DATOS',null,null);
Insert into MRVMM.T_MAEM_MRV_LG_FACTOR_DATA (ID_LG_FACTOR,FECHA_LOG,ACCION,ID_FACTOR,ID_DETALE,ID_PARAMETRO,VALOR,FACTOR,FLG_ESTADO,DETALLE,USUARIO,IP) values ('235',to_date('28/02/20','DD/MM/RR'),'I','28','32','39|27','5|4','700,2765','1','REGISTRO DE DATOS',null,null);
Insert into MRVMM.T_MAEM_MRV_LG_FACTOR_DATA (ID_LG_FACTOR,FECHA_LOG,ACCION,ID_FACTOR,ID_DETALE,ID_PARAMETRO,VALOR,FACTOR,FLG_ESTADO,DETALLE,USUARIO,IP) values ('236',to_date('28/02/20','DD/MM/RR'),'I','28','33','39|27','5|5','787,1325','1','REGISTRO DE DATOS',null,null);
Insert into MRVMM.T_MAEM_MRV_LG_FACTOR_DATA (ID_LG_FACTOR,FECHA_LOG,ACCION,ID_FACTOR,ID_DETALE,ID_PARAMETRO,VALOR,FACTOR,FLG_ESTADO,DETALLE,USUARIO,IP) values ('237',to_date('28/02/20','DD/MM/RR'),'I','28','34','39|27','5|6','890,274','1','REGISTRO DE DATOS',null,null);
Insert into MRVMM.T_MAEM_MRV_LG_FACTOR_DATA (ID_LG_FACTOR,FECHA_LOG,ACCION,ID_FACTOR,ID_DETALE,ID_PARAMETRO,VALOR,FACTOR,FLG_ESTADO,DETALLE,USUARIO,IP) values ('238',to_date('28/02/20','DD/MM/RR'),'I','28','35','39|27','5|7','977,13','1','REGISTRO DE DATOS',null,null);
Insert into MRVMM.T_MAEM_MRV_LG_FACTOR_DATA (ID_LG_FACTOR,FECHA_LOG,ACCION,ID_FACTOR,ID_DETALE,ID_PARAMETRO,VALOR,FACTOR,FLG_ESTADO,DETALLE,USUARIO,IP) values ('241',to_date('01/03/20','DD/MM/RR'),'U','28','1','39|27','1|1','288,204','1','ANTES DE ACTUALIZAR','MRVMM',null);
Insert into MRVMM.T_MAEM_MRV_LG_FACTOR_DATA (ID_LG_FACTOR,FECHA_LOG,ACCION,ID_FACTOR,ID_DETALE,ID_PARAMETRO,VALOR,FACTOR,FLG_ESTADO,DETALLE,USUARIO,IP) values ('242',to_date('01/03/20','DD/MM/RR'),'U','28','1','39|27','1|1','139','1','DESPUES DE ACTUALIZAR','MRVMM',null);
Insert into MRVMM.T_MAEM_MRV_LG_FACTOR_DATA (ID_LG_FACTOR,FECHA_LOG,ACCION,ID_FACTOR,ID_DETALE,ID_PARAMETRO,VALOR,FACTOR,FLG_ESTADO,DETALLE,USUARIO,IP) values ('243',to_date('01/03/20','DD/MM/RR'),'U','28','2','39|27','1|2','336,238','1','ANTES DE ACTUALIZAR','MRVMM',null);
Insert into MRVMM.T_MAEM_MRV_LG_FACTOR_DATA (ID_LG_FACTOR,FECHA_LOG,ACCION,ID_FACTOR,ID_DETALE,ID_PARAMETRO,VALOR,FACTOR,FLG_ESTADO,DETALLE,USUARIO,IP) values ('244',to_date('01/03/20','DD/MM/RR'),'U','28','2','39|27','1|2','150,7','1','DESPUES DE ACTUALIZAR','MRVMM',null);
Insert into MRVMM.T_MAEM_MRV_LG_FACTOR_DATA (ID_LG_FACTOR,FECHA_LOG,ACCION,ID_FACTOR,ID_DETALE,ID_PARAMETRO,VALOR,FACTOR,FLG_ESTADO,DETALLE,USUARIO,IP) values ('245',to_date('01/03/20','DD/MM/RR'),'U','28','3','39|27','1|3','380,841','1','ANTES DE ACTUALIZAR','MRVMM',null);
Insert into MRVMM.T_MAEM_MRV_LG_FACTOR_DATA (ID_LG_FACTOR,FECHA_LOG,ACCION,ID_FACTOR,ID_DETALE,ID_PARAMETRO,VALOR,FACTOR,FLG_ESTADO,DETALLE,USUARIO,IP) values ('246',to_date('01/03/20','DD/MM/RR'),'U','28','3','39|27','1|3','166,3','1','DESPUES DE ACTUALIZAR','MRVMM',null);
Insert into MRVMM.T_MAEM_MRV_LG_FACTOR_DATA (ID_LG_FACTOR,FECHA_LOG,ACCION,ID_FACTOR,ID_DETALE,ID_PARAMETRO,VALOR,FACTOR,FLG_ESTADO,DETALLE,USUARIO,IP) values ('247',to_date('01/03/20','DD/MM/RR'),'U','28','4','39|27','1|4','435,737','1','ANTES DE ACTUALIZAR','MRVMM',null);
Insert into MRVMM.T_MAEM_MRV_LG_FACTOR_DATA (ID_LG_FACTOR,FECHA_LOG,ACCION,ID_FACTOR,ID_DETALE,ID_PARAMETRO,VALOR,FACTOR,FLG_ESTADO,DETALLE,USUARIO,IP) values ('248',to_date('01/03/20','DD/MM/RR'),'U','28','4','39|27','1|4','185,4','1','DESPUES DE ACTUALIZAR','MRVMM',null);
Insert into MRVMM.T_MAEM_MRV_LG_FACTOR_DATA (ID_LG_FACTOR,FECHA_LOG,ACCION,ID_FACTOR,ID_DETALE,ID_PARAMETRO,VALOR,FACTOR,FLG_ESTADO,DETALLE,USUARIO,IP) values ('249',to_date('01/03/20','DD/MM/RR'),'U','28','5','39|27','1|5','497,495','1','ANTES DE ACTUALIZAR','MRVMM',null);
Insert into MRVMM.T_MAEM_MRV_LG_FACTOR_DATA (ID_LG_FACTOR,FECHA_LOG,ACCION,ID_FACTOR,ID_DETALE,ID_PARAMETRO,VALOR,FACTOR,FLG_ESTADO,DETALLE,USUARIO,IP) values ('250',to_date('01/03/20','DD/MM/RR'),'U','28','5','39|27','1|5','209,5','1','DESPUES DE ACTUALIZAR','MRVMM',null);
Insert into MRVMM.T_MAEM_MRV_LG_FACTOR_DATA (ID_LG_FACTOR,FECHA_LOG,ACCION,ID_FACTOR,ID_DETALE,ID_PARAMETRO,VALOR,FACTOR,FLG_ESTADO,DETALLE,USUARIO,IP) values ('251',to_date('01/03/20','DD/MM/RR'),'U','28','6','39|27','1|6','562,684','1','ANTES DE ACTUALIZAR','MRVMM',null);
Insert into MRVMM.T_MAEM_MRV_LG_FACTOR_DATA (ID_LG_FACTOR,FECHA_LOG,ACCION,ID_FACTOR,ID_DETALE,ID_PARAMETRO,VALOR,FACTOR,FLG_ESTADO,DETALLE,USUARIO,IP) values ('252',to_date('01/03/20','DD/MM/RR'),'U','28','6','39|27','1|6','240,7','1','DESPUES DE ACTUALIZAR','MRVMM',null);
Insert into MRVMM.T_MAEM_MRV_LG_FACTOR_DATA (ID_LG_FACTOR,FECHA_LOG,ACCION,ID_FACTOR,ID_DETALE,ID_PARAMETRO,VALOR,FACTOR,FLG_ESTADO,DETALLE,USUARIO,IP) values ('253',to_date('01/03/20','DD/MM/RR'),'U','28','7','39|27','1|7','617,58','1','ANTES DE ACTUALIZAR','MRVMM',null);
Insert into MRVMM.T_MAEM_MRV_LG_FACTOR_DATA (ID_LG_FACTOR,FECHA_LOG,ACCION,ID_FACTOR,ID_DETALE,ID_PARAMETRO,VALOR,FACTOR,FLG_ESTADO,DETALLE,USUARIO,IP) values ('254',to_date('01/03/20','DD/MM/RR'),'U','28','7','39|27','1|7','260,1','1','DESPUES DE ACTUALIZAR','MRVMM',null);
Insert into MRVMM.T_MAEM_MRV_LG_FACTOR_DATA (ID_LG_FACTOR,FECHA_LOG,ACCION,ID_FACTOR,ID_DETALE,ID_PARAMETRO,VALOR,FACTOR,FLG_ESTADO,DETALLE,USUARIO,IP) values ('255',to_date('01/03/20','DD/MM/RR'),'U','28','8','39|27','2|1','327,684','1','ANTES DE ACTUALIZAR','MRVMM',null);
Insert into MRVMM.T_MAEM_MRV_LG_FACTOR_DATA (ID_LG_FACTOR,FECHA_LOG,ACCION,ID_FACTOR,ID_DETALE,ID_PARAMETRO,VALOR,FACTOR,FLG_ESTADO,DETALLE,USUARIO,IP) values ('256',to_date('01/03/20','DD/MM/RR'),'U','28','8','39|27','2|1','198,6','1','DESPUES DE ACTUALIZAR','MRVMM',null);
Insert into MRVMM.T_MAEM_MRV_LG_FACTOR_DATA (ID_LG_FACTOR,FECHA_LOG,ACCION,ID_FACTOR,ID_DETALE,ID_PARAMETRO,VALOR,FACTOR,FLG_ESTADO,DETALLE,USUARIO,IP) values ('257',to_date('01/03/20','DD/MM/RR'),'U','28','9','39|27','2|2','382,298','1','ANTES DE ACTUALIZAR','MRVMM',null);
Insert into MRVMM.T_MAEM_MRV_LG_FACTOR_DATA (ID_LG_FACTOR,FECHA_LOG,ACCION,ID_FACTOR,ID_DETALE,ID_PARAMETRO,VALOR,FACTOR,FLG_ESTADO,DETALLE,USUARIO,IP) values ('258',to_date('01/03/20','DD/MM/RR'),'U','28','9','39|27','2|2','215,3','1','DESPUES DE ACTUALIZAR','MRVMM',null);
Insert into MRVMM.T_MAEM_MRV_LG_FACTOR_DATA (ID_LG_FACTOR,FECHA_LOG,ACCION,ID_FACTOR,ID_DETALE,ID_PARAMETRO,VALOR,FACTOR,FLG_ESTADO,DETALLE,USUARIO,IP) values ('259',to_date('01/03/20','DD/MM/RR'),'U','28','10','39|27','2|3','433,011','1','ANTES DE ACTUALIZAR','MRVMM',null);
Insert into MRVMM.T_MAEM_MRV_LG_FACTOR_DATA (ID_LG_FACTOR,FECHA_LOG,ACCION,ID_FACTOR,ID_DETALE,ID_PARAMETRO,VALOR,FACTOR,FLG_ESTADO,DETALLE,USUARIO,IP) values ('260',to_date('01/03/20','DD/MM/RR'),'U','28','10','39|27','2|3','237,5','1','DESPUES DE ACTUALIZAR','MRVMM',null);
Insert into MRVMM.T_MAEM_MRV_LG_FACTOR_DATA (ID_LG_FACTOR,FECHA_LOG,ACCION,ID_FACTOR,ID_DETALE,ID_PARAMETRO,VALOR,FACTOR,FLG_ESTADO,DETALLE,USUARIO,IP) values ('261',to_date('01/03/20','DD/MM/RR'),'U','28','11','39|27','2|4','495,427','1','ANTES DE ACTUALIZAR','MRVMM',null);
Insert into MRVMM.T_MAEM_MRV_LG_FACTOR_DATA (ID_LG_FACTOR,FECHA_LOG,ACCION,ID_FACTOR,ID_DETALE,ID_PARAMETRO,VALOR,FACTOR,FLG_ESTADO,DETALLE,USUARIO,IP) values ('262',to_date('01/03/20','DD/MM/RR'),'U','28','11','39|27','2|4','264,8','1','DESPUES DE ACTUALIZAR','MRVMM',null);
Insert into MRVMM.T_MAEM_MRV_LG_FACTOR_DATA (ID_LG_FACTOR,FECHA_LOG,ACCION,ID_FACTOR,ID_DETALE,ID_PARAMETRO,VALOR,FACTOR,FLG_ESTADO,DETALLE,USUARIO,IP) values ('263',to_date('01/03/20','DD/MM/RR'),'U','28','12','39|27','2|5','565,645','1','ANTES DE ACTUALIZAR','MRVMM',null);
Insert into MRVMM.T_MAEM_MRV_LG_FACTOR_DATA (ID_LG_FACTOR,FECHA_LOG,ACCION,ID_FACTOR,ID_DETALE,ID_PARAMETRO,VALOR,FACTOR,FLG_ESTADO,DETALLE,USUARIO,IP) values ('264',to_date('01/03/20','DD/MM/RR'),'U','28','12','39|27','2|5','299,2','1','DESPUES DE ACTUALIZAR','MRVMM',null);
Insert into MRVMM.T_MAEM_MRV_LG_FACTOR_DATA (ID_LG_FACTOR,FECHA_LOG,ACCION,ID_FACTOR,ID_DETALE,ID_PARAMETRO,VALOR,FACTOR,FLG_ESTADO,DETALLE,USUARIO,IP) values ('265',to_date('01/03/20','DD/MM/RR'),'U','28','13','39|27','2|6','639,764','1','ANTES DE ACTUALIZAR','MRVMM',null);
Insert into MRVMM.T_MAEM_MRV_LG_FACTOR_DATA (ID_LG_FACTOR,FECHA_LOG,ACCION,ID_FACTOR,ID_DETALE,ID_PARAMETRO,VALOR,FACTOR,FLG_ESTADO,DETALLE,USUARIO,IP) values ('266',to_date('01/03/20','DD/MM/RR'),'U','28','13','39|27','2|6','343,9','1','DESPUES DE ACTUALIZAR','MRVMM',null);
Insert into MRVMM.T_MAEM_MRV_LG_FACTOR_DATA (ID_LG_FACTOR,FECHA_LOG,ACCION,ID_FACTOR,ID_DETALE,ID_PARAMETRO,VALOR,FACTOR,FLG_ESTADO,DETALLE,USUARIO,IP) values ('267',to_date('01/03/20','DD/MM/RR'),'U','28','14','39|27','2|7','702,18','1','ANTES DE ACTUALIZAR','MRVMM',null);
Insert into MRVMM.T_MAEM_MRV_LG_FACTOR_DATA (ID_LG_FACTOR,FECHA_LOG,ACCION,ID_FACTOR,ID_DETALE,ID_PARAMETRO,VALOR,FACTOR,FLG_ESTADO,DETALLE,USUARIO,IP) values ('268',to_date('01/03/20','DD/MM/RR'),'U','28','14','39|27','2|7','371,6','1','DESPUES DE ACTUALIZAR','MRVMM',null);
Insert into MRVMM.T_MAEM_MRV_LG_FACTOR_DATA (ID_LG_FACTOR,FECHA_LOG,ACCION,ID_FACTOR,ID_DETALE,ID_PARAMETRO,VALOR,FACTOR,FLG_ESTADO,DETALLE,USUARIO,IP) values ('269',to_date('01/03/20','DD/MM/RR'),'U','28','15','39|27','3|1','367,164','1','ANTES DE ACTUALIZAR','MRVMM',null);
Insert into MRVMM.T_MAEM_MRV_LG_FACTOR_DATA (ID_LG_FACTOR,FECHA_LOG,ACCION,ID_FACTOR,ID_DETALE,ID_PARAMETRO,VALOR,FACTOR,FLG_ESTADO,DETALLE,USUARIO,IP) values ('270',to_date('01/03/20','DD/MM/RR'),'U','28','15','39|27','3|1','278,1','1','DESPUES DE ACTUALIZAR','MRVMM',null);
Insert into MRVMM.T_MAEM_MRV_LG_FACTOR_DATA (ID_LG_FACTOR,FECHA_LOG,ACCION,ID_FACTOR,ID_DETALE,ID_PARAMETRO,VALOR,FACTOR,FLG_ESTADO,DETALLE,USUARIO,IP) values ('271',to_date('01/03/20','DD/MM/RR'),'U','28','16','39|27','3|2','428,358','1','ANTES DE ACTUALIZAR','MRVMM',null);
Insert into MRVMM.T_MAEM_MRV_LG_FACTOR_DATA (ID_LG_FACTOR,FECHA_LOG,ACCION,ID_FACTOR,ID_DETALE,ID_PARAMETRO,VALOR,FACTOR,FLG_ESTADO,DETALLE,USUARIO,IP) values ('272',to_date('01/03/20','DD/MM/RR'),'U','28','16','39|27','3|2','301,5','1','DESPUES DE ACTUALIZAR','MRVMM',null);
Insert into MRVMM.T_MAEM_MRV_LG_FACTOR_DATA (ID_LG_FACTOR,FECHA_LOG,ACCION,ID_FACTOR,ID_DETALE,ID_PARAMETRO,VALOR,FACTOR,FLG_ESTADO,DETALLE,USUARIO,IP) values ('273',to_date('01/03/20','DD/MM/RR'),'U','28','17','39|27','3|3','485,181','1','ANTES DE ACTUALIZAR','MRVMM',null);
Insert into MRVMM.T_MAEM_MRV_LG_FACTOR_DATA (ID_LG_FACTOR,FECHA_LOG,ACCION,ID_FACTOR,ID_DETALE,ID_PARAMETRO,VALOR,FACTOR,FLG_ESTADO,DETALLE,USUARIO,IP) values ('274',to_date('01/03/20','DD/MM/RR'),'U','28','17','39|27','3|3','332,5','1','DESPUES DE ACTUALIZAR','MRVMM',null);
Insert into MRVMM.T_MAEM_MRV_LG_FACTOR_DATA (ID_LG_FACTOR,FECHA_LOG,ACCION,ID_FACTOR,ID_DETALE,ID_PARAMETRO,VALOR,FACTOR,FLG_ESTADO,DETALLE,USUARIO,IP) values ('275',to_date('01/03/20','DD/MM/RR'),'U','28','18','39|27','3|4','563,859','1','ANTES DE ACTUALIZAR','MRVMM',null);
Insert into MRVMM.T_MAEM_MRV_LG_FACTOR_DATA (ID_LG_FACTOR,FECHA_LOG,ACCION,ID_FACTOR,ID_DETALE,ID_PARAMETRO,VALOR,FACTOR,FLG_ESTADO,DETALLE,USUARIO,IP) values ('276',to_date('01/03/20','DD/MM/RR'),'U','28','18','39|27','3|4','370,8','1','DESPUES DE ACTUALIZAR','MRVMM',null);
Insert into MRVMM.T_MAEM_MRV_LG_FACTOR_DATA (ID_LG_FACTOR,FECHA_LOG,ACCION,ID_FACTOR,ID_DETALE,ID_PARAMETRO,VALOR,FACTOR,FLG_ESTADO,DETALLE,USUARIO,IP) values ('277',to_date('01/03/20','DD/MM/RR'),'U','28','19','39|27','3|5','633,795','1','ANTES DE ACTUALIZAR','MRVMM',null);
Insert into MRVMM.T_MAEM_MRV_LG_FACTOR_DATA (ID_LG_FACTOR,FECHA_LOG,ACCION,ID_FACTOR,ID_DETALE,ID_PARAMETRO,VALOR,FACTOR,FLG_ESTADO,DETALLE,USUARIO,IP) values ('278',to_date('01/03/20','DD/MM/RR'),'U','28','19','39|27','3|5','418,9','1','DESPUES DE ACTUALIZAR','MRVMM',null);
Insert into MRVMM.T_MAEM_MRV_LG_FACTOR_DATA (ID_LG_FACTOR,FECHA_LOG,ACCION,ID_FACTOR,ID_DETALE,ID_PARAMETRO,VALOR,FACTOR,FLG_ESTADO,DETALLE,USUARIO,IP) values ('279',to_date('01/03/20','DD/MM/RR'),'U','28','20','39|27','3|6','716,844','1','ANTES DE ACTUALIZAR','MRVMM',null);
Insert into MRVMM.T_MAEM_MRV_LG_FACTOR_DATA (ID_LG_FACTOR,FECHA_LOG,ACCION,ID_FACTOR,ID_DETALE,ID_PARAMETRO,VALOR,FACTOR,FLG_ESTADO,DETALLE,USUARIO,IP) values ('280',to_date('01/03/20','DD/MM/RR'),'U','28','20','39|27','3|6','481,4','1','DESPUES DE ACTUALIZAR','MRVMM',null);
Insert into MRVMM.T_MAEM_MRV_LG_FACTOR_DATA (ID_LG_FACTOR,FECHA_LOG,ACCION,ID_FACTOR,ID_DETALE,ID_PARAMETRO,VALOR,FACTOR,FLG_ESTADO,DETALLE,USUARIO,IP) values ('281',to_date('01/03/20','DD/MM/RR'),'U','28','21','39|27','3|7','786,78','1','ANTES DE ACTUALIZAR','MRVMM',null);
Insert into MRVMM.T_MAEM_MRV_LG_FACTOR_DATA (ID_LG_FACTOR,FECHA_LOG,ACCION,ID_FACTOR,ID_DETALE,ID_PARAMETRO,VALOR,FACTOR,FLG_ESTADO,DETALLE,USUARIO,IP) values ('282',to_date('01/03/20','DD/MM/RR'),'U','28','21','39|27','3|7','520,3','1','DESPUES DE ACTUALIZAR','MRVMM',null);
Insert into MRVMM.T_MAEM_MRV_LG_FACTOR_DATA (ID_LG_FACTOR,FECHA_LOG,ACCION,ID_FACTOR,ID_DETALE,ID_PARAMETRO,VALOR,FACTOR,FLG_ESTADO,DETALLE,USUARIO,IP) values ('283',to_date('01/03/20','DD/MM/RR'),'U','28','22','39|27','4|1','406,644','1','ANTES DE ACTUALIZAR','MRVMM',null);
Insert into MRVMM.T_MAEM_MRV_LG_FACTOR_DATA (ID_LG_FACTOR,FECHA_LOG,ACCION,ID_FACTOR,ID_DETALE,ID_PARAMETRO,VALOR,FACTOR,FLG_ESTADO,DETALLE,USUARIO,IP) values ('284',to_date('01/03/20','DD/MM/RR'),'U','28','22','39|27','4|1','357,5','1','DESPUES DE ACTUALIZAR','MRVMM',null);
Insert into MRVMM.T_MAEM_MRV_LG_FACTOR_DATA (ID_LG_FACTOR,FECHA_LOG,ACCION,ID_FACTOR,ID_DETALE,ID_PARAMETRO,VALOR,FACTOR,FLG_ESTADO,DETALLE,USUARIO,IP) values ('285',to_date('01/03/20','DD/MM/RR'),'U','28','23','39|27','4|2','474,418','1','ANTES DE ACTUALIZAR','MRVMM',null);
Insert into MRVMM.T_MAEM_MRV_LG_FACTOR_DATA (ID_LG_FACTOR,FECHA_LOG,ACCION,ID_FACTOR,ID_DETALE,ID_PARAMETRO,VALOR,FACTOR,FLG_ESTADO,DETALLE,USUARIO,IP) values ('286',to_date('01/03/20','DD/MM/RR'),'U','28','23','39|27','4|2','387,6','1','DESPUES DE ACTUALIZAR','MRVMM',null);
Insert into MRVMM.T_MAEM_MRV_LG_FACTOR_DATA (ID_LG_FACTOR,FECHA_LOG,ACCION,ID_FACTOR,ID_DETALE,ID_PARAMETRO,VALOR,FACTOR,FLG_ESTADO,DETALLE,USUARIO,IP) values ('287',to_date('01/03/20','DD/MM/RR'),'U','28','24','39|27','4|3','537,351','1','ANTES DE ACTUALIZAR','MRVMM',null);
Insert into MRVMM.T_MAEM_MRV_LG_FACTOR_DATA (ID_LG_FACTOR,FECHA_LOG,ACCION,ID_FACTOR,ID_DETALE,ID_PARAMETRO,VALOR,FACTOR,FLG_ESTADO,DETALLE,USUARIO,IP) values ('288',to_date('01/03/20','DD/MM/RR'),'U','28','24','39|27','4|3','427,5','1','DESPUES DE ACTUALIZAR','MRVMM',null);
Insert into MRVMM.T_MAEM_MRV_LG_FACTOR_DATA (ID_LG_FACTOR,FECHA_LOG,ACCION,ID_FACTOR,ID_DETALE,ID_PARAMETRO,VALOR,FACTOR,FLG_ESTADO,DETALLE,USUARIO,IP) values ('289',to_date('01/03/20','DD/MM/RR'),'U','28','25','39|27','4|4','624,489','1','ANTES DE ACTUALIZAR','MRVMM',null);
Insert into MRVMM.T_MAEM_MRV_LG_FACTOR_DATA (ID_LG_FACTOR,FECHA_LOG,ACCION,ID_FACTOR,ID_DETALE,ID_PARAMETRO,VALOR,FACTOR,FLG_ESTADO,DETALLE,USUARIO,IP) values ('290',to_date('01/03/20','DD/MM/RR'),'U','28','25','39|27','4|4','476,7','1','DESPUES DE ACTUALIZAR','MRVMM',null);
Insert into MRVMM.T_MAEM_MRV_LG_FACTOR_DATA (ID_LG_FACTOR,FECHA_LOG,ACCION,ID_FACTOR,ID_DETALE,ID_PARAMETRO,VALOR,FACTOR,FLG_ESTADO,DETALLE,USUARIO,IP) values ('291',to_date('01/03/20','DD/MM/RR'),'U','28','26','39|27','4|5','701,945','1','ANTES DE ACTUALIZAR','MRVMM',null);
Insert into MRVMM.T_MAEM_MRV_LG_FACTOR_DATA (ID_LG_FACTOR,FECHA_LOG,ACCION,ID_FACTOR,ID_DETALE,ID_PARAMETRO,VALOR,FACTOR,FLG_ESTADO,DETALLE,USUARIO,IP) values ('292',to_date('01/03/20','DD/MM/RR'),'U','28','26','39|27','4|5','538,6','1','DESPUES DE ACTUALIZAR','MRVMM',null);
Insert into MRVMM.T_MAEM_MRV_LG_FACTOR_DATA (ID_LG_FACTOR,FECHA_LOG,ACCION,ID_FACTOR,ID_DETALE,ID_PARAMETRO,VALOR,FACTOR,FLG_ESTADO,DETALLE,USUARIO,IP) values ('293',to_date('01/03/20','DD/MM/RR'),'U','28','27','39|27','4|6','793,924','1','ANTES DE ACTUALIZAR','MRVMM',null);
Insert into MRVMM.T_MAEM_MRV_LG_FACTOR_DATA (ID_LG_FACTOR,FECHA_LOG,ACCION,ID_FACTOR,ID_DETALE,ID_PARAMETRO,VALOR,FACTOR,FLG_ESTADO,DETALLE,USUARIO,IP) values ('294',to_date('01/03/20','DD/MM/RR'),'U','28','27','39|27','4|6','619','1','DESPUES DE ACTUALIZAR','MRVMM',null);
Insert into MRVMM.T_MAEM_MRV_LG_FACTOR_DATA (ID_LG_FACTOR,FECHA_LOG,ACCION,ID_FACTOR,ID_DETALE,ID_PARAMETRO,VALOR,FACTOR,FLG_ESTADO,DETALLE,USUARIO,IP) values ('295',to_date('01/03/20','DD/MM/RR'),'U','28','28','39|27','4|7','871,38','1','ANTES DE ACTUALIZAR','MRVMM',null);
Insert into MRVMM.T_MAEM_MRV_LG_FACTOR_DATA (ID_LG_FACTOR,FECHA_LOG,ACCION,ID_FACTOR,ID_DETALE,ID_PARAMETRO,VALOR,FACTOR,FLG_ESTADO,DETALLE,USUARIO,IP) values ('296',to_date('01/03/20','DD/MM/RR'),'U','28','28','39|27','4|7','668,9','1','DESPUES DE ACTUALIZAR','MRVMM',null);
Insert into MRVMM.T_MAEM_MRV_LG_FACTOR_DATA (ID_LG_FACTOR,FECHA_LOG,ACCION,ID_FACTOR,ID_DETALE,ID_PARAMETRO,VALOR,FACTOR,FLG_ESTADO,DETALLE,USUARIO,IP) values ('297',to_date('01/03/20','DD/MM/RR'),'U','28','29','39|27','5|1','455,994','1','ANTES DE ACTUALIZAR','MRVMM',null);
Insert into MRVMM.T_MAEM_MRV_LG_FACTOR_DATA (ID_LG_FACTOR,FECHA_LOG,ACCION,ID_FACTOR,ID_DETALE,ID_PARAMETRO,VALOR,FACTOR,FLG_ESTADO,DETALLE,USUARIO,IP) values ('298',to_date('01/03/20','DD/MM/RR'),'U','28','29','39|27','5|1','476,7','1','DESPUES DE ACTUALIZAR','MRVMM',null);
Insert into MRVMM.T_MAEM_MRV_LG_FACTOR_DATA (ID_LG_FACTOR,FECHA_LOG,ACCION,ID_FACTOR,ID_DETALE,ID_PARAMETRO,VALOR,FACTOR,FLG_ESTADO,DETALLE,USUARIO,IP) values ('299',to_date('01/03/20','DD/MM/RR'),'U','28','30','39|27','5|2','531,993','1','ANTES DE ACTUALIZAR','MRVMM',null);
Insert into MRVMM.T_MAEM_MRV_LG_FACTOR_DATA (ID_LG_FACTOR,FECHA_LOG,ACCION,ID_FACTOR,ID_DETALE,ID_PARAMETRO,VALOR,FACTOR,FLG_ESTADO,DETALLE,USUARIO,IP) values ('300',to_date('01/03/20','DD/MM/RR'),'U','28','30','39|27','5|2','516,8','1','DESPUES DE ACTUALIZAR','MRVMM',null);
Insert into MRVMM.T_MAEM_MRV_LG_FACTOR_DATA (ID_LG_FACTOR,FECHA_LOG,ACCION,ID_FACTOR,ID_DETALE,ID_PARAMETRO,VALOR,FACTOR,FLG_ESTADO,DETALLE,USUARIO,IP) values ('301',to_date('01/03/20','DD/MM/RR'),'U','28','31','39|27','5|3','602,5635','1','ANTES DE ACTUALIZAR','MRVMM',null);
Insert into MRVMM.T_MAEM_MRV_LG_FACTOR_DATA (ID_LG_FACTOR,FECHA_LOG,ACCION,ID_FACTOR,ID_DETALE,ID_PARAMETRO,VALOR,FACTOR,FLG_ESTADO,DETALLE,USUARIO,IP) values ('302',to_date('01/03/20','DD/MM/RR'),'U','28','31','39|27','5|3','570,1','1','DESPUES DE ACTUALIZAR','MRVMM',null);
Insert into MRVMM.T_MAEM_MRV_LG_FACTOR_DATA (ID_LG_FACTOR,FECHA_LOG,ACCION,ID_FACTOR,ID_DETALE,ID_PARAMETRO,VALOR,FACTOR,FLG_ESTADO,DETALLE,USUARIO,IP) values ('303',to_date('01/03/20','DD/MM/RR'),'U','28','32','39|27','5|4','700,2765','1','ANTES DE ACTUALIZAR','MRVMM',null);
Insert into MRVMM.T_MAEM_MRV_LG_FACTOR_DATA (ID_LG_FACTOR,FECHA_LOG,ACCION,ID_FACTOR,ID_DETALE,ID_PARAMETRO,VALOR,FACTOR,FLG_ESTADO,DETALLE,USUARIO,IP) values ('304',to_date('01/03/20','DD/MM/RR'),'U','28','32','39|27','5|4','635,6','1','DESPUES DE ACTUALIZAR','MRVMM',null);
Insert into MRVMM.T_MAEM_MRV_LG_FACTOR_DATA (ID_LG_FACTOR,FECHA_LOG,ACCION,ID_FACTOR,ID_DETALE,ID_PARAMETRO,VALOR,FACTOR,FLG_ESTADO,DETALLE,USUARIO,IP) values ('305',to_date('01/03/20','DD/MM/RR'),'U','28','33','39|27','5|5','787,1325','1','ANTES DE ACTUALIZAR','MRVMM',null);
Insert into MRVMM.T_MAEM_MRV_LG_FACTOR_DATA (ID_LG_FACTOR,FECHA_LOG,ACCION,ID_FACTOR,ID_DETALE,ID_PARAMETRO,VALOR,FACTOR,FLG_ESTADO,DETALLE,USUARIO,IP) values ('306',to_date('01/03/20','DD/MM/RR'),'U','28','33','39|27','5|5','718,1','1','DESPUES DE ACTUALIZAR','MRVMM',null);
Insert into MRVMM.T_MAEM_MRV_LG_FACTOR_DATA (ID_LG_FACTOR,FECHA_LOG,ACCION,ID_FACTOR,ID_DETALE,ID_PARAMETRO,VALOR,FACTOR,FLG_ESTADO,DETALLE,USUARIO,IP) values ('307',to_date('01/03/20','DD/MM/RR'),'U','28','34','39|27','5|6','890,274','1','ANTES DE ACTUALIZAR','MRVMM',null);
Insert into MRVMM.T_MAEM_MRV_LG_FACTOR_DATA (ID_LG_FACTOR,FECHA_LOG,ACCION,ID_FACTOR,ID_DETALE,ID_PARAMETRO,VALOR,FACTOR,FLG_ESTADO,DETALLE,USUARIO,IP) values ('308',to_date('01/03/20','DD/MM/RR'),'U','28','34','39|27','5|6','825,3','1','DESPUES DE ACTUALIZAR','MRVMM',null);
Insert into MRVMM.T_MAEM_MRV_LG_FACTOR_DATA (ID_LG_FACTOR,FECHA_LOG,ACCION,ID_FACTOR,ID_DETALE,ID_PARAMETRO,VALOR,FACTOR,FLG_ESTADO,DETALLE,USUARIO,IP) values ('309',to_date('01/03/20','DD/MM/RR'),'U','28','35','39|27','5|7','977,13','1','ANTES DE ACTUALIZAR','MRVMM',null);
Insert into MRVMM.T_MAEM_MRV_LG_FACTOR_DATA (ID_LG_FACTOR,FECHA_LOG,ACCION,ID_FACTOR,ID_DETALE,ID_PARAMETRO,VALOR,FACTOR,FLG_ESTADO,DETALLE,USUARIO,IP) values ('310',to_date('01/03/20','DD/MM/RR'),'U','28','35','39|27','5|7','891,9','1','DESPUES DE ACTUALIZAR','MRVMM',null);
Insert into MRVMM.T_MAEM_MRV_LG_FACTOR_DATA (ID_LG_FACTOR,FECHA_LOG,ACCION,ID_FACTOR,ID_DETALE,ID_PARAMETRO,VALOR,FACTOR,FLG_ESTADO,DETALLE,USUARIO,IP) values ('311',to_date('01/03/20','DD/MM/RR'),'I','29','1','40|26','1|1','180,1433','1','REGISTRO DE DATOS',null,null);
Insert into MRVMM.T_MAEM_MRV_LG_FACTOR_DATA (ID_LG_FACTOR,FECHA_LOG,ACCION,ID_FACTOR,ID_DETALE,ID_PARAMETRO,VALOR,FACTOR,FLG_ESTADO,DETALLE,USUARIO,IP) values ('312',to_date('01/03/20','DD/MM/RR'),'I','29','2','40|26','1|2','185,3023','1','REGISTRO DE DATOS',null,null);
Insert into MRVMM.T_MAEM_MRV_LG_FACTOR_DATA (ID_LG_FACTOR,FECHA_LOG,ACCION,ID_FACTOR,ID_DETALE,ID_PARAMETRO,VALOR,FACTOR,FLG_ESTADO,DETALLE,USUARIO,IP) values ('313',to_date('01/03/20','DD/MM/RR'),'I','29','3','40|26','1|3','198,8786','1','REGISTRO DE DATOS',null,null);
Insert into MRVMM.T_MAEM_MRV_LG_FACTOR_DATA (ID_LG_FACTOR,FECHA_LOG,ACCION,ID_FACTOR,ID_DETALE,ID_PARAMETRO,VALOR,FACTOR,FLG_ESTADO,DETALLE,USUARIO,IP) values ('314',to_date('01/03/20','DD/MM/RR'),'I','29','4','40|26','1|4','211,6504','1','REGISTRO DE DATOS',null,null);
Insert into MRVMM.T_MAEM_MRV_LG_FACTOR_DATA (ID_LG_FACTOR,FECHA_LOG,ACCION,ID_FACTOR,ID_DETALE,ID_PARAMETRO,VALOR,FACTOR,FLG_ESTADO,DETALLE,USUARIO,IP) values ('315',to_date('01/03/20','DD/MM/RR'),'I','29','5','40|26','1|5','229,2496','1','REGISTRO DE DATOS',null,null);
Insert into MRVMM.T_MAEM_MRV_LG_FACTOR_DATA (ID_LG_FACTOR,FECHA_LOG,ACCION,ID_FACTOR,ID_DETALE,ID_PARAMETRO,VALOR,FACTOR,FLG_ESTADO,DETALLE,USUARIO,IP) values ('316',to_date('01/03/20','DD/MM/RR'),'I','29','6','40|26','1|6','246,7333','1','REGISTRO DE DATOS',null,null);
Insert into MRVMM.T_MAEM_MRV_LG_FACTOR_DATA (ID_LG_FACTOR,FECHA_LOG,ACCION,ID_FACTOR,ID_DETALE,ID_PARAMETRO,VALOR,FACTOR,FLG_ESTADO,DETALLE,USUARIO,IP) values ('317',to_date('01/03/20','DD/MM/RR'),'I','29','7','40|26','1|7','270,9848','1','REGISTRO DE DATOS',null,null);
Insert into MRVMM.T_MAEM_MRV_LG_FACTOR_DATA (ID_LG_FACTOR,FECHA_LOG,ACCION,ID_FACTOR,ID_DETALE,ID_PARAMETRO,VALOR,FACTOR,FLG_ESTADO,DETALLE,USUARIO,IP) values ('318',to_date('01/03/20','DD/MM/RR'),'I','29','8','40|26','2|1','600,4777','1','REGISTRO DE DATOS',null,null);
Insert into MRVMM.T_MAEM_MRV_LG_FACTOR_DATA (ID_LG_FACTOR,FECHA_LOG,ACCION,ID_FACTOR,ID_DETALE,ID_PARAMETRO,VALOR,FACTOR,FLG_ESTADO,DETALLE,USUARIO,IP) values ('319',to_date('01/03/20','DD/MM/RR'),'I','29','9','40|26','2|2','625,3496','1','REGISTRO DE DATOS',null,null);
Insert into MRVMM.T_MAEM_MRV_LG_FACTOR_DATA (ID_LG_FACTOR,FECHA_LOG,ACCION,ID_FACTOR,ID_DETALE,ID_PARAMETRO,VALOR,FACTOR,FLG_ESTADO,DETALLE,USUARIO,IP) values ('320',to_date('01/03/20','DD/MM/RR'),'I','29','10','40|26','2|3','688,9444','1','REGISTRO DE DATOS',null,null);
Insert into MRVMM.T_MAEM_MRV_LG_FACTOR_DATA (ID_LG_FACTOR,FECHA_LOG,ACCION,ID_FACTOR,ID_DETALE,ID_PARAMETRO,VALOR,FACTOR,FLG_ESTADO,DETALLE,USUARIO,IP) values ('321',to_date('01/03/20','DD/MM/RR'),'I','29','11','40|26','2|4','754,8863','1','REGISTRO DE DATOS',null,null);
Insert into MRVMM.T_MAEM_MRV_LG_FACTOR_DATA (ID_LG_FACTOR,FECHA_LOG,ACCION,ID_FACTOR,ID_DETALE,ID_PARAMETRO,VALOR,FACTOR,FLG_ESTADO,DETALLE,USUARIO,IP) values ('322',to_date('01/03/20','DD/MM/RR'),'I','29','12','40|26','2|5','845,4726','1','REGISTRO DE DATOS',null,null);
Insert into MRVMM.T_MAEM_MRV_LG_FACTOR_DATA (ID_LG_FACTOR,FECHA_LOG,ACCION,ID_FACTOR,ID_DETALE,ID_PARAMETRO,VALOR,FACTOR,FLG_ESTADO,DETALLE,USUARIO,IP) values ('323',to_date('01/03/20','DD/MM/RR'),'I','29','13','40|26','2|6','952,1088','1','REGISTRO DE DATOS',null,null);
Insert into MRVMM.T_MAEM_MRV_LG_FACTOR_DATA (ID_LG_FACTOR,FECHA_LOG,ACCION,ID_FACTOR,ID_DETALE,ID_PARAMETRO,VALOR,FACTOR,FLG_ESTADO,DETALLE,USUARIO,IP) values ('324',to_date('01/03/20','DD/MM/RR'),'I','29','14','40|26','2|7','1100,8758','1','REGISTRO DE DATOS',null,null);
Insert into MRVMM.T_MAEM_MRV_LG_FACTOR_DATA (ID_LG_FACTOR,FECHA_LOG,ACCION,ID_FACTOR,ID_DETALE,ID_PARAMETRO,VALOR,FACTOR,FLG_ESTADO,DETALLE,USUARIO,IP) values ('325',to_date('01/03/20','DD/MM/RR'),'I','29','15','40|26','3|1','1801,4331','1','REGISTRO DE DATOS',null,null);
Insert into MRVMM.T_MAEM_MRV_LG_FACTOR_DATA (ID_LG_FACTOR,FECHA_LOG,ACCION,ID_FACTOR,ID_DETALE,ID_PARAMETRO,VALOR,FACTOR,FLG_ESTADO,DETALLE,USUARIO,IP) values ('326',to_date('01/03/20','DD/MM/RR'),'I','29','16','40|26','3|2','1945,1057','1','REGISTRO DE DATOS',null,null);
Insert into MRVMM.T_MAEM_MRV_LG_FACTOR_DATA (ID_LG_FACTOR,FECHA_LOG,ACCION,ID_FACTOR,ID_DETALE,ID_PARAMETRO,VALOR,FACTOR,FLG_ESTADO,DETALLE,USUARIO,IP) values ('327',to_date('01/03/20','DD/MM/RR'),'I','29','17','40|26','3|3','2327,8431','1','REGISTRO DE DATOS',null,null);
Insert into MRVMM.T_MAEM_MRV_LG_FACTOR_DATA (ID_LG_FACTOR,FECHA_LOG,ACCION,ID_FACTOR,ID_DETALE,ID_PARAMETRO,VALOR,FACTOR,FLG_ESTADO,DETALLE,USUARIO,IP) values ('328',to_date('01/03/20','DD/MM/RR'),'I','29','18','40|26','3|4','2830,8235','1','REGISTRO DE DATOS',null,null);
Insert into MRVMM.T_MAEM_MRV_LG_FACTOR_DATA (ID_LG_FACTOR,FECHA_LOG,ACCION,ID_FACTOR,ID_DETALE,ID_PARAMETRO,VALOR,FACTOR,FLG_ESTADO,DETALLE,USUARIO,IP) values ('329',to_date('01/03/20','DD/MM/RR'),'I','29','19','40|26','3|5','3644,2785','1','REGISTRO DE DATOS',null,null);
Insert into MRVMM.T_MAEM_MRV_LG_FACTOR_DATA (ID_LG_FACTOR,FECHA_LOG,ACCION,ID_FACTOR,ID_DETALE,ID_PARAMETRO,VALOR,FACTOR,FLG_ESTADO,DETALLE,USUARIO,IP) values ('330',to_date('01/03/20','DD/MM/RR'),'I','29','20','40|26','3|6','5197,5776','1','REGISTRO DE DATOS',null,null);
Insert into MRVMM.T_MAEM_MRV_LG_FACTOR_DATA (ID_LG_FACTOR,FECHA_LOG,ACCION,ID_FACTOR,ID_DETALE,ID_PARAMETRO,VALOR,FACTOR,FLG_ESTADO,DETALLE,USUARIO,IP) values ('331',to_date('01/03/20','DD/MM/RR'),'I','29','21','40|26','3|7','8807,0064','1','REGISTRO DE DATOS',null,null);
Insert into MRVMM.T_MAEM_MRV_LG_FACTOR_DATA (ID_LG_FACTOR,FECHA_LOG,ACCION,ID_FACTOR,ID_DETALE,ID_PARAMETRO,VALOR,FACTOR,FLG_ESTADO,DETALLE,USUARIO,IP) values ('332',to_date('01/03/20','DD/MM/RR'),'I','30','1','40|27','1|1','180,1433','1','REGISTRO DE DATOS',null,null);
Insert into MRVMM.T_MAEM_MRV_LG_FACTOR_DATA (ID_LG_FACTOR,FECHA_LOG,ACCION,ID_FACTOR,ID_DETALE,ID_PARAMETRO,VALOR,FACTOR,FLG_ESTADO,DETALLE,USUARIO,IP) values ('333',to_date('01/03/20','DD/MM/RR'),'I','30','2','40|27','1|2','185,3023','1','REGISTRO DE DATOS',null,null);
Insert into MRVMM.T_MAEM_MRV_LG_FACTOR_DATA (ID_LG_FACTOR,FECHA_LOG,ACCION,ID_FACTOR,ID_DETALE,ID_PARAMETRO,VALOR,FACTOR,FLG_ESTADO,DETALLE,USUARIO,IP) values ('334',to_date('01/03/20','DD/MM/RR'),'I','30','3','40|27','1|3','198,8786','1','REGISTRO DE DATOS',null,null);
Insert into MRVMM.T_MAEM_MRV_LG_FACTOR_DATA (ID_LG_FACTOR,FECHA_LOG,ACCION,ID_FACTOR,ID_DETALE,ID_PARAMETRO,VALOR,FACTOR,FLG_ESTADO,DETALLE,USUARIO,IP) values ('335',to_date('01/03/20','DD/MM/RR'),'I','30','4','40|27','1|4','211,6504','1','REGISTRO DE DATOS',null,null);
Insert into MRVMM.T_MAEM_MRV_LG_FACTOR_DATA (ID_LG_FACTOR,FECHA_LOG,ACCION,ID_FACTOR,ID_DETALE,ID_PARAMETRO,VALOR,FACTOR,FLG_ESTADO,DETALLE,USUARIO,IP) values ('336',to_date('01/03/20','DD/MM/RR'),'I','30','5','40|27','1|5','229,2496','1','REGISTRO DE DATOS',null,null);
Insert into MRVMM.T_MAEM_MRV_LG_FACTOR_DATA (ID_LG_FACTOR,FECHA_LOG,ACCION,ID_FACTOR,ID_DETALE,ID_PARAMETRO,VALOR,FACTOR,FLG_ESTADO,DETALLE,USUARIO,IP) values ('337',to_date('01/03/20','DD/MM/RR'),'I','30','6','40|27','1|6','246,7333','1','REGISTRO DE DATOS',null,null);
Insert into MRVMM.T_MAEM_MRV_LG_FACTOR_DATA (ID_LG_FACTOR,FECHA_LOG,ACCION,ID_FACTOR,ID_DETALE,ID_PARAMETRO,VALOR,FACTOR,FLG_ESTADO,DETALLE,USUARIO,IP) values ('338',to_date('01/03/20','DD/MM/RR'),'I','30','7','40|27','1|7','270,9848','1','REGISTRO DE DATOS',null,null);
Insert into MRVMM.T_MAEM_MRV_LG_FACTOR_DATA (ID_LG_FACTOR,FECHA_LOG,ACCION,ID_FACTOR,ID_DETALE,ID_PARAMETRO,VALOR,FACTOR,FLG_ESTADO,DETALLE,USUARIO,IP) values ('339',to_date('01/03/20','DD/MM/RR'),'I','30','8','40|27','2|1','600,4777','1','REGISTRO DE DATOS',null,null);
Insert into MRVMM.T_MAEM_MRV_LG_FACTOR_DATA (ID_LG_FACTOR,FECHA_LOG,ACCION,ID_FACTOR,ID_DETALE,ID_PARAMETRO,VALOR,FACTOR,FLG_ESTADO,DETALLE,USUARIO,IP) values ('340',to_date('01/03/20','DD/MM/RR'),'I','30','9','40|27','2|2','625,3496','1','REGISTRO DE DATOS',null,null);
Insert into MRVMM.T_MAEM_MRV_LG_FACTOR_DATA (ID_LG_FACTOR,FECHA_LOG,ACCION,ID_FACTOR,ID_DETALE,ID_PARAMETRO,VALOR,FACTOR,FLG_ESTADO,DETALLE,USUARIO,IP) values ('341',to_date('01/03/20','DD/MM/RR'),'I','30','10','40|27','2|3','688,9444','1','REGISTRO DE DATOS',null,null);
Insert into MRVMM.T_MAEM_MRV_LG_FACTOR_DATA (ID_LG_FACTOR,FECHA_LOG,ACCION,ID_FACTOR,ID_DETALE,ID_PARAMETRO,VALOR,FACTOR,FLG_ESTADO,DETALLE,USUARIO,IP) values ('342',to_date('01/03/20','DD/MM/RR'),'I','30','11','40|27','2|4','754,8863','1','REGISTRO DE DATOS',null,null);
Insert into MRVMM.T_MAEM_MRV_LG_FACTOR_DATA (ID_LG_FACTOR,FECHA_LOG,ACCION,ID_FACTOR,ID_DETALE,ID_PARAMETRO,VALOR,FACTOR,FLG_ESTADO,DETALLE,USUARIO,IP) values ('343',to_date('01/03/20','DD/MM/RR'),'I','30','12','40|27','2|5','845,4726','1','REGISTRO DE DATOS',null,null);
Insert into MRVMM.T_MAEM_MRV_LG_FACTOR_DATA (ID_LG_FACTOR,FECHA_LOG,ACCION,ID_FACTOR,ID_DETALE,ID_PARAMETRO,VALOR,FACTOR,FLG_ESTADO,DETALLE,USUARIO,IP) values ('344',to_date('01/03/20','DD/MM/RR'),'I','30','13','40|27','2|6','952,1088','1','REGISTRO DE DATOS',null,null);
Insert into MRVMM.T_MAEM_MRV_LG_FACTOR_DATA (ID_LG_FACTOR,FECHA_LOG,ACCION,ID_FACTOR,ID_DETALE,ID_PARAMETRO,VALOR,FACTOR,FLG_ESTADO,DETALLE,USUARIO,IP) values ('345',to_date('01/03/20','DD/MM/RR'),'I','30','14','40|27','2|7','1100,8758','1','REGISTRO DE DATOS',null,null);
Insert into MRVMM.T_MAEM_MRV_LG_FACTOR_DATA (ID_LG_FACTOR,FECHA_LOG,ACCION,ID_FACTOR,ID_DETALE,ID_PARAMETRO,VALOR,FACTOR,FLG_ESTADO,DETALLE,USUARIO,IP) values ('346',to_date('01/03/20','DD/MM/RR'),'I','30','15','40|27','3|1','1801,4331','1','REGISTRO DE DATOS',null,null);
Insert into MRVMM.T_MAEM_MRV_LG_FACTOR_DATA (ID_LG_FACTOR,FECHA_LOG,ACCION,ID_FACTOR,ID_DETALE,ID_PARAMETRO,VALOR,FACTOR,FLG_ESTADO,DETALLE,USUARIO,IP) values ('347',to_date('01/03/20','DD/MM/RR'),'I','30','16','40|27','3|2','1945,1057','1','REGISTRO DE DATOS',null,null);
Insert into MRVMM.T_MAEM_MRV_LG_FACTOR_DATA (ID_LG_FACTOR,FECHA_LOG,ACCION,ID_FACTOR,ID_DETALE,ID_PARAMETRO,VALOR,FACTOR,FLG_ESTADO,DETALLE,USUARIO,IP) values ('348',to_date('01/03/20','DD/MM/RR'),'I','30','17','40|27','3|3','2327,8431','1','REGISTRO DE DATOS',null,null);
Insert into MRVMM.T_MAEM_MRV_LG_FACTOR_DATA (ID_LG_FACTOR,FECHA_LOG,ACCION,ID_FACTOR,ID_DETALE,ID_PARAMETRO,VALOR,FACTOR,FLG_ESTADO,DETALLE,USUARIO,IP) values ('349',to_date('01/03/20','DD/MM/RR'),'I','30','18','40|27','3|4','2830,8235','1','REGISTRO DE DATOS',null,null);
Insert into MRVMM.T_MAEM_MRV_LG_FACTOR_DATA (ID_LG_FACTOR,FECHA_LOG,ACCION,ID_FACTOR,ID_DETALE,ID_PARAMETRO,VALOR,FACTOR,FLG_ESTADO,DETALLE,USUARIO,IP) values ('350',to_date('01/03/20','DD/MM/RR'),'I','30','19','40|27','3|5','3644,2785','1','REGISTRO DE DATOS',null,null);
Insert into MRVMM.T_MAEM_MRV_LG_FACTOR_DATA (ID_LG_FACTOR,FECHA_LOG,ACCION,ID_FACTOR,ID_DETALE,ID_PARAMETRO,VALOR,FACTOR,FLG_ESTADO,DETALLE,USUARIO,IP) values ('351',to_date('01/03/20','DD/MM/RR'),'I','30','20','40|27','3|6','5197,5776','1','REGISTRO DE DATOS',null,null);
Insert into MRVMM.T_MAEM_MRV_LG_FACTOR_DATA (ID_LG_FACTOR,FECHA_LOG,ACCION,ID_FACTOR,ID_DETALE,ID_PARAMETRO,VALOR,FACTOR,FLG_ESTADO,DETALLE,USUARIO,IP) values ('352',to_date('01/03/20','DD/MM/RR'),'I','30','21','40|27','3|7','8807,0064','1','REGISTRO DE DATOS',null,null);
Insert into MRVMM.T_MAEM_MRV_LG_FACTOR_DATA (ID_LG_FACTOR,FECHA_LOG,ACCION,ID_FACTOR,ID_DETALE,ID_PARAMETRO,VALOR,FACTOR,FLG_ESTADO,DETALLE,USUARIO,IP) values ('353',to_date('01/03/20','DD/MM/RR'),'I','31','1','41|26','1|1','22,16','1','REGISTRO DE DATOS',null,null);
Insert into MRVMM.T_MAEM_MRV_LG_FACTOR_DATA (ID_LG_FACTOR,FECHA_LOG,ACCION,ID_FACTOR,ID_DETALE,ID_PARAMETRO,VALOR,FACTOR,FLG_ESTADO,DETALLE,USUARIO,IP) values ('354',to_date('01/03/20','DD/MM/RR'),'I','31','2','41|26','1|2','22,57','1','REGISTRO DE DATOS',null,null);
Insert into MRVMM.T_MAEM_MRV_LG_FACTOR_DATA (ID_LG_FACTOR,FECHA_LOG,ACCION,ID_FACTOR,ID_DETALE,ID_PARAMETRO,VALOR,FACTOR,FLG_ESTADO,DETALLE,USUARIO,IP) values ('355',to_date('01/03/20','DD/MM/RR'),'I','31','3','41|26','1|3','23,46','1','REGISTRO DE DATOS',null,null);
Insert into MRVMM.T_MAEM_MRV_LG_FACTOR_DATA (ID_LG_FACTOR,FECHA_LOG,ACCION,ID_FACTOR,ID_DETALE,ID_PARAMETRO,VALOR,FACTOR,FLG_ESTADO,DETALLE,USUARIO,IP) values ('356',to_date('01/03/20','DD/MM/RR'),'I','31','4','41|26','1|4','24,42','1','REGISTRO DE DATOS',null,null);
Insert into MRVMM.T_MAEM_MRV_LG_FACTOR_DATA (ID_LG_FACTOR,FECHA_LOG,ACCION,ID_FACTOR,ID_DETALE,ID_PARAMETRO,VALOR,FACTOR,FLG_ESTADO,DETALLE,USUARIO,IP) values ('357',to_date('01/03/20','DD/MM/RR'),'I','31','5','41|26','1|5','25,28','1','REGISTRO DE DATOS',null,null);
Insert into MRVMM.T_MAEM_MRV_LG_FACTOR_DATA (ID_LG_FACTOR,FECHA_LOG,ACCION,ID_FACTOR,ID_DETALE,ID_PARAMETRO,VALOR,FACTOR,FLG_ESTADO,DETALLE,USUARIO,IP) values ('358',to_date('01/03/20','DD/MM/RR'),'I','31','6','41|26','1|6','26,01','1','REGISTRO DE DATOS',null,null);
Insert into MRVMM.T_MAEM_MRV_LG_FACTOR_DATA (ID_LG_FACTOR,FECHA_LOG,ACCION,ID_FACTOR,ID_DETALE,ID_PARAMETRO,VALOR,FACTOR,FLG_ESTADO,DETALLE,USUARIO,IP) values ('359',to_date('01/03/20','DD/MM/RR'),'I','31','7','41|26','1|7','26,39','1','REGISTRO DE DATOS',null,null);
Insert into MRVMM.T_MAEM_MRV_LG_FACTOR_DATA (ID_LG_FACTOR,FECHA_LOG,ACCION,ID_FACTOR,ID_DETALE,ID_PARAMETRO,VALOR,FACTOR,FLG_ESTADO,DETALLE,USUARIO,IP) values ('360',to_date('01/03/20','DD/MM/RR'),'I','31','8','41|26','2|1','110,78','1','REGISTRO DE DATOS',null,null);
Insert into MRVMM.T_MAEM_MRV_LG_FACTOR_DATA (ID_LG_FACTOR,FECHA_LOG,ACCION,ID_FACTOR,ID_DETALE,ID_PARAMETRO,VALOR,FACTOR,FLG_ESTADO,DETALLE,USUARIO,IP) values ('361',to_date('01/03/20','DD/MM/RR'),'I','31','9','41|26','2|2','112,87','1','REGISTRO DE DATOS',null,null);
Insert into MRVMM.T_MAEM_MRV_LG_FACTOR_DATA (ID_LG_FACTOR,FECHA_LOG,ACCION,ID_FACTOR,ID_DETALE,ID_PARAMETRO,VALOR,FACTOR,FLG_ESTADO,DETALLE,USUARIO,IP) values ('362',to_date('01/03/20','DD/MM/RR'),'I','31','10','41|26','2|3','117,29','1','REGISTRO DE DATOS',null,null);
Insert into MRVMM.T_MAEM_MRV_LG_FACTOR_DATA (ID_LG_FACTOR,FECHA_LOG,ACCION,ID_FACTOR,ID_DETALE,ID_PARAMETRO,VALOR,FACTOR,FLG_ESTADO,DETALLE,USUARIO,IP) values ('363',to_date('01/03/20','DD/MM/RR'),'I','31','11','41|26','2|4','122,08','1','REGISTRO DE DATOS',null,null);
Insert into MRVMM.T_MAEM_MRV_LG_FACTOR_DATA (ID_LG_FACTOR,FECHA_LOG,ACCION,ID_FACTOR,ID_DETALE,ID_PARAMETRO,VALOR,FACTOR,FLG_ESTADO,DETALLE,USUARIO,IP) values ('364',to_date('01/03/20','DD/MM/RR'),'I','31','12','41|26','2|5','126,38','1','REGISTRO DE DATOS',null,null);
Insert into MRVMM.T_MAEM_MRV_LG_FACTOR_DATA (ID_LG_FACTOR,FECHA_LOG,ACCION,ID_FACTOR,ID_DETALE,ID_PARAMETRO,VALOR,FACTOR,FLG_ESTADO,DETALLE,USUARIO,IP) values ('365',to_date('01/03/20','DD/MM/RR'),'I','31','13','41|26','2|6','130,04','1','REGISTRO DE DATOS',null,null);
Insert into MRVMM.T_MAEM_MRV_LG_FACTOR_DATA (ID_LG_FACTOR,FECHA_LOG,ACCION,ID_FACTOR,ID_DETALE,ID_PARAMETRO,VALOR,FACTOR,FLG_ESTADO,DETALLE,USUARIO,IP) values ('366',to_date('01/03/20','DD/MM/RR'),'I','31','14','41|26','2|7','135,95','1','REGISTRO DE DATOS',null,null);
Insert into MRVMM.T_MAEM_MRV_LG_FACTOR_DATA (ID_LG_FACTOR,FECHA_LOG,ACCION,ID_FACTOR,ID_DETALE,ID_PARAMETRO,VALOR,FACTOR,FLG_ESTADO,DETALLE,USUARIO,IP) values ('367',to_date('01/03/20','DD/MM/RR'),'I','32','1','41|27','1|1','22,16','1','REGISTRO DE DATOS',null,null);
Insert into MRVMM.T_MAEM_MRV_LG_FACTOR_DATA (ID_LG_FACTOR,FECHA_LOG,ACCION,ID_FACTOR,ID_DETALE,ID_PARAMETRO,VALOR,FACTOR,FLG_ESTADO,DETALLE,USUARIO,IP) values ('368',to_date('01/03/20','DD/MM/RR'),'I','32','2','41|27','1|2','22,57','1','REGISTRO DE DATOS',null,null);
Insert into MRVMM.T_MAEM_MRV_LG_FACTOR_DATA (ID_LG_FACTOR,FECHA_LOG,ACCION,ID_FACTOR,ID_DETALE,ID_PARAMETRO,VALOR,FACTOR,FLG_ESTADO,DETALLE,USUARIO,IP) values ('369',to_date('01/03/20','DD/MM/RR'),'I','32','3','41|27','1|3','23,46','1','REGISTRO DE DATOS',null,null);
Insert into MRVMM.T_MAEM_MRV_LG_FACTOR_DATA (ID_LG_FACTOR,FECHA_LOG,ACCION,ID_FACTOR,ID_DETALE,ID_PARAMETRO,VALOR,FACTOR,FLG_ESTADO,DETALLE,USUARIO,IP) values ('370',to_date('01/03/20','DD/MM/RR'),'I','32','4','41|27','1|4','24,42','1','REGISTRO DE DATOS',null,null);
Insert into MRVMM.T_MAEM_MRV_LG_FACTOR_DATA (ID_LG_FACTOR,FECHA_LOG,ACCION,ID_FACTOR,ID_DETALE,ID_PARAMETRO,VALOR,FACTOR,FLG_ESTADO,DETALLE,USUARIO,IP) values ('371',to_date('01/03/20','DD/MM/RR'),'I','32','5','41|27','1|5','25,28','1','REGISTRO DE DATOS',null,null);
Insert into MRVMM.T_MAEM_MRV_LG_FACTOR_DATA (ID_LG_FACTOR,FECHA_LOG,ACCION,ID_FACTOR,ID_DETALE,ID_PARAMETRO,VALOR,FACTOR,FLG_ESTADO,DETALLE,USUARIO,IP) values ('372',to_date('01/03/20','DD/MM/RR'),'I','32','6','41|27','1|6','26,01','1','REGISTRO DE DATOS',null,null);
Insert into MRVMM.T_MAEM_MRV_LG_FACTOR_DATA (ID_LG_FACTOR,FECHA_LOG,ACCION,ID_FACTOR,ID_DETALE,ID_PARAMETRO,VALOR,FACTOR,FLG_ESTADO,DETALLE,USUARIO,IP) values ('373',to_date('01/03/20','DD/MM/RR'),'I','32','7','41|27','1|7','26,39','1','REGISTRO DE DATOS',null,null);
Insert into MRVMM.T_MAEM_MRV_LG_FACTOR_DATA (ID_LG_FACTOR,FECHA_LOG,ACCION,ID_FACTOR,ID_DETALE,ID_PARAMETRO,VALOR,FACTOR,FLG_ESTADO,DETALLE,USUARIO,IP) values ('1',to_date('27/02/20','DD/MM/RR'),'U','20','63','6|18','2030|3','0,19','1','ANTES DE ACTUALIZAR','MRVMM',null);
Insert into MRVMM.T_MAEM_MRV_LG_FACTOR_DATA (ID_LG_FACTOR,FECHA_LOG,ACCION,ID_FACTOR,ID_DETALE,ID_PARAMETRO,VALOR,FACTOR,FLG_ESTADO,DETALLE,USUARIO,IP) values ('2',to_date('27/02/20','DD/MM/RR'),'U','20','63','6|18','2030|3','0,25','1','DESPUES DE ACTUALIZAR','MRVMM',null);
Insert into MRVMM.T_MAEM_MRV_LG_FACTOR_DATA (ID_LG_FACTOR,FECHA_LOG,ACCION,ID_FACTOR,ID_DETALE,ID_PARAMETRO,VALOR,FACTOR,FLG_ESTADO,DETALLE,USUARIO,IP) values ('3',to_date('27/02/20','DD/MM/RR'),'U','20','63','6|18','2030|3','0,25','1','ANTES DE ACTUALIZAR','MRVMM',null);
Insert into MRVMM.T_MAEM_MRV_LG_FACTOR_DATA (ID_LG_FACTOR,FECHA_LOG,ACCION,ID_FACTOR,ID_DETALE,ID_PARAMETRO,VALOR,FACTOR,FLG_ESTADO,DETALLE,USUARIO,IP) values ('4',to_date('27/02/20','DD/MM/RR'),'U','20','63','6|18','2030|3','0,19','1','DESPUES DE ACTUALIZAR','MRVMM',null);
Insert into MRVMM.T_MAEM_MRV_LG_FACTOR_DATA (ID_LG_FACTOR,FECHA_LOG,ACCION,ID_FACTOR,ID_DETALE,ID_PARAMETRO,VALOR,FACTOR,FLG_ESTADO,DETALLE,USUARIO,IP) values ('374',to_date('01/03/20','DD/MM/RR'),'I','32','8','41|27','2|1','110,78','1','REGISTRO DE DATOS',null,null);
Insert into MRVMM.T_MAEM_MRV_LG_FACTOR_DATA (ID_LG_FACTOR,FECHA_LOG,ACCION,ID_FACTOR,ID_DETALE,ID_PARAMETRO,VALOR,FACTOR,FLG_ESTADO,DETALLE,USUARIO,IP) values ('375',to_date('01/03/20','DD/MM/RR'),'I','32','9','41|27','2|2','112,87','1','REGISTRO DE DATOS',null,null);
Insert into MRVMM.T_MAEM_MRV_LG_FACTOR_DATA (ID_LG_FACTOR,FECHA_LOG,ACCION,ID_FACTOR,ID_DETALE,ID_PARAMETRO,VALOR,FACTOR,FLG_ESTADO,DETALLE,USUARIO,IP) values ('376',to_date('01/03/20','DD/MM/RR'),'I','32','10','41|27','2|3','117,29','1','REGISTRO DE DATOS',null,null);
Insert into MRVMM.T_MAEM_MRV_LG_FACTOR_DATA (ID_LG_FACTOR,FECHA_LOG,ACCION,ID_FACTOR,ID_DETALE,ID_PARAMETRO,VALOR,FACTOR,FLG_ESTADO,DETALLE,USUARIO,IP) values ('377',to_date('01/03/20','DD/MM/RR'),'I','32','11','41|27','2|4','122,08','1','REGISTRO DE DATOS',null,null);
Insert into MRVMM.T_MAEM_MRV_LG_FACTOR_DATA (ID_LG_FACTOR,FECHA_LOG,ACCION,ID_FACTOR,ID_DETALE,ID_PARAMETRO,VALOR,FACTOR,FLG_ESTADO,DETALLE,USUARIO,IP) values ('378',to_date('01/03/20','DD/MM/RR'),'I','32','12','41|27','2|5','126,38','1','REGISTRO DE DATOS',null,null);
Insert into MRVMM.T_MAEM_MRV_LG_FACTOR_DATA (ID_LG_FACTOR,FECHA_LOG,ACCION,ID_FACTOR,ID_DETALE,ID_PARAMETRO,VALOR,FACTOR,FLG_ESTADO,DETALLE,USUARIO,IP) values ('379',to_date('01/03/20','DD/MM/RR'),'I','32','13','41|27','2|6','130,04','1','REGISTRO DE DATOS',null,null);
Insert into MRVMM.T_MAEM_MRV_LG_FACTOR_DATA (ID_LG_FACTOR,FECHA_LOG,ACCION,ID_FACTOR,ID_DETALE,ID_PARAMETRO,VALOR,FACTOR,FLG_ESTADO,DETALLE,USUARIO,IP) values ('380',to_date('01/03/20','DD/MM/RR'),'I','32','14','41|27','2|7','135,95','1','REGISTRO DE DATOS',null,null);
Insert into MRVMM.T_MAEM_MRV_LG_FACTOR_DATA (ID_LG_FACTOR,FECHA_LOG,ACCION,ID_FACTOR,ID_DETALE,ID_PARAMETRO,VALOR,FACTOR,FLG_ESTADO,DETALLE,USUARIO,IP) values ('381',to_date('01/03/20','DD/MM/RR'),'I','33','1','26','1','289,08','1','REGISTRO DE DATOS',null,null);
Insert into MRVMM.T_MAEM_MRV_LG_FACTOR_DATA (ID_LG_FACTOR,FECHA_LOG,ACCION,ID_FACTOR,ID_DETALE,ID_PARAMETRO,VALOR,FACTOR,FLG_ESTADO,DETALLE,USUARIO,IP) values ('382',to_date('01/03/20','DD/MM/RR'),'I','33','2','26','2','355,33','1','REGISTRO DE DATOS',null,null);
Insert into MRVMM.T_MAEM_MRV_LG_FACTOR_DATA (ID_LG_FACTOR,FECHA_LOG,ACCION,ID_FACTOR,ID_DETALE,ID_PARAMETRO,VALOR,FACTOR,FLG_ESTADO,DETALLE,USUARIO,IP) values ('383',to_date('01/03/20','DD/MM/RR'),'I','33','3','26','3','487,82','1','REGISTRO DE DATOS',null,null);
Insert into MRVMM.T_MAEM_MRV_LG_FACTOR_DATA (ID_LG_FACTOR,FECHA_LOG,ACCION,ID_FACTOR,ID_DETALE,ID_PARAMETRO,VALOR,FACTOR,FLG_ESTADO,DETALLE,USUARIO,IP) values ('384',to_date('01/03/20','DD/MM/RR'),'I','33','4','26','4','620,32','1','REGISTRO DE DATOS',null,null);
Insert into MRVMM.T_MAEM_MRV_LG_FACTOR_DATA (ID_LG_FACTOR,FECHA_LOG,ACCION,ID_FACTOR,ID_DETALE,ID_PARAMETRO,VALOR,FACTOR,FLG_ESTADO,DETALLE,USUARIO,IP) values ('385',to_date('01/03/20','DD/MM/RR'),'I','33','5','26','5','752,81','1','REGISTRO DE DATOS',null,null);
Insert into MRVMM.T_MAEM_MRV_LG_FACTOR_DATA (ID_LG_FACTOR,FECHA_LOG,ACCION,ID_FACTOR,ID_DETALE,ID_PARAMETRO,VALOR,FACTOR,FLG_ESTADO,DETALLE,USUARIO,IP) values ('386',to_date('01/03/20','DD/MM/RR'),'I','33','6','26','6','885,31','1','REGISTRO DE DATOS',null,null);
Insert into MRVMM.T_MAEM_MRV_LG_FACTOR_DATA (ID_LG_FACTOR,FECHA_LOG,ACCION,ID_FACTOR,ID_DETALE,ID_PARAMETRO,VALOR,FACTOR,FLG_ESTADO,DETALLE,USUARIO,IP) values ('387',to_date('01/03/20','DD/MM/RR'),'I','33','7','26','7','951,56','1','REGISTRO DE DATOS',null,null);
Insert into MRVMM.T_MAEM_MRV_LG_FACTOR_DATA (ID_LG_FACTOR,FECHA_LOG,ACCION,ID_FACTOR,ID_DETALE,ID_PARAMETRO,VALOR,FACTOR,FLG_ESTADO,DETALLE,USUARIO,IP) values ('388',to_date('01/03/20','DD/MM/RR'),'I','34','1','27','1','289,08','1','REGISTRO DE DATOS',null,null);
Insert into MRVMM.T_MAEM_MRV_LG_FACTOR_DATA (ID_LG_FACTOR,FECHA_LOG,ACCION,ID_FACTOR,ID_DETALE,ID_PARAMETRO,VALOR,FACTOR,FLG_ESTADO,DETALLE,USUARIO,IP) values ('389',to_date('01/03/20','DD/MM/RR'),'I','34','2','27','2','355,33','1','REGISTRO DE DATOS',null,null);
Insert into MRVMM.T_MAEM_MRV_LG_FACTOR_DATA (ID_LG_FACTOR,FECHA_LOG,ACCION,ID_FACTOR,ID_DETALE,ID_PARAMETRO,VALOR,FACTOR,FLG_ESTADO,DETALLE,USUARIO,IP) values ('390',to_date('01/03/20','DD/MM/RR'),'I','34','3','27','3','487,82','1','REGISTRO DE DATOS',null,null);
Insert into MRVMM.T_MAEM_MRV_LG_FACTOR_DATA (ID_LG_FACTOR,FECHA_LOG,ACCION,ID_FACTOR,ID_DETALE,ID_PARAMETRO,VALOR,FACTOR,FLG_ESTADO,DETALLE,USUARIO,IP) values ('391',to_date('01/03/20','DD/MM/RR'),'I','34','4','27','4','620,32','1','REGISTRO DE DATOS',null,null);
Insert into MRVMM.T_MAEM_MRV_LG_FACTOR_DATA (ID_LG_FACTOR,FECHA_LOG,ACCION,ID_FACTOR,ID_DETALE,ID_PARAMETRO,VALOR,FACTOR,FLG_ESTADO,DETALLE,USUARIO,IP) values ('392',to_date('01/03/20','DD/MM/RR'),'I','34','5','27','5','752,81','1','REGISTRO DE DATOS',null,null);
Insert into MRVMM.T_MAEM_MRV_LG_FACTOR_DATA (ID_LG_FACTOR,FECHA_LOG,ACCION,ID_FACTOR,ID_DETALE,ID_PARAMETRO,VALOR,FACTOR,FLG_ESTADO,DETALLE,USUARIO,IP) values ('393',to_date('01/03/20','DD/MM/RR'),'I','34','6','27','6','885,31','1','REGISTRO DE DATOS',null,null);
Insert into MRVMM.T_MAEM_MRV_LG_FACTOR_DATA (ID_LG_FACTOR,FECHA_LOG,ACCION,ID_FACTOR,ID_DETALE,ID_PARAMETRO,VALOR,FACTOR,FLG_ESTADO,DETALLE,USUARIO,IP) values ('394',to_date('01/03/20','DD/MM/RR'),'I','34','7','27','7','951,56','1','REGISTRO DE DATOS',null,null);
Insert into MRVMM.T_MAEM_MRV_LG_FACTOR_DATA (ID_LG_FACTOR,FECHA_LOG,ACCION,ID_FACTOR,ID_DETALE,ID_PARAMETRO,VALOR,FACTOR,FLG_ESTADO,DETALLE,USUARIO,IP) values ('395',to_date('02/03/20','DD/MM/RR'),'I','35','1','42','1','0,0002','1','REGISTRO DE DATOS',null,null);
Insert into MRVMM.T_MAEM_MRV_LG_FACTOR_DATA (ID_LG_FACTOR,FECHA_LOG,ACCION,ID_FACTOR,ID_DETALE,ID_PARAMETRO,VALOR,FACTOR,FLG_ESTADO,DETALLE,USUARIO,IP) values ('396',to_date('02/03/20','DD/MM/RR'),'I','35','2','42','2','0,0001','1','REGISTRO DE DATOS',null,null);
Insert into MRVMM.T_MAEM_MRV_LG_FACTOR_DATA (ID_LG_FACTOR,FECHA_LOG,ACCION,ID_FACTOR,ID_DETALE,ID_PARAMETRO,VALOR,FACTOR,FLG_ESTADO,DETALLE,USUARIO,IP) values ('397',to_date('02/03/20','DD/MM/RR'),'I','35','3','42','3','0','1','REGISTRO DE DATOS',null,null);
Insert into MRVMM.T_MAEM_MRV_LG_FACTOR_DATA (ID_LG_FACTOR,FECHA_LOG,ACCION,ID_FACTOR,ID_DETALE,ID_PARAMETRO,VALOR,FACTOR,FLG_ESTADO,DETALLE,USUARIO,IP) values ('398',to_date('02/03/20','DD/MM/RR'),'I','35','4','42','4','0,0264','1','REGISTRO DE DATOS',null,null);
Insert into MRVMM.T_MAEM_MRV_LG_FACTOR_DATA (ID_LG_FACTOR,FECHA_LOG,ACCION,ID_FACTOR,ID_DETALE,ID_PARAMETRO,VALOR,FACTOR,FLG_ESTADO,DETALLE,USUARIO,IP) values ('399',to_date('02/03/20','DD/MM/RR'),'I','35','5','42','5','0,0001','1','REGISTRO DE DATOS',null,null);
Insert into MRVMM.T_MAEM_MRV_LG_FACTOR_DATA (ID_LG_FACTOR,FECHA_LOG,ACCION,ID_FACTOR,ID_DETALE,ID_PARAMETRO,VALOR,FACTOR,FLG_ESTADO,DETALLE,USUARIO,IP) values ('400',to_date('02/03/20','DD/MM/RR'),'I','35','6','42','6','0,0001','1','REGISTRO DE DATOS',null,null);
Insert into MRVMM.T_MAEM_MRV_LG_FACTOR_DATA (ID_LG_FACTOR,FECHA_LOG,ACCION,ID_FACTOR,ID_DETALE,ID_PARAMETRO,VALOR,FACTOR,FLG_ESTADO,DETALLE,USUARIO,IP) values ('401',to_date('02/03/20','DD/MM/RR'),'I','36','1','43','1','0,0002','1','REGISTRO DE DATOS',null,null);
Insert into MRVMM.T_MAEM_MRV_LG_FACTOR_DATA (ID_LG_FACTOR,FECHA_LOG,ACCION,ID_FACTOR,ID_DETALE,ID_PARAMETRO,VALOR,FACTOR,FLG_ESTADO,DETALLE,USUARIO,IP) values ('402',to_date('02/03/20','DD/MM/RR'),'I','36','2','43','2','0,0001','1','REGISTRO DE DATOS',null,null);
Insert into MRVMM.T_MAEM_MRV_LG_FACTOR_DATA (ID_LG_FACTOR,FECHA_LOG,ACCION,ID_FACTOR,ID_DETALE,ID_PARAMETRO,VALOR,FACTOR,FLG_ESTADO,DETALLE,USUARIO,IP) values ('403',to_date('02/03/20','DD/MM/RR'),'I','36','3','43','3','0','1','REGISTRO DE DATOS',null,null);
Insert into MRVMM.T_MAEM_MRV_LG_FACTOR_DATA (ID_LG_FACTOR,FECHA_LOG,ACCION,ID_FACTOR,ID_DETALE,ID_PARAMETRO,VALOR,FACTOR,FLG_ESTADO,DETALLE,USUARIO,IP) values ('404',to_date('02/03/20','DD/MM/RR'),'I','36','4','43','4','0,0264','1','REGISTRO DE DATOS',null,null);
Insert into MRVMM.T_MAEM_MRV_LG_FACTOR_DATA (ID_LG_FACTOR,FECHA_LOG,ACCION,ID_FACTOR,ID_DETALE,ID_PARAMETRO,VALOR,FACTOR,FLG_ESTADO,DETALLE,USUARIO,IP) values ('405',to_date('02/03/20','DD/MM/RR'),'I','36','5','43','5','0,0001','1','REGISTRO DE DATOS',null,null);
Insert into MRVMM.T_MAEM_MRV_LG_FACTOR_DATA (ID_LG_FACTOR,FECHA_LOG,ACCION,ID_FACTOR,ID_DETALE,ID_PARAMETRO,VALOR,FACTOR,FLG_ESTADO,DETALLE,USUARIO,IP) values ('406',to_date('02/03/20','DD/MM/RR'),'I','36','6','43','6','0,0001','1','REGISTRO DE DATOS',null,null);
Insert into MRVMM.T_MAEM_MRV_LG_FACTOR_DATA (ID_LG_FACTOR,FECHA_LOG,ACCION,ID_FACTOR,ID_DETALE,ID_PARAMETRO,VALOR,FACTOR,FLG_ESTADO,DETALLE,USUARIO,IP) values ('407',to_date('02/03/20','DD/MM/RR'),'I','37','1','42','1','77400','1','REGISTRO DE DATOS',null,null);
Insert into MRVMM.T_MAEM_MRV_LG_FACTOR_DATA (ID_LG_FACTOR,FECHA_LOG,ACCION,ID_FACTOR,ID_DETALE,ID_PARAMETRO,VALOR,FACTOR,FLG_ESTADO,DETALLE,USUARIO,IP) values ('408',to_date('02/03/20','DD/MM/RR'),'I','37','2','42','2','74100','1','REGISTRO DE DATOS',null,null);
Insert into MRVMM.T_MAEM_MRV_LG_FACTOR_DATA (ID_LG_FACTOR,FECHA_LOG,ACCION,ID_FACTOR,ID_DETALE,ID_PARAMETRO,VALOR,FACTOR,FLG_ESTADO,DETALLE,USUARIO,IP) values ('409',to_date('02/03/20','DD/MM/RR'),'I','37','3','42','3','56126,2634','1','REGISTRO DE DATOS',null,null);
Insert into MRVMM.T_MAEM_MRV_LG_FACTOR_DATA (ID_LG_FACTOR,FECHA_LOG,ACCION,ID_FACTOR,ID_DETALE,ID_PARAMETRO,VALOR,FACTOR,FLG_ESTADO,DETALLE,USUARIO,IP) values ('410',to_date('02/03/20','DD/MM/RR'),'I','37','4','42','4','63100','1','REGISTRO DE DATOS',null,null);
Insert into MRVMM.T_MAEM_MRV_LG_FACTOR_DATA (ID_LG_FACTOR,FECHA_LOG,ACCION,ID_FACTOR,ID_DETALE,ID_PARAMETRO,VALOR,FACTOR,FLG_ESTADO,DETALLE,USUARIO,IP) values ('411',to_date('02/03/20','DD/MM/RR'),'I','37','5','42','5','69300','1','REGISTRO DE DATOS',null,null);
Insert into MRVMM.T_MAEM_MRV_LG_FACTOR_DATA (ID_LG_FACTOR,FECHA_LOG,ACCION,ID_FACTOR,ID_DETALE,ID_PARAMETRO,VALOR,FACTOR,FLG_ESTADO,DETALLE,USUARIO,IP) values ('412',to_date('02/03/20','DD/MM/RR'),'I','37','6','42','6','70800','1','REGISTRO DE DATOS',null,null);
Insert into MRVMM.T_MAEM_MRV_LG_FACTOR_DATA (ID_LG_FACTOR,FECHA_LOG,ACCION,ID_FACTOR,ID_DETALE,ID_PARAMETRO,VALOR,FACTOR,FLG_ESTADO,DETALLE,USUARIO,IP) values ('413',to_date('02/03/20','DD/MM/RR'),'I','38','1','43','1','77400','1','REGISTRO DE DATOS',null,null);
Insert into MRVMM.T_MAEM_MRV_LG_FACTOR_DATA (ID_LG_FACTOR,FECHA_LOG,ACCION,ID_FACTOR,ID_DETALE,ID_PARAMETRO,VALOR,FACTOR,FLG_ESTADO,DETALLE,USUARIO,IP) values ('414',to_date('02/03/20','DD/MM/RR'),'I','38','2','43','2','74100','1','REGISTRO DE DATOS',null,null);
Insert into MRVMM.T_MAEM_MRV_LG_FACTOR_DATA (ID_LG_FACTOR,FECHA_LOG,ACCION,ID_FACTOR,ID_DETALE,ID_PARAMETRO,VALOR,FACTOR,FLG_ESTADO,DETALLE,USUARIO,IP) values ('415',to_date('02/03/20','DD/MM/RR'),'I','38','3','43','3','56126,2634','1','REGISTRO DE DATOS',null,null);
Insert into MRVMM.T_MAEM_MRV_LG_FACTOR_DATA (ID_LG_FACTOR,FECHA_LOG,ACCION,ID_FACTOR,ID_DETALE,ID_PARAMETRO,VALOR,FACTOR,FLG_ESTADO,DETALLE,USUARIO,IP) values ('416',to_date('02/03/20','DD/MM/RR'),'I','38','4','43','4','63100','1','REGISTRO DE DATOS',null,null);
Insert into MRVMM.T_MAEM_MRV_LG_FACTOR_DATA (ID_LG_FACTOR,FECHA_LOG,ACCION,ID_FACTOR,ID_DETALE,ID_PARAMETRO,VALOR,FACTOR,FLG_ESTADO,DETALLE,USUARIO,IP) values ('417',to_date('02/03/20','DD/MM/RR'),'I','38','5','43','5','69300','1','REGISTRO DE DATOS',null,null);
Insert into MRVMM.T_MAEM_MRV_LG_FACTOR_DATA (ID_LG_FACTOR,FECHA_LOG,ACCION,ID_FACTOR,ID_DETALE,ID_PARAMETRO,VALOR,FACTOR,FLG_ESTADO,DETALLE,USUARIO,IP) values ('418',to_date('02/03/20','DD/MM/RR'),'I','38','6','43','6','70800','1','REGISTRO DE DATOS',null,null);
Insert into MRVMM.T_MAEM_MRV_LG_FACTOR_DATA (ID_LG_FACTOR,FECHA_LOG,ACCION,ID_FACTOR,ID_DETALE,ID_PARAMETRO,VALOR,FACTOR,FLG_ESTADO,DETALLE,USUARIO,IP) values ('419',to_date('02/03/20','DD/MM/RR'),'I','39','1','42','1','3','1','REGISTRO DE DATOS',null,null);
Insert into MRVMM.T_MAEM_MRV_LG_FACTOR_DATA (ID_LG_FACTOR,FECHA_LOG,ACCION,ID_FACTOR,ID_DETALE,ID_PARAMETRO,VALOR,FACTOR,FLG_ESTADO,DETALLE,USUARIO,IP) values ('420',to_date('02/03/20','DD/MM/RR'),'I','39','2','42','2','3','1','REGISTRO DE DATOS',null,null);
Insert into MRVMM.T_MAEM_MRV_LG_FACTOR_DATA (ID_LG_FACTOR,FECHA_LOG,ACCION,ID_FACTOR,ID_DETALE,ID_PARAMETRO,VALOR,FACTOR,FLG_ESTADO,DETALLE,USUARIO,IP) values ('421',to_date('02/03/20','DD/MM/RR'),'I','39','3','42','3','1','1','REGISTRO DE DATOS',null,null);
Insert into MRVMM.T_MAEM_MRV_LG_FACTOR_DATA (ID_LG_FACTOR,FECHA_LOG,ACCION,ID_FACTOR,ID_DETALE,ID_PARAMETRO,VALOR,FACTOR,FLG_ESTADO,DETALLE,USUARIO,IP) values ('422',to_date('02/03/20','DD/MM/RR'),'I','39','4','42','4','1','1','REGISTRO DE DATOS',null,null);
Insert into MRVMM.T_MAEM_MRV_LG_FACTOR_DATA (ID_LG_FACTOR,FECHA_LOG,ACCION,ID_FACTOR,ID_DETALE,ID_PARAMETRO,VALOR,FACTOR,FLG_ESTADO,DETALLE,USUARIO,IP) values ('423',to_date('02/03/20','DD/MM/RR'),'I','39','5','42','5','3','1','REGISTRO DE DATOS',null,null);
Insert into MRVMM.T_MAEM_MRV_LG_FACTOR_DATA (ID_LG_FACTOR,FECHA_LOG,ACCION,ID_FACTOR,ID_DETALE,ID_PARAMETRO,VALOR,FACTOR,FLG_ESTADO,DETALLE,USUARIO,IP) values ('424',to_date('02/03/20','DD/MM/RR'),'I','39','6','42','6','3','1','REGISTRO DE DATOS',null,null);
Insert into MRVMM.T_MAEM_MRV_LG_FACTOR_DATA (ID_LG_FACTOR,FECHA_LOG,ACCION,ID_FACTOR,ID_DETALE,ID_PARAMETRO,VALOR,FACTOR,FLG_ESTADO,DETALLE,USUARIO,IP) values ('425',to_date('02/03/20','DD/MM/RR'),'I','40','1','43','1','3','1','REGISTRO DE DATOS',null,null);
Insert into MRVMM.T_MAEM_MRV_LG_FACTOR_DATA (ID_LG_FACTOR,FECHA_LOG,ACCION,ID_FACTOR,ID_DETALE,ID_PARAMETRO,VALOR,FACTOR,FLG_ESTADO,DETALLE,USUARIO,IP) values ('426',to_date('02/03/20','DD/MM/RR'),'I','40','2','43','2','3','1','REGISTRO DE DATOS',null,null);
Insert into MRVMM.T_MAEM_MRV_LG_FACTOR_DATA (ID_LG_FACTOR,FECHA_LOG,ACCION,ID_FACTOR,ID_DETALE,ID_PARAMETRO,VALOR,FACTOR,FLG_ESTADO,DETALLE,USUARIO,IP) values ('427',to_date('02/03/20','DD/MM/RR'),'I','40','3','43','3','1','1','REGISTRO DE DATOS',null,null);
Insert into MRVMM.T_MAEM_MRV_LG_FACTOR_DATA (ID_LG_FACTOR,FECHA_LOG,ACCION,ID_FACTOR,ID_DETALE,ID_PARAMETRO,VALOR,FACTOR,FLG_ESTADO,DETALLE,USUARIO,IP) values ('428',to_date('02/03/20','DD/MM/RR'),'I','40','4','43','4','1','1','REGISTRO DE DATOS',null,null);
Insert into MRVMM.T_MAEM_MRV_LG_FACTOR_DATA (ID_LG_FACTOR,FECHA_LOG,ACCION,ID_FACTOR,ID_DETALE,ID_PARAMETRO,VALOR,FACTOR,FLG_ESTADO,DETALLE,USUARIO,IP) values ('429',to_date('02/03/20','DD/MM/RR'),'I','40','5','43','5','3','1','REGISTRO DE DATOS',null,null);
Insert into MRVMM.T_MAEM_MRV_LG_FACTOR_DATA (ID_LG_FACTOR,FECHA_LOG,ACCION,ID_FACTOR,ID_DETALE,ID_PARAMETRO,VALOR,FACTOR,FLG_ESTADO,DETALLE,USUARIO,IP) values ('430',to_date('02/03/20','DD/MM/RR'),'I','40','6','43','6','3','1','REGISTRO DE DATOS',null,null);
Insert into MRVMM.T_MAEM_MRV_LG_FACTOR_DATA (ID_LG_FACTOR,FECHA_LOG,ACCION,ID_FACTOR,ID_DETALE,ID_PARAMETRO,VALOR,FACTOR,FLG_ESTADO,DETALLE,USUARIO,IP) values ('431',to_date('02/03/20','DD/MM/RR'),'I','41','1','42','1','0,6','1','REGISTRO DE DATOS',null,null);
Insert into MRVMM.T_MAEM_MRV_LG_FACTOR_DATA (ID_LG_FACTOR,FECHA_LOG,ACCION,ID_FACTOR,ID_DETALE,ID_PARAMETRO,VALOR,FACTOR,FLG_ESTADO,DETALLE,USUARIO,IP) values ('432',to_date('02/03/20','DD/MM/RR'),'I','41','2','42','2','0,6','1','REGISTRO DE DATOS',null,null);
Insert into MRVMM.T_MAEM_MRV_LG_FACTOR_DATA (ID_LG_FACTOR,FECHA_LOG,ACCION,ID_FACTOR,ID_DETALE,ID_PARAMETRO,VALOR,FACTOR,FLG_ESTADO,DETALLE,USUARIO,IP) values ('433',to_date('02/03/20','DD/MM/RR'),'I','41','3','42','3','0,1','1','REGISTRO DE DATOS',null,null);
Insert into MRVMM.T_MAEM_MRV_LG_FACTOR_DATA (ID_LG_FACTOR,FECHA_LOG,ACCION,ID_FACTOR,ID_DETALE,ID_PARAMETRO,VALOR,FACTOR,FLG_ESTADO,DETALLE,USUARIO,IP) values ('434',to_date('02/03/20','DD/MM/RR'),'I','41','4','42','4','0,1','1','REGISTRO DE DATOS',null,null);
Insert into MRVMM.T_MAEM_MRV_LG_FACTOR_DATA (ID_LG_FACTOR,FECHA_LOG,ACCION,ID_FACTOR,ID_DETALE,ID_PARAMETRO,VALOR,FACTOR,FLG_ESTADO,DETALLE,USUARIO,IP) values ('435',to_date('02/03/20','DD/MM/RR'),'I','41','5','42','5','0,6','1','REGISTRO DE DATOS',null,null);
Insert into MRVMM.T_MAEM_MRV_LG_FACTOR_DATA (ID_LG_FACTOR,FECHA_LOG,ACCION,ID_FACTOR,ID_DETALE,ID_PARAMETRO,VALOR,FACTOR,FLG_ESTADO,DETALLE,USUARIO,IP) values ('436',to_date('02/03/20','DD/MM/RR'),'I','41','6','42','6','0,6','1','REGISTRO DE DATOS',null,null);
Insert into MRVMM.T_MAEM_MRV_LG_FACTOR_DATA (ID_LG_FACTOR,FECHA_LOG,ACCION,ID_FACTOR,ID_DETALE,ID_PARAMETRO,VALOR,FACTOR,FLG_ESTADO,DETALLE,USUARIO,IP) values ('437',to_date('02/03/20','DD/MM/RR'),'I','42','1','43','1','0,6','1','REGISTRO DE DATOS',null,null);
Insert into MRVMM.T_MAEM_MRV_LG_FACTOR_DATA (ID_LG_FACTOR,FECHA_LOG,ACCION,ID_FACTOR,ID_DETALE,ID_PARAMETRO,VALOR,FACTOR,FLG_ESTADO,DETALLE,USUARIO,IP) values ('438',to_date('02/03/20','DD/MM/RR'),'I','42','2','43','2','0,6','1','REGISTRO DE DATOS',null,null);
Insert into MRVMM.T_MAEM_MRV_LG_FACTOR_DATA (ID_LG_FACTOR,FECHA_LOG,ACCION,ID_FACTOR,ID_DETALE,ID_PARAMETRO,VALOR,FACTOR,FLG_ESTADO,DETALLE,USUARIO,IP) values ('439',to_date('02/03/20','DD/MM/RR'),'I','42','3','43','3','0,1','1','REGISTRO DE DATOS',null,null);
Insert into MRVMM.T_MAEM_MRV_LG_FACTOR_DATA (ID_LG_FACTOR,FECHA_LOG,ACCION,ID_FACTOR,ID_DETALE,ID_PARAMETRO,VALOR,FACTOR,FLG_ESTADO,DETALLE,USUARIO,IP) values ('440',to_date('02/03/20','DD/MM/RR'),'I','42','4','43','4','0,1','1','REGISTRO DE DATOS',null,null);
Insert into MRVMM.T_MAEM_MRV_LG_FACTOR_DATA (ID_LG_FACTOR,FECHA_LOG,ACCION,ID_FACTOR,ID_DETALE,ID_PARAMETRO,VALOR,FACTOR,FLG_ESTADO,DETALLE,USUARIO,IP) values ('441',to_date('02/03/20','DD/MM/RR'),'I','42','5','43','5','0,6','1','REGISTRO DE DATOS',null,null);
Insert into MRVMM.T_MAEM_MRV_LG_FACTOR_DATA (ID_LG_FACTOR,FECHA_LOG,ACCION,ID_FACTOR,ID_DETALE,ID_PARAMETRO,VALOR,FACTOR,FLG_ESTADO,DETALLE,USUARIO,IP) values ('442',to_date('02/03/20','DD/MM/RR'),'I','42','6','43','6','0,6','1','REGISTRO DE DATOS',null,null);
Insert into MRVMM.T_MAEM_MRV_LG_FACTOR_DATA (ID_LG_FACTOR,FECHA_LOG,ACCION,ID_FACTOR,ID_DETALE,ID_PARAMETRO,VALOR,FACTOR,FLG_ESTADO,DETALLE,USUARIO,IP) values ('21',to_date('28/02/20','DD/MM/RR'),'I','21','1','34|26','1|1','288,204','1','REGISTRO DE DATOS',null,null);
Insert into MRVMM.T_MAEM_MRV_LG_FACTOR_DATA (ID_LG_FACTOR,FECHA_LOG,ACCION,ID_FACTOR,ID_DETALE,ID_PARAMETRO,VALOR,FACTOR,FLG_ESTADO,DETALLE,USUARIO,IP) values ('22',to_date('28/02/20','DD/MM/RR'),'I','21','2','34|26','1|2','336,238','1','REGISTRO DE DATOS',null,null);
Insert into MRVMM.T_MAEM_MRV_LG_FACTOR_DATA (ID_LG_FACTOR,FECHA_LOG,ACCION,ID_FACTOR,ID_DETALE,ID_PARAMETRO,VALOR,FACTOR,FLG_ESTADO,DETALLE,USUARIO,IP) values ('23',to_date('28/02/20','DD/MM/RR'),'I','21','3','34|26','1|3','380,841','1','REGISTRO DE DATOS',null,null);
Insert into MRVMM.T_MAEM_MRV_LG_FACTOR_DATA (ID_LG_FACTOR,FECHA_LOG,ACCION,ID_FACTOR,ID_DETALE,ID_PARAMETRO,VALOR,FACTOR,FLG_ESTADO,DETALLE,USUARIO,IP) values ('24',to_date('28/02/20','DD/MM/RR'),'I','21','4','34|26','1|4','435,737','1','REGISTRO DE DATOS',null,null);
Insert into MRVMM.T_MAEM_MRV_LG_FACTOR_DATA (ID_LG_FACTOR,FECHA_LOG,ACCION,ID_FACTOR,ID_DETALE,ID_PARAMETRO,VALOR,FACTOR,FLG_ESTADO,DETALLE,USUARIO,IP) values ('25',to_date('28/02/20','DD/MM/RR'),'I','21','5','34|26','1|5','497,495','1','REGISTRO DE DATOS',null,null);
Insert into MRVMM.T_MAEM_MRV_LG_FACTOR_DATA (ID_LG_FACTOR,FECHA_LOG,ACCION,ID_FACTOR,ID_DETALE,ID_PARAMETRO,VALOR,FACTOR,FLG_ESTADO,DETALLE,USUARIO,IP) values ('26',to_date('28/02/20','DD/MM/RR'),'I','21','6','34|26','1|6','562,684','1','REGISTRO DE DATOS',null,null);
Insert into MRVMM.T_MAEM_MRV_LG_FACTOR_DATA (ID_LG_FACTOR,FECHA_LOG,ACCION,ID_FACTOR,ID_DETALE,ID_PARAMETRO,VALOR,FACTOR,FLG_ESTADO,DETALLE,USUARIO,IP) values ('27',to_date('28/02/20','DD/MM/RR'),'I','21','7','34|26','1|7','617,58','1','REGISTRO DE DATOS',null,null);
Insert into MRVMM.T_MAEM_MRV_LG_FACTOR_DATA (ID_LG_FACTOR,FECHA_LOG,ACCION,ID_FACTOR,ID_DETALE,ID_PARAMETRO,VALOR,FACTOR,FLG_ESTADO,DETALLE,USUARIO,IP) values ('28',to_date('28/02/20','DD/MM/RR'),'I','21','8','34|26','2|1','327,684','1','REGISTRO DE DATOS',null,null);
Insert into MRVMM.T_MAEM_MRV_LG_FACTOR_DATA (ID_LG_FACTOR,FECHA_LOG,ACCION,ID_FACTOR,ID_DETALE,ID_PARAMETRO,VALOR,FACTOR,FLG_ESTADO,DETALLE,USUARIO,IP) values ('29',to_date('28/02/20','DD/MM/RR'),'I','21','9','34|26','2|2','382,298','1','REGISTRO DE DATOS',null,null);
Insert into MRVMM.T_MAEM_MRV_LG_FACTOR_DATA (ID_LG_FACTOR,FECHA_LOG,ACCION,ID_FACTOR,ID_DETALE,ID_PARAMETRO,VALOR,FACTOR,FLG_ESTADO,DETALLE,USUARIO,IP) values ('30',to_date('28/02/20','DD/MM/RR'),'I','21','10','34|26','2|3','433,011','1','REGISTRO DE DATOS',null,null);
Insert into MRVMM.T_MAEM_MRV_LG_FACTOR_DATA (ID_LG_FACTOR,FECHA_LOG,ACCION,ID_FACTOR,ID_DETALE,ID_PARAMETRO,VALOR,FACTOR,FLG_ESTADO,DETALLE,USUARIO,IP) values ('31',to_date('28/02/20','DD/MM/RR'),'I','21','11','34|26','2|4','495,427','1','REGISTRO DE DATOS',null,null);
Insert into MRVMM.T_MAEM_MRV_LG_FACTOR_DATA (ID_LG_FACTOR,FECHA_LOG,ACCION,ID_FACTOR,ID_DETALE,ID_PARAMETRO,VALOR,FACTOR,FLG_ESTADO,DETALLE,USUARIO,IP) values ('32',to_date('28/02/20','DD/MM/RR'),'I','21','12','34|26','2|5','565,645','1','REGISTRO DE DATOS',null,null);
Insert into MRVMM.T_MAEM_MRV_LG_FACTOR_DATA (ID_LG_FACTOR,FECHA_LOG,ACCION,ID_FACTOR,ID_DETALE,ID_PARAMETRO,VALOR,FACTOR,FLG_ESTADO,DETALLE,USUARIO,IP) values ('33',to_date('28/02/20','DD/MM/RR'),'I','21','13','34|26','2|6','639,764','1','REGISTRO DE DATOS',null,null);
Insert into MRVMM.T_MAEM_MRV_LG_FACTOR_DATA (ID_LG_FACTOR,FECHA_LOG,ACCION,ID_FACTOR,ID_DETALE,ID_PARAMETRO,VALOR,FACTOR,FLG_ESTADO,DETALLE,USUARIO,IP) values ('34',to_date('28/02/20','DD/MM/RR'),'I','21','14','34|26','2|7','702,18','1','REGISTRO DE DATOS',null,null);
Insert into MRVMM.T_MAEM_MRV_LG_FACTOR_DATA (ID_LG_FACTOR,FECHA_LOG,ACCION,ID_FACTOR,ID_DETALE,ID_PARAMETRO,VALOR,FACTOR,FLG_ESTADO,DETALLE,USUARIO,IP) values ('35',to_date('28/02/20','DD/MM/RR'),'I','21','15','34|26','3|1','367,164','1','REGISTRO DE DATOS',null,null);
Insert into MRVMM.T_MAEM_MRV_LG_FACTOR_DATA (ID_LG_FACTOR,FECHA_LOG,ACCION,ID_FACTOR,ID_DETALE,ID_PARAMETRO,VALOR,FACTOR,FLG_ESTADO,DETALLE,USUARIO,IP) values ('36',to_date('28/02/20','DD/MM/RR'),'I','21','16','34|26','3|2','428,358','1','REGISTRO DE DATOS',null,null);
Insert into MRVMM.T_MAEM_MRV_LG_FACTOR_DATA (ID_LG_FACTOR,FECHA_LOG,ACCION,ID_FACTOR,ID_DETALE,ID_PARAMETRO,VALOR,FACTOR,FLG_ESTADO,DETALLE,USUARIO,IP) values ('37',to_date('28/02/20','DD/MM/RR'),'I','21','17','34|26','3|3','485,181','1','REGISTRO DE DATOS',null,null);
Insert into MRVMM.T_MAEM_MRV_LG_FACTOR_DATA (ID_LG_FACTOR,FECHA_LOG,ACCION,ID_FACTOR,ID_DETALE,ID_PARAMETRO,VALOR,FACTOR,FLG_ESTADO,DETALLE,USUARIO,IP) values ('38',to_date('28/02/20','DD/MM/RR'),'I','21','18','34|26','3|4','563,859','1','REGISTRO DE DATOS',null,null);
Insert into MRVMM.T_MAEM_MRV_LG_FACTOR_DATA (ID_LG_FACTOR,FECHA_LOG,ACCION,ID_FACTOR,ID_DETALE,ID_PARAMETRO,VALOR,FACTOR,FLG_ESTADO,DETALLE,USUARIO,IP) values ('39',to_date('28/02/20','DD/MM/RR'),'I','21','19','34|26','3|5','633,795','1','REGISTRO DE DATOS',null,null);
Insert into MRVMM.T_MAEM_MRV_LG_FACTOR_DATA (ID_LG_FACTOR,FECHA_LOG,ACCION,ID_FACTOR,ID_DETALE,ID_PARAMETRO,VALOR,FACTOR,FLG_ESTADO,DETALLE,USUARIO,IP) values ('40',to_date('28/02/20','DD/MM/RR'),'I','21','20','34|26','3|6','716,844','1','REGISTRO DE DATOS',null,null);
Insert into MRVMM.T_MAEM_MRV_LG_FACTOR_DATA (ID_LG_FACTOR,FECHA_LOG,ACCION,ID_FACTOR,ID_DETALE,ID_PARAMETRO,VALOR,FACTOR,FLG_ESTADO,DETALLE,USUARIO,IP) values ('41',to_date('28/02/20','DD/MM/RR'),'I','21','21','34|26','3|7','786,78','1','REGISTRO DE DATOS',null,null);
Insert into MRVMM.T_MAEM_MRV_LG_FACTOR_DATA (ID_LG_FACTOR,FECHA_LOG,ACCION,ID_FACTOR,ID_DETALE,ID_PARAMETRO,VALOR,FACTOR,FLG_ESTADO,DETALLE,USUARIO,IP) values ('42',to_date('28/02/20','DD/MM/RR'),'I','21','22','34|26','4|1','406,644','1','REGISTRO DE DATOS',null,null);
Insert into MRVMM.T_MAEM_MRV_LG_FACTOR_DATA (ID_LG_FACTOR,FECHA_LOG,ACCION,ID_FACTOR,ID_DETALE,ID_PARAMETRO,VALOR,FACTOR,FLG_ESTADO,DETALLE,USUARIO,IP) values ('43',to_date('28/02/20','DD/MM/RR'),'I','21','23','34|26','4|2','474,418','1','REGISTRO DE DATOS',null,null);
Insert into MRVMM.T_MAEM_MRV_LG_FACTOR_DATA (ID_LG_FACTOR,FECHA_LOG,ACCION,ID_FACTOR,ID_DETALE,ID_PARAMETRO,VALOR,FACTOR,FLG_ESTADO,DETALLE,USUARIO,IP) values ('44',to_date('28/02/20','DD/MM/RR'),'I','21','24','34|26','4|3','537,351','1','REGISTRO DE DATOS',null,null);
Insert into MRVMM.T_MAEM_MRV_LG_FACTOR_DATA (ID_LG_FACTOR,FECHA_LOG,ACCION,ID_FACTOR,ID_DETALE,ID_PARAMETRO,VALOR,FACTOR,FLG_ESTADO,DETALLE,USUARIO,IP) values ('45',to_date('28/02/20','DD/MM/RR'),'I','21','25','34|26','4|4','624,489','1','REGISTRO DE DATOS',null,null);
Insert into MRVMM.T_MAEM_MRV_LG_FACTOR_DATA (ID_LG_FACTOR,FECHA_LOG,ACCION,ID_FACTOR,ID_DETALE,ID_PARAMETRO,VALOR,FACTOR,FLG_ESTADO,DETALLE,USUARIO,IP) values ('46',to_date('28/02/20','DD/MM/RR'),'I','21','26','34|26','4|5','701,945','1','REGISTRO DE DATOS',null,null);
Insert into MRVMM.T_MAEM_MRV_LG_FACTOR_DATA (ID_LG_FACTOR,FECHA_LOG,ACCION,ID_FACTOR,ID_DETALE,ID_PARAMETRO,VALOR,FACTOR,FLG_ESTADO,DETALLE,USUARIO,IP) values ('47',to_date('28/02/20','DD/MM/RR'),'I','21','27','34|26','4|6','793,924','1','REGISTRO DE DATOS',null,null);
Insert into MRVMM.T_MAEM_MRV_LG_FACTOR_DATA (ID_LG_FACTOR,FECHA_LOG,ACCION,ID_FACTOR,ID_DETALE,ID_PARAMETRO,VALOR,FACTOR,FLG_ESTADO,DETALLE,USUARIO,IP) values ('48',to_date('28/02/20','DD/MM/RR'),'I','21','28','34|26','4|7','871,38','1','REGISTRO DE DATOS',null,null);
Insert into MRVMM.T_MAEM_MRV_LG_FACTOR_DATA (ID_LG_FACTOR,FECHA_LOG,ACCION,ID_FACTOR,ID_DETALE,ID_PARAMETRO,VALOR,FACTOR,FLG_ESTADO,DETALLE,USUARIO,IP) values ('49',to_date('28/02/20','DD/MM/RR'),'I','21','29','34|26','5|1','455,994','1','REGISTRO DE DATOS',null,null);
Insert into MRVMM.T_MAEM_MRV_LG_FACTOR_DATA (ID_LG_FACTOR,FECHA_LOG,ACCION,ID_FACTOR,ID_DETALE,ID_PARAMETRO,VALOR,FACTOR,FLG_ESTADO,DETALLE,USUARIO,IP) values ('50',to_date('28/02/20','DD/MM/RR'),'I','21','30','34|26','5|2','531,993','1','REGISTRO DE DATOS',null,null);
Insert into MRVMM.T_MAEM_MRV_LG_FACTOR_DATA (ID_LG_FACTOR,FECHA_LOG,ACCION,ID_FACTOR,ID_DETALE,ID_PARAMETRO,VALOR,FACTOR,FLG_ESTADO,DETALLE,USUARIO,IP) values ('51',to_date('28/02/20','DD/MM/RR'),'I','21','31','34|26','5|3','602,5635','1','REGISTRO DE DATOS',null,null);
Insert into MRVMM.T_MAEM_MRV_LG_FACTOR_DATA (ID_LG_FACTOR,FECHA_LOG,ACCION,ID_FACTOR,ID_DETALE,ID_PARAMETRO,VALOR,FACTOR,FLG_ESTADO,DETALLE,USUARIO,IP) values ('52',to_date('28/02/20','DD/MM/RR'),'I','21','32','34|26','5|4','700,2765','1','REGISTRO DE DATOS',null,null);
Insert into MRVMM.T_MAEM_MRV_LG_FACTOR_DATA (ID_LG_FACTOR,FECHA_LOG,ACCION,ID_FACTOR,ID_DETALE,ID_PARAMETRO,VALOR,FACTOR,FLG_ESTADO,DETALLE,USUARIO,IP) values ('53',to_date('28/02/20','DD/MM/RR'),'I','21','33','34|26','5|5','787,1325','1','REGISTRO DE DATOS',null,null);
Insert into MRVMM.T_MAEM_MRV_LG_FACTOR_DATA (ID_LG_FACTOR,FECHA_LOG,ACCION,ID_FACTOR,ID_DETALE,ID_PARAMETRO,VALOR,FACTOR,FLG_ESTADO,DETALLE,USUARIO,IP) values ('54',to_date('28/02/20','DD/MM/RR'),'I','21','34','34|26','5|6','890,274','1','REGISTRO DE DATOS',null,null);
Insert into MRVMM.T_MAEM_MRV_LG_FACTOR_DATA (ID_LG_FACTOR,FECHA_LOG,ACCION,ID_FACTOR,ID_DETALE,ID_PARAMETRO,VALOR,FACTOR,FLG_ESTADO,DETALLE,USUARIO,IP) values ('55',to_date('28/02/20','DD/MM/RR'),'I','21','35','34|26','5|7','977,13','1','REGISTRO DE DATOS',null,null);
Insert into MRVMM.T_MAEM_MRV_LG_FACTOR_DATA (ID_LG_FACTOR,FECHA_LOG,ACCION,ID_FACTOR,ID_DETALE,ID_PARAMETRO,VALOR,FACTOR,FLG_ESTADO,DETALLE,USUARIO,IP) values ('56',to_date('28/02/20','DD/MM/RR'),'I','22','1','34|27','1|1','288,204','1','REGISTRO DE DATOS',null,null);
Insert into MRVMM.T_MAEM_MRV_LG_FACTOR_DATA (ID_LG_FACTOR,FECHA_LOG,ACCION,ID_FACTOR,ID_DETALE,ID_PARAMETRO,VALOR,FACTOR,FLG_ESTADO,DETALLE,USUARIO,IP) values ('57',to_date('28/02/20','DD/MM/RR'),'I','22','2','34|27','1|2','336,238','1','REGISTRO DE DATOS',null,null);
Insert into MRVMM.T_MAEM_MRV_LG_FACTOR_DATA (ID_LG_FACTOR,FECHA_LOG,ACCION,ID_FACTOR,ID_DETALE,ID_PARAMETRO,VALOR,FACTOR,FLG_ESTADO,DETALLE,USUARIO,IP) values ('58',to_date('28/02/20','DD/MM/RR'),'I','22','3','34|27','1|3','380,841','1','REGISTRO DE DATOS',null,null);
Insert into MRVMM.T_MAEM_MRV_LG_FACTOR_DATA (ID_LG_FACTOR,FECHA_LOG,ACCION,ID_FACTOR,ID_DETALE,ID_PARAMETRO,VALOR,FACTOR,FLG_ESTADO,DETALLE,USUARIO,IP) values ('59',to_date('28/02/20','DD/MM/RR'),'I','22','4','34|27','1|4','435,737','1','REGISTRO DE DATOS',null,null);
Insert into MRVMM.T_MAEM_MRV_LG_FACTOR_DATA (ID_LG_FACTOR,FECHA_LOG,ACCION,ID_FACTOR,ID_DETALE,ID_PARAMETRO,VALOR,FACTOR,FLG_ESTADO,DETALLE,USUARIO,IP) values ('60',to_date('28/02/20','DD/MM/RR'),'I','22','5','34|27','1|5','497,495','1','REGISTRO DE DATOS',null,null);
Insert into MRVMM.T_MAEM_MRV_LG_FACTOR_DATA (ID_LG_FACTOR,FECHA_LOG,ACCION,ID_FACTOR,ID_DETALE,ID_PARAMETRO,VALOR,FACTOR,FLG_ESTADO,DETALLE,USUARIO,IP) values ('61',to_date('28/02/20','DD/MM/RR'),'I','22','6','34|27','1|6','562,684','1','REGISTRO DE DATOS',null,null);
Insert into MRVMM.T_MAEM_MRV_LG_FACTOR_DATA (ID_LG_FACTOR,FECHA_LOG,ACCION,ID_FACTOR,ID_DETALE,ID_PARAMETRO,VALOR,FACTOR,FLG_ESTADO,DETALLE,USUARIO,IP) values ('62',to_date('28/02/20','DD/MM/RR'),'I','22','7','34|27','1|7','617,58','1','REGISTRO DE DATOS',null,null);
Insert into MRVMM.T_MAEM_MRV_LG_FACTOR_DATA (ID_LG_FACTOR,FECHA_LOG,ACCION,ID_FACTOR,ID_DETALE,ID_PARAMETRO,VALOR,FACTOR,FLG_ESTADO,DETALLE,USUARIO,IP) values ('63',to_date('28/02/20','DD/MM/RR'),'I','22','8','34|27','2|1','327,684','1','REGISTRO DE DATOS',null,null);
Insert into MRVMM.T_MAEM_MRV_LG_FACTOR_DATA (ID_LG_FACTOR,FECHA_LOG,ACCION,ID_FACTOR,ID_DETALE,ID_PARAMETRO,VALOR,FACTOR,FLG_ESTADO,DETALLE,USUARIO,IP) values ('64',to_date('28/02/20','DD/MM/RR'),'I','22','9','34|27','2|2','382,298','1','REGISTRO DE DATOS',null,null);
Insert into MRVMM.T_MAEM_MRV_LG_FACTOR_DATA (ID_LG_FACTOR,FECHA_LOG,ACCION,ID_FACTOR,ID_DETALE,ID_PARAMETRO,VALOR,FACTOR,FLG_ESTADO,DETALLE,USUARIO,IP) values ('65',to_date('28/02/20','DD/MM/RR'),'I','22','10','34|27','2|3','433,011','1','REGISTRO DE DATOS',null,null);
Insert into MRVMM.T_MAEM_MRV_LG_FACTOR_DATA (ID_LG_FACTOR,FECHA_LOG,ACCION,ID_FACTOR,ID_DETALE,ID_PARAMETRO,VALOR,FACTOR,FLG_ESTADO,DETALLE,USUARIO,IP) values ('66',to_date('28/02/20','DD/MM/RR'),'I','22','11','34|27','2|4','495,427','1','REGISTRO DE DATOS',null,null);
Insert into MRVMM.T_MAEM_MRV_LG_FACTOR_DATA (ID_LG_FACTOR,FECHA_LOG,ACCION,ID_FACTOR,ID_DETALE,ID_PARAMETRO,VALOR,FACTOR,FLG_ESTADO,DETALLE,USUARIO,IP) values ('67',to_date('28/02/20','DD/MM/RR'),'I','22','12','34|27','2|5','565,645','1','REGISTRO DE DATOS',null,null);
Insert into MRVMM.T_MAEM_MRV_LG_FACTOR_DATA (ID_LG_FACTOR,FECHA_LOG,ACCION,ID_FACTOR,ID_DETALE,ID_PARAMETRO,VALOR,FACTOR,FLG_ESTADO,DETALLE,USUARIO,IP) values ('68',to_date('28/02/20','DD/MM/RR'),'I','22','13','34|27','2|6','639,764','1','REGISTRO DE DATOS',null,null);
Insert into MRVMM.T_MAEM_MRV_LG_FACTOR_DATA (ID_LG_FACTOR,FECHA_LOG,ACCION,ID_FACTOR,ID_DETALE,ID_PARAMETRO,VALOR,FACTOR,FLG_ESTADO,DETALLE,USUARIO,IP) values ('69',to_date('28/02/20','DD/MM/RR'),'I','22','14','34|27','2|7','702,18','1','REGISTRO DE DATOS',null,null);
Insert into MRVMM.T_MAEM_MRV_LG_FACTOR_DATA (ID_LG_FACTOR,FECHA_LOG,ACCION,ID_FACTOR,ID_DETALE,ID_PARAMETRO,VALOR,FACTOR,FLG_ESTADO,DETALLE,USUARIO,IP) values ('70',to_date('28/02/20','DD/MM/RR'),'I','22','15','34|27','3|1','367,164','1','REGISTRO DE DATOS',null,null);
Insert into MRVMM.T_MAEM_MRV_LG_FACTOR_DATA (ID_LG_FACTOR,FECHA_LOG,ACCION,ID_FACTOR,ID_DETALE,ID_PARAMETRO,VALOR,FACTOR,FLG_ESTADO,DETALLE,USUARIO,IP) values ('71',to_date('28/02/20','DD/MM/RR'),'I','22','16','34|27','3|2','428,358','1','REGISTRO DE DATOS',null,null);
Insert into MRVMM.T_MAEM_MRV_LG_FACTOR_DATA (ID_LG_FACTOR,FECHA_LOG,ACCION,ID_FACTOR,ID_DETALE,ID_PARAMETRO,VALOR,FACTOR,FLG_ESTADO,DETALLE,USUARIO,IP) values ('72',to_date('28/02/20','DD/MM/RR'),'I','22','17','34|27','3|3','485,181','1','REGISTRO DE DATOS',null,null);
Insert into MRVMM.T_MAEM_MRV_LG_FACTOR_DATA (ID_LG_FACTOR,FECHA_LOG,ACCION,ID_FACTOR,ID_DETALE,ID_PARAMETRO,VALOR,FACTOR,FLG_ESTADO,DETALLE,USUARIO,IP) values ('73',to_date('28/02/20','DD/MM/RR'),'I','22','18','34|27','3|4','563,859','1','REGISTRO DE DATOS',null,null);
Insert into MRVMM.T_MAEM_MRV_LG_FACTOR_DATA (ID_LG_FACTOR,FECHA_LOG,ACCION,ID_FACTOR,ID_DETALE,ID_PARAMETRO,VALOR,FACTOR,FLG_ESTADO,DETALLE,USUARIO,IP) values ('74',to_date('28/02/20','DD/MM/RR'),'I','22','19','34|27','3|5','633,795','1','REGISTRO DE DATOS',null,null);
Insert into MRVMM.T_MAEM_MRV_LG_FACTOR_DATA (ID_LG_FACTOR,FECHA_LOG,ACCION,ID_FACTOR,ID_DETALE,ID_PARAMETRO,VALOR,FACTOR,FLG_ESTADO,DETALLE,USUARIO,IP) values ('75',to_date('28/02/20','DD/MM/RR'),'I','22','20','34|27','3|6','716,844','1','REGISTRO DE DATOS',null,null);
Insert into MRVMM.T_MAEM_MRV_LG_FACTOR_DATA (ID_LG_FACTOR,FECHA_LOG,ACCION,ID_FACTOR,ID_DETALE,ID_PARAMETRO,VALOR,FACTOR,FLG_ESTADO,DETALLE,USUARIO,IP) values ('76',to_date('28/02/20','DD/MM/RR'),'I','22','21','34|27','3|7','786,78','1','REGISTRO DE DATOS',null,null);
Insert into MRVMM.T_MAEM_MRV_LG_FACTOR_DATA (ID_LG_FACTOR,FECHA_LOG,ACCION,ID_FACTOR,ID_DETALE,ID_PARAMETRO,VALOR,FACTOR,FLG_ESTADO,DETALLE,USUARIO,IP) values ('77',to_date('28/02/20','DD/MM/RR'),'I','22','22','34|27','4|1','406,644','1','REGISTRO DE DATOS',null,null);
Insert into MRVMM.T_MAEM_MRV_LG_FACTOR_DATA (ID_LG_FACTOR,FECHA_LOG,ACCION,ID_FACTOR,ID_DETALE,ID_PARAMETRO,VALOR,FACTOR,FLG_ESTADO,DETALLE,USUARIO,IP) values ('78',to_date('28/02/20','DD/MM/RR'),'I','22','23','34|27','4|2','474,418','1','REGISTRO DE DATOS',null,null);
Insert into MRVMM.T_MAEM_MRV_LG_FACTOR_DATA (ID_LG_FACTOR,FECHA_LOG,ACCION,ID_FACTOR,ID_DETALE,ID_PARAMETRO,VALOR,FACTOR,FLG_ESTADO,DETALLE,USUARIO,IP) values ('79',to_date('28/02/20','DD/MM/RR'),'I','22','24','34|27','4|3','537,351','1','REGISTRO DE DATOS',null,null);
Insert into MRVMM.T_MAEM_MRV_LG_FACTOR_DATA (ID_LG_FACTOR,FECHA_LOG,ACCION,ID_FACTOR,ID_DETALE,ID_PARAMETRO,VALOR,FACTOR,FLG_ESTADO,DETALLE,USUARIO,IP) values ('80',to_date('28/02/20','DD/MM/RR'),'I','22','25','34|27','4|4','624,489','1','REGISTRO DE DATOS',null,null);
Insert into MRVMM.T_MAEM_MRV_LG_FACTOR_DATA (ID_LG_FACTOR,FECHA_LOG,ACCION,ID_FACTOR,ID_DETALE,ID_PARAMETRO,VALOR,FACTOR,FLG_ESTADO,DETALLE,USUARIO,IP) values ('81',to_date('28/02/20','DD/MM/RR'),'I','22','26','34|27','4|5','701,945','1','REGISTRO DE DATOS',null,null);
Insert into MRVMM.T_MAEM_MRV_LG_FACTOR_DATA (ID_LG_FACTOR,FECHA_LOG,ACCION,ID_FACTOR,ID_DETALE,ID_PARAMETRO,VALOR,FACTOR,FLG_ESTADO,DETALLE,USUARIO,IP) values ('82',to_date('28/02/20','DD/MM/RR'),'I','22','27','34|27','4|6','793,924','1','REGISTRO DE DATOS',null,null);
Insert into MRVMM.T_MAEM_MRV_LG_FACTOR_DATA (ID_LG_FACTOR,FECHA_LOG,ACCION,ID_FACTOR,ID_DETALE,ID_PARAMETRO,VALOR,FACTOR,FLG_ESTADO,DETALLE,USUARIO,IP) values ('83',to_date('28/02/20','DD/MM/RR'),'I','22','28','34|27','4|7','871,38','1','REGISTRO DE DATOS',null,null);
Insert into MRVMM.T_MAEM_MRV_LG_FACTOR_DATA (ID_LG_FACTOR,FECHA_LOG,ACCION,ID_FACTOR,ID_DETALE,ID_PARAMETRO,VALOR,FACTOR,FLG_ESTADO,DETALLE,USUARIO,IP) values ('84',to_date('28/02/20','DD/MM/RR'),'I','22','29','34|27','5|1','455,994','1','REGISTRO DE DATOS',null,null);
Insert into MRVMM.T_MAEM_MRV_LG_FACTOR_DATA (ID_LG_FACTOR,FECHA_LOG,ACCION,ID_FACTOR,ID_DETALE,ID_PARAMETRO,VALOR,FACTOR,FLG_ESTADO,DETALLE,USUARIO,IP) values ('85',to_date('28/02/20','DD/MM/RR'),'I','22','30','34|27','5|2','531,993','1','REGISTRO DE DATOS',null,null);
Insert into MRVMM.T_MAEM_MRV_LG_FACTOR_DATA (ID_LG_FACTOR,FECHA_LOG,ACCION,ID_FACTOR,ID_DETALE,ID_PARAMETRO,VALOR,FACTOR,FLG_ESTADO,DETALLE,USUARIO,IP) values ('86',to_date('28/02/20','DD/MM/RR'),'I','22','31','34|27','5|3','602,5635','1','REGISTRO DE DATOS',null,null);
Insert into MRVMM.T_MAEM_MRV_LG_FACTOR_DATA (ID_LG_FACTOR,FECHA_LOG,ACCION,ID_FACTOR,ID_DETALE,ID_PARAMETRO,VALOR,FACTOR,FLG_ESTADO,DETALLE,USUARIO,IP) values ('87',to_date('28/02/20','DD/MM/RR'),'I','22','32','34|27','5|4','700,2765','1','REGISTRO DE DATOS',null,null);
Insert into MRVMM.T_MAEM_MRV_LG_FACTOR_DATA (ID_LG_FACTOR,FECHA_LOG,ACCION,ID_FACTOR,ID_DETALE,ID_PARAMETRO,VALOR,FACTOR,FLG_ESTADO,DETALLE,USUARIO,IP) values ('88',to_date('28/02/20','DD/MM/RR'),'I','22','33','34|27','5|5','787,1325','1','REGISTRO DE DATOS',null,null);
Insert into MRVMM.T_MAEM_MRV_LG_FACTOR_DATA (ID_LG_FACTOR,FECHA_LOG,ACCION,ID_FACTOR,ID_DETALE,ID_PARAMETRO,VALOR,FACTOR,FLG_ESTADO,DETALLE,USUARIO,IP) values ('89',to_date('28/02/20','DD/MM/RR'),'I','22','34','34|27','5|6','890,274','1','REGISTRO DE DATOS',null,null);
Insert into MRVMM.T_MAEM_MRV_LG_FACTOR_DATA (ID_LG_FACTOR,FECHA_LOG,ACCION,ID_FACTOR,ID_DETALE,ID_PARAMETRO,VALOR,FACTOR,FLG_ESTADO,DETALLE,USUARIO,IP) values ('90',to_date('28/02/20','DD/MM/RR'),'I','22','35','34|27','5|7','977,13','1','REGISTRO DE DATOS',null,null);
Insert into MRVMM.T_MAEM_MRV_LG_FACTOR_DATA (ID_LG_FACTOR,FECHA_LOG,ACCION,ID_FACTOR,ID_DETALE,ID_PARAMETRO,VALOR,FACTOR,FLG_ESTADO,DETALLE,USUARIO,IP) values ('91',to_date('28/02/20','DD/MM/RR'),'I','23','1','35|26','1|1','21,6','1','REGISTRO DE DATOS',null,null);
Insert into MRVMM.T_MAEM_MRV_LG_FACTOR_DATA (ID_LG_FACTOR,FECHA_LOG,ACCION,ID_FACTOR,ID_DETALE,ID_PARAMETRO,VALOR,FACTOR,FLG_ESTADO,DETALLE,USUARIO,IP) values ('92',to_date('28/02/20','DD/MM/RR'),'I','23','2','35|26','1|2','25','1','REGISTRO DE DATOS',null,null);
Insert into MRVMM.T_MAEM_MRV_LG_FACTOR_DATA (ID_LG_FACTOR,FECHA_LOG,ACCION,ID_FACTOR,ID_DETALE,ID_PARAMETRO,VALOR,FACTOR,FLG_ESTADO,DETALLE,USUARIO,IP) values ('93',to_date('28/02/20','DD/MM/RR'),'I','23','3','35|26','1|3','33','1','REGISTRO DE DATOS',null,null);
Insert into MRVMM.T_MAEM_MRV_LG_FACTOR_DATA (ID_LG_FACTOR,FECHA_LOG,ACCION,ID_FACTOR,ID_DETALE,ID_PARAMETRO,VALOR,FACTOR,FLG_ESTADO,DETALLE,USUARIO,IP) values ('94',to_date('28/02/20','DD/MM/RR'),'I','23','4','35|26','1|4','47,8','1','REGISTRO DE DATOS',null,null);
Insert into MRVMM.T_MAEM_MRV_LG_FACTOR_DATA (ID_LG_FACTOR,FECHA_LOG,ACCION,ID_FACTOR,ID_DETALE,ID_PARAMETRO,VALOR,FACTOR,FLG_ESTADO,DETALLE,USUARIO,IP) values ('95',to_date('28/02/20','DD/MM/RR'),'I','23','5','35|26','1|5','63','1','REGISTRO DE DATOS',null,null);
Insert into MRVMM.T_MAEM_MRV_LG_FACTOR_DATA (ID_LG_FACTOR,FECHA_LOG,ACCION,ID_FACTOR,ID_DETALE,ID_PARAMETRO,VALOR,FACTOR,FLG_ESTADO,DETALLE,USUARIO,IP) values ('96',to_date('28/02/20','DD/MM/RR'),'I','23','6','35|26','1|6','71,9','1','REGISTRO DE DATOS',null,null);
Insert into MRVMM.T_MAEM_MRV_LG_FACTOR_DATA (ID_LG_FACTOR,FECHA_LOG,ACCION,ID_FACTOR,ID_DETALE,ID_PARAMETRO,VALOR,FACTOR,FLG_ESTADO,DETALLE,USUARIO,IP) values ('97',to_date('28/02/20','DD/MM/RR'),'I','23','7','35|26','1|7','75,9','1','REGISTRO DE DATOS',null,null);
Insert into MRVMM.T_MAEM_MRV_LG_FACTOR_DATA (ID_LG_FACTOR,FECHA_LOG,ACCION,ID_FACTOR,ID_DETALE,ID_PARAMETRO,VALOR,FACTOR,FLG_ESTADO,DETALLE,USUARIO,IP) values ('98',to_date('28/02/20','DD/MM/RR'),'I','23','8','35|26','2|1','23,9','1','REGISTRO DE DATOS',null,null);
Insert into MRVMM.T_MAEM_MRV_LG_FACTOR_DATA (ID_LG_FACTOR,FECHA_LOG,ACCION,ID_FACTOR,ID_DETALE,ID_PARAMETRO,VALOR,FACTOR,FLG_ESTADO,DETALLE,USUARIO,IP) values ('99',to_date('28/02/20','DD/MM/RR'),'I','23','9','35|26','2|2','27,6','1','REGISTRO DE DATOS',null,null);
Insert into MRVMM.T_MAEM_MRV_LG_FACTOR_DATA (ID_LG_FACTOR,FECHA_LOG,ACCION,ID_FACTOR,ID_DETALE,ID_PARAMETRO,VALOR,FACTOR,FLG_ESTADO,DETALLE,USUARIO,IP) values ('100',to_date('28/02/20','DD/MM/RR'),'I','23','10','35|26','2|3','36,5','1','REGISTRO DE DATOS',null,null);
Insert into MRVMM.T_MAEM_MRV_LG_FACTOR_DATA (ID_LG_FACTOR,FECHA_LOG,ACCION,ID_FACTOR,ID_DETALE,ID_PARAMETRO,VALOR,FACTOR,FLG_ESTADO,DETALLE,USUARIO,IP) values ('101',to_date('28/02/20','DD/MM/RR'),'I','23','11','35|26','2|4','52,8','1','REGISTRO DE DATOS',null,null);
Insert into MRVMM.T_MAEM_MRV_LG_FACTOR_DATA (ID_LG_FACTOR,FECHA_LOG,ACCION,ID_FACTOR,ID_DETALE,ID_PARAMETRO,VALOR,FACTOR,FLG_ESTADO,DETALLE,USUARIO,IP) values ('102',to_date('28/02/20','DD/MM/RR'),'I','23','12','35|26','2|5','69,6','1','REGISTRO DE DATOS',null,null);
Insert into MRVMM.T_MAEM_MRV_LG_FACTOR_DATA (ID_LG_FACTOR,FECHA_LOG,ACCION,ID_FACTOR,ID_DETALE,ID_PARAMETRO,VALOR,FACTOR,FLG_ESTADO,DETALLE,USUARIO,IP) values ('103',to_date('28/02/20','DD/MM/RR'),'I','23','13','35|26','2|6','79,5','1','REGISTRO DE DATOS',null,null);
Insert into MRVMM.T_MAEM_MRV_LG_FACTOR_DATA (ID_LG_FACTOR,FECHA_LOG,ACCION,ID_FACTOR,ID_DETALE,ID_PARAMETRO,VALOR,FACTOR,FLG_ESTADO,DETALLE,USUARIO,IP) values ('104',to_date('28/02/20','DD/MM/RR'),'I','23','14','35|26','2|7','83,9','1','REGISTRO DE DATOS',null,null);
Insert into MRVMM.T_MAEM_MRV_LG_FACTOR_DATA (ID_LG_FACTOR,FECHA_LOG,ACCION,ID_FACTOR,ID_DETALE,ID_PARAMETRO,VALOR,FACTOR,FLG_ESTADO,DETALLE,USUARIO,IP) values ('105',to_date('28/02/20','DD/MM/RR'),'I','23','15','35|26','3|1','29,6','1','REGISTRO DE DATOS',null,null);
Insert into MRVMM.T_MAEM_MRV_LG_FACTOR_DATA (ID_LG_FACTOR,FECHA_LOG,ACCION,ID_FACTOR,ID_DETALE,ID_PARAMETRO,VALOR,FACTOR,FLG_ESTADO,DETALLE,USUARIO,IP) values ('106',to_date('28/02/20','DD/MM/RR'),'I','23','16','35|26','3|2','34,2','1','REGISTRO DE DATOS',null,null);
Insert into MRVMM.T_MAEM_MRV_LG_FACTOR_DATA (ID_LG_FACTOR,FECHA_LOG,ACCION,ID_FACTOR,ID_DETALE,ID_PARAMETRO,VALOR,FACTOR,FLG_ESTADO,DETALLE,USUARIO,IP) values ('107',to_date('28/02/20','DD/MM/RR'),'I','23','17','35|26','3|3','45,2','1','REGISTRO DE DATOS',null,null);
Insert into MRVMM.T_MAEM_MRV_LG_FACTOR_DATA (ID_LG_FACTOR,FECHA_LOG,ACCION,ID_FACTOR,ID_DETALE,ID_PARAMETRO,VALOR,FACTOR,FLG_ESTADO,DETALLE,USUARIO,IP) values ('108',to_date('28/02/20','DD/MM/RR'),'I','23','18','35|26','3|4','65,4','1','REGISTRO DE DATOS',null,null);
Insert into MRVMM.T_MAEM_MRV_LG_FACTOR_DATA (ID_LG_FACTOR,FECHA_LOG,ACCION,ID_FACTOR,ID_DETALE,ID_PARAMETRO,VALOR,FACTOR,FLG_ESTADO,DETALLE,USUARIO,IP) values ('109',to_date('28/02/20','DD/MM/RR'),'I','23','19','35|26','3|5','86,2','1','REGISTRO DE DATOS',null,null);
Insert into MRVMM.T_MAEM_MRV_LG_FACTOR_DATA (ID_LG_FACTOR,FECHA_LOG,ACCION,ID_FACTOR,ID_DETALE,ID_PARAMETRO,VALOR,FACTOR,FLG_ESTADO,DETALLE,USUARIO,IP) values ('110',to_date('28/02/20','DD/MM/RR'),'I','23','20','35|26','3|6','98,4','1','REGISTRO DE DATOS',null,null);
Insert into MRVMM.T_MAEM_MRV_LG_FACTOR_DATA (ID_LG_FACTOR,FECHA_LOG,ACCION,ID_FACTOR,ID_DETALE,ID_PARAMETRO,VALOR,FACTOR,FLG_ESTADO,DETALLE,USUARIO,IP) values ('111',to_date('28/02/20','DD/MM/RR'),'I','23','21','35|26','3|7','103,9','1','REGISTRO DE DATOS',null,null);
Insert into MRVMM.T_MAEM_MRV_LG_FACTOR_DATA (ID_LG_FACTOR,FECHA_LOG,ACCION,ID_FACTOR,ID_DETALE,ID_PARAMETRO,VALOR,FACTOR,FLG_ESTADO,DETALLE,USUARIO,IP) values ('112',to_date('28/02/20','DD/MM/RR'),'I','24','1','35|27','1|1','21,6','1','REGISTRO DE DATOS',null,null);
Insert into MRVMM.T_MAEM_MRV_LG_FACTOR_DATA (ID_LG_FACTOR,FECHA_LOG,ACCION,ID_FACTOR,ID_DETALE,ID_PARAMETRO,VALOR,FACTOR,FLG_ESTADO,DETALLE,USUARIO,IP) values ('113',to_date('28/02/20','DD/MM/RR'),'I','24','2','35|27','1|2','25','1','REGISTRO DE DATOS',null,null);
Insert into MRVMM.T_MAEM_MRV_LG_FACTOR_DATA (ID_LG_FACTOR,FECHA_LOG,ACCION,ID_FACTOR,ID_DETALE,ID_PARAMETRO,VALOR,FACTOR,FLG_ESTADO,DETALLE,USUARIO,IP) values ('114',to_date('28/02/20','DD/MM/RR'),'I','24','3','35|27','1|3','33','1','REGISTRO DE DATOS',null,null);
Insert into MRVMM.T_MAEM_MRV_LG_FACTOR_DATA (ID_LG_FACTOR,FECHA_LOG,ACCION,ID_FACTOR,ID_DETALE,ID_PARAMETRO,VALOR,FACTOR,FLG_ESTADO,DETALLE,USUARIO,IP) values ('115',to_date('28/02/20','DD/MM/RR'),'I','24','4','35|27','1|4','47,8','1','REGISTRO DE DATOS',null,null);
Insert into MRVMM.T_MAEM_MRV_LG_FACTOR_DATA (ID_LG_FACTOR,FECHA_LOG,ACCION,ID_FACTOR,ID_DETALE,ID_PARAMETRO,VALOR,FACTOR,FLG_ESTADO,DETALLE,USUARIO,IP) values ('116',to_date('28/02/20','DD/MM/RR'),'I','24','5','35|27','1|5','63','1','REGISTRO DE DATOS',null,null);
Insert into MRVMM.T_MAEM_MRV_LG_FACTOR_DATA (ID_LG_FACTOR,FECHA_LOG,ACCION,ID_FACTOR,ID_DETALE,ID_PARAMETRO,VALOR,FACTOR,FLG_ESTADO,DETALLE,USUARIO,IP) values ('117',to_date('28/02/20','DD/MM/RR'),'I','24','6','35|27','1|6','71,9','1','REGISTRO DE DATOS',null,null);
Insert into MRVMM.T_MAEM_MRV_LG_FACTOR_DATA (ID_LG_FACTOR,FECHA_LOG,ACCION,ID_FACTOR,ID_DETALE,ID_PARAMETRO,VALOR,FACTOR,FLG_ESTADO,DETALLE,USUARIO,IP) values ('118',to_date('28/02/20','DD/MM/RR'),'I','24','7','35|27','1|7','75,9','1','REGISTRO DE DATOS',null,null);
Insert into MRVMM.T_MAEM_MRV_LG_FACTOR_DATA (ID_LG_FACTOR,FECHA_LOG,ACCION,ID_FACTOR,ID_DETALE,ID_PARAMETRO,VALOR,FACTOR,FLG_ESTADO,DETALLE,USUARIO,IP) values ('119',to_date('28/02/20','DD/MM/RR'),'I','24','8','35|27','2|1','23,9','1','REGISTRO DE DATOS',null,null);
Insert into MRVMM.T_MAEM_MRV_LG_FACTOR_DATA (ID_LG_FACTOR,FECHA_LOG,ACCION,ID_FACTOR,ID_DETALE,ID_PARAMETRO,VALOR,FACTOR,FLG_ESTADO,DETALLE,USUARIO,IP) values ('120',to_date('28/02/20','DD/MM/RR'),'I','24','9','35|27','2|2','27,6','1','REGISTRO DE DATOS',null,null);
Insert into MRVMM.T_MAEM_MRV_LG_FACTOR_DATA (ID_LG_FACTOR,FECHA_LOG,ACCION,ID_FACTOR,ID_DETALE,ID_PARAMETRO,VALOR,FACTOR,FLG_ESTADO,DETALLE,USUARIO,IP) values ('121',to_date('28/02/20','DD/MM/RR'),'I','24','10','35|27','2|3','36,5','1','REGISTRO DE DATOS',null,null);
Insert into MRVMM.T_MAEM_MRV_LG_FACTOR_DATA (ID_LG_FACTOR,FECHA_LOG,ACCION,ID_FACTOR,ID_DETALE,ID_PARAMETRO,VALOR,FACTOR,FLG_ESTADO,DETALLE,USUARIO,IP) values ('122',to_date('28/02/20','DD/MM/RR'),'I','24','11','35|27','2|4','52,8','1','REGISTRO DE DATOS',null,null);
Insert into MRVMM.T_MAEM_MRV_LG_FACTOR_DATA (ID_LG_FACTOR,FECHA_LOG,ACCION,ID_FACTOR,ID_DETALE,ID_PARAMETRO,VALOR,FACTOR,FLG_ESTADO,DETALLE,USUARIO,IP) values ('123',to_date('28/02/20','DD/MM/RR'),'I','24','12','35|27','2|5','69,6','1','REGISTRO DE DATOS',null,null);
Insert into MRVMM.T_MAEM_MRV_LG_FACTOR_DATA (ID_LG_FACTOR,FECHA_LOG,ACCION,ID_FACTOR,ID_DETALE,ID_PARAMETRO,VALOR,FACTOR,FLG_ESTADO,DETALLE,USUARIO,IP) values ('124',to_date('28/02/20','DD/MM/RR'),'I','24','13','35|27','2|6','79,5','1','REGISTRO DE DATOS',null,null);
Insert into MRVMM.T_MAEM_MRV_LG_FACTOR_DATA (ID_LG_FACTOR,FECHA_LOG,ACCION,ID_FACTOR,ID_DETALE,ID_PARAMETRO,VALOR,FACTOR,FLG_ESTADO,DETALLE,USUARIO,IP) values ('125',to_date('28/02/20','DD/MM/RR'),'I','24','14','35|27','2|7','83,9','1','REGISTRO DE DATOS',null,null);
Insert into MRVMM.T_MAEM_MRV_LG_FACTOR_DATA (ID_LG_FACTOR,FECHA_LOG,ACCION,ID_FACTOR,ID_DETALE,ID_PARAMETRO,VALOR,FACTOR,FLG_ESTADO,DETALLE,USUARIO,IP) values ('126',to_date('28/02/20','DD/MM/RR'),'I','24','15','35|27','3|1','29,6','1','REGISTRO DE DATOS',null,null);
Insert into MRVMM.T_MAEM_MRV_LG_FACTOR_DATA (ID_LG_FACTOR,FECHA_LOG,ACCION,ID_FACTOR,ID_DETALE,ID_PARAMETRO,VALOR,FACTOR,FLG_ESTADO,DETALLE,USUARIO,IP) values ('127',to_date('28/02/20','DD/MM/RR'),'I','24','16','35|27','3|2','34,2','1','REGISTRO DE DATOS',null,null);
Insert into MRVMM.T_MAEM_MRV_LG_FACTOR_DATA (ID_LG_FACTOR,FECHA_LOG,ACCION,ID_FACTOR,ID_DETALE,ID_PARAMETRO,VALOR,FACTOR,FLG_ESTADO,DETALLE,USUARIO,IP) values ('128',to_date('28/02/20','DD/MM/RR'),'I','24','17','35|27','3|3','45,2','1','REGISTRO DE DATOS',null,null);
Insert into MRVMM.T_MAEM_MRV_LG_FACTOR_DATA (ID_LG_FACTOR,FECHA_LOG,ACCION,ID_FACTOR,ID_DETALE,ID_PARAMETRO,VALOR,FACTOR,FLG_ESTADO,DETALLE,USUARIO,IP) values ('129',to_date('28/02/20','DD/MM/RR'),'I','24','18','35|27','3|4','65,4','1','REGISTRO DE DATOS',null,null);
Insert into MRVMM.T_MAEM_MRV_LG_FACTOR_DATA (ID_LG_FACTOR,FECHA_LOG,ACCION,ID_FACTOR,ID_DETALE,ID_PARAMETRO,VALOR,FACTOR,FLG_ESTADO,DETALLE,USUARIO,IP) values ('130',to_date('28/02/20','DD/MM/RR'),'I','24','19','35|27','3|5','86,2','1','REGISTRO DE DATOS',null,null);
Insert into MRVMM.T_MAEM_MRV_LG_FACTOR_DATA (ID_LG_FACTOR,FECHA_LOG,ACCION,ID_FACTOR,ID_DETALE,ID_PARAMETRO,VALOR,FACTOR,FLG_ESTADO,DETALLE,USUARIO,IP) values ('131',to_date('28/02/20','DD/MM/RR'),'I','24','20','35|27','3|6','98,4','1','REGISTRO DE DATOS',null,null);
Insert into MRVMM.T_MAEM_MRV_LG_FACTOR_DATA (ID_LG_FACTOR,FECHA_LOG,ACCION,ID_FACTOR,ID_DETALE,ID_PARAMETRO,VALOR,FACTOR,FLG_ESTADO,DETALLE,USUARIO,IP) values ('132',to_date('28/02/20','DD/MM/RR'),'I','24','21','35|27','3|7','103,9','1','REGISTRO DE DATOS',null,null);
Insert into MRVMM.T_MAEM_MRV_LG_FACTOR_DATA (ID_LG_FACTOR,FECHA_LOG,ACCION,ID_FACTOR,ID_DETALE,ID_PARAMETRO,VALOR,FACTOR,FLG_ESTADO,DETALLE,USUARIO,IP) values ('133',to_date('28/02/20','DD/MM/RR'),'I','25','1','36|37','1|1','2,548','1','REGISTRO DE DATOS',null,null);
Insert into MRVMM.T_MAEM_MRV_LG_FACTOR_DATA (ID_LG_FACTOR,FECHA_LOG,ACCION,ID_FACTOR,ID_DETALE,ID_PARAMETRO,VALOR,FACTOR,FLG_ESTADO,DETALLE,USUARIO,IP) values ('134',to_date('28/02/20','DD/MM/RR'),'I','25','2','36|37','1|2','2,64','1','REGISTRO DE DATOS',null,null);
Insert into MRVMM.T_MAEM_MRV_LG_FACTOR_DATA (ID_LG_FACTOR,FECHA_LOG,ACCION,ID_FACTOR,ID_DETALE,ID_PARAMETRO,VALOR,FACTOR,FLG_ESTADO,DETALLE,USUARIO,IP) values ('135',to_date('28/02/20','DD/MM/RR'),'I','25','3','36|37','1|3','2,793','1','REGISTRO DE DATOS',null,null);
Insert into MRVMM.T_MAEM_MRV_LG_FACTOR_DATA (ID_LG_FACTOR,FECHA_LOG,ACCION,ID_FACTOR,ID_DETALE,ID_PARAMETRO,VALOR,FACTOR,FLG_ESTADO,DETALLE,USUARIO,IP) values ('136',to_date('28/02/20','DD/MM/RR'),'I','25','4','36|37','2|1','5,037','1','REGISTRO DE DATOS',null,null);
Insert into MRVMM.T_MAEM_MRV_LG_FACTOR_DATA (ID_LG_FACTOR,FECHA_LOG,ACCION,ID_FACTOR,ID_DETALE,ID_PARAMETRO,VALOR,FACTOR,FLG_ESTADO,DETALLE,USUARIO,IP) values ('137',to_date('28/02/20','DD/MM/RR'),'I','25','5','36|37','2|2','5,186','1','REGISTRO DE DATOS',null,null);
Insert into MRVMM.T_MAEM_MRV_LG_FACTOR_DATA (ID_LG_FACTOR,FECHA_LOG,ACCION,ID_FACTOR,ID_DETALE,ID_PARAMETRO,VALOR,FACTOR,FLG_ESTADO,DETALLE,USUARIO,IP) values ('138',to_date('28/02/20','DD/MM/RR'),'I','25','6','36|37','2|3','5,346','1','REGISTRO DE DATOS',null,null);
Insert into MRVMM.T_MAEM_MRV_LG_FACTOR_DATA (ID_LG_FACTOR,FECHA_LOG,ACCION,ID_FACTOR,ID_DETALE,ID_PARAMETRO,VALOR,FACTOR,FLG_ESTADO,DETALLE,USUARIO,IP) values ('139',to_date('28/02/20','DD/MM/RR'),'I','25','7','36|37','3|1','12,169','1','REGISTRO DE DATOS',null,null);
Insert into MRVMM.T_MAEM_MRV_LG_FACTOR_DATA (ID_LG_FACTOR,FECHA_LOG,ACCION,ID_FACTOR,ID_DETALE,ID_PARAMETRO,VALOR,FACTOR,FLG_ESTADO,DETALLE,USUARIO,IP) values ('140',to_date('28/02/20','DD/MM/RR'),'I','25','8','36|37','3|2','12,448','1','REGISTRO DE DATOS',null,null);
Insert into MRVMM.T_MAEM_MRV_LG_FACTOR_DATA (ID_LG_FACTOR,FECHA_LOG,ACCION,ID_FACTOR,ID_DETALE,ID_PARAMETRO,VALOR,FACTOR,FLG_ESTADO,DETALLE,USUARIO,IP) values ('141',to_date('28/02/20','DD/MM/RR'),'I','25','9','36|37','3|3','12,814','1','REGISTRO DE DATOS',null,null);
Insert into MRVMM.T_MAEM_MRV_LG_FACTOR_DATA (ID_LG_FACTOR,FECHA_LOG,ACCION,ID_FACTOR,ID_DETALE,ID_PARAMETRO,VALOR,FACTOR,FLG_ESTADO,DETALLE,USUARIO,IP) values ('142',to_date('28/02/20','DD/MM/RR'),'I','25','10','36|37','4|1','23,755','1','REGISTRO DE DATOS',null,null);
REM INSERTING into MRVMM.T_MAEM_MRV_BLOCKCHAIN
SET DEFINE OFF;
REM INSERTING into MRVMM.T_MAEM_ENFOQUE_FACTOR
SET DEFINE OFF;
Insert into MRVMM.T_MAEM_ENFOQUE_FACTOR (ID_ENFOQUE,ID_FACTOR,ORDEN,FLAG_ESTADO) values ('5','7','1','1');
Insert into MRVMM.T_MAEM_ENFOQUE_FACTOR (ID_ENFOQUE,ID_FACTOR,ORDEN,FLAG_ESTADO) values ('6','8','1','1');
Insert into MRVMM.T_MAEM_ENFOQUE_FACTOR (ID_ENFOQUE,ID_FACTOR,ORDEN,FLAG_ESTADO) values ('7','9','1','1');
Insert into MRVMM.T_MAEM_ENFOQUE_FACTOR (ID_ENFOQUE,ID_FACTOR,ORDEN,FLAG_ESTADO) values ('7','10','2','1');
Insert into MRVMM.T_MAEM_ENFOQUE_FACTOR (ID_ENFOQUE,ID_FACTOR,ORDEN,FLAG_ESTADO) values ('8','18','1','1');
Insert into MRVMM.T_MAEM_ENFOQUE_FACTOR (ID_ENFOQUE,ID_FACTOR,ORDEN,FLAG_ESTADO) values ('8','19','2','1');
Insert into MRVMM.T_MAEM_ENFOQUE_FACTOR (ID_ENFOQUE,ID_FACTOR,ORDEN,FLAG_ESTADO) values ('8','20','3','1');
Insert into MRVMM.T_MAEM_ENFOQUE_FACTOR (ID_ENFOQUE,ID_FACTOR,ORDEN,FLAG_ESTADO) values ('9','20','1','1');
Insert into MRVMM.T_MAEM_ENFOQUE_FACTOR (ID_ENFOQUE,ID_FACTOR,ORDEN,FLAG_ESTADO) values ('10','2','1','1');
Insert into MRVMM.T_MAEM_ENFOQUE_FACTOR (ID_ENFOQUE,ID_FACTOR,ORDEN,FLAG_ESTADO) values ('10','11','2','1');
Insert into MRVMM.T_MAEM_ENFOQUE_FACTOR (ID_ENFOQUE,ID_FACTOR,ORDEN,FLAG_ESTADO) values ('14','2','1','1');
Insert into MRVMM.T_MAEM_ENFOQUE_FACTOR (ID_ENFOQUE,ID_FACTOR,ORDEN,FLAG_ESTADO) values ('14','10','2','1');
Insert into MRVMM.T_MAEM_ENFOQUE_FACTOR (ID_ENFOQUE,ID_FACTOR,ORDEN,FLAG_ESTADO) values ('14','11','3','1');
Insert into MRVMM.T_MAEM_ENFOQUE_FACTOR (ID_ENFOQUE,ID_FACTOR,ORDEN,FLAG_ESTADO) values ('14','12','4','1');
Insert into MRVMM.T_MAEM_ENFOQUE_FACTOR (ID_ENFOQUE,ID_FACTOR,ORDEN,FLAG_ESTADO) values ('14','13','5','1');
Insert into MRVMM.T_MAEM_ENFOQUE_FACTOR (ID_ENFOQUE,ID_FACTOR,ORDEN,FLAG_ESTADO) values ('18','2','1','1');
Insert into MRVMM.T_MAEM_ENFOQUE_FACTOR (ID_ENFOQUE,ID_FACTOR,ORDEN,FLAG_ESTADO) values ('18','11','2','1');
Insert into MRVMM.T_MAEM_ENFOQUE_FACTOR (ID_ENFOQUE,ID_FACTOR,ORDEN,FLAG_ESTADO) values ('18','21','3','1');
Insert into MRVMM.T_MAEM_ENFOQUE_FACTOR (ID_ENFOQUE,ID_FACTOR,ORDEN,FLAG_ESTADO) values ('18','22','4','1');
Insert into MRVMM.T_MAEM_ENFOQUE_FACTOR (ID_ENFOQUE,ID_FACTOR,ORDEN,FLAG_ESTADO) values ('19','2','1','1');
Insert into MRVMM.T_MAEM_ENFOQUE_FACTOR (ID_ENFOQUE,ID_FACTOR,ORDEN,FLAG_ESTADO) values ('19','11','2','1');
Insert into MRVMM.T_MAEM_ENFOQUE_FACTOR (ID_ENFOQUE,ID_FACTOR,ORDEN,FLAG_ESTADO) values ('19','23','3','1');
Insert into MRVMM.T_MAEM_ENFOQUE_FACTOR (ID_ENFOQUE,ID_FACTOR,ORDEN,FLAG_ESTADO) values ('19','24','4','1');
Insert into MRVMM.T_MAEM_ENFOQUE_FACTOR (ID_ENFOQUE,ID_FACTOR,ORDEN,FLAG_ESTADO) values ('20','2','1','1');
Insert into MRVMM.T_MAEM_ENFOQUE_FACTOR (ID_ENFOQUE,ID_FACTOR,ORDEN,FLAG_ESTADO) values ('20','11','2','1');
Insert into MRVMM.T_MAEM_ENFOQUE_FACTOR (ID_ENFOQUE,ID_FACTOR,ORDEN,FLAG_ESTADO) values ('20','25','3','1');
Insert into MRVMM.T_MAEM_ENFOQUE_FACTOR (ID_ENFOQUE,ID_FACTOR,ORDEN,FLAG_ESTADO) values ('20','26','4','1');
Insert into MRVMM.T_MAEM_ENFOQUE_FACTOR (ID_ENFOQUE,ID_FACTOR,ORDEN,FLAG_ESTADO) values ('21','2','1','1');
Insert into MRVMM.T_MAEM_ENFOQUE_FACTOR (ID_ENFOQUE,ID_FACTOR,ORDEN,FLAG_ESTADO) values ('21','27','3','1');
Insert into MRVMM.T_MAEM_ENFOQUE_FACTOR (ID_ENFOQUE,ID_FACTOR,ORDEN,FLAG_ESTADO) values ('21','28','4','1');
Insert into MRVMM.T_MAEM_ENFOQUE_FACTOR (ID_ENFOQUE,ID_FACTOR,ORDEN,FLAG_ESTADO) values ('15','36','2','1');
Insert into MRVMM.T_MAEM_ENFOQUE_FACTOR (ID_ENFOQUE,ID_FACTOR,ORDEN,FLAG_ESTADO) values ('15','37','3','1');
Insert into MRVMM.T_MAEM_ENFOQUE_FACTOR (ID_ENFOQUE,ID_FACTOR,ORDEN,FLAG_ESTADO) values ('21','11','2','1');
Insert into MRVMM.T_MAEM_ENFOQUE_FACTOR (ID_ENFOQUE,ID_FACTOR,ORDEN,FLAG_ESTADO) values ('15','35','1','1');
Insert into MRVMM.T_MAEM_ENFOQUE_FACTOR (ID_ENFOQUE,ID_FACTOR,ORDEN,FLAG_ESTADO) values ('15','38','4','1');
Insert into MRVMM.T_MAEM_ENFOQUE_FACTOR (ID_ENFOQUE,ID_FACTOR,ORDEN,FLAG_ESTADO) values ('15','39','5','1');
Insert into MRVMM.T_MAEM_ENFOQUE_FACTOR (ID_ENFOQUE,ID_FACTOR,ORDEN,FLAG_ESTADO) values ('15','40','6','1');
Insert into MRVMM.T_MAEM_ENFOQUE_FACTOR (ID_ENFOQUE,ID_FACTOR,ORDEN,FLAG_ESTADO) values ('15','41','7','1');
Insert into MRVMM.T_MAEM_ENFOQUE_FACTOR (ID_ENFOQUE,ID_FACTOR,ORDEN,FLAG_ESTADO) values ('15','42','8','1');
Insert into MRVMM.T_MAEM_ENFOQUE_FACTOR (ID_ENFOQUE,ID_FACTOR,ORDEN,FLAG_ESTADO) values ('13','19','3','1');
Insert into MRVMM.T_MAEM_ENFOQUE_FACTOR (ID_ENFOQUE,ID_FACTOR,ORDEN,FLAG_ESTADO) values ('22','2','1','1');
Insert into MRVMM.T_MAEM_ENFOQUE_FACTOR (ID_ENFOQUE,ID_FACTOR,ORDEN,FLAG_ESTADO) values ('22','11','2','1');
Insert into MRVMM.T_MAEM_ENFOQUE_FACTOR (ID_ENFOQUE,ID_FACTOR,ORDEN,FLAG_ESTADO) values ('22','29','3','1');
Insert into MRVMM.T_MAEM_ENFOQUE_FACTOR (ID_ENFOQUE,ID_FACTOR,ORDEN,FLAG_ESTADO) values ('22','30','4','1');
Insert into MRVMM.T_MAEM_ENFOQUE_FACTOR (ID_ENFOQUE,ID_FACTOR,ORDEN,FLAG_ESTADO) values ('23','31','1','1');
Insert into MRVMM.T_MAEM_ENFOQUE_FACTOR (ID_ENFOQUE,ID_FACTOR,ORDEN,FLAG_ESTADO) values ('23','32','2','1');
Insert into MRVMM.T_MAEM_ENFOQUE_FACTOR (ID_ENFOQUE,ID_FACTOR,ORDEN,FLAG_ESTADO) values ('24','2','1','1');
Insert into MRVMM.T_MAEM_ENFOQUE_FACTOR (ID_ENFOQUE,ID_FACTOR,ORDEN,FLAG_ESTADO) values ('24','11','2','1');
Insert into MRVMM.T_MAEM_ENFOQUE_FACTOR (ID_ENFOQUE,ID_FACTOR,ORDEN,FLAG_ESTADO) values ('24','33','3','1');
Insert into MRVMM.T_MAEM_ENFOQUE_FACTOR (ID_ENFOQUE,ID_FACTOR,ORDEN,FLAG_ESTADO) values ('24','34','4','1');
Insert into MRVMM.T_MAEM_ENFOQUE_FACTOR (ID_ENFOQUE,ID_FACTOR,ORDEN,FLAG_ESTADO) values ('4','1','1','1');
Insert into MRVMM.T_MAEM_ENFOQUE_FACTOR (ID_ENFOQUE,ID_FACTOR,ORDEN,FLAG_ESTADO) values ('4','3','2','1');
Insert into MRVMM.T_MAEM_ENFOQUE_FACTOR (ID_ENFOQUE,ID_FACTOR,ORDEN,FLAG_ESTADO) values ('4','5','3','1');
Insert into MRVMM.T_MAEM_ENFOQUE_FACTOR (ID_ENFOQUE,ID_FACTOR,ORDEN,FLAG_ESTADO) values ('17','2','1','1');
Insert into MRVMM.T_MAEM_ENFOQUE_FACTOR (ID_ENFOQUE,ID_FACTOR,ORDEN,FLAG_ESTADO) values ('17','16','3','1');
Insert into MRVMM.T_MAEM_ENFOQUE_FACTOR (ID_ENFOQUE,ID_FACTOR,ORDEN,FLAG_ESTADO) values ('17','17','4','1');
Insert into MRVMM.T_MAEM_ENFOQUE_FACTOR (ID_ENFOQUE,ID_FACTOR,ORDEN,FLAG_ESTADO) values ('1','1','1','1');
Insert into MRVMM.T_MAEM_ENFOQUE_FACTOR (ID_ENFOQUE,ID_FACTOR,ORDEN,FLAG_ESTADO) values ('1','2','2','1');
Insert into MRVMM.T_MAEM_ENFOQUE_FACTOR (ID_ENFOQUE,ID_FACTOR,ORDEN,FLAG_ESTADO) values ('1','3','3','1');
Insert into MRVMM.T_MAEM_ENFOQUE_FACTOR (ID_ENFOQUE,ID_FACTOR,ORDEN,FLAG_ESTADO) values ('1','4','4','1');
Insert into MRVMM.T_MAEM_ENFOQUE_FACTOR (ID_ENFOQUE,ID_FACTOR,ORDEN,FLAG_ESTADO) values ('2','1','1','1');
Insert into MRVMM.T_MAEM_ENFOQUE_FACTOR (ID_ENFOQUE,ID_FACTOR,ORDEN,FLAG_ESTADO) values ('2','2','2','1');
Insert into MRVMM.T_MAEM_ENFOQUE_FACTOR (ID_ENFOQUE,ID_FACTOR,ORDEN,FLAG_ESTADO) values ('2','4','3','1');
Insert into MRVMM.T_MAEM_ENFOQUE_FACTOR (ID_ENFOQUE,ID_FACTOR,ORDEN,FLAG_ESTADO) values ('3','1','1','1');
Insert into MRVMM.T_MAEM_ENFOQUE_FACTOR (ID_ENFOQUE,ID_FACTOR,ORDEN,FLAG_ESTADO) values ('3','2','2','1');
Insert into MRVMM.T_MAEM_ENFOQUE_FACTOR (ID_ENFOQUE,ID_FACTOR,ORDEN,FLAG_ESTADO) values ('3','3','3','1');
Insert into MRVMM.T_MAEM_ENFOQUE_FACTOR (ID_ENFOQUE,ID_FACTOR,ORDEN,FLAG_ESTADO) values ('3','6','4','1');
Insert into MRVMM.T_MAEM_ENFOQUE_FACTOR (ID_ENFOQUE,ID_FACTOR,ORDEN,FLAG_ESTADO) values ('11','2','1','1');
Insert into MRVMM.T_MAEM_ENFOQUE_FACTOR (ID_ENFOQUE,ID_FACTOR,ORDEN,FLAG_ESTADO) values ('11','11','2','1');
Insert into MRVMM.T_MAEM_ENFOQUE_FACTOR (ID_ENFOQUE,ID_FACTOR,ORDEN,FLAG_ESTADO) values ('12','2','1','1');
Insert into MRVMM.T_MAEM_ENFOQUE_FACTOR (ID_ENFOQUE,ID_FACTOR,ORDEN,FLAG_ESTADO) values ('12','11','2','1');
Insert into MRVMM.T_MAEM_ENFOQUE_FACTOR (ID_ENFOQUE,ID_FACTOR,ORDEN,FLAG_ESTADO) values ('13','2','1','1');
Insert into MRVMM.T_MAEM_ENFOQUE_FACTOR (ID_ENFOQUE,ID_FACTOR,ORDEN,FLAG_ESTADO) values ('13','11','2','1');
Insert into MRVMM.T_MAEM_ENFOQUE_FACTOR (ID_ENFOQUE,ID_FACTOR,ORDEN,FLAG_ESTADO) values ('16','2','1','1');
Insert into MRVMM.T_MAEM_ENFOQUE_FACTOR (ID_ENFOQUE,ID_FACTOR,ORDEN,FLAG_ESTADO) values ('16','11','2','1');
Insert into MRVMM.T_MAEM_ENFOQUE_FACTOR (ID_ENFOQUE,ID_FACTOR,ORDEN,FLAG_ESTADO) values ('16','14','3','1');
Insert into MRVMM.T_MAEM_ENFOQUE_FACTOR (ID_ENFOQUE,ID_FACTOR,ORDEN,FLAG_ESTADO) values ('16','15','4','1');
Insert into MRVMM.T_MAEM_ENFOQUE_FACTOR (ID_ENFOQUE,ID_FACTOR,ORDEN,FLAG_ESTADO) values ('17','11','2','1');
