--------------------------------------------------------
-- Archivo creado  - sábado-enero-04-2020   
--------------------------------------------------------
--------------------------------------------------------
--  DDL for Sequence SQ_GEND_INICIATIVA_ENERG
--------------------------------------------------------

   CREATE SEQUENCE  "USERMRV"."SQ_GEND_INICIATIVA_ENERG"  MINVALUE 1 MAXVALUE 9999999999999999999999999999 INCREMENT BY 1 START WITH 21 CACHE 20 NOORDER  NOCYCLE  NOPARTITION ;
--------------------------------------------------------
--  DDL for Sequence SQ_GEND_INICIATIVA_GEI
--------------------------------------------------------

   CREATE SEQUENCE  "USERMRV"."SQ_GEND_INICIATIVA_GEI"  MINVALUE 1 MAXVALUE 9999999999999999999999999999 INCREMENT BY 1 START WITH 21 CACHE 20 NOORDER  NOCYCLE  NOPARTITION ;
--------------------------------------------------------
--  DDL for Sequence SQ_GEND_INICIATIVA_UBICACION
--------------------------------------------------------

   CREATE SEQUENCE  "USERMRV"."SQ_GEND_INICIATIVA_UBICACION"  MINVALUE 1 MAXVALUE 9999999999999999999999999999 INCREMENT BY 1 START WITH 21 CACHE 20 NOORDER  NOCYCLE  NOPARTITION ;
--------------------------------------------------------
--  DDL for Sequence SQ_GENM_INICIATIVA
--------------------------------------------------------

   CREATE SEQUENCE  "USERMRV"."SQ_GENM_INICIATIVA"  MINVALUE 1 MAXVALUE 9999999999999999999999999999 INCREMENT BY 1 START WITH 21 CACHE 20 NOORDER  NOCYCLE  NOPARTITION ;
--------------------------------------------------------
--  DDL for Sequence SQ_GENM_INSTITUCION
--------------------------------------------------------

   CREATE SEQUENCE  "USERMRV"."SQ_GENM_INSTITUCION"  MINVALUE 1 MAXVALUE 9999999999999999999999999999 INCREMENT BY 1 START WITH 21 CACHE 20 NOORDER  NOCYCLE  NOPARTITION ;
--------------------------------------------------------
--  DDL for Sequence SQ_GENM_USUARIO
--------------------------------------------------------

   CREATE SEQUENCE  "USERMRV"."SQ_GENM_USUARIO"  MINVALUE 1 MAXVALUE 9999999999999999999999999999 INCREMENT BY 1 START WITH 21 CACHE 20 NOORDER  NOCYCLE  NOPARTITION ;
--------------------------------------------------------
--  DDL for Table T_GEND_FACTORVALOR
--------------------------------------------------------

  CREATE TABLE "USERMRV"."T_GEND_FACTORVALOR" 
   (	"ID_FACTORVALOR" NUMBER(*,0), 
	"ID_FACTOR" NUMBER(*,0), 
	"VALOR" NUMBER(10,2)
   ) SEGMENT CREATION DEFERRED 
  PCTFREE 10 PCTUSED 40 INITRANS 1 MAXTRANS 255 
 NOCOMPRESS LOGGING
  TABLESPACE "USERS" ;
--------------------------------------------------------
--  DDL for Table T_GEND_INICIATIVA_COMP
--------------------------------------------------------

  CREATE TABLE "USERMRV"."T_GEND_INICIATIVA_COMP" 
   (	"ID_INICIATIVA_COMP" NUMBER(*,0), 
	"ID_INICIATIVA" NUMBER(*,0), 
	"ID_LISTA" NUMBER(*,0), 
	"VALOR" NUMBER(10,2)
   ) SEGMENT CREATION DEFERRED 
  PCTFREE 10 PCTUSED 40 INITRANS 1 MAXTRANS 255 
 NOCOMPRESS LOGGING
  TABLESPACE "USERS" ;
--------------------------------------------------------
--  DDL for Table T_GEND_INICIATIVA_ENERG
--------------------------------------------------------

  CREATE TABLE "USERMRV"."T_GEND_INICIATIVA_ENERG" 
   (	"ID_INICIATIVA_ENERG" NUMBER(*,0), 
	"ID_INICIATIVA" NUMBER(*,0), 
	"ID_ENERG" NUMBER(*,0), 
	"FLAG_ESTADO" CHAR(1 BYTE)
   ) SEGMENT CREATION IMMEDIATE 
  PCTFREE 10 PCTUSED 40 INITRANS 1 MAXTRANS 255 
 NOCOMPRESS LOGGING
  STORAGE(INITIAL 65536 NEXT 1048576 MINEXTENTS 1 MAXEXTENTS 2147483645
  PCTINCREASE 0 FREELISTS 1 FREELIST GROUPS 1
  BUFFER_POOL DEFAULT FLASH_CACHE DEFAULT CELL_FLASH_CACHE DEFAULT)
  TABLESPACE "USERS" ;
--------------------------------------------------------
--  DDL for Table T_GEND_INICIATIVA_GEI
--------------------------------------------------------

  CREATE TABLE "USERMRV"."T_GEND_INICIATIVA_GEI" 
   (	"ID_INICIATIVA_GEI" NUMBER(*,0), 
	"ID_INICIATIVA" NUMBER(*,0), 
	"ID_GEI" NUMBER(*,0), 
	"FLAG_ESTADO" CHAR(1 BYTE)
   ) SEGMENT CREATION IMMEDIATE 
  PCTFREE 10 PCTUSED 40 INITRANS 1 MAXTRANS 255 
 NOCOMPRESS LOGGING
  STORAGE(INITIAL 65536 NEXT 1048576 MINEXTENTS 1 MAXEXTENTS 2147483645
  PCTINCREASE 0 FREELISTS 1 FREELIST GROUPS 1
  BUFFER_POOL DEFAULT FLASH_CACHE DEFAULT CELL_FLASH_CACHE DEFAULT)
  TABLESPACE "USERS" ;
--------------------------------------------------------
--  DDL for Table T_GEND_INICIATIVA_UBICACION
--------------------------------------------------------

  CREATE TABLE "USERMRV"."T_GEND_INICIATIVA_UBICACION" 
   (	"ID_INICIATIVA_UBICACION" NUMBER(*,0), 
	"ID_INICIATIVA" NUMBER(*,0), 
	"ID_UBICACION" NUMBER(*,0), 
	"FLAG_ESTADO" CHAR(1 BYTE)
   ) SEGMENT CREATION IMMEDIATE 
  PCTFREE 10 PCTUSED 40 INITRANS 1 MAXTRANS 255 
 NOCOMPRESS LOGGING
  STORAGE(INITIAL 65536 NEXT 1048576 MINEXTENTS 1 MAXEXTENTS 2147483645
  PCTINCREASE 0 FREELISTS 1 FREELIST GROUPS 1
  BUFFER_POOL DEFAULT FLASH_CACHE DEFAULT CELL_FLASH_CACHE DEFAULT)
  TABLESPACE "USERS" ;
--------------------------------------------------------
--  DDL for Table T_GEND_INI_TIPDOCAVAL
--------------------------------------------------------

  CREATE TABLE "USERMRV"."T_GEND_INI_TIPDOCAVAL" 
   (	"ID_GEND_INDICOMPU_TIPDOCAVAL" NUMBER(*,0), 
	"ID_TIPDOCAVAL" NUMBER(*,0), 
	"ID_INI_TIPDOCAVAL" CHAR(18 BYTE)
   ) SEGMENT CREATION DEFERRED 
  PCTFREE 10 PCTUSED 40 INITRANS 1 MAXTRANS 255 
 NOCOMPRESS LOGGING
  TABLESPACE "USERS" ;
--------------------------------------------------------
--  DDL for Table T_GEND_SEGUIMIENTO
--------------------------------------------------------

  CREATE TABLE "USERMRV"."T_GEND_SEGUIMIENTO" 
   (	"ID_SEGUIMIENTO" NUMBER(*,0), 
	"ID_USUARIO" NUMBER(*,0), 
	"FECHAREGISTRO" DATE, 
	"DESCRIPCION" VARCHAR2(500 BYTE), 
	"ID_ETAPA" NUMBER(*,0)
   ) SEGMENT CREATION DEFERRED 
  PCTFREE 10 PCTUSED 40 INITRANS 1 MAXTRANS 255 
 NOCOMPRESS LOGGING
  TABLESPACE "USERS" ;
--------------------------------------------------------
--  DDL for Table T_GENM_AYUDA
--------------------------------------------------------

  CREATE TABLE "USERMRV"."T_GENM_AYUDA" 
   (	"ID_AYUDA" NUMBER(*,0), 
	"DES_VIS_ES" VARCHAR2(500 BYTE), 
	"DES_TEC_ES" VARCHAR2(500 BYTE), 
	"DES_VIS_EN" VARCHAR2(500 BYTE), 
	"DES_TEC_EN" VARCHAR2(500 BYTE), 
	"ID_MAEPAGSEC" NUMBER(*,0), 
	"CODIGOAYUDA" VARCHAR2(5 BYTE), 
	"ID_USUARIO" NUMBER(*,0)
   ) SEGMENT CREATION DEFERRED 
  PCTFREE 10 PCTUSED 40 INITRANS 1 MAXTRANS 255 
 NOCOMPRESS LOGGING
  TABLESPACE "USERS" ;
--------------------------------------------------------
--  DDL for Table T_GENM_BLOCKCHAIN
--------------------------------------------------------

  CREATE TABLE "USERMRV"."T_GENM_BLOCKCHAIN" 
   (	"ID_BLOCKCHAIN" NUMBER(*,0), 
	"ID_INICIATIVA" NUMBER(*,0), 
	"HASH" BLOB
   ) SEGMENT CREATION DEFERRED 
  PCTFREE 10 PCTUSED 40 INITRANS 1 MAXTRANS 255 
 NOCOMPRESS LOGGING
  TABLESPACE "USERS" 
 LOB ("HASH") STORE AS SECUREFILE (
  TABLESPACE "USERS" ENABLE STORAGE IN ROW CHUNK 8192
  NOCACHE LOGGING  NOCOMPRESS  KEEP_DUPLICATES ) ;
--------------------------------------------------------
--  DDL for Table T_GENM_ESCENARIO
--------------------------------------------------------

  CREATE TABLE "USERMRV"."T_GENM_ESCENARIO" 
   (	"ID_ESCENARIO" NUMBER(*,0), 
	"ID_MEDMIT" NUMBER(*,0), 
	"ANNO" NUMBER(*,0), 
	"BAU_EMISION" NUMBER(10,2), 
	"MIT_EMISION" NUMBER(10,2), 
	"REDUCCION" NUMBER(10,2), 
	"VALOR_SOFTWARE" NUMBER(10,2), 
	"EXPOST" NUMBER(10,2), 
	"META_ANUAL" NUMBER(10,2), 
	"FLAG_ESTADO" CHAR(1 BYTE)
   ) SEGMENT CREATION DEFERRED 
  PCTFREE 10 PCTUSED 40 INITRANS 1 MAXTRANS 255 
 NOCOMPRESS LOGGING
  TABLESPACE "USERS" ;
--------------------------------------------------------
--  DDL for Table T_GENM_FACTOR
--------------------------------------------------------

  CREATE TABLE "USERMRV"."T_GENM_FACTOR" 
   (	"ID_FACTOR" NUMBER(*,0), 
	"ID_MEDMIT" NUMBER(*,0)
   ) SEGMENT CREATION DEFERRED 
  PCTFREE 10 PCTUSED 40 INITRANS 1 MAXTRANS 255 
 NOCOMPRESS LOGGING
  TABLESPACE "USERS" ;
--------------------------------------------------------
--  DDL for Table T_GENM_INICIATIVA
--------------------------------------------------------

  CREATE TABLE "USERMRV"."T_GENM_INICIATIVA" 
   (	"ID_INICIATIVA" NUMBER(*,0), 
	"ID_MEDMIT" NUMBER(*,0), 
	"ID_USUARIO" NUMBER(*,0), 
	"NOMBRE_INICIATIVA" VARCHAR2(2000 BYTE), 
	"DESC_INICIATIVA" VARCHAR2(2000 BYTE), 
	"ID_ESTADO" NUMBER(*,0), 
	"PRIVACIDAD_INICIATIVA" CHAR(1 BYTE), 
	"INVERSION_INICIATIVA" NUMBER(10,2), 
	"ID_MONEDA" NUMBER(*,0), 
	"FECHA_CREA_INICIATIVA" DATE, 
	"FECHA_IMPLE_INICIATIVA" DATE, 
	"ID_ETAPA" NUMBER(*,0), 
	"USUARIO_REGISTRO" NUMBER(*,0), 
	"FECHA_REGISTRO" DATE, 
	"IP_REGISTRO" VARCHAR2(50 BYTE), 
	"USUARIO_MODIFICA" NUMBER(*,0), 
	"FECHA_MODIFICA" DATE, 
	"IP_MODIFICA" NUMBER(*,0)
   ) SEGMENT CREATION IMMEDIATE 
  PCTFREE 10 PCTUSED 40 INITRANS 1 MAXTRANS 255 
 NOCOMPRESS LOGGING
  STORAGE(INITIAL 65536 NEXT 1048576 MINEXTENTS 1 MAXEXTENTS 2147483645
  PCTINCREASE 0 FREELISTS 1 FREELIST GROUPS 1
  BUFFER_POOL DEFAULT FLASH_CACHE DEFAULT CELL_FLASH_CACHE DEFAULT)
  TABLESPACE "USERS" ;
--------------------------------------------------------
--  DDL for Table T_GENM_INSTITUCION
--------------------------------------------------------

  CREATE TABLE "USERMRV"."T_GENM_INSTITUCION" 
   (	"ID_INSTITUCION" NUMBER(*,0), 
	"ID_SECTOR_INSTITUCION" NUMBER(*,0), 
	"RUC_INSTITUCION" VARCHAR2(20 BYTE), 
	"NOMBRE_INSTITUCION" VARCHAR2(200 BYTE), 
	"DIRECCION_INSTITUCION" VARCHAR2(100 BYTE), 
	"FLAG_ESTADO" CHAR(1 BYTE)
   ) SEGMENT CREATION IMMEDIATE 
  PCTFREE 10 PCTUSED 40 INITRANS 1 MAXTRANS 255 
 NOCOMPRESS LOGGING
  STORAGE(INITIAL 65536 NEXT 1048576 MINEXTENTS 1 MAXEXTENTS 2147483645
  PCTINCREASE 0 FREELISTS 1 FREELIST GROUPS 1
  BUFFER_POOL DEFAULT FLASH_CACHE DEFAULT CELL_FLASH_CACHE DEFAULT)
  TABLESPACE "USERS" ;
--------------------------------------------------------
--  DDL for Table T_GENM_USUARIO
--------------------------------------------------------

  CREATE TABLE "USERMRV"."T_GENM_USUARIO" 
   (	"ID_USUARIO" NUMBER(*,0), 
	"NOMBRES_USUARIO" CHAR(20 BYTE), 
	"APELLIDOS_USUARIO" VARCHAR2(30 BYTE), 
	"ID_INSTITUCION" NUMBER(*,0), 
	"PASSWORD_USUARIO" VARCHAR2(100 BYTE), 
	"EMAIL_USUARIO" VARCHAR2(40 BYTE), 
	"ID_ESTADO_USUARIO" NUMBER(*,0), 
	"TELEFONO_USUARIO" VARCHAR2(20 BYTE), 
	"CELULAR_USUARIO" VARCHAR2(20 BYTE), 
	"FLG_ESTADO" CHAR(1 BYTE), 
	"ID_TERMINOS" NUMBER, 
	"FLG_TERMINOS" CHAR(1 BYTE)
   ) SEGMENT CREATION IMMEDIATE 
  PCTFREE 10 PCTUSED 40 INITRANS 1 MAXTRANS 255 
 NOCOMPRESS LOGGING
  STORAGE(INITIAL 65536 NEXT 1048576 MINEXTENTS 1 MAXEXTENTS 2147483645
  PCTINCREASE 0 FREELISTS 1 FREELIST GROUPS 1
  BUFFER_POOL DEFAULT FLASH_CACHE DEFAULT CELL_FLASH_CACHE DEFAULT)
  TABLESPACE "USERS" ;
--------------------------------------------------------
--  DDL for Table T_MAE_ENERG
--------------------------------------------------------

  CREATE TABLE "USERMRV"."T_MAE_ENERG" 
   (	"ID_ENERG" NUMBER(*,0), 
	"DESCRIPCION" VARCHAR2(100 BYTE), 
	"FLAG_ESTADO" CHAR(1 BYTE)
   ) SEGMENT CREATION IMMEDIATE 
  PCTFREE 10 PCTUSED 40 INITRANS 1 MAXTRANS 255 
 NOCOMPRESS LOGGING
  STORAGE(INITIAL 65536 NEXT 1048576 MINEXTENTS 1 MAXEXTENTS 2147483645
  PCTINCREASE 0 FREELISTS 1 FREELIST GROUPS 1
  BUFFER_POOL DEFAULT FLASH_CACHE DEFAULT CELL_FLASH_CACHE DEFAULT)
  TABLESPACE "USERS" ;
--------------------------------------------------------
--  DDL for Table T_MAE_ESTADO
--------------------------------------------------------

  CREATE TABLE "USERMRV"."T_MAE_ESTADO" 
   (	"ID_ESTADO" NUMBER(*,0), 
	"DESCRIPCION" VARCHAR2(30 BYTE)
   ) SEGMENT CREATION IMMEDIATE 
  PCTFREE 10 PCTUSED 40 INITRANS 1 MAXTRANS 255 
 NOCOMPRESS LOGGING
  STORAGE(INITIAL 65536 NEXT 1048576 MINEXTENTS 1 MAXEXTENTS 2147483645
  PCTINCREASE 0 FREELISTS 1 FREELIST GROUPS 1
  BUFFER_POOL DEFAULT FLASH_CACHE DEFAULT CELL_FLASH_CACHE DEFAULT)
  TABLESPACE "USERS" ;
--------------------------------------------------------
--  DDL for Table T_MAE_ESTADO_USUARIO
--------------------------------------------------------

  CREATE TABLE "USERMRV"."T_MAE_ESTADO_USUARIO" 
   (	"ID_ESTADO_USUARIO" NUMBER(*,0), 
	"DESCRIPCION" VARCHAR2(50 BYTE)
   ) SEGMENT CREATION IMMEDIATE 
  PCTFREE 10 PCTUSED 40 INITRANS 1 MAXTRANS 255 
 NOCOMPRESS LOGGING
  STORAGE(INITIAL 65536 NEXT 1048576 MINEXTENTS 1 MAXEXTENTS 2147483645
  PCTINCREASE 0 FREELISTS 1 FREELIST GROUPS 1
  BUFFER_POOL DEFAULT FLASH_CACHE DEFAULT CELL_FLASH_CACHE DEFAULT)
  TABLESPACE "USERS" ;
--------------------------------------------------------
--  DDL for Table T_MAE_ETAPA
--------------------------------------------------------

  CREATE TABLE "USERMRV"."T_MAE_ETAPA" 
   (	"ID_ETAPA" NUMBER(*,0), 
	"DESCRIPCION" VARCHAR2(50 BYTE)
   ) SEGMENT CREATION IMMEDIATE 
  PCTFREE 10 PCTUSED 40 INITRANS 1 MAXTRANS 255 
 NOCOMPRESS LOGGING
  STORAGE(INITIAL 65536 NEXT 1048576 MINEXTENTS 1 MAXEXTENTS 2147483645
  PCTINCREASE 0 FREELISTS 1 FREELIST GROUPS 1
  BUFFER_POOL DEFAULT FLASH_CACHE DEFAULT CELL_FLASH_CACHE DEFAULT)
  TABLESPACE "USERS" ;
--------------------------------------------------------
--  DDL for Table T_MAE_F_BAU
--------------------------------------------------------

  CREATE TABLE "USERMRV"."T_MAE_F_BAU" 
   (	"ID_F_BAU" NUMBER(*,0), 
	"ID_TIPO_VEHICULO" NUMBER(*,0), 
	"ID_TIPO_COMBUSTIBLE" NUMBER(*,0), 
	"ANNO" NUMBER(*,0), 
	"FACTOR" NUMBER(18,4)
   ) SEGMENT CREATION IMMEDIATE 
  PCTFREE 10 PCTUSED 40 INITRANS 1 MAXTRANS 255 
 NOCOMPRESS LOGGING
  STORAGE(INITIAL 65536 NEXT 1048576 MINEXTENTS 1 MAXEXTENTS 2147483645
  PCTINCREASE 0 FREELISTS 1 FREELIST GROUPS 1
  BUFFER_POOL DEFAULT FLASH_CACHE DEFAULT CELL_FLASH_CACHE DEFAULT)
  TABLESPACE "USERS" ;
--------------------------------------------------------
--  DDL for Table T_MAE_F_MIT
--------------------------------------------------------

  CREATE TABLE "USERMRV"."T_MAE_F_MIT" 
   (	"ID_F_MIT" NUMBER(*,0), 
	"ID_TIPO_VEHICULO" NUMBER(*,0), 
	"ID_TIPO_FUENTE" NUMBER(*,0), 
	"ANNO" NUMBER(*,0), 
	"FACTOR" NUMBER(18,4)
   ) SEGMENT CREATION IMMEDIATE 
  PCTFREE 10 PCTUSED 40 INITRANS 1 MAXTRANS 255 
 NOCOMPRESS LOGGING
  STORAGE(INITIAL 65536 NEXT 1048576 MINEXTENTS 1 MAXEXTENTS 2147483645
  PCTINCREASE 0 FREELISTS 1 FREELIST GROUPS 1
  BUFFER_POOL DEFAULT FLASH_CACHE DEFAULT CELL_FLASH_CACHE DEFAULT)
  TABLESPACE "USERS" ;
--------------------------------------------------------
--  DDL for Table T_MAE_F_PER
--------------------------------------------------------

  CREATE TABLE "USERMRV"."T_MAE_F_PER" 
   (	"ID_F_PER" NUMBER(*,0), 
	"ANNO" NUMBER(*,0), 
	"FACTOR" NUMBER(18,4)
   ) SEGMENT CREATION IMMEDIATE 
  PCTFREE 10 PCTUSED 40 INITRANS 1 MAXTRANS 255 
 NOCOMPRESS LOGGING
  STORAGE(INITIAL 65536 NEXT 1048576 MINEXTENTS 1 MAXEXTENTS 2147483645
  PCTINCREASE 0 FREELISTS 1 FREELIST GROUPS 1
  BUFFER_POOL DEFAULT FLASH_CACHE DEFAULT CELL_FLASH_CACHE DEFAULT)
  TABLESPACE "USERS" ;
--------------------------------------------------------
--  DDL for Table T_MAE_GEI
--------------------------------------------------------

  CREATE TABLE "USERMRV"."T_MAE_GEI" 
   (	"ID_GEI" NUMBER(*,0), 
	"DESCRIPCION" VARCHAR2(50 BYTE), 
	"FLAG_ESTADO" CHAR(1 BYTE)
   ) SEGMENT CREATION IMMEDIATE 
  PCTFREE 10 PCTUSED 40 INITRANS 1 MAXTRANS 255 
 NOCOMPRESS LOGGING
  STORAGE(INITIAL 65536 NEXT 1048576 MINEXTENTS 1 MAXEXTENTS 2147483645
  PCTINCREASE 0 FREELISTS 1 FREELIST GROUPS 1
  BUFFER_POOL DEFAULT FLASH_CACHE DEFAULT CELL_FLASH_CACHE DEFAULT)
  TABLESPACE "USERS" ;
--------------------------------------------------------
--  DDL for Table T_MAE_LISTA
--------------------------------------------------------

  CREATE TABLE "USERMRV"."T_MAE_LISTA" 
   (	"ID_LISTA" NUMBER(*,0), 
	"DESCRIPCION" VARCHAR2(30 BYTE)
   ) SEGMENT CREATION DEFERRED 
  PCTFREE 10 PCTUSED 40 INITRANS 1 MAXTRANS 255 
 NOCOMPRESS LOGGING
  TABLESPACE "USERS" ;
--------------------------------------------------------
--  DDL for Table T_MAE_MEDMIT
--------------------------------------------------------

  CREATE TABLE "USERMRV"."T_MAE_MEDMIT" 
   (	"ID_MEDMIT" NUMBER(*,0), 
	"NUMERO_MEDMIT" VARCHAR2(100 BYTE), 
	"NOMBRE_MEDMIT" VARCHAR2(100 BYTE), 
	"DESCRIPCION_MEDMIT" VARCHAR2(2000 BYTE), 
	"ID_NAMA" NUMBER(*,0), 
	"OBJETIVO_MEDMIT" VARCHAR2(2000 BYTE), 
	"IPSC_MEDMIT" VARCHAR2(50 BYTE), 
	"FLAG_ESTADO" CHAR(1 BYTE)
   ) SEGMENT CREATION IMMEDIATE 
  PCTFREE 10 PCTUSED 40 INITRANS 1 MAXTRANS 255 
 NOCOMPRESS LOGGING
  STORAGE(INITIAL 65536 NEXT 1048576 MINEXTENTS 1 MAXEXTENTS 2147483645
  PCTINCREASE 0 FREELISTS 1 FREELIST GROUPS 1
  BUFFER_POOL DEFAULT FLASH_CACHE DEFAULT CELL_FLASH_CACHE DEFAULT)
  TABLESPACE "USERS" ;
--------------------------------------------------------
--  DDL for Table T_MAE_MONEDA
--------------------------------------------------------

  CREATE TABLE "USERMRV"."T_MAE_MONEDA" 
   (	"ID_MONEDA" NUMBER(*,0), 
	"DESCRIPCION" VARCHAR2(20 BYTE)
   ) SEGMENT CREATION IMMEDIATE 
  PCTFREE 10 PCTUSED 40 INITRANS 1 MAXTRANS 255 
 NOCOMPRESS LOGGING
  STORAGE(INITIAL 65536 NEXT 1048576 MINEXTENTS 1 MAXEXTENTS 2147483645
  PCTINCREASE 0 FREELISTS 1 FREELIST GROUPS 1
  BUFFER_POOL DEFAULT FLASH_CACHE DEFAULT CELL_FLASH_CACHE DEFAULT)
  TABLESPACE "USERS" ;
--------------------------------------------------------
--  DDL for Table T_MAE_NAMA
--------------------------------------------------------

  CREATE TABLE "USERMRV"."T_MAE_NAMA" 
   (	"ID_NAMA" NUMBER(*,0), 
	"DESCRIPCION_NAMA" VARCHAR2(100 BYTE), 
	"FLG_ESTADO" CHAR(1 BYTE)
   ) SEGMENT CREATION IMMEDIATE 
  PCTFREE 10 PCTUSED 40 INITRANS 1 MAXTRANS 255 
 NOCOMPRESS LOGGING
  STORAGE(INITIAL 65536 NEXT 1048576 MINEXTENTS 1 MAXEXTENTS 2147483645
  PCTINCREASE 0 FREELISTS 1 FREELIST GROUPS 1
  BUFFER_POOL DEFAULT FLASH_CACHE DEFAULT CELL_FLASH_CACHE DEFAULT)
  TABLESPACE "USERS" ;
--------------------------------------------------------
--  DDL for Table T_MAE_OPCION
--------------------------------------------------------

  CREATE TABLE "USERMRV"."T_MAE_OPCION" 
   (	"ID_OPCION" NUMBER, 
	"DES_OPCION" VARCHAR2(200 BYTE), 
	"FLG_ESTADO" CHAR(1 BYTE), 
	"DES_URL" VARCHAR2(128 BYTE), 
	"DES_URLIMAGEN" VARCHAR2(128 BYTE), 
	"DES_URLLABEL" VARCHAR2(128 BYTE), 
	"DES_FUNCION_INI" VARCHAR2(100 BYTE), 
	"NUM_ORDEN" NUMBER(4,0), 
	"NUM_NIVEL" NUMBER(4,0), 
	"ID_OPCION_PADRE" NUMBER, 
	"ID_TIPO_OPCION" NUMBER
   ) SEGMENT CREATION IMMEDIATE 
  PCTFREE 10 PCTUSED 40 INITRANS 1 MAXTRANS 255 
 NOCOMPRESS LOGGING
  STORAGE(INITIAL 65536 NEXT 1048576 MINEXTENTS 1 MAXEXTENTS 2147483645
  PCTINCREASE 0 FREELISTS 1 FREELIST GROUPS 1
  BUFFER_POOL DEFAULT FLASH_CACHE DEFAULT CELL_FLASH_CACHE DEFAULT)
  TABLESPACE "USERS" ;
--------------------------------------------------------
--  DDL for Table T_MAE_OPCION_ROL
--------------------------------------------------------

  CREATE TABLE "USERMRV"."T_MAE_OPCION_ROL" 
   (	"ID_OPCION" NUMBER(*,0), 
	"ID_ROL" NUMBER(*,0), 
	"FLG_ESTADO" CHAR(1 BYTE)
   ) SEGMENT CREATION IMMEDIATE 
  PCTFREE 10 PCTUSED 40 INITRANS 1 MAXTRANS 255 
 NOCOMPRESS LOGGING
  STORAGE(INITIAL 65536 NEXT 1048576 MINEXTENTS 1 MAXEXTENTS 2147483645
  PCTINCREASE 0 FREELISTS 1 FREELIST GROUPS 1
  BUFFER_POOL DEFAULT FLASH_CACHE DEFAULT CELL_FLASH_CACHE DEFAULT)
  TABLESPACE "USERS" ;
--------------------------------------------------------
--  DDL for Table T_MAE_PAGINA
--------------------------------------------------------

  CREATE TABLE "USERMRV"."T_MAE_PAGINA" 
   (	"ID_PAGINA" NUMBER(*,0), 
	"CODIGO_PAGINA" VARCHAR2(10 BYTE), 
	"DESCRIPCION" VARCHAR2(20 BYTE)
   ) SEGMENT CREATION DEFERRED 
  PCTFREE 10 PCTUSED 40 INITRANS 1 MAXTRANS 255 
 NOCOMPRESS LOGGING
  TABLESPACE "USERS" ;
--------------------------------------------------------
--  DDL for Table T_MAE_PLAZO
--------------------------------------------------------

  CREATE TABLE "USERMRV"."T_MAE_PLAZO" 
   (	"ID_PLAZO" NUMBER(*,0), 
	"DIAS_PLAZO" NUMBER(*,0), 
	"ID_ETAPA" NUMBER(*,0)
   ) SEGMENT CREATION DEFERRED 
  PCTFREE 10 PCTUSED 40 INITRANS 1 MAXTRANS 255 
 NOCOMPRESS LOGGING
  TABLESPACE "USERS" ;
--------------------------------------------------------
--  DDL for Table T_MAE_ROL
--------------------------------------------------------

  CREATE TABLE "USERMRV"."T_MAE_ROL" 
   (	"ID_ROL" NUMBER(*,0), 
	"DESCRIPCION_ROL" VARCHAR2(50 BYTE), 
	"FLG_ESTADO" CHAR(1 BYTE)
   ) SEGMENT CREATION IMMEDIATE 
  PCTFREE 10 PCTUSED 40 INITRANS 1 MAXTRANS 255 
 NOCOMPRESS LOGGING
  STORAGE(INITIAL 65536 NEXT 1048576 MINEXTENTS 1 MAXEXTENTS 2147483645
  PCTINCREASE 0 FREELISTS 1 FREELIST GROUPS 1
  BUFFER_POOL DEFAULT FLASH_CACHE DEFAULT CELL_FLASH_CACHE DEFAULT)
  TABLESPACE "USERS" ;
--------------------------------------------------------
--  DDL for Table T_MAE_SECTOR_INST
--------------------------------------------------------

  CREATE TABLE "USERMRV"."T_MAE_SECTOR_INST" 
   (	"ID_SECTOR_INST" NUMBER(*,0), 
	"DESCRIPCION" VARCHAR2(50 BYTE), 
	"FLAG_ESTADO" CHAR(1 BYTE)
   ) SEGMENT CREATION IMMEDIATE 
  PCTFREE 10 PCTUSED 40 INITRANS 1 MAXTRANS 255 
 NOCOMPRESS LOGGING
  STORAGE(INITIAL 65536 NEXT 1048576 MINEXTENTS 1 MAXEXTENTS 2147483645
  PCTINCREASE 0 FREELISTS 1 FREELIST GROUPS 1
  BUFFER_POOL DEFAULT FLASH_CACHE DEFAULT CELL_FLASH_CACHE DEFAULT)
  TABLESPACE "USERS" ;
--------------------------------------------------------
--  DDL for Table T_MAE_TERMINOS
--------------------------------------------------------

  CREATE TABLE "USERMRV"."T_MAE_TERMINOS" 
   (	"ID_TERMINOS" NUMBER(*,0), 
	"ID_ROL" NUMBER(*,0), 
	"CONDICIONES_TERMINOS" VARCHAR2(4000 BYTE)
   ) SEGMENT CREATION IMMEDIATE 
  PCTFREE 10 PCTUSED 40 INITRANS 1 MAXTRANS 255 
 NOCOMPRESS LOGGING
  STORAGE(INITIAL 65536 NEXT 1048576 MINEXTENTS 1 MAXEXTENTS 2147483645
  PCTINCREASE 0 FREELISTS 1 FREELIST GROUPS 1
  BUFFER_POOL DEFAULT FLASH_CACHE DEFAULT CELL_FLASH_CACHE DEFAULT)
  TABLESPACE "USERS" ;
--------------------------------------------------------
--  DDL for Table T_MAE_TIPO_COMBUSTIBLE
--------------------------------------------------------

  CREATE TABLE "USERMRV"."T_MAE_TIPO_COMBUSTIBLE" 
   (	"ID_TIPO_COMBUSTIBLE" NUMBER(*,0), 
	"DESCRIPCION" VARCHAR2(100 BYTE)
   ) SEGMENT CREATION IMMEDIATE 
  PCTFREE 10 PCTUSED 40 INITRANS 1 MAXTRANS 255 
 NOCOMPRESS LOGGING
  STORAGE(INITIAL 65536 NEXT 1048576 MINEXTENTS 1 MAXEXTENTS 2147483645
  PCTINCREASE 0 FREELISTS 1 FREELIST GROUPS 1
  BUFFER_POOL DEFAULT FLASH_CACHE DEFAULT CELL_FLASH_CACHE DEFAULT)
  TABLESPACE "USERS" ;
--------------------------------------------------------
--  DDL for Table T_MAE_TIPO_FUENTE
--------------------------------------------------------

  CREATE TABLE "USERMRV"."T_MAE_TIPO_FUENTE" 
   (	"ID_TIPO_FUENTE" NUMBER(*,0), 
	"DESCRIPCION" VARCHAR2(100 BYTE)
   ) SEGMENT CREATION IMMEDIATE 
  PCTFREE 10 PCTUSED 40 INITRANS 1 MAXTRANS 255 
 NOCOMPRESS LOGGING
  STORAGE(INITIAL 65536 NEXT 1048576 MINEXTENTS 1 MAXEXTENTS 2147483645
  PCTINCREASE 0 FREELISTS 1 FREELIST GROUPS 1
  BUFFER_POOL DEFAULT FLASH_CACHE DEFAULT CELL_FLASH_CACHE DEFAULT)
  TABLESPACE "USERS" ;
--------------------------------------------------------
--  DDL for Table T_MAE_TIPO_OPCION
--------------------------------------------------------

  CREATE TABLE "USERMRV"."T_MAE_TIPO_OPCION" 
   (	"ID_TIPO_OPCION" NUMBER, 
	"DES_TIPO_OPCION" VARCHAR2(60 BYTE), 
	"SIGLA" CHAR(3 BYTE)
   ) SEGMENT CREATION IMMEDIATE 
  PCTFREE 10 PCTUSED 40 INITRANS 1 MAXTRANS 255 
 NOCOMPRESS LOGGING
  STORAGE(INITIAL 65536 NEXT 1048576 MINEXTENTS 1 MAXEXTENTS 2147483645
  PCTINCREASE 0 FREELISTS 1 FREELIST GROUPS 1
  BUFFER_POOL DEFAULT FLASH_CACHE DEFAULT CELL_FLASH_CACHE DEFAULT)
  TABLESPACE "USERS" ;
--------------------------------------------------------
--  DDL for Table T_MAE_TIPO_VEHICULO
--------------------------------------------------------

  CREATE TABLE "USERMRV"."T_MAE_TIPO_VEHICULO" 
   (	"ID_TIPO_VEHICULO" NUMBER(*,0), 
	"DESCRIPCION" VARCHAR2(100 BYTE)
   ) SEGMENT CREATION IMMEDIATE 
  PCTFREE 10 PCTUSED 40 INITRANS 1 MAXTRANS 255 
 NOCOMPRESS LOGGING
  STORAGE(INITIAL 65536 NEXT 1048576 MINEXTENTS 1 MAXEXTENTS 2147483645
  PCTINCREASE 0 FREELISTS 1 FREELIST GROUPS 1
  BUFFER_POOL DEFAULT FLASH_CACHE DEFAULT CELL_FLASH_CACHE DEFAULT)
  TABLESPACE "USERS" ;
--------------------------------------------------------
--  DDL for Table T_MAE_UBICACION
--------------------------------------------------------

  CREATE TABLE "USERMRV"."T_MAE_UBICACION" 
   (	"ID_UBICACION" NUMBER(*,0), 
	"DESCRIPCION" VARCHAR2(20 BYTE), 
	"FLG_ESTADO" CHAR(1 BYTE)
   ) SEGMENT CREATION IMMEDIATE 
  PCTFREE 10 PCTUSED 40 INITRANS 1 MAXTRANS 255 
 NOCOMPRESS LOGGING
  STORAGE(INITIAL 65536 NEXT 1048576 MINEXTENTS 1 MAXEXTENTS 2147483645
  PCTINCREASE 0 FREELISTS 1 FREELIST GROUPS 1
  BUFFER_POOL DEFAULT FLASH_CACHE DEFAULT CELL_FLASH_CACHE DEFAULT)
  TABLESPACE "USERS" ;
--------------------------------------------------------
--  DDL for Table T_MAE_USUARIO_ROL
--------------------------------------------------------

  CREATE TABLE "USERMRV"."T_MAE_USUARIO_ROL" 
   (	"ID_USUARIO" NUMBER(*,0), 
	"ID_ROL" NUMBER(*,0), 
	"FLG_ESTADO" CHAR(1 BYTE), 
	"DES_COMENTARIO" VARCHAR2(250 BYTE)
   ) SEGMENT CREATION DEFERRED 
  PCTFREE 10 PCTUSED 40 INITRANS 1 MAXTRANS 255 
 NOCOMPRESS LOGGING
  TABLESPACE "USERS" ;
REM INSERTING into USERMRV.T_GEND_FACTORVALOR
SET DEFINE OFF;
REM INSERTING into USERMRV.T_GEND_INICIATIVA_COMP
SET DEFINE OFF;
REM INSERTING into USERMRV.T_GEND_INICIATIVA_ENERG
SET DEFINE OFF;
Insert into USERMRV.T_GEND_INICIATIVA_ENERG (ID_INICIATIVA_ENERG,ID_INICIATIVA,ID_ENERG,FLAG_ESTADO) values ('1','4','1','0');
Insert into USERMRV.T_GEND_INICIATIVA_ENERG (ID_INICIATIVA_ENERG,ID_INICIATIVA,ID_ENERG,FLAG_ESTADO) values ('2','4','2','0');
Insert into USERMRV.T_GEND_INICIATIVA_ENERG (ID_INICIATIVA_ENERG,ID_INICIATIVA,ID_ENERG,FLAG_ESTADO) values ('3','8','2','1');
Insert into USERMRV.T_GEND_INICIATIVA_ENERG (ID_INICIATIVA_ENERG,ID_INICIATIVA,ID_ENERG,FLAG_ESTADO) values ('5','10','2','1');
Insert into USERMRV.T_GEND_INICIATIVA_ENERG (ID_INICIATIVA_ENERG,ID_INICIATIVA,ID_ENERG,FLAG_ESTADO) values ('4','9','1','1');
REM INSERTING into USERMRV.T_GEND_INICIATIVA_GEI
SET DEFINE OFF;
Insert into USERMRV.T_GEND_INICIATIVA_GEI (ID_INICIATIVA_GEI,ID_INICIATIVA,ID_GEI,FLAG_ESTADO) values ('1','8','2','1');
Insert into USERMRV.T_GEND_INICIATIVA_GEI (ID_INICIATIVA_GEI,ID_INICIATIVA,ID_GEI,FLAG_ESTADO) values ('3','10','2','1');
Insert into USERMRV.T_GEND_INICIATIVA_GEI (ID_INICIATIVA_GEI,ID_INICIATIVA,ID_GEI,FLAG_ESTADO) values ('2','9','1','1');
REM INSERTING into USERMRV.T_GEND_INICIATIVA_UBICACION
SET DEFINE OFF;
Insert into USERMRV.T_GEND_INICIATIVA_UBICACION (ID_INICIATIVA_UBICACION,ID_INICIATIVA,ID_UBICACION,FLAG_ESTADO) values ('1','8','3','1');
Insert into USERMRV.T_GEND_INICIATIVA_UBICACION (ID_INICIATIVA_UBICACION,ID_INICIATIVA,ID_UBICACION,FLAG_ESTADO) values ('2','8','4','1');
Insert into USERMRV.T_GEND_INICIATIVA_UBICACION (ID_INICIATIVA_UBICACION,ID_INICIATIVA,ID_UBICACION,FLAG_ESTADO) values ('3','8','8','1');
Insert into USERMRV.T_GEND_INICIATIVA_UBICACION (ID_INICIATIVA_UBICACION,ID_INICIATIVA,ID_UBICACION,FLAG_ESTADO) values ('7','10','1','1');
Insert into USERMRV.T_GEND_INICIATIVA_UBICACION (ID_INICIATIVA_UBICACION,ID_INICIATIVA,ID_UBICACION,FLAG_ESTADO) values ('8','10','2','1');
Insert into USERMRV.T_GEND_INICIATIVA_UBICACION (ID_INICIATIVA_UBICACION,ID_INICIATIVA,ID_UBICACION,FLAG_ESTADO) values ('9','10','3','1');
Insert into USERMRV.T_GEND_INICIATIVA_UBICACION (ID_INICIATIVA_UBICACION,ID_INICIATIVA,ID_UBICACION,FLAG_ESTADO) values ('4','9','3','1');
Insert into USERMRV.T_GEND_INICIATIVA_UBICACION (ID_INICIATIVA_UBICACION,ID_INICIATIVA,ID_UBICACION,FLAG_ESTADO) values ('5','9','5','1');
Insert into USERMRV.T_GEND_INICIATIVA_UBICACION (ID_INICIATIVA_UBICACION,ID_INICIATIVA,ID_UBICACION,FLAG_ESTADO) values ('6','9','7','1');
REM INSERTING into USERMRV.T_GEND_INI_TIPDOCAVAL
SET DEFINE OFF;
REM INSERTING into USERMRV.T_GEND_SEGUIMIENTO
SET DEFINE OFF;
REM INSERTING into USERMRV.T_GENM_AYUDA
SET DEFINE OFF;
REM INSERTING into USERMRV.T_GENM_BLOCKCHAIN
SET DEFINE OFF;
REM INSERTING into USERMRV.T_GENM_ESCENARIO
SET DEFINE OFF;
REM INSERTING into USERMRV.T_GENM_FACTOR
SET DEFINE OFF;
REM INSERTING into USERMRV.T_GENM_INICIATIVA
SET DEFINE OFF;
Insert into USERMRV.T_GENM_INICIATIVA (ID_INICIATIVA,ID_MEDMIT,ID_USUARIO,NOMBRE_INICIATIVA,DESC_INICIATIVA,ID_ESTADO,PRIVACIDAD_INICIATIVA,INVERSION_INICIATIVA,ID_MONEDA,FECHA_CREA_INICIATIVA,FECHA_IMPLE_INICIATIVA,ID_ETAPA,USUARIO_REGISTRO,FECHA_REGISTRO,IP_REGISTRO,USUARIO_MODIFICA,FECHA_MODIFICA,IP_MODIFICA) values ('4','1','1','ENERGIA EOLICA','CONSTRUIR HELICES QUE PERMITAN OBTENER ENERGIA A TRAVES DE LA FUERZA DEL VIENTO','1','1','20000','2',null,to_date('18/01/20','DD/MM/RR'),'1',null,null,null,null,null,null);
Insert into USERMRV.T_GENM_INICIATIVA (ID_INICIATIVA,ID_MEDMIT,ID_USUARIO,NOMBRE_INICIATIVA,DESC_INICIATIVA,ID_ESTADO,PRIVACIDAD_INICIATIVA,INVERSION_INICIATIVA,ID_MONEDA,FECHA_CREA_INICIATIVA,FECHA_IMPLE_INICIATIVA,ID_ETAPA,USUARIO_REGISTRO,FECHA_REGISTRO,IP_REGISTRO,USUARIO_MODIFICA,FECHA_MODIFICA,IP_MODIFICA) values ('5','1','1','ENERGIA EOLICA','CONSTRUIR HELICES QUE PERMITAN OBTENER ENERGIA A TRAVES DE LA FUERZA DEL VIENTO','1','1','20000','2',null,to_date('18/01/20','DD/MM/RR'),'1',null,null,null,null,null,null);
Insert into USERMRV.T_GENM_INICIATIVA (ID_INICIATIVA,ID_MEDMIT,ID_USUARIO,NOMBRE_INICIATIVA,DESC_INICIATIVA,ID_ESTADO,PRIVACIDAD_INICIATIVA,INVERSION_INICIATIVA,ID_MONEDA,FECHA_CREA_INICIATIVA,FECHA_IMPLE_INICIATIVA,ID_ETAPA,USUARIO_REGISTRO,FECHA_REGISTRO,IP_REGISTRO,USUARIO_MODIFICA,FECHA_MODIFICA,IP_MODIFICA) values ('7','0','0',null,null,'1','1','0','0',null,to_date('01/01/01','DD/MM/RR'),'1',null,null,null,null,null,null);
Insert into USERMRV.T_GENM_INICIATIVA (ID_INICIATIVA,ID_MEDMIT,ID_USUARIO,NOMBRE_INICIATIVA,DESC_INICIATIVA,ID_ESTADO,PRIVACIDAD_INICIATIVA,INVERSION_INICIATIVA,ID_MONEDA,FECHA_CREA_INICIATIVA,FECHA_IMPLE_INICIATIVA,ID_ETAPA,USUARIO_REGISTRO,FECHA_REGISTRO,IP_REGISTRO,USUARIO_MODIFICA,FECHA_MODIFICA,IP_MODIFICA) values ('8','4','1','INICIATIVA MEJORAR ENERGÍA RENOVABLE','ENERGIA PARA POSTES Y PLAZAS','1','0','5000','2',null,to_date('10/01/20','DD/MM/RR'),'1',null,null,null,null,null,null);
Insert into USERMRV.T_GENM_INICIATIVA (ID_INICIATIVA,ID_MEDMIT,ID_USUARIO,NOMBRE_INICIATIVA,DESC_INICIATIVA,ID_ESTADO,PRIVACIDAD_INICIATIVA,INVERSION_INICIATIVA,ID_MONEDA,FECHA_CREA_INICIATIVA,FECHA_IMPLE_INICIATIVA,ID_ETAPA,USUARIO_REGISTRO,FECHA_REGISTRO,IP_REGISTRO,USUARIO_MODIFICA,FECHA_MODIFICA,IP_MODIFICA) values ('1','10','1','ENERGIA RENOVABLE','UTILIZAR RESIDUOS ORGÁNICOS PARA GENERAR ENERGÍA','1','1','1500','2',null,to_date('16/01/20','DD/MM/RR'),'1',null,null,null,null,null,null);
Insert into USERMRV.T_GENM_INICIATIVA (ID_INICIATIVA,ID_MEDMIT,ID_USUARIO,NOMBRE_INICIATIVA,DESC_INICIATIVA,ID_ESTADO,PRIVACIDAD_INICIATIVA,INVERSION_INICIATIVA,ID_MONEDA,FECHA_CREA_INICIATIVA,FECHA_IMPLE_INICIATIVA,ID_ETAPA,USUARIO_REGISTRO,FECHA_REGISTRO,IP_REGISTRO,USUARIO_MODIFICA,FECHA_MODIFICA,IP_MODIFICA) values ('2','12','1','REDUCCION CO2','PANELES DE CAPTACION DE CO2','1','1','2000','2',null,to_date('22/01/20','DD/MM/RR'),'1',null,null,null,null,null,null);
Insert into USERMRV.T_GENM_INICIATIVA (ID_INICIATIVA,ID_MEDMIT,ID_USUARIO,NOMBRE_INICIATIVA,DESC_INICIATIVA,ID_ESTADO,PRIVACIDAD_INICIATIVA,INVERSION_INICIATIVA,ID_MONEDA,FECHA_CREA_INICIATIVA,FECHA_IMPLE_INICIATIVA,ID_ETAPA,USUARIO_REGISTRO,FECHA_REGISTRO,IP_REGISTRO,USUARIO_MODIFICA,FECHA_MODIFICA,IP_MODIFICA) values ('3','9','1','REDUCCION CH4','IMPLEMENTAR TORRES DE ABSORCIÓN DE CH4 Y TRANSFORMARLO EN OXIGENO ','1','1','3000','2',null,to_date('15/01/20','DD/MM/RR'),'1',null,null,null,null,null,null);
Insert into USERMRV.T_GENM_INICIATIVA (ID_INICIATIVA,ID_MEDMIT,ID_USUARIO,NOMBRE_INICIATIVA,DESC_INICIATIVA,ID_ESTADO,PRIVACIDAD_INICIATIVA,INVERSION_INICIATIVA,ID_MONEDA,FECHA_CREA_INICIATIVA,FECHA_IMPLE_INICIATIVA,ID_ETAPA,USUARIO_REGISTRO,FECHA_REGISTRO,IP_REGISTRO,USUARIO_MODIFICA,FECHA_MODIFICA,IP_MODIFICA) values ('10','6','1','PRUEBA 2','DESC PRUEBA 2','1','1','9000','2',null,to_date('16/01/20','DD/MM/RR'),'1',null,null,null,null,null,null);
Insert into USERMRV.T_GENM_INICIATIVA (ID_INICIATIVA,ID_MEDMIT,ID_USUARIO,NOMBRE_INICIATIVA,DESC_INICIATIVA,ID_ESTADO,PRIVACIDAD_INICIATIVA,INVERSION_INICIATIVA,ID_MONEDA,FECHA_CREA_INICIATIVA,FECHA_IMPLE_INICIATIVA,ID_ETAPA,USUARIO_REGISTRO,FECHA_REGISTRO,IP_REGISTRO,USUARIO_MODIFICA,FECHA_MODIFICA,IP_MODIFICA) values ('6','11','1','GENERAR ENERGIA ','A TRAVES DE LAS CORRIENTES DE RIOS Y LA FUERZA DE LOS VIENTOS','1','1','3000','1',null,to_date('16/01/20','DD/MM/RR'),'1',null,null,null,null,null,null);
Insert into USERMRV.T_GENM_INICIATIVA (ID_INICIATIVA,ID_MEDMIT,ID_USUARIO,NOMBRE_INICIATIVA,DESC_INICIATIVA,ID_ESTADO,PRIVACIDAD_INICIATIVA,INVERSION_INICIATIVA,ID_MONEDA,FECHA_CREA_INICIATIVA,FECHA_IMPLE_INICIATIVA,ID_ETAPA,USUARIO_REGISTRO,FECHA_REGISTRO,IP_REGISTRO,USUARIO_MODIFICA,FECHA_MODIFICA,IP_MODIFICA) values ('9','4','1','PRUEBA 1','DESC PRUEBA 1','1','1','5900','2',null,to_date('31/01/20','DD/MM/RR'),'1',null,null,null,null,null,null);
REM INSERTING into USERMRV.T_GENM_INSTITUCION
SET DEFINE OFF;
Insert into USERMRV.T_GENM_INSTITUCION (ID_INSTITUCION,ID_SECTOR_INSTITUCION,RUC_INSTITUCION,NOMBRE_INSTITUCION,DIRECCION_INSTITUCION,FLAG_ESTADO) values ('1','3','20148092282','UNIVERSIDAD NACIONAL MAYOR DE SAN MARCOS','CAL.GERMAN AMEZAGA NRO. 375 OTROS LIMA - LIMA - LIMA',null);
Insert into USERMRV.T_GENM_INSTITUCION (ID_INSTITUCION,ID_SECTOR_INSTITUCION,RUC_INSTITUCION,NOMBRE_INSTITUCION,DIRECCION_INSTITUCION,FLAG_ESTADO) values ('3','1','20131368829','MINISTERIO DE ENERGIA Y MINAS','AV. LAS ARTES NRO. 260 URB. SAN BORJA LIMA - LIMA - SAN BORJA',null);
Insert into USERMRV.T_GENM_INSTITUCION (ID_INSTITUCION,ID_SECTOR_INSTITUCION,RUC_INSTITUCION,NOMBRE_INSTITUCION,DIRECCION_INSTITUCION,FLAG_ESTADO) values ('2','2','20198759349','BACKUPS','AV TUPAC AMARU 1239',null);
Insert into USERMRV.T_GENM_INSTITUCION (ID_INSTITUCION,ID_SECTOR_INSTITUCION,RUC_INSTITUCION,NOMBRE_INSTITUCION,DIRECCION_INSTITUCION,FLAG_ESTADO) values ('4','2','20879456768','IBM','Av. Javier Prado 754 ',null);
REM INSERTING into USERMRV.T_GENM_USUARIO
SET DEFINE OFF;
Insert into USERMRV.T_GENM_USUARIO (ID_USUARIO,NOMBRES_USUARIO,APELLIDOS_USUARIO,ID_INSTITUCION,PASSWORD_USUARIO,EMAIL_USUARIO,ID_ESTADO_USUARIO,TELEFONO_USUARIO,CELULAR_USUARIO,FLG_ESTADO,ID_TERMINOS,FLG_TERMINOS) values ('1','juan                ','soto','4','ADHFjMXtDwuYP8nnm0KNPXHd+rYzGxZH8eBSGha0ObXqZ4aP0F04ET9aNfDGhljrEw==','juan@gmail.com','0','99999','9999998','1','1','1');
REM INSERTING into USERMRV.T_MAE_ENERG
SET DEFINE OFF;
Insert into USERMRV.T_MAE_ENERG (ID_ENERG,DESCRIPCION,FLAG_ESTADO) values ('1','COMBUSTIBLES FOSILES',null);
Insert into USERMRV.T_MAE_ENERG (ID_ENERG,DESCRIPCION,FLAG_ESTADO) values ('2','ELECTRICIDAD',null);
REM INSERTING into USERMRV.T_MAE_ESTADO
SET DEFINE OFF;
REM INSERTING into USERMRV.T_MAE_ESTADO_USUARIO
SET DEFINE OFF;
Insert into USERMRV.T_MAE_ESTADO_USUARIO (ID_ESTADO_USUARIO,DESCRIPCION) values ('0','REGISTRADO');
Insert into USERMRV.T_MAE_ESTADO_USUARIO (ID_ESTADO_USUARIO,DESCRIPCION) values ('1','APROBADO');
Insert into USERMRV.T_MAE_ESTADO_USUARIO (ID_ESTADO_USUARIO,DESCRIPCION) values ('2','NO APROBADO');
REM INSERTING into USERMRV.T_MAE_ETAPA
SET DEFINE OFF;
Insert into USERMRV.T_MAE_ETAPA (ID_ETAPA,DESCRIPCION) values ('1','Registro de Iniciativa Mitigación');
Insert into USERMRV.T_MAE_ETAPA (ID_ETAPA,DESCRIPCION) values ('2','Aprobación de Iniciativa Mitigación');
Insert into USERMRV.T_MAE_ETAPA (ID_ETAPA,DESCRIPCION) values ('3','Registro de Detalle de Indicadores');
Insert into USERMRV.T_MAE_ETAPA (ID_ETAPA,DESCRIPCION) values ('4','Aprobación de Detalle de Indicadores');
REM INSERTING into USERMRV.T_MAE_F_BAU
SET DEFINE OFF;
Insert into USERMRV.T_MAE_F_BAU (ID_F_BAU,ID_TIPO_VEHICULO,ID_TIPO_COMBUSTIBLE,ANNO,FACTOR) values ('1','1','1','2018','187');
Insert into USERMRV.T_MAE_F_BAU (ID_F_BAU,ID_TIPO_VEHICULO,ID_TIPO_COMBUSTIBLE,ANNO,FACTOR) values ('2','1','2','2018','175');
Insert into USERMRV.T_MAE_F_BAU (ID_F_BAU,ID_TIPO_VEHICULO,ID_TIPO_COMBUSTIBLE,ANNO,FACTOR) values ('3','1','3','2018','179');
Insert into USERMRV.T_MAE_F_BAU (ID_F_BAU,ID_TIPO_VEHICULO,ID_TIPO_COMBUSTIBLE,ANNO,FACTOR) values ('4','2','1','2018','774');
Insert into USERMRV.T_MAE_F_BAU (ID_F_BAU,ID_TIPO_VEHICULO,ID_TIPO_COMBUSTIBLE,ANNO,FACTOR) values ('5','2','4','2018','595');
Insert into USERMRV.T_MAE_F_BAU (ID_F_BAU,ID_TIPO_VEHICULO,ID_TIPO_COMBUSTIBLE,ANNO,FACTOR) values ('6','3','1','2018','1315');
Insert into USERMRV.T_MAE_F_BAU (ID_F_BAU,ID_TIPO_VEHICULO,ID_TIPO_COMBUSTIBLE,ANNO,FACTOR) values ('7','3','4','2018','962');
Insert into USERMRV.T_MAE_F_BAU (ID_F_BAU,ID_TIPO_VEHICULO,ID_TIPO_COMBUSTIBLE,ANNO,FACTOR) values ('8','4','1','2018','1898');
Insert into USERMRV.T_MAE_F_BAU (ID_F_BAU,ID_TIPO_VEHICULO,ID_TIPO_COMBUSTIBLE,ANNO,FACTOR) values ('9','4','4','2018','1555');
Insert into USERMRV.T_MAE_F_BAU (ID_F_BAU,ID_TIPO_VEHICULO,ID_TIPO_COMBUSTIBLE,ANNO,FACTOR) values ('10','5','3','2018','97');
Insert into USERMRV.T_MAE_F_BAU (ID_F_BAU,ID_TIPO_VEHICULO,ID_TIPO_COMBUSTIBLE,ANNO,FACTOR) values ('11','6','3','2018','64');
REM INSERTING into USERMRV.T_MAE_F_MIT
SET DEFINE OFF;
Insert into USERMRV.T_MAE_F_MIT (ID_F_MIT,ID_TIPO_VEHICULO,ID_TIPO_FUENTE,ANNO,FACTOR) values ('1','1','1','2018','0,03');
Insert into USERMRV.T_MAE_F_MIT (ID_F_MIT,ID_TIPO_VEHICULO,ID_TIPO_FUENTE,ANNO,FACTOR) values ('2','1','1','2019','0,03');
Insert into USERMRV.T_MAE_F_MIT (ID_F_MIT,ID_TIPO_VEHICULO,ID_TIPO_FUENTE,ANNO,FACTOR) values ('3','3','1','2018','0,19');
Insert into USERMRV.T_MAE_F_MIT (ID_F_MIT,ID_TIPO_VEHICULO,ID_TIPO_FUENTE,ANNO,FACTOR) values ('4','3','1','2019','0,19');
Insert into USERMRV.T_MAE_F_MIT (ID_F_MIT,ID_TIPO_VEHICULO,ID_TIPO_FUENTE,ANNO,FACTOR) values ('5','4','1','2018','0,13');
Insert into USERMRV.T_MAE_F_MIT (ID_F_MIT,ID_TIPO_VEHICULO,ID_TIPO_FUENTE,ANNO,FACTOR) values ('6','4','1','2019','0,13');
Insert into USERMRV.T_MAE_F_MIT (ID_F_MIT,ID_TIPO_VEHICULO,ID_TIPO_FUENTE,ANNO,FACTOR) values ('7','5','1','2018','0,01');
Insert into USERMRV.T_MAE_F_MIT (ID_F_MIT,ID_TIPO_VEHICULO,ID_TIPO_FUENTE,ANNO,FACTOR) values ('8','5','1','2019','0,1');
Insert into USERMRV.T_MAE_F_MIT (ID_F_MIT,ID_TIPO_VEHICULO,ID_TIPO_FUENTE,ANNO,FACTOR) values ('9','6','1','2018','0,05');
Insert into USERMRV.T_MAE_F_MIT (ID_F_MIT,ID_TIPO_VEHICULO,ID_TIPO_FUENTE,ANNO,FACTOR) values ('10','6','1','2019','0,05');
Insert into USERMRV.T_MAE_F_MIT (ID_F_MIT,ID_TIPO_VEHICULO,ID_TIPO_FUENTE,ANNO,FACTOR) values ('11','2','1','2018','0,2');
Insert into USERMRV.T_MAE_F_MIT (ID_F_MIT,ID_TIPO_VEHICULO,ID_TIPO_FUENTE,ANNO,FACTOR) values ('12','2','1','2019','0,2');
REM INSERTING into USERMRV.T_MAE_F_PER
SET DEFINE OFF;
Insert into USERMRV.T_MAE_F_PER (ID_F_PER,ANNO,FACTOR) values ('1','2010','0,104');
Insert into USERMRV.T_MAE_F_PER (ID_F_PER,ANNO,FACTOR) values ('3','2011','0,108');
Insert into USERMRV.T_MAE_F_PER (ID_F_PER,ANNO,FACTOR) values ('4','2012','0,109');
Insert into USERMRV.T_MAE_F_PER (ID_F_PER,ANNO,FACTOR) values ('5','2013','0,109');
Insert into USERMRV.T_MAE_F_PER (ID_F_PER,ANNO,FACTOR) values ('6','2014','0,058');
Insert into USERMRV.T_MAE_F_PER (ID_F_PER,ANNO,FACTOR) values ('7','2015','0,113');
Insert into USERMRV.T_MAE_F_PER (ID_F_PER,ANNO,FACTOR) values ('8','2016','0,109');
Insert into USERMRV.T_MAE_F_PER (ID_F_PER,ANNO,FACTOR) values ('9','2017','0,108');
Insert into USERMRV.T_MAE_F_PER (ID_F_PER,ANNO,FACTOR) values ('10','2018','0,108');
REM INSERTING into USERMRV.T_MAE_GEI
SET DEFINE OFF;
Insert into USERMRV.T_MAE_GEI (ID_GEI,DESCRIPCION,FLAG_ESTADO) values ('1','CO2',null);
Insert into USERMRV.T_MAE_GEI (ID_GEI,DESCRIPCION,FLAG_ESTADO) values ('2','CH4',null);
REM INSERTING into USERMRV.T_MAE_LISTA
SET DEFINE OFF;
REM INSERTING into USERMRV.T_MAE_MEDMIT
SET DEFINE OFF;
Insert into USERMRV.T_MAE_MEDMIT (ID_MEDMIT,NUMERO_MEDMIT,NOMBRE_MEDMIT,DESCRIPCION_MEDMIT,ID_NAMA,OBJETIVO_MEDMIT,IPSC_MEDMIT,FLAG_ESTADO) values ('1','1.1','Etiquetado de Eficiencia Energética','Esta medida propone que los equipos que requieran suministros energéticos incluyan en sus etiquetas, envases, empaques y publicidad, una etiqueta de eficiencia energética a través de la cual el consumidor pueda conocer el consumo de energía y la eficiencia energética del producto para la toma de decisión de consumo, reduciendo así las emisiones de GEI debido a la reducción del consumo de energía asociada a la mejora de eficiencia de los nuevos equipos a ser adquiridos por los consumidores. La medida se enmarca en el Reglamento Técnico sobre el etiquetado de eficiencia energética para equipos energéticos, aprobado mediante Decreto Supremo N°009-2017-EM.','1','Dar cumplimiento al Reglamento Técnico sobre el etiquetado de eficiencia energética para equipos energéticos, aprobado mediante Decreto Supremo N°009-2017-EM. Puede incluir aparatos de refrigeración, calderas, motores eléctricos, lavadoras, secadoras, equipos de aire acondicionado y calentadores de agua. No incluye luminarias. ','Energía - Combustión estacionaria',null);
Insert into USERMRV.T_MAE_MEDMIT (ID_MEDMIT,NUMERO_MEDMIT,NOMBRE_MEDMIT,DESCRIPCION_MEDMIT,ID_NAMA,OBJETIVO_MEDMIT,IPSC_MEDMIT,FLAG_ESTADO) values ('2','1.2','Eficiencia energética en el sector industrial','Esta medida de mitigación, propuesta por el Ministerio de Energía y Minas, propone la implementación de medidas de eficiencia energética en empresas del sector industrial fomentando la competitividad de la economía nacional y reduciendo el impacto ambiental negativo del uso y consumo de los energéticos como la reducción de emisiones de GEI. Esta medida se enmarca en la Ley de Promoción del Uso Eficiente de la Energía, Ley N°27345, y su Reglamento aprobado por Decreto Supremo N°053-2007-EM. Así, se prevé considerar el recambio de motores y calderas, una vez que se viabilice el Fondo de Financiamiento a la Eficiencia Energética (FOFEE)','1','Fomentar la competitividad de la economía nacional y reducir el impacto ambiental negativo del uso y consumo de los energéticos mediante la Ley de Promoción del Uso Eficiente de la Energía – Ley N°27345 y su Reglamento, aprobado por Decreto Supremo N°053-2007-EM.','Energía - Combustión estacionaria',null);
Insert into USERMRV.T_MAE_MEDMIT (ID_MEDMIT,NUMERO_MEDMIT,NOMBRE_MEDMIT,DESCRIPCION_MEDMIT,ID_NAMA,OBJETIVO_MEDMIT,IPSC_MEDMIT,FLAG_ESTADO) values ('3','1.3','Eficiencia energética en el sector comercial','Medida que propone promover la racionalización del consumo de energía en el sector comercial de servicios.','1','Promover la racionalización del consumo de energía en el sector comercial de servicios, a través de: a) reemplazo de lámparas de baja eficiencia por lámparas LED de 10W y b) instalación de sensores de ocupación hotelera, con el objetivo de controlar las unidades de aire acondicionado.','Energía - Combustión estacionaria',null);
Insert into USERMRV.T_MAE_MEDMIT (ID_MEDMIT,NUMERO_MEDMIT,NOMBRE_MEDMIT,DESCRIPCION_MEDMIT,ID_NAMA,OBJETIVO_MEDMIT,IPSC_MEDMIT,FLAG_ESTADO) values ('4','1.4','Auditorías energéticas en el sector público','Medida que propone implementar acciones que contribuyan a reducir el consumo de energía sin que estas acciones afecten la calidad de los servicios prestados y recibidos en las entidades del sector público cuya facturación mensual por consumo de energía eléctrica sea mayor de cuatro (4) unidades impositivas tributarias (UIT), reduciendo así las emisiones de GEI debido a la reducción del consumo energético. Asimismo, prevé que en un futuro las auditorías energéticas puedan desarrollarse para el sector privado, bajo el mecanismo de un fondo de eficiencia energética.','1','Implementar acciones que contribuyan a reducir el consumo de energía sin que estas acciones afecten la calidad de los servicios prestados y recibidos en las entidades del sector público. Incluye todo equipo que consuma electricidad (con y sin fichas de homologación) con excepción de lámparas con fichas.','Energía - Combustión estacionaria',null);
Insert into USERMRV.T_MAE_MEDMIT (ID_MEDMIT,NUMERO_MEDMIT,NOMBRE_MEDMIT,DESCRIPCION_MEDMIT,ID_NAMA,OBJETIVO_MEDMIT,IPSC_MEDMIT,FLAG_ESTADO) values ('5','1.5','Transformación del mercado de iluminación en el sector residencial','Medida que promueve la sustitución de lámparas de baja eficiencia por tecnologías más eficientes de iluminación, reduciendo las emisiones de GEI debido al menor uso de energía, y generando la transformación hacia un mercado de iluminación más eficiente, cuyo principal objetivo es promover el uso de lámparas que permitan un uso eficiente de la energía en el país, sin menoscabar la calidad de la iluminación, considerando los beneficios económicos, ambientales y sociales que se tendrían en el país. La medida de mitigación propone dos fases: i) el programa de distribución de un millón y medio de lámparas energéticamente más eficientes a hogares de menores ingresos como meta al 2019, en el marco del Programa Anual de Promociones 2018, aprobado mediante Resolución Ministerial Nº 021-2018-MINEM/DM, de acuerdo a lo establecido en el Plan de Acceso Universal a la Energía 2013-2022, aprobado con Resolución Ministerial Nº 203-2013-MINEM-DM; y ii) la Estrategia de Iluminación del Perú, cuyo objetivo es incrementar la participación de las lámparas eficientes en el mercado de iluminación nacional, reduciendo el consumo de energía y por ende también reduciendo las emisiones de gases de efecto invernadero (como el CO2).','1','Promover el uso de lámparas que permitan un uso eficiente de la energía en el país, sin menoscabar la calidad de la iluminación, considerando los beneficios económicos, ambientales y sociales que se tendrían en el país. Aplica para lámparas LED.','Energía - Combustión estacionaria',null);
Insert into USERMRV.T_MAE_MEDMIT (ID_MEDMIT,NUMERO_MEDMIT,NOMBRE_MEDMIT,DESCRIPCION_MEDMIT,ID_NAMA,OBJETIVO_MEDMIT,IPSC_MEDMIT,FLAG_ESTADO) values ('6','1.6','Reemplazo de lámparas de baja eficiencia por lámparas LED en el sector público','Reemplazo de lámparas de baja eficiencia por lámparas LED en el sector público reduciendo así el consumo de energía y por ende reduciendo también las emisiones de GEI, con el objetivo de impulsar el uso de lámparas y otros equipos de iluminación LED en todas las instituciones públicas. La medida se implementa a través de las fichas de homologación de tecnología LED, aprobadas por el MINEM, y que son instrumentos que permiten el reemplazo de luminarias menos eficientes por lámparas y otros equipos de iluminación LED en los procesos de compras públicas, lo que permite además la inclusión de estas tecnologías en la implementación de nuevos establecimientos estatales.','1','Impulsar el uso de lámparas eficientes en el sector público a través de las Fichas de Homologación de lámparas de tecnología LED. Aplica para lámparas LED. ','Energía - Combustión estacionaria',null);
Insert into USERMRV.T_MAE_MEDMIT (ID_MEDMIT,NUMERO_MEDMIT,NOMBRE_MEDMIT,DESCRIPCION_MEDMIT,ID_NAMA,OBJETIVO_MEDMIT,IPSC_MEDMIT,FLAG_ESTADO) values ('7','1.7','Reemplazo de lámparas de alumbrado público de vapor de sodio de alta presión (VSAP) por lámparas LED','Medida que promueve la implementación de lámparas de alta eficiencia en el alumbrado público reduciendo las emisiones de GEI debido al menor uso de energía, en el marco del Plan de Acceso Universal a la Energía (RM N°203-2013-MINEM/DM) y en donde se incluye el reemplazo de 100,000 lámparas de vapor de sodio de alta presión (VSAP) en alumbrado público por lámparas LED o de inducción, priorizando zonas vulnerables. Además, contempla una segunda fase a través de la implementación de las fichas de homologación de alumbrado público.','1','Reemplazo de lámparas de alumbrado público de vapor de sodio de alta presión por lámparas LED” consiste en la implementación de lámparas de alta eficiencia en el alumbrado público. Aplica para lámparas LED con fichas de homologación, 100,000 de FISE. ','Energía - Combustión estacionaria',null);
Insert into USERMRV.T_MAE_MEDMIT (ID_MEDMIT,NUMERO_MEDMIT,NOMBRE_MEDMIT,DESCRIPCION_MEDMIT,ID_NAMA,OBJETIVO_MEDMIT,IPSC_MEDMIT,FLAG_ESTADO) values ('8','2.1','Medida de Cocción limpia (ámbito rural)','Implementación y sostenibilidad de tecnologías de cocción limpia (cocinas mejoradas y cocinas a gas licuado de petróleos) en zonas rurales, reemplazando aquellas cocinas o tecnologías convencionales (fogón abierto) poco eficientes en el ámbito rural, con lo cual se reducirá los consumos de combustibles empleados en cocinas tradicionales, tales como leña y carbón vegetal, reduciendo así emisiones de gases de efecto invernadero (GEI) y los efectos nocivos a la salud asociados a las emisiones gaseosas y del material particulado restante de la combustión.','2','Reducción de las emisiones de gases de efecto invernadero (GEI) generadas por la cocción y calentamiento de alimentos a través del uso de cocinas o tecnologías convencionales (fogón abierto) poco eficientes en el ámbito rural. Incluye: cocinas mejoradas y a gas licuado de petróleo (GLP).','Energía - Combustión estacionaria',null);
Insert into USERMRV.T_MAE_MEDMIT (ID_MEDMIT,NUMERO_MEDMIT,NOMBRE_MEDMIT,DESCRIPCION_MEDMIT,ID_NAMA,OBJETIVO_MEDMIT,IPSC_MEDMIT,FLAG_ESTADO) values ('10','3.1','Combinación de energías renovables','Aumentar la participación de los Recursos Energéticos de fuentes Renovables (RER) en la matriz energética nacional en un 6.8% en el año 2030, reduciendo la proporción de la energía producida en base a la quema de combustibles fósiles, lo cual generará la reducción de emisiones de gases de efecto invernadero (GEI). Asimismo, la medida incluye la implementación de las centrales hidroeléctricas con una capacidad instalada menor a 20 MW.','3','Aumentar la participación de los Recursos Energéticos Renovables (RER) y dar cumplimiento al Decreto Legislativo N° 1002, Ley de Promoción de la Inversión en Generación de Electricidad con el uso de Energías Renovables (2008).','Energía - Combustión estacionaria',null);
Insert into USERMRV.T_MAE_MEDMIT (ID_MEDMIT,NUMERO_MEDMIT,NOMBRE_MEDMIT,DESCRIPCION_MEDMIT,ID_NAMA,OBJETIVO_MEDMIT,IPSC_MEDMIT,FLAG_ESTADO) values ('9','2.2','Electrificación Rural','En elaboración','2','En Elaboración','Energía - Combustión estacionaria',null);
Insert into USERMRV.T_MAE_MEDMIT (ID_MEDMIT,NUMERO_MEDMIT,NOMBRE_MEDMIT,DESCRIPCION_MEDMIT,ID_NAMA,OBJETIVO_MEDMIT,IPSC_MEDMIT,FLAG_ESTADO) values ('11','3.2','Generación Distribuida','Medida que abarca toda instalación de generación eléctrica que inyecte energía eléctrica a la red eléctrica esté conectada directamente a la Red de Distribución.','3','Promover el uso e implementación de sistemas de generación eléctrica con tecnologías limpias.','Energía - Combustión estacionaria',null);
Insert into USERMRV.T_MAE_MEDMIT (ID_MEDMIT,NUMERO_MEDMIT,NOMBRE_MEDMIT,DESCRIPCION_MEDMIT,ID_NAMA,OBJETIVO_MEDMIT,IPSC_MEDMIT,FLAG_ESTADO) values ('12','4.1','Promoción de vehículos eléctricos a nivel nacional','Medida que propone reemplazar la matriz energética utilizada en el transporte, la cual utiliza predominantemente combustibles fósiles (gasolina, diésel, gas licuado de petróleo y gas natural vehicular), mediante una mayor participación de vehículos eléctricos en el parque vehicular, contribuyendo al cumplimiento del Plan Energético Nacional 2014-2025 y reduciendo las emisiones de gases de efecto invernadero (GEI) gracias al reemplazo o al desplazamiento de vehículos que consumen gasolina o diésel por nuevos vehículos eléctricos. La meta trazada para esta medida de mitigación en una primera etapa se da bajo 2 acciones: i) la introducción de ómnibus eléctricos y ii) introducción de vehículos livianos eléctricos.','4','Reemplazar la matriz energética utilizada de manera predominante en el transporte (gasolina, diésel, GLP, GNV), a vehículos eléctricos. ','Energía - Combustión móvil',null);
REM INSERTING into USERMRV.T_MAE_MONEDA
SET DEFINE OFF;
Insert into USERMRV.T_MAE_MONEDA (ID_MONEDA,DESCRIPCION) values ('1','SOLES');
Insert into USERMRV.T_MAE_MONEDA (ID_MONEDA,DESCRIPCION) values ('2','DOLARES');
REM INSERTING into USERMRV.T_MAE_NAMA
SET DEFINE OFF;
Insert into USERMRV.T_MAE_NAMA (ID_NAMA,DESCRIPCION_NAMA,FLG_ESTADO) values ('1','EFICIENCIA ENERGETICA',null);
Insert into USERMRV.T_MAE_NAMA (ID_NAMA,DESCRIPCION_NAMA,FLG_ESTADO) values ('2','ACCESO UNIVERSAL A LA ENERGIA SOSTENIBLE','0');
Insert into USERMRV.T_MAE_NAMA (ID_NAMA,DESCRIPCION_NAMA,FLG_ESTADO) values ('3','RED CONECTADO','0');
Insert into USERMRV.T_MAE_NAMA (ID_NAMA,DESCRIPCION_NAMA,FLG_ESTADO) values ('4','TRANSPORTE ELECTRICO','0');
REM INSERTING into USERMRV.T_MAE_OPCION
SET DEFINE OFF;
Insert into USERMRV.T_MAE_OPCION (ID_OPCION,DES_OPCION,FLG_ESTADO,DES_URL,DES_URLIMAGEN,DES_URLLABEL,DES_FUNCION_INI,NUM_ORDEN,NUM_NIVEL,ID_OPCION_PADRE,ID_TIPO_OPCION) values ('1','INICIO','1',null,null,null,null,null,null,null,'1');
Insert into USERMRV.T_MAE_OPCION (ID_OPCION,DES_OPCION,FLG_ESTADO,DES_URL,DES_URLIMAGEN,DES_URLLABEL,DES_FUNCION_INI,NUM_ORDEN,NUM_NIVEL,ID_OPCION_PADRE,ID_TIPO_OPCION) values ('2','ACCIONES DE MITIGACION','1',null,null,null,null,null,null,null,'1');
Insert into USERMRV.T_MAE_OPCION (ID_OPCION,DES_OPCION,FLG_ESTADO,DES_URL,DES_URLIMAGEN,DES_URLLABEL,DES_FUNCION_INI,NUM_ORDEN,NUM_NIVEL,ID_OPCION_PADRE,ID_TIPO_OPCION) values ('3','REPORTES','1',null,null,null,null,null,null,null,'1');
Insert into USERMRV.T_MAE_OPCION (ID_OPCION,DES_OPCION,FLG_ESTADO,DES_URL,DES_URLIMAGEN,DES_URLLABEL,DES_FUNCION_INI,NUM_ORDEN,NUM_NIVEL,ID_OPCION_PADRE,ID_TIPO_OPCION) values ('4','ACCIONES Y RESULTADOS','1',null,null,null,null,null,null,null,'1');
Insert into USERMRV.T_MAE_OPCION (ID_OPCION,DES_OPCION,FLG_ESTADO,DES_URL,DES_URLIMAGEN,DES_URLLABEL,DES_FUNCION_INI,NUM_ORDEN,NUM_NIVEL,ID_OPCION_PADRE,ID_TIPO_OPCION) values ('5','NOTIFICACIONES','1',null,null,null,null,null,null,null,'1');
Insert into USERMRV.T_MAE_OPCION (ID_OPCION,DES_OPCION,FLG_ESTADO,DES_URL,DES_URLIMAGEN,DES_URLLABEL,DES_FUNCION_INI,NUM_ORDEN,NUM_NIVEL,ID_OPCION_PADRE,ID_TIPO_OPCION) values ('6','MANTENIMIENTO DE TABLAS','1',null,null,null,null,null,null,null,'1');
Insert into USERMRV.T_MAE_OPCION (ID_OPCION,DES_OPCION,FLG_ESTADO,DES_URL,DES_URLIMAGEN,DES_URLLABEL,DES_FUNCION_INI,NUM_ORDEN,NUM_NIVEL,ID_OPCION_PADRE,ID_TIPO_OPCION) values ('7','CREDENCIALES','1',null,null,null,null,null,null,null,'1');
REM INSERTING into USERMRV.T_MAE_OPCION_ROL
SET DEFINE OFF;
Insert into USERMRV.T_MAE_OPCION_ROL (ID_OPCION,ID_ROL,FLG_ESTADO) values ('1','6','1');
Insert into USERMRV.T_MAE_OPCION_ROL (ID_OPCION,ID_ROL,FLG_ESTADO) values ('2','6','1');
Insert into USERMRV.T_MAE_OPCION_ROL (ID_OPCION,ID_ROL,FLG_ESTADO) values ('3','6','1');
Insert into USERMRV.T_MAE_OPCION_ROL (ID_OPCION,ID_ROL,FLG_ESTADO) values ('4','6','1');
Insert into USERMRV.T_MAE_OPCION_ROL (ID_OPCION,ID_ROL,FLG_ESTADO) values ('1','1','1');
Insert into USERMRV.T_MAE_OPCION_ROL (ID_OPCION,ID_ROL,FLG_ESTADO) values ('2','1','1');
Insert into USERMRV.T_MAE_OPCION_ROL (ID_OPCION,ID_ROL,FLG_ESTADO) values ('3','1','1');
Insert into USERMRV.T_MAE_OPCION_ROL (ID_OPCION,ID_ROL,FLG_ESTADO) values ('4','1','1');
Insert into USERMRV.T_MAE_OPCION_ROL (ID_OPCION,ID_ROL,FLG_ESTADO) values ('5','1','1');
Insert into USERMRV.T_MAE_OPCION_ROL (ID_OPCION,ID_ROL,FLG_ESTADO) values ('1','2','1');
Insert into USERMRV.T_MAE_OPCION_ROL (ID_OPCION,ID_ROL,FLG_ESTADO) values ('2','2','1');
Insert into USERMRV.T_MAE_OPCION_ROL (ID_OPCION,ID_ROL,FLG_ESTADO) values ('3','2','1');
Insert into USERMRV.T_MAE_OPCION_ROL (ID_OPCION,ID_ROL,FLG_ESTADO) values ('4','2','1');
Insert into USERMRV.T_MAE_OPCION_ROL (ID_OPCION,ID_ROL,FLG_ESTADO) values ('5','2','1');
Insert into USERMRV.T_MAE_OPCION_ROL (ID_OPCION,ID_ROL,FLG_ESTADO) values ('7','2','1');
Insert into USERMRV.T_MAE_OPCION_ROL (ID_OPCION,ID_ROL,FLG_ESTADO) values ('1','3','1');
Insert into USERMRV.T_MAE_OPCION_ROL (ID_OPCION,ID_ROL,FLG_ESTADO) values ('2','3','1');
Insert into USERMRV.T_MAE_OPCION_ROL (ID_OPCION,ID_ROL,FLG_ESTADO) values ('3','3','1');
Insert into USERMRV.T_MAE_OPCION_ROL (ID_OPCION,ID_ROL,FLG_ESTADO) values ('4','3','1');
Insert into USERMRV.T_MAE_OPCION_ROL (ID_OPCION,ID_ROL,FLG_ESTADO) values ('5','3','1');
Insert into USERMRV.T_MAE_OPCION_ROL (ID_OPCION,ID_ROL,FLG_ESTADO) values ('6','3','1');
Insert into USERMRV.T_MAE_OPCION_ROL (ID_OPCION,ID_ROL,FLG_ESTADO) values ('7','3','1');
Insert into USERMRV.T_MAE_OPCION_ROL (ID_OPCION,ID_ROL,FLG_ESTADO) values ('1','4','1');
Insert into USERMRV.T_MAE_OPCION_ROL (ID_OPCION,ID_ROL,FLG_ESTADO) values ('2','4','1');
Insert into USERMRV.T_MAE_OPCION_ROL (ID_OPCION,ID_ROL,FLG_ESTADO) values ('3','4','1');
Insert into USERMRV.T_MAE_OPCION_ROL (ID_OPCION,ID_ROL,FLG_ESTADO) values ('4','4','1');
Insert into USERMRV.T_MAE_OPCION_ROL (ID_OPCION,ID_ROL,FLG_ESTADO) values ('5','4','1');
Insert into USERMRV.T_MAE_OPCION_ROL (ID_OPCION,ID_ROL,FLG_ESTADO) values ('7','4','1');
Insert into USERMRV.T_MAE_OPCION_ROL (ID_OPCION,ID_ROL,FLG_ESTADO) values ('1','5','1');
Insert into USERMRV.T_MAE_OPCION_ROL (ID_OPCION,ID_ROL,FLG_ESTADO) values ('2','5','1');
Insert into USERMRV.T_MAE_OPCION_ROL (ID_OPCION,ID_ROL,FLG_ESTADO) values ('3','5','1');
Insert into USERMRV.T_MAE_OPCION_ROL (ID_OPCION,ID_ROL,FLG_ESTADO) values ('4','5','1');
Insert into USERMRV.T_MAE_OPCION_ROL (ID_OPCION,ID_ROL,FLG_ESTADO) values ('5','5','1');
Insert into USERMRV.T_MAE_OPCION_ROL (ID_OPCION,ID_ROL,FLG_ESTADO) values ('7','5','1');
REM INSERTING into USERMRV.T_MAE_PAGINA
SET DEFINE OFF;
REM INSERTING into USERMRV.T_MAE_PLAZO
SET DEFINE OFF;
REM INSERTING into USERMRV.T_MAE_ROL
SET DEFINE OFF;
Insert into USERMRV.T_MAE_ROL (ID_ROL,DESCRIPCION_ROL,FLG_ESTADO) values ('1','USUARIO ADMINISTRADO','1');
Insert into USERMRV.T_MAE_ROL (ID_ROL,DESCRIPCION_ROL,FLG_ESTADO) values ('2','ESPECIALISTA MRV','1');
Insert into USERMRV.T_MAE_ROL (ID_ROL,DESCRIPCION_ROL,FLG_ESTADO) values ('3','ADMINISTRADOR MINEM','1');
Insert into USERMRV.T_MAE_ROL (ID_ROL,DESCRIPCION_ROL,FLG_ESTADO) values ('4',null,'1');
Insert into USERMRV.T_MAE_ROL (ID_ROL,DESCRIPCION_ROL,FLG_ESTADO) values ('5',null,'1');
Insert into USERMRV.T_MAE_ROL (ID_ROL,DESCRIPCION_ROL,FLG_ESTADO) values ('6','VISITANTE','0');
REM INSERTING into USERMRV.T_MAE_SECTOR_INST
SET DEFINE OFF;
Insert into USERMRV.T_MAE_SECTOR_INST (ID_SECTOR_INST,DESCRIPCION,FLAG_ESTADO) values ('1','INSTITUCIONES PUBLICAS',null);
Insert into USERMRV.T_MAE_SECTOR_INST (ID_SECTOR_INST,DESCRIPCION,FLAG_ESTADO) values ('2','INSTITUCIONES PRIVADAS',null);
Insert into USERMRV.T_MAE_SECTOR_INST (ID_SECTOR_INST,DESCRIPCION,FLAG_ESTADO) values ('3','INSTITUCIONES EDUCATIVAS',null);
Insert into USERMRV.T_MAE_SECTOR_INST (ID_SECTOR_INST,DESCRIPCION,FLAG_ESTADO) values ('4','OTRAS INSTITUCIONESS','0');
REM INSERTING into USERMRV.T_MAE_TERMINOS
SET DEFINE OFF;
Insert into USERMRV.T_MAE_TERMINOS (ID_TERMINOS,ID_ROL,CONDICIONES_TERMINOS) values ('1','1','El Proyecto “Acciones Nacionales Apropiadas de Mitigación de energía (NAMA por sus siglas en inglés) en los sectores de generación de energía y su uso final en el Perú” promueve acciones de sostenibilidad para alcanzar reducciones en emisiones de gases de efecto invernadero (GEI) como parte de los compromisos internacionales asumido por Perú dentro del marco de la Convención de las Naciones Unidas sobre Cambio Climático (CMNUCC o UNFCCC por sus siglas en inglés). 
En ese sentido, identificar y desarrollar iniciativas en el sector energía (por ejemplo, NAMAs) favorecerán a la reducción de emisiones de GEI y a su vez generarán beneficios sociales, ambientales y económicos.  De otro lado nuestro país, para el cumplimiento de sus compromisos, ha priorizado seis sectores para el diseño de iniciativas de reducción de emisiones de GEI / captura de CO2, los cuales son: Energía, Transporte, Agricultura, Desechos, USCUSS (Uso de Suelo, Cambio de Uso de Suelo y Silvicultura) y Procesos Industriales. En ese sentido, el sector energético (incluyendo transporte) es la segunda fuente de emisiones, después de USCUSS, con el 26% de las emisiones totales de GEI del país y llegando a aumentar 15% entre los años 1994 y 2000 (SCNCC ) y 50% entre los años 2000 y 2010 (FBUR ).  Por lo que, tenemos la gran responsabilidad de desarrollar NAMAs ambiciosas y efectivas para poder alcanzar el objetivo de las NDCs.  
En ese contexto, el Ministerio de Energía y Minas suscribió con el Programa de Naciones Unidas para el Desarrollo – PNUD, el Convenio para implementar el Proyecto “Acciones Nacionales Apropiadas de Mitigación (NAMA) en los sectores de generación de energía y su uso final en el Perú”, cuyo financiamiento proviene del Fondo Mundial para el Medio Ambiente (GEF por su siglas en inglés), más el apoyo y cofinanciamiento de PNUD, MINAM, MEF y MEM. 
Recayendo su implementación en la Dirección General de Eficiencia Energética quien deberá liderar, diseñar, desarrollar, gestionar y coordinar cuatro (04) NAMAs de energía con sus respectivos sistemas de Monitoreo, Reporte, y Verificación (MRV), como producto de este proyecto. En ese sentido desde abril del 2016, el Proyecto inició el proceso de diseño conceptual de los mismos enfocándose en maximizar los beneficios sociales, ambientales y económicos para el país.  Por tal motivo, se ha elegido desarrollar las siguientes NAMAs a desarrollarse desde 2016 hasta 2020:
1.	NAMA #1 (Eficiencia Energética): Mejoras en Eficiencia Energética en los sectores públicos y privadas;  
2.	NAMA #2 (RER Conectado): La promoción de las RER en sistemas interconectados; 
3.	NAMA #3 (RER Acceso Universal): Promoción del Acceso Universal a la Energía Sostenible; y
4.	NAMA #4 (Transporte Eléctrico): Promoción de eficiencia energética en el sector transporte con la promoción de transporte eléctrico.  
');
REM INSERTING into USERMRV.T_MAE_TIPO_COMBUSTIBLE
SET DEFINE OFF;
Insert into USERMRV.T_MAE_TIPO_COMBUSTIBLE (ID_TIPO_COMBUSTIBLE,DESCRIPCION) values ('1','GNV');
Insert into USERMRV.T_MAE_TIPO_COMBUSTIBLE (ID_TIPO_COMBUSTIBLE,DESCRIPCION) values ('2','GLP');
Insert into USERMRV.T_MAE_TIPO_COMBUSTIBLE (ID_TIPO_COMBUSTIBLE,DESCRIPCION) values ('3','GASOLINA');
Insert into USERMRV.T_MAE_TIPO_COMBUSTIBLE (ID_TIPO_COMBUSTIBLE,DESCRIPCION) values ('4','DIESEL');
REM INSERTING into USERMRV.T_MAE_TIPO_FUENTE
SET DEFINE OFF;
Insert into USERMRV.T_MAE_TIPO_FUENTE (ID_TIPO_FUENTE,DESCRIPCION) values ('1','ELECTRICO');
Insert into USERMRV.T_MAE_TIPO_FUENTE (ID_TIPO_FUENTE,DESCRIPCION) values ('1','HIBRIDO');
Insert into USERMRV.T_MAE_TIPO_FUENTE (ID_TIPO_FUENTE,DESCRIPCION) values ('1','HIDROGENO');
REM INSERTING into USERMRV.T_MAE_TIPO_OPCION
SET DEFINE OFF;
Insert into USERMRV.T_MAE_TIPO_OPCION (ID_TIPO_OPCION,DES_TIPO_OPCION,SIGLA) values ('1','TIPO 1','T1 ');
Insert into USERMRV.T_MAE_TIPO_OPCION (ID_TIPO_OPCION,DES_TIPO_OPCION,SIGLA) values ('2','TIPO 2','T2 ');
REM INSERTING into USERMRV.T_MAE_TIPO_VEHICULO
SET DEFINE OFF;
Insert into USERMRV.T_MAE_TIPO_VEHICULO (ID_TIPO_VEHICULO,DESCRIPCION) values ('1','AUTOS');
Insert into USERMRV.T_MAE_TIPO_VEHICULO (ID_TIPO_VEHICULO,DESCRIPCION) values ('2','BUSES 9M');
Insert into USERMRV.T_MAE_TIPO_VEHICULO (ID_TIPO_VEHICULO,DESCRIPCION) values ('3','BUSES 12M');
Insert into USERMRV.T_MAE_TIPO_VEHICULO (ID_TIPO_VEHICULO,DESCRIPCION) values ('4','BUSES 18M');
Insert into USERMRV.T_MAE_TIPO_VEHICULO (ID_TIPO_VEHICULO,DESCRIPCION) values ('5','MOTOTAXI');
Insert into USERMRV.T_MAE_TIPO_VEHICULO (ID_TIPO_VEHICULO,DESCRIPCION) values ('6','MOTO');
REM INSERTING into USERMRV.T_MAE_UBICACION
SET DEFINE OFF;
Insert into USERMRV.T_MAE_UBICACION (ID_UBICACION,DESCRIPCION,FLG_ESTADO) values ('1','AMAZONAS',null);
Insert into USERMRV.T_MAE_UBICACION (ID_UBICACION,DESCRIPCION,FLG_ESTADO) values ('2','ANCASH',null);
Insert into USERMRV.T_MAE_UBICACION (ID_UBICACION,DESCRIPCION,FLG_ESTADO) values ('3','APURIMAC',null);
Insert into USERMRV.T_MAE_UBICACION (ID_UBICACION,DESCRIPCION,FLG_ESTADO) values ('4','AREQUIPA',null);
Insert into USERMRV.T_MAE_UBICACION (ID_UBICACION,DESCRIPCION,FLG_ESTADO) values ('5','AYACUCHO',null);
Insert into USERMRV.T_MAE_UBICACION (ID_UBICACION,DESCRIPCION,FLG_ESTADO) values ('6','CAJAMARCA',null);
Insert into USERMRV.T_MAE_UBICACION (ID_UBICACION,DESCRIPCION,FLG_ESTADO) values ('7','CALLAO',null);
Insert into USERMRV.T_MAE_UBICACION (ID_UBICACION,DESCRIPCION,FLG_ESTADO) values ('8','CUSCO',null);
Insert into USERMRV.T_MAE_UBICACION (ID_UBICACION,DESCRIPCION,FLG_ESTADO) values ('9','HUANCAVELICA',null);
Insert into USERMRV.T_MAE_UBICACION (ID_UBICACION,DESCRIPCION,FLG_ESTADO) values ('10','HUANUCO',null);
Insert into USERMRV.T_MAE_UBICACION (ID_UBICACION,DESCRIPCION,FLG_ESTADO) values ('11','ICA',null);
Insert into USERMRV.T_MAE_UBICACION (ID_UBICACION,DESCRIPCION,FLG_ESTADO) values ('12','JUNIN',null);
Insert into USERMRV.T_MAE_UBICACION (ID_UBICACION,DESCRIPCION,FLG_ESTADO) values ('13','LA LIBERTAD',null);
Insert into USERMRV.T_MAE_UBICACION (ID_UBICACION,DESCRIPCION,FLG_ESTADO) values ('14','LAMBAYEQUE',null);
Insert into USERMRV.T_MAE_UBICACION (ID_UBICACION,DESCRIPCION,FLG_ESTADO) values ('15','LIMA',null);
Insert into USERMRV.T_MAE_UBICACION (ID_UBICACION,DESCRIPCION,FLG_ESTADO) values ('16','LORETO',null);
Insert into USERMRV.T_MAE_UBICACION (ID_UBICACION,DESCRIPCION,FLG_ESTADO) values ('17','MADRE DE DIOS',null);
Insert into USERMRV.T_MAE_UBICACION (ID_UBICACION,DESCRIPCION,FLG_ESTADO) values ('18','MOQUEGUA',null);
Insert into USERMRV.T_MAE_UBICACION (ID_UBICACION,DESCRIPCION,FLG_ESTADO) values ('19','PASCO',null);
Insert into USERMRV.T_MAE_UBICACION (ID_UBICACION,DESCRIPCION,FLG_ESTADO) values ('20','PIURA',null);
Insert into USERMRV.T_MAE_UBICACION (ID_UBICACION,DESCRIPCION,FLG_ESTADO) values ('21','PUNO',null);
Insert into USERMRV.T_MAE_UBICACION (ID_UBICACION,DESCRIPCION,FLG_ESTADO) values ('22','SAN MARTIN','0');
Insert into USERMRV.T_MAE_UBICACION (ID_UBICACION,DESCRIPCION,FLG_ESTADO) values ('23','TACNA1','0');
Insert into USERMRV.T_MAE_UBICACION (ID_UBICACION,DESCRIPCION,FLG_ESTADO) values ('24','TUMBES2','0');
Insert into USERMRV.T_MAE_UBICACION (ID_UBICACION,DESCRIPCION,FLG_ESTADO) values ('25','UCAYALI','0');
REM INSERTING into USERMRV.T_MAE_USUARIO_ROL
SET DEFINE OFF;
--------------------------------------------------------
--  DDL for Index SYS_IL0000092472C00003$$
--------------------------------------------------------

  CREATE UNIQUE INDEX "USERMRV"."SYS_IL0000092472C00003$$" ON "USERMRV"."T_GENM_BLOCKCHAIN" (
  PCTFREE 10 INITRANS 2 MAXTRANS 255 
  STORAGE( INITIAL 65536 NEXT 1048576 MAXEXTENTS 2147483645
  BUFFER_POOL DEFAULT FLASH_CACHE DEFAULT CELL_FLASH_CACHE DEFAULT)
  TABLESPACE "USERS" 
  PARALLEL (DEGREE 0 INSTANCES 0) ;
--------------------------------------------------------
--  DDL for Index T_GEND_INICIATIVA_ENERG_PK
--------------------------------------------------------

  CREATE UNIQUE INDEX "USERMRV"."T_GEND_INICIATIVA_ENERG_PK" ON "USERMRV"."T_GEND_INICIATIVA_ENERG" ("ID_INICIATIVA_ENERG") 
  PCTFREE 10 INITRANS 2 MAXTRANS 255 COMPUTE STATISTICS 
  STORAGE(INITIAL 65536 NEXT 1048576 MINEXTENTS 1 MAXEXTENTS 2147483645
  PCTINCREASE 0 FREELISTS 1 FREELIST GROUPS 1
  BUFFER_POOL DEFAULT FLASH_CACHE DEFAULT CELL_FLASH_CACHE DEFAULT)
  TABLESPACE "USERS" ;
--------------------------------------------------------
--  DDL for Index T_GEND_INICIATIVA_GEI_PK
--------------------------------------------------------

  CREATE UNIQUE INDEX "USERMRV"."T_GEND_INICIATIVA_GEI_PK" ON "USERMRV"."T_GEND_INICIATIVA_GEI" ("ID_INICIATIVA_GEI") 
  PCTFREE 10 INITRANS 2 MAXTRANS 255 COMPUTE STATISTICS 
  STORAGE(INITIAL 65536 NEXT 1048576 MINEXTENTS 1 MAXEXTENTS 2147483645
  PCTINCREASE 0 FREELISTS 1 FREELIST GROUPS 1
  BUFFER_POOL DEFAULT FLASH_CACHE DEFAULT CELL_FLASH_CACHE DEFAULT)
  TABLESPACE "USERS" ;
--------------------------------------------------------
--  DDL for Index T_GEND_INICIATIVA_UBICACION_PK
--------------------------------------------------------

  CREATE UNIQUE INDEX "USERMRV"."T_GEND_INICIATIVA_UBICACION_PK" ON "USERMRV"."T_GEND_INICIATIVA_UBICACION" ("ID_INICIATIVA_UBICACION") 
  PCTFREE 10 INITRANS 2 MAXTRANS 255 COMPUTE STATISTICS 
  STORAGE(INITIAL 65536 NEXT 1048576 MINEXTENTS 1 MAXEXTENTS 2147483645
  PCTINCREASE 0 FREELISTS 1 FREELIST GROUPS 1
  BUFFER_POOL DEFAULT FLASH_CACHE DEFAULT CELL_FLASH_CACHE DEFAULT)
  TABLESPACE "USERS" ;
--------------------------------------------------------
--  DDL for Index T_GEND_SEGUIMIENTO_PK
--------------------------------------------------------

  CREATE UNIQUE INDEX "USERMRV"."T_GEND_SEGUIMIENTO_PK" ON "USERMRV"."T_GEND_SEGUIMIENTO" ("ID_SEGUIMIENTO") 
  PCTFREE 10 INITRANS 2 MAXTRANS 255 COMPUTE STATISTICS 
  TABLESPACE "USERS" ;
--------------------------------------------------------
--  DDL for Index T_GENM_AYUDA_PK
--------------------------------------------------------

  CREATE UNIQUE INDEX "USERMRV"."T_GENM_AYUDA_PK" ON "USERMRV"."T_GENM_AYUDA" ("ID_AYUDA") 
  PCTFREE 10 INITRANS 2 MAXTRANS 255 COMPUTE STATISTICS 
  TABLESPACE "USERS" ;
--------------------------------------------------------
--  DDL for Index T_GENM_BLOCKCHAIN_PK
--------------------------------------------------------

  CREATE UNIQUE INDEX "USERMRV"."T_GENM_BLOCKCHAIN_PK" ON "USERMRV"."T_GENM_BLOCKCHAIN" ("ID_BLOCKCHAIN") 
  PCTFREE 10 INITRANS 2 MAXTRANS 255 COMPUTE STATISTICS 
  TABLESPACE "USERS" ;
--------------------------------------------------------
--  DDL for Index T_GENM_ESCENARIO_PK
--------------------------------------------------------

  CREATE UNIQUE INDEX "USERMRV"."T_GENM_ESCENARIO_PK" ON "USERMRV"."T_GENM_ESCENARIO" ("ID_ESCENARIO") 
  PCTFREE 10 INITRANS 2 MAXTRANS 255 COMPUTE STATISTICS 
  TABLESPACE "USERS" ;
--------------------------------------------------------
--  DDL for Index T_GENM_FACTOR_PK
--------------------------------------------------------

  CREATE UNIQUE INDEX "USERMRV"."T_GENM_FACTOR_PK" ON "USERMRV"."T_GENM_FACTOR" ("ID_FACTOR") 
  PCTFREE 10 INITRANS 2 MAXTRANS 255 COMPUTE STATISTICS 
  TABLESPACE "USERS" ;
--------------------------------------------------------
--  DDL for Index T_GENM_INICIATIVA_PK
--------------------------------------------------------

  CREATE UNIQUE INDEX "USERMRV"."T_GENM_INICIATIVA_PK" ON "USERMRV"."T_GENM_INICIATIVA" ("ID_INICIATIVA") 
  PCTFREE 10 INITRANS 2 MAXTRANS 255 COMPUTE STATISTICS 
  STORAGE(INITIAL 65536 NEXT 1048576 MINEXTENTS 1 MAXEXTENTS 2147483645
  PCTINCREASE 0 FREELISTS 1 FREELIST GROUPS 1
  BUFFER_POOL DEFAULT FLASH_CACHE DEFAULT CELL_FLASH_CACHE DEFAULT)
  TABLESPACE "USERS" ;
--------------------------------------------------------
--  DDL for Index T_GENM_INSTITUCION_PK
--------------------------------------------------------

  CREATE UNIQUE INDEX "USERMRV"."T_GENM_INSTITUCION_PK" ON "USERMRV"."T_GENM_INSTITUCION" ("ID_INSTITUCION") 
  PCTFREE 10 INITRANS 2 MAXTRANS 255 COMPUTE STATISTICS 
  STORAGE(INITIAL 65536 NEXT 1048576 MINEXTENTS 1 MAXEXTENTS 2147483645
  PCTINCREASE 0 FREELISTS 1 FREELIST GROUPS 1
  BUFFER_POOL DEFAULT FLASH_CACHE DEFAULT CELL_FLASH_CACHE DEFAULT)
  TABLESPACE "USERS" ;
--------------------------------------------------------
--  DDL for Index T_GENM_USUARIO_PK
--------------------------------------------------------

  CREATE UNIQUE INDEX "USERMRV"."T_GENM_USUARIO_PK" ON "USERMRV"."T_GENM_USUARIO" ("ID_USUARIO") 
  PCTFREE 10 INITRANS 2 MAXTRANS 255 COMPUTE STATISTICS 
  STORAGE(INITIAL 65536 NEXT 1048576 MINEXTENTS 1 MAXEXTENTS 2147483645
  PCTINCREASE 0 FREELISTS 1 FREELIST GROUPS 1
  BUFFER_POOL DEFAULT FLASH_CACHE DEFAULT CELL_FLASH_CACHE DEFAULT)
  TABLESPACE "USERS" ;
--------------------------------------------------------
--  DDL for Index T_MAE_ENERG_PK
--------------------------------------------------------

  CREATE UNIQUE INDEX "USERMRV"."T_MAE_ENERG_PK" ON "USERMRV"."T_MAE_ENERG" ("ID_ENERG") 
  PCTFREE 10 INITRANS 2 MAXTRANS 255 COMPUTE STATISTICS 
  STORAGE(INITIAL 65536 NEXT 1048576 MINEXTENTS 1 MAXEXTENTS 2147483645
  PCTINCREASE 0 FREELISTS 1 FREELIST GROUPS 1
  BUFFER_POOL DEFAULT FLASH_CACHE DEFAULT CELL_FLASH_CACHE DEFAULT)
  TABLESPACE "USERS" ;
--------------------------------------------------------
--  DDL for Index T_MAE_ESTADO_PK
--------------------------------------------------------

  CREATE UNIQUE INDEX "USERMRV"."T_MAE_ESTADO_PK" ON "USERMRV"."T_MAE_ESTADO" ("ID_ESTADO") 
  PCTFREE 10 INITRANS 2 MAXTRANS 255 COMPUTE STATISTICS 
  STORAGE(INITIAL 65536 NEXT 1048576 MINEXTENTS 1 MAXEXTENTS 2147483645
  PCTINCREASE 0 FREELISTS 1 FREELIST GROUPS 1
  BUFFER_POOL DEFAULT FLASH_CACHE DEFAULT CELL_FLASH_CACHE DEFAULT)
  TABLESPACE "USERS" ;
--------------------------------------------------------
--  DDL for Index T_MAE_ESTADO_USUARIO_PK
--------------------------------------------------------

  CREATE UNIQUE INDEX "USERMRV"."T_MAE_ESTADO_USUARIO_PK" ON "USERMRV"."T_MAE_ESTADO_USUARIO" ("ID_ESTADO_USUARIO") 
  PCTFREE 10 INITRANS 2 MAXTRANS 255 COMPUTE STATISTICS 
  STORAGE(INITIAL 65536 NEXT 1048576 MINEXTENTS 1 MAXEXTENTS 2147483645
  PCTINCREASE 0 FREELISTS 1 FREELIST GROUPS 1
  BUFFER_POOL DEFAULT FLASH_CACHE DEFAULT CELL_FLASH_CACHE DEFAULT)
  TABLESPACE "USERS" ;
--------------------------------------------------------
--  DDL for Index T_MAE_ETAPA_PK
--------------------------------------------------------

  CREATE UNIQUE INDEX "USERMRV"."T_MAE_ETAPA_PK" ON "USERMRV"."T_MAE_ETAPA" ("ID_ETAPA") 
  PCTFREE 10 INITRANS 2 MAXTRANS 255 COMPUTE STATISTICS 
  STORAGE(INITIAL 65536 NEXT 1048576 MINEXTENTS 1 MAXEXTENTS 2147483645
  PCTINCREASE 0 FREELISTS 1 FREELIST GROUPS 1
  BUFFER_POOL DEFAULT FLASH_CACHE DEFAULT CELL_FLASH_CACHE DEFAULT)
  TABLESPACE "USERS" ;
--------------------------------------------------------
--  DDL for Index T_MAE_GEI_PK
--------------------------------------------------------

  CREATE UNIQUE INDEX "USERMRV"."T_MAE_GEI_PK" ON "USERMRV"."T_MAE_GEI" ("ID_GEI") 
  PCTFREE 10 INITRANS 2 MAXTRANS 255 COMPUTE STATISTICS 
  STORAGE(INITIAL 65536 NEXT 1048576 MINEXTENTS 1 MAXEXTENTS 2147483645
  PCTINCREASE 0 FREELISTS 1 FREELIST GROUPS 1
  BUFFER_POOL DEFAULT FLASH_CACHE DEFAULT CELL_FLASH_CACHE DEFAULT)
  TABLESPACE "USERS" ;
--------------------------------------------------------
--  DDL for Index T_MAE_LISTA_PK
--------------------------------------------------------

  CREATE UNIQUE INDEX "USERMRV"."T_MAE_LISTA_PK" ON "USERMRV"."T_MAE_LISTA" ("ID_LISTA") 
  PCTFREE 10 INITRANS 2 MAXTRANS 255 COMPUTE STATISTICS 
  TABLESPACE "USERS" ;
--------------------------------------------------------
--  DDL for Index T_MAE_MEDMIT_PK
--------------------------------------------------------

  CREATE UNIQUE INDEX "USERMRV"."T_MAE_MEDMIT_PK" ON "USERMRV"."T_MAE_MEDMIT" ("ID_MEDMIT") 
  PCTFREE 10 INITRANS 2 MAXTRANS 255 COMPUTE STATISTICS 
  STORAGE(INITIAL 65536 NEXT 1048576 MINEXTENTS 1 MAXEXTENTS 2147483645
  PCTINCREASE 0 FREELISTS 1 FREELIST GROUPS 1
  BUFFER_POOL DEFAULT FLASH_CACHE DEFAULT CELL_FLASH_CACHE DEFAULT)
  TABLESPACE "USERS" ;
--------------------------------------------------------
--  DDL for Index T_MAE_MONEDA_PK
--------------------------------------------------------

  CREATE UNIQUE INDEX "USERMRV"."T_MAE_MONEDA_PK" ON "USERMRV"."T_MAE_MONEDA" ("ID_MONEDA") 
  PCTFREE 10 INITRANS 2 MAXTRANS 255 COMPUTE STATISTICS 
  STORAGE(INITIAL 65536 NEXT 1048576 MINEXTENTS 1 MAXEXTENTS 2147483645
  PCTINCREASE 0 FREELISTS 1 FREELIST GROUPS 1
  BUFFER_POOL DEFAULT FLASH_CACHE DEFAULT CELL_FLASH_CACHE DEFAULT)
  TABLESPACE "USERS" ;
--------------------------------------------------------
--  DDL for Index T_MAE_NAMA_PK
--------------------------------------------------------

  CREATE UNIQUE INDEX "USERMRV"."T_MAE_NAMA_PK" ON "USERMRV"."T_MAE_NAMA" ("ID_NAMA") 
  PCTFREE 10 INITRANS 2 MAXTRANS 255 COMPUTE STATISTICS 
  STORAGE(INITIAL 65536 NEXT 1048576 MINEXTENTS 1 MAXEXTENTS 2147483645
  PCTINCREASE 0 FREELISTS 1 FREELIST GROUPS 1
  BUFFER_POOL DEFAULT FLASH_CACHE DEFAULT CELL_FLASH_CACHE DEFAULT)
  TABLESPACE "USERS" ;
--------------------------------------------------------
--  DDL for Index T_MAE_OPCION_PK
--------------------------------------------------------

  CREATE UNIQUE INDEX "USERMRV"."T_MAE_OPCION_PK" ON "USERMRV"."T_MAE_OPCION" ("ID_OPCION") 
  PCTFREE 10 INITRANS 2 MAXTRANS 255 COMPUTE STATISTICS 
  STORAGE(INITIAL 65536 NEXT 1048576 MINEXTENTS 1 MAXEXTENTS 2147483645
  PCTINCREASE 0 FREELISTS 1 FREELIST GROUPS 1
  BUFFER_POOL DEFAULT FLASH_CACHE DEFAULT CELL_FLASH_CACHE DEFAULT)
  TABLESPACE "USERS" ;
--------------------------------------------------------
--  DDL for Index T_MAE_PAGINA_PK
--------------------------------------------------------

  CREATE UNIQUE INDEX "USERMRV"."T_MAE_PAGINA_PK" ON "USERMRV"."T_MAE_PAGINA" ("ID_PAGINA") 
  PCTFREE 10 INITRANS 2 MAXTRANS 255 COMPUTE STATISTICS 
  TABLESPACE "USERS" ;
--------------------------------------------------------
--  DDL for Index T_MAE_PLAZO_PK
--------------------------------------------------------

  CREATE UNIQUE INDEX "USERMRV"."T_MAE_PLAZO_PK" ON "USERMRV"."T_MAE_PLAZO" ("ID_PLAZO") 
  PCTFREE 10 INITRANS 2 MAXTRANS 255 COMPUTE STATISTICS 
  TABLESPACE "USERS" ;
--------------------------------------------------------
--  DDL for Index T_MAE_ROL_PK
--------------------------------------------------------

  CREATE UNIQUE INDEX "USERMRV"."T_MAE_ROL_PK" ON "USERMRV"."T_MAE_ROL" ("ID_ROL") 
  PCTFREE 10 INITRANS 2 MAXTRANS 255 COMPUTE STATISTICS 
  STORAGE(INITIAL 65536 NEXT 1048576 MINEXTENTS 1 MAXEXTENTS 2147483645
  PCTINCREASE 0 FREELISTS 1 FREELIST GROUPS 1
  BUFFER_POOL DEFAULT FLASH_CACHE DEFAULT CELL_FLASH_CACHE DEFAULT)
  TABLESPACE "USERS" ;
--------------------------------------------------------
--  DDL for Index T_MAE_SECTOR_INST_PK
--------------------------------------------------------

  CREATE UNIQUE INDEX "USERMRV"."T_MAE_SECTOR_INST_PK" ON "USERMRV"."T_MAE_SECTOR_INST" ("ID_SECTOR_INST") 
  PCTFREE 10 INITRANS 2 MAXTRANS 255 COMPUTE STATISTICS 
  STORAGE(INITIAL 65536 NEXT 1048576 MINEXTENTS 1 MAXEXTENTS 2147483645
  PCTINCREASE 0 FREELISTS 1 FREELIST GROUPS 1
  BUFFER_POOL DEFAULT FLASH_CACHE DEFAULT CELL_FLASH_CACHE DEFAULT)
  TABLESPACE "USERS" ;
--------------------------------------------------------
--  DDL for Index T_MAE_TERMINOS_PK
--------------------------------------------------------

  CREATE UNIQUE INDEX "USERMRV"."T_MAE_TERMINOS_PK" ON "USERMRV"."T_MAE_TERMINOS" ("ID_TERMINOS") 
  PCTFREE 10 INITRANS 2 MAXTRANS 255 COMPUTE STATISTICS 
  STORAGE(INITIAL 65536 NEXT 1048576 MINEXTENTS 1 MAXEXTENTS 2147483645
  PCTINCREASE 0 FREELISTS 1 FREELIST GROUPS 1
  BUFFER_POOL DEFAULT FLASH_CACHE DEFAULT CELL_FLASH_CACHE DEFAULT)
  TABLESPACE "USERS" ;
--------------------------------------------------------
--  DDL for Index T_MAE_UBICACION_PK
--------------------------------------------------------

  CREATE UNIQUE INDEX "USERMRV"."T_MAE_UBICACION_PK" ON "USERMRV"."T_MAE_UBICACION" ("ID_UBICACION") 
  PCTFREE 10 INITRANS 2 MAXTRANS 255 COMPUTE STATISTICS 
  STORAGE(INITIAL 65536 NEXT 1048576 MINEXTENTS 1 MAXEXTENTS 2147483645
  PCTINCREASE 0 FREELISTS 1 FREELIST GROUPS 1
  BUFFER_POOL DEFAULT FLASH_CACHE DEFAULT CELL_FLASH_CACHE DEFAULT)
  TABLESPACE "USERS" ;
--------------------------------------------------------
--  Constraints for Table T_GEND_FACTORVALOR
--------------------------------------------------------

  ALTER TABLE "USERMRV"."T_GEND_FACTORVALOR" MODIFY ("ID_FACTOR" NOT NULL ENABLE);
  ALTER TABLE "USERMRV"."T_GEND_FACTORVALOR" MODIFY ("ID_FACTORVALOR" NOT NULL ENABLE);
--------------------------------------------------------
--  Constraints for Table T_GEND_INICIATIVA_ENERG
--------------------------------------------------------

  ALTER TABLE "USERMRV"."T_GEND_INICIATIVA_ENERG" ADD CONSTRAINT "T_GEND_INICIATIVA_ENERG_PK" PRIMARY KEY ("ID_INICIATIVA_ENERG")
  USING INDEX PCTFREE 10 INITRANS 2 MAXTRANS 255 COMPUTE STATISTICS 
  STORAGE(INITIAL 65536 NEXT 1048576 MINEXTENTS 1 MAXEXTENTS 2147483645
  PCTINCREASE 0 FREELISTS 1 FREELIST GROUPS 1
  BUFFER_POOL DEFAULT FLASH_CACHE DEFAULT CELL_FLASH_CACHE DEFAULT)
  TABLESPACE "USERS"  ENABLE;
  ALTER TABLE "USERMRV"."T_GEND_INICIATIVA_ENERG" MODIFY ("ID_ENERG" NOT NULL ENABLE);
  ALTER TABLE "USERMRV"."T_GEND_INICIATIVA_ENERG" MODIFY ("ID_INICIATIVA" NOT NULL ENABLE);
  ALTER TABLE "USERMRV"."T_GEND_INICIATIVA_ENERG" MODIFY ("ID_INICIATIVA_ENERG" NOT NULL ENABLE);
--------------------------------------------------------
--  Constraints for Table T_GEND_INICIATIVA_GEI
--------------------------------------------------------

  ALTER TABLE "USERMRV"."T_GEND_INICIATIVA_GEI" ADD CONSTRAINT "T_GEND_INICIATIVA_GEI_PK" PRIMARY KEY ("ID_INICIATIVA_GEI")
  USING INDEX PCTFREE 10 INITRANS 2 MAXTRANS 255 COMPUTE STATISTICS 
  STORAGE(INITIAL 65536 NEXT 1048576 MINEXTENTS 1 MAXEXTENTS 2147483645
  PCTINCREASE 0 FREELISTS 1 FREELIST GROUPS 1
  BUFFER_POOL DEFAULT FLASH_CACHE DEFAULT CELL_FLASH_CACHE DEFAULT)
  TABLESPACE "USERS"  ENABLE;
--------------------------------------------------------
--  Constraints for Table T_GEND_INICIATIVA_UBICACION
--------------------------------------------------------

  ALTER TABLE "USERMRV"."T_GEND_INICIATIVA_UBICACION" ADD CONSTRAINT "T_GEND_INICIATIVA_UBICACION_PK" PRIMARY KEY ("ID_INICIATIVA_UBICACION")
  USING INDEX PCTFREE 10 INITRANS 2 MAXTRANS 255 COMPUTE STATISTICS 
  STORAGE(INITIAL 65536 NEXT 1048576 MINEXTENTS 1 MAXEXTENTS 2147483645
  PCTINCREASE 0 FREELISTS 1 FREELIST GROUPS 1
  BUFFER_POOL DEFAULT FLASH_CACHE DEFAULT CELL_FLASH_CACHE DEFAULT)
  TABLESPACE "USERS"  ENABLE;
  ALTER TABLE "USERMRV"."T_GEND_INICIATIVA_UBICACION" MODIFY ("ID_UBICACION" NOT NULL ENABLE);
  ALTER TABLE "USERMRV"."T_GEND_INICIATIVA_UBICACION" MODIFY ("ID_INICIATIVA" NOT NULL ENABLE);
  ALTER TABLE "USERMRV"."T_GEND_INICIATIVA_UBICACION" MODIFY ("ID_INICIATIVA_UBICACION" NOT NULL ENABLE);
--------------------------------------------------------
--  Constraints for Table T_GEND_INI_TIPDOCAVAL
--------------------------------------------------------

  ALTER TABLE "USERMRV"."T_GEND_INI_TIPDOCAVAL" MODIFY ("ID_INI_TIPDOCAVAL" NOT NULL ENABLE);
  ALTER TABLE "USERMRV"."T_GEND_INI_TIPDOCAVAL" MODIFY ("ID_TIPDOCAVAL" NOT NULL ENABLE);
  ALTER TABLE "USERMRV"."T_GEND_INI_TIPDOCAVAL" MODIFY ("ID_GEND_INDICOMPU_TIPDOCAVAL" NOT NULL ENABLE);
--------------------------------------------------------
--  Constraints for Table T_GEND_SEGUIMIENTO
--------------------------------------------------------

  ALTER TABLE "USERMRV"."T_GEND_SEGUIMIENTO" ADD CONSTRAINT "T_GEND_SEGUIMIENTO_PK" PRIMARY KEY ("ID_SEGUIMIENTO")
  USING INDEX PCTFREE 10 INITRANS 2 MAXTRANS 255 COMPUTE STATISTICS 
  TABLESPACE "USERS"  ENABLE;
  ALTER TABLE "USERMRV"."T_GEND_SEGUIMIENTO" MODIFY ("ID_USUARIO" NOT NULL ENABLE);
  ALTER TABLE "USERMRV"."T_GEND_SEGUIMIENTO" MODIFY ("ID_SEGUIMIENTO" NOT NULL ENABLE);
--------------------------------------------------------
--  Constraints for Table T_GENM_AYUDA
--------------------------------------------------------

  ALTER TABLE "USERMRV"."T_GENM_AYUDA" ADD CONSTRAINT "T_GENM_AYUDA_PK" PRIMARY KEY ("ID_AYUDA")
  USING INDEX PCTFREE 10 INITRANS 2 MAXTRANS 255 COMPUTE STATISTICS 
  TABLESPACE "USERS"  ENABLE;
  ALTER TABLE "USERMRV"."T_GENM_AYUDA" MODIFY ("ID_USUARIO" NOT NULL ENABLE);
  ALTER TABLE "USERMRV"."T_GENM_AYUDA" MODIFY ("ID_MAEPAGSEC" NOT NULL ENABLE);
  ALTER TABLE "USERMRV"."T_GENM_AYUDA" MODIFY ("ID_AYUDA" NOT NULL ENABLE);
--------------------------------------------------------
--  Constraints for Table T_GENM_BLOCKCHAIN
--------------------------------------------------------

  ALTER TABLE "USERMRV"."T_GENM_BLOCKCHAIN" MODIFY ("ID_INICIATIVA" NOT NULL ENABLE);
  ALTER TABLE "USERMRV"."T_GENM_BLOCKCHAIN" MODIFY ("ID_BLOCKCHAIN" NOT NULL ENABLE);
  ALTER TABLE "USERMRV"."T_GENM_BLOCKCHAIN" ADD CONSTRAINT "T_GENM_BLOCKCHAIN_PK" PRIMARY KEY ("ID_BLOCKCHAIN")
  USING INDEX PCTFREE 10 INITRANS 2 MAXTRANS 255 COMPUTE STATISTICS 
  TABLESPACE "USERS"  ENABLE;
--------------------------------------------------------
--  Constraints for Table T_GENM_ESCENARIO
--------------------------------------------------------

  ALTER TABLE "USERMRV"."T_GENM_ESCENARIO" ADD CONSTRAINT "T_GENM_ESCENARIO_PK" PRIMARY KEY ("ID_ESCENARIO")
  USING INDEX PCTFREE 10 INITRANS 2 MAXTRANS 255 COMPUTE STATISTICS 
  TABLESPACE "USERS"  ENABLE;
--------------------------------------------------------
--  Constraints for Table T_GENM_FACTOR
--------------------------------------------------------

  ALTER TABLE "USERMRV"."T_GENM_FACTOR" ADD CONSTRAINT "T_GENM_FACTOR_PK" PRIMARY KEY ("ID_FACTOR")
  USING INDEX PCTFREE 10 INITRANS 2 MAXTRANS 255 COMPUTE STATISTICS 
  TABLESPACE "USERS"  ENABLE;
  ALTER TABLE "USERMRV"."T_GENM_FACTOR" MODIFY ("ID_MEDMIT" NOT NULL ENABLE);
  ALTER TABLE "USERMRV"."T_GENM_FACTOR" MODIFY ("ID_FACTOR" NOT NULL ENABLE);
--------------------------------------------------------
--  Constraints for Table T_GENM_INICIATIVA
--------------------------------------------------------

  ALTER TABLE "USERMRV"."T_GENM_INICIATIVA" ADD CONSTRAINT "T_GENM_INICIATIVA_PK" PRIMARY KEY ("ID_INICIATIVA")
  USING INDEX PCTFREE 10 INITRANS 2 MAXTRANS 255 COMPUTE STATISTICS 
  STORAGE(INITIAL 65536 NEXT 1048576 MINEXTENTS 1 MAXEXTENTS 2147483645
  PCTINCREASE 0 FREELISTS 1 FREELIST GROUPS 1
  BUFFER_POOL DEFAULT FLASH_CACHE DEFAULT CELL_FLASH_CACHE DEFAULT)
  TABLESPACE "USERS"  ENABLE;
--------------------------------------------------------
--  Constraints for Table T_GENM_INSTITUCION
--------------------------------------------------------

  ALTER TABLE "USERMRV"."T_GENM_INSTITUCION" ADD CONSTRAINT "T_GENM_INSTITUCION_PK" PRIMARY KEY ("ID_INSTITUCION")
  USING INDEX PCTFREE 10 INITRANS 2 MAXTRANS 255 COMPUTE STATISTICS 
  STORAGE(INITIAL 65536 NEXT 1048576 MINEXTENTS 1 MAXEXTENTS 2147483645
  PCTINCREASE 0 FREELISTS 1 FREELIST GROUPS 1
  BUFFER_POOL DEFAULT FLASH_CACHE DEFAULT CELL_FLASH_CACHE DEFAULT)
  TABLESPACE "USERS"  ENABLE;
--------------------------------------------------------
--  Constraints for Table T_GENM_USUARIO
--------------------------------------------------------

  ALTER TABLE "USERMRV"."T_GENM_USUARIO" ADD CONSTRAINT "T_GENM_USUARIO_PK" PRIMARY KEY ("ID_USUARIO")
  USING INDEX PCTFREE 10 INITRANS 2 MAXTRANS 255 COMPUTE STATISTICS 
  STORAGE(INITIAL 65536 NEXT 1048576 MINEXTENTS 1 MAXEXTENTS 2147483645
  PCTINCREASE 0 FREELISTS 1 FREELIST GROUPS 1
  BUFFER_POOL DEFAULT FLASH_CACHE DEFAULT CELL_FLASH_CACHE DEFAULT)
  TABLESPACE "USERS"  ENABLE;
--------------------------------------------------------
--  Constraints for Table T_MAE_ENERG
--------------------------------------------------------

  ALTER TABLE "USERMRV"."T_MAE_ENERG" ADD CONSTRAINT "T_MAE_ENERG_PK" PRIMARY KEY ("ID_ENERG")
  USING INDEX PCTFREE 10 INITRANS 2 MAXTRANS 255 COMPUTE STATISTICS 
  STORAGE(INITIAL 65536 NEXT 1048576 MINEXTENTS 1 MAXEXTENTS 2147483645
  PCTINCREASE 0 FREELISTS 1 FREELIST GROUPS 1
  BUFFER_POOL DEFAULT FLASH_CACHE DEFAULT CELL_FLASH_CACHE DEFAULT)
  TABLESPACE "USERS"  ENABLE;
--------------------------------------------------------
--  Constraints for Table T_MAE_ESTADO
--------------------------------------------------------

  ALTER TABLE "USERMRV"."T_MAE_ESTADO" ADD CONSTRAINT "T_MAE_ESTADO_PK" PRIMARY KEY ("ID_ESTADO")
  USING INDEX PCTFREE 10 INITRANS 2 MAXTRANS 255 COMPUTE STATISTICS 
  STORAGE(INITIAL 65536 NEXT 1048576 MINEXTENTS 1 MAXEXTENTS 2147483645
  PCTINCREASE 0 FREELISTS 1 FREELIST GROUPS 1
  BUFFER_POOL DEFAULT FLASH_CACHE DEFAULT CELL_FLASH_CACHE DEFAULT)
  TABLESPACE "USERS"  ENABLE;
--------------------------------------------------------
--  Constraints for Table T_MAE_ESTADO_USUARIO
--------------------------------------------------------

  ALTER TABLE "USERMRV"."T_MAE_ESTADO_USUARIO" ADD CONSTRAINT "T_MAE_ESTADO_USUARIO_PK" PRIMARY KEY ("ID_ESTADO_USUARIO")
  USING INDEX PCTFREE 10 INITRANS 2 MAXTRANS 255 COMPUTE STATISTICS 
  STORAGE(INITIAL 65536 NEXT 1048576 MINEXTENTS 1 MAXEXTENTS 2147483645
  PCTINCREASE 0 FREELISTS 1 FREELIST GROUPS 1
  BUFFER_POOL DEFAULT FLASH_CACHE DEFAULT CELL_FLASH_CACHE DEFAULT)
  TABLESPACE "USERS"  ENABLE;
--------------------------------------------------------
--  Constraints for Table T_MAE_ETAPA
--------------------------------------------------------

  ALTER TABLE "USERMRV"."T_MAE_ETAPA" ADD CONSTRAINT "T_MAE_ETAPA_PK" PRIMARY KEY ("ID_ETAPA")
  USING INDEX PCTFREE 10 INITRANS 2 MAXTRANS 255 COMPUTE STATISTICS 
  STORAGE(INITIAL 65536 NEXT 1048576 MINEXTENTS 1 MAXEXTENTS 2147483645
  PCTINCREASE 0 FREELISTS 1 FREELIST GROUPS 1
  BUFFER_POOL DEFAULT FLASH_CACHE DEFAULT CELL_FLASH_CACHE DEFAULT)
  TABLESPACE "USERS"  ENABLE;
--------------------------------------------------------
--  Constraints for Table T_MAE_GEI
--------------------------------------------------------

  ALTER TABLE "USERMRV"."T_MAE_GEI" ADD CONSTRAINT "T_MAE_GEI_PK" PRIMARY KEY ("ID_GEI")
  USING INDEX PCTFREE 10 INITRANS 2 MAXTRANS 255 COMPUTE STATISTICS 
  STORAGE(INITIAL 65536 NEXT 1048576 MINEXTENTS 1 MAXEXTENTS 2147483645
  PCTINCREASE 0 FREELISTS 1 FREELIST GROUPS 1
  BUFFER_POOL DEFAULT FLASH_CACHE DEFAULT CELL_FLASH_CACHE DEFAULT)
  TABLESPACE "USERS"  ENABLE;
--------------------------------------------------------
--  Constraints for Table T_MAE_LISTA
--------------------------------------------------------

  ALTER TABLE "USERMRV"."T_MAE_LISTA" ADD CONSTRAINT "T_MAE_LISTA_PK" PRIMARY KEY ("ID_LISTA")
  USING INDEX PCTFREE 10 INITRANS 2 MAXTRANS 255 COMPUTE STATISTICS 
  TABLESPACE "USERS"  ENABLE;
--------------------------------------------------------
--  Constraints for Table T_MAE_MEDMIT
--------------------------------------------------------

  ALTER TABLE "USERMRV"."T_MAE_MEDMIT" ADD CONSTRAINT "T_MAE_MEDMIT_PK" PRIMARY KEY ("ID_MEDMIT")
  USING INDEX PCTFREE 10 INITRANS 2 MAXTRANS 255 COMPUTE STATISTICS 
  STORAGE(INITIAL 65536 NEXT 1048576 MINEXTENTS 1 MAXEXTENTS 2147483645
  PCTINCREASE 0 FREELISTS 1 FREELIST GROUPS 1
  BUFFER_POOL DEFAULT FLASH_CACHE DEFAULT CELL_FLASH_CACHE DEFAULT)
  TABLESPACE "USERS"  ENABLE;
--------------------------------------------------------
--  Constraints for Table T_MAE_MONEDA
--------------------------------------------------------

  ALTER TABLE "USERMRV"."T_MAE_MONEDA" ADD CONSTRAINT "T_MAE_MONEDA_PK" PRIMARY KEY ("ID_MONEDA")
  USING INDEX PCTFREE 10 INITRANS 2 MAXTRANS 255 COMPUTE STATISTICS 
  STORAGE(INITIAL 65536 NEXT 1048576 MINEXTENTS 1 MAXEXTENTS 2147483645
  PCTINCREASE 0 FREELISTS 1 FREELIST GROUPS 1
  BUFFER_POOL DEFAULT FLASH_CACHE DEFAULT CELL_FLASH_CACHE DEFAULT)
  TABLESPACE "USERS"  ENABLE;
--------------------------------------------------------
--  Constraints for Table T_MAE_NAMA
--------------------------------------------------------

  ALTER TABLE "USERMRV"."T_MAE_NAMA" MODIFY ("ID_NAMA" NOT NULL ENABLE);
  ALTER TABLE "USERMRV"."T_MAE_NAMA" ADD CONSTRAINT "T_MAE_NAMA_PK" PRIMARY KEY ("ID_NAMA")
  USING INDEX PCTFREE 10 INITRANS 2 MAXTRANS 255 COMPUTE STATISTICS 
  STORAGE(INITIAL 65536 NEXT 1048576 MINEXTENTS 1 MAXEXTENTS 2147483645
  PCTINCREASE 0 FREELISTS 1 FREELIST GROUPS 1
  BUFFER_POOL DEFAULT FLASH_CACHE DEFAULT CELL_FLASH_CACHE DEFAULT)
  TABLESPACE "USERS"  ENABLE;
--------------------------------------------------------
--  Constraints for Table T_MAE_OPCION
--------------------------------------------------------

  ALTER TABLE "USERMRV"."T_MAE_OPCION" ADD CONSTRAINT "T_MAE_OPCION_PK" PRIMARY KEY ("ID_OPCION")
  USING INDEX PCTFREE 10 INITRANS 2 MAXTRANS 255 COMPUTE STATISTICS 
  STORAGE(INITIAL 65536 NEXT 1048576 MINEXTENTS 1 MAXEXTENTS 2147483645
  PCTINCREASE 0 FREELISTS 1 FREELIST GROUPS 1
  BUFFER_POOL DEFAULT FLASH_CACHE DEFAULT CELL_FLASH_CACHE DEFAULT)
  TABLESPACE "USERS"  ENABLE;
  ALTER TABLE "USERMRV"."T_MAE_OPCION" MODIFY ("FLG_ESTADO" NOT NULL ENABLE);
  ALTER TABLE "USERMRV"."T_MAE_OPCION" MODIFY ("DES_OPCION" NOT NULL ENABLE);
  ALTER TABLE "USERMRV"."T_MAE_OPCION" MODIFY ("ID_OPCION" NOT NULL ENABLE);
--------------------------------------------------------
--  Constraints for Table T_MAE_OPCION_ROL
--------------------------------------------------------

  ALTER TABLE "USERMRV"."T_MAE_OPCION_ROL" MODIFY ("FLG_ESTADO" NOT NULL ENABLE);
  ALTER TABLE "USERMRV"."T_MAE_OPCION_ROL" MODIFY ("ID_ROL" NOT NULL ENABLE);
  ALTER TABLE "USERMRV"."T_MAE_OPCION_ROL" MODIFY ("ID_OPCION" NOT NULL ENABLE);
--------------------------------------------------------
--  Constraints for Table T_MAE_PAGINA
--------------------------------------------------------

  ALTER TABLE "USERMRV"."T_MAE_PAGINA" ADD CONSTRAINT "T_MAE_PAGINA_PK" PRIMARY KEY ("ID_PAGINA")
  USING INDEX PCTFREE 10 INITRANS 2 MAXTRANS 255 COMPUTE STATISTICS 
  TABLESPACE "USERS"  ENABLE;
--------------------------------------------------------
--  Constraints for Table T_MAE_PLAZO
--------------------------------------------------------

  ALTER TABLE "USERMRV"."T_MAE_PLAZO" MODIFY ("ID_ETAPA" NOT NULL ENABLE);
  ALTER TABLE "USERMRV"."T_MAE_PLAZO" MODIFY ("ID_PLAZO" NOT NULL ENABLE);
  ALTER TABLE "USERMRV"."T_MAE_PLAZO" ADD CONSTRAINT "T_MAE_PLAZO_PK" PRIMARY KEY ("ID_PLAZO")
  USING INDEX PCTFREE 10 INITRANS 2 MAXTRANS 255 COMPUTE STATISTICS 
  TABLESPACE "USERS"  ENABLE;
--------------------------------------------------------
--  Constraints for Table T_MAE_ROL
--------------------------------------------------------

  ALTER TABLE "USERMRV"."T_MAE_ROL" MODIFY ("FLG_ESTADO" NOT NULL ENABLE);
  ALTER TABLE "USERMRV"."T_MAE_ROL" ADD CONSTRAINT "T_MAE_ROL_PK" PRIMARY KEY ("ID_ROL")
  USING INDEX PCTFREE 10 INITRANS 2 MAXTRANS 255 COMPUTE STATISTICS 
  STORAGE(INITIAL 65536 NEXT 1048576 MINEXTENTS 1 MAXEXTENTS 2147483645
  PCTINCREASE 0 FREELISTS 1 FREELIST GROUPS 1
  BUFFER_POOL DEFAULT FLASH_CACHE DEFAULT CELL_FLASH_CACHE DEFAULT)
  TABLESPACE "USERS"  ENABLE;
--------------------------------------------------------
--  Constraints for Table T_MAE_SECTOR_INST
--------------------------------------------------------

  ALTER TABLE "USERMRV"."T_MAE_SECTOR_INST" ADD CONSTRAINT "T_MAE_SECTOR_INST_PK" PRIMARY KEY ("ID_SECTOR_INST")
  USING INDEX PCTFREE 10 INITRANS 2 MAXTRANS 255 COMPUTE STATISTICS 
  STORAGE(INITIAL 65536 NEXT 1048576 MINEXTENTS 1 MAXEXTENTS 2147483645
  PCTINCREASE 0 FREELISTS 1 FREELIST GROUPS 1
  BUFFER_POOL DEFAULT FLASH_CACHE DEFAULT CELL_FLASH_CACHE DEFAULT)
  TABLESPACE "USERS"  ENABLE;
--------------------------------------------------------
--  Constraints for Table T_MAE_TERMINOS
--------------------------------------------------------

  ALTER TABLE "USERMRV"."T_MAE_TERMINOS" ADD CONSTRAINT "T_MAE_TERMINOS_PK" PRIMARY KEY ("ID_TERMINOS")
  USING INDEX PCTFREE 10 INITRANS 2 MAXTRANS 255 COMPUTE STATISTICS 
  STORAGE(INITIAL 65536 NEXT 1048576 MINEXTENTS 1 MAXEXTENTS 2147483645
  PCTINCREASE 0 FREELISTS 1 FREELIST GROUPS 1
  BUFFER_POOL DEFAULT FLASH_CACHE DEFAULT CELL_FLASH_CACHE DEFAULT)
  TABLESPACE "USERS"  ENABLE;
  ALTER TABLE "USERMRV"."T_MAE_TERMINOS" MODIFY ("CONDICIONES_TERMINOS" NOT NULL ENABLE);
  ALTER TABLE "USERMRV"."T_MAE_TERMINOS" MODIFY ("ID_TERMINOS" NOT NULL ENABLE);
--------------------------------------------------------
--  Constraints for Table T_MAE_TIPO_OPCION
--------------------------------------------------------

  ALTER TABLE "USERMRV"."T_MAE_TIPO_OPCION" MODIFY ("DES_TIPO_OPCION" NOT NULL ENABLE);
  ALTER TABLE "USERMRV"."T_MAE_TIPO_OPCION" MODIFY ("ID_TIPO_OPCION" NOT NULL ENABLE);
--------------------------------------------------------
--  Constraints for Table T_MAE_UBICACION
--------------------------------------------------------

  ALTER TABLE "USERMRV"."T_MAE_UBICACION" ADD CONSTRAINT "T_MAE_UBICACION_PK" PRIMARY KEY ("ID_UBICACION")
  USING INDEX PCTFREE 10 INITRANS 2 MAXTRANS 255 COMPUTE STATISTICS 
  STORAGE(INITIAL 65536 NEXT 1048576 MINEXTENTS 1 MAXEXTENTS 2147483645
  PCTINCREASE 0 FREELISTS 1 FREELIST GROUPS 1
  BUFFER_POOL DEFAULT FLASH_CACHE DEFAULT CELL_FLASH_CACHE DEFAULT)
  TABLESPACE "USERS"  ENABLE;
--------------------------------------------------------
--  Constraints for Table T_MAE_USUARIO_ROL
--------------------------------------------------------

  ALTER TABLE "USERMRV"."T_MAE_USUARIO_ROL" MODIFY ("FLG_ESTADO" NOT NULL ENABLE);
  ALTER TABLE "USERMRV"."T_MAE_USUARIO_ROL" MODIFY ("ID_ROL" NOT NULL ENABLE);
  ALTER TABLE "USERMRV"."T_MAE_USUARIO_ROL" MODIFY ("ID_USUARIO" NOT NULL ENABLE);
--------------------------------------------------------
--  Ref Constraints for Table T_GENM_USUARIO
--------------------------------------------------------

  ALTER TABLE "USERMRV"."T_GENM_USUARIO" ADD CONSTRAINT "T_USUARIO_INSTITUCION_FK" FOREIGN KEY ("ID_INSTITUCION")
	  REFERENCES "USERMRV"."T_GENM_INSTITUCION" ("ID_INSTITUCION") ENABLE;
--------------------------------------------------------
--  DDL for Trigger TR_GEND_INICIATIVA_ENERG
--------------------------------------------------------

  CREATE OR REPLACE EDITIONABLE TRIGGER "USERMRV"."TR_GEND_INICIATIVA_ENERG" 
BEFORE INSERT ON T_GEND_INICIATIVA_ENERG
FOR EACH ROW
BEGIN
SELECT SQ_GEND_INICIATIVA_ENERG.NEXTVAL INTO:
NEW.ID_INICIATIVA_ENERG FROM DUAL;
END;
/
ALTER TRIGGER "USERMRV"."TR_GEND_INICIATIVA_ENERG" ENABLE;
--------------------------------------------------------
--  DDL for Trigger TR_GEND_INICIATIVA_GEI
--------------------------------------------------------

  CREATE OR REPLACE EDITIONABLE TRIGGER "USERMRV"."TR_GEND_INICIATIVA_GEI" 
BEFORE INSERT ON T_GEND_INICIATIVA_GEI
FOR EACH ROW
BEGIN
SELECT SQ_GEND_INICIATIVA_GEI.NEXTVAL INTO:
NEW.ID_INICIATIVA_GEI FROM DUAL;
END;
/
ALTER TRIGGER "USERMRV"."TR_GEND_INICIATIVA_GEI" ENABLE;
--------------------------------------------------------
--  DDL for Trigger TR_GEND_INICIATIVA_UBICACION
--------------------------------------------------------

  CREATE OR REPLACE EDITIONABLE TRIGGER "USERMRV"."TR_GEND_INICIATIVA_UBICACION" 
BEFORE INSERT ON T_GEND_INICIATIVA_UBICACION
FOR EACH ROW
BEGIN
SELECT SQ_GEND_INICIATIVA_UBICACION.NEXTVAL INTO:
NEW.ID_INICIATIVA_UBICACION FROM DUAL;
END;
/
ALTER TRIGGER "USERMRV"."TR_GEND_INICIATIVA_UBICACION" ENABLE;
--------------------------------------------------------
--  DDL for Trigger TR_GENM_INICIATIVA
--------------------------------------------------------

  CREATE OR REPLACE EDITIONABLE TRIGGER "USERMRV"."TR_GENM_INICIATIVA" 
BEFORE INSERT ON T_GENM_INICIATIVA
FOR EACH ROW
BEGIN
SELECT SQ_GENM_INICIATIVA.NEXTVAL INTO:
NEW.id_iniciativa FROM DUAL;
END;
/
ALTER TRIGGER "USERMRV"."TR_GENM_INICIATIVA" ENABLE;
--------------------------------------------------------
--  DDL for Trigger TR_GENM_INSTITUCION
--------------------------------------------------------

  CREATE OR REPLACE EDITIONABLE TRIGGER "USERMRV"."TR_GENM_INSTITUCION" 
BEFORE INSERT ON T_GENM_INSTITUCION
FOR EACH ROW
BEGIN
SELECT SQ_GENM_INSTITUCION.NEXTVAL INTO:
NEW.ID_INSTITUCION FROM DUAL;
END;
/
ALTER TRIGGER "USERMRV"."TR_GENM_INSTITUCION" ENABLE;
--------------------------------------------------------
--  DDL for Trigger TR_GENM_USUARIO
--------------------------------------------------------

  CREATE OR REPLACE EDITIONABLE TRIGGER "USERMRV"."TR_GENM_USUARIO" 
BEFORE INSERT ON T_GENM_USUARIO
FOR EACH ROW
BEGIN
SELECT SQ_GENM_USUARIO.NEXTVAL INTO:
NEW.id_usuario FROM DUAL;
END;
/
ALTER TRIGGER "USERMRV"."TR_GENM_USUARIO" ENABLE;
--------------------------------------------------------
--  DDL for Package PKG_MRV_ADMIN_SISTEMA
--------------------------------------------------------

  CREATE OR REPLACE EDITIONABLE PACKAGE "USERMRV"."PKG_MRV_ADMIN_SISTEMA" AS 

  /* TODO enter package declarations (types, exceptions, methods etc) here */ 
  PROCEDURE USP_INS_USUARIO(
  
        pNOMBRES_USUARIO    IN VARCHAR2,
        pAPELLIDOS_USUARIO  IN VARCHAR2,
        pID_INSTITUCION     IN INTEGER,
        pPASSWORD_USUARIO   IN VARCHAR2,
        pEMAIL_USUARIO      IN VARCHAR2,
        pTELEFONO_USUARIO   IN VARCHAR2,
        pCELULAR_USUARIO    IN VARCHAR2,
        pFLG_TERMINOS       IN VARCHAR2
    );
    
    
   PROCEDURE USP_SEL_SECTOR_INST(
        pRefcursor  OUT SYS_REFCURSOR
   );
   
   PROCEDURE USP_SEL_INSTITUCION(
        pRefcursor  OUT SYS_REFCURSOR
   );
   
   PROCEDURE USP_INS_INSTITUCION(
   
            pID_SECTOR_INSTITUCION  IN INTEGER,
            pRUC_INSTITUCION        IN VARCHAR2,
            pNOMBRE_INSTITUCION     IN VARCHAR2,
            pDIRECCION_INSTITUCION  IN VARCHAR2,
            pIdInstitucion          OUT NUMBER
    );
    
    
    PROCEDURE USP_SEL_PASSWORD(
            pUsuarioLogin       IN  VARCHAR2,
            pRefcursor         OUT  SYS_REFCURSOR
    );

END PKG_MRV_ADMIN_SISTEMA;

/
--------------------------------------------------------
--  DDL for Package PKG_MRV_DETALLE_INDICADORES
--------------------------------------------------------

  CREATE OR REPLACE EDITIONABLE PACKAGE "USERMRV"."PKG_MRV_DETALLE_INDICADORES" AS 

  PROCEDURE USP_SEL_LISTA_TIPO_VEHICULO(
        pRefcursor  OUT SYS_REFCURSOR
   ); 
   
   PROCEDURE USP_SEL_LISTA_TIPO_COMBUSTIBLE(
        pRefcursor  OUT SYS_REFCURSOR
   ); 
   
   PROCEDURE USP_SEL_LISTA_TIPO_FUENTE(
        pRefcursor  OUT SYS_REFCURSOR
   ); 
   
    FUNCTION FN_F_BAU(   
        p_tipo_vehiculo     IN number, 
        p_tipo_combustible  IN number, 
        p_anno              IN number    
    ) RETURN NUMBER;
    
    FUNCTION FN_F_MIT(      
        p_tipo_vehiculo     IN number, 
        p_tipo_fuente       IN number, 
        p_anno              IN number    
    ) RETURN NUMBER;

    FUNCTION FN_F_PER(      
        p_anno              IN number    
    ) RETURN NUMBER;    
    
    
    FUNCTION FN_Vehiculos_Electricos (
      p_ddi                 IN NUMBER, 
      p_ddh                 IN NUMBER,
      p_ni                  IN NUMBER,
      p_f1                  IN NUMBER,
      p_f2                  IN NUMBER,
      p_f3                  IN NUMBER,
      p_f4                  IN NUMBER
    ) RETURN NUMBER;
    

END PKG_MRV_DETALLE_INDICADORES;

/
--------------------------------------------------------
--  DDL for Package PKG_MRV_INICIATIVA_MITIGACION
--------------------------------------------------------

  CREATE OR REPLACE EDITIONABLE PACKAGE "USERMRV"."PKG_MRV_INICIATIVA_MITIGACION" AS 

    PROCEDURE USP_SEL_INICIATIVAS(
        pRefcursor OUT SYS_REFCURSOR
    );
    
    PROCEDURE USP_SEL_LISTA_MEDIDAMITIGACION(
        pRefcursor OUT SYS_REFCURSOR
    );
    
    PROCEDURE USP_SEL_MONEDA(
        pRefcursor OUT SYS_REFCURSOR
    );
    
    PROCEDURE USP_SEL_MEDIDA_MITIGACION(
        pID_MEDMIT   IN NUMBER,
        pRefcursor  OUT SYS_REFCURSOR
    );
    
    PROCEDURE USP_SEL_INFORMACION_USUARIO(
        pID_USUARIO IN NUMBER,
        pRefcursor  OUT SYS_REFCURSOR
    );
    
    PROCEDURE USP_INS_INICIATIVA_MITIGACION(
        pID_MEDMIT  IN NUMBER,
        pID_USUARIO IN NUMBER,
        pNOMBRE_INICIATIVA  IN VARCHAR2,
        pDESC_INICIATIVA    IN VARCHAR2,
        pINVERSION_INICIATIVA  IN NUMBER,
        pID_MONEDA  IN NUMBER,
        pFECHA_IMPLE_INICIATIVA IN DATE,
        pPRIVACIDAD_INICIATIVA IN VARCHAR2,
        pRefcursor          OUT SYS_REFCURSOR
    );
    
    PROCEDURE USP_SEL_GEI(
        pRefcursor  OUT SYS_REFCURSOR
    );
    
    PROCEDURE USP_SEL_ENERG(
        pRefcursor  OUT SYS_REFCURSOR
    );
    
    PROCEDURE USP_PRC_INICIATIVA_ENERGETICO(
        pID_INICIATIVA  IN NUMBER,
        pID_ENERG       IN NUMBER,
        pFLAG_ESTADO     IN VARCHAR2
    );
    
    PROCEDURE USP_UPD_INICIATIVA_ENERGETICO(
        pID_INICIATIVA  IN NUMBER,
        pID_ENERG       IN VARCHAR2
    );
    
    PROCEDURE USP_PRC_INICIATIVA_GEI(
        pID_INICIATIVA  IN NUMBER,
        pID_GEI       IN NUMBER,
        pFLAG_ESTADO     IN VARCHAR2
    );
    
    PROCEDURE USP_UPD_INICIATIVA_GEI(
        pID_INICIATIVA  IN NUMBER,
        pID_GEI       IN VARCHAR2
    );
    
    PROCEDURE USP_PRC_INICIATIVA_UBICACION(
        pID_INICIATIVA  IN NUMBER,
        pID_UBICACION       IN NUMBER,
        pFLAG_ESTADO     IN VARCHAR2
    );
    
    PROCEDURE USP_UPD_INICIATIVA_UBICACION(
        pID_INICIATIVA  IN NUMBER,
        pID_UBICACION       IN VARCHAR2
    );

END PKG_MRV_INICIATIVA_MITIGACION;

/
--------------------------------------------------------
--  DDL for Package PKG_MRV_MANTENIMIENTO
--------------------------------------------------------

  CREATE OR REPLACE EDITIONABLE PACKAGE "USERMRV"."PKG_MRV_MANTENIMIENTO" AS 

    PROCEDURE USP_SEL_LISTA_NAMA(
        pRefcursor  OUT SYS_REFCURSOR
   );
   
    PROCEDURE USP_SEL_NAMA(
        pID_NAMA IN NUMBER,
        pRefcursor  OUT SYS_REFCURSOR
   );
   
    PROCEDURE USP_UPD_NAMA(
       pID_NAMA IN NUMBER,
        pDescripcion_nama  in varchar2
   );
   
   
    PROCEDURE USP_DEL_NAMA(
       pID_NAMA IN NUMBER
   );
   
  ------------------------------------------------------------------- 
    PROCEDURE USP_SEL_LISTA_UBICACION(
        pRefcursor  OUT SYS_REFCURSOR
   );
   
    PROCEDURE USP_SEL_UBICACION(
        pID_UBICACION IN NUMBER,
        pRefcursor  OUT SYS_REFCURSOR
   );
   
    PROCEDURE USP_UPD_UBICACION(
       pID_UBICACION IN NUMBER,
        pDescripcion  in varchar2
   );
   
    PROCEDURE USP_DEL_UBICACION(
       pID_UBICACION IN NUMBER
   );
   
--------------------------- ----------------


 PROCEDURE USP_SEL_LISTA_SECTORINSTITUC(
        pRefcursor  OUT SYS_REFCURSOR
   );
   
    PROCEDURE USP_SEL_SECTORINSTITUCION(
        pID_SECTOR_INST IN NUMBER,
        pRefcursor  OUT SYS_REFCURSOR
   );
   
    PROCEDURE USP_UPD_SECTORINSTITUCION(
       pID_SECTOR_INST IN NUMBER,
        pDescripcion  in varchar2
   );
   
    PROCEDURE USP_DEL_SECTORINSTITUCION(
       pID_SECTOR_INST IN NUMBER
   );

-------------------------------------------------------------------------------

PROCEDURE USP_SEL_LISTA_ROL(
        pRefcursor  OUT SYS_REFCURSOR
   );
   
    PROCEDURE USP_SEL_ROL(
        pID_ROL IN NUMBER,
        pRefcursor  OUT SYS_REFCURSOR
   );
   
    PROCEDURE USP_UPD_ROL(
       pID_ROL IN NUMBER,
        pDescripcion_Rol in varchar2
   );
   
    PROCEDURE USP_DEL_ROL(
       pID_ROL IN NUMBER
   );



END PKG_MRV_MANTENIMIENTO;

/
--------------------------------------------------------
--  DDL for Package PKG_MRV_PUBLICO
--------------------------------------------------------

  CREATE OR REPLACE EDITIONABLE PACKAGE "USERMRV"."PKG_MRV_PUBLICO" AS 

  /* TODO enter package declarations (types, exceptions, methods etc) here */ 
  PROCEDURE USP_SEL_ACCIONES_MITIGACION(
        pGenmIniciativa INTEGER,
        pNombre VARCHAR2,
        pEstado INTEGER,
        pRefcursor OUT SYS_REFCURSOR
    );

END PKG_MRV_PUBLICO;

/
--------------------------------------------------------
--  DDL for Package Body PKG_MRV_ADMIN_SISTEMA
--------------------------------------------------------

  CREATE OR REPLACE EDITIONABLE PACKAGE BODY "USERMRV"."PKG_MRV_ADMIN_SISTEMA" AS

    --Author: GRUPO ZUÑIGA
    --Created: 26/12/2019
    --Purpuse: Gestionar elementos relacionados al Modulo Administracion Sistema 

    /*
    Nombre: USP_SEL_SECTOR_INST
    Funcion: Selecciona todos los sectores establecidos
    Parametros: 
    */
    
    PROCEDURE USP_SEL_SECTOR_INST(
            pRefcursor OUT SYS_REFCURSOR
    ) AS
    BEGIN
            OPEN    pRefcursor FOR
            SELECT  ID_SECTOR_INST,
                    DESCRIPCION
            FROM    T_MAE_SECTOR_INST;
    END USP_SEL_SECTOR_INST;
    
    /*
    Nombre: USP_INS_INSTITUCION
    Funcion: Registra una institucicion o entidad a partir del registro 
             del usuario y retorna el id de la Institucion.
    Parametros: pInsTipo - Id del Sector
                pInsRuc - Ruc de la Institucion
                pInsNombre - Nombre de la Institucion
                pInsDireccion - Direccion de la Institucion
    */
    PROCEDURE USP_INS_INSTITUCION(
    
            pID_SECTOR_INSTITUCION  IN INTEGER,
            pRUC_INSTITUCION        IN VARCHAR2,
            pNOMBRE_INSTITUCION     IN VARCHAR2,
            pDIRECCION_INSTITUCION  IN VARCHAR2,
            pIdInstitucion          OUT NUMBER
    ) IS
    	vIdInstitucion NUMBER;
    BEGIN        
            INSERT INTO T_GENM_INSTITUCION (ID_SECTOR_INSTITUCION, RUC_INSTITUCION, NOMBRE_INSTITUCION, DIRECCION_INSTITUCION)
            VALUES (pID_SECTOR_INSTITUCION, pRUC_INSTITUCION, pNOMBRE_INSTITUCION, pDIRECCION_INSTITUCION);  
            
            SELECT nvl(MAX(ID_INSTITUCION),0) INTO vIdInstitucion FROM T_GENM_INSTITUCION; 
            
            pIdInstitucion := vIdInstitucion;
            
    END USP_INS_INSTITUCION;

  PROCEDURE USP_INS_USUARIO(  
        pNOMBRES_USUARIO    IN VARCHAR2,
        pAPELLIDOS_USUARIO  IN VARCHAR2,
        pID_INSTITUCION     IN INTEGER,
        pPASSWORD_USUARIO   IN VARCHAR2,
        pEMAIL_USUARIO      IN VARCHAR2,
        pTELEFONO_USUARIO   IN VARCHAR2,
        pCELULAR_USUARIO    IN VARCHAR2,
        pFLG_TERMINOS       IN VARCHAR2
    ) AS
  BEGIN  
        INSERT INTO T_GENM_USUARIO (NOMBRES_USUARIO, APELLIDOS_USUARIO, ID_INSTITUCION, PASSWORD_USUARIO,EMAIL_USUARIO, 
                    ID_ESTADO_USUARIO, TELEFONO_USUARIO, CELULAR_USUARIO, FLG_ESTADO, ID_TERMINOS, FLG_TERMINOS)
        VALUES     (pNOMBRES_USUARIO, pAPELLIDOS_USUARIO, pID_INSTITUCION, pPASSWORD_USUARIO,pEMAIL_USUARIO, 
                    0, pTELEFONO_USUARIO, pCELULAR_USUARIO, 1, 1, pFLG_TERMINOS);
                    
  END USP_INS_USUARIO;
  
  
  
    PROCEDURE USP_SEL_INSTITUCION(
        pRefcursor OUT SYS_REFCURSOR
      ) AS
      BEGIN
            OPEN pRefcursor FOR
            SELECT  ID_INSTITUCION,
                    ID_SECTOR_INSTITUCION,
                    RUC_INSTITUCION,
                    NOMBRE_INSTITUCION,
                    DIRECCION_INSTITUCION
            FROM    T_GENM_INSTITUCION;
      END USP_SEL_INSTITUCION;
  
    PROCEDURE USP_SEL_PASSWORD(
        pUsuarioLogin       IN VARCHAR2,
        pRefcursor         OUT SYS_REFCURSOR
    ) AS
    BEGIN
     
        OPEN pRefcursor FOR
        SELECT PASSWORD_USUARIO, ID_USUARIO FROM T_GENM_USUARIO
        WHERE EMAIL_USUARIO = pUsuarioLogin;
    
    END USP_SEL_PASSWORD;    
    
    FUNCTION FN_F_BAU (
        p_tipo_vehiculo number, 
        p_tipo_combustible number, 
        p_anno number
    ) RETURN NUMBER
    AS 
        resultado NUMBER;
    BEGIN   
        SELECT FACTOR INTO resultado FROM T_MAE_F_BAU 
        WHERE Id_Tipo_Vehiculo=p_tipo_vehiculo and Id_Tipo_Combustible=p_tipo_combustible and anno=p_anno;
        Return (resultado);
    END;

    FUNCTION FN_F_MIT (
        p_tipo_vehiculo number, 
        p_tipo_fuente number, 
        p_anno number)
    RETURN NUMBER
    IS 
        resultado NUMBER;
    BEGIN
        SELECT FACTOR INTO resultado FROM T_MAE_F_MIT
        WHERE Id_Tipo_Vehiculo=p_tipo_vehiculo and Id_Tipo_Fuente=p_tipo_fuente and anno=p_anno;
        Return (resultado);
    END;    
    
    
   FUNCTION FN_F_PER (
        p_anno number)
    RETURN NUMBER
    IS 
        resultado NUMBER;
    BEGIN
        SELECT FACTOR INTO resultado FROM T_MAE_F_PER
        WHERE  anno=p_anno;
        Return (resultado);
    END;

    -- ddi	: KRV Distancia Recorridad Anualmente por vehiculo promedio
    -- ddh	: KRV Distancia recorrida con vehiculo hibrido
    -- ni	: Numero de Vehiculos
    -- f1	: Tipo Vehiculo
    -- f2	: Tipo de Combustible
    -- f3	: Fuente alternativa (Electrico, Hidrogeno)
    -- f4	: Año
    
    -- Ejemplo :
    
    -- FN_Vehiculos_Electricos (57600,14400,20,1,3,1,2018)
    --
    -- Debe salir : 154.61
    
    
    FUNCTION FN_Vehiculos_Electricos (
        p_ddi NUMBER, 
        p_ddh NUMBER, 
        p_ni NUMBER,
        p_f1 NUMBER,
        p_f2 NUMBER,
        p_f3 NUMBER,
        p_f4 NUMBER)
    RETURN NUMBER
    IS 
        resultado NUMBER;
        p_BAU NUMBER;
        p_MIT NUMBER;
        p_PER NUMBER;
    BEGIN
    
        p_BAU:=FN_F_BAU(p_f1,p_f2,p_f4);
        p_MIT:=FN_F_MIT(p_f1,p_f3,p_f4);
        p_PER:=FN_F_PER(p_f4);
    
        resultado:= ((p_ddi*p_ni*p_BAU)-((p_ddi*p_ni*p_MIT)/(1-p_PER)+(p_ddh*p_ni*p_BAU)))/1000000;
        
        Return (resultado);
    END;
    



END PKG_MRV_ADMIN_SISTEMA;

/
--------------------------------------------------------
--  DDL for Package Body PKG_MRV_DETALLE_INDICADORES
--------------------------------------------------------

  CREATE OR REPLACE EDITIONABLE PACKAGE BODY "USERMRV"."PKG_MRV_DETALLE_INDICADORES" AS

    PROCEDURE USP_SEL_LISTA_TIPO_VEHICULO(
        pRefcursor  OUT SYS_REFCURSOR
    )AS
    BEGIN
        OPEN pRefcursor FOR
        SELECT  ID_TIPO_VEHICULO,
                DESCRIPCION
        FROM    T_MAE_TIPO_VEHICULO;
    END USP_SEL_LISTA_TIPO_VEHICULO;
    
    PROCEDURE USP_SEL_LISTA_TIPO_COMBUSTIBLE(
        pRefcursor  OUT SYS_REFCURSOR
   )AS
    BEGIN
        OPEN pRefcursor FOR
        SELECT  ID_TIPO_COMBUSTIBLE,
                DESCRIPCION
        FROM    T_MAE_TIPO_COMBUSTIBLE;
    END USP_SEL_LISTA_TIPO_COMBUSTIBLE;
   
   PROCEDURE USP_SEL_LISTA_TIPO_FUENTE(
        pRefcursor  OUT SYS_REFCURSOR
   )AS
    BEGIN
        OPEN pRefcursor FOR
        SELECT  ID_TIPO_FUENTE,
                DESCRIPCION
        FROM    T_MAE_TIPO_FUENTE;
    END USP_SEL_LISTA_TIPO_FUENTE;



    FUNCTION FN_F_BAU (
        p_tipo_vehiculo number, 
        p_tipo_combustible number, 
        p_anno number
    ) RETURN NUMBER
    AS 
        resultado NUMBER;
    BEGIN   
        SELECT FACTOR INTO resultado FROM T_MAE_F_BAU 
        WHERE Id_Tipo_Vehiculo=p_tipo_vehiculo and Id_Tipo_Combustible=p_tipo_combustible and anno=p_anno;
        Return (resultado);
    END;

    FUNCTION FN_F_MIT (
        p_tipo_vehiculo number, 
        p_tipo_fuente number, 
        p_anno number)
    RETURN NUMBER
    IS 
        resultado NUMBER;
    BEGIN
        SELECT FACTOR INTO resultado FROM T_MAE_F_MIT
        WHERE Id_Tipo_Vehiculo=p_tipo_vehiculo and Id_Tipo_Fuente=p_tipo_fuente and anno=p_anno;
        Return (resultado);
    END;    
    
    
   FUNCTION FN_F_PER (
        p_anno number)
    RETURN NUMBER
    IS 
        resultado NUMBER;
    BEGIN
        SELECT FACTOR INTO resultado FROM T_MAE_F_PER
        WHERE  anno=p_anno;
        Return (resultado);
    END;

    -- ddi	: KRV Distancia Recorridad Anualmente por vehiculo promedio
    -- ddh	: KRV Distancia recorrida con vehiculo hibrido
    -- ni	: Numero de Vehiculos
    -- f1	: Tipo Vehiculo
    -- f2	: Tipo de Combustible
    -- f3	: Fuente alternativa (Electrico, Hidrogeno)
    -- f4	: Año
    
    -- Ejemplo :
    -- PKG_MRV_DETALLE_INDICADORES.FN_Vehiculos_Electricos (57600,14400,20,1,3,1,2018);
    -- Debe salir : 154.61
    
    FUNCTION FN_Vehiculos_Electricos (
        p_ddi NUMBER, 
        p_ddh NUMBER, 
        p_ni  NUMBER,
        p_f1  NUMBER,
        p_f2  NUMBER,
        p_f3  NUMBER,
        p_f4  NUMBER)
    RETURN NUMBER
    IS 
        resultado NUMBER;
        p_BAU NUMBER;
        p_MIT NUMBER;
        p_PER NUMBER;
    BEGIN
    
        p_BAU:=FN_F_BAU(p_f1,p_f2,p_f4);
        p_MIT:=FN_F_MIT(p_f1,p_f3,p_f4);
        p_PER:=FN_F_PER(p_f4);
    
        resultado:= ((p_ddi*p_ni*p_BAU)-((p_ddi*p_ni*p_MIT)/(1-p_PER)+(p_ddh*p_ni*p_BAU)))/1000000;
        
        Return (resultado);
    END;
  
END PKG_MRV_DETALLE_INDICADORES;

/
--------------------------------------------------------
--  DDL for Package Body PKG_MRV_INICIATIVA_MITIGACION
--------------------------------------------------------

  CREATE OR REPLACE EDITIONABLE PACKAGE BODY "USERMRV"."PKG_MRV_INICIATIVA_MITIGACION" AS

  PROCEDURE USP_SEL_INICIATIVAS(
        pRefcursor OUT SYS_REFCURSOR
    ) AS
  BEGIN
    OPEN pRefcursor FOR
    SELECT  INI.ID_INICIATIVA,
            INI.NOMBRE_INICIATIVA,
            ET.DESCRIPCION,
            INI.FECHA_IMPLE_INICIATIVA,
            MD.NOMBRE_MEDMIT,
            INST.NOMBRE_INSTITUCION
    FROM T_GENM_INICIATIVA INI
    LEFT JOIN T_MAE_ETAPA ET ON INI.ID_ETAPA = ET.DESCRIPCION
    LEFT JOIN T_MAE_MEDMIT MD ON INI.ID_MEDMIT = MD.ID_MEDMIT
    LEFT JOIN T_GENM_USUARIO USU ON INI.ID_USUARIO = USU.ID_USUARIO
    LEFT JOIN T_GENM_INSTITUCION INST ON USU.ID_INSTITUCION = INST.ID_INSTITUCION; 
  END USP_SEL_INICIATIVAS;

  PROCEDURE USP_SEL_LISTA_MEDIDAMITIGACION(
        pRefcursor OUT SYS_REFCURSOR
    ) AS
  BEGIN
    
    OPEN pRefcursor FOR
    SELECT  ID_MEDMIT,
            NOMBRE_MEDMIT
    FROM    T_MAE_MEDMIT;
  END USP_SEL_LISTA_MEDIDAMITIGACION;
  
  PROCEDURE USP_SEL_MONEDA(
        pRefcursor OUT SYS_REFCURSOR
    )AS
    BEGIN
    
        OPEN pRefcursor FOR
        SELECT  ID_MONEDA,
                DESCRIPCION
        FROM    T_MAE_MONEDA;
    
    END USP_SEL_MONEDA;
    
    PROCEDURE USP_SEL_MEDIDA_MITIGACION(
        pID_MEDMIT   IN NUMBER,
        pRefcursor  OUT SYS_REFCURSOR
    ) AS
      BEGIN
        
        OPEN pRefcursor FOR
        SELECT  ID_MEDMIT,
                NOMBRE_MEDMIT,
                DESCRIPCION_MEDMIT,
                OBJETIVO_MEDMIT,
                IPSC_MEDMIT
        FROM    T_MAE_MEDMIT
        WHERE ID_MEDMIT = pID_MEDMIT;
      END USP_SEL_MEDIDA_MITIGACION;
      
    PROCEDURE USP_SEL_INFORMACION_USUARIO(
        pID_USUARIO IN NUMBER,
        pRefcursor  OUT SYS_REFCURSOR
    )AS
      BEGIN        
        OPEN pRefcursor FOR
        SELECT  USU.NOMBRES_USUARIO,
                USU.APELLIDOS_USUARIO,
                USU.EMAIL_USUARIO,
                INS.NOMBRE_INSTITUCION INSTITUCION,
                INS.DIRECCION_INSTITUCION DIRECCION,
                SECT.DESCRIPCION SECTOR
        FROM    T_GENM_USUARIO USU 
        LEFT JOIN T_GENM_INSTITUCION INS ON USU.ID_INSTITUCION = INS.ID_INSTITUCION
        LEFT JOIN T_MAE_SECTOR_INST SECT ON INS.ID_SECTOR_INSTITUCION = SECT.ID_SECTOR_INST
        WHERE USU.ID_USUARIO = pID_USUARIO;
    END USP_SEL_INFORMACION_USUARIO;
    
    PROCEDURE USP_INS_INICIATIVA_MITIGACION(
        pID_MEDMIT  IN NUMBER,
        pID_USUARIO IN NUMBER,
        pNOMBRE_INICIATIVA  IN VARCHAR2,
        pDESC_INICIATIVA    IN VARCHAR2,
        pINVERSION_INICIATIVA  IN NUMBER,
        pID_MONEDA  IN NUMBER,
        pFECHA_IMPLE_INICIATIVA IN DATE,
        pPRIVACIDAD_INICIATIVA IN VARCHAR2,
        pRefcursor          OUT SYS_REFCURSOR
    )AS
    BEGIN
        INSERT INTO T_GENM_INICIATIVA(ID_MEDMIT, ID_USUARIO, NOMBRE_INICIATIVA, DESC_INICIATIVA, ID_ESTADO, PRIVACIDAD_INICIATIVA, INVERSION_INICIATIVA,ID_MONEDA,FECHA_IMPLE_INICIATIVA,ID_ETAPA)
        VALUES (pID_MEDMIT,pID_USUARIO,pNOMBRE_INICIATIVA,pDESC_INICIATIVA,1,pPRIVACIDAD_INICIATIVA,pINVERSION_INICIATIVA,pID_MONEDA,pFECHA_IMPLE_INICIATIVA, 1);
        
        OPEN pRefcursor FOR
        SELECT MAX(ID_INICIATIVA) ID_INICIATIVA FROM T_GENM_INICIATIVA;
    END USP_INS_INICIATIVA_MITIGACION;
    
    PROCEDURE USP_SEL_GEI(
        pRefcursor  OUT SYS_REFCURSOR
    )AS
      BEGIN
        
        OPEN pRefcursor FOR
        SELECT  ID_GEI,
                DESCRIPCION
        FROM    T_MAE_GEI;
        
    END USP_SEL_GEI;
    
    PROCEDURE USP_SEL_ENERG(
        pRefcursor  OUT SYS_REFCURSOR
    )AS
      BEGIN
        
        OPEN pRefcursor FOR
        SELECT  ID_ENERG,
                DESCRIPCION
        FROM    T_MAE_ENERG;
        
    END USP_SEL_ENERG;
    
    PROCEDURE USP_PRC_INICIATIVA_ENERGETICO(
        pID_INICIATIVA  IN NUMBER,
        pID_ENERG       IN NUMBER,
        pFLAG_ESTADO     IN VARCHAR2
    )IS
        vContador NUMBER;
    BEGIN
        SELECT COUNT(*) INTO vContador FROM T_GEND_INICIATIVA_ENERG WHERE ID_INICIATIVA = pID_INICIATIVA AND ID_ENERG = pID_ENERG;
        IF vContador = 1 THEN
            UPDATE  T_GEND_INICIATIVA_ENERG
            SET     FLAG_ESTADO = pFLAG_ESTADO
            WHERE   ID_INICIATIVA = pID_INICIATIVA AND ID_ENERG = pID_ENERG;
        ELSE
            INSERT INTO T_GEND_INICIATIVA_ENERG (ID_INICIATIVA, ID_ENERG, FLAG_ESTADO)
            VALUES (pID_INICIATIVA, pID_ENERG, pFLAG_ESTADO);
        END IF;
    END USP_PRC_INICIATIVA_ENERGETICO;
    
    PROCEDURE USP_UPD_INICIATIVA_ENERGETICO(
        pID_INICIATIVA  IN NUMBER,
        pID_ENERG       IN VARCHAR2
    )IS
        vSql            VARCHAR2(250);
    BEGIN
        vSql := 'UPDATE T_GEND_INICIATIVA_ENERG SET FLAG_ESTADO = 0 WHERE ID_INICIATIVA ='||pID_INICIATIVA||' AND ID_ENERG NOT IN ('||pID_ENERG||')';
        EXECUTE IMMEDIATE vSql;
    END USP_UPD_INICIATIVA_ENERGETICO;
    
    PROCEDURE USP_PRC_INICIATIVA_GEI(
        pID_INICIATIVA  IN NUMBER,
        pID_GEI       IN NUMBER,
        pFLAG_ESTADO     IN VARCHAR2
    )IS
        vContador NUMBER;
    BEGIN
        SELECT COUNT(*) INTO vContador FROM T_GEND_INICIATIVA_GEI WHERE ID_INICIATIVA = pID_INICIATIVA AND ID_GEI = pID_GEI;
        IF vContador = 1 THEN
            UPDATE  T_GEND_INICIATIVA_GEI
            SET     FLAG_ESTADO = pFLAG_ESTADO
            WHERE   ID_INICIATIVA = pID_INICIATIVA AND ID_GEI = pID_GEI;
        ELSE
            INSERT INTO T_GEND_INICIATIVA_GEI (ID_INICIATIVA, ID_GEI, FLAG_ESTADO)
            VALUES (pID_INICIATIVA, pID_GEI, pFLAG_ESTADO);
        END IF;
    END USP_PRC_INICIATIVA_GEI;
    
    PROCEDURE USP_UPD_INICIATIVA_GEI(
        pID_INICIATIVA  IN NUMBER,
        pID_GEI       IN VARCHAR2
    )IS
        vSql            VARCHAR2(250);
    BEGIN
        vSql := 'UPDATE T_GEND_INICIATIVA_GEI SET FLAG_ESTADO = 0 WHERE ID_INICIATIVA ='||pID_INICIATIVA||' AND ID_GEI NOT IN ('||pID_GEI||')';
        EXECUTE IMMEDIATE vSql;
    END USP_UPD_INICIATIVA_GEI;
    
    PROCEDURE USP_PRC_INICIATIVA_UBICACION(
        pID_INICIATIVA  IN NUMBER,
        pID_UBICACION       IN NUMBER,
        pFLAG_ESTADO     IN VARCHAR2
    )IS
        vContador NUMBER;
    BEGIN
        SELECT COUNT(*) INTO vContador FROM T_GEND_INICIATIVA_UBICACION WHERE ID_INICIATIVA = pID_INICIATIVA AND ID_UBICACION = pID_UBICACION;
        IF vContador = 1 THEN
            UPDATE  T_GEND_INICIATIVA_UBICACION
            SET     FLAG_ESTADO = pFLAG_ESTADO
            WHERE   ID_INICIATIVA = pID_INICIATIVA AND ID_UBICACION = pID_UBICACION;
        ELSE
            INSERT INTO T_GEND_INICIATIVA_UBICACION (ID_INICIATIVA, ID_UBICACION, FLAG_ESTADO)
            VALUES (pID_INICIATIVA, pID_UBICACION, pFLAG_ESTADO);
        END IF;
    END USP_PRC_INICIATIVA_UBICACION;
    
    PROCEDURE USP_UPD_INICIATIVA_UBICACION(
        pID_INICIATIVA  IN NUMBER,
        pID_UBICACION   IN VARCHAR2
    )IS
        vSql            VARCHAR2(250);
    BEGIN
        vSql := 'UPDATE T_GEND_INICIATIVA_UBICACION SET FLAG_ESTADO = 0 WHERE ID_INICIATIVA ='||pID_INICIATIVA||' AND ID_UBICACION NOT IN ('||pID_UBICACION||')';
        EXECUTE IMMEDIATE vSql;
    END USP_UPD_INICIATIVA_UBICACION;

END PKG_MRV_INICIATIVA_MITIGACION;

/
--------------------------------------------------------
--  DDL for Package Body PKG_MRV_MANTENIMIENTO
--------------------------------------------------------

  CREATE OR REPLACE EDITIONABLE PACKAGE BODY "USERMRV"."PKG_MRV_MANTENIMIENTO" AS

  PROCEDURE USP_SEL_LISTA_NAMA(
        pRefcursor  OUT SYS_REFCURSOR
   ) AS
     BEGIN
             OPEN    pRefcursor FOR
            SELECT  ID_NAMA,
                    DESCRIPCION_NAMA
            FROM    T_MAE_NAMA
            WHERE   NVL(FLG_ESTADO,1) = 1;
  END USP_SEL_LISTA_NAMA;
  
  
  PROCEDURE USP_SEL_NAMA(
        pID_NAMA IN NUMBER,
        pRefcursor  OUT SYS_REFCURSOR
   )AS
     BEGIN
             OPEN    pRefcursor FOR
            SELECT  ID_NAMA,
                    DESCRIPCION_NAMA
            FROM    T_MAE_NAMA
            WHERE   ID_NAMA = pID_NAMA;

    END USP_SEL_NAMA;
    
    
    
    PROCEDURE USP_UPD_NAMA(                  /*actualizar*/
        pID_NAMA IN NUMBER,
        pDescripcion_nama in varchar2
   )AS
     BEGIN
             UPDATE T_MAE_NAMA 
             set descripcion_nama = pDescripcion_nama
             where id_nama = pid_nama;
             
            
    END USP_UPD_NAMA;
    
    
    PROCEDURE USP_DEL_NAMA (                /*Eliminar*/
        pID_NAMA IN NUMBER
   )AS
     BEGIN
             UPDATE T_MAE_NAMA
             set FLG_ESTADO = 0
             where id_nama = pid_nama;
             
            
    END USP_DEL_NAMA;

    
--------------------------------------UBICACION-------------------------------------------

 PROCEDURE USP_SEL_LISTA_UBICACION(
        pRefcursor  OUT SYS_REFCURSOR
   ) AS
     BEGIN
             OPEN    pRefcursor FOR
            SELECT  ID_UBICACION,
                    DESCRIPCION
            FROM    T_MAE_UBICACION
            WHERE   NVL(FLG_ESTADO,1) = 1;
            
  END USP_SEL_LISTA_UBICACION;
  
  
  PROCEDURE USP_SEL_UBICACION(
        pID_UBICACION IN NUMBER,
        pRefcursor  OUT SYS_REFCURSOR
   )AS
     BEGIN
             OPEN    pRefcursor FOR
            SELECT  ID_UBICACION,
                    DESCRIPCION
            FROM    T_MAE_UBICACION
            WHERE   ID_UBICACION = pID_UBICACION;

    END USP_SEL_UBICACION;
    
    
    
    PROCEDURE USP_UPD_UBICACION(                  /*actualizar*/
        pID_UBICACION IN NUMBER,
        pDescripcion in varchar2
   )AS
     BEGIN
             UPDATE T_MAE_UBICACION
             set descripcion = pDescripcion
             where id_ubicacion = pid_ubicacion;
             
            
    END USP_UPD_UBICACION;
    
    
     PROCEDURE USP_DEL_UBICACION(                  /*Eliminar*/
        pID_UBICACION IN NUMBER
   )AS
     BEGIN
             UPDATE T_MAE_UBICACION
             set FLG_ESTADO = 0
             where id_ubicacion = pid_ubicacion;
             
            
    END USP_DEL_UBICACION;


-----------------------------Sector institucion--------------------------


PROCEDURE USP_SEL_LISTA_SECTORINSTITUC(
        pRefcursor  OUT SYS_REFCURSOR
   ) AS
     BEGIN
             OPEN    pRefcursor FOR
            SELECT  ID_SECTOR_INST,
                    DESCRIPCION
            FROM    T_MAE_SECTOR_INST
            WHERE   NVL(FLAG_ESTADO,1) = 1;
            
  END USP_SEL_LISTA_SECTORINSTITUC;
  
  
  PROCEDURE USP_SEL_SECTORINSTITUCION(
        pID_SECTOR_INST IN NUMBER,
        pRefcursor  OUT SYS_REFCURSOR
   )AS
     BEGIN
             OPEN    pRefcursor FOR
            SELECT  ID_SECTOR_INST,
                    DESCRIPCION
            FROM    T_MAE_SECTOR_INST
            WHERE   ID_SECTOR_INST = pID_SECTOR_INST;

    END USP_SEL_SECTORINSTITUCION;
    
    
    
    PROCEDURE USP_UPD_SECTORINSTITUCION(                  /*actualizar*/
        pID_SECTOR_INST IN NUMBER,
        pDescripcion in varchar2
   )AS
     BEGIN
             UPDATE T_MAE_SECTOR_INST
             set descripcion = pDescripcion
             where id_sector_inst = pid_sector_inst;
             
            
    END USP_UPD_SECTORINSTITUCION;
    
    
     PROCEDURE USP_DEL_SECTORINSTITUCION(                  /*Eliminar*/
        pID_SECTOR_INST IN NUMBER
   )AS
     BEGIN
             UPDATE T_MAE_SECTOR_INST
             set FLAG_ESTADO = 0
             where id_sector_inst = pid_sector_inst;
             
            
    END USP_DEL_SECTORINSTITUCION;


-----------------------------------------------------------------------------------------------------


PROCEDURE USP_SEL_LISTA_ROL(
        pRefcursor  OUT SYS_REFCURSOR
   ) AS
     BEGIN
             OPEN    pRefcursor FOR
            SELECT  ID_ROL,
                    DESCRIPCION_ROL
            FROM    T_MAE_ROL
            WHERE   NVL(FLG_ESTADO,1) = 1;
            
  END USP_SEL_LISTA_ROL;
  
  
  PROCEDURE USP_SEL_ROL(
        pID_ROL IN NUMBER,
        pRefcursor  OUT SYS_REFCURSOR
   )AS
     BEGIN
             OPEN    pRefcursor FOR
            SELECT  ID_ROL,
                    DESCRIPCION_ROL
            FROM    T_MAE_ROL
            WHERE   ID_ROL = pID_ROL;

    END USP_SEL_ROL;
    
    
    
    PROCEDURE USP_UPD_ROL(                  /*actualizar*/
        pID_ROL IN NUMBER,
        pDescripcion_rol in varchar2
   )AS
     BEGIN
             UPDATE T_MAE_ROL
             set descripcion_rol = pDescripcion_rol
             where id_rol = pid_rol;
             
            
    END USP_UPD_ROL;
    
    
     PROCEDURE USP_DEL_ROL(                  /*Eliminar*/
        pID_ROL IN NUMBER
   )AS
     BEGIN
             UPDATE T_MAE_ROL
             set FLG_ESTADO = 0
             where id_rol = pid_rol;
             
            
    END USP_DEL_ROL;




END PKG_MRV_MANTENIMIENTO;

/
--------------------------------------------------------
--  DDL for Package Body PKG_MRV_PUBLICO
--------------------------------------------------------

  CREATE OR REPLACE EDITIONABLE PACKAGE BODY "USERMRV"."PKG_MRV_PUBLICO" AS

  PROCEDURE USP_SEL_ACCIONES_MITIGACION(
        pGenmIniciativa INTEGER,
        pNombre VARCHAR2,
        pEstado INTEGER,
        pRefcursor OUT SYS_REFCURSOR
    ) AS
  BEGIN
    -- TAREA: Se necesita implantación para PROCEDURE PKG_MRV_PUBLICO.USP_SEL_ACCIONES_MITIGACION
    OPEN pRefcursor FOR
        SELECT  I.P_GENM_INI,
                I.INIDES,
                I.INIFECHACREACION,
                I.F_MAE_EST,
                I.F_GENM_MEDMIT,
                I.F_MAE_USU,
                I.INIPRI,
                I.INIINV,
                I.F_MAE_MON,
                I.INIFECHAIMPLE,
                I.F_GEND_MET,
                I.F_MAE_ETP,
                I.ININOMBRE,
                I.F_GEND_INIGEI
        FROM    USERMRV.T_GENM_INI I
        WHERE   (I.P_GENM_INI = pGenmIniciativa OR pGenmIniciativa = 0)
                AND I.ININOMBRE LIKE '%' || pNombre || '%'
                AND (I.F_MAE_EST = pEstado OR pEstado = 0)
        ORDER BY I.INIFECHACREACION;
  END USP_SEL_ACCIONES_MITIGACION;

END PKG_MRV_PUBLICO;

/
