--------------------------------------------------------
-- Archivo creado  - lunes-enero-20-2020   
--------------------------------------------------------
--------------------------------------------------------
--  DDL for Sequence SQ_GEND_DETALLE_INICIATIVA
--------------------------------------------------------

   CREATE SEQUENCE  "SQ_GEND_DETALLE_INICIATIVA"  MINVALUE 1 MAXVALUE 9999999999999999999999999999 INCREMENT BY 1 START WITH 101 CACHE 20 NOORDER  NOCYCLE   ;
--------------------------------------------------------
--  DDL for Sequence SQ_GEND_ENFOQUE_FACTOR
--------------------------------------------------------

   CREATE SEQUENCE  "SQ_GEND_ENFOQUE_FACTOR"  MINVALUE 1 MAXVALUE 9999999999999999999999999999 INCREMENT BY 1 START WITH 21 CACHE 20 NOORDER  NOCYCLE   ;
--------------------------------------------------------
--  DDL for Sequence SQ_GEND_ENFOQUE_FORMULA
--------------------------------------------------------

   CREATE SEQUENCE  "SQ_GEND_ENFOQUE_FORMULA"  MINVALUE 1 MAXVALUE 9999999999999999999999999999 INCREMENT BY 1 START WITH 21 CACHE 20 NOORDER  NOCYCLE   ;
--------------------------------------------------------
--  DDL for Sequence SQ_GEND_ENFOQUE_VARIABLE
--------------------------------------------------------

   CREATE SEQUENCE  "SQ_GEND_ENFOQUE_VARIABLE"  MINVALUE 1 MAXVALUE 9999999999999999999999999999 INCREMENT BY 1 START WITH 21 CACHE 20 NOORDER  NOCYCLE   ;
--------------------------------------------------------
--  DDL for Sequence SQ_GEND_ENFOQUE_VARIANTE
--------------------------------------------------------

   CREATE SEQUENCE  "SQ_GEND_ENFOQUE_VARIANTE"  MINVALUE 1 MAXVALUE 9999999999999999999999999999 INCREMENT BY 1 START WITH 21 CACHE 20 NOORDER  NOCYCLE   ;
--------------------------------------------------------
--  DDL for Sequence SQ_GEND_INDICADOR
--------------------------------------------------------

   CREATE SEQUENCE  "SQ_GEND_INDICADOR"  MINVALUE 1 MAXVALUE 9999999999999999999999999999 INCREMENT BY 1 START WITH 61 CACHE 20 NOORDER  NOCYCLE   ;
--------------------------------------------------------
--  DDL for Sequence SQ_GEND_INDICADOR_ENFOQUE
--------------------------------------------------------

   CREATE SEQUENCE  "SQ_GEND_INDICADOR_ENFOQUE"  MINVALUE 1 MAXVALUE 9999999999999999999999999999 INCREMENT BY 1 START WITH 21 CACHE 20 NOORDER  NOCYCLE   ;
--------------------------------------------------------
--  DDL for Sequence SQ_GEND_INICIATIVA_ARCHIVO
--------------------------------------------------------

   CREATE SEQUENCE  "SQ_GEND_INICIATIVA_ARCHIVO"  MINVALUE 1 MAXVALUE 9999999999999999999999999999 INCREMENT BY 1 START WITH 1 CACHE 20 NOORDER  NOCYCLE   ;
--------------------------------------------------------
--  DDL for Sequence SQ_GEND_INICIATIVA_ENERG
--------------------------------------------------------

   CREATE SEQUENCE  "SQ_GEND_INICIATIVA_ENERG"  MINVALUE 1 MAXVALUE 9999999999999999999999999999 INCREMENT BY 1 START WITH 141 CACHE 20 NOORDER  NOCYCLE   ;
--------------------------------------------------------
--  DDL for Sequence SQ_GEND_INICIATIVA_GEI
--------------------------------------------------------

   CREATE SEQUENCE  "SQ_GEND_INICIATIVA_GEI"  MINVALUE 1 MAXVALUE 9999999999999999999999999999 INCREMENT BY 1 START WITH 181 CACHE 20 NOORDER  NOCYCLE   ;
--------------------------------------------------------
--  DDL for Sequence SQ_GEND_INICIATIVA_UBICACION
--------------------------------------------------------

   CREATE SEQUENCE  "SQ_GEND_INICIATIVA_UBICACION"  MINVALUE 1 MAXVALUE 9999999999999999999999999999 INCREMENT BY 1 START WITH 201 CACHE 20 NOORDER  NOCYCLE   ;
--------------------------------------------------------
--  DDL for Sequence SQ_GEND_SEGUIMIENTO
--------------------------------------------------------

   CREATE SEQUENCE  "SQ_GEND_SEGUIMIENTO"  MINVALUE 1 MAXVALUE 9999999999999999999999999999 INCREMENT BY 1 START WITH 1 CACHE 20 NOORDER  NOCYCLE   ;
--------------------------------------------------------
--  DDL for Sequence SQ_GEND_VARIANTE_ATRIBUTO
--------------------------------------------------------

   CREATE SEQUENCE  "SQ_GEND_VARIANTE_ATRIBUTO"  MINVALUE 1 MAXVALUE 9999999999999999999999999999 INCREMENT BY 1 START WITH 21 CACHE 20 NOORDER  NOCYCLE   ;
--------------------------------------------------------
--  DDL for Sequence SQ_GENM_ESCENARIO
--------------------------------------------------------

   CREATE SEQUENCE  "SQ_GENM_ESCENARIO"  MINVALUE 1 MAXVALUE 9999999999999999999999999999 INCREMENT BY 1 START WITH 41 CACHE 20 NOORDER  NOCYCLE   ;
--------------------------------------------------------
--  DDL for Sequence SQ_GENM_INICIATIVA
--------------------------------------------------------

   CREATE SEQUENCE  "SQ_GENM_INICIATIVA"  MINVALUE 1 MAXVALUE 9999999999999999999999999999 INCREMENT BY 1 START WITH 141 CACHE 20 NOORDER  NOCYCLE   ;
--------------------------------------------------------
--  DDL for Sequence SQ_GENM_INSTITUCION
--------------------------------------------------------

   CREATE SEQUENCE  "SQ_GENM_INSTITUCION"  MINVALUE 1 MAXVALUE 9999999999999999999999999999 INCREMENT BY 1 START WITH 141 CACHE 20 NOORDER  NOCYCLE   ;
--------------------------------------------------------
--  DDL for Sequence SQ_GENM_NOTIFICACION
--------------------------------------------------------

   CREATE SEQUENCE  "SQ_GENM_NOTIFICACION"  MINVALUE 1 MAXVALUE 9999999999999999999999999999 INCREMENT BY 1 START WITH 61 CACHE 20 NOORDER  NOCYCLE   ;
--------------------------------------------------------
--  DDL for Sequence SQ_GENM_USUARIO
--------------------------------------------------------

   CREATE SEQUENCE  "SQ_GENM_USUARIO"  MINVALUE 1 MAXVALUE 9999999999999999999999999999 INCREMENT BY 1 START WITH 141 CACHE 20 NOORDER  NOCYCLE   ;
--------------------------------------------------------
--  DDL for Sequence SQ_MAE_FAQ
--------------------------------------------------------

   CREATE SEQUENCE  "SQ_MAE_FAQ"  MINVALUE 1 MAXVALUE 9999999999999999999999999999 INCREMENT BY 1 START WITH 21 CACHE 20 NOORDER  NOCYCLE   ;
--------------------------------------------------------
--  DDL for Table T_GEND_ARCHIVO
--------------------------------------------------------

  CREATE TABLE "T_GEND_ARCHIVO" 
   (	"ID_ARCHIVO" NUMBER(*,0), 
	"UBICACION_ARCHIVO" VARCHAR2(100 BYTE), 
	"FLG_ESTADO" CHAR(1 BYTE)
   ) SEGMENT CREATION DEFERRED 
  PCTFREE 10 PCTUSED 40 INITRANS 1 MAXTRANS 255 
 NOCOMPRESS LOGGING
  TABLESPACE "USERS" ;
--------------------------------------------------------
--  DDL for Table T_GEND_DETALLE_INICIATIVA
--------------------------------------------------------

  CREATE TABLE "T_GEND_DETALLE_INICIATIVA" 
   (	"ID_DETALLE_INICIATIVA" NUMBER(*,0), 
	"ID_INICIATIVA" NUMBER(*,0), 
	"ID_REMITENTE" NUMBER(*,0), 
	"ID_DESTINO" NUMBER(*,0), 
	"DESC_INICIATIVA" VARCHAR2(2000 BYTE), 
	"ID_ETAPA" NUMBER(*,0), 
	"ID_ESTADO" NUMBER(*,0), 
	"OBSERVACIONES" VARCHAR2(100 BYTE), 
	"FECHA_DERIVACION" DATE, 
	"FECHA_RECEPCION" DATE
   ) SEGMENT CREATION IMMEDIATE 
  PCTFREE 10 PCTUSED 40 INITRANS 1 MAXTRANS 255 
 NOCOMPRESS LOGGING
  STORAGE(INITIAL 65536 NEXT 1048576 MINEXTENTS 1 MAXEXTENTS 2147483645
  PCTINCREASE 0 FREELISTS 1 FREELIST GROUPS 1
  BUFFER_POOL DEFAULT FLASH_CACHE DEFAULT CELL_FLASH_CACHE DEFAULT)
  TABLESPACE "USERS" ;
--------------------------------------------------------
--  DDL for Table T_GEND_ENFOQUE_FACTOR
--------------------------------------------------------

  CREATE TABLE "T_GEND_ENFOQUE_FACTOR" 
   (	"ID_ENFOQUE_FACTOR" NUMBER(*,0), 
	"ID_ENFOQUE" NUMBER(*,0), 
	"ID_FACTOR" NUMBER(*,0), 
	"FLAG_ESTADO" CHAR(1 BYTE), 
	"ORDEN" NUMBER
   ) SEGMENT CREATION IMMEDIATE 
  PCTFREE 10 PCTUSED 40 INITRANS 1 MAXTRANS 255 
 NOCOMPRESS LOGGING
  STORAGE(INITIAL 65536 NEXT 1048576 MINEXTENTS 1 MAXEXTENTS 2147483645
  PCTINCREASE 0 FREELISTS 1 FREELIST GROUPS 1
  BUFFER_POOL DEFAULT FLASH_CACHE DEFAULT CELL_FLASH_CACHE DEFAULT)
  TABLESPACE "USERS" ;
--------------------------------------------------------
--  DDL for Table T_GEND_ENFOQUE_VARIABLE
--------------------------------------------------------

  CREATE TABLE "T_GEND_ENFOQUE_VARIABLE" 
   (	"ID_ENFOQUE_VARIABLE" NUMBER(*,0), 
	"ID_ENFOQUE" NUMBER(*,0), 
	"ID_VARIABLE" NUMBER(*,0), 
	"FLAG_ESTADO" CHAR(1 BYTE), 
	"ORDEN" NUMBER
   ) SEGMENT CREATION IMMEDIATE 
  PCTFREE 10 PCTUSED 40 INITRANS 1 MAXTRANS 255 
 NOCOMPRESS LOGGING
  STORAGE(INITIAL 65536 NEXT 1048576 MINEXTENTS 1 MAXEXTENTS 2147483645
  PCTINCREASE 0 FREELISTS 1 FREELIST GROUPS 1
  BUFFER_POOL DEFAULT FLASH_CACHE DEFAULT CELL_FLASH_CACHE DEFAULT)
  TABLESPACE "USERS" ;
--------------------------------------------------------
--  DDL for Table T_GEND_ENFOQUE_VARIANTE
--------------------------------------------------------

  CREATE TABLE "T_GEND_ENFOQUE_VARIANTE" 
   (	"ID_ENFOQUE_VARIANTE" NUMBER(*,0), 
	"ID_ENFOQUE" NUMBER(*,0), 
	"ID_VARIANTE" NUMBER(*,0), 
	"FLAG_ESTADO" CHAR(1 BYTE), 
	"ORDEN" NUMBER
   ) SEGMENT CREATION IMMEDIATE 
  PCTFREE 10 PCTUSED 40 INITRANS 1 MAXTRANS 255 
 NOCOMPRESS LOGGING
  STORAGE(INITIAL 65536 NEXT 1048576 MINEXTENTS 1 MAXEXTENTS 2147483645
  PCTINCREASE 0 FREELISTS 1 FREELIST GROUPS 1
  BUFFER_POOL DEFAULT FLASH_CACHE DEFAULT CELL_FLASH_CACHE DEFAULT)
  TABLESPACE "USERS" ;
--------------------------------------------------------
--  DDL for Table T_GEND_FACTOR_VALOR
--------------------------------------------------------

  CREATE TABLE "T_GEND_FACTOR_VALOR" 
   (	"ID_FACTOR_VALOR" NUMBER(*,0), 
	"ID_INDICADOR" NUMBER(*,0), 
	"ID_FACTOR" NUMBER(*,0), 
	"VALOR" NUMBER(18,4)
   ) SEGMENT CREATION DEFERRED 
  PCTFREE 10 PCTUSED 40 INITRANS 1 MAXTRANS 255 
 NOCOMPRESS LOGGING
  TABLESPACE "USERS" ;
--------------------------------------------------------
--  DDL for Table T_GEND_INDICADOR
--------------------------------------------------------

  CREATE TABLE "T_GEND_INDICADOR" 
   (	"ID_INDICADOR" NUMBER(*,0), 
	"ID_INICIATIVA" NUMBER(*,0), 
	"ID_MEDMIT" NUMBER(*,0), 
	"ANNO_BASE" NUMBER(*,0), 
	"ID_TIPO_VEHICULO_BASE" NUMBER(*,0), 
	"ID_TIPO_COMBUSTIBLE_BASE" NUMBER(*,0), 
	"KRV_BASE" NUMBER(*,0), 
	"CANT_BASE" NUMBER(*,0), 
	"TOTAL_GEI_BASE" NUMBER(18,4), 
	"ANNO_INIMIT" NUMBER(*,0), 
	"ID_TIPO_VEHICULO_INIMIT" NUMBER(*,0), 
	"ID_TIPO_FUENTE_INIMIT" NUMBER(*,0), 
	"KRV_INIMIT" NUMBER(*,0), 
	"CANT_INIMIT" NUMBER(*,0), 
	"TOTAL_GEI_INIMIT" NUMBER(18,4), 
	"TOTAL_GEI_REDUCIDO" NUMBER(18,4), 
	"ID_ADJUNTO" NUMBER(18,4), 
	"FLG_ESTADO" NUMBER(*,0), 
	"FECHA_REGISTRO" DATE, 
	"ID_ETAPA" NUMBER(*,0), 
	"F_RENDIMIENTO" NUMBER(18,4)
   ) SEGMENT CREATION IMMEDIATE 
  PCTFREE 10 PCTUSED 40 INITRANS 1 MAXTRANS 255 
 NOCOMPRESS LOGGING
  STORAGE(INITIAL 65536 NEXT 1048576 MINEXTENTS 1 MAXEXTENTS 2147483645
  PCTINCREASE 0 FREELISTS 1 FREELIST GROUPS 1
  BUFFER_POOL DEFAULT FLASH_CACHE DEFAULT CELL_FLASH_CACHE DEFAULT)
  TABLESPACE "USERS" ;
--------------------------------------------------------
--  DDL for Table T_GEND_INDICADOR_ENFOQUE
--------------------------------------------------------

  CREATE TABLE "T_GEND_INDICADOR_ENFOQUE" 
   (	"ID_INDICADOR_ENFOQUE" NUMBER(*,0), 
	"ID_INDICADOR" NUMBER(*,0), 
	"ID_ENFOQUE" NUMBER(*,0), 
	"FLAG_ESTADO" CHAR(1 BYTE)
   ) SEGMENT CREATION IMMEDIATE 
  PCTFREE 10 PCTUSED 40 INITRANS 1 MAXTRANS 255 
 NOCOMPRESS LOGGING
  STORAGE(INITIAL 65536 NEXT 1048576 MINEXTENTS 1 MAXEXTENTS 2147483645
  PCTINCREASE 0 FREELISTS 1 FREELIST GROUPS 1
  BUFFER_POOL DEFAULT FLASH_CACHE DEFAULT CELL_FLASH_CACHE DEFAULT)
  TABLESPACE "USERS" ;
--------------------------------------------------------
--  DDL for Table T_GEND_INICIATIVA_ARCHIVO
--------------------------------------------------------

  CREATE TABLE "T_GEND_INICIATIVA_ARCHIVO" 
   (	"ID_INICIATIVA_ARCHIVO" NUMBER(*,0), 
	"ID_INICIATIVA" NUMBER(*,0), 
	"ID_ARCHIVO" NUMBER(*,0), 
	"FLAG_ESTADO" CHAR(1 BYTE)
   ) SEGMENT CREATION DEFERRED 
  PCTFREE 10 PCTUSED 40 INITRANS 1 MAXTRANS 255 
 NOCOMPRESS LOGGING
  TABLESPACE "USERS" ;
--------------------------------------------------------
--  DDL for Table T_GEND_INICIATIVA_COMP
--------------------------------------------------------

  CREATE TABLE "T_GEND_INICIATIVA_COMP" 
   (	"ID_INICIATIVA_COMP" NUMBER(*,0), 
	"ID_INICIATIVA" NUMBER(*,0), 
	"ID_LISTA" NUMBER(*,0), 
	"VALOR" NUMBER(10,2)
   ) SEGMENT CREATION DEFERRED 
  PCTFREE 10 PCTUSED 40 INITRANS 1 MAXTRANS 255 
 NOCOMPRESS LOGGING
  TABLESPACE "USERS" ;
--------------------------------------------------------
--  DDL for Table T_GEND_INICIATIVA_ENERG
--------------------------------------------------------

  CREATE TABLE "T_GEND_INICIATIVA_ENERG" 
   (	"ID_INICIATIVA_ENERG" NUMBER(*,0), 
	"ID_INICIATIVA" NUMBER(*,0), 
	"ID_ENERG" NUMBER(*,0), 
	"FLAG_ESTADO" CHAR(1 BYTE)
   ) SEGMENT CREATION IMMEDIATE 
  PCTFREE 10 PCTUSED 40 INITRANS 1 MAXTRANS 255 
 NOCOMPRESS LOGGING
  STORAGE(INITIAL 65536 NEXT 1048576 MINEXTENTS 1 MAXEXTENTS 2147483645
  PCTINCREASE 0 FREELISTS 1 FREELIST GROUPS 1
  BUFFER_POOL DEFAULT FLASH_CACHE DEFAULT CELL_FLASH_CACHE DEFAULT)
  TABLESPACE "USERS" ;
--------------------------------------------------------
--  DDL for Table T_GEND_INICIATIVA_GEI
--------------------------------------------------------

  CREATE TABLE "T_GEND_INICIATIVA_GEI" 
   (	"ID_INICIATIVA_GEI" NUMBER(*,0), 
	"ID_INICIATIVA" NUMBER(*,0), 
	"ID_GEI" NUMBER(*,0), 
	"FLAG_ESTADO" CHAR(1 BYTE)
   ) SEGMENT CREATION IMMEDIATE 
  PCTFREE 10 PCTUSED 40 INITRANS 1 MAXTRANS 255 
 NOCOMPRESS LOGGING
  STORAGE(INITIAL 65536 NEXT 1048576 MINEXTENTS 1 MAXEXTENTS 2147483645
  PCTINCREASE 0 FREELISTS 1 FREELIST GROUPS 1
  BUFFER_POOL DEFAULT FLASH_CACHE DEFAULT CELL_FLASH_CACHE DEFAULT)
  TABLESPACE "USERS" ;
--------------------------------------------------------
--  DDL for Table T_GEND_INICIATIVA_UBICACION
--------------------------------------------------------

  CREATE TABLE "T_GEND_INICIATIVA_UBICACION" 
   (	"ID_INICIATIVA_UBICACION" NUMBER(*,0), 
	"ID_INICIATIVA" NUMBER(*,0), 
	"ID_UBICACION" NUMBER(*,0), 
	"FLAG_ESTADO" CHAR(1 BYTE)
   ) SEGMENT CREATION IMMEDIATE 
  PCTFREE 10 PCTUSED 40 INITRANS 1 MAXTRANS 255 
 NOCOMPRESS LOGGING
  STORAGE(INITIAL 65536 NEXT 1048576 MINEXTENTS 1 MAXEXTENTS 2147483645
  PCTINCREASE 0 FREELISTS 1 FREELIST GROUPS 1
  BUFFER_POOL DEFAULT FLASH_CACHE DEFAULT CELL_FLASH_CACHE DEFAULT)
  TABLESPACE "USERS" ;
--------------------------------------------------------
--  DDL for Table T_GEND_INI_TIPDOCAVAL
--------------------------------------------------------

  CREATE TABLE "T_GEND_INI_TIPDOCAVAL" 
   (	"ID_GEND_INDICOMPU_TIPDOCAVAL" NUMBER(*,0), 
	"ID_TIPDOCAVAL" NUMBER(*,0), 
	"ID_INI_TIPDOCAVAL" CHAR(18 BYTE)
   ) SEGMENT CREATION DEFERRED 
  PCTFREE 10 PCTUSED 40 INITRANS 1 MAXTRANS 255 
 NOCOMPRESS LOGGING
  TABLESPACE "USERS" ;
--------------------------------------------------------
--  DDL for Table T_GEND_MEDMIT_GEI
--------------------------------------------------------

  CREATE TABLE "T_GEND_MEDMIT_GEI" 
   (	"ID_MEDMIT_GEI" NUMBER(*,0), 
	"ID_MEDMIT" NUMBER(*,0), 
	"ID_GEI" NUMBER(*,0), 
	"FLAG_ESTADO" CHAR(1 BYTE)
   ) SEGMENT CREATION DEFERRED 
  PCTFREE 10 PCTUSED 40 INITRANS 1 MAXTRANS 255 
 NOCOMPRESS LOGGING
  TABLESPACE "USERS" ;
--------------------------------------------------------
--  DDL for Table T_GEND_VARIABLE_VALOR
--------------------------------------------------------

  CREATE TABLE "T_GEND_VARIABLE_VALOR" 
   (	"ID_VARIABLE_VALOR" NUMBER(*,0), 
	"ID_INDICADOR" NUMBER(*,0), 
	"ID_VARIABLE" NUMBER(*,0), 
	"VALOR" NUMBER(18,4)
   ) SEGMENT CREATION DEFERRED 
  PCTFREE 10 PCTUSED 40 INITRANS 1 MAXTRANS 255 
 NOCOMPRESS LOGGING
  TABLESPACE "USERS" ;
--------------------------------------------------------
--  DDL for Table T_GEND_VARIANTE_ATRIBUTO
--------------------------------------------------------

  CREATE TABLE "T_GEND_VARIANTE_ATRIBUTO" 
   (	"ID_VARIANTE_ATRIBUTO" NUMBER, 
	"ID_VARIANTE" NUMBER, 
	"ATRIBUTO" VARCHAR2(50 BYTE), 
	"FLAG_ESTADO" CHAR(1 BYTE)
   ) SEGMENT CREATION IMMEDIATE 
  PCTFREE 10 PCTUSED 40 INITRANS 1 MAXTRANS 255 
 NOCOMPRESS LOGGING
  STORAGE(INITIAL 65536 NEXT 1048576 MINEXTENTS 1 MAXEXTENTS 2147483645
  PCTINCREASE 0 FREELISTS 1 FREELIST GROUPS 1
  BUFFER_POOL DEFAULT FLASH_CACHE DEFAULT CELL_FLASH_CACHE DEFAULT)
  TABLESPACE "USERS" ;
--------------------------------------------------------
--  DDL for Table T_GEND_VARIANTE_VALOR
--------------------------------------------------------

  CREATE TABLE "T_GEND_VARIANTE_VALOR" 
   (	"ID_VARIANTE_VALOR" NUMBER(*,0), 
	"ID_INDICADOR" NUMBER(*,0), 
	"ID_VARIANTE" NUMBER(*,0), 
	"VALOR" NUMBER(*,0)
   ) SEGMENT CREATION DEFERRED 
  PCTFREE 10 PCTUSED 40 INITRANS 1 MAXTRANS 255 
 NOCOMPRESS LOGGING
  TABLESPACE "USERS" ;
--------------------------------------------------------
--  DDL for Table T_GENM_AYUDA
--------------------------------------------------------

  CREATE TABLE "T_GENM_AYUDA" 
   (	"ID_AYUDA" NUMBER(*,0), 
	"DES_VIS_ES" VARCHAR2(500 BYTE), 
	"DES_TEC_ES" VARCHAR2(500 BYTE), 
	"DES_VIS_EN" VARCHAR2(500 BYTE), 
	"DES_TEC_EN" VARCHAR2(500 BYTE), 
	"ID_MAEPAGSEC" NUMBER(*,0), 
	"CODIGOAYUDA" VARCHAR2(5 BYTE), 
	"ID_USUARIO" NUMBER(*,0)
   ) SEGMENT CREATION DEFERRED 
  PCTFREE 10 PCTUSED 40 INITRANS 1 MAXTRANS 255 
 NOCOMPRESS LOGGING
  TABLESPACE "USERS" ;
--------------------------------------------------------
--  DDL for Table T_GENM_BLOCKCHAIN
--------------------------------------------------------

  CREATE TABLE "T_GENM_BLOCKCHAIN" 
   (	"ID_BLOCKCHAIN" NUMBER(*,0), 
	"ID_INICIATIVA" NUMBER(*,0), 
	"HASH" VARCHAR2(1000 BYTE)
   ) SEGMENT CREATION DEFERRED 
  PCTFREE 10 PCTUSED 40 INITRANS 1 MAXTRANS 255 
 NOCOMPRESS LOGGING
  TABLESPACE "USERS" ;
--------------------------------------------------------
--  DDL for Table T_GENM_ENFOQUE
--------------------------------------------------------

  CREATE TABLE "T_GENM_ENFOQUE" 
   (	"ID_ENFOQUE" NUMBER(*,0), 
	"ID_MEDMIT" NUMBER(*,0), 
	"DESCRIPCION" VARCHAR2(100 BYTE)
   ) SEGMENT CREATION IMMEDIATE 
  PCTFREE 10 PCTUSED 40 INITRANS 1 MAXTRANS 255 
 NOCOMPRESS LOGGING
  STORAGE(INITIAL 65536 NEXT 1048576 MINEXTENTS 1 MAXEXTENTS 2147483645
  PCTINCREASE 0 FREELISTS 1 FREELIST GROUPS 1
  BUFFER_POOL DEFAULT FLASH_CACHE DEFAULT CELL_FLASH_CACHE DEFAULT)
  TABLESPACE "USERS" ;
--------------------------------------------------------
--  DDL for Table T_GENM_ESCENARIO
--------------------------------------------------------

  CREATE TABLE "T_GENM_ESCENARIO" 
   (	"ID_ESCENARIO" NUMBER(*,0), 
	"ID_MEDMIT" NUMBER(*,0), 
	"ANNO" NUMBER(*,0), 
	"BAU_EMISION" NUMBER(18,4), 
	"MIT_EMISION" NUMBER(18,4), 
	"REDUCCION" NUMBER(18,4), 
	"VALOR_SOFTWARE" NUMBER(18,4), 
	"EXPOST" NUMBER(18,4), 
	"META_ANUAL" NUMBER(18,4), 
	"FLAG_ESTADO" CHAR(1 BYTE)
   ) SEGMENT CREATION IMMEDIATE 
  PCTFREE 10 PCTUSED 40 INITRANS 1 MAXTRANS 255 
 NOCOMPRESS LOGGING
  STORAGE(INITIAL 65536 NEXT 1048576 MINEXTENTS 1 MAXEXTENTS 2147483645
  PCTINCREASE 0 FREELISTS 1 FREELIST GROUPS 1
  BUFFER_POOL DEFAULT FLASH_CACHE DEFAULT CELL_FLASH_CACHE DEFAULT)
  TABLESPACE "USERS" ;
--------------------------------------------------------
--  DDL for Table T_GENM_FACTOR
--------------------------------------------------------

  CREATE TABLE "T_GENM_FACTOR" 
   (	"ID_FACTOR" NUMBER(*,0), 
	"DESCRIPCION" VARCHAR2(50 BYTE), 
	"SIGLA" VARCHAR2(50 BYTE), 
	"FUNCION" NUMBER(18,4)
   ) SEGMENT CREATION IMMEDIATE 
  PCTFREE 10 PCTUSED 40 INITRANS 1 MAXTRANS 255 
 NOCOMPRESS LOGGING
  STORAGE(INITIAL 65536 NEXT 1048576 MINEXTENTS 1 MAXEXTENTS 2147483645
  PCTINCREASE 0 FREELISTS 1 FREELIST GROUPS 1
  BUFFER_POOL DEFAULT FLASH_CACHE DEFAULT CELL_FLASH_CACHE DEFAULT)
  TABLESPACE "USERS" ;
--------------------------------------------------------
--  DDL for Table T_GENM_INICIATIVA
--------------------------------------------------------

  CREATE TABLE "T_GENM_INICIATIVA" 
   (	"ID_INICIATIVA" NUMBER(*,0), 
	"ID_MEDMIT" NUMBER(*,0), 
	"ID_USUARIO" NUMBER(*,0), 
	"NOMBRE_INICIATIVA" VARCHAR2(2000 BYTE), 
	"DESC_INICIATIVA" VARCHAR2(2000 BYTE), 
	"ID_ESTADO" NUMBER(*,0), 
	"PRIVACIDAD_INICIATIVA" CHAR(1 BYTE), 
	"INVERSION_INICIATIVA" NUMBER(10,2), 
	"ID_MONEDA" NUMBER(*,0), 
	"FECHA_CREA_INICIATIVA" DATE, 
	"FECHA_IMPLE_INICIATIVA" DATE, 
	"ID_ETAPA" NUMBER(*,0), 
	"USUARIO_REGISTRO" NUMBER(*,0), 
	"FECHA_REGISTRO" DATE, 
	"IP_REGISTRO" VARCHAR2(50 BYTE), 
	"USUARIO_MODIFICA" NUMBER(*,0), 
	"FECHA_MODIFICA" DATE, 
	"IP_MODIFICA" NUMBER(*,0), 
	"FLG_ESTADO" CHAR(1 BYTE)
   ) SEGMENT CREATION IMMEDIATE 
  PCTFREE 10 PCTUSED 40 INITRANS 1 MAXTRANS 255 
 NOCOMPRESS LOGGING
  STORAGE(INITIAL 65536 NEXT 1048576 MINEXTENTS 1 MAXEXTENTS 2147483645
  PCTINCREASE 0 FREELISTS 1 FREELIST GROUPS 1
  BUFFER_POOL DEFAULT FLASH_CACHE DEFAULT CELL_FLASH_CACHE DEFAULT)
  TABLESPACE "USERS" ;
--------------------------------------------------------
--  DDL for Table T_GENM_INSTITUCION
--------------------------------------------------------

  CREATE TABLE "T_GENM_INSTITUCION" 
   (	"ID_INSTITUCION" NUMBER(*,0), 
	"ID_SECTOR_INSTITUCION" NUMBER(*,0), 
	"RUC_INSTITUCION" VARCHAR2(20 BYTE), 
	"NOMBRE_INSTITUCION" VARCHAR2(200 BYTE), 
	"DIRECCION_INSTITUCION" VARCHAR2(100 BYTE), 
	"FLAG_ESTADO" CHAR(1 BYTE)
   ) SEGMENT CREATION IMMEDIATE 
  PCTFREE 10 PCTUSED 40 INITRANS 1 MAXTRANS 255 
 NOCOMPRESS LOGGING
  STORAGE(INITIAL 65536 NEXT 1048576 MINEXTENTS 1 MAXEXTENTS 2147483645
  PCTINCREASE 0 FREELISTS 1 FREELIST GROUPS 1
  BUFFER_POOL DEFAULT FLASH_CACHE DEFAULT CELL_FLASH_CACHE DEFAULT)
  TABLESPACE "USERS" ;
--------------------------------------------------------
--  DDL for Table T_GENM_NOTIFICACION
--------------------------------------------------------

  CREATE TABLE "T_GENM_NOTIFICACION" 
   (	"ID_NOTIFICACION" NUMBER(*,0), 
	"ID_INICIATIVA" NUMBER(*,0), 
	"ID_ETAPA" NUMBER(*,0), 
	"ID_ESTADO" NUMBER(*,0), 
	"FECHA_REGISTRO" DATE, 
	"ID_ROL" NUMBER(*,0), 
	"ID_USUARIO" NUMBER(*,0), 
	"FLG_VISTO" CHAR(1 BYTE) DEFAULT 0, 
	"FECHA_VISTO" DATE, 
	"ID_USUARIO_VISTO" NUMBER(*,0), 
	"DESCRIPCION" VARCHAR2(4000 BYTE), 
	"ID_ESTADO_NOTIFICACION" NUMBER
   ) SEGMENT CREATION IMMEDIATE 
  PCTFREE 10 PCTUSED 40 INITRANS 1 MAXTRANS 255 
 NOCOMPRESS LOGGING
  STORAGE(INITIAL 65536 NEXT 1048576 MINEXTENTS 1 MAXEXTENTS 2147483645
  PCTINCREASE 0 FREELISTS 1 FREELIST GROUPS 1
  BUFFER_POOL DEFAULT FLASH_CACHE DEFAULT CELL_FLASH_CACHE DEFAULT)
  TABLESPACE "USERS" ;
--------------------------------------------------------
--  DDL for Table T_GENM_USUARIO
--------------------------------------------------------

  CREATE TABLE "T_GENM_USUARIO" 
   (	"ID_USUARIO" NUMBER(*,0), 
	"NOMBRES_USUARIO" CHAR(20 BYTE), 
	"APELLIDOS_USUARIO" VARCHAR2(30 BYTE), 
	"ID_INSTITUCION" NUMBER(*,0), 
	"PASSWORD_USUARIO" VARCHAR2(100 BYTE), 
	"EMAIL_USUARIO" VARCHAR2(40 BYTE), 
	"ID_ESTADO_USUARIO" NUMBER(*,0), 
	"TELEFONO_USUARIO" VARCHAR2(20 BYTE), 
	"CELULAR_USUARIO" VARCHAR2(20 BYTE), 
	"FLG_ESTADO" CHAR(1 BYTE), 
	"ID_TERMINOS" NUMBER, 
	"FLG_TERMINOS" CHAR(1 BYTE), 
	"ANEXO_USUARIO" VARCHAR2(20 BYTE)
   ) SEGMENT CREATION IMMEDIATE 
  PCTFREE 10 PCTUSED 40 INITRANS 1 MAXTRANS 255 
 NOCOMPRESS LOGGING
  STORAGE(INITIAL 65536 NEXT 1048576 MINEXTENTS 1 MAXEXTENTS 2147483645
  PCTINCREASE 0 FREELISTS 1 FREELIST GROUPS 1
  BUFFER_POOL DEFAULT FLASH_CACHE DEFAULT CELL_FLASH_CACHE DEFAULT)
  TABLESPACE "USERS" ;
--------------------------------------------------------
--  DDL for Table T_GENM_VARIABLE
--------------------------------------------------------

  CREATE TABLE "T_GENM_VARIABLE" 
   (	"ID_VARIABLE" NUMBER(*,0), 
	"DESCRIPCION" VARCHAR2(50 BYTE), 
	"SIGLA" VARCHAR2(50 BYTE)
   ) SEGMENT CREATION IMMEDIATE 
  PCTFREE 10 PCTUSED 40 INITRANS 1 MAXTRANS 255 
 NOCOMPRESS LOGGING
  STORAGE(INITIAL 65536 NEXT 1048576 MINEXTENTS 1 MAXEXTENTS 2147483645
  PCTINCREASE 0 FREELISTS 1 FREELIST GROUPS 1
  BUFFER_POOL DEFAULT FLASH_CACHE DEFAULT CELL_FLASH_CACHE DEFAULT)
  TABLESPACE "USERS" ;
--------------------------------------------------------
--  DDL for Table T_GENM_VARIANTE
--------------------------------------------------------

  CREATE TABLE "T_GENM_VARIANTE" 
   (	"ID_VARIANTE" NUMBER(*,0), 
	"DESCRIPCION" VARCHAR2(50 BYTE), 
	"SIGLA" VARCHAR2(50 BYTE)
   ) SEGMENT CREATION IMMEDIATE 
  PCTFREE 10 PCTUSED 40 INITRANS 1 MAXTRANS 255 
 NOCOMPRESS LOGGING
  STORAGE(INITIAL 65536 NEXT 1048576 MINEXTENTS 1 MAXEXTENTS 2147483645
  PCTINCREASE 0 FREELISTS 1 FREELIST GROUPS 1
  BUFFER_POOL DEFAULT FLASH_CACHE DEFAULT CELL_FLASH_CACHE DEFAULT)
  TABLESPACE "USERS" ;
--------------------------------------------------------
--  DDL for Table T_MAE_ENERG
--------------------------------------------------------

  CREATE TABLE "T_MAE_ENERG" 
   (	"ID_ENERG" NUMBER(*,0), 
	"DESCRIPCION" VARCHAR2(100 BYTE), 
	"FLAG_ESTADO" CHAR(1 BYTE)
   ) SEGMENT CREATION IMMEDIATE 
  PCTFREE 10 PCTUSED 40 INITRANS 1 MAXTRANS 255 
 NOCOMPRESS LOGGING
  STORAGE(INITIAL 65536 NEXT 1048576 MINEXTENTS 1 MAXEXTENTS 2147483645
  PCTINCREASE 0 FREELISTS 1 FREELIST GROUPS 1
  BUFFER_POOL DEFAULT FLASH_CACHE DEFAULT CELL_FLASH_CACHE DEFAULT)
  TABLESPACE "USERS" ;
--------------------------------------------------------
--  DDL for Table T_MAE_ESTADO
--------------------------------------------------------

  CREATE TABLE "T_MAE_ESTADO" 
   (	"ID_ESTADO" NUMBER(*,0), 
	"DESCRIPCION" VARCHAR2(30 BYTE)
   ) SEGMENT CREATION IMMEDIATE 
  PCTFREE 10 PCTUSED 40 INITRANS 1 MAXTRANS 255 
 NOCOMPRESS LOGGING
  STORAGE(INITIAL 65536 NEXT 1048576 MINEXTENTS 1 MAXEXTENTS 2147483645
  PCTINCREASE 0 FREELISTS 1 FREELIST GROUPS 1
  BUFFER_POOL DEFAULT FLASH_CACHE DEFAULT CELL_FLASH_CACHE DEFAULT)
  TABLESPACE "USERS" ;
--------------------------------------------------------
--  DDL for Table T_MAE_ESTADO_USUARIO
--------------------------------------------------------

  CREATE TABLE "T_MAE_ESTADO_USUARIO" 
   (	"ID_ESTADO_USUARIO" NUMBER(*,0), 
	"DESCRIPCION" VARCHAR2(50 BYTE)
   ) SEGMENT CREATION IMMEDIATE 
  PCTFREE 10 PCTUSED 40 INITRANS 1 MAXTRANS 255 
 NOCOMPRESS LOGGING
  STORAGE(INITIAL 65536 NEXT 1048576 MINEXTENTS 1 MAXEXTENTS 2147483645
  PCTINCREASE 0 FREELISTS 1 FREELIST GROUPS 1
  BUFFER_POOL DEFAULT FLASH_CACHE DEFAULT CELL_FLASH_CACHE DEFAULT)
  TABLESPACE "USERS" ;
--------------------------------------------------------
--  DDL for Table T_MAE_ETAPA
--------------------------------------------------------

  CREATE TABLE "T_MAE_ETAPA" 
   (	"ID_ETAPA" NUMBER(*,0), 
	"DESCRIPCION" VARCHAR2(50 BYTE)
   ) SEGMENT CREATION IMMEDIATE 
  PCTFREE 10 PCTUSED 40 INITRANS 1 MAXTRANS 255 
 NOCOMPRESS LOGGING
  STORAGE(INITIAL 65536 NEXT 1048576 MINEXTENTS 1 MAXEXTENTS 2147483645
  PCTINCREASE 0 FREELISTS 1 FREELIST GROUPS 1
  BUFFER_POOL DEFAULT FLASH_CACHE DEFAULT CELL_FLASH_CACHE DEFAULT)
  TABLESPACE "USERS" ;
--------------------------------------------------------
--  DDL for Table T_MAE_FAQ
--------------------------------------------------------

  CREATE TABLE "T_MAE_FAQ" 
   (	"ID_FAQ" NUMBER(*,0), 
	"ID_MEDMIT" NUMBER(*,0), 
	"PREGUNTA" VARCHAR2(1000 BYTE), 
	"RESPUESTA" VARCHAR2(2000 BYTE)
   ) SEGMENT CREATION IMMEDIATE 
  PCTFREE 10 PCTUSED 40 INITRANS 1 MAXTRANS 255 
 NOCOMPRESS LOGGING
  STORAGE(INITIAL 65536 NEXT 1048576 MINEXTENTS 1 MAXEXTENTS 2147483645
  PCTINCREASE 0 FREELISTS 1 FREELIST GROUPS 1
  BUFFER_POOL DEFAULT FLASH_CACHE DEFAULT CELL_FLASH_CACHE DEFAULT)
  TABLESPACE "USERS" ;
--------------------------------------------------------
--  DDL for Table T_MAE_F_BAU
--------------------------------------------------------

  CREATE TABLE "T_MAE_F_BAU" 
   (	"ID_F_BAU" NUMBER(*,0), 
	"ID_TIPO_VEHICULO" NUMBER(*,0), 
	"ID_TIPO_COMBUSTIBLE" NUMBER(*,0), 
	"ANNO" NUMBER(*,0), 
	"FACTOR" NUMBER(18,4)
   ) SEGMENT CREATION IMMEDIATE 
  PCTFREE 10 PCTUSED 40 INITRANS 1 MAXTRANS 255 
 NOCOMPRESS LOGGING
  STORAGE(INITIAL 65536 NEXT 1048576 MINEXTENTS 1 MAXEXTENTS 2147483645
  PCTINCREASE 0 FREELISTS 1 FREELIST GROUPS 1
  BUFFER_POOL DEFAULT FLASH_CACHE DEFAULT CELL_FLASH_CACHE DEFAULT)
  TABLESPACE "USERS" ;
--------------------------------------------------------
--  DDL for Table T_MAE_F_MIT
--------------------------------------------------------

  CREATE TABLE "T_MAE_F_MIT" 
   (	"ID_F_MIT" NUMBER(*,0), 
	"ID_TIPO_VEHICULO" NUMBER(*,0), 
	"ID_TIPO_FUENTE" NUMBER(*,0), 
	"ANNO" NUMBER(*,0), 
	"FACTOR" NUMBER(18,4)
   ) SEGMENT CREATION IMMEDIATE 
  PCTFREE 10 PCTUSED 40 INITRANS 1 MAXTRANS 255 
 NOCOMPRESS LOGGING
  STORAGE(INITIAL 65536 NEXT 1048576 MINEXTENTS 1 MAXEXTENTS 2147483645
  PCTINCREASE 0 FREELISTS 1 FREELIST GROUPS 1
  BUFFER_POOL DEFAULT FLASH_CACHE DEFAULT CELL_FLASH_CACHE DEFAULT)
  TABLESPACE "USERS" ;
--------------------------------------------------------
--  DDL for Table T_MAE_F_PER
--------------------------------------------------------

  CREATE TABLE "T_MAE_F_PER" 
   (	"ID_F_PER" NUMBER(*,0), 
	"ANNO" NUMBER(*,0), 
	"FACTOR" NUMBER(18,4)
   ) SEGMENT CREATION IMMEDIATE 
  PCTFREE 10 PCTUSED 40 INITRANS 1 MAXTRANS 255 
 NOCOMPRESS LOGGING
  STORAGE(INITIAL 65536 NEXT 1048576 MINEXTENTS 1 MAXEXTENTS 2147483645
  PCTINCREASE 0 FREELISTS 1 FREELIST GROUPS 1
  BUFFER_POOL DEFAULT FLASH_CACHE DEFAULT CELL_FLASH_CACHE DEFAULT)
  TABLESPACE "USERS" ;
--------------------------------------------------------
--  DDL for Table T_MAE_F_REN
--------------------------------------------------------

  CREATE TABLE "T_MAE_F_REN" 
   (	"ID_F_REN" NUMBER(*,0), 
	"ID_TIPO_VEHICULO" NUMBER(*,0), 
	"ID_TIPO_FUENTE" NUMBER(*,0), 
	"FACTOR" NUMBER(18,4)
   ) SEGMENT CREATION IMMEDIATE 
  PCTFREE 10 PCTUSED 40 INITRANS 1 MAXTRANS 255 
 NOCOMPRESS LOGGING
  STORAGE(INITIAL 65536 NEXT 1048576 MINEXTENTS 1 MAXEXTENTS 2147483645
  PCTINCREASE 0 FREELISTS 1 FREELIST GROUPS 1
  BUFFER_POOL DEFAULT FLASH_CACHE DEFAULT CELL_FLASH_CACHE DEFAULT)
  TABLESPACE "USERS" ;
--------------------------------------------------------
--  DDL for Table T_MAE_GEI
--------------------------------------------------------

  CREATE TABLE "T_MAE_GEI" 
   (	"ID_GEI" NUMBER(*,0), 
	"DESCRIPCION" VARCHAR2(50 BYTE), 
	"FLAG_ESTADO" CHAR(1 BYTE), 
	"AR2" NUMBER(18,4), 
	"AR4" NUMBER(18,4), 
	"AR5" NUMBER(18,4)
   ) SEGMENT CREATION IMMEDIATE 
  PCTFREE 10 PCTUSED 40 INITRANS 1 MAXTRANS 255 
 NOCOMPRESS LOGGING
  STORAGE(INITIAL 65536 NEXT 1048576 MINEXTENTS 1 MAXEXTENTS 2147483645
  PCTINCREASE 0 FREELISTS 1 FREELIST GROUPS 1
  BUFFER_POOL DEFAULT FLASH_CACHE DEFAULT CELL_FLASH_CACHE DEFAULT)
  TABLESPACE "USERS" ;
--------------------------------------------------------
--  DDL for Table T_MAE_LISTA
--------------------------------------------------------

  CREATE TABLE "T_MAE_LISTA" 
   (	"ID_LISTA" NUMBER(*,0), 
	"DESCRIPCION" VARCHAR2(30 BYTE)
   ) SEGMENT CREATION DEFERRED 
  PCTFREE 10 PCTUSED 40 INITRANS 1 MAXTRANS 255 
 NOCOMPRESS LOGGING
  TABLESPACE "USERS" ;
--------------------------------------------------------
--  DDL for Table T_MAE_MEDMIT
--------------------------------------------------------

  CREATE TABLE "T_MAE_MEDMIT" 
   (	"ID_MEDMIT" NUMBER(*,0), 
	"NUMERO_MEDMIT" VARCHAR2(50 BYTE), 
	"NOMBRE_MEDMIT" VARCHAR2(200 BYTE), 
	"DESCRIPCION_MEDMIT" VARCHAR2(2000 BYTE), 
	"ID_NAMA" NUMBER(*,0), 
	"OBJETIVO_MEDMIT" VARCHAR2(2000 BYTE), 
	"IPSC_MEDMIT" VARCHAR2(50 BYTE), 
	"FLAG_ESTADO" CHAR(1 BYTE)
   ) SEGMENT CREATION IMMEDIATE 
  PCTFREE 10 PCTUSED 40 INITRANS 1 MAXTRANS 255 
 NOCOMPRESS LOGGING
  STORAGE(INITIAL 65536 NEXT 1048576 MINEXTENTS 1 MAXEXTENTS 2147483645
  PCTINCREASE 0 FREELISTS 1 FREELIST GROUPS 1
  BUFFER_POOL DEFAULT FLASH_CACHE DEFAULT CELL_FLASH_CACHE DEFAULT)
  TABLESPACE "USERS" ;
--------------------------------------------------------
--  DDL for Table T_MAE_MONEDA
--------------------------------------------------------

  CREATE TABLE "T_MAE_MONEDA" 
   (	"ID_MONEDA" NUMBER(*,0), 
	"DESCRIPCION" VARCHAR2(20 BYTE)
   ) SEGMENT CREATION IMMEDIATE 
  PCTFREE 10 PCTUSED 40 INITRANS 1 MAXTRANS 255 
 NOCOMPRESS LOGGING
  STORAGE(INITIAL 65536 NEXT 1048576 MINEXTENTS 1 MAXEXTENTS 2147483645
  PCTINCREASE 0 FREELISTS 1 FREELIST GROUPS 1
  BUFFER_POOL DEFAULT FLASH_CACHE DEFAULT CELL_FLASH_CACHE DEFAULT)
  TABLESPACE "USERS" ;
--------------------------------------------------------
--  DDL for Table T_MAE_NAMA
--------------------------------------------------------

  CREATE TABLE "T_MAE_NAMA" 
   (	"ID_NAMA" NUMBER(*,0), 
	"DESCRIPCION_NAMA" VARCHAR2(100 BYTE), 
	"FLG_ESTADO" CHAR(1 BYTE)
   ) SEGMENT CREATION IMMEDIATE 
  PCTFREE 10 PCTUSED 40 INITRANS 1 MAXTRANS 255 
 NOCOMPRESS LOGGING
  STORAGE(INITIAL 65536 NEXT 1048576 MINEXTENTS 1 MAXEXTENTS 2147483645
  PCTINCREASE 0 FREELISTS 1 FREELIST GROUPS 1
  BUFFER_POOL DEFAULT FLASH_CACHE DEFAULT CELL_FLASH_CACHE DEFAULT)
  TABLESPACE "USERS" ;
--------------------------------------------------------
--  DDL for Table T_MAE_OPCION
--------------------------------------------------------

  CREATE TABLE "T_MAE_OPCION" 
   (	"ID_OPCION" NUMBER, 
	"DES_OPCION" VARCHAR2(200 BYTE), 
	"FLG_ESTADO" CHAR(1 BYTE), 
	"DES_URL" VARCHAR2(128 BYTE), 
	"DES_URLIMAGEN" VARCHAR2(128 BYTE), 
	"DES_URLLABEL" VARCHAR2(128 BYTE), 
	"DES_FUNCION_INI" VARCHAR2(100 BYTE), 
	"NUM_ORDEN" NUMBER(4,0), 
	"NUM_NIVEL" NUMBER(4,0), 
	"ID_OPCION_PADRE" NUMBER, 
	"ID_TIPO_OPCION" NUMBER
   ) SEGMENT CREATION IMMEDIATE 
  PCTFREE 10 PCTUSED 40 INITRANS 1 MAXTRANS 255 
 NOCOMPRESS LOGGING
  STORAGE(INITIAL 65536 NEXT 1048576 MINEXTENTS 1 MAXEXTENTS 2147483645
  PCTINCREASE 0 FREELISTS 1 FREELIST GROUPS 1
  BUFFER_POOL DEFAULT FLASH_CACHE DEFAULT CELL_FLASH_CACHE DEFAULT)
  TABLESPACE "USERS" ;
--------------------------------------------------------
--  DDL for Table T_MAE_OPCION_ROL
--------------------------------------------------------

  CREATE TABLE "T_MAE_OPCION_ROL" 
   (	"ID_OPCION" NUMBER(*,0), 
	"ID_ROL" NUMBER(*,0), 
	"FLG_ESTADO" CHAR(1 BYTE)
   ) SEGMENT CREATION IMMEDIATE 
  PCTFREE 10 PCTUSED 40 INITRANS 1 MAXTRANS 255 
 NOCOMPRESS LOGGING
  STORAGE(INITIAL 65536 NEXT 1048576 MINEXTENTS 1 MAXEXTENTS 2147483645
  PCTINCREASE 0 FREELISTS 1 FREELIST GROUPS 1
  BUFFER_POOL DEFAULT FLASH_CACHE DEFAULT CELL_FLASH_CACHE DEFAULT)
  TABLESPACE "USERS" ;
--------------------------------------------------------
--  DDL for Table T_MAE_PAGINA
--------------------------------------------------------

  CREATE TABLE "T_MAE_PAGINA" 
   (	"ID_PAGINA" NUMBER(*,0), 
	"CODIGO_PAGINA" VARCHAR2(10 BYTE), 
	"DESCRIPCION" VARCHAR2(20 BYTE)
   ) SEGMENT CREATION DEFERRED 
  PCTFREE 10 PCTUSED 40 INITRANS 1 MAXTRANS 255 
 NOCOMPRESS LOGGING
  TABLESPACE "USERS" ;
--------------------------------------------------------
--  DDL for Table T_MAE_PLAZO
--------------------------------------------------------

  CREATE TABLE "T_MAE_PLAZO" 
   (	"ID_PLAZO" NUMBER(*,0), 
	"DIAS_PLAZO" NUMBER(*,0), 
	"ID_ETAPA" NUMBER(*,0)
   ) SEGMENT CREATION DEFERRED 
  PCTFREE 10 PCTUSED 40 INITRANS 1 MAXTRANS 255 
 NOCOMPRESS LOGGING
  TABLESPACE "USERS" ;
--------------------------------------------------------
--  DDL for Table T_MAE_ROL
--------------------------------------------------------

  CREATE TABLE "T_MAE_ROL" 
   (	"ID_ROL" NUMBER(*,0), 
	"DESCRIPCION_ROL" VARCHAR2(50 BYTE), 
	"FLG_ESTADO" CHAR(1 BYTE)
   ) SEGMENT CREATION IMMEDIATE 
  PCTFREE 10 PCTUSED 40 INITRANS 1 MAXTRANS 255 
 NOCOMPRESS LOGGING
  STORAGE(INITIAL 65536 NEXT 1048576 MINEXTENTS 1 MAXEXTENTS 2147483645
  PCTINCREASE 0 FREELISTS 1 FREELIST GROUPS 1
  BUFFER_POOL DEFAULT FLASH_CACHE DEFAULT CELL_FLASH_CACHE DEFAULT)
  TABLESPACE "USERS" ;
--------------------------------------------------------
--  DDL for Table T_MAE_SECTOR_INST
--------------------------------------------------------

  CREATE TABLE "T_MAE_SECTOR_INST" 
   (	"ID_SECTOR_INST" NUMBER(*,0), 
	"DESCRIPCION" VARCHAR2(50 BYTE), 
	"FLAG_ESTADO" CHAR(1 BYTE)
   ) SEGMENT CREATION IMMEDIATE 
  PCTFREE 10 PCTUSED 40 INITRANS 1 MAXTRANS 255 
 NOCOMPRESS LOGGING
  STORAGE(INITIAL 65536 NEXT 1048576 MINEXTENTS 1 MAXEXTENTS 2147483645
  PCTINCREASE 0 FREELISTS 1 FREELIST GROUPS 1
  BUFFER_POOL DEFAULT FLASH_CACHE DEFAULT CELL_FLASH_CACHE DEFAULT)
  TABLESPACE "USERS" ;
--------------------------------------------------------
--  DDL for Table T_MAE_TERMINOS
--------------------------------------------------------

  CREATE TABLE "T_MAE_TERMINOS" 
   (	"ID_TERMINOS" NUMBER(*,0), 
	"ID_ROL" NUMBER(*,0), 
	"CONDICIONES_TERMINOS" VARCHAR2(4000 BYTE)
   ) SEGMENT CREATION IMMEDIATE 
  PCTFREE 10 PCTUSED 40 INITRANS 1 MAXTRANS 255 
 NOCOMPRESS LOGGING
  STORAGE(INITIAL 65536 NEXT 1048576 MINEXTENTS 1 MAXEXTENTS 2147483645
  PCTINCREASE 0 FREELISTS 1 FREELIST GROUPS 1
  BUFFER_POOL DEFAULT FLASH_CACHE DEFAULT CELL_FLASH_CACHE DEFAULT)
  TABLESPACE "USERS" ;
--------------------------------------------------------
--  DDL for Table T_MAE_TIPO_COMBUSTIBLE
--------------------------------------------------------

  CREATE TABLE "T_MAE_TIPO_COMBUSTIBLE" 
   (	"ID_TIPO_COMBUSTIBLE" NUMBER(*,0), 
	"DESCRIPCION" VARCHAR2(100 BYTE)
   ) SEGMENT CREATION IMMEDIATE 
  PCTFREE 10 PCTUSED 40 INITRANS 1 MAXTRANS 255 
 NOCOMPRESS LOGGING
  STORAGE(INITIAL 65536 NEXT 1048576 MINEXTENTS 1 MAXEXTENTS 2147483645
  PCTINCREASE 0 FREELISTS 1 FREELIST GROUPS 1
  BUFFER_POOL DEFAULT FLASH_CACHE DEFAULT CELL_FLASH_CACHE DEFAULT)
  TABLESPACE "USERS" ;
--------------------------------------------------------
--  DDL for Table T_MAE_TIPO_FUENTE
--------------------------------------------------------

  CREATE TABLE "T_MAE_TIPO_FUENTE" 
   (	"ID_TIPO_FUENTE" NUMBER(*,0), 
	"DESCRIPCION" VARCHAR2(100 BYTE)
   ) SEGMENT CREATION IMMEDIATE 
  PCTFREE 10 PCTUSED 40 INITRANS 1 MAXTRANS 255 
 NOCOMPRESS LOGGING
  STORAGE(INITIAL 65536 NEXT 1048576 MINEXTENTS 1 MAXEXTENTS 2147483645
  PCTINCREASE 0 FREELISTS 1 FREELIST GROUPS 1
  BUFFER_POOL DEFAULT FLASH_CACHE DEFAULT CELL_FLASH_CACHE DEFAULT)
  TABLESPACE "USERS" ;
--------------------------------------------------------
--  DDL for Table T_MAE_TIPO_OPCION
--------------------------------------------------------

  CREATE TABLE "T_MAE_TIPO_OPCION" 
   (	"ID_TIPO_OPCION" NUMBER, 
	"DES_TIPO_OPCION" VARCHAR2(60 BYTE), 
	"SIGLA" CHAR(3 BYTE)
   ) SEGMENT CREATION IMMEDIATE 
  PCTFREE 10 PCTUSED 40 INITRANS 1 MAXTRANS 255 
 NOCOMPRESS LOGGING
  STORAGE(INITIAL 65536 NEXT 1048576 MINEXTENTS 1 MAXEXTENTS 2147483645
  PCTINCREASE 0 FREELISTS 1 FREELIST GROUPS 1
  BUFFER_POOL DEFAULT FLASH_CACHE DEFAULT CELL_FLASH_CACHE DEFAULT)
  TABLESPACE "USERS" ;
--------------------------------------------------------
--  DDL for Table T_MAE_TIPO_VEHICULO
--------------------------------------------------------

  CREATE TABLE "T_MAE_TIPO_VEHICULO" 
   (	"ID_TIPO_VEHICULO" NUMBER(*,0), 
	"DESCRIPCION" VARCHAR2(100 BYTE)
   ) SEGMENT CREATION IMMEDIATE 
  PCTFREE 10 PCTUSED 40 INITRANS 1 MAXTRANS 255 
 NOCOMPRESS LOGGING
  STORAGE(INITIAL 65536 NEXT 1048576 MINEXTENTS 1 MAXEXTENTS 2147483645
  PCTINCREASE 0 FREELISTS 1 FREELIST GROUPS 1
  BUFFER_POOL DEFAULT FLASH_CACHE DEFAULT CELL_FLASH_CACHE DEFAULT)
  TABLESPACE "USERS" ;
--------------------------------------------------------
--  DDL for Table T_MAE_UBICACION
--------------------------------------------------------

  CREATE TABLE "T_MAE_UBICACION" 
   (	"ID_UBICACION" NUMBER(*,0), 
	"DESCRIPCION" VARCHAR2(20 BYTE), 
	"FLG_ESTADO" CHAR(1 BYTE)
   ) SEGMENT CREATION IMMEDIATE 
  PCTFREE 10 PCTUSED 40 INITRANS 1 MAXTRANS 255 
 NOCOMPRESS LOGGING
  STORAGE(INITIAL 65536 NEXT 1048576 MINEXTENTS 1 MAXEXTENTS 2147483645
  PCTINCREASE 0 FREELISTS 1 FREELIST GROUPS 1
  BUFFER_POOL DEFAULT FLASH_CACHE DEFAULT CELL_FLASH_CACHE DEFAULT)
  TABLESPACE "USERS" ;
--------------------------------------------------------
--  DDL for Table T_MAE_USUARIO_ROL
--------------------------------------------------------

  CREATE TABLE "T_MAE_USUARIO_ROL" 
   (	"ID_USUARIO" NUMBER(*,0), 
	"ID_ROL" NUMBER(*,0), 
	"FLG_ESTADO" CHAR(1 BYTE), 
	"DES_COMENTARIO" VARCHAR2(250 BYTE)
   ) SEGMENT CREATION IMMEDIATE 
  PCTFREE 10 PCTUSED 40 INITRANS 1 MAXTRANS 255 
 NOCOMPRESS LOGGING
  STORAGE(INITIAL 65536 NEXT 1048576 MINEXTENTS 1 MAXEXTENTS 2147483645
  PCTINCREASE 0 FREELISTS 1 FREELIST GROUPS 1
  BUFFER_POOL DEFAULT FLASH_CACHE DEFAULT CELL_FLASH_CACHE DEFAULT)
  TABLESPACE "USERS" ;
REM INSERTING into T_GEND_ARCHIVO
SET DEFINE OFF;
REM INSERTING into T_GEND_DETALLE_INICIATIVA
SET DEFINE OFF;
Insert into T_GEND_DETALLE_INICIATIVA (ID_DETALLE_INICIATIVA,ID_INICIATIVA,ID_REMITENTE,ID_DESTINO,DESC_INICIATIVA,ID_ETAPA,ID_ESTADO,OBSERVACIONES,FECHA_DERIVACION,FECHA_RECEPCION) values ('2','72','1',null,'GUARDAR AVANCE','1','0',null,to_date('11/01/20','DD/MM/RR'),null);
Insert into T_GEND_DETALLE_INICIATIVA (ID_DETALLE_INICIATIVA,ID_INICIATIVA,ID_REMITENTE,ID_DESTINO,DESC_INICIATIVA,ID_ETAPA,ID_ESTADO,OBSERVACIONES,FECHA_DERIVACION,FECHA_RECEPCION) values ('4','74','1',null,'GUARDAR AVANCE','1','0',null,to_date('11/01/20','DD/MM/RR'),null);
Insert into T_GEND_DETALLE_INICIATIVA (ID_DETALLE_INICIATIVA,ID_INICIATIVA,ID_REMITENTE,ID_DESTINO,DESC_INICIATIVA,ID_ETAPA,ID_ESTADO,OBSERVACIONES,FECHA_DERIVACION,FECHA_RECEPCION) values ('33','93','82','81','REGISTRO INICIATIVA','1','1',null,to_date('15/01/20','DD/MM/RR'),null);
Insert into T_GEND_DETALLE_INICIATIVA (ID_DETALLE_INICIATIVA,ID_INICIATIVA,ID_REMITENTE,ID_DESTINO,DESC_INICIATIVA,ID_ETAPA,ID_ESTADO,OBSERVACIONES,FECHA_DERIVACION,FECHA_RECEPCION) values ('81','126','83','81','REGISTRO INICIATIVA','1','1',null,to_date('20/01/20','DD/MM/RR'),null);
Insert into T_GEND_DETALLE_INICIATIVA (ID_DETALLE_INICIATIVA,ID_INICIATIVA,ID_REMITENTE,ID_DESTINO,DESC_INICIATIVA,ID_ETAPA,ID_ESTADO,OBSERVACIONES,FECHA_DERIVACION,FECHA_RECEPCION) values ('82','127','83','81','REGISTRO INICIATIVA','1','1',null,to_date('20/01/20','DD/MM/RR'),null);
Insert into T_GEND_DETALLE_INICIATIVA (ID_DETALLE_INICIATIVA,ID_INICIATIVA,ID_REMITENTE,ID_DESTINO,DESC_INICIATIVA,ID_ETAPA,ID_ESTADO,OBSERVACIONES,FECHA_DERIVACION,FECHA_RECEPCION) values ('3','73','1',null,'GUARDAR AVANCE','1','0',null,to_date('11/01/20','DD/MM/RR'),null);
Insert into T_GEND_DETALLE_INICIATIVA (ID_DETALLE_INICIATIVA,ID_INICIATIVA,ID_REMITENTE,ID_DESTINO,DESC_INICIATIVA,ID_ETAPA,ID_ESTADO,OBSERVACIONES,FECHA_DERIVACION,FECHA_RECEPCION) values ('9','46','81',null,null,'2','3',null,to_date('11/01/20','DD/MM/RR'),null);
Insert into T_GEND_DETALLE_INICIATIVA (ID_DETALLE_INICIATIVA,ID_INICIATIVA,ID_REMITENTE,ID_DESTINO,DESC_INICIATIVA,ID_ETAPA,ID_ESTADO,OBSERVACIONES,FECHA_DERIVACION,FECHA_RECEPCION) values ('13','79','82','81','REGISTRO INICIATIVA','1','1',null,to_date('13/01/20','DD/MM/RR'),null);
Insert into T_GEND_DETALLE_INICIATIVA (ID_DETALLE_INICIATIVA,ID_INICIATIVA,ID_REMITENTE,ID_DESTINO,DESC_INICIATIVA,ID_ETAPA,ID_ESTADO,OBSERVACIONES,FECHA_DERIVACION,FECHA_RECEPCION) values ('16','81','81',null,null,'2','3',null,to_date('13/01/20','DD/MM/RR'),null);
Insert into T_GEND_DETALLE_INICIATIVA (ID_DETALLE_INICIATIVA,ID_INICIATIVA,ID_REMITENTE,ID_DESTINO,DESC_INICIATIVA,ID_ETAPA,ID_ESTADO,OBSERVACIONES,FECHA_DERIVACION,FECHA_RECEPCION) values ('22','83','82','81','REGISTRO INICIATIVA','1','1',null,to_date('13/01/20','DD/MM/RR'),null);
Insert into T_GEND_DETALLE_INICIATIVA (ID_DETALLE_INICIATIVA,ID_INICIATIVA,ID_REMITENTE,ID_DESTINO,DESC_INICIATIVA,ID_ETAPA,ID_ESTADO,OBSERVACIONES,FECHA_DERIVACION,FECHA_RECEPCION) values ('23','83','81',null,null,'2','3',null,to_date('13/01/20','DD/MM/RR'),null);
Insert into T_GEND_DETALLE_INICIATIVA (ID_DETALLE_INICIATIVA,ID_INICIATIVA,ID_REMITENTE,ID_DESTINO,DESC_INICIATIVA,ID_ETAPA,ID_ESTADO,OBSERVACIONES,FECHA_DERIVACION,FECHA_RECEPCION) values ('28','88','81','81','REGISTRO INICIATIVA','1','1',null,to_date('14/01/20','DD/MM/RR'),null);
Insert into T_GEND_DETALLE_INICIATIVA (ID_DETALLE_INICIATIVA,ID_INICIATIVA,ID_REMITENTE,ID_DESTINO,DESC_INICIATIVA,ID_ETAPA,ID_ESTADO,OBSERVACIONES,FECHA_DERIVACION,FECHA_RECEPCION) values ('31','91','82','81','REGISTRO INICIATIVA','1','1',null,to_date('14/01/20','DD/MM/RR'),null);
Insert into T_GEND_DETALLE_INICIATIVA (ID_DETALLE_INICIATIVA,ID_INICIATIVA,ID_REMITENTE,ID_DESTINO,DESC_INICIATIVA,ID_ETAPA,ID_ESTADO,OBSERVACIONES,FECHA_DERIVACION,FECHA_RECEPCION) values ('37','2','81',null,null,'2','3',null,to_date('16/01/20','DD/MM/RR'),null);
Insert into T_GEND_DETALLE_INICIATIVA (ID_DETALLE_INICIATIVA,ID_INICIATIVA,ID_REMITENTE,ID_DESTINO,DESC_INICIATIVA,ID_ETAPA,ID_ESTADO,OBSERVACIONES,FECHA_DERIVACION,FECHA_RECEPCION) values ('61','102','1',null,null,'3','1',null,to_date('18/01/20','DD/MM/RR'),null);
Insert into T_GEND_DETALLE_INICIATIVA (ID_DETALLE_INICIATIVA,ID_INICIATIVA,ID_REMITENTE,ID_DESTINO,DESC_INICIATIVA,ID_ETAPA,ID_ESTADO,OBSERVACIONES,FECHA_DERIVACION,FECHA_RECEPCION) values ('62','102','81',null,null,'4','3',null,to_date('18/01/20','DD/MM/RR'),null);
Insert into T_GEND_DETALLE_INICIATIVA (ID_DETALLE_INICIATIVA,ID_INICIATIVA,ID_REMITENTE,ID_DESTINO,DESC_INICIATIVA,ID_ETAPA,ID_ESTADO,OBSERVACIONES,FECHA_DERIVACION,FECHA_RECEPCION) values ('68','124','81',null,null,'2','3',null,to_date('18/01/20','DD/MM/RR'),null);
Insert into T_GEND_DETALLE_INICIATIVA (ID_DETALLE_INICIATIVA,ID_INICIATIVA,ID_REMITENTE,ID_DESTINO,DESC_INICIATIVA,ID_ETAPA,ID_ESTADO,OBSERVACIONES,FECHA_DERIVACION,FECHA_RECEPCION) values ('69','124','81',null,null,'2','3',null,to_date('18/01/20','DD/MM/RR'),null);
Insert into T_GEND_DETALLE_INICIATIVA (ID_DETALLE_INICIATIVA,ID_INICIATIVA,ID_REMITENTE,ID_DESTINO,DESC_INICIATIVA,ID_ETAPA,ID_ESTADO,OBSERVACIONES,FECHA_DERIVACION,FECHA_RECEPCION) values ('24','84','82','81','REGISTRO INICIATIVA','1','1',null,to_date('13/01/20','DD/MM/RR'),null);
Insert into T_GEND_DETALLE_INICIATIVA (ID_DETALLE_INICIATIVA,ID_INICIATIVA,ID_REMITENTE,ID_DESTINO,DESC_INICIATIVA,ID_ETAPA,ID_ESTADO,OBSERVACIONES,FECHA_DERIVACION,FECHA_RECEPCION) values ('32','92','81','81','REGISTRO INICIATIVA','1','1',null,to_date('14/01/20','DD/MM/RR'),null);
Insert into T_GEND_DETALLE_INICIATIVA (ID_DETALLE_INICIATIVA,ID_INICIATIVA,ID_REMITENTE,ID_DESTINO,DESC_INICIATIVA,ID_ETAPA,ID_ESTADO,OBSERVACIONES,FECHA_DERIVACION,FECHA_RECEPCION) values ('34','94','1',null,'GUARDAR AVANCE','1','0',null,to_date('16/01/20','DD/MM/RR'),null);
Insert into T_GEND_DETALLE_INICIATIVA (ID_DETALLE_INICIATIVA,ID_INICIATIVA,ID_REMITENTE,ID_DESTINO,DESC_INICIATIVA,ID_ETAPA,ID_ESTADO,OBSERVACIONES,FECHA_DERIVACION,FECHA_RECEPCION) values ('35','95','1','81','REGISTRO INICIATIVA','1','1',null,to_date('16/01/20','DD/MM/RR'),null);
Insert into T_GEND_DETALLE_INICIATIVA (ID_DETALLE_INICIATIVA,ID_INICIATIVA,ID_REMITENTE,ID_DESTINO,DESC_INICIATIVA,ID_ETAPA,ID_ESTADO,OBSERVACIONES,FECHA_DERIVACION,FECHA_RECEPCION) values ('5','75','81',null,'GUARDAR AVANCE','1','0',null,to_date('11/01/20','DD/MM/RR'),null);
Insert into T_GEND_DETALLE_INICIATIVA (ID_DETALLE_INICIATIVA,ID_INICIATIVA,ID_REMITENTE,ID_DESTINO,DESC_INICIATIVA,ID_ETAPA,ID_ESTADO,OBSERVACIONES,FECHA_DERIVACION,FECHA_RECEPCION) values ('10','43','81',null,null,'2','3',null,to_date('11/01/20','DD/MM/RR'),null);
Insert into T_GEND_DETALLE_INICIATIVA (ID_DETALLE_INICIATIVA,ID_INICIATIVA,ID_REMITENTE,ID_DESTINO,DESC_INICIATIVA,ID_ETAPA,ID_ESTADO,OBSERVACIONES,FECHA_DERIVACION,FECHA_RECEPCION) values ('11','36','81',null,null,'2','3',null,to_date('11/01/20','DD/MM/RR'),null);
Insert into T_GEND_DETALLE_INICIATIVA (ID_DETALLE_INICIATIVA,ID_INICIATIVA,ID_REMITENTE,ID_DESTINO,DESC_INICIATIVA,ID_ETAPA,ID_ESTADO,OBSERVACIONES,FECHA_DERIVACION,FECHA_RECEPCION) values ('12','45','81',null,null,'2','3',null,to_date('13/01/20','DD/MM/RR'),null);
Insert into T_GEND_DETALLE_INICIATIVA (ID_DETALLE_INICIATIVA,ID_INICIATIVA,ID_REMITENTE,ID_DESTINO,DESC_INICIATIVA,ID_ETAPA,ID_ESTADO,OBSERVACIONES,FECHA_DERIVACION,FECHA_RECEPCION) values ('15','81','84','81','REGISTRO INICIATIVA','1','1',null,to_date('13/01/20','DD/MM/RR'),null);
Insert into T_GEND_DETALLE_INICIATIVA (ID_DETALLE_INICIATIVA,ID_INICIATIVA,ID_REMITENTE,ID_DESTINO,DESC_INICIATIVA,ID_ETAPA,ID_ESTADO,OBSERVACIONES,FECHA_DERIVACION,FECHA_RECEPCION) values ('17','80','81',null,null,'2','3',null,to_date('13/01/20','DD/MM/RR'),null);
Insert into T_GEND_DETALLE_INICIATIVA (ID_DETALLE_INICIATIVA,ID_INICIATIVA,ID_REMITENTE,ID_DESTINO,DESC_INICIATIVA,ID_ETAPA,ID_ESTADO,OBSERVACIONES,FECHA_DERIVACION,FECHA_RECEPCION) values ('18','79','81',null,null,'1','2',null,to_date('13/01/20','DD/MM/RR'),null);
Insert into T_GEND_DETALLE_INICIATIVA (ID_DETALLE_INICIATIVA,ID_INICIATIVA,ID_REMITENTE,ID_DESTINO,DESC_INICIATIVA,ID_ETAPA,ID_ESTADO,OBSERVACIONES,FECHA_DERIVACION,FECHA_RECEPCION) values ('19','82','82','81','REGISTRO INICIATIVA','1','1',null,to_date('13/01/20','DD/MM/RR'),null);
Insert into T_GEND_DETALLE_INICIATIVA (ID_DETALLE_INICIATIVA,ID_INICIATIVA,ID_REMITENTE,ID_DESTINO,DESC_INICIATIVA,ID_ETAPA,ID_ESTADO,OBSERVACIONES,FECHA_DERIVACION,FECHA_RECEPCION) values ('36','95','81',null,null,'1','2',null,to_date('16/01/20','DD/MM/RR'),null);
Insert into T_GEND_DETALLE_INICIATIVA (ID_DETALLE_INICIATIVA,ID_INICIATIVA,ID_REMITENTE,ID_DESTINO,DESC_INICIATIVA,ID_ETAPA,ID_ESTADO,OBSERVACIONES,FECHA_DERIVACION,FECHA_RECEPCION) values ('38','101','1','81','REGISTRO INICIATIVA','1','1',null,to_date('17/01/20','DD/MM/RR'),null);
Insert into T_GEND_DETALLE_INICIATIVA (ID_DETALLE_INICIATIVA,ID_INICIATIVA,ID_REMITENTE,ID_DESTINO,DESC_INICIATIVA,ID_ETAPA,ID_ESTADO,OBSERVACIONES,FECHA_DERIVACION,FECHA_RECEPCION) values ('39','101','81',null,null,'1','2',null,to_date('17/01/20','DD/MM/RR'),null);
Insert into T_GEND_DETALLE_INICIATIVA (ID_DETALLE_INICIATIVA,ID_INICIATIVA,ID_REMITENTE,ID_DESTINO,DESC_INICIATIVA,ID_ETAPA,ID_ESTADO,OBSERVACIONES,FECHA_DERIVACION,FECHA_RECEPCION) values ('40','102','1','81','REGISTRO INICIATIVA','1','1',null,to_date('17/01/20','DD/MM/RR'),null);
Insert into T_GEND_DETALLE_INICIATIVA (ID_DETALLE_INICIATIVA,ID_INICIATIVA,ID_REMITENTE,ID_DESTINO,DESC_INICIATIVA,ID_ETAPA,ID_ESTADO,OBSERVACIONES,FECHA_DERIVACION,FECHA_RECEPCION) values ('41','102','81',null,null,'2','3',null,to_date('17/01/20','DD/MM/RR'),null);
Insert into T_GEND_DETALLE_INICIATIVA (ID_DETALLE_INICIATIVA,ID_INICIATIVA,ID_REMITENTE,ID_DESTINO,DESC_INICIATIVA,ID_ETAPA,ID_ESTADO,OBSERVACIONES,FECHA_DERIVACION,FECHA_RECEPCION) values ('63','121','123','81','REGISTRO INICIATIVA','1','1',null,to_date('18/01/20','DD/MM/RR'),null);
Insert into T_GEND_DETALLE_INICIATIVA (ID_DETALLE_INICIATIVA,ID_INICIATIVA,ID_REMITENTE,ID_DESTINO,DESC_INICIATIVA,ID_ETAPA,ID_ESTADO,OBSERVACIONES,FECHA_DERIVACION,FECHA_RECEPCION) values ('64','122','123','81','REGISTRO INICIATIVA','1','1',null,to_date('18/01/20','DD/MM/RR'),null);
Insert into T_GEND_DETALLE_INICIATIVA (ID_DETALLE_INICIATIVA,ID_INICIATIVA,ID_REMITENTE,ID_DESTINO,DESC_INICIATIVA,ID_ETAPA,ID_ESTADO,OBSERVACIONES,FECHA_DERIVACION,FECHA_RECEPCION) values ('65','123','123','81','REGISTRO INICIATIVA','1','1',null,to_date('18/01/20','DD/MM/RR'),null);
Insert into T_GEND_DETALLE_INICIATIVA (ID_DETALLE_INICIATIVA,ID_INICIATIVA,ID_REMITENTE,ID_DESTINO,DESC_INICIATIVA,ID_ETAPA,ID_ESTADO,OBSERVACIONES,FECHA_DERIVACION,FECHA_RECEPCION) values ('66','124','123','81','REGISTRO INICIATIVA','1','1',null,to_date('18/01/20','DD/MM/RR'),null);
Insert into T_GEND_DETALLE_INICIATIVA (ID_DETALLE_INICIATIVA,ID_INICIATIVA,ID_REMITENTE,ID_DESTINO,DESC_INICIATIVA,ID_ETAPA,ID_ESTADO,OBSERVACIONES,FECHA_DERIVACION,FECHA_RECEPCION) values ('67','125','123','81','REGISTRO INICIATIVA','1','1',null,to_date('18/01/20','DD/MM/RR'),null);
Insert into T_GEND_DETALLE_INICIATIVA (ID_DETALLE_INICIATIVA,ID_INICIATIVA,ID_REMITENTE,ID_DESTINO,DESC_INICIATIVA,ID_ETAPA,ID_ESTADO,OBSERVACIONES,FECHA_DERIVACION,FECHA_RECEPCION) values ('1','71','1',null,'GUARDAR AVANCE','1','0',null,to_date('11/01/20','DD/MM/RR'),null);
Insert into T_GEND_DETALLE_INICIATIVA (ID_DETALLE_INICIATIVA,ID_INICIATIVA,ID_REMITENTE,ID_DESTINO,DESC_INICIATIVA,ID_ETAPA,ID_ESTADO,OBSERVACIONES,FECHA_DERIVACION,FECHA_RECEPCION) values ('6','76','81',null,'GUARDAR AVANCE','1','0',null,to_date('11/01/20','DD/MM/RR'),null);
Insert into T_GEND_DETALLE_INICIATIVA (ID_DETALLE_INICIATIVA,ID_INICIATIVA,ID_REMITENTE,ID_DESTINO,DESC_INICIATIVA,ID_ETAPA,ID_ESTADO,OBSERVACIONES,FECHA_DERIVACION,FECHA_RECEPCION) values ('7','77','81',null,'GUARDAR AVANCE','1','0',null,to_date('11/01/20','DD/MM/RR'),null);
Insert into T_GEND_DETALLE_INICIATIVA (ID_DETALLE_INICIATIVA,ID_INICIATIVA,ID_REMITENTE,ID_DESTINO,DESC_INICIATIVA,ID_ETAPA,ID_ESTADO,OBSERVACIONES,FECHA_DERIVACION,FECHA_RECEPCION) values ('8','78','81',null,'GUARDAR AVANCE','1','0',null,to_date('11/01/20','DD/MM/RR'),null);
Insert into T_GEND_DETALLE_INICIATIVA (ID_DETALLE_INICIATIVA,ID_INICIATIVA,ID_REMITENTE,ID_DESTINO,DESC_INICIATIVA,ID_ETAPA,ID_ESTADO,OBSERVACIONES,FECHA_DERIVACION,FECHA_RECEPCION) values ('14','80','84','81','REGISTRO INICIATIVA','1','1',null,to_date('13/01/20','DD/MM/RR'),null);
Insert into T_GEND_DETALLE_INICIATIVA (ID_DETALLE_INICIATIVA,ID_INICIATIVA,ID_REMITENTE,ID_DESTINO,DESC_INICIATIVA,ID_ETAPA,ID_ESTADO,OBSERVACIONES,FECHA_DERIVACION,FECHA_RECEPCION) values ('20','82','81',null,null,'1','2',null,to_date('13/01/20','DD/MM/RR'),null);
Insert into T_GEND_DETALLE_INICIATIVA (ID_DETALLE_INICIATIVA,ID_INICIATIVA,ID_REMITENTE,ID_DESTINO,DESC_INICIATIVA,ID_ETAPA,ID_ESTADO,OBSERVACIONES,FECHA_DERIVACION,FECHA_RECEPCION) values ('21','82','81',null,null,'2','3',null,to_date('13/01/20','DD/MM/RR'),null);
Insert into T_GEND_DETALLE_INICIATIVA (ID_DETALLE_INICIATIVA,ID_INICIATIVA,ID_REMITENTE,ID_DESTINO,DESC_INICIATIVA,ID_ETAPA,ID_ESTADO,OBSERVACIONES,FECHA_DERIVACION,FECHA_RECEPCION) values ('25','85','82','81','REGISTRO INICIATIVA','1','1',null,to_date('13/01/20','DD/MM/RR'),null);
Insert into T_GEND_DETALLE_INICIATIVA (ID_DETALLE_INICIATIVA,ID_INICIATIVA,ID_REMITENTE,ID_DESTINO,DESC_INICIATIVA,ID_ETAPA,ID_ESTADO,OBSERVACIONES,FECHA_DERIVACION,FECHA_RECEPCION) values ('26','86','83','81','REGISTRO INICIATIVA','1','1',null,to_date('13/01/20','DD/MM/RR'),null);
Insert into T_GEND_DETALLE_INICIATIVA (ID_DETALLE_INICIATIVA,ID_INICIATIVA,ID_REMITENTE,ID_DESTINO,DESC_INICIATIVA,ID_ETAPA,ID_ESTADO,OBSERVACIONES,FECHA_DERIVACION,FECHA_RECEPCION) values ('27','87','82','81','REGISTRO INICIATIVA','1','1',null,to_date('14/01/20','DD/MM/RR'),null);
Insert into T_GEND_DETALLE_INICIATIVA (ID_DETALLE_INICIATIVA,ID_INICIATIVA,ID_REMITENTE,ID_DESTINO,DESC_INICIATIVA,ID_ETAPA,ID_ESTADO,OBSERVACIONES,FECHA_DERIVACION,FECHA_RECEPCION) values ('29','89','82','81','REGISTRO INICIATIVA','1','1',null,to_date('14/01/20','DD/MM/RR'),null);
Insert into T_GEND_DETALLE_INICIATIVA (ID_DETALLE_INICIATIVA,ID_INICIATIVA,ID_REMITENTE,ID_DESTINO,DESC_INICIATIVA,ID_ETAPA,ID_ESTADO,OBSERVACIONES,FECHA_DERIVACION,FECHA_RECEPCION) values ('30','90','81','81','REGISTRO INICIATIVA','1','1',null,to_date('14/01/20','DD/MM/RR'),null);
Insert into T_GEND_DETALLE_INICIATIVA (ID_DETALLE_INICIATIVA,ID_INICIATIVA,ID_REMITENTE,ID_DESTINO,DESC_INICIATIVA,ID_ETAPA,ID_ESTADO,OBSERVACIONES,FECHA_DERIVACION,FECHA_RECEPCION) values ('70','124','123',null,null,'3','1',null,to_date('18/01/20','DD/MM/RR'),null);
Insert into T_GEND_DETALLE_INICIATIVA (ID_DETALLE_INICIATIVA,ID_INICIATIVA,ID_REMITENTE,ID_DESTINO,DESC_INICIATIVA,ID_ETAPA,ID_ESTADO,OBSERVACIONES,FECHA_DERIVACION,FECHA_RECEPCION) values ('71','124','81',null,null,'4','3',null,to_date('18/01/20','DD/MM/RR'),null);
REM INSERTING into T_GEND_ENFOQUE_FACTOR
SET DEFINE OFF;
Insert into T_GEND_ENFOQUE_FACTOR (ID_ENFOQUE_FACTOR,ID_ENFOQUE,ID_FACTOR,FLAG_ESTADO,ORDEN) values ('1','1','1','1',null);
Insert into T_GEND_ENFOQUE_FACTOR (ID_ENFOQUE_FACTOR,ID_ENFOQUE,ID_FACTOR,FLAG_ESTADO,ORDEN) values ('2','2','2','1',null);
Insert into T_GEND_ENFOQUE_FACTOR (ID_ENFOQUE_FACTOR,ID_ENFOQUE,ID_FACTOR,FLAG_ESTADO,ORDEN) values ('3','2','3','1',null);
REM INSERTING into T_GEND_ENFOQUE_VARIABLE
SET DEFINE OFF;
Insert into T_GEND_ENFOQUE_VARIABLE (ID_ENFOQUE_VARIABLE,ID_ENFOQUE,ID_VARIABLE,FLAG_ESTADO,ORDEN) values ('1','1','1','1','3');
Insert into T_GEND_ENFOQUE_VARIABLE (ID_ENFOQUE_VARIABLE,ID_ENFOQUE,ID_VARIABLE,FLAG_ESTADO,ORDEN) values ('2','1','2','1','4');
Insert into T_GEND_ENFOQUE_VARIABLE (ID_ENFOQUE_VARIABLE,ID_ENFOQUE,ID_VARIABLE,FLAG_ESTADO,ORDEN) values ('3','2','3','1','3');
REM INSERTING into T_GEND_ENFOQUE_VARIANTE
SET DEFINE OFF;
Insert into T_GEND_ENFOQUE_VARIANTE (ID_ENFOQUE_VARIANTE,ID_ENFOQUE,ID_VARIANTE,FLAG_ESTADO,ORDEN) values ('1','1','1','1','1');
Insert into T_GEND_ENFOQUE_VARIANTE (ID_ENFOQUE_VARIANTE,ID_ENFOQUE,ID_VARIANTE,FLAG_ESTADO,ORDEN) values ('2','1','2','1','2');
Insert into T_GEND_ENFOQUE_VARIANTE (ID_ENFOQUE_VARIANTE,ID_ENFOQUE,ID_VARIANTE,FLAG_ESTADO,ORDEN) values ('3','1','3','1','5');
Insert into T_GEND_ENFOQUE_VARIANTE (ID_ENFOQUE_VARIANTE,ID_ENFOQUE,ID_VARIANTE,FLAG_ESTADO,ORDEN) values ('4','2','1','1','1');
Insert into T_GEND_ENFOQUE_VARIANTE (ID_ENFOQUE_VARIANTE,ID_ENFOQUE,ID_VARIANTE,FLAG_ESTADO,ORDEN) values ('5','2','2','1','2');
Insert into T_GEND_ENFOQUE_VARIANTE (ID_ENFOQUE_VARIANTE,ID_ENFOQUE,ID_VARIANTE,FLAG_ESTADO,ORDEN) values ('6','2','3','1','5');
REM INSERTING into T_GEND_FACTOR_VALOR
SET DEFINE OFF;
REM INSERTING into T_GEND_INDICADOR
SET DEFINE OFF;
REM INSERTING into T_GEND_INDICADOR_ENFOQUE
SET DEFINE OFF;
Insert into T_GEND_INDICADOR_ENFOQUE (ID_INDICADOR_ENFOQUE,ID_INDICADOR,ID_ENFOQUE,FLAG_ESTADO) values ('1','1','1','1');
Insert into T_GEND_INDICADOR_ENFOQUE (ID_INDICADOR_ENFOQUE,ID_INDICADOR,ID_ENFOQUE,FLAG_ESTADO) values ('2','1','2','0');
REM INSERTING into T_GEND_INICIATIVA_ARCHIVO
SET DEFINE OFF;
REM INSERTING into T_GEND_INICIATIVA_COMP
SET DEFINE OFF;
REM INSERTING into T_GEND_INICIATIVA_ENERG
SET DEFINE OFF;
Insert into T_GEND_INICIATIVA_ENERG (ID_INICIATIVA_ENERG,ID_INICIATIVA,ID_ENERG,FLAG_ESTADO) values ('1','4','1','0');
Insert into T_GEND_INICIATIVA_ENERG (ID_INICIATIVA_ENERG,ID_INICIATIVA,ID_ENERG,FLAG_ESTADO) values ('23','36','1','1');
Insert into T_GEND_INICIATIVA_ENERG (ID_INICIATIVA_ENERG,ID_INICIATIVA,ID_ENERG,FLAG_ESTADO) values ('24','36','2','0');
Insert into T_GEND_INICIATIVA_ENERG (ID_INICIATIVA_ENERG,ID_INICIATIVA,ID_ENERG,FLAG_ESTADO) values ('26','38','2','0');
Insert into T_GEND_INICIATIVA_ENERG (ID_INICIATIVA_ENERG,ID_INICIATIVA,ID_ENERG,FLAG_ESTADO) values ('32','44','1','0');
Insert into T_GEND_INICIATIVA_ENERG (ID_INICIATIVA_ENERG,ID_INICIATIVA,ID_ENERG,FLAG_ESTADO) values ('62','72','1','1');
Insert into T_GEND_INICIATIVA_ENERG (ID_INICIATIVA_ENERG,ID_INICIATIVA,ID_ENERG,FLAG_ESTADO) values ('81','93','1','1');
Insert into T_GEND_INICIATIVA_ENERG (ID_INICIATIVA_ENERG,ID_INICIATIVA,ID_ENERG,FLAG_ESTADO) values ('126','126','2','1');
Insert into T_GEND_INICIATIVA_ENERG (ID_INICIATIVA_ENERG,ID_INICIATIVA,ID_ENERG,FLAG_ESTADO) values ('127','127','2','1');
Insert into T_GEND_INICIATIVA_ENERG (ID_INICIATIVA_ENERG,ID_INICIATIVA,ID_ENERG,FLAG_ESTADO) values ('2','4','2','0');
Insert into T_GEND_INICIATIVA_ENERG (ID_INICIATIVA_ENERG,ID_INICIATIVA,ID_ENERG,FLAG_ESTADO) values ('28','40','1','1');
Insert into T_GEND_INICIATIVA_ENERG (ID_INICIATIVA_ENERG,ID_INICIATIVA,ID_ENERG,FLAG_ESTADO) values ('29','41','1','1');
Insert into T_GEND_INICIATIVA_ENERG (ID_INICIATIVA_ENERG,ID_INICIATIVA,ID_ENERG,FLAG_ESTADO) values ('31','43','1','1');
Insert into T_GEND_INICIATIVA_ENERG (ID_INICIATIVA_ENERG,ID_INICIATIVA,ID_ENERG,FLAG_ESTADO) values ('33','45','1','1');
Insert into T_GEND_INICIATIVA_ENERG (ID_INICIATIVA_ENERG,ID_INICIATIVA,ID_ENERG,FLAG_ESTADO) values ('38','54','2','1');
Insert into T_GEND_INICIATIVA_ENERG (ID_INICIATIVA_ENERG,ID_INICIATIVA,ID_ENERG,FLAG_ESTADO) values ('61','70','1','1');
Insert into T_GEND_INICIATIVA_ENERG (ID_INICIATIVA_ENERG,ID_INICIATIVA,ID_ENERG,FLAG_ESTADO) values ('67','83','1','1');
Insert into T_GEND_INICIATIVA_ENERG (ID_INICIATIVA_ENERG,ID_INICIATIVA,ID_ENERG,FLAG_ESTADO) values ('73','88','1','1');
Insert into T_GEND_INICIATIVA_ENERG (ID_INICIATIVA_ENERG,ID_INICIATIVA,ID_ENERG,FLAG_ESTADO) values ('74','88','2','1');
Insert into T_GEND_INICIATIVA_ENERG (ID_INICIATIVA_ENERG,ID_INICIATIVA,ID_ENERG,FLAG_ESTADO) values ('79','91','1','1');
Insert into T_GEND_INICIATIVA_ENERG (ID_INICIATIVA_ENERG,ID_INICIATIVA,ID_ENERG,FLAG_ESTADO) values ('3','8','2','1');
Insert into T_GEND_INICIATIVA_ENERG (ID_INICIATIVA_ENERG,ID_INICIATIVA,ID_ENERG,FLAG_ESTADO) values ('25','37','2','0');
Insert into T_GEND_INICIATIVA_ENERG (ID_INICIATIVA_ENERG,ID_INICIATIVA,ID_ENERG,FLAG_ESTADO) values ('27','39','1','1');
Insert into T_GEND_INICIATIVA_ENERG (ID_INICIATIVA_ENERG,ID_INICIATIVA,ID_ENERG,FLAG_ESTADO) values ('41','63','1','1');
Insert into T_GEND_INICIATIVA_ENERG (ID_INICIATIVA_ENERG,ID_INICIATIVA,ID_ENERG,FLAG_ESTADO) values ('68','84','2','1');
Insert into T_GEND_INICIATIVA_ENERG (ID_INICIATIVA_ENERG,ID_INICIATIVA,ID_ENERG,FLAG_ESTADO) values ('80','92','1','1');
Insert into T_GEND_INICIATIVA_ENERG (ID_INICIATIVA_ENERG,ID_INICIATIVA,ID_ENERG,FLAG_ESTADO) values ('82','95','1','1');
Insert into T_GEND_INICIATIVA_ENERG (ID_INICIATIVA_ENERG,ID_INICIATIVA,ID_ENERG,FLAG_ESTADO) values ('5','10','2','1');
Insert into T_GEND_INICIATIVA_ENERG (ID_INICIATIVA_ENERG,ID_INICIATIVA,ID_ENERG,FLAG_ESTADO) values ('30','42','1','1');
Insert into T_GEND_INICIATIVA_ENERG (ID_INICIATIVA_ENERG,ID_INICIATIVA,ID_ENERG,FLAG_ESTADO) values ('34','46','1','1');
Insert into T_GEND_INICIATIVA_ENERG (ID_INICIATIVA_ENERG,ID_INICIATIVA,ID_ENERG,FLAG_ESTADO) values ('35','47','1','1');
Insert into T_GEND_INICIATIVA_ENERG (ID_INICIATIVA_ENERG,ID_INICIATIVA,ID_ENERG,FLAG_ESTADO) values ('64','81','1','1');
Insert into T_GEND_INICIATIVA_ENERG (ID_INICIATIVA_ENERG,ID_INICIATIVA,ID_ENERG,FLAG_ESTADO) values ('65','79','1','1');
Insert into T_GEND_INICIATIVA_ENERG (ID_INICIATIVA_ENERG,ID_INICIATIVA,ID_ENERG,FLAG_ESTADO) values ('66','82','1','1');
Insert into T_GEND_INICIATIVA_ENERG (ID_INICIATIVA_ENERG,ID_INICIATIVA,ID_ENERG,FLAG_ESTADO) values ('101','101','2','1');
Insert into T_GEND_INICIATIVA_ENERG (ID_INICIATIVA_ENERG,ID_INICIATIVA,ID_ENERG,FLAG_ESTADO) values ('102','102','1','1');
Insert into T_GEND_INICIATIVA_ENERG (ID_INICIATIVA_ENERG,ID_INICIATIVA,ID_ENERG,FLAG_ESTADO) values ('121','121','2','1');
Insert into T_GEND_INICIATIVA_ENERG (ID_INICIATIVA_ENERG,ID_INICIATIVA,ID_ENERG,FLAG_ESTADO) values ('122','122','2','1');
Insert into T_GEND_INICIATIVA_ENERG (ID_INICIATIVA_ENERG,ID_INICIATIVA,ID_ENERG,FLAG_ESTADO) values ('123','123','2','1');
Insert into T_GEND_INICIATIVA_ENERG (ID_INICIATIVA_ENERG,ID_INICIATIVA,ID_ENERG,FLAG_ESTADO) values ('124','124','2','1');
Insert into T_GEND_INICIATIVA_ENERG (ID_INICIATIVA_ENERG,ID_INICIATIVA,ID_ENERG,FLAG_ESTADO) values ('125','125','2','1');
Insert into T_GEND_INICIATIVA_ENERG (ID_INICIATIVA_ENERG,ID_INICIATIVA,ID_ENERG,FLAG_ESTADO) values ('4','9','1','1');
Insert into T_GEND_INICIATIVA_ENERG (ID_INICIATIVA_ENERG,ID_INICIATIVA,ID_ENERG,FLAG_ESTADO) values ('21','21','1','1');
Insert into T_GEND_INICIATIVA_ENERG (ID_INICIATIVA_ENERG,ID_INICIATIVA,ID_ENERG,FLAG_ESTADO) values ('22','35','1','1');
Insert into T_GEND_INICIATIVA_ENERG (ID_INICIATIVA_ENERG,ID_INICIATIVA,ID_ENERG,FLAG_ESTADO) values ('36','48','1','1');
Insert into T_GEND_INICIATIVA_ENERG (ID_INICIATIVA_ENERG,ID_INICIATIVA,ID_ENERG,FLAG_ESTADO) values ('37','48','2','0');
Insert into T_GEND_INICIATIVA_ENERG (ID_INICIATIVA_ENERG,ID_INICIATIVA,ID_ENERG,FLAG_ESTADO) values ('63','80','1','1');
Insert into T_GEND_INICIATIVA_ENERG (ID_INICIATIVA_ENERG,ID_INICIATIVA,ID_ENERG,FLAG_ESTADO) values ('69','85','1','1');
Insert into T_GEND_INICIATIVA_ENERG (ID_INICIATIVA_ENERG,ID_INICIATIVA,ID_ENERG,FLAG_ESTADO) values ('70','86','1','1');
Insert into T_GEND_INICIATIVA_ENERG (ID_INICIATIVA_ENERG,ID_INICIATIVA,ID_ENERG,FLAG_ESTADO) values ('71','87','1','1');
Insert into T_GEND_INICIATIVA_ENERG (ID_INICIATIVA_ENERG,ID_INICIATIVA,ID_ENERG,FLAG_ESTADO) values ('72','87','2','1');
Insert into T_GEND_INICIATIVA_ENERG (ID_INICIATIVA_ENERG,ID_INICIATIVA,ID_ENERG,FLAG_ESTADO) values ('75','89','1','1');
Insert into T_GEND_INICIATIVA_ENERG (ID_INICIATIVA_ENERG,ID_INICIATIVA,ID_ENERG,FLAG_ESTADO) values ('76','89','2','1');
Insert into T_GEND_INICIATIVA_ENERG (ID_INICIATIVA_ENERG,ID_INICIATIVA,ID_ENERG,FLAG_ESTADO) values ('77','90','1','1');
Insert into T_GEND_INICIATIVA_ENERG (ID_INICIATIVA_ENERG,ID_INICIATIVA,ID_ENERG,FLAG_ESTADO) values ('78','90','2','1');
REM INSERTING into T_GEND_INICIATIVA_GEI
SET DEFINE OFF;
Insert into T_GEND_INICIATIVA_GEI (ID_INICIATIVA_GEI,ID_INICIATIVA,ID_GEI,FLAG_ESTADO) values ('24','36','1','1');
Insert into T_GEND_INICIATIVA_GEI (ID_INICIATIVA_GEI,ID_INICIATIVA,ID_GEI,FLAG_ESTADO) values ('26','38','1','1');
Insert into T_GEND_INICIATIVA_GEI (ID_INICIATIVA_GEI,ID_INICIATIVA,ID_GEI,FLAG_ESTADO) values ('66','72','1','1');
Insert into T_GEND_INICIATIVA_GEI (ID_INICIATIVA_GEI,ID_INICIATIVA,ID_GEI,FLAG_ESTADO) values ('67','72','2','1');
Insert into T_GEND_INICIATIVA_GEI (ID_INICIATIVA_GEI,ID_INICIATIVA,ID_GEI,FLAG_ESTADO) values ('113','93','1','1');
Insert into T_GEND_INICIATIVA_GEI (ID_INICIATIVA_GEI,ID_INICIATIVA,ID_GEI,FLAG_ESTADO) values ('114','93','2','1');
Insert into T_GEND_INICIATIVA_GEI (ID_INICIATIVA_GEI,ID_INICIATIVA,ID_GEI,FLAG_ESTADO) values ('161','126','1','1');
Insert into T_GEND_INICIATIVA_GEI (ID_INICIATIVA_GEI,ID_INICIATIVA,ID_GEI,FLAG_ESTADO) values ('162','126','2','1');
Insert into T_GEND_INICIATIVA_GEI (ID_INICIATIVA_GEI,ID_INICIATIVA,ID_GEI,FLAG_ESTADO) values ('163','127','1','1');
Insert into T_GEND_INICIATIVA_GEI (ID_INICIATIVA_GEI,ID_INICIATIVA,ID_GEI,FLAG_ESTADO) values ('164','127','2','1');
Insert into T_GEND_INICIATIVA_GEI (ID_INICIATIVA_GEI,ID_INICIATIVA,ID_GEI,FLAG_ESTADO) values ('29','40','1','1');
Insert into T_GEND_INICIATIVA_GEI (ID_INICIATIVA_GEI,ID_INICIATIVA,ID_GEI,FLAG_ESTADO) values ('30','41','1','1');
Insert into T_GEND_INICIATIVA_GEI (ID_INICIATIVA_GEI,ID_INICIATIVA,ID_GEI,FLAG_ESTADO) values ('31','41','2','1');
Insert into T_GEND_INICIATIVA_GEI (ID_INICIATIVA_GEI,ID_INICIATIVA,ID_GEI,FLAG_ESTADO) values ('34','43','1','1');
Insert into T_GEND_INICIATIVA_GEI (ID_INICIATIVA_GEI,ID_INICIATIVA,ID_GEI,FLAG_ESTADO) values ('35','43','2','1');
Insert into T_GEND_INICIATIVA_GEI (ID_INICIATIVA_GEI,ID_INICIATIVA,ID_GEI,FLAG_ESTADO) values ('36','45','1','1');
Insert into T_GEND_INICIATIVA_GEI (ID_INICIATIVA_GEI,ID_INICIATIVA,ID_GEI,FLAG_ESTADO) values ('42','54','1','1');
Insert into T_GEND_INICIATIVA_GEI (ID_INICIATIVA_GEI,ID_INICIATIVA,ID_GEI,FLAG_ESTADO) values ('43','54','2','1');
Insert into T_GEND_INICIATIVA_GEI (ID_INICIATIVA_GEI,ID_INICIATIVA,ID_GEI,FLAG_ESTADO) values ('64','69','3','1');
Insert into T_GEND_INICIATIVA_GEI (ID_INICIATIVA_GEI,ID_INICIATIVA,ID_GEI,FLAG_ESTADO) values ('65','70','2','1');
Insert into T_GEND_INICIATIVA_GEI (ID_INICIATIVA_GEI,ID_INICIATIVA,ID_GEI,FLAG_ESTADO) values ('89','83','1','1');
Insert into T_GEND_INICIATIVA_GEI (ID_INICIATIVA_GEI,ID_INICIATIVA,ID_GEI,FLAG_ESTADO) values ('90','83','2','1');
Insert into T_GEND_INICIATIVA_GEI (ID_INICIATIVA_GEI,ID_INICIATIVA,ID_GEI,FLAG_ESTADO) values ('91','83','3','1');
Insert into T_GEND_INICIATIVA_GEI (ID_INICIATIVA_GEI,ID_INICIATIVA,ID_GEI,FLAG_ESTADO) values ('100','88','1','1');
Insert into T_GEND_INICIATIVA_GEI (ID_INICIATIVA_GEI,ID_INICIATIVA,ID_GEI,FLAG_ESTADO) values ('101','88','2','1');
Insert into T_GEND_INICIATIVA_GEI (ID_INICIATIVA_GEI,ID_INICIATIVA,ID_GEI,FLAG_ESTADO) values ('102','88','3','1');
Insert into T_GEND_INICIATIVA_GEI (ID_INICIATIVA_GEI,ID_INICIATIVA,ID_GEI,FLAG_ESTADO) values ('107','91','1','1');
Insert into T_GEND_INICIATIVA_GEI (ID_INICIATIVA_GEI,ID_INICIATIVA,ID_GEI,FLAG_ESTADO) values ('108','91','2','1');
Insert into T_GEND_INICIATIVA_GEI (ID_INICIATIVA_GEI,ID_INICIATIVA,ID_GEI,FLAG_ESTADO) values ('109','91','3','1');
Insert into T_GEND_INICIATIVA_GEI (ID_INICIATIVA_GEI,ID_INICIATIVA,ID_GEI,FLAG_ESTADO) values ('1','8','2','1');
Insert into T_GEND_INICIATIVA_GEI (ID_INICIATIVA_GEI,ID_INICIATIVA,ID_GEI,FLAG_ESTADO) values ('25','37','1','1');
Insert into T_GEND_INICIATIVA_GEI (ID_INICIATIVA_GEI,ID_INICIATIVA,ID_GEI,FLAG_ESTADO) values ('27','39','1','1');
Insert into T_GEND_INICIATIVA_GEI (ID_INICIATIVA_GEI,ID_INICIATIVA,ID_GEI,FLAG_ESTADO) values ('28','39','2','1');
Insert into T_GEND_INICIATIVA_GEI (ID_INICIATIVA_GEI,ID_INICIATIVA,ID_GEI,FLAG_ESTADO) values ('61','63','1','1');
Insert into T_GEND_INICIATIVA_GEI (ID_INICIATIVA_GEI,ID_INICIATIVA,ID_GEI,FLAG_ESTADO) values ('62','63','2','1');
Insert into T_GEND_INICIATIVA_GEI (ID_INICIATIVA_GEI,ID_INICIATIVA,ID_GEI,FLAG_ESTADO) values ('63','68','2','1');
Insert into T_GEND_INICIATIVA_GEI (ID_INICIATIVA_GEI,ID_INICIATIVA,ID_GEI,FLAG_ESTADO) values ('92','84','1','1');
Insert into T_GEND_INICIATIVA_GEI (ID_INICIATIVA_GEI,ID_INICIATIVA,ID_GEI,FLAG_ESTADO) values ('93','84','2','1');
Insert into T_GEND_INICIATIVA_GEI (ID_INICIATIVA_GEI,ID_INICIATIVA,ID_GEI,FLAG_ESTADO) values ('110','92','1','1');
Insert into T_GEND_INICIATIVA_GEI (ID_INICIATIVA_GEI,ID_INICIATIVA,ID_GEI,FLAG_ESTADO) values ('111','92','2','1');
Insert into T_GEND_INICIATIVA_GEI (ID_INICIATIVA_GEI,ID_INICIATIVA,ID_GEI,FLAG_ESTADO) values ('112','92','3','1');
Insert into T_GEND_INICIATIVA_GEI (ID_INICIATIVA_GEI,ID_INICIATIVA,ID_GEI,FLAG_ESTADO) values ('115','95','1','1');
Insert into T_GEND_INICIATIVA_GEI (ID_INICIATIVA_GEI,ID_INICIATIVA,ID_GEI,FLAG_ESTADO) values ('116','95','2','1');
Insert into T_GEND_INICIATIVA_GEI (ID_INICIATIVA_GEI,ID_INICIATIVA,ID_GEI,FLAG_ESTADO) values ('3','10','2','1');
Insert into T_GEND_INICIATIVA_GEI (ID_INICIATIVA_GEI,ID_INICIATIVA,ID_GEI,FLAG_ESTADO) values ('32','42','1','1');
Insert into T_GEND_INICIATIVA_GEI (ID_INICIATIVA_GEI,ID_INICIATIVA,ID_GEI,FLAG_ESTADO) values ('33','42','2','1');
Insert into T_GEND_INICIATIVA_GEI (ID_INICIATIVA_GEI,ID_INICIATIVA,ID_GEI,FLAG_ESTADO) values ('37','46','1','1');
Insert into T_GEND_INICIATIVA_GEI (ID_INICIATIVA_GEI,ID_INICIATIVA,ID_GEI,FLAG_ESTADO) values ('38','46','2','1');
Insert into T_GEND_INICIATIVA_GEI (ID_INICIATIVA_GEI,ID_INICIATIVA,ID_GEI,FLAG_ESTADO) values ('39','47','1','1');
Insert into T_GEND_INICIATIVA_GEI (ID_INICIATIVA_GEI,ID_INICIATIVA,ID_GEI,FLAG_ESTADO) values ('40','47','2','1');
Insert into T_GEND_INICIATIVA_GEI (ID_INICIATIVA_GEI,ID_INICIATIVA,ID_GEI,FLAG_ESTADO) values ('84','81','1','1');
Insert into T_GEND_INICIATIVA_GEI (ID_INICIATIVA_GEI,ID_INICIATIVA,ID_GEI,FLAG_ESTADO) values ('85','79','1','1');
Insert into T_GEND_INICIATIVA_GEI (ID_INICIATIVA_GEI,ID_INICIATIVA,ID_GEI,FLAG_ESTADO) values ('86','82','1','1');
Insert into T_GEND_INICIATIVA_GEI (ID_INICIATIVA_GEI,ID_INICIATIVA,ID_GEI,FLAG_ESTADO) values ('87','82','2','1');
Insert into T_GEND_INICIATIVA_GEI (ID_INICIATIVA_GEI,ID_INICIATIVA,ID_GEI,FLAG_ESTADO) values ('88','82','3','1');
Insert into T_GEND_INICIATIVA_GEI (ID_INICIATIVA_GEI,ID_INICIATIVA,ID_GEI,FLAG_ESTADO) values ('121','101','1','1');
Insert into T_GEND_INICIATIVA_GEI (ID_INICIATIVA_GEI,ID_INICIATIVA,ID_GEI,FLAG_ESTADO) values ('122','101','2','1');
Insert into T_GEND_INICIATIVA_GEI (ID_INICIATIVA_GEI,ID_INICIATIVA,ID_GEI,FLAG_ESTADO) values ('123','102','1','1');
Insert into T_GEND_INICIATIVA_GEI (ID_INICIATIVA_GEI,ID_INICIATIVA,ID_GEI,FLAG_ESTADO) values ('124','102','2','1');
Insert into T_GEND_INICIATIVA_GEI (ID_INICIATIVA_GEI,ID_INICIATIVA,ID_GEI,FLAG_ESTADO) values ('141','121','1','1');
Insert into T_GEND_INICIATIVA_GEI (ID_INICIATIVA_GEI,ID_INICIATIVA,ID_GEI,FLAG_ESTADO) values ('142','121','2','1');
Insert into T_GEND_INICIATIVA_GEI (ID_INICIATIVA_GEI,ID_INICIATIVA,ID_GEI,FLAG_ESTADO) values ('143','121','3','1');
Insert into T_GEND_INICIATIVA_GEI (ID_INICIATIVA_GEI,ID_INICIATIVA,ID_GEI,FLAG_ESTADO) values ('144','122','1','1');
Insert into T_GEND_INICIATIVA_GEI (ID_INICIATIVA_GEI,ID_INICIATIVA,ID_GEI,FLAG_ESTADO) values ('145','122','2','1');
Insert into T_GEND_INICIATIVA_GEI (ID_INICIATIVA_GEI,ID_INICIATIVA,ID_GEI,FLAG_ESTADO) values ('146','122','3','1');
Insert into T_GEND_INICIATIVA_GEI (ID_INICIATIVA_GEI,ID_INICIATIVA,ID_GEI,FLAG_ESTADO) values ('147','123','1','1');
Insert into T_GEND_INICIATIVA_GEI (ID_INICIATIVA_GEI,ID_INICIATIVA,ID_GEI,FLAG_ESTADO) values ('148','123','2','1');
Insert into T_GEND_INICIATIVA_GEI (ID_INICIATIVA_GEI,ID_INICIATIVA,ID_GEI,FLAG_ESTADO) values ('149','123','3','1');
Insert into T_GEND_INICIATIVA_GEI (ID_INICIATIVA_GEI,ID_INICIATIVA,ID_GEI,FLAG_ESTADO) values ('150','124','1','1');
Insert into T_GEND_INICIATIVA_GEI (ID_INICIATIVA_GEI,ID_INICIATIVA,ID_GEI,FLAG_ESTADO) values ('151','124','2','1');
Insert into T_GEND_INICIATIVA_GEI (ID_INICIATIVA_GEI,ID_INICIATIVA,ID_GEI,FLAG_ESTADO) values ('152','124','3','1');
Insert into T_GEND_INICIATIVA_GEI (ID_INICIATIVA_GEI,ID_INICIATIVA,ID_GEI,FLAG_ESTADO) values ('153','125','1','1');
Insert into T_GEND_INICIATIVA_GEI (ID_INICIATIVA_GEI,ID_INICIATIVA,ID_GEI,FLAG_ESTADO) values ('154','125','2','1');
Insert into T_GEND_INICIATIVA_GEI (ID_INICIATIVA_GEI,ID_INICIATIVA,ID_GEI,FLAG_ESTADO) values ('155','125','3','1');
Insert into T_GEND_INICIATIVA_GEI (ID_INICIATIVA_GEI,ID_INICIATIVA,ID_GEI,FLAG_ESTADO) values ('2','9','1','1');
Insert into T_GEND_INICIATIVA_GEI (ID_INICIATIVA_GEI,ID_INICIATIVA,ID_GEI,FLAG_ESTADO) values ('21','21','1','1');
Insert into T_GEND_INICIATIVA_GEI (ID_INICIATIVA_GEI,ID_INICIATIVA,ID_GEI,FLAG_ESTADO) values ('22','35','1','1');
Insert into T_GEND_INICIATIVA_GEI (ID_INICIATIVA_GEI,ID_INICIATIVA,ID_GEI,FLAG_ESTADO) values ('23','35','2','1');
Insert into T_GEND_INICIATIVA_GEI (ID_INICIATIVA_GEI,ID_INICIATIVA,ID_GEI,FLAG_ESTADO) values ('41','48','1','1');
Insert into T_GEND_INICIATIVA_GEI (ID_INICIATIVA_GEI,ID_INICIATIVA,ID_GEI,FLAG_ESTADO) values ('81','80','1','1');
Insert into T_GEND_INICIATIVA_GEI (ID_INICIATIVA_GEI,ID_INICIATIVA,ID_GEI,FLAG_ESTADO) values ('82','80','2','1');
Insert into T_GEND_INICIATIVA_GEI (ID_INICIATIVA_GEI,ID_INICIATIVA,ID_GEI,FLAG_ESTADO) values ('83','80','3','1');
Insert into T_GEND_INICIATIVA_GEI (ID_INICIATIVA_GEI,ID_INICIATIVA,ID_GEI,FLAG_ESTADO) values ('94','85','1','1');
Insert into T_GEND_INICIATIVA_GEI (ID_INICIATIVA_GEI,ID_INICIATIVA,ID_GEI,FLAG_ESTADO) values ('95','86','2','1');
Insert into T_GEND_INICIATIVA_GEI (ID_INICIATIVA_GEI,ID_INICIATIVA,ID_GEI,FLAG_ESTADO) values ('96','86','3','1');
Insert into T_GEND_INICIATIVA_GEI (ID_INICIATIVA_GEI,ID_INICIATIVA,ID_GEI,FLAG_ESTADO) values ('97','87','1','1');
Insert into T_GEND_INICIATIVA_GEI (ID_INICIATIVA_GEI,ID_INICIATIVA,ID_GEI,FLAG_ESTADO) values ('98','87','2','1');
Insert into T_GEND_INICIATIVA_GEI (ID_INICIATIVA_GEI,ID_INICIATIVA,ID_GEI,FLAG_ESTADO) values ('99','87','3','1');
Insert into T_GEND_INICIATIVA_GEI (ID_INICIATIVA_GEI,ID_INICIATIVA,ID_GEI,FLAG_ESTADO) values ('103','89','1','1');
Insert into T_GEND_INICIATIVA_GEI (ID_INICIATIVA_GEI,ID_INICIATIVA,ID_GEI,FLAG_ESTADO) values ('104','89','3','1');
Insert into T_GEND_INICIATIVA_GEI (ID_INICIATIVA_GEI,ID_INICIATIVA,ID_GEI,FLAG_ESTADO) values ('105','90','1','1');
Insert into T_GEND_INICIATIVA_GEI (ID_INICIATIVA_GEI,ID_INICIATIVA,ID_GEI,FLAG_ESTADO) values ('106','90','3','1');
REM INSERTING into T_GEND_INICIATIVA_UBICACION
SET DEFINE OFF;
Insert into T_GEND_INICIATIVA_UBICACION (ID_INICIATIVA_UBICACION,ID_INICIATIVA,ID_UBICACION,FLAG_ESTADO) values ('24','36','2','1');
Insert into T_GEND_INICIATIVA_UBICACION (ID_INICIATIVA_UBICACION,ID_INICIATIVA,ID_UBICACION,FLAG_ESTADO) values ('25','36','7','1');
Insert into T_GEND_INICIATIVA_UBICACION (ID_INICIATIVA_UBICACION,ID_INICIATIVA,ID_UBICACION,FLAG_ESTADO) values ('26','36','11','1');
Insert into T_GEND_INICIATIVA_UBICACION (ID_INICIATIVA_UBICACION,ID_INICIATIVA,ID_UBICACION,FLAG_ESTADO) values ('27','36','15','1');
Insert into T_GEND_INICIATIVA_UBICACION (ID_INICIATIVA_UBICACION,ID_INICIATIVA,ID_UBICACION,FLAG_ESTADO) values ('35','44','7','1');
Insert into T_GEND_INICIATIVA_UBICACION (ID_INICIATIVA_UBICACION,ID_INICIATIVA,ID_UBICACION,FLAG_ESTADO) values ('36','44','15','1');
Insert into T_GEND_INICIATIVA_UBICACION (ID_INICIATIVA_UBICACION,ID_INICIATIVA,ID_UBICACION,FLAG_ESTADO) values ('71','67','1','1');
Insert into T_GEND_INICIATIVA_UBICACION (ID_INICIATIVA_UBICACION,ID_INICIATIVA,ID_UBICACION,FLAG_ESTADO) values ('72','67','2','1');
Insert into T_GEND_INICIATIVA_UBICACION (ID_INICIATIVA_UBICACION,ID_INICIATIVA,ID_UBICACION,FLAG_ESTADO) values ('73','67','3','1');
Insert into T_GEND_INICIATIVA_UBICACION (ID_INICIATIVA_UBICACION,ID_INICIATIVA,ID_UBICACION,FLAG_ESTADO) values ('83','72','2','1');
Insert into T_GEND_INICIATIVA_UBICACION (ID_INICIATIVA_UBICACION,ID_INICIATIVA,ID_UBICACION,FLAG_ESTADO) values ('122','93','2','1');
Insert into T_GEND_INICIATIVA_UBICACION (ID_INICIATIVA_UBICACION,ID_INICIATIVA,ID_UBICACION,FLAG_ESTADO) values ('123','93','3','1');
Insert into T_GEND_INICIATIVA_UBICACION (ID_INICIATIVA_UBICACION,ID_INICIATIVA,ID_UBICACION,FLAG_ESTADO) values ('181','126','15','1');
Insert into T_GEND_INICIATIVA_UBICACION (ID_INICIATIVA_UBICACION,ID_INICIATIVA,ID_UBICACION,FLAG_ESTADO) values ('182','127','15','1');
Insert into T_GEND_INICIATIVA_UBICACION (ID_INICIATIVA_UBICACION,ID_INICIATIVA,ID_UBICACION,FLAG_ESTADO) values ('1','8','3','1');
Insert into T_GEND_INICIATIVA_UBICACION (ID_INICIATIVA_UBICACION,ID_INICIATIVA,ID_UBICACION,FLAG_ESTADO) values ('2','8','4','1');
Insert into T_GEND_INICIATIVA_UBICACION (ID_INICIATIVA_UBICACION,ID_INICIATIVA,ID_UBICACION,FLAG_ESTADO) values ('3','8','8','1');
Insert into T_GEND_INICIATIVA_UBICACION (ID_INICIATIVA_UBICACION,ID_INICIATIVA,ID_UBICACION,FLAG_ESTADO) values ('31','40','15','1');
Insert into T_GEND_INICIATIVA_UBICACION (ID_INICIATIVA_UBICACION,ID_INICIATIVA,ID_UBICACION,FLAG_ESTADO) values ('32','41','15','1');
Insert into T_GEND_INICIATIVA_UBICACION (ID_INICIATIVA_UBICACION,ID_INICIATIVA,ID_UBICACION,FLAG_ESTADO) values ('34','43','15','1');
Insert into T_GEND_INICIATIVA_UBICACION (ID_INICIATIVA_UBICACION,ID_INICIATIVA,ID_UBICACION,FLAG_ESTADO) values ('37','45','7','1');
Insert into T_GEND_INICIATIVA_UBICACION (ID_INICIATIVA_UBICACION,ID_INICIATIVA,ID_UBICACION,FLAG_ESTADO) values ('38','45','15','1');
Insert into T_GEND_INICIATIVA_UBICACION (ID_INICIATIVA_UBICACION,ID_INICIATIVA,ID_UBICACION,FLAG_ESTADO) values ('45','54','1','1');
Insert into T_GEND_INICIATIVA_UBICACION (ID_INICIATIVA_UBICACION,ID_INICIATIVA,ID_UBICACION,FLAG_ESTADO) values ('46','54','2','1');
Insert into T_GEND_INICIATIVA_UBICACION (ID_INICIATIVA_UBICACION,ID_INICIATIVA,ID_UBICACION,FLAG_ESTADO) values ('47','55','11','1');
Insert into T_GEND_INICIATIVA_UBICACION (ID_INICIATIVA_UBICACION,ID_INICIATIVA,ID_UBICACION,FLAG_ESTADO) values ('48','55','15','1');
Insert into T_GEND_INICIATIVA_UBICACION (ID_INICIATIVA_UBICACION,ID_INICIATIVA,ID_UBICACION,FLAG_ESTADO) values ('78','69','1','1');
Insert into T_GEND_INICIATIVA_UBICACION (ID_INICIATIVA_UBICACION,ID_INICIATIVA,ID_UBICACION,FLAG_ESTADO) values ('79','69','2','1');
Insert into T_GEND_INICIATIVA_UBICACION (ID_INICIATIVA_UBICACION,ID_INICIATIVA,ID_UBICACION,FLAG_ESTADO) values ('80','69','3','1');
Insert into T_GEND_INICIATIVA_UBICACION (ID_INICIATIVA_UBICACION,ID_INICIATIVA,ID_UBICACION,FLAG_ESTADO) values ('81','70','2','1');
Insert into T_GEND_INICIATIVA_UBICACION (ID_INICIATIVA_UBICACION,ID_INICIATIVA,ID_UBICACION,FLAG_ESTADO) values ('106','83','7','1');
Insert into T_GEND_INICIATIVA_UBICACION (ID_INICIATIVA_UBICACION,ID_INICIATIVA,ID_UBICACION,FLAG_ESTADO) values ('107','83','15','1');
Insert into T_GEND_INICIATIVA_UBICACION (ID_INICIATIVA_UBICACION,ID_INICIATIVA,ID_UBICACION,FLAG_ESTADO) values ('116','88','7','1');
Insert into T_GEND_INICIATIVA_UBICACION (ID_INICIATIVA_UBICACION,ID_INICIATIVA,ID_UBICACION,FLAG_ESTADO) values ('117','88','15','1');
Insert into T_GEND_INICIATIVA_UBICACION (ID_INICIATIVA_UBICACION,ID_INICIATIVA,ID_UBICACION,FLAG_ESTADO) values ('120','91','1','1');
Insert into T_GEND_INICIATIVA_UBICACION (ID_INICIATIVA_UBICACION,ID_INICIATIVA,ID_UBICACION,FLAG_ESTADO) values ('28','37','15','1');
Insert into T_GEND_INICIATIVA_UBICACION (ID_INICIATIVA_UBICACION,ID_INICIATIVA,ID_UBICACION,FLAG_ESTADO) values ('29','39','13','1');
Insert into T_GEND_INICIATIVA_UBICACION (ID_INICIATIVA_UBICACION,ID_INICIATIVA,ID_UBICACION,FLAG_ESTADO) values ('30','39','15','1');
Insert into T_GEND_INICIATIVA_UBICACION (ID_INICIATIVA_UBICACION,ID_INICIATIVA,ID_UBICACION,FLAG_ESTADO) values ('63','63','20','1');
Insert into T_GEND_INICIATIVA_UBICACION (ID_INICIATIVA_UBICACION,ID_INICIATIVA,ID_UBICACION,FLAG_ESTADO) values ('64','63','21','1');
Insert into T_GEND_INICIATIVA_UBICACION (ID_INICIATIVA_UBICACION,ID_INICIATIVA,ID_UBICACION,FLAG_ESTADO) values ('69','66','2','1');
Insert into T_GEND_INICIATIVA_UBICACION (ID_INICIATIVA_UBICACION,ID_INICIATIVA,ID_UBICACION,FLAG_ESTADO) values ('70','66','3','1');
Insert into T_GEND_INICIATIVA_UBICACION (ID_INICIATIVA_UBICACION,ID_INICIATIVA,ID_UBICACION,FLAG_ESTADO) values ('74','68','3','1');
Insert into T_GEND_INICIATIVA_UBICACION (ID_INICIATIVA_UBICACION,ID_INICIATIVA,ID_UBICACION,FLAG_ESTADO) values ('75','68','4','1');
Insert into T_GEND_INICIATIVA_UBICACION (ID_INICIATIVA_UBICACION,ID_INICIATIVA,ID_UBICACION,FLAG_ESTADO) values ('76','68','5','1');
Insert into T_GEND_INICIATIVA_UBICACION (ID_INICIATIVA_UBICACION,ID_INICIATIVA,ID_UBICACION,FLAG_ESTADO) values ('77','68','6','1');
Insert into T_GEND_INICIATIVA_UBICACION (ID_INICIATIVA_UBICACION,ID_INICIATIVA,ID_UBICACION,FLAG_ESTADO) values ('108','84','1','1');
Insert into T_GEND_INICIATIVA_UBICACION (ID_INICIATIVA_UBICACION,ID_INICIATIVA,ID_UBICACION,FLAG_ESTADO) values ('109','84','2','1');
Insert into T_GEND_INICIATIVA_UBICACION (ID_INICIATIVA_UBICACION,ID_INICIATIVA,ID_UBICACION,FLAG_ESTADO) values ('121','92','1','1');
Insert into T_GEND_INICIATIVA_UBICACION (ID_INICIATIVA_UBICACION,ID_INICIATIVA,ID_UBICACION,FLAG_ESTADO) values ('124','94','1','1');
Insert into T_GEND_INICIATIVA_UBICACION (ID_INICIATIVA_UBICACION,ID_INICIATIVA,ID_UBICACION,FLAG_ESTADO) values ('125','95','1','1');
Insert into T_GEND_INICIATIVA_UBICACION (ID_INICIATIVA_UBICACION,ID_INICIATIVA,ID_UBICACION,FLAG_ESTADO) values ('126','95','2','1');
Insert into T_GEND_INICIATIVA_UBICACION (ID_INICIATIVA_UBICACION,ID_INICIATIVA,ID_UBICACION,FLAG_ESTADO) values ('7','10','1','1');
Insert into T_GEND_INICIATIVA_UBICACION (ID_INICIATIVA_UBICACION,ID_INICIATIVA,ID_UBICACION,FLAG_ESTADO) values ('8','10','2','1');
Insert into T_GEND_INICIATIVA_UBICACION (ID_INICIATIVA_UBICACION,ID_INICIATIVA,ID_UBICACION,FLAG_ESTADO) values ('9','10','3','1');
Insert into T_GEND_INICIATIVA_UBICACION (ID_INICIATIVA_UBICACION,ID_INICIATIVA,ID_UBICACION,FLAG_ESTADO) values ('33','42','15','1');
Insert into T_GEND_INICIATIVA_UBICACION (ID_INICIATIVA_UBICACION,ID_INICIATIVA,ID_UBICACION,FLAG_ESTADO) values ('39','46','7','1');
Insert into T_GEND_INICIATIVA_UBICACION (ID_INICIATIVA_UBICACION,ID_INICIATIVA,ID_UBICACION,FLAG_ESTADO) values ('40','46','11','1');
Insert into T_GEND_INICIATIVA_UBICACION (ID_INICIATIVA_UBICACION,ID_INICIATIVA,ID_UBICACION,FLAG_ESTADO) values ('41','46','15','1');
Insert into T_GEND_INICIATIVA_UBICACION (ID_INICIATIVA_UBICACION,ID_INICIATIVA,ID_UBICACION,FLAG_ESTADO) values ('42','47','7','1');
Insert into T_GEND_INICIATIVA_UBICACION (ID_INICIATIVA_UBICACION,ID_INICIATIVA,ID_UBICACION,FLAG_ESTADO) values ('43','47','15','1');
Insert into T_GEND_INICIATIVA_UBICACION (ID_INICIATIVA_UBICACION,ID_INICIATIVA,ID_UBICACION,FLAG_ESTADO) values ('103','81','15','1');
Insert into T_GEND_INICIATIVA_UBICACION (ID_INICIATIVA_UBICACION,ID_INICIATIVA,ID_UBICACION,FLAG_ESTADO) values ('104','82','7','1');
Insert into T_GEND_INICIATIVA_UBICACION (ID_INICIATIVA_UBICACION,ID_INICIATIVA,ID_UBICACION,FLAG_ESTADO) values ('105','82','15','1');
Insert into T_GEND_INICIATIVA_UBICACION (ID_INICIATIVA_UBICACION,ID_INICIATIVA,ID_UBICACION,FLAG_ESTADO) values ('141','101','1','1');
Insert into T_GEND_INICIATIVA_UBICACION (ID_INICIATIVA_UBICACION,ID_INICIATIVA,ID_UBICACION,FLAG_ESTADO) values ('142','101','2','1');
Insert into T_GEND_INICIATIVA_UBICACION (ID_INICIATIVA_UBICACION,ID_INICIATIVA,ID_UBICACION,FLAG_ESTADO) values ('143','102','1','1');
Insert into T_GEND_INICIATIVA_UBICACION (ID_INICIATIVA_UBICACION,ID_INICIATIVA,ID_UBICACION,FLAG_ESTADO) values ('144','102','2','1');
Insert into T_GEND_INICIATIVA_UBICACION (ID_INICIATIVA_UBICACION,ID_INICIATIVA,ID_UBICACION,FLAG_ESTADO) values ('145','102','3','1');
Insert into T_GEND_INICIATIVA_UBICACION (ID_INICIATIVA_UBICACION,ID_INICIATIVA,ID_UBICACION,FLAG_ESTADO) values ('146','102','4','1');
Insert into T_GEND_INICIATIVA_UBICACION (ID_INICIATIVA_UBICACION,ID_INICIATIVA,ID_UBICACION,FLAG_ESTADO) values ('161','121','7','1');
Insert into T_GEND_INICIATIVA_UBICACION (ID_INICIATIVA_UBICACION,ID_INICIATIVA,ID_UBICACION,FLAG_ESTADO) values ('162','121','15','1');
Insert into T_GEND_INICIATIVA_UBICACION (ID_INICIATIVA_UBICACION,ID_INICIATIVA,ID_UBICACION,FLAG_ESTADO) values ('163','122','7','1');
Insert into T_GEND_INICIATIVA_UBICACION (ID_INICIATIVA_UBICACION,ID_INICIATIVA,ID_UBICACION,FLAG_ESTADO) values ('164','122','15','1');
Insert into T_GEND_INICIATIVA_UBICACION (ID_INICIATIVA_UBICACION,ID_INICIATIVA,ID_UBICACION,FLAG_ESTADO) values ('165','123','7','1');
Insert into T_GEND_INICIATIVA_UBICACION (ID_INICIATIVA_UBICACION,ID_INICIATIVA,ID_UBICACION,FLAG_ESTADO) values ('166','123','15','1');
Insert into T_GEND_INICIATIVA_UBICACION (ID_INICIATIVA_UBICACION,ID_INICIATIVA,ID_UBICACION,FLAG_ESTADO) values ('167','124','7','1');
Insert into T_GEND_INICIATIVA_UBICACION (ID_INICIATIVA_UBICACION,ID_INICIATIVA,ID_UBICACION,FLAG_ESTADO) values ('168','124','15','1');
Insert into T_GEND_INICIATIVA_UBICACION (ID_INICIATIVA_UBICACION,ID_INICIATIVA,ID_UBICACION,FLAG_ESTADO) values ('169','125','7','1');
Insert into T_GEND_INICIATIVA_UBICACION (ID_INICIATIVA_UBICACION,ID_INICIATIVA,ID_UBICACION,FLAG_ESTADO) values ('170','125','15','1');
Insert into T_GEND_INICIATIVA_UBICACION (ID_INICIATIVA_UBICACION,ID_INICIATIVA,ID_UBICACION,FLAG_ESTADO) values ('4','9','3','1');
Insert into T_GEND_INICIATIVA_UBICACION (ID_INICIATIVA_UBICACION,ID_INICIATIVA,ID_UBICACION,FLAG_ESTADO) values ('5','9','5','1');
Insert into T_GEND_INICIATIVA_UBICACION (ID_INICIATIVA_UBICACION,ID_INICIATIVA,ID_UBICACION,FLAG_ESTADO) values ('6','9','7','1');
Insert into T_GEND_INICIATIVA_UBICACION (ID_INICIATIVA_UBICACION,ID_INICIATIVA,ID_UBICACION,FLAG_ESTADO) values ('21','21','1','1');
Insert into T_GEND_INICIATIVA_UBICACION (ID_INICIATIVA_UBICACION,ID_INICIATIVA,ID_UBICACION,FLAG_ESTADO) values ('22','21','2','1');
Insert into T_GEND_INICIATIVA_UBICACION (ID_INICIATIVA_UBICACION,ID_INICIATIVA,ID_UBICACION,FLAG_ESTADO) values ('23','35','7','1');
Insert into T_GEND_INICIATIVA_UBICACION (ID_INICIATIVA_UBICACION,ID_INICIATIVA,ID_UBICACION,FLAG_ESTADO) values ('44','48','15','1');
Insert into T_GEND_INICIATIVA_UBICACION (ID_INICIATIVA_UBICACION,ID_INICIATIVA,ID_UBICACION,FLAG_ESTADO) values ('61','61','2','1');
Insert into T_GEND_INICIATIVA_UBICACION (ID_INICIATIVA_UBICACION,ID_INICIATIVA,ID_UBICACION,FLAG_ESTADO) values ('62','61','4','1');
Insert into T_GEND_INICIATIVA_UBICACION (ID_INICIATIVA_UBICACION,ID_INICIATIVA,ID_UBICACION,FLAG_ESTADO) values ('65','64','1','1');
Insert into T_GEND_INICIATIVA_UBICACION (ID_INICIATIVA_UBICACION,ID_INICIATIVA,ID_UBICACION,FLAG_ESTADO) values ('66','64','2','1');
Insert into T_GEND_INICIATIVA_UBICACION (ID_INICIATIVA_UBICACION,ID_INICIATIVA,ID_UBICACION,FLAG_ESTADO) values ('67','65','1','1');
Insert into T_GEND_INICIATIVA_UBICACION (ID_INICIATIVA_UBICACION,ID_INICIATIVA,ID_UBICACION,FLAG_ESTADO) values ('68','65','2','1');
Insert into T_GEND_INICIATIVA_UBICACION (ID_INICIATIVA_UBICACION,ID_INICIATIVA,ID_UBICACION,FLAG_ESTADO) values ('82','71','2','1');
Insert into T_GEND_INICIATIVA_UBICACION (ID_INICIATIVA_UBICACION,ID_INICIATIVA,ID_UBICACION,FLAG_ESTADO) values ('101','80','7','1');
Insert into T_GEND_INICIATIVA_UBICACION (ID_INICIATIVA_UBICACION,ID_INICIATIVA,ID_UBICACION,FLAG_ESTADO) values ('102','80','15','1');
Insert into T_GEND_INICIATIVA_UBICACION (ID_INICIATIVA_UBICACION,ID_INICIATIVA,ID_UBICACION,FLAG_ESTADO) values ('110','85','1','1');
Insert into T_GEND_INICIATIVA_UBICACION (ID_INICIATIVA_UBICACION,ID_INICIATIVA,ID_UBICACION,FLAG_ESTADO) values ('111','85','2','1');
Insert into T_GEND_INICIATIVA_UBICACION (ID_INICIATIVA_UBICACION,ID_INICIATIVA,ID_UBICACION,FLAG_ESTADO) values ('112','86','7','1');
Insert into T_GEND_INICIATIVA_UBICACION (ID_INICIATIVA_UBICACION,ID_INICIATIVA,ID_UBICACION,FLAG_ESTADO) values ('113','86','15','1');
Insert into T_GEND_INICIATIVA_UBICACION (ID_INICIATIVA_UBICACION,ID_INICIATIVA,ID_UBICACION,FLAG_ESTADO) values ('114','87','7','1');
Insert into T_GEND_INICIATIVA_UBICACION (ID_INICIATIVA_UBICACION,ID_INICIATIVA,ID_UBICACION,FLAG_ESTADO) values ('115','87','15','1');
Insert into T_GEND_INICIATIVA_UBICACION (ID_INICIATIVA_UBICACION,ID_INICIATIVA,ID_UBICACION,FLAG_ESTADO) values ('118','89','15','1');
Insert into T_GEND_INICIATIVA_UBICACION (ID_INICIATIVA_UBICACION,ID_INICIATIVA,ID_UBICACION,FLAG_ESTADO) values ('119','90','15','1');
REM INSERTING into T_GEND_INI_TIPDOCAVAL
SET DEFINE OFF;
REM INSERTING into T_GEND_MEDMIT_GEI
SET DEFINE OFF;
REM INSERTING into T_GEND_VARIABLE_VALOR
SET DEFINE OFF;
REM INSERTING into T_GEND_VARIANTE_ATRIBUTO
SET DEFINE OFF;
REM INSERTING into T_GEND_VARIANTE_VALOR
SET DEFINE OFF;
REM INSERTING into T_GENM_AYUDA
SET DEFINE OFF;
REM INSERTING into T_GENM_BLOCKCHAIN
SET DEFINE OFF;
REM INSERTING into T_GENM_ENFOQUE
SET DEFINE OFF;
Insert into T_GENM_ENFOQUE (ID_ENFOQUE,ID_MEDMIT,DESCRIPCION) values ('1','12','ENFOQUE 1 VEHICULOS ELECTRICOS (KRV,Cant)');
Insert into T_GENM_ENFOQUE (ID_ENFOQUE,ID_MEDMIT,DESCRIPCION) values ('2','12','ENFOQUE 2 VEHICULOS ELECTRICOS (Electricidad)');
REM INSERTING into T_GENM_ESCENARIO
SET DEFINE OFF;
Insert into T_GENM_ESCENARIO (ID_ESCENARIO,ID_MEDMIT,ANNO,BAU_EMISION,MIT_EMISION,REDUCCION,VALOR_SOFTWARE,EXPOST,META_ANUAL,FLAG_ESTADO) values ('1','7','2010','317,5','189,2',null,null,null,null,'1');
Insert into T_GENM_ESCENARIO (ID_ESCENARIO,ID_MEDMIT,ANNO,BAU_EMISION,MIT_EMISION,REDUCCION,VALOR_SOFTWARE,EXPOST,META_ANUAL,FLAG_ESTADO) values ('2','7','2011','330,2','199,6',null,null,null,null,'1');
Insert into T_GENM_ESCENARIO (ID_ESCENARIO,ID_MEDMIT,ANNO,BAU_EMISION,MIT_EMISION,REDUCCION,VALOR_SOFTWARE,EXPOST,META_ANUAL,FLAG_ESTADO) values ('3','7','2012','681','411,6',null,null,null,null,'1');
Insert into T_GENM_ESCENARIO (ID_ESCENARIO,ID_MEDMIT,ANNO,BAU_EMISION,MIT_EMISION,REDUCCION,VALOR_SOFTWARE,EXPOST,META_ANUAL,FLAG_ESTADO) values ('4','7','2013','653,8','395,2',null,null,null,null,'1');
Insert into T_GENM_ESCENARIO (ID_ESCENARIO,ID_MEDMIT,ANNO,BAU_EMISION,MIT_EMISION,REDUCCION,VALOR_SOFTWARE,EXPOST,META_ANUAL,FLAG_ESTADO) values ('5','7','2014','734','444',null,null,null,null,'1');
Insert into T_GENM_ESCENARIO (ID_ESCENARIO,ID_MEDMIT,ANNO,BAU_EMISION,MIT_EMISION,REDUCCION,VALOR_SOFTWARE,EXPOST,META_ANUAL,FLAG_ESTADO) values ('6','7','2015','445,7','165,2',null,null,null,null,'1');
Insert into T_GENM_ESCENARIO (ID_ESCENARIO,ID_MEDMIT,ANNO,BAU_EMISION,MIT_EMISION,REDUCCION,VALOR_SOFTWARE,EXPOST,META_ANUAL,FLAG_ESTADO) values ('7','7','2016','387,1','193,5',null,null,null,null,'1');
Insert into T_GENM_ESCENARIO (ID_ESCENARIO,ID_MEDMIT,ANNO,BAU_EMISION,MIT_EMISION,REDUCCION,VALOR_SOFTWARE,EXPOST,META_ANUAL,FLAG_ESTADO) values ('8','7','2017','245,1','50,5',null,null,null,null,'1');
Insert into T_GENM_ESCENARIO (ID_ESCENARIO,ID_MEDMIT,ANNO,BAU_EMISION,MIT_EMISION,REDUCCION,VALOR_SOFTWARE,EXPOST,META_ANUAL,FLAG_ESTADO) values ('9','7','2018','262,3','54',null,null,null,null,'1');
Insert into T_GENM_ESCENARIO (ID_ESCENARIO,ID_MEDMIT,ANNO,BAU_EMISION,MIT_EMISION,REDUCCION,VALOR_SOFTWARE,EXPOST,META_ANUAL,FLAG_ESTADO) values ('10','7','2019','280,6','57,8',null,null,null,null,'1');
Insert into T_GENM_ESCENARIO (ID_ESCENARIO,ID_MEDMIT,ANNO,BAU_EMISION,MIT_EMISION,REDUCCION,VALOR_SOFTWARE,EXPOST,META_ANUAL,FLAG_ESTADO) values ('11','7','2020','300,3','61,8',null,'214,5',null,null,'1');
Insert into T_GENM_ESCENARIO (ID_ESCENARIO,ID_MEDMIT,ANNO,BAU_EMISION,MIT_EMISION,REDUCCION,VALOR_SOFTWARE,EXPOST,META_ANUAL,FLAG_ESTADO) values ('12','7','2021','717,4','68',null,'527,6',null,null,'1');
Insert into T_GENM_ESCENARIO (ID_ESCENARIO,ID_MEDMIT,ANNO,BAU_EMISION,MIT_EMISION,REDUCCION,VALOR_SOFTWARE,EXPOST,META_ANUAL,FLAG_ESTADO) values ('23','7','2022','608,5','74,8',null,'548,4',null,null,'1');
Insert into T_GENM_ESCENARIO (ID_ESCENARIO,ID_MEDMIT,ANNO,BAU_EMISION,MIT_EMISION,REDUCCION,VALOR_SOFTWARE,EXPOST,META_ANUAL,FLAG_ESTADO) values ('24','7','2023','661,9','82,3',null,'572,4',null,null,'1');
Insert into T_GENM_ESCENARIO (ID_ESCENARIO,ID_MEDMIT,ANNO,BAU_EMISION,MIT_EMISION,REDUCCION,VALOR_SOFTWARE,EXPOST,META_ANUAL,FLAG_ESTADO) values ('25','7','2024','740,3','94,7',null,'664,8',null,null,'1');
Insert into T_GENM_ESCENARIO (ID_ESCENARIO,ID_MEDMIT,ANNO,BAU_EMISION,MIT_EMISION,REDUCCION,VALOR_SOFTWARE,EXPOST,META_ANUAL,FLAG_ESTADO) values ('26','7','2025','828,8','108,9',null,'703,1',null,null,'1');
Insert into T_GENM_ESCENARIO (ID_ESCENARIO,ID_MEDMIT,ANNO,BAU_EMISION,MIT_EMISION,REDUCCION,VALOR_SOFTWARE,EXPOST,META_ANUAL,FLAG_ESTADO) values ('27','7','2026','938,2','125,2',null,'824,6',null,null,'1');
Insert into T_GENM_ESCENARIO (ID_ESCENARIO,ID_MEDMIT,ANNO,BAU_EMISION,MIT_EMISION,REDUCCION,VALOR_SOFTWARE,EXPOST,META_ANUAL,FLAG_ESTADO) values ('28','7','2028','1520,1','181,4',null,'1278,3',null,null,'1');
Insert into T_GENM_ESCENARIO (ID_ESCENARIO,ID_MEDMIT,ANNO,BAU_EMISION,MIT_EMISION,REDUCCION,VALOR_SOFTWARE,EXPOST,META_ANUAL,FLAG_ESTADO) values ('29','7','2029','1772,3','219,5',null,'1521,4',null,null,'1');
Insert into T_GENM_ESCENARIO (ID_ESCENARIO,ID_MEDMIT,ANNO,BAU_EMISION,MIT_EMISION,REDUCCION,VALOR_SOFTWARE,EXPOST,META_ANUAL,FLAG_ESTADO) values ('30','7','2027','1479,8','150,2',null,'1023,7',null,null,'1');
Insert into T_GENM_ESCENARIO (ID_ESCENARIO,ID_MEDMIT,ANNO,BAU_EMISION,MIT_EMISION,REDUCCION,VALOR_SOFTWARE,EXPOST,META_ANUAL,FLAG_ESTADO) values ('31','7','2030','2122,2','273,8',null,'1931,7',null,null,'1');
REM INSERTING into T_GENM_FACTOR
SET DEFINE OFF;
Insert into T_GENM_FACTOR (ID_FACTOR,DESCRIPCION,SIGLA,FUNCION) values ('1','Factor Emision Base','F_BAU',null);
Insert into T_GENM_FACTOR (ID_FACTOR,DESCRIPCION,SIGLA,FUNCION) values ('2','Factor Electrico','F_ELE',null);
Insert into T_GENM_FACTOR (ID_FACTOR,DESCRIPCION,SIGLA,FUNCION) values ('3','Factor Emision Base','F_BAU',null);
REM INSERTING into T_GENM_INICIATIVA
SET DEFINE OFF;
Insert into T_GENM_INICIATIVA (ID_INICIATIVA,ID_MEDMIT,ID_USUARIO,NOMBRE_INICIATIVA,DESC_INICIATIVA,ID_ESTADO,PRIVACIDAD_INICIATIVA,INVERSION_INICIATIVA,ID_MONEDA,FECHA_CREA_INICIATIVA,FECHA_IMPLE_INICIATIVA,ID_ETAPA,USUARIO_REGISTRO,FECHA_REGISTRO,IP_REGISTRO,USUARIO_MODIFICA,FECHA_MODIFICA,IP_MODIFICA,FLG_ESTADO) values ('93','11','82','MEJORAR AIRE','MEJORAR AIRE','1','1','3500','2',to_date('15/01/20','DD/MM/RR'),to_date('10/11/19','DD/MM/RR'),'1',null,to_date('15/01/20','DD/MM/RR'),null,null,null,null,null);
Insert into T_GENM_INICIATIVA (ID_INICIATIVA,ID_MEDMIT,ID_USUARIO,NOMBRE_INICIATIVA,DESC_INICIATIVA,ID_ESTADO,PRIVACIDAD_INICIATIVA,INVERSION_INICIATIVA,ID_MONEDA,FECHA_CREA_INICIATIVA,FECHA_IMPLE_INICIATIVA,ID_ETAPA,USUARIO_REGISTRO,FECHA_REGISTRO,IP_REGISTRO,USUARIO_MODIFICA,FECHA_MODIFICA,IP_MODIFICA,FLG_ESTADO) values ('126','12','83','Compra de flota de vehiculos ','idisid','1','0','15000','1',to_date('20/01/20','DD/MM/RR'),to_date('02/02/20','DD/MM/RR'),'1',null,to_date('20/01/20','DD/MM/RR'),null,null,null,null,null);
Insert into T_GENM_INICIATIVA (ID_INICIATIVA,ID_MEDMIT,ID_USUARIO,NOMBRE_INICIATIVA,DESC_INICIATIVA,ID_ESTADO,PRIVACIDAD_INICIATIVA,INVERSION_INICIATIVA,ID_MONEDA,FECHA_CREA_INICIATIVA,FECHA_IMPLE_INICIATIVA,ID_ETAPA,USUARIO_REGISTRO,FECHA_REGISTRO,IP_REGISTRO,USUARIO_MODIFICA,FECHA_MODIFICA,IP_MODIFICA,FLG_ESTADO) values ('127','12','83','Compra de flota de vehiculos ','idisid','1','0','15000','1',to_date('20/01/20','DD/MM/RR'),to_date('02/02/20','DD/MM/RR'),'1',null,to_date('20/01/20','DD/MM/RR'),null,null,null,null,null);
Insert into T_GENM_INICIATIVA (ID_INICIATIVA,ID_MEDMIT,ID_USUARIO,NOMBRE_INICIATIVA,DESC_INICIATIVA,ID_ESTADO,PRIVACIDAD_INICIATIVA,INVERSION_INICIATIVA,ID_MONEDA,FECHA_CREA_INICIATIVA,FECHA_IMPLE_INICIATIVA,ID_ETAPA,USUARIO_REGISTRO,FECHA_REGISTRO,IP_REGISTRO,USUARIO_MODIFICA,FECHA_MODIFICA,IP_MODIFICA,FLG_ESTADO) values ('36','12','82','20 Motos Electricas','Adquisicion de Motos para la flota de reparto','3','1','200000','2',null,to_date('01/01/18','DD/MM/RR'),'2',null,null,null,null,null,null,null);
Insert into T_GENM_INICIATIVA (ID_INICIATIVA,ID_MEDMIT,ID_USUARIO,NOMBRE_INICIATIVA,DESC_INICIATIVA,ID_ESTADO,PRIVACIDAD_INICIATIVA,INVERSION_INICIATIVA,ID_MONEDA,FECHA_CREA_INICIATIVA,FECHA_IMPLE_INICIATIVA,ID_ETAPA,USUARIO_REGISTRO,FECHA_REGISTRO,IP_REGISTRO,USUARIO_MODIFICA,FECHA_MODIFICA,IP_MODIFICA,FLG_ESTADO) values ('38','12','32','Implementacin de buses elctricos','La iniciativa contara con 4 buses elctricos que manejen combustible diesel.','1','0','4000','1',null,to_date('02/01/19','DD/MM/RR'),'1',null,null,null,null,null,null,null);
Insert into T_GENM_INICIATIVA (ID_INICIATIVA,ID_MEDMIT,ID_USUARIO,NOMBRE_INICIATIVA,DESC_INICIATIVA,ID_ESTADO,PRIVACIDAD_INICIATIVA,INVERSION_INICIATIVA,ID_MONEDA,FECHA_CREA_INICIATIVA,FECHA_IMPLE_INICIATIVA,ID_ETAPA,USUARIO_REGISTRO,FECHA_REGISTRO,IP_REGISTRO,USUARIO_MODIFICA,FECHA_MODIFICA,IP_MODIFICA,FLG_ESTADO) values ('74','12','1','AHORRAR ENERGIA',null,'0','0','2500','0',to_date('11/01/20','DD/MM/RR'),to_date('01/01/01','DD/MM/RR'),'1',null,to_date('11/01/20','DD/MM/RR'),null,null,null,null,null);
Insert into T_GENM_INICIATIVA (ID_INICIATIVA,ID_MEDMIT,ID_USUARIO,NOMBRE_INICIATIVA,DESC_INICIATIVA,ID_ESTADO,PRIVACIDAD_INICIATIVA,INVERSION_INICIATIVA,ID_MONEDA,FECHA_CREA_INICIATIVA,FECHA_IMPLE_INICIATIVA,ID_ETAPA,USUARIO_REGISTRO,FECHA_REGISTRO,IP_REGISTRO,USUARIO_MODIFICA,FECHA_MODIFICA,IP_MODIFICA,FLG_ESTADO) values ('43','12','25','Implementacin de moto elctrico ','Esta iniciativa contara con la compra de 3000 motos elctricos que manejaran el combustible de gasolina.','3','0','0','1',null,to_date('14/03/18','DD/MM/RR'),'2',null,null,null,null,null,null,null);
Insert into T_GENM_INICIATIVA (ID_INICIATIVA,ID_MEDMIT,ID_USUARIO,NOMBRE_INICIATIVA,DESC_INICIATIVA,ID_ESTADO,PRIVACIDAD_INICIATIVA,INVERSION_INICIATIVA,ID_MONEDA,FECHA_CREA_INICIATIVA,FECHA_IMPLE_INICIATIVA,ID_ETAPA,USUARIO_REGISTRO,FECHA_REGISTRO,IP_REGISTRO,USUARIO_MODIFICA,FECHA_MODIFICA,IP_MODIFICA,FLG_ESTADO) values ('45','12','82','10 Autos Electricos','Reemplazo de la Flota a 10 Autos Electricos (Anteriormente a Gasolina)','3','1','100000','2',null,to_date('01/01/18','DD/MM/RR'),'2',null,null,null,null,null,null,null);
Insert into T_GENM_INICIATIVA (ID_INICIATIVA,ID_MEDMIT,ID_USUARIO,NOMBRE_INICIATIVA,DESC_INICIATIVA,ID_ESTADO,PRIVACIDAD_INICIATIVA,INVERSION_INICIATIVA,ID_MONEDA,FECHA_CREA_INICIATIVA,FECHA_IMPLE_INICIATIVA,ID_ETAPA,USUARIO_REGISTRO,FECHA_REGISTRO,IP_REGISTRO,USUARIO_MODIFICA,FECHA_MODIFICA,IP_MODIFICA,FLG_ESTADO) values ('79','12','82','40 autos','40','5','1','0','0',to_date('13/01/20','DD/MM/RR'),to_date('01/01/18','DD/MM/RR'),'1',null,to_date('13/01/20','DD/MM/RR'),null,null,null,null,null);
Insert into T_GENM_INICIATIVA (ID_INICIATIVA,ID_MEDMIT,ID_USUARIO,NOMBRE_INICIATIVA,DESC_INICIATIVA,ID_ESTADO,PRIVACIDAD_INICIATIVA,INVERSION_INICIATIVA,ID_MONEDA,FECHA_CREA_INICIATIVA,FECHA_IMPLE_INICIATIVA,ID_ETAPA,USUARIO_REGISTRO,FECHA_REGISTRO,IP_REGISTRO,USUARIO_MODIFICA,FECHA_MODIFICA,IP_MODIFICA,FLG_ESTADO) values ('83','12','82','2 Taxis Electricos ByD','2 Taxis Electricos ByD','3','1','60000','2',to_date('13/01/20','DD/MM/RR'),to_date('01/01/18','DD/MM/RR'),'2',null,to_date('13/01/20','DD/MM/RR'),null,null,null,null,null);
Insert into T_GENM_INICIATIVA (ID_INICIATIVA,ID_MEDMIT,ID_USUARIO,NOMBRE_INICIATIVA,DESC_INICIATIVA,ID_ESTADO,PRIVACIDAD_INICIATIVA,INVERSION_INICIATIVA,ID_MONEDA,FECHA_CREA_INICIATIVA,FECHA_IMPLE_INICIATIVA,ID_ETAPA,USUARIO_REGISTRO,FECHA_REGISTRO,IP_REGISTRO,USUARIO_MODIFICA,FECHA_MODIFICA,IP_MODIFICA,FLG_ESTADO) values ('88','12','81','2 Buses Electricos ByD Aeropuerto','2 Buses Electricos ByD Aeropuerto','1','0','200000','2',to_date('14/01/20','DD/MM/RR'),to_date('01/01/01','DD/MM/RR'),'1',null,to_date('14/01/20','DD/MM/RR'),null,null,null,null,null);
Insert into T_GENM_INICIATIVA (ID_INICIATIVA,ID_MEDMIT,ID_USUARIO,NOMBRE_INICIATIVA,DESC_INICIATIVA,ID_ESTADO,PRIVACIDAD_INICIATIVA,INVERSION_INICIATIVA,ID_MONEDA,FECHA_CREA_INICIATIVA,FECHA_IMPLE_INICIATIVA,ID_ETAPA,USUARIO_REGISTRO,FECHA_REGISTRO,IP_REGISTRO,USUARIO_MODIFICA,FECHA_MODIFICA,IP_MODIFICA,FLG_ESTADO) values ('91','12','82','2 Buses para Turismo','2 Buses para Turismo','1','1','100000','2',to_date('14/01/20','DD/MM/RR'),to_date('01/01/18','DD/MM/RR'),'1',null,to_date('14/01/20','DD/MM/RR'),null,null,null,null,null);
Insert into T_GENM_INICIATIVA (ID_INICIATIVA,ID_MEDMIT,ID_USUARIO,NOMBRE_INICIATIVA,DESC_INICIATIVA,ID_ESTADO,PRIVACIDAD_INICIATIVA,INVERSION_INICIATIVA,ID_MONEDA,FECHA_CREA_INICIATIVA,FECHA_IMPLE_INICIATIVA,ID_ETAPA,USUARIO_REGISTRO,FECHA_REGISTRO,IP_REGISTRO,USUARIO_MODIFICA,FECHA_MODIFICA,IP_MODIFICA,FLG_ESTADO) values ('40','12','25','Implementacin de automviles elctricos','En esta medida se compraran 20 vehculos elctricos y manejaran el combustible de gasolina','1','1','80000','1',null,to_date('18/01/18','DD/MM/RR'),'1',null,null,null,null,null,null,null);
Insert into T_GENM_INICIATIVA (ID_INICIATIVA,ID_MEDMIT,ID_USUARIO,NOMBRE_INICIATIVA,DESC_INICIATIVA,ID_ESTADO,PRIVACIDAD_INICIATIVA,INVERSION_INICIATIVA,ID_MONEDA,FECHA_CREA_INICIATIVA,FECHA_IMPLE_INICIATIVA,ID_ETAPA,USUARIO_REGISTRO,FECHA_REGISTRO,IP_REGISTRO,USUARIO_MODIFICA,FECHA_MODIFICA,IP_MODIFICA,FLG_ESTADO) values ('41','12','25','Implementacin de automviles hbridos. ','Esta iniciativa contara con la compra de 20 automviles, estas manejaran el combustible gasolina.','1','0','30000','2',null,to_date('22/01/18','DD/MM/RR'),'1',null,null,null,null,null,null,null);
Insert into T_GENM_INICIATIVA (ID_INICIATIVA,ID_MEDMIT,ID_USUARIO,NOMBRE_INICIATIVA,DESC_INICIATIVA,ID_ESTADO,PRIVACIDAD_INICIATIVA,INVERSION_INICIATIVA,ID_MONEDA,FECHA_CREA_INICIATIVA,FECHA_IMPLE_INICIATIVA,ID_ETAPA,USUARIO_REGISTRO,FECHA_REGISTRO,IP_REGISTRO,USUARIO_MODIFICA,FECHA_MODIFICA,IP_MODIFICA,FLG_ESTADO) values ('73','12','1','REDUCCION CH4',null,'0','0','0','0',to_date('11/01/20','DD/MM/RR'),to_date('01/01/01','DD/MM/RR'),'1',null,to_date('11/01/20','DD/MM/RR'),null,null,null,null,null);
Insert into T_GENM_INICIATIVA (ID_INICIATIVA,ID_MEDMIT,ID_USUARIO,NOMBRE_INICIATIVA,DESC_INICIATIVA,ID_ESTADO,PRIVACIDAD_INICIATIVA,INVERSION_INICIATIVA,ID_MONEDA,FECHA_CREA_INICIATIVA,FECHA_IMPLE_INICIATIVA,ID_ETAPA,USUARIO_REGISTRO,FECHA_REGISTRO,IP_REGISTRO,USUARIO_MODIFICA,FECHA_MODIFICA,IP_MODIFICA,FLG_ESTADO) values ('94','7','1','REDUCIR N2O','REDUCIR N2O','0','0','1200','1',to_date('16/01/20','DD/MM/RR'),to_date('01/01/01','DD/MM/RR'),'1',null,to_date('16/01/20','DD/MM/RR'),null,null,null,null,null);
Insert into T_GENM_INICIATIVA (ID_INICIATIVA,ID_MEDMIT,ID_USUARIO,NOMBRE_INICIATIVA,DESC_INICIATIVA,ID_ESTADO,PRIVACIDAD_INICIATIVA,INVERSION_INICIATIVA,ID_MONEDA,FECHA_CREA_INICIATIVA,FECHA_IMPLE_INICIATIVA,ID_ETAPA,USUARIO_REGISTRO,FECHA_REGISTRO,IP_REGISTRO,USUARIO_MODIFICA,FECHA_MODIFICA,IP_MODIFICA,FLG_ESTADO) values ('95','7','1','REDUCIR CH4 Y CO2','REDUCIR CH4 Y CO2','2','0','300000','1',to_date('16/01/20','DD/MM/RR'),to_date('12/02/20','DD/MM/RR'),'1',null,to_date('16/01/20','DD/MM/RR'),null,null,null,null,null);
Insert into T_GENM_INICIATIVA (ID_INICIATIVA,ID_MEDMIT,ID_USUARIO,NOMBRE_INICIATIVA,DESC_INICIATIVA,ID_ESTADO,PRIVACIDAD_INICIATIVA,INVERSION_INICIATIVA,ID_MONEDA,FECHA_CREA_INICIATIVA,FECHA_IMPLE_INICIATIVA,ID_ETAPA,USUARIO_REGISTRO,FECHA_REGISTRO,IP_REGISTRO,USUARIO_MODIFICA,FECHA_MODIFICA,IP_MODIFICA,FLG_ESTADO) values ('37','12','25','adquisicin de vehculos elctricos','Medida que permitir reducir la contaminacin en el aire','1','1','3000','1',null,to_date('31/01/20','DD/MM/RR'),'1',null,null,null,null,null,null,null);
Insert into T_GENM_INICIATIVA (ID_INICIATIVA,ID_MEDMIT,ID_USUARIO,NOMBRE_INICIATIVA,DESC_INICIATIVA,ID_ESTADO,PRIVACIDAD_INICIATIVA,INVERSION_INICIATIVA,ID_MONEDA,FECHA_CREA_INICIATIVA,FECHA_IMPLE_INICIATIVA,ID_ETAPA,USUARIO_REGISTRO,FECHA_REGISTRO,IP_REGISTRO,USUARIO_MODIFICA,FECHA_MODIFICA,IP_MODIFICA,FLG_ESTADO) values ('39','12','32','Implementacin de buses hbridos','La iniciativa contara con la compra e implementacin de 4 buses hbridos, estas manejaran el combustible diesel. ','1','0','84000','1',null,to_date('31/01/18','DD/MM/RR'),'1',null,null,null,null,null,null,null);
Insert into T_GENM_INICIATIVA (ID_INICIATIVA,ID_MEDMIT,ID_USUARIO,NOMBRE_INICIATIVA,DESC_INICIATIVA,ID_ESTADO,PRIVACIDAD_INICIATIVA,INVERSION_INICIATIVA,ID_MONEDA,FECHA_CREA_INICIATIVA,FECHA_IMPLE_INICIATIVA,ID_ETAPA,USUARIO_REGISTRO,FECHA_REGISTRO,IP_REGISTRO,USUARIO_MODIFICA,FECHA_MODIFICA,IP_MODIFICA,FLG_ESTADO) values ('84','12','82','PROYECTO ENERGIA RENOVABLE','RENOVAR ENERGIA','1','1','30000','1',to_date('13/01/20','DD/MM/RR'),to_date('09/12/19','DD/MM/RR'),'1',null,to_date('13/01/20','DD/MM/RR'),null,null,null,null,null);
Insert into T_GENM_INICIATIVA (ID_INICIATIVA,ID_MEDMIT,ID_USUARIO,NOMBRE_INICIATIVA,DESC_INICIATIVA,ID_ESTADO,PRIVACIDAD_INICIATIVA,INVERSION_INICIATIVA,ID_MONEDA,FECHA_CREA_INICIATIVA,FECHA_IMPLE_INICIATIVA,ID_ETAPA,USUARIO_REGISTRO,FECHA_REGISTRO,IP_REGISTRO,USUARIO_MODIFICA,FECHA_MODIFICA,IP_MODIFICA,FLG_ESTADO) values ('92','12','81','2 Buses para Turismo','2 Buses para Turismo','1','0','100000','2',to_date('14/01/20','DD/MM/RR'),to_date('01/01/01','DD/MM/RR'),'1',null,to_date('14/01/20','DD/MM/RR'),null,null,null,null,null);
Insert into T_GENM_INICIATIVA (ID_INICIATIVA,ID_MEDMIT,ID_USUARIO,NOMBRE_INICIATIVA,DESC_INICIATIVA,ID_ESTADO,PRIVACIDAD_INICIATIVA,INVERSION_INICIATIVA,ID_MONEDA,FECHA_CREA_INICIATIVA,FECHA_IMPLE_INICIATIVA,ID_ETAPA,USUARIO_REGISTRO,FECHA_REGISTRO,IP_REGISTRO,USUARIO_MODIFICA,FECHA_MODIFICA,IP_MODIFICA,FLG_ESTADO) values ('81','12','84','2 Buses Electricos','2 Buses Electricos','3','1','200000','2',to_date('13/01/20','DD/MM/RR'),to_date('01/01/18','DD/MM/RR'),'2',null,to_date('13/01/20','DD/MM/RR'),null,null,null,null,null);
Insert into T_GENM_INICIATIVA (ID_INICIATIVA,ID_MEDMIT,ID_USUARIO,NOMBRE_INICIATIVA,DESC_INICIATIVA,ID_ESTADO,PRIVACIDAD_INICIATIVA,INVERSION_INICIATIVA,ID_MONEDA,FECHA_CREA_INICIATIVA,FECHA_IMPLE_INICIATIVA,ID_ETAPA,USUARIO_REGISTRO,FECHA_REGISTRO,IP_REGISTRO,USUARIO_MODIFICA,FECHA_MODIFICA,IP_MODIFICA,FLG_ESTADO) values ('2','12','1','REDUCCION CO2','PANELES DE CAPTACION DE CO2','3','1','2000','2',null,to_date('22/01/20','DD/MM/RR'),'2',null,null,null,null,null,null,null);
Insert into T_GENM_INICIATIVA (ID_INICIATIVA,ID_MEDMIT,ID_USUARIO,NOMBRE_INICIATIVA,DESC_INICIATIVA,ID_ESTADO,PRIVACIDAD_INICIATIVA,INVERSION_INICIATIVA,ID_MONEDA,FECHA_CREA_INICIATIVA,FECHA_IMPLE_INICIATIVA,ID_ETAPA,USUARIO_REGISTRO,FECHA_REGISTRO,IP_REGISTRO,USUARIO_MODIFICA,FECHA_MODIFICA,IP_MODIFICA,FLG_ESTADO) values ('82','12','82','10 Taxis Electricos Aeropuerto','10 Taxis Electricos Aeropuerto','3','1','200000','1',to_date('13/01/20','DD/MM/RR'),to_date('01/01/18','DD/MM/RR'),'2',null,to_date('13/01/20','DD/MM/RR'),null,null,null,null,null);
Insert into T_GENM_INICIATIVA (ID_INICIATIVA,ID_MEDMIT,ID_USUARIO,NOMBRE_INICIATIVA,DESC_INICIATIVA,ID_ESTADO,PRIVACIDAD_INICIATIVA,INVERSION_INICIATIVA,ID_MONEDA,FECHA_CREA_INICIATIVA,FECHA_IMPLE_INICIATIVA,ID_ETAPA,USUARIO_REGISTRO,FECHA_REGISTRO,IP_REGISTRO,USUARIO_MODIFICA,FECHA_MODIFICA,IP_MODIFICA,FLG_ESTADO) values ('101','7','1','REDUCIR CO2 2020','REDUCIR CO2 2020','2','0','300000','1',to_date('17/01/20','DD/MM/RR'),to_date('07/06/20','DD/MM/RR'),'1',null,to_date('17/01/20','DD/MM/RR'),null,null,null,null,null);
Insert into T_GENM_INICIATIVA (ID_INICIATIVA,ID_MEDMIT,ID_USUARIO,NOMBRE_INICIATIVA,DESC_INICIATIVA,ID_ESTADO,PRIVACIDAD_INICIATIVA,INVERSION_INICIATIVA,ID_MONEDA,FECHA_CREA_INICIATIVA,FECHA_IMPLE_INICIATIVA,ID_ETAPA,USUARIO_REGISTRO,FECHA_REGISTRO,IP_REGISTRO,USUARIO_MODIFICA,FECHA_MODIFICA,IP_MODIFICA,FLG_ESTADO) values ('42','12','25','Implementacin de Mototaxis elctricos','Esta iniciativa contara con la compra de 2000 mototaxis y manejara el combustible de gasolina.','1','1','0','1',null,to_date('22/02/18','DD/MM/RR'),'1',null,null,null,null,null,null,null);
Insert into T_GENM_INICIATIVA (ID_INICIATIVA,ID_MEDMIT,ID_USUARIO,NOMBRE_INICIATIVA,DESC_INICIATIVA,ID_ESTADO,PRIVACIDAD_INICIATIVA,INVERSION_INICIATIVA,ID_MONEDA,FECHA_CREA_INICIATIVA,FECHA_IMPLE_INICIATIVA,ID_ETAPA,USUARIO_REGISTRO,FECHA_REGISTRO,IP_REGISTRO,USUARIO_MODIFICA,FECHA_MODIFICA,IP_MODIFICA,FLG_ESTADO) values ('46','12','82','30 Autos Elctricos','Reemplazo a 30 unidades a gasolina','1','1','100000','2',null,to_date('01/01/18','DD/MM/RR'),'2',null,null,null,null,null,null,null);
Insert into T_GENM_INICIATIVA (ID_INICIATIVA,ID_MEDMIT,ID_USUARIO,NOMBRE_INICIATIVA,DESC_INICIATIVA,ID_ESTADO,PRIVACIDAD_INICIATIVA,INVERSION_INICIATIVA,ID_MONEDA,FECHA_CREA_INICIATIVA,FECHA_IMPLE_INICIATIVA,ID_ETAPA,USUARIO_REGISTRO,FECHA_REGISTRO,IP_REGISTRO,USUARIO_MODIFICA,FECHA_MODIFICA,IP_MODIFICA,FLG_ESTADO) values ('102','12','1','MEJORAR N2O 2020','MEJORAR N2O 2020','3','0','3000000','1',to_date('17/01/20','DD/MM/RR'),to_date('03/10/20','DD/MM/RR'),'4',null,to_date('17/01/20','DD/MM/RR'),null,null,null,null,null);
Insert into T_GENM_INICIATIVA (ID_INICIATIVA,ID_MEDMIT,ID_USUARIO,NOMBRE_INICIATIVA,DESC_INICIATIVA,ID_ESTADO,PRIVACIDAD_INICIATIVA,INVERSION_INICIATIVA,ID_MONEDA,FECHA_CREA_INICIATIVA,FECHA_IMPLE_INICIATIVA,ID_ETAPA,USUARIO_REGISTRO,FECHA_REGISTRO,IP_REGISTRO,USUARIO_MODIFICA,FECHA_MODIFICA,IP_MODIFICA,FLG_ESTADO) values ('121','12','123','10 Taxis Electricos para el Aeropuerto Jorge Chavez','10 Taxis Electricos para el Aeropuerto Jorge Chavez','1','0','200000','2',to_date('18/01/20','DD/MM/RR'),to_date('01/01/18','DD/MM/RR'),'1',null,to_date('18/01/20','DD/MM/RR'),null,null,null,null,null);
Insert into T_GENM_INICIATIVA (ID_INICIATIVA,ID_MEDMIT,ID_USUARIO,NOMBRE_INICIATIVA,DESC_INICIATIVA,ID_ESTADO,PRIVACIDAD_INICIATIVA,INVERSION_INICIATIVA,ID_MONEDA,FECHA_CREA_INICIATIVA,FECHA_IMPLE_INICIATIVA,ID_ETAPA,USUARIO_REGISTRO,FECHA_REGISTRO,IP_REGISTRO,USUARIO_MODIFICA,FECHA_MODIFICA,IP_MODIFICA,FLG_ESTADO) values ('122','12','123','10 Taxis Electricos para el Aeropuerto Jorge Chavez','10 Taxis Electricos para el Aeropuerto Jorge Chavez','1','0','200000','2',to_date('18/01/20','DD/MM/RR'),to_date('01/01/18','DD/MM/RR'),'1',null,to_date('18/01/20','DD/MM/RR'),null,null,null,null,null);
Insert into T_GENM_INICIATIVA (ID_INICIATIVA,ID_MEDMIT,ID_USUARIO,NOMBRE_INICIATIVA,DESC_INICIATIVA,ID_ESTADO,PRIVACIDAD_INICIATIVA,INVERSION_INICIATIVA,ID_MONEDA,FECHA_CREA_INICIATIVA,FECHA_IMPLE_INICIATIVA,ID_ETAPA,USUARIO_REGISTRO,FECHA_REGISTRO,IP_REGISTRO,USUARIO_MODIFICA,FECHA_MODIFICA,IP_MODIFICA,FLG_ESTADO) values ('75','0','81',null,null,'0',' ','0','0',to_date('11/01/20','DD/MM/RR'),to_date('01/01/01','DD/MM/RR'),'1',null,to_date('11/01/20','DD/MM/RR'),null,null,null,null,null);
Insert into T_GENM_INICIATIVA (ID_INICIATIVA,ID_MEDMIT,ID_USUARIO,NOMBRE_INICIATIVA,DESC_INICIATIVA,ID_ESTADO,PRIVACIDAD_INICIATIVA,INVERSION_INICIATIVA,ID_MONEDA,FECHA_CREA_INICIATIVA,FECHA_IMPLE_INICIATIVA,ID_ETAPA,USUARIO_REGISTRO,FECHA_REGISTRO,IP_REGISTRO,USUARIO_MODIFICA,FECHA_MODIFICA,IP_MODIFICA,FLG_ESTADO) values ('123','12','123','10 Taxis Electricos para el Aeropuerto Jorge Chavez','10 Taxis Electricos para el Aeropuerto Jorge Chavez','1','0','200000','2',to_date('18/01/20','DD/MM/RR'),to_date('01/01/18','DD/MM/RR'),'1',null,to_date('18/01/20','DD/MM/RR'),null,null,null,null,null);
Insert into T_GENM_INICIATIVA (ID_INICIATIVA,ID_MEDMIT,ID_USUARIO,NOMBRE_INICIATIVA,DESC_INICIATIVA,ID_ESTADO,PRIVACIDAD_INICIATIVA,INVERSION_INICIATIVA,ID_MONEDA,FECHA_CREA_INICIATIVA,FECHA_IMPLE_INICIATIVA,ID_ETAPA,USUARIO_REGISTRO,FECHA_REGISTRO,IP_REGISTRO,USUARIO_MODIFICA,FECHA_MODIFICA,IP_MODIFICA,FLG_ESTADO) values ('124','12','123','10 Taxis Electricos para el Aeropuerto Jorge Chavez','10 Taxis Electricos para el Aeropuerto Jorge Chavez','3','0','200000','2',to_date('18/01/20','DD/MM/RR'),to_date('01/01/18','DD/MM/RR'),'4',null,to_date('18/01/20','DD/MM/RR'),null,null,null,null,null);
Insert into T_GENM_INICIATIVA (ID_INICIATIVA,ID_MEDMIT,ID_USUARIO,NOMBRE_INICIATIVA,DESC_INICIATIVA,ID_ESTADO,PRIVACIDAD_INICIATIVA,INVERSION_INICIATIVA,ID_MONEDA,FECHA_CREA_INICIATIVA,FECHA_IMPLE_INICIATIVA,ID_ETAPA,USUARIO_REGISTRO,FECHA_REGISTRO,IP_REGISTRO,USUARIO_MODIFICA,FECHA_MODIFICA,IP_MODIFICA,FLG_ESTADO) values ('125','12','123','10 Taxis Electricos para el Aeropuerto Jorge Chavez','10 Taxis Electricos para el Aeropuerto Jorge Chavez','1','0','200000','2',to_date('18/01/20','DD/MM/RR'),to_date('01/01/18','DD/MM/RR'),'1',null,to_date('18/01/20','DD/MM/RR'),null,null,null,null,null);
Insert into T_GENM_INICIATIVA (ID_INICIATIVA,ID_MEDMIT,ID_USUARIO,NOMBRE_INICIATIVA,DESC_INICIATIVA,ID_ESTADO,PRIVACIDAD_INICIATIVA,INVERSION_INICIATIVA,ID_MONEDA,FECHA_CREA_INICIATIVA,FECHA_IMPLE_INICIATIVA,ID_ETAPA,USUARIO_REGISTRO,FECHA_REGISTRO,IP_REGISTRO,USUARIO_MODIFICA,FECHA_MODIFICA,IP_MODIFICA,FLG_ESTADO) values ('76','0','81',null,null,'0',' ','0','0',to_date('11/01/20','DD/MM/RR'),to_date('01/01/01','DD/MM/RR'),'1',null,to_date('11/01/20','DD/MM/RR'),null,null,null,null,null);
Insert into T_GENM_INICIATIVA (ID_INICIATIVA,ID_MEDMIT,ID_USUARIO,NOMBRE_INICIATIVA,DESC_INICIATIVA,ID_ESTADO,PRIVACIDAD_INICIATIVA,INVERSION_INICIATIVA,ID_MONEDA,FECHA_CREA_INICIATIVA,FECHA_IMPLE_INICIATIVA,ID_ETAPA,USUARIO_REGISTRO,FECHA_REGISTRO,IP_REGISTRO,USUARIO_MODIFICA,FECHA_MODIFICA,IP_MODIFICA,FLG_ESTADO) values ('77','0','81',null,null,'0',' ','0','0',to_date('11/01/20','DD/MM/RR'),to_date('01/01/01','DD/MM/RR'),'1',null,to_date('11/01/20','DD/MM/RR'),null,null,null,null,null);
Insert into T_GENM_INICIATIVA (ID_INICIATIVA,ID_MEDMIT,ID_USUARIO,NOMBRE_INICIATIVA,DESC_INICIATIVA,ID_ESTADO,PRIVACIDAD_INICIATIVA,INVERSION_INICIATIVA,ID_MONEDA,FECHA_CREA_INICIATIVA,FECHA_IMPLE_INICIATIVA,ID_ETAPA,USUARIO_REGISTRO,FECHA_REGISTRO,IP_REGISTRO,USUARIO_MODIFICA,FECHA_MODIFICA,IP_MODIFICA,FLG_ESTADO) values ('78','0','81',null,null,'0',' ','0','0',to_date('11/01/20','DD/MM/RR'),to_date('01/01/01','DD/MM/RR'),'1',null,to_date('11/01/20','DD/MM/RR'),null,null,null,null,null);
Insert into T_GENM_INICIATIVA (ID_INICIATIVA,ID_MEDMIT,ID_USUARIO,NOMBRE_INICIATIVA,DESC_INICIATIVA,ID_ESTADO,PRIVACIDAD_INICIATIVA,INVERSION_INICIATIVA,ID_MONEDA,FECHA_CREA_INICIATIVA,FECHA_IMPLE_INICIATIVA,ID_ETAPA,USUARIO_REGISTRO,FECHA_REGISTRO,IP_REGISTRO,USUARIO_MODIFICA,FECHA_MODIFICA,IP_MODIFICA,FLG_ESTADO) values ('80','12','84','50 taxis Eelctricos','50 taxis Eelctricos','3','1','1500000','2',to_date('13/01/20','DD/MM/RR'),to_date('01/01/18','DD/MM/RR'),'2',null,to_date('13/01/20','DD/MM/RR'),null,null,null,null,null);
Insert into T_GENM_INICIATIVA (ID_INICIATIVA,ID_MEDMIT,ID_USUARIO,NOMBRE_INICIATIVA,DESC_INICIATIVA,ID_ESTADO,PRIVACIDAD_INICIATIVA,INVERSION_INICIATIVA,ID_MONEDA,FECHA_CREA_INICIATIVA,FECHA_IMPLE_INICIATIVA,ID_ETAPA,USUARIO_REGISTRO,FECHA_REGISTRO,IP_REGISTRO,USUARIO_MODIFICA,FECHA_MODIFICA,IP_MODIFICA,FLG_ESTADO) values ('35','12','82','10 Vehiculos Electricos Flota de Transporte','Se han adquirido 10 Vehiculos para reemplazar 5 Camiones de 12m y 5 Autos a Gasolina','0','1','300000','2',null,to_date('01/01/18','DD/MM/RR'),'1',null,null,null,null,null,null,null);
Insert into T_GENM_INICIATIVA (ID_INICIATIVA,ID_MEDMIT,ID_USUARIO,NOMBRE_INICIATIVA,DESC_INICIATIVA,ID_ESTADO,PRIVACIDAD_INICIATIVA,INVERSION_INICIATIVA,ID_MONEDA,FECHA_CREA_INICIATIVA,FECHA_IMPLE_INICIATIVA,ID_ETAPA,USUARIO_REGISTRO,FECHA_REGISTRO,IP_REGISTRO,USUARIO_MODIFICA,FECHA_MODIFICA,IP_MODIFICA,FLG_ESTADO) values ('85','12','82','PROYECTO PANELES SOLARES','IMPLEMENTACION DE PANELES SOLARES','1','0','3500','2',to_date('13/01/20','DD/MM/RR'),to_date('12/09/19','DD/MM/RR'),'1',null,to_date('13/01/20','DD/MM/RR'),null,null,null,null,null);
Insert into T_GENM_INICIATIVA (ID_INICIATIVA,ID_MEDMIT,ID_USUARIO,NOMBRE_INICIATIVA,DESC_INICIATIVA,ID_ESTADO,PRIVACIDAD_INICIATIVA,INVERSION_INICIATIVA,ID_MONEDA,FECHA_CREA_INICIATIVA,FECHA_IMPLE_INICIATIVA,ID_ETAPA,USUARIO_REGISTRO,FECHA_REGISTRO,IP_REGISTRO,USUARIO_MODIFICA,FECHA_MODIFICA,IP_MODIFICA,FLG_ESTADO) values ('86','12','83','Carritos chocones ','Se cambiaran los carros por carritos chocones','1','0','500000','1',to_date('13/01/20','DD/MM/RR'),to_date('21/01/20','DD/MM/RR'),'1',null,to_date('13/01/20','DD/MM/RR'),null,null,null,null,null);
Insert into T_GENM_INICIATIVA (ID_INICIATIVA,ID_MEDMIT,ID_USUARIO,NOMBRE_INICIATIVA,DESC_INICIATIVA,ID_ESTADO,PRIVACIDAD_INICIATIVA,INVERSION_INICIATIVA,ID_MONEDA,FECHA_CREA_INICIATIVA,FECHA_IMPLE_INICIATIVA,ID_ETAPA,USUARIO_REGISTRO,FECHA_REGISTRO,IP_REGISTRO,USUARIO_MODIFICA,FECHA_MODIFICA,IP_MODIFICA,FLG_ESTADO) values ('87','12','82','2 Buses Electricos ByD Aeropuerto','2 Buses Electricos ByD Aeropuerto','1','1','200000','2',to_date('14/01/20','DD/MM/RR'),to_date('01/01/18','DD/MM/RR'),'1',null,to_date('14/01/20','DD/MM/RR'),null,null,null,null,null);
Insert into T_GENM_INICIATIVA (ID_INICIATIVA,ID_MEDMIT,ID_USUARIO,NOMBRE_INICIATIVA,DESC_INICIATIVA,ID_ESTADO,PRIVACIDAD_INICIATIVA,INVERSION_INICIATIVA,ID_MONEDA,FECHA_CREA_INICIATIVA,FECHA_IMPLE_INICIATIVA,ID_ETAPA,USUARIO_REGISTRO,FECHA_REGISTRO,IP_REGISTRO,USUARIO_MODIFICA,FECHA_MODIFICA,IP_MODIFICA,FLG_ESTADO) values ('89','12','82','5 Motos Electricas para flota de reparto','5 Motos Electricas para flota de reparto','1','1','10000','2',to_date('14/01/20','DD/MM/RR'),to_date('01/01/18','DD/MM/RR'),'1',null,to_date('14/01/20','DD/MM/RR'),null,null,null,null,null);
Insert into T_GENM_INICIATIVA (ID_INICIATIVA,ID_MEDMIT,ID_USUARIO,NOMBRE_INICIATIVA,DESC_INICIATIVA,ID_ESTADO,PRIVACIDAD_INICIATIVA,INVERSION_INICIATIVA,ID_MONEDA,FECHA_CREA_INICIATIVA,FECHA_IMPLE_INICIATIVA,ID_ETAPA,USUARIO_REGISTRO,FECHA_REGISTRO,IP_REGISTRO,USUARIO_MODIFICA,FECHA_MODIFICA,IP_MODIFICA,FLG_ESTADO) values ('90','12','81','5 Motos Electricas para flota de reparto','5 Motos Electricas para flota de reparto','1','0','10000','2',to_date('14/01/20','DD/MM/RR'),to_date('01/01/01','DD/MM/RR'),'1',null,to_date('14/01/20','DD/MM/RR'),null,null,null,null,null);
REM INSERTING into T_GENM_INSTITUCION
SET DEFINE OFF;
Insert into T_GENM_INSTITUCION (ID_INSTITUCION,ID_SECTOR_INSTITUCION,RUC_INSTITUCION,NOMBRE_INSTITUCION,DIRECCION_INSTITUCION,FLAG_ESTADO) values ('21','2','20872897192','GLORIA','Av Javier Prado 670',null);
Insert into T_GENM_INSTITUCION (ID_INSTITUCION,ID_SECTOR_INSTITUCION,RUC_INSTITUCION,NOMBRE_INSTITUCION,DIRECCION_INSTITUCION,FLAG_ESTADO) values ('41','2','20521718227','SLV','Av. Bolivar 850 Of 335 Pueblo Libre',null);
Insert into T_GENM_INSTITUCION (ID_INSTITUCION,ID_SECTOR_INSTITUCION,RUC_INSTITUCION,NOMBRE_INSTITUCION,DIRECCION_INSTITUCION,FLAG_ESTADO) values ('42','1','20131368829','Ministerio de Energa y Minas','Av. De Las Artes Sur 260, San Borja 15036',null);
Insert into T_GENM_INSTITUCION (ID_INSTITUCION,ID_SECTOR_INSTITUCION,RUC_INSTITUCION,NOMBRE_INSTITUCION,DIRECCION_INSTITUCION,FLAG_ESTADO) values ('44','2','20164113532','Universidad Cesar Vallejo','Av. Larco Nro. 1770',null);
Insert into T_GENM_INSTITUCION (ID_INSTITUCION,ID_SECTOR_INSTITUCION,RUC_INSTITUCION,NOMBRE_INSTITUCION,DIRECCION_INSTITUCION,FLAG_ESTADO) values ('45','2','20100055237','Alicorp SAC','Av. Argentina Nro. 4793',null);
Insert into T_GENM_INSTITUCION (ID_INSTITUCION,ID_SECTOR_INSTITUCION,RUC_INSTITUCION,NOMBRE_INSTITUCION,DIRECCION_INSTITUCION,FLAG_ESTADO) values ('46','3','20164113532','Universidad Cesar Vallejo S.A.C.','Av. Larco Nro. 1770',null);
Insert into T_GENM_INSTITUCION (ID_INSTITUCION,ID_SECTOR_INSTITUCION,RUC_INSTITUCION,NOMBRE_INSTITUCION,DIRECCION_INSTITUCION,FLAG_ESTADO) values ('47','3','20169004359','Universidad Nacional de Ingenieria Uni','Avenida Tupac Amaru 210 Apartado 1301, Rmac 15333',null);
Insert into T_GENM_INSTITUCION (ID_INSTITUCION,ID_SECTOR_INSTITUCION,RUC_INSTITUCION,NOMBRE_INSTITUCION,DIRECCION_INSTITUCION,FLAG_ESTADO) values ('58','2','102563011297','Lima 20','Av. Caminos del inca 582',null);
Insert into T_GENM_INSTITUCION (ID_INSTITUCION,ID_SECTOR_INSTITUCION,RUC_INSTITUCION,NOMBRE_INSTITUCION,DIRECCION_INSTITUCION,FLAG_ESTADO) values ('61','2','20521718227','SLV','Av Bolivar 850 Pueblo Libre',null);
Insert into T_GENM_INSTITUCION (ID_INSTITUCION,ID_SECTOR_INSTITUCION,RUC_INSTITUCION,NOMBRE_INSTITUCION,DIRECCION_INSTITUCION,FLAG_ESTADO) values ('66','2','20105687205','BANCO DE CRDITO DEL PER','AV LOS JARDINES',null);
Insert into T_GENM_INSTITUCION (ID_INSTITUCION,ID_SECTOR_INSTITUCION,RUC_INSTITUCION,NOMBRE_INSTITUCION,DIRECCION_INSTITUCION,FLAG_ESTADO) values ('73','2','20564789354','Civa transporte','jr caminos del inca 360 ',null);
Insert into T_GENM_INSTITUCION (ID_INSTITUCION,ID_SECTOR_INSTITUCION,RUC_INSTITUCION,NOMBRE_INSTITUCION,DIRECCION_INSTITUCION,FLAG_ESTADO) values ('74','2','2013456789','Grupo  Zuiga','Caminos del inca3156',null);
Insert into T_GENM_INSTITUCION (ID_INSTITUCION,ID_SECTOR_INSTITUCION,RUC_INSTITUCION,NOMBRE_INSTITUCION,DIRECCION_INSTITUCION,FLAG_ESTADO) values ('75','2','2222','BCP',null,null);
Insert into T_GENM_INSTITUCION (ID_INSTITUCION,ID_SECTOR_INSTITUCION,RUC_INSTITUCION,NOMBRE_INSTITUCION,DIRECCION_INSTITUCION,FLAG_ESTADO) values ('78','3','898788788','GLORIA','AV',null);
Insert into T_GENM_INSTITUCION (ID_INSTITUCION,ID_SECTOR_INSTITUCION,RUC_INSTITUCION,NOMBRE_INSTITUCION,DIRECCION_INSTITUCION,FLAG_ESTADO) values ('1','3','20148092282','UNIVERSIDAD NACIONAL MAYOR DE SAN MARCOS','CAL.GERMAN AMEZAGA NRO. 375 OTROS LIMA - LIMA - LIMA',null);
Insert into T_GENM_INSTITUCION (ID_INSTITUCION,ID_SECTOR_INSTITUCION,RUC_INSTITUCION,NOMBRE_INSTITUCION,DIRECCION_INSTITUCION,FLAG_ESTADO) values ('3','1','20131368829','MINISTERIO DE ENERGIA Y MINAS','AV. LAS ARTES NRO. 260 URB. SAN BORJA LIMA - LIMA - SAN BORJA',null);
Insert into T_GENM_INSTITUCION (ID_INSTITUCION,ID_SECTOR_INSTITUCION,RUC_INSTITUCION,NOMBRE_INSTITUCION,DIRECCION_INSTITUCION,FLAG_ESTADO) values ('62','2','20405685987','GRUPO ZUIGA','AV LA MARINA',null);
Insert into T_GENM_INSTITUCION (ID_INSTITUCION,ID_SECTOR_INSTITUCION,RUC_INSTITUCION,NOMBRE_INSTITUCION,DIRECCION_INSTITUCION,FLAG_ESTADO) values ('65','2','20521718227','SLV','Av. Bolivar 850 PL',null);
Insert into T_GENM_INSTITUCION (ID_INSTITUCION,ID_SECTOR_INSTITUCION,RUC_INSTITUCION,NOMBRE_INSTITUCION,DIRECCION_INSTITUCION,FLAG_ESTADO) values ('77','2','2034567895','Grupo Zuiga','Av. royal vidal Mz Q',null);
Insert into T_GENM_INSTITUCION (ID_INSTITUCION,ID_SECTOR_INSTITUCION,RUC_INSTITUCION,NOMBRE_INSTITUCION,DIRECCION_INSTITUCION,FLAG_ESTADO) values ('79','3','20345678923','Colegio Imperio del Tahuantinsuyo','Av. Chinchaysuyo',null);
Insert into T_GENM_INSTITUCION (ID_INSTITUCION,ID_SECTOR_INSTITUCION,RUC_INSTITUCION,NOMBRE_INSTITUCION,DIRECCION_INSTITUCION,FLAG_ESTADO) values ('83','3','2034567854371','Colegio imperio del Tahuantinsuyo','Av. chinchaysuyo 4589',null);
Insert into T_GENM_INSTITUCION (ID_INSTITUCION,ID_SECTOR_INSTITUCION,RUC_INSTITUCION,NOMBRE_INSTITUCION,DIRECCION_INSTITUCION,FLAG_ESTADO) values ('84','5','20521718229','Micromatic','Av. Wilson 1261',null);
Insert into T_GENM_INSTITUCION (ID_INSTITUCION,ID_SECTOR_INSTITUCION,RUC_INSTITUCION,NOMBRE_INSTITUCION,DIRECCION_INSTITUCION,FLAG_ESTADO) values ('102','5','20521718227','Grupo Zuiga','Av. Caminos del Inca 3140 Oficina 502',null);
Insert into T_GENM_INSTITUCION (ID_INSTITUCION,ID_SECTOR_INSTITUCION,RUC_INSTITUCION,NOMBRE_INSTITUCION,DIRECCION_INSTITUCION,FLAG_ESTADO) values ('22','2','20874686431','EL COMERCIO','Av Abancay 430',null);
Insert into T_GENM_INSTITUCION (ID_INSTITUCION,ID_SECTOR_INSTITUCION,RUC_INSTITUCION,NOMBRE_INSTITUCION,DIRECCION_INSTITUCION,FLAG_ESTADO) values ('43','1','20131380951','Municipalidad Metropolitana de Lima','Jr. Camana Nro. 566 Cercado de Lima',null);
Insert into T_GENM_INSTITUCION (ID_INSTITUCION,ID_SECTOR_INSTITUCION,RUC_INSTITUCION,NOMBRE_INSTITUCION,DIRECCION_INSTITUCION,FLAG_ESTADO) values ('48','4','20106897914','Entel Peru S.A.','Av. Republica de Colombia Nro. 791 (Piso 14 Esq. Cdra 34 Paseo D L Republica)',null);
Insert into T_GENM_INSTITUCION (ID_INSTITUCION,ID_SECTOR_INSTITUCION,RUC_INSTITUCION,NOMBRE_INSTITUCION,DIRECCION_INSTITUCION,FLAG_ESTADO) values ('82','5','20521718227','SLV','Av. Bolivar 850 PL',null);
Insert into T_GENM_INSTITUCION (ID_INSTITUCION,ID_SECTOR_INSTITUCION,RUC_INSTITUCION,NOMBRE_INSTITUCION,DIRECCION_INSTITUCION,FLAG_ESTADO) values ('53','4','20531594780','Empresa de Transportes America Express S.A','Av. Cajamarca Sur Nro. 167',null);
Insert into T_GENM_INSTITUCION (ID_INSTITUCION,ID_SECTOR_INSTITUCION,RUC_INSTITUCION,NOMBRE_INSTITUCION,DIRECCION_INSTITUCION,FLAG_ESTADO) values ('57','2','2510023697',null,'Av. Caminos del Inca 4586',null);
Insert into T_GENM_INSTITUCION (ID_INSTITUCION,ID_SECTOR_INSTITUCION,RUC_INSTITUCION,NOMBRE_INSTITUCION,DIRECCION_INSTITUCION,FLAG_ESTADO) values ('59','2','20521718227','Grupo Zniga SAC','Av. Caminos del Inca 3140 Of 502 Santiago de Surco Lima',null);
Insert into T_GENM_INSTITUCION (ID_INSTITUCION,ID_SECTOR_INSTITUCION,RUC_INSTITUCION,NOMBRE_INSTITUCION,DIRECCION_INSTITUCION,FLAG_ESTADO) values ('63','2','20125489201','INTERBANK','AV JAVIER PRADO 741',null);
Insert into T_GENM_INSTITUCION (ID_INSTITUCION,ID_SECTOR_INSTITUCION,RUC_INSTITUCION,NOMBRE_INSTITUCION,DIRECCION_INSTITUCION,FLAG_ESTADO) values ('64','2','20102548632','EDELNOR','AV ARGENTINA 325',null);
Insert into T_GENM_INSTITUCION (ID_INSTITUCION,ID_SECTOR_INSTITUCION,RUC_INSTITUCION,NOMBRE_INSTITUCION,DIRECCION_INSTITUCION,FLAG_ESTADO) values ('67','2','20105248752','MINEM','AV LAS FLORES',null);
Insert into T_GENM_INSTITUCION (ID_INSTITUCION,ID_SECTOR_INSTITUCION,RUC_INSTITUCION,NOMBRE_INSTITUCION,DIRECCION_INSTITUCION,FLAG_ESTADO) values ('81','1','20521718228','MINEM','Av. Las Artes 897 San Borja',null);
Insert into T_GENM_INSTITUCION (ID_INSTITUCION,ID_SECTOR_INSTITUCION,RUC_INSTITUCION,NOMBRE_INSTITUCION,DIRECCION_INSTITUCION,FLAG_ESTADO) values ('101','3','2098787878','BITEL','AV LAS FLORES',null);
Insert into T_GENM_INSTITUCION (ID_INSTITUCION,ID_SECTOR_INSTITUCION,RUC_INSTITUCION,NOMBRE_INSTITUCION,DIRECCION_INSTITUCION,FLAG_ESTADO) values ('103','5','20521718228','Grupo Zuiga S.A.C.','Av. Caminos del Inca 3410 Of 502 Surco',null);
Insert into T_GENM_INSTITUCION (ID_INSTITUCION,ID_SECTOR_INSTITUCION,RUC_INSTITUCION,NOMBRE_INSTITUCION,DIRECCION_INSTITUCION,FLAG_ESTADO) values ('2','2','20198759349','BACKUPS','AV TUPAC AMARU 1239',null);
Insert into T_GENM_INSTITUCION (ID_INSTITUCION,ID_SECTOR_INSTITUCION,RUC_INSTITUCION,NOMBRE_INSTITUCION,DIRECCION_INSTITUCION,FLAG_ESTADO) values ('4','2','20879456768','IBM','Av. Javier Prado 754 ',null);
Insert into T_GENM_INSTITUCION (ID_INSTITUCION,ID_SECTOR_INSTITUCION,RUC_INSTITUCION,NOMBRE_INSTITUCION,DIRECCION_INSTITUCION,FLAG_ESTADO) values ('49','2','20109072177','Cencosud Retail Peru S.A.','Cal. Augusto Angulo Nro. 130 ',null);
Insert into T_GENM_INSTITUCION (ID_INSTITUCION,ID_SECTOR_INSTITUCION,RUC_INSTITUCION,NOMBRE_INSTITUCION,DIRECCION_INSTITUCION,FLAG_ESTADO) values ('50','4','20102427891','TURISMO CIVA S.A.C.','Jr. Sancho de Rivera Nro. 1184',null);
Insert into T_GENM_INSTITUCION (ID_INSTITUCION,ID_SECTOR_INSTITUCION,RUC_INSTITUCION,NOMBRE_INSTITUCION,DIRECCION_INSTITUCION,FLAG_ESTADO) values ('51','4','20102427891','Turismo Civa S.A.C.','Jr. Sancho de Rivera Nro. 1184',null);
Insert into T_GENM_INSTITUCION (ID_INSTITUCION,ID_SECTOR_INSTITUCION,RUC_INSTITUCION,NOMBRE_INSTITUCION,DIRECCION_INSTITUCION,FLAG_ESTADO) values ('68','2','20158748562','ETNA','AV LA MARINA 1205',null);
Insert into T_GENM_INSTITUCION (ID_INSTITUCION,ID_SECTOR_INSTITUCION,RUC_INSTITUCION,NOMBRE_INSTITUCION,DIRECCION_INSTITUCION,FLAG_ESTADO) values ('69','2','2051452144','SODIMAC','AV LAS FLORES',null);
Insert into T_GENM_INSTITUCION (ID_INSTITUCION,ID_SECTOR_INSTITUCION,RUC_INSTITUCION,NOMBRE_INSTITUCION,DIRECCION_INSTITUCION,FLAG_ESTADO) values ('70','2','2015485478544','AIRLINE','AV FAUCCET',null);
Insert into T_GENM_INSTITUCION (ID_INSTITUCION,ID_SECTOR_INSTITUCION,RUC_INSTITUCION,NOMBRE_INSTITUCION,DIRECCION_INSTITUCION,FLAG_ESTADO) values ('56','4','20531594780','Empresa de Transportes America Express S.A',null,null);
Insert into T_GENM_INSTITUCION (ID_INSTITUCION,ID_SECTOR_INSTITUCION,RUC_INSTITUCION,NOMBRE_INSTITUCION,DIRECCION_INSTITUCION,FLAG_ESTADO) values ('60','2','20906789901','GRUPO ZUIGA','Av Caminos del Inca',null);
Insert into T_GENM_INSTITUCION (ID_INSTITUCION,ID_SECTOR_INSTITUCION,RUC_INSTITUCION,NOMBRE_INSTITUCION,DIRECCION_INSTITUCION,FLAG_ESTADO) values ('71','2','2098827373','BCP','AV LOS JARDINES',null);
Insert into T_GENM_INSTITUCION (ID_INSTITUCION,ID_SECTOR_INSTITUCION,RUC_INSTITUCION,NOMBRE_INSTITUCION,DIRECCION_INSTITUCION,FLAG_ESTADO) values ('72','1','20986539871','BANCO DE LA NACION','AV ABANCAY',null);
Insert into T_GENM_INSTITUCION (ID_INSTITUCION,ID_SECTOR_INSTITUCION,RUC_INSTITUCION,NOMBRE_INSTITUCION,DIRECCION_INSTITUCION,FLAG_ESTADO) values ('76','3','8888888','MINEM','AV',null);
Insert into T_GENM_INSTITUCION (ID_INSTITUCION,ID_SECTOR_INSTITUCION,RUC_INSTITUCION,NOMBRE_INSTITUCION,DIRECCION_INSTITUCION,FLAG_ESTADO) values ('122','5','20521718227','SLV Store','Av. Bolivar 850 Pueblo Libre',null);
Insert into T_GENM_INSTITUCION (ID_INSTITUCION,ID_SECTOR_INSTITUCION,RUC_INSTITUCION,NOMBRE_INSTITUCION,DIRECCION_INSTITUCION,FLAG_ESTADO) values ('123','5','20521718228','Grupo Zuiga S.A.C.','Caminos del Inca 3410 Of. 502 Surco Lima',null);
REM INSERTING into T_GENM_NOTIFICACION
SET DEFINE OFF;
Insert into T_GENM_NOTIFICACION (ID_NOTIFICACION,ID_INICIATIVA,ID_ETAPA,ID_ESTADO,FECHA_REGISTRO,ID_ROL,ID_USUARIO,FLG_VISTO,FECHA_VISTO,ID_USUARIO_VISTO,DESCRIPCION,ID_ESTADO_NOTIFICACION) values ('12','93','1','1',to_date('15/01/20','DD/MM/RR'),'2',null,'0',null,null,'La iniciativa de la entidad SLV ha sido registrado correctamente y requiere su revisin','0');
Insert into T_GENM_NOTIFICACION (ID_NOTIFICACION,ID_INICIATIVA,ID_ETAPA,ID_ESTADO,FECHA_REGISTRO,ID_ROL,ID_USUARIO,FLG_VISTO,FECHA_VISTO,ID_USUARIO_VISTO,DESCRIPCION,ID_ESTADO_NOTIFICACION) values ('41','126','1','1',to_date('20/01/20','DD/MM/RR'),'2',null,'0',null,null,'La iniciativa de la entidad Colegio imperio del Tahuantinsuyo ha sido registrado correctamente y requiere su revisin','0');
Insert into T_GENM_NOTIFICACION (ID_NOTIFICACION,ID_INICIATIVA,ID_ETAPA,ID_ESTADO,FECHA_REGISTRO,ID_ROL,ID_USUARIO,FLG_VISTO,FECHA_VISTO,ID_USUARIO_VISTO,DESCRIPCION,ID_ESTADO_NOTIFICACION) values ('42','127','1','1',to_date('20/01/20','DD/MM/RR'),'2',null,'0',null,null,'La iniciativa de la entidad Colegio imperio del Tahuantinsuyo ha sido registrado correctamente y requiere su revisin','0');
Insert into T_GENM_NOTIFICACION (ID_NOTIFICACION,ID_INICIATIVA,ID_ETAPA,ID_ESTADO,FECHA_REGISTRO,ID_ROL,ID_USUARIO,FLG_VISTO,FECHA_VISTO,ID_USUARIO_VISTO,DESCRIPCION,ID_ESTADO_NOTIFICACION) values ('1','83','1','1',to_date('13/01/20','DD/MM/RR'),'2',null,'0',null,null,'La iniciativa de la entidad MINEM ha sido registrado correctamente y requiere su revisin','0');
Insert into T_GENM_NOTIFICACION (ID_NOTIFICACION,ID_INICIATIVA,ID_ETAPA,ID_ESTADO,FECHA_REGISTRO,ID_ROL,ID_USUARIO,FLG_VISTO,FECHA_VISTO,ID_USUARIO_VISTO,DESCRIPCION,ID_ESTADO_NOTIFICACION) values ('2','83','2','3',to_date('13/01/20','DD/MM/RR'),'2','0','0',null,null,'La iniciativa de la entidad MINEM ha sido registrado correctamente y requiere su revisin','0');
Insert into T_GENM_NOTIFICACION (ID_NOTIFICACION,ID_INICIATIVA,ID_ETAPA,ID_ESTADO,FECHA_REGISTRO,ID_ROL,ID_USUARIO,FLG_VISTO,FECHA_VISTO,ID_USUARIO_VISTO,DESCRIPCION,ID_ESTADO_NOTIFICACION) values ('7','88','1','1',to_date('14/01/20','DD/MM/RR'),'2',null,'0',null,null,'La iniciativa de la entidad MINEM ha sido registrado correctamente y requiere su revisin','0');
Insert into T_GENM_NOTIFICACION (ID_NOTIFICACION,ID_INICIATIVA,ID_ETAPA,ID_ESTADO,FECHA_REGISTRO,ID_ROL,ID_USUARIO,FLG_VISTO,FECHA_VISTO,ID_USUARIO_VISTO,DESCRIPCION,ID_ESTADO_NOTIFICACION) values ('10','91','1','1',to_date('14/01/20','DD/MM/RR'),'2',null,'0',null,null,'La iniciativa de la entidad SLV ha sido registrado correctamente y requiere su revisin','0');
Insert into T_GENM_NOTIFICACION (ID_NOTIFICACION,ID_INICIATIVA,ID_ETAPA,ID_ESTADO,FECHA_REGISTRO,ID_ROL,ID_USUARIO,FLG_VISTO,FECHA_VISTO,ID_USUARIO_VISTO,DESCRIPCION,ID_ESTADO_NOTIFICACION) values ('15','2','2','3',to_date('16/01/20','DD/MM/RR'),'2','81','0',null,null,'Se aprob su iniciativa','3');
Insert into T_GENM_NOTIFICACION (ID_NOTIFICACION,ID_INICIATIVA,ID_ETAPA,ID_ESTADO,FECHA_REGISTRO,ID_ROL,ID_USUARIO,FLG_VISTO,FECHA_VISTO,ID_USUARIO_VISTO,DESCRIPCION,ID_ESTADO_NOTIFICACION) values ('21','102','4','3',to_date('18/01/20','DD/MM/RR'),'1',null,'0',null,null,null,'3');
Insert into T_GENM_NOTIFICACION (ID_NOTIFICACION,ID_INICIATIVA,ID_ETAPA,ID_ESTADO,FECHA_REGISTRO,ID_ROL,ID_USUARIO,FLG_VISTO,FECHA_VISTO,ID_USUARIO_VISTO,DESCRIPCION,ID_ESTADO_NOTIFICACION) values ('27','124','2','3',to_date('18/01/20','DD/MM/RR'),'1','81','0',null,null,null,'3');
Insert into T_GENM_NOTIFICACION (ID_NOTIFICACION,ID_INICIATIVA,ID_ETAPA,ID_ESTADO,FECHA_REGISTRO,ID_ROL,ID_USUARIO,FLG_VISTO,FECHA_VISTO,ID_USUARIO_VISTO,DESCRIPCION,ID_ESTADO_NOTIFICACION) values ('28','124','2','3',to_date('18/01/20','DD/MM/RR'),'1','81','0',null,null,null,'3');
Insert into T_GENM_NOTIFICACION (ID_NOTIFICACION,ID_INICIATIVA,ID_ETAPA,ID_ESTADO,FECHA_REGISTRO,ID_ROL,ID_USUARIO,FLG_VISTO,FECHA_VISTO,ID_USUARIO_VISTO,DESCRIPCION,ID_ESTADO_NOTIFICACION) values ('3','84','1','1',to_date('13/01/20','DD/MM/RR'),'2',null,'0',null,null,'La iniciativa de la entidad MINEM ha sido registrado correctamente y requiere su revisin','0');
Insert into T_GENM_NOTIFICACION (ID_NOTIFICACION,ID_INICIATIVA,ID_ETAPA,ID_ESTADO,FECHA_REGISTRO,ID_ROL,ID_USUARIO,FLG_VISTO,FECHA_VISTO,ID_USUARIO_VISTO,DESCRIPCION,ID_ESTADO_NOTIFICACION) values ('11','92','1','1',to_date('14/01/20','DD/MM/RR'),'2',null,'0',null,null,'La iniciativa de la entidad MINEM ha sido registrado correctamente y requiere su revisin','0');
Insert into T_GENM_NOTIFICACION (ID_NOTIFICACION,ID_INICIATIVA,ID_ETAPA,ID_ESTADO,FECHA_REGISTRO,ID_ROL,ID_USUARIO,FLG_VISTO,FECHA_VISTO,ID_USUARIO_VISTO,DESCRIPCION,ID_ESTADO_NOTIFICACION) values ('13','95','1','1',to_date('16/01/20','DD/MM/RR'),'2',null,'0',null,null,'La iniciativa de la entidad IBM ha sido registrado correctamente y requiere su revisin','0');
Insert into T_GENM_NOTIFICACION (ID_NOTIFICACION,ID_INICIATIVA,ID_ETAPA,ID_ESTADO,FECHA_REGISTRO,ID_ROL,ID_USUARIO,FLG_VISTO,FECHA_VISTO,ID_USUARIO_VISTO,DESCRIPCION,ID_ESTADO_NOTIFICACION) values ('14','95','1','2',to_date('16/01/20','DD/MM/RR'),'2','81','0',null,null,'REDUCIR CH4 Y CO2','2');
Insert into T_GENM_NOTIFICACION (ID_NOTIFICACION,ID_INICIATIVA,ID_ETAPA,ID_ESTADO,FECHA_REGISTRO,ID_ROL,ID_USUARIO,FLG_VISTO,FECHA_VISTO,ID_USUARIO_VISTO,DESCRIPCION,ID_ESTADO_NOTIFICACION) values ('16','101','1','1',to_date('17/01/20','DD/MM/RR'),'2',null,'0',null,null,'La iniciativa de la entidad IBM ha sido registrado correctamente y requiere su revisin','0');
Insert into T_GENM_NOTIFICACION (ID_NOTIFICACION,ID_INICIATIVA,ID_ETAPA,ID_ESTADO,FECHA_REGISTRO,ID_ROL,ID_USUARIO,FLG_VISTO,FECHA_VISTO,ID_USUARIO_VISTO,DESCRIPCION,ID_ESTADO_NOTIFICACION) values ('17','101','1','2',to_date('17/01/20','DD/MM/RR'),'2','81','0',null,null,'Corregir la fecha','1');
Insert into T_GENM_NOTIFICACION (ID_NOTIFICACION,ID_INICIATIVA,ID_ETAPA,ID_ESTADO,FECHA_REGISTRO,ID_ROL,ID_USUARIO,FLG_VISTO,FECHA_VISTO,ID_USUARIO_VISTO,DESCRIPCION,ID_ESTADO_NOTIFICACION) values ('18','102','1','1',to_date('17/01/20','DD/MM/RR'),'2',null,'0',null,null,'La iniciativa de la entidad IBM ha sido registrado correctamente y requiere su revisin','0');
Insert into T_GENM_NOTIFICACION (ID_NOTIFICACION,ID_INICIATIVA,ID_ETAPA,ID_ESTADO,FECHA_REGISTRO,ID_ROL,ID_USUARIO,FLG_VISTO,FECHA_VISTO,ID_USUARIO_VISTO,DESCRIPCION,ID_ESTADO_NOTIFICACION) values ('19','102','2','3',to_date('17/01/20','DD/MM/RR'),'2','81','0',null,null,'Se aprob su iniciativa','3');
Insert into T_GENM_NOTIFICACION (ID_NOTIFICACION,ID_INICIATIVA,ID_ETAPA,ID_ESTADO,FECHA_REGISTRO,ID_ROL,ID_USUARIO,FLG_VISTO,FECHA_VISTO,ID_USUARIO_VISTO,DESCRIPCION,ID_ESTADO_NOTIFICACION) values ('22','121','1','1',to_date('18/01/20','DD/MM/RR'),'2',null,'0',null,null,'La iniciativa de la entidad Grupo Zuiga S.A.C. ha sido registrado correctamente y requiere su revisin','0');
Insert into T_GENM_NOTIFICACION (ID_NOTIFICACION,ID_INICIATIVA,ID_ETAPA,ID_ESTADO,FECHA_REGISTRO,ID_ROL,ID_USUARIO,FLG_VISTO,FECHA_VISTO,ID_USUARIO_VISTO,DESCRIPCION,ID_ESTADO_NOTIFICACION) values ('23','122','1','1',to_date('18/01/20','DD/MM/RR'),'2',null,'0',null,null,'La iniciativa de la entidad Grupo Zuiga S.A.C. ha sido registrado correctamente y requiere su revisin','0');
Insert into T_GENM_NOTIFICACION (ID_NOTIFICACION,ID_INICIATIVA,ID_ETAPA,ID_ESTADO,FECHA_REGISTRO,ID_ROL,ID_USUARIO,FLG_VISTO,FECHA_VISTO,ID_USUARIO_VISTO,DESCRIPCION,ID_ESTADO_NOTIFICACION) values ('24','123','1','1',to_date('18/01/20','DD/MM/RR'),'2',null,'0',null,null,'La iniciativa de la entidad Grupo Zuiga S.A.C. ha sido registrado correctamente y requiere su revisin','0');
Insert into T_GENM_NOTIFICACION (ID_NOTIFICACION,ID_INICIATIVA,ID_ETAPA,ID_ESTADO,FECHA_REGISTRO,ID_ROL,ID_USUARIO,FLG_VISTO,FECHA_VISTO,ID_USUARIO_VISTO,DESCRIPCION,ID_ESTADO_NOTIFICACION) values ('25','124','1','1',to_date('18/01/20','DD/MM/RR'),'2',null,'0',null,null,'La iniciativa de la entidad Grupo Zuiga S.A.C. ha sido registrado correctamente y requiere su revisin','0');
Insert into T_GENM_NOTIFICACION (ID_NOTIFICACION,ID_INICIATIVA,ID_ETAPA,ID_ESTADO,FECHA_REGISTRO,ID_ROL,ID_USUARIO,FLG_VISTO,FECHA_VISTO,ID_USUARIO_VISTO,DESCRIPCION,ID_ESTADO_NOTIFICACION) values ('26','125','1','1',to_date('18/01/20','DD/MM/RR'),'2',null,'0',null,null,'La iniciativa de la entidad Grupo Zuiga S.A.C. ha sido registrado correctamente y requiere su revisin','0');
Insert into T_GENM_NOTIFICACION (ID_NOTIFICACION,ID_INICIATIVA,ID_ETAPA,ID_ESTADO,FECHA_REGISTRO,ID_ROL,ID_USUARIO,FLG_VISTO,FECHA_VISTO,ID_USUARIO_VISTO,DESCRIPCION,ID_ESTADO_NOTIFICACION) values ('4','85','1','1',to_date('13/01/20','DD/MM/RR'),'2',null,'0',null,null,'La iniciativa de la entidad MINEM ha sido registrado correctamente y requiere su revisin','0');
Insert into T_GENM_NOTIFICACION (ID_NOTIFICACION,ID_INICIATIVA,ID_ETAPA,ID_ESTADO,FECHA_REGISTRO,ID_ROL,ID_USUARIO,FLG_VISTO,FECHA_VISTO,ID_USUARIO_VISTO,DESCRIPCION,ID_ESTADO_NOTIFICACION) values ('5','86','1','1',to_date('13/01/20','DD/MM/RR'),'2',null,'0',null,null,'La iniciativa de la entidad MINEM ha sido registrado correctamente y requiere su revisin','0');
Insert into T_GENM_NOTIFICACION (ID_NOTIFICACION,ID_INICIATIVA,ID_ETAPA,ID_ESTADO,FECHA_REGISTRO,ID_ROL,ID_USUARIO,FLG_VISTO,FECHA_VISTO,ID_USUARIO_VISTO,DESCRIPCION,ID_ESTADO_NOTIFICACION) values ('6','87','1','1',to_date('14/01/20','DD/MM/RR'),'2',null,'0',null,null,'La iniciativa de la entidad SLV ha sido registrado correctamente y requiere su revisin','0');
Insert into T_GENM_NOTIFICACION (ID_NOTIFICACION,ID_INICIATIVA,ID_ETAPA,ID_ESTADO,FECHA_REGISTRO,ID_ROL,ID_USUARIO,FLG_VISTO,FECHA_VISTO,ID_USUARIO_VISTO,DESCRIPCION,ID_ESTADO_NOTIFICACION) values ('8','89','1','1',to_date('14/01/20','DD/MM/RR'),'2',null,'0',null,null,'La iniciativa de la entidad SLV ha sido registrado correctamente y requiere su revisin','0');
Insert into T_GENM_NOTIFICACION (ID_NOTIFICACION,ID_INICIATIVA,ID_ETAPA,ID_ESTADO,FECHA_REGISTRO,ID_ROL,ID_USUARIO,FLG_VISTO,FECHA_VISTO,ID_USUARIO_VISTO,DESCRIPCION,ID_ESTADO_NOTIFICACION) values ('9','90','1','1',to_date('14/01/20','DD/MM/RR'),'2',null,'0',null,null,'La iniciativa de la entidad MINEM ha sido registrado correctamente y requiere su revisin','0');
Insert into T_GENM_NOTIFICACION (ID_NOTIFICACION,ID_INICIATIVA,ID_ETAPA,ID_ESTADO,FECHA_REGISTRO,ID_ROL,ID_USUARIO,FLG_VISTO,FECHA_VISTO,ID_USUARIO_VISTO,DESCRIPCION,ID_ESTADO_NOTIFICACION) values ('29','124','4','3',to_date('18/01/20','DD/MM/RR'),'1',null,'0',null,null,null,'3');
REM INSERTING into T_GENM_USUARIO
SET DEFINE OFF;
Insert into T_GENM_USUARIO (ID_USUARIO,NOMBRES_USUARIO,APELLIDOS_USUARIO,ID_INSTITUCION,PASSWORD_USUARIO,EMAIL_USUARIO,ID_ESTADO_USUARIO,TELEFONO_USUARIO,CELULAR_USUARIO,FLG_ESTADO,ID_TERMINOS,FLG_TERMINOS,ANEXO_USUARIO) values ('21','Juan                ','Soto','21','AM/7xrAR+mLWasFnuUiaPPfgwfBlmoIYzFBB3qvhxHcsLlrW7owvabG86ZYk5UxR4Q==','juancarlos@gmail.com','1','7895643','980786529','1','1','1','101');
Insert into T_GENM_USUARIO (ID_USUARIO,NOMBRES_USUARIO,APELLIDOS_USUARIO,ID_INSTITUCION,PASSWORD_USUARIO,EMAIL_USUARIO,ID_ESTADO_USUARIO,TELEFONO_USUARIO,CELULAR_USUARIO,FLG_ESTADO,ID_TERMINOS,FLG_TERMINOS,ANEXO_USUARIO) values ('24','Carlos Wilfredo     ','Benites Porras','42','AGpeQg8EpwAH0RtE+JODre9cd5v6DcDVRysV3XalORDnw0PNq0atmS6lYkbxgsQr+g==','webmaster@minem.gob.pe','0','01-4111100','9756483654','1','1','1','5421 ');
Insert into T_GENM_USUARIO (ID_USUARIO,NOMBRES_USUARIO,APELLIDOS_USUARIO,ID_INSTITUCION,PASSWORD_USUARIO,EMAIL_USUARIO,ID_ESTADO_USUARIO,TELEFONO_USUARIO,CELULAR_USUARIO,FLG_ESTADO,ID_TERMINOS,FLG_TERMINOS,ANEXO_USUARIO) values ('27','Pedro               ','Martinez Peralta','45','AGiB0Fe+0nPJ4sn8jSOfgWzsYMWwLMedmCQiYdoVXbm4NZkFLgqBYU2yiQFSYgAKHg==','admin@alicorp.com','0','+511 01 315 0800','923647589','1','1','1','44086');
Insert into T_GENM_USUARIO (ID_USUARIO,NOMBRES_USUARIO,APELLIDOS_USUARIO,ID_INSTITUCION,PASSWORD_USUARIO,EMAIL_USUARIO,ID_ESTADO_USUARIO,TELEFONO_USUARIO,CELULAR_USUARIO,FLG_ESTADO,ID_TERMINOS,FLG_TERMINOS,ANEXO_USUARIO) values ('28','Orleans             ','Rivero Muoz','46','ANKObIERUdJGN8ewJ1hEOeDCPpX2Hea4wHJ/TlryTpEX4BCfRQD4VzLAYalLIgTRBg==','administrador@ucv.edu.pe','1','(511) 200 9030','967845637','1','1','1','8181');
Insert into T_GENM_USUARIO (ID_USUARIO,NOMBRES_USUARIO,APELLIDOS_USUARIO,ID_INSTITUCION,PASSWORD_USUARIO,EMAIL_USUARIO,ID_ESTADO_USUARIO,TELEFONO_USUARIO,CELULAR_USUARIO,FLG_ESTADO,ID_TERMINOS,FLG_TERMINOS,ANEXO_USUARIO) values ('29','Veronica Melissa    ','Cardenas Vega','47','ANAI89PJluGinoq9YX1gxAFT2P0eNpouMBy0nEmxaHQiWvTEI0Z8OSiFVKSLaz3vRA==','rector@uni.edu.pe','0','(01) 4811070','9654327865','1','1','1','9060');
Insert into T_GENM_USUARIO (ID_USUARIO,NOMBRES_USUARIO,APELLIDOS_USUARIO,ID_INSTITUCION,PASSWORD_USUARIO,EMAIL_USUARIO,ID_ESTADO_USUARIO,TELEFONO_USUARIO,CELULAR_USUARIO,FLG_ESTADO,ID_TERMINOS,FLG_TERMINOS,ANEXO_USUARIO) values ('49','Mario               ','Gonzales Rivera','66','AFoaPBdW55KcXv8DagIMDnVxukmX2C3odtxaaesnxKLVRn9YihNYAwttnfEF8ybRMg==','jskmbr40@gmail.com','0','3256985','935248681','1','1','1','92');
Insert into T_GENM_USUARIO (ID_USUARIO,NOMBRES_USUARIO,APELLIDOS_USUARIO,ID_INSTITUCION,PASSWORD_USUARIO,EMAIL_USUARIO,ID_ESTADO_USUARIO,TELEFONO_USUARIO,CELULAR_USUARIO,FLG_ESTADO,ID_TERMINOS,FLG_TERMINOS,ANEXO_USUARIO) values ('58','juan                ','potter','75','AK66F5QFB/ud69Iq2zAZp0hgO/2qgMsSLaMyhPREHmHyXCqg6GK+jqKM5vC/lONhnw==','jskmbr67@gmail.com','0','888','999','1','1','1','8888');
Insert into T_GENM_USUARIO (ID_USUARIO,NOMBRES_USUARIO,APELLIDOS_USUARIO,ID_INSTITUCION,PASSWORD_USUARIO,EMAIL_USUARIO,ID_ESTADO_USUARIO,TELEFONO_USUARIO,CELULAR_USUARIO,FLG_ESTADO,ID_TERMINOS,FLG_TERMINOS,ANEXO_USUARIO) values ('61','Mario               ','Pereaa','78','AIRtlm83baw2SLKIZ7ey3risEgDx3erqdmcQc1sEMi5kFIIhFBBDTneTDRH94lXvMw==','jskmbr46@gmail.com','1','9999555','9999','1','1','1','0000');
Insert into T_GENM_USUARIO (ID_USUARIO,NOMBRES_USUARIO,APELLIDOS_USUARIO,ID_INSTITUCION,PASSWORD_USUARIO,EMAIL_USUARIO,ID_ESTADO_USUARIO,TELEFONO_USUARIO,CELULAR_USUARIO,FLG_ESTADO,ID_TERMINOS,FLG_TERMINOS,ANEXO_USUARIO) values ('45','juan                ','soto','62','ANe8SfisHt+KdJML+WsTiMHWw1cUAS4ECZRGHmvIm2fXLiaEQE13ndXzbDI5Ju4INA==','jskmbr@gmail.com','1','9513578','929856359','1','1','1','100');
Insert into T_GENM_USUARIO (ID_USUARIO,NOMBRES_USUARIO,APELLIDOS_USUARIO,ID_INSTITUCION,PASSWORD_USUARIO,EMAIL_USUARIO,ID_ESTADO_USUARIO,TELEFONO_USUARIO,CELULAR_USUARIO,FLG_ESTADO,ID_TERMINOS,FLG_TERMINOS,ANEXO_USUARIO) values ('83','Alfredo             ','Trelles Jimnez','83','AE/jqW5ks7yRotAoEYWqfMgDVHHjlnhDu/jVJUdWrBRIcCS4qkv+o1vFkMJuJYRmVw==','alfredotrelles97@gmail.com','1','1234567','984390531','1','1','1','1234');
Insert into T_GENM_USUARIO (ID_USUARIO,NOMBRES_USUARIO,APELLIDOS_USUARIO,ID_INSTITUCION,PASSWORD_USUARIO,EMAIL_USUARIO,ID_ESTADO_USUARIO,TELEFONO_USUARIO,CELULAR_USUARIO,FLG_ESTADO,ID_TERMINOS,FLG_TERMINOS,ANEXO_USUARIO) values ('22','Carlos              ','Castillo','22','AG5mgpjX61/bs5+d6SsZArxSn7CbAGrXzy6A9X7UdevCYgjonIUB0qMBsgkVk7BnKg==','carlos@gmail.com','1','8976665','990765476','1','1','1',null);
Insert into T_GENM_USUARIO (ID_USUARIO,NOMBRES_USUARIO,APELLIDOS_USUARIO,ID_INSTITUCION,PASSWORD_USUARIO,EMAIL_USUARIO,ID_ESTADO_USUARIO,TELEFONO_USUARIO,CELULAR_USUARIO,FLG_ESTADO,ID_TERMINOS,FLG_TERMINOS,ANEXO_USUARIO) values ('25','Marcos              ','Velazques Horna','43','AJF2kmUQtDgSqGNDNHZ+0HfKKgQDsHSDlBqOYMQ9AejbxN1MbXfWJfNd02Wa7so3gg==','webmaster@munlima.gob.pe','1','(01)-3151300','95342871576','1','1','1','1490');
Insert into T_GENM_USUARIO (ID_USUARIO,NOMBRES_USUARIO,APELLIDOS_USUARIO,ID_INSTITUCION,PASSWORD_USUARIO,EMAIL_USUARIO,ID_ESTADO_USUARIO,TELEFONO_USUARIO,CELULAR_USUARIO,FLG_ESTADO,ID_TERMINOS,FLG_TERMINOS,ANEXO_USUARIO) values ('30','Rosa                ','Bonilla','48','AAq9pv1uBeLGNGIGTtHnACINCoq3bLDTj9KoXArGmp7GQkBmcsJ7mzTToNkSx09slg==','rosa.bonilla@entel.pe','0','01 702-8917','9678453678','1','1','1',null);
Insert into T_GENM_USUARIO (ID_USUARIO,NOMBRES_USUARIO,APELLIDOS_USUARIO,ID_INSTITUCION,PASSWORD_USUARIO,EMAIL_USUARIO,ID_ESTADO_USUARIO,TELEFONO_USUARIO,CELULAR_USUARIO,FLG_ESTADO,ID_TERMINOS,FLG_TERMINOS,ANEXO_USUARIO) values ('46','jose                ','perez','63','ACRgYp7QoSnNqdSMzbch7kygdPmFFxf+mlPrW+SvpnvUMmGTtBLrXkJtvmjlzaeaEQ==','jskm@gmail.com','0','3925685','926585489','1','1','1','100');
Insert into T_GENM_USUARIO (ID_USUARIO,NOMBRES_USUARIO,APELLIDOS_USUARIO,ID_INSTITUCION,PASSWORD_USUARIO,EMAIL_USUARIO,ID_ESTADO_USUARIO,TELEFONO_USUARIO,CELULAR_USUARIO,FLG_ESTADO,ID_TERMINOS,FLG_TERMINOS,ANEXO_USUARIO) values ('47','raul                ','soza perez','64','AICmnhAmLQ6f0dlNYHbfcibk628UwGhFT59SS7Lm386GW9jLzJKB6nVP2/MuC+cFGQ==','jskmbr4@gmail.com','0','5861452','909252568','1','1','1','201');
Insert into T_GENM_USUARIO (ID_USUARIO,NOMBRES_USUARIO,APELLIDOS_USUARIO,ID_INSTITUCION,PASSWORD_USUARIO,EMAIL_USUARIO,ID_ESTADO_USUARIO,TELEFONO_USUARIO,CELULAR_USUARIO,FLG_ESTADO,ID_TERMINOS,FLG_TERMINOS,ANEXO_USUARIO) values ('50','Manuel              ','Tejada Robles','67','APdR7o1mfgfNblYK0uvxHJ/4KVss3F1vJUy/OFIAwrVs2/MWnu5cGMJ1/v1yHF0sXA==','jskmbr47@gmail.com','0','1472589','985214567','1','1','1','100');
Insert into T_GENM_USUARIO (ID_USUARIO,NOMBRES_USUARIO,APELLIDOS_USUARIO,ID_INSTITUCION,PASSWORD_USUARIO,EMAIL_USUARIO,ID_ESTADO_USUARIO,TELEFONO_USUARIO,CELULAR_USUARIO,FLG_ESTADO,ID_TERMINOS,FLG_TERMINOS,ANEXO_USUARIO) values ('81','Alfonso             ','Cordova','81','AMIV8EiRgQt5IkRtxP7AP8QkVSwW7M9gCz42ha3R9zj2DStwLU+VRla5EZtHoww3lA==','alfonso@gmail.com','1','93578701','965488888','1','1','1','5656');
Insert into T_GENM_USUARIO (ID_USUARIO,NOMBRES_USUARIO,APELLIDOS_USUARIO,ID_INSTITUCION,PASSWORD_USUARIO,EMAIL_USUARIO,ID_ESTADO_USUARIO,TELEFONO_USUARIO,CELULAR_USUARIO,FLG_ESTADO,ID_TERMINOS,FLG_TERMINOS,ANEXO_USUARIO) values ('101','Daniel              ','Ernesto','101','ADp8RFP0xzallOcaE/f583DApUzGGukN/moczMllYm2cLWDwHj+f+ykFG/ekXtNocA==','d.alcala.r@gmail.com','1','878787','87556787','1','1','1','767');
Insert into T_GENM_USUARIO (ID_USUARIO,NOMBRES_USUARIO,APELLIDOS_USUARIO,ID_INSTITUCION,PASSWORD_USUARIO,EMAIL_USUARIO,ID_ESTADO_USUARIO,TELEFONO_USUARIO,CELULAR_USUARIO,FLG_ESTADO,ID_TERMINOS,FLG_TERMINOS,ANEXO_USUARIO) values ('1','Juan                ','Soto','4','ADHFjMXtDwuYP8nnm0KNPXHd+rYzGxZH8eBSGha0ObXqZ4aP0F04ET9aNfDGhljrEw==','juan@gmail.com','1','99999','9999998','1','1','1',null);
Insert into T_GENM_USUARIO (ID_USUARIO,NOMBRES_USUARIO,APELLIDOS_USUARIO,ID_INSTITUCION,PASSWORD_USUARIO,EMAIL_USUARIO,ID_ESTADO_USUARIO,TELEFONO_USUARIO,CELULAR_USUARIO,FLG_ESTADO,ID_TERMINOS,FLG_TERMINOS,ANEXO_USUARIO) values ('31','Maycol              ','Pedraza Rivaguero','49','AIGBXZq+xQfmmGASLy1qDzCUqrIaSSbLledHBoMe5uZraKmPh27lLM56Gz/t2O/5zQ==','Maycol@cencosud.com','0','01-626 0000','964784352','1','1','1','4985 ');
Insert into T_GENM_USUARIO (ID_USUARIO,NOMBRES_USUARIO,APELLIDOS_USUARIO,ID_INSTITUCION,PASSWORD_USUARIO,EMAIL_USUARIO,ID_ESTADO_USUARIO,TELEFONO_USUARIO,CELULAR_USUARIO,FLG_ESTADO,ID_TERMINOS,FLG_TERMINOS,ANEXO_USUARIO) values ('32','Bertha              ','Barrientos Vega','50','AJ0nFH/nJMFY5asVXpUF9TtUKDfD+0zjnp8qOM0mfT7m+im/fQkVGOPP5SYVsdgk0w==','bertha@transporteciva.com','1','511 418 - 1111','9876543567','1','1','1',null);
Insert into T_GENM_USUARIO (ID_USUARIO,NOMBRES_USUARIO,APELLIDOS_USUARIO,ID_INSTITUCION,PASSWORD_USUARIO,EMAIL_USUARIO,ID_ESTADO_USUARIO,TELEFONO_USUARIO,CELULAR_USUARIO,FLG_ESTADO,ID_TERMINOS,FLG_TERMINOS,ANEXO_USUARIO) values ('33','Elmer Carlos        ','Melquiedes Meza','51','AAj+wou5Z9bMfCpH+m3sIwFVLORv7EnWP1FDruhfIbXQrVj2cko4Gf8w0eR4HCxBjQ==','elmer@transporteciva.com','0','01 - 4181100','9674321789','1','1','1','4020');
Insert into T_GENM_USUARIO (ID_USUARIO,NOMBRES_USUARIO,APELLIDOS_USUARIO,ID_INSTITUCION,PASSWORD_USUARIO,EMAIL_USUARIO,ID_ESTADO_USUARIO,TELEFONO_USUARIO,CELULAR_USUARIO,FLG_ESTADO,ID_TERMINOS,FLG_TERMINOS,ANEXO_USUARIO) values ('43','juan carlos         ','soto castaeda','60','AFQCiUWrGh9BjtmvFpv5xc2szcvzhZTkSSgJVlKHjRSzG/zKxXjgFyDRnPbfp80Xkw==','juancarlossotoc1990@gmail.com','1','7773344','999011122','1','1','1','100');
Insert into T_GENM_USUARIO (ID_USUARIO,NOMBRES_USUARIO,APELLIDOS_USUARIO,ID_INSTITUCION,PASSWORD_USUARIO,EMAIL_USUARIO,ID_ESTADO_USUARIO,TELEFONO_USUARIO,CELULAR_USUARIO,FLG_ESTADO,ID_TERMINOS,FLG_TERMINOS,ANEXO_USUARIO) values ('51','David               ','Zuiga Rosales','68','AFg69Bue9H3Wom+X/+zLxTISFI7NU+hVBskOC+iFZDTxjhqXdhDpgMZ82HI5oZUx9g==','jskmbr48@gmail.com','0','1478596','987456512','1','1','1','101');
Insert into T_GENM_USUARIO (ID_USUARIO,NOMBRES_USUARIO,APELLIDOS_USUARIO,ID_INSTITUCION,PASSWORD_USUARIO,EMAIL_USUARIO,ID_ESTADO_USUARIO,TELEFONO_USUARIO,CELULAR_USUARIO,FLG_ESTADO,ID_TERMINOS,FLG_TERMINOS,ANEXO_USUARIO) values ('38','Martha              ','Perez Alvela','56','ANc5ietRXXhc96me0EiGTdsxyx3UriJxCVqqR6HPFM0fY9xdE7Ugn4DcXg0PmeCKpg==','martha@Americaexpress.com','0','7676676','987654321','1','1','1','2345');
Insert into T_GENM_USUARIO (ID_USUARIO,NOMBRES_USUARIO,APELLIDOS_USUARIO,ID_INSTITUCION,PASSWORD_USUARIO,EMAIL_USUARIO,ID_ESTADO_USUARIO,TELEFONO_USUARIO,CELULAR_USUARIO,FLG_ESTADO,ID_TERMINOS,FLG_TERMINOS,ANEXO_USUARIO) values ('52','Luis                ','Moreno','69','AGqn9qCtrFibO/DdEFDdhFcpCFeshxlzUOgr29UynvXTkm9XFf2fsfnehxiG1tFI4A==','jskmbr49@gmail.com','0','111212','222222','1','1','1','101');
Insert into T_GENM_USUARIO (ID_USUARIO,NOMBRES_USUARIO,APELLIDOS_USUARIO,ID_INSTITUCION,PASSWORD_USUARIO,EMAIL_USUARIO,ID_ESTADO_USUARIO,TELEFONO_USUARIO,CELULAR_USUARIO,FLG_ESTADO,ID_TERMINOS,FLG_TERMINOS,ANEXO_USUARIO) values ('53','Maria               ','Gonzales Prada','70','AJtifGaEeo1Jja0FBdIXnl4G/sKVk/yohr9WhFngiZMPJsd1xdVb6Gn+EqeGM+ahTQ==','jskmbr50@gmail.com','1','122','122222','1','1','1','12');
Insert into T_GENM_USUARIO (ID_USUARIO,NOMBRES_USUARIO,APELLIDOS_USUARIO,ID_INSTITUCION,PASSWORD_USUARIO,EMAIL_USUARIO,ID_ESTADO_USUARIO,TELEFONO_USUARIO,CELULAR_USUARIO,FLG_ESTADO,ID_TERMINOS,FLG_TERMINOS,ANEXO_USUARIO) values ('54','Manuel              ','Soto','71','AJfRmQKl7Sv4fguQDO/0e8MaGA4QFwSdK2Y7DlRsVPaQ7nXnxf7vvgm223DG2XMKww==','jskmbr39@gmail.com','1','778888999','998263537','1','1','1','100');
Insert into T_GENM_USUARIO (ID_USUARIO,NOMBRES_USUARIO,APELLIDOS_USUARIO,ID_INSTITUCION,PASSWORD_USUARIO,EMAIL_USUARIO,ID_ESTADO_USUARIO,TELEFONO_USUARIO,CELULAR_USUARIO,FLG_ESTADO,ID_TERMINOS,FLG_TERMINOS,ANEXO_USUARIO) values ('55','juan                ','sotodd','72','ALjmS8dXYXZjJrp1E5Dn5HaFIxixgdMKmLx4i6tvjUqKjjIOxgc8QLMnJ8yQOmDsHg==','jskmbr36@gmail.com','0','989787','767678','1','1','1','87');
Insert into T_GENM_USUARIO (ID_USUARIO,NOMBRES_USUARIO,APELLIDOS_USUARIO,ID_INSTITUCION,PASSWORD_USUARIO,EMAIL_USUARIO,ID_ESTADO_USUARIO,TELEFONO_USUARIO,CELULAR_USUARIO,FLG_ESTADO,ID_TERMINOS,FLG_TERMINOS,ANEXO_USUARIO) values ('123','Anbal              ','Romn Crespo','123','AMOZ4jKn2q/1AEEip9e7DoRJZrDcYnQj3f20SZGlY6uRwQs8PXP943QMxe/ZbYQ23Q==','anibal.roman@gmail.com','1','3612036','963353610','1','1','1','101');
REM INSERTING into T_GENM_VARIABLE
SET DEFINE OFF;
Insert into T_GENM_VARIABLE (ID_VARIABLE,DESCRIPCION,SIGLA) values ('1','Kilometros Recorridos Vehiculo (base)','KRV');
Insert into T_GENM_VARIABLE (ID_VARIABLE,DESCRIPCION,SIGLA) values ('2','Numero de Vehiculos','N');
Insert into T_GENM_VARIABLE (ID_VARIABLE,DESCRIPCION,SIGLA) values ('3','Consumo de Electricidad','E');
REM INSERTING into T_GENM_VARIANTE
SET DEFINE OFF;
Insert into T_GENM_VARIANTE (ID_VARIANTE,DESCRIPCION,SIGLA) values ('1','Tipo de Vehiculos','TipoVeh');
Insert into T_GENM_VARIANTE (ID_VARIANTE,DESCRIPCION,SIGLA) values ('2','Tipo de Combustible','TipoCombus');
Insert into T_GENM_VARIANTE (ID_VARIANTE,DESCRIPCION,SIGLA) values ('3','Ao Iniciativa','Anno');
Insert into T_GENM_VARIANTE (ID_VARIANTE,DESCRIPCION,SIGLA) values ('4','Tipo de Vehiculos','Tipo_Vehic');
Insert into T_GENM_VARIANTE (ID_VARIANTE,DESCRIPCION,SIGLA) values ('5','Tipo de Combustible','Tipo_Combus');
Insert into T_GENM_VARIANTE (ID_VARIANTE,DESCRIPCION,SIGLA) values ('6','Ao Iniciativa','Ao');
REM INSERTING into T_MAE_ENERG
SET DEFINE OFF;
Insert into T_MAE_ENERG (ID_ENERG,DESCRIPCION,FLAG_ESTADO) values ('1','COMBUSTIBLES FOSILES',null);
Insert into T_MAE_ENERG (ID_ENERG,DESCRIPCION,FLAG_ESTADO) values ('2','ELECTRICIDAD',null);
REM INSERTING into T_MAE_ESTADO
SET DEFINE OFF;
Insert into T_MAE_ESTADO (ID_ESTADO,DESCRIPCION) values ('5','CORREGIDO');
Insert into T_MAE_ESTADO (ID_ESTADO,DESCRIPCION) values ('0','INCOMPLETO');
Insert into T_MAE_ESTADO (ID_ESTADO,DESCRIPCION) values ('1','COMPLETO');
Insert into T_MAE_ESTADO (ID_ESTADO,DESCRIPCION) values ('2','OBSERVADO');
Insert into T_MAE_ESTADO (ID_ESTADO,DESCRIPCION) values ('3','APROBADO');
Insert into T_MAE_ESTADO (ID_ESTADO,DESCRIPCION) values ('4','RECHAZADO');
Insert into T_MAE_ESTADO (ID_ESTADO,DESCRIPCION) values ('6','AVANCE');
REM INSERTING into T_MAE_ESTADO_USUARIO
SET DEFINE OFF;
Insert into T_MAE_ESTADO_USUARIO (ID_ESTADO_USUARIO,DESCRIPCION) values ('0','REGISTRADO');
Insert into T_MAE_ESTADO_USUARIO (ID_ESTADO_USUARIO,DESCRIPCION) values ('1','APROBADO');
Insert into T_MAE_ESTADO_USUARIO (ID_ESTADO_USUARIO,DESCRIPCION) values ('2','NO APROBADO');
REM INSERTING into T_MAE_ETAPA
SET DEFINE OFF;
Insert into T_MAE_ETAPA (ID_ETAPA,DESCRIPCION) values ('1','Registro de Iniciativa Mitigacin');
Insert into T_MAE_ETAPA (ID_ETAPA,DESCRIPCION) values ('2','Aprobacin de Iniciativa Mitigacin');
Insert into T_MAE_ETAPA (ID_ETAPA,DESCRIPCION) values ('3','Registro de Detalle de Indicadores');
Insert into T_MAE_ETAPA (ID_ETAPA,DESCRIPCION) values ('4','Aprobacin de Detalle de Indicadores');
Insert into T_MAE_ETAPA (ID_ETAPA,DESCRIPCION) values ('5','Aprobacin Iniciativa y Detalle');
Insert into T_MAE_ETAPA (ID_ETAPA,DESCRIPCION) values ('6','Aprobacin de Evaluacin Iniciativa Detalle');
Insert into T_MAE_ETAPA (ID_ETAPA,DESCRIPCION) values ('7','Aprobacin de Verificacin Iniciativa Detalle');
REM INSERTING into T_MAE_FAQ
SET DEFINE OFF;
Insert into T_MAE_FAQ (ID_FAQ,ID_MEDMIT,PREGUNTA,RESPUESTA) values ('1',null,'Como registro una nueva Iniciativa?','Usted, debera primero Registrarse como usuario de una Institucion');
Insert into T_MAE_FAQ (ID_FAQ,ID_MEDMIT,PREGUNTA,RESPUESTA) values ('2',null,'Que significa GEI?','Son las siglas de Gases de Efecto Invernadero');
REM INSERTING into T_MAE_F_BAU
SET DEFINE OFF;
Insert into T_MAE_F_BAU (ID_F_BAU,ID_TIPO_VEHICULO,ID_TIPO_COMBUSTIBLE,ANNO,FACTOR) values ('1','1','1','2018','187,3581');
Insert into T_MAE_F_BAU (ID_F_BAU,ID_TIPO_VEHICULO,ID_TIPO_COMBUSTIBLE,ANNO,FACTOR) values ('2','1','2','2018','174,6961');
Insert into T_MAE_F_BAU (ID_F_BAU,ID_TIPO_VEHICULO,ID_TIPO_COMBUSTIBLE,ANNO,FACTOR) values ('3','1','3','2018','178,9341');
Insert into T_MAE_F_BAU (ID_F_BAU,ID_TIPO_VEHICULO,ID_TIPO_COMBUSTIBLE,ANNO,FACTOR) values ('4','2','1','2018','773,781');
Insert into T_MAE_F_BAU (ID_F_BAU,ID_TIPO_VEHICULO,ID_TIPO_COMBUSTIBLE,ANNO,FACTOR) values ('5','2','4','2018','595,4578');
Insert into T_MAE_F_BAU (ID_F_BAU,ID_TIPO_VEHICULO,ID_TIPO_COMBUSTIBLE,ANNO,FACTOR) values ('6','3','1','2018','1315,4277');
Insert into T_MAE_F_BAU (ID_F_BAU,ID_TIPO_VEHICULO,ID_TIPO_COMBUSTIBLE,ANNO,FACTOR) values ('7','3','4','2018','961,6102');
Insert into T_MAE_F_BAU (ID_F_BAU,ID_TIPO_VEHICULO,ID_TIPO_COMBUSTIBLE,ANNO,FACTOR) values ('8','4','1','2018','1897,9984');
Insert into T_MAE_F_BAU (ID_F_BAU,ID_TIPO_VEHICULO,ID_TIPO_COMBUSTIBLE,ANNO,FACTOR) values ('9','4','4','2018','1555,1723');
Insert into T_MAE_F_BAU (ID_F_BAU,ID_TIPO_VEHICULO,ID_TIPO_COMBUSTIBLE,ANNO,FACTOR) values ('10','5','3','2018','96,6146');
Insert into T_MAE_F_BAU (ID_F_BAU,ID_TIPO_VEHICULO,ID_TIPO_COMBUSTIBLE,ANNO,FACTOR) values ('11','6','3','2018','64,4097');
REM INSERTING into T_MAE_F_MIT
SET DEFINE OFF;
Insert into T_MAE_F_MIT (ID_F_MIT,ID_TIPO_VEHICULO,ID_TIPO_FUENTE,ANNO,FACTOR) values ('1','1','1','2018','0,03');
Insert into T_MAE_F_MIT (ID_F_MIT,ID_TIPO_VEHICULO,ID_TIPO_FUENTE,ANNO,FACTOR) values ('2','1','1','2019','0,03');
Insert into T_MAE_F_MIT (ID_F_MIT,ID_TIPO_VEHICULO,ID_TIPO_FUENTE,ANNO,FACTOR) values ('3','3','1','2018','0,2');
Insert into T_MAE_F_MIT (ID_F_MIT,ID_TIPO_VEHICULO,ID_TIPO_FUENTE,ANNO,FACTOR) values ('4','3','1','2019','0,2');
Insert into T_MAE_F_MIT (ID_F_MIT,ID_TIPO_VEHICULO,ID_TIPO_FUENTE,ANNO,FACTOR) values ('5','4','1','2018','0,13');
Insert into T_MAE_F_MIT (ID_F_MIT,ID_TIPO_VEHICULO,ID_TIPO_FUENTE,ANNO,FACTOR) values ('6','4','1','2019','0,13');
Insert into T_MAE_F_MIT (ID_F_MIT,ID_TIPO_VEHICULO,ID_TIPO_FUENTE,ANNO,FACTOR) values ('7','5','1','2018','0,01');
Insert into T_MAE_F_MIT (ID_F_MIT,ID_TIPO_VEHICULO,ID_TIPO_FUENTE,ANNO,FACTOR) values ('8','5','1','2019','0,01');
Insert into T_MAE_F_MIT (ID_F_MIT,ID_TIPO_VEHICULO,ID_TIPO_FUENTE,ANNO,FACTOR) values ('9','6','1','2018','0,005');
Insert into T_MAE_F_MIT (ID_F_MIT,ID_TIPO_VEHICULO,ID_TIPO_FUENTE,ANNO,FACTOR) values ('10','6','1','2019','0,005');
Insert into T_MAE_F_MIT (ID_F_MIT,ID_TIPO_VEHICULO,ID_TIPO_FUENTE,ANNO,FACTOR) values ('11','2','1','2018','0,19');
Insert into T_MAE_F_MIT (ID_F_MIT,ID_TIPO_VEHICULO,ID_TIPO_FUENTE,ANNO,FACTOR) values ('12','2','1','2019','0,19');
REM INSERTING into T_MAE_F_PER
SET DEFINE OFF;
Insert into T_MAE_F_PER (ID_F_PER,ANNO,FACTOR) values ('1','2010','0,104');
Insert into T_MAE_F_PER (ID_F_PER,ANNO,FACTOR) values ('3','2011','0,108');
Insert into T_MAE_F_PER (ID_F_PER,ANNO,FACTOR) values ('4','2012','0,109');
Insert into T_MAE_F_PER (ID_F_PER,ANNO,FACTOR) values ('5','2013','0,109');
Insert into T_MAE_F_PER (ID_F_PER,ANNO,FACTOR) values ('6','2014','0,058');
Insert into T_MAE_F_PER (ID_F_PER,ANNO,FACTOR) values ('7','2015','0,113');
Insert into T_MAE_F_PER (ID_F_PER,ANNO,FACTOR) values ('8','2016','0,109');
Insert into T_MAE_F_PER (ID_F_PER,ANNO,FACTOR) values ('9','2017','0,108');
Insert into T_MAE_F_PER (ID_F_PER,ANNO,FACTOR) values ('10','2018','0,108');
REM INSERTING into T_MAE_F_REN
SET DEFINE OFF;
Insert into T_MAE_F_REN (ID_F_REN,ID_TIPO_VEHICULO,ID_TIPO_FUENTE,FACTOR) values ('1','1','1','0,1629');
Insert into T_MAE_F_REN (ID_F_REN,ID_TIPO_VEHICULO,ID_TIPO_FUENTE,FACTOR) values ('2','2','1','1,1');
Insert into T_MAE_F_REN (ID_F_REN,ID_TIPO_VEHICULO,ID_TIPO_FUENTE,FACTOR) values ('3','3','1','1,1765');
Insert into T_MAE_F_REN (ID_F_REN,ID_TIPO_VEHICULO,ID_TIPO_FUENTE,FACTOR) values ('4','4','1','0,76');
Insert into T_MAE_F_REN (ID_F_REN,ID_TIPO_VEHICULO,ID_TIPO_FUENTE,FACTOR) values ('5','5','1','0,0543');
Insert into T_MAE_F_REN (ID_F_REN,ID_TIPO_VEHICULO,ID_TIPO_FUENTE,FACTOR) values ('6','6','1','0,0271');
REM INSERTING into T_MAE_GEI
SET DEFINE OFF;
Insert into T_MAE_GEI (ID_GEI,DESCRIPCION,FLAG_ESTADO,AR2,AR4,AR5) values ('1','CO2','1','1','1','1');
Insert into T_MAE_GEI (ID_GEI,DESCRIPCION,FLAG_ESTADO,AR2,AR4,AR5) values ('2','CH4','1','21','25','30');
Insert into T_MAE_GEI (ID_GEI,DESCRIPCION,FLAG_ESTADO,AR2,AR4,AR5) values ('3','N2O','1','310','298','265');
REM INSERTING into T_MAE_LISTA
SET DEFINE OFF;
REM INSERTING into T_MAE_MEDMIT
SET DEFINE OFF;
Insert into T_MAE_MEDMIT (ID_MEDMIT,NUMERO_MEDMIT,NOMBRE_MEDMIT,DESCRIPCION_MEDMIT,ID_NAMA,OBJETIVO_MEDMIT,IPSC_MEDMIT,FLAG_ESTADO) values ('1','1.1','1.1 Etiquetado de Eficiencia Energtico','Esta medida propone que los equipos que requieran suministros energticos incluyan en sus etiquetas, envases, empaques y publicidad, una etiqueta de eficiencia energtica a travs de la cual el consumidor pueda conocer el consumo de energa y la eficiencia energtica del producto para la toma de decisin de consumo, reduciendo as las emisiones de GEI debido a la reduccin del consumo de energa asociada a la mejora de eficiencia de los nuevos equipos a ser adquiridos por los consumidores. La medida se enmarca en el Reglamento Tcnico sobre el etiquetado de eficiencia energtica para equipos energticos, aprobado mediante Decreto Supremo N009-2017-EM.','1','Dar cumplimiento al Reglamento Tcnico sobre el etiquetado de eficiencia energtica para equipos energticos, aprobado mediante Decreto Supremo N009-2017-EM. Puede incluir aparatos de refrigeracin, calderas, motores elctricos, lavadoras, secadoras, equipos de aire acondicionado y calentadores de agua. No incluye luminarias. ','Energa - Combustin estacionaria','1');
Insert into T_MAE_MEDMIT (ID_MEDMIT,NUMERO_MEDMIT,NOMBRE_MEDMIT,DESCRIPCION_MEDMIT,ID_NAMA,OBJETIVO_MEDMIT,IPSC_MEDMIT,FLAG_ESTADO) values ('2','1.2','1.2 Eficiencia energtica en el sector industrial','Esta medida de mitigacin, propuesta por el Ministerio de Energa y Minas, propone la implementacin de medidas de eficiencia energtica en empresas del sector industrial fomentando la competitividad de la economa nacional y reduciendo el impacto ambiental negativo del uso y consumo de los energticos como la reduccin de emisiones de GEI. Esta medida se enmarca en la Ley de Promocin del Uso Eficiente de la Energa, Ley N27345, y su Reglamento aprobado por Decreto Supremo N053-2007-EM. As, se prev considerar el recambio de motores y calderas, una vez que se viabilice el Fondo de Financiamiento a la Eficiencia Energtica (FOFEE)','1','Fomentar la competitividad de la economa nacional y reducir el impacto ambiental negativo del uso y consumo de los energticos mediante la Ley de Promocin del Uso Eficiente de la Energa  Ley N27345 y su Reglamento, aprobado por Decreto Supremo N053-2007-EM.','Energa - Combustin estacionaria','1');
Insert into T_MAE_MEDMIT (ID_MEDMIT,NUMERO_MEDMIT,NOMBRE_MEDMIT,DESCRIPCION_MEDMIT,ID_NAMA,OBJETIVO_MEDMIT,IPSC_MEDMIT,FLAG_ESTADO) values ('3','1.3','1.3 Eficiencia energtica en el sector comercial','Medida que propone promover la racionalizacin del consumo de energa en el sector comercial de servicios.','1','Promover la racionalizacin del consumo de energa en el sector comercial de servicios, a travs de: a) reemplazo de lmparas de baja eficiencia por lmparas LED de 10W y b) instalacin de sensores de ocupacin hotelera, con el objetivo de controlar las unidades de aire acondicionado.','Energa - Combustin estacionaria','1');
Insert into T_MAE_MEDMIT (ID_MEDMIT,NUMERO_MEDMIT,NOMBRE_MEDMIT,DESCRIPCION_MEDMIT,ID_NAMA,OBJETIVO_MEDMIT,IPSC_MEDMIT,FLAG_ESTADO) values ('4','1.4','1.4 Auditoras energticas en el sector pblico','Medida que propone implementar acciones que contribuyan a reducir el consumo de energa sin que estas acciones afecten la calidad de los servicios prestados y recibidos en las entidades del sector pblico cuya facturacin mensual por consumo de energa elctrica sea mayor de cuatro (4) unidades impositivas tributarias (UIT), reduciendo as las emisiones de GEI debido a la reduccin del consumo energtico. Asimismo, prev que en un futuro las auditoras energticas puedan desarrollarse para el sector privado, bajo el mecanismo de un fondo de eficiencia energtica.','1','Implementar acciones que contribuyan a reducir el consumo de energa sin que estas acciones afecten la calidad de los servicios prestados y recibidos en las entidades del sector pblico. Incluye todo equipo que consuma electricidad (con y sin fichas de homologacin) con excepcin de lmparas con fichas.','Energa - Combustin estacionaria','1');
Insert into T_MAE_MEDMIT (ID_MEDMIT,NUMERO_MEDMIT,NOMBRE_MEDMIT,DESCRIPCION_MEDMIT,ID_NAMA,OBJETIVO_MEDMIT,IPSC_MEDMIT,FLAG_ESTADO) values ('5','1.5','1.5 Transformacin del mercado de iluminacin en el sector residencial','Medida que promueve la sustitucin de lmparas de baja eficiencia por tecnologas ms eficientes de iluminacin, reduciendo las emisiones de GEI debido al menor uso de energa, y generando la transformacin hacia un mercado de iluminacin ms eficiente, cuyo principal objetivo es promover el uso de lmparas que permitan un uso eficiente de la energa en el pas, sin menoscabar la calidad de la iluminacin, considerando los beneficios econmicos, ambientales y sociales que se tendran en el pas. La medida de mitigacin propone dos fases: i) el programa de distribucin de un milln y medio de lmparas energticamente ms eficientes a hogares de menores ingresos como meta al 2019, en el marco del Programa Anual de Promociones 2018, aprobado mediante Resolucin Ministerial N 021-2018-MINEM/DM, de acuerdo a lo establecido en el Plan de Acceso Universal a la Energa 2013-2022, aprobado con Resolucin Ministerial N 203-2013-MINEM-DM; y ii) la Estrategia de Iluminacin del Per, cuyo objetivo es incrementar la participacin de las lmparas eficientes en el mercado de iluminacin nacional, reduciendo el consumo de energa y por ende tambin reduciendo las emisiones de gases de efecto invernadero (como el CO2).','1','Promover el uso de lmparas que permitan un uso eficiente de la energa en el pas, sin menoscabar la calidad de la iluminacin, considerando los beneficios econmicos, ambientales y sociales que se tendran en el pas. Aplica para lmparas LED.','Energa - Combustin estacionaria','1');
Insert into T_MAE_MEDMIT (ID_MEDMIT,NUMERO_MEDMIT,NOMBRE_MEDMIT,DESCRIPCION_MEDMIT,ID_NAMA,OBJETIVO_MEDMIT,IPSC_MEDMIT,FLAG_ESTADO) values ('6','1.6','1.6 Reemplazo de lmparas de baja eficiencia por lmparas LED en el sector pblico','Reemplazo de lmparas de baja eficiencia por lmparas LED en el sector pblico reduciendo as el consumo de energa y por ende reduciendo tambin las emisiones de GEI, con el objetivo de impulsar el uso de lmparas y otros equipos de iluminacin LED en todas las instituciones pblicas. La medida se implementa a travs de las fichas de homologacin de tecnologa LED, aprobadas por el MINEM, y que son instrumentos que permiten el reemplazo de luminarias menos eficientes por lmparas y otros equipos de iluminacin LED en los procesos de compras pblicas, lo que permite adems la inclusin de estas tecnologas en la implementacin de nuevos establecimientos estatales.'',''1'',''Impulsar el uso de lmparas eficientes en el sector pblico a travs de las Fichas de Homologacin de lmparas de tecnologa LED. Aplica para lmparas LED. ','1','Impulsar el uso de lmparas eficientes en el sector pblico a travs de las Fichas de Homologacin de lmparas de tecnologa LED. Aplica para lmparas LED.Impulsar el uso de lmparas eficientes en el sector pblico a travs de las Fichas de Homologacin de lmparas de tecnologa LED. Aplica para lmparas LED. ','Energa - Combustin estacionaria','1');
Insert into T_MAE_MEDMIT (ID_MEDMIT,NUMERO_MEDMIT,NOMBRE_MEDMIT,DESCRIPCION_MEDMIT,ID_NAMA,OBJETIVO_MEDMIT,IPSC_MEDMIT,FLAG_ESTADO) values ('7','1.7','1.7 Lamparas de Alumbrado Pblico','Medida que promueve la implementacin de lmparas de alta eficiencia en el alumbrado pblico reduciendo las emisiones de GEI debido al menor uso de energa, en el marco del Plan de Acceso Universal a la Energa (RM N203-2013-MINEM/DM) y en donde se incluye el reemplazo de 100,000 lmparas de vapor de sodio de alta presin (VSAP) en alumbrado pblico por lmparas LED o de induccin, priorizando zonas vulnerables. Adems, contempla una segunda fase a travs de la implementacin de las fichas de homologacin de alumbrado pblico.','1','Reemplazo de lmparas de alumbrado pblico de vapor de sodio de alta presin por lmparas LED consiste en la implementacin de lmparas de alta eficiencia en el alumbrado pblico. Aplica para lmparas LED con fichas de homologacin, 100,000 de FISE. ','Energa - Combustin estacionaria','1');
Insert into T_MAE_MEDMIT (ID_MEDMIT,NUMERO_MEDMIT,NOMBRE_MEDMIT,DESCRIPCION_MEDMIT,ID_NAMA,OBJETIVO_MEDMIT,IPSC_MEDMIT,FLAG_ESTADO) values ('8','2.1','2.1 Medida de Coccin limpia (mbito rural)','Implementacin y sostenibilidad de tecnologas de coccin limpia (cocinas mejoradas y cocinas a gas licuado de petrleos) en zonas rurales, reemplazando aquellas cocinas o tecnologas convencionales (fogn abierto) poco eficientes en el mbito rural, con lo cual se reducir los consumos de combustibles empleados en cocinas tradicionales, tales como lea y carbn vegetal, reduciendo as emisiones de gases de efecto invernadero (GEI) y los efectos nocivos a la salud asociados a las emisiones gaseosas y del material particulado restante de la combustin.','2','Reduccin de las emisiones de gases de efecto invernadero (GEI) generadas por la coccin y calentamiento de alimentos a travs del uso de cocinas o tecnologas convencionales (fogn abierto) poco eficientes en el mbito rural. Incluye: cocinas mejoradas y a gas licuado de petrleo (GLP).','Energa - Combustin estacionaria','1');
Insert into T_MAE_MEDMIT (ID_MEDMIT,NUMERO_MEDMIT,NOMBRE_MEDMIT,DESCRIPCION_MEDMIT,ID_NAMA,OBJETIVO_MEDMIT,IPSC_MEDMIT,FLAG_ESTADO) values ('10','3.1','3.1 Combinacin de energas renovables','Aumentar la participacin de los Recursos Energticos de fuentes Renovables (RER) en la matriz energtica nacional en un 6.8% en el ao 2030, reduciendo la proporcin de la energa producida en base a la quema de combustibles fsiles, lo cual generar la reduccin de emisiones de gases de efecto invernadero (GEI). Asimismo, la medida incluye la implementacin de las centrales hidroelctricas con una capacidad instalada menor a 20 MW.','3','Aumentar la participacin de los Recursos Energticos Renovables (RER) y dar cumplimiento al Decreto Legislativo N 1002, Ley de Promocin de la Inversin en Generacin de Electricidad con el uso de Energas Renovables (2008).','Energa - Combustin estacionaria','1');
Insert into T_MAE_MEDMIT (ID_MEDMIT,NUMERO_MEDMIT,NOMBRE_MEDMIT,DESCRIPCION_MEDMIT,ID_NAMA,OBJETIVO_MEDMIT,IPSC_MEDMIT,FLAG_ESTADO) values ('9','2.2','2.2 Electrificacin Rural','En elaboracin','2','En elaboracin','Energa - Combustin estacionaria','1');
Insert into T_MAE_MEDMIT (ID_MEDMIT,NUMERO_MEDMIT,NOMBRE_MEDMIT,DESCRIPCION_MEDMIT,ID_NAMA,OBJETIVO_MEDMIT,IPSC_MEDMIT,FLAG_ESTADO) values ('11','3.2','3.2 Generacin Distribuida','Medida que abarca toda instalacin de generacin elctrica que inyecte energa elctrica a la red elctrica est conectada directamente a la Red de Distribucin.','3','Promover el uso e implementacin de sistemas de generacin elctrica con tecnologas limpias.','Energa - Combustin estacionaria','1');
Insert into T_MAE_MEDMIT (ID_MEDMIT,NUMERO_MEDMIT,NOMBRE_MEDMIT,DESCRIPCION_MEDMIT,ID_NAMA,OBJETIVO_MEDMIT,IPSC_MEDMIT,FLAG_ESTADO) values ('12','4.1','4.1 Promocin de vehculos elctricos a nivel nacional','Medida que propone reemplazar la matriz energtica utilizada en el transporte, la cual utiliza predominantemente combustibles fsiles (gasolina, disel, gas licuado de petrleo y gas natural vehicular), mediante una mayor participacin de vehculos elctricos en el parque vehicular, contribuyendo al cumplimiento del Plan Energtico Nacional 2014-2025 y reduciendo las emisiones de gases de efecto invernadero (GEI) gracias al reemplazo o al desplazamiento de vehculos que consumen gasolina o disel por nuevos vehculos elctricos. La meta trazada para esta medida de mitigacin en una primera etapa se da bajo 2 acciones: i) la introduccin de mnibus elctricos y ii) introduccin de vehculos livianos elctricos.','4','Reemplazar la matriz energtica utilizada de manera predominante en el transporte (gasolina, disel, GLP, GNV), a vehculos elctricos. ','Energa - Combustin mvil','1');
REM INSERTING into T_MAE_MONEDA
SET DEFINE OFF;
Insert into T_MAE_MONEDA (ID_MONEDA,DESCRIPCION) values ('1','SOLES');
Insert into T_MAE_MONEDA (ID_MONEDA,DESCRIPCION) values ('2','DOLARES');
REM INSERTING into T_MAE_NAMA
SET DEFINE OFF;
Insert into T_MAE_NAMA (ID_NAMA,DESCRIPCION_NAMA,FLG_ESTADO) values ('1','EFICIENCIA ENERGETICA','1');
Insert into T_MAE_NAMA (ID_NAMA,DESCRIPCION_NAMA,FLG_ESTADO) values ('2','ACCESO UNIVERSAL A LA ENERGIA SOSTENIBLE','1');
Insert into T_MAE_NAMA (ID_NAMA,DESCRIPCION_NAMA,FLG_ESTADO) values ('3','RED CONECTADO','1');
Insert into T_MAE_NAMA (ID_NAMA,DESCRIPCION_NAMA,FLG_ESTADO) values ('4','TRANSPORTE ELECTRICO','1');
REM INSERTING into T_MAE_OPCION
SET DEFINE OFF;
Insert into T_MAE_OPCION (ID_OPCION,DES_OPCION,FLG_ESTADO,DES_URL,DES_URLIMAGEN,DES_URLLABEL,DES_FUNCION_INI,NUM_ORDEN,NUM_NIVEL,ID_OPCION_PADRE,ID_TIPO_OPCION) values ('9','NUEVA INICIATIVA','1',null,null,null,null,null,null,null,null);
Insert into T_MAE_OPCION (ID_OPCION,DES_OPCION,FLG_ESTADO,DES_URL,DES_URLIMAGEN,DES_URLLABEL,DES_FUNCION_INI,NUM_ORDEN,NUM_NIVEL,ID_OPCION_PADRE,ID_TIPO_OPCION) values ('8','CREDENCIALES','1',null,null,null,null,null,null,null,'1');
Insert into T_MAE_OPCION (ID_OPCION,DES_OPCION,FLG_ESTADO,DES_URL,DES_URLIMAGEN,DES_URLLABEL,DES_FUNCION_INI,NUM_ORDEN,NUM_NIVEL,ID_OPCION_PADRE,ID_TIPO_OPCION) values ('1','INICIO','1',null,null,null,null,null,null,null,'1');
Insert into T_MAE_OPCION (ID_OPCION,DES_OPCION,FLG_ESTADO,DES_URL,DES_URLIMAGEN,DES_URLLABEL,DES_FUNCION_INI,NUM_ORDEN,NUM_NIVEL,ID_OPCION_PADRE,ID_TIPO_OPCION) values ('2','ACCIONES DE MITIGACION','1',null,null,null,null,null,null,null,'1');
Insert into T_MAE_OPCION (ID_OPCION,DES_OPCION,FLG_ESTADO,DES_URL,DES_URLIMAGEN,DES_URLLABEL,DES_FUNCION_INI,NUM_ORDEN,NUM_NIVEL,ID_OPCION_PADRE,ID_TIPO_OPCION) values ('3','REPORTES','1',null,null,null,null,null,null,null,'1');
Insert into T_MAE_OPCION (ID_OPCION,DES_OPCION,FLG_ESTADO,DES_URL,DES_URLIMAGEN,DES_URLLABEL,DES_FUNCION_INI,NUM_ORDEN,NUM_NIVEL,ID_OPCION_PADRE,ID_TIPO_OPCION) values ('4','ACCIONES Y RESULTADOS','1',null,null,null,null,null,null,null,'1');
Insert into T_MAE_OPCION (ID_OPCION,DES_OPCION,FLG_ESTADO,DES_URL,DES_URLIMAGEN,DES_URLLABEL,DES_FUNCION_INI,NUM_ORDEN,NUM_NIVEL,ID_OPCION_PADRE,ID_TIPO_OPCION) values ('5','NOTIFICACIONES','1',null,null,null,null,null,null,null,'1');
Insert into T_MAE_OPCION (ID_OPCION,DES_OPCION,FLG_ESTADO,DES_URL,DES_URLIMAGEN,DES_URLLABEL,DES_FUNCION_INI,NUM_ORDEN,NUM_NIVEL,ID_OPCION_PADRE,ID_TIPO_OPCION) values ('6','MANTENIMIENTO DE TABLAS','1',null,null,null,null,null,null,null,'1');
Insert into T_MAE_OPCION (ID_OPCION,DES_OPCION,FLG_ESTADO,DES_URL,DES_URLIMAGEN,DES_URLLABEL,DES_FUNCION_INI,NUM_ORDEN,NUM_NIVEL,ID_OPCION_PADRE,ID_TIPO_OPCION) values ('7','CAMBIO DE CLAVES','1',null,null,null,null,null,null,null,'1');
REM INSERTING into T_MAE_OPCION_ROL
SET DEFINE OFF;
Insert into T_MAE_OPCION_ROL (ID_OPCION,ID_ROL,FLG_ESTADO) values ('9','1','1');
Insert into T_MAE_OPCION_ROL (ID_OPCION,ID_ROL,FLG_ESTADO) values ('7','1','1');
Insert into T_MAE_OPCION_ROL (ID_OPCION,ID_ROL,FLG_ESTADO) values ('1','6','1');
Insert into T_MAE_OPCION_ROL (ID_OPCION,ID_ROL,FLG_ESTADO) values ('2','6','1');
Insert into T_MAE_OPCION_ROL (ID_OPCION,ID_ROL,FLG_ESTADO) values ('3','6','1');
Insert into T_MAE_OPCION_ROL (ID_OPCION,ID_ROL,FLG_ESTADO) values ('4','6','1');
Insert into T_MAE_OPCION_ROL (ID_OPCION,ID_ROL,FLG_ESTADO) values ('1','1','1');
Insert into T_MAE_OPCION_ROL (ID_OPCION,ID_ROL,FLG_ESTADO) values ('2','1','1');
Insert into T_MAE_OPCION_ROL (ID_OPCION,ID_ROL,FLG_ESTADO) values ('3','1','1');
Insert into T_MAE_OPCION_ROL (ID_OPCION,ID_ROL,FLG_ESTADO) values ('4','1','1');
Insert into T_MAE_OPCION_ROL (ID_OPCION,ID_ROL,FLG_ESTADO) values ('5','1','1');
Insert into T_MAE_OPCION_ROL (ID_OPCION,ID_ROL,FLG_ESTADO) values ('1','2','1');
Insert into T_MAE_OPCION_ROL (ID_OPCION,ID_ROL,FLG_ESTADO) values ('2','2','1');
Insert into T_MAE_OPCION_ROL (ID_OPCION,ID_ROL,FLG_ESTADO) values ('3','2','1');
Insert into T_MAE_OPCION_ROL (ID_OPCION,ID_ROL,FLG_ESTADO) values ('4','2','1');
Insert into T_MAE_OPCION_ROL (ID_OPCION,ID_ROL,FLG_ESTADO) values ('5','2','1');
Insert into T_MAE_OPCION_ROL (ID_OPCION,ID_ROL,FLG_ESTADO) values ('7','2','1');
Insert into T_MAE_OPCION_ROL (ID_OPCION,ID_ROL,FLG_ESTADO) values ('1','3','1');
Insert into T_MAE_OPCION_ROL (ID_OPCION,ID_ROL,FLG_ESTADO) values ('2','3','1');
Insert into T_MAE_OPCION_ROL (ID_OPCION,ID_ROL,FLG_ESTADO) values ('3','3','1');
Insert into T_MAE_OPCION_ROL (ID_OPCION,ID_ROL,FLG_ESTADO) values ('4','3','1');
Insert into T_MAE_OPCION_ROL (ID_OPCION,ID_ROL,FLG_ESTADO) values ('5','3','1');
Insert into T_MAE_OPCION_ROL (ID_OPCION,ID_ROL,FLG_ESTADO) values ('6','3','1');
Insert into T_MAE_OPCION_ROL (ID_OPCION,ID_ROL,FLG_ESTADO) values ('7','3','1');
Insert into T_MAE_OPCION_ROL (ID_OPCION,ID_ROL,FLG_ESTADO) values ('1','4','1');
Insert into T_MAE_OPCION_ROL (ID_OPCION,ID_ROL,FLG_ESTADO) values ('2','4','1');
Insert into T_MAE_OPCION_ROL (ID_OPCION,ID_ROL,FLG_ESTADO) values ('3','4','1');
Insert into T_MAE_OPCION_ROL (ID_OPCION,ID_ROL,FLG_ESTADO) values ('4','4','1');
Insert into T_MAE_OPCION_ROL (ID_OPCION,ID_ROL,FLG_ESTADO) values ('5','4','1');
Insert into T_MAE_OPCION_ROL (ID_OPCION,ID_ROL,FLG_ESTADO) values ('7','4','1');
Insert into T_MAE_OPCION_ROL (ID_OPCION,ID_ROL,FLG_ESTADO) values ('1','5','1');
Insert into T_MAE_OPCION_ROL (ID_OPCION,ID_ROL,FLG_ESTADO) values ('2','5','1');
Insert into T_MAE_OPCION_ROL (ID_OPCION,ID_ROL,FLG_ESTADO) values ('3','5','1');
Insert into T_MAE_OPCION_ROL (ID_OPCION,ID_ROL,FLG_ESTADO) values ('4','5','1');
Insert into T_MAE_OPCION_ROL (ID_OPCION,ID_ROL,FLG_ESTADO) values ('5','5','1');
Insert into T_MAE_OPCION_ROL (ID_OPCION,ID_ROL,FLG_ESTADO) values ('7','5','1');
REM INSERTING into T_MAE_PAGINA
SET DEFINE OFF;
REM INSERTING into T_MAE_PLAZO
SET DEFINE OFF;
REM INSERTING into T_MAE_ROL
SET DEFINE OFF;
Insert into T_MAE_ROL (ID_ROL,DESCRIPCION_ROL,FLG_ESTADO) values ('1','USUARIO ADMINISTRADO','1');
Insert into T_MAE_ROL (ID_ROL,DESCRIPCION_ROL,FLG_ESTADO) values ('2','ESPECIALISTA MRV','1');
Insert into T_MAE_ROL (ID_ROL,DESCRIPCION_ROL,FLG_ESTADO) values ('3','ADMINISTRADOR MINEM','1');
Insert into T_MAE_ROL (ID_ROL,DESCRIPCION_ROL,FLG_ESTADO) values ('4','EVALUADOR MRV','1');
Insert into T_MAE_ROL (ID_ROL,DESCRIPCION_ROL,FLG_ESTADO) values ('5','VERIFICADOR','1');
Insert into T_MAE_ROL (ID_ROL,DESCRIPCION_ROL,FLG_ESTADO) values ('6','VISITANTE','1');
REM INSERTING into T_MAE_SECTOR_INST
SET DEFINE OFF;
Insert into T_MAE_SECTOR_INST (ID_SECTOR_INST,DESCRIPCION,FLAG_ESTADO) values ('8',null,'1');
Insert into T_MAE_SECTOR_INST (ID_SECTOR_INST,DESCRIPCION,FLAG_ESTADO) values ('1','PUBLICO ADMINISTRATIVO','0');
Insert into T_MAE_SECTOR_INST (ID_SECTOR_INST,DESCRIPCION,FLAG_ESTADO) values ('2','PUBLICO SALUD','1');
Insert into T_MAE_SECTOR_INST (ID_SECTOR_INST,DESCRIPCION,FLAG_ESTADO) values ('3','PUBLICO EDUCATIVO','1');
Insert into T_MAE_SECTOR_INST (ID_SECTOR_INST,DESCRIPCION,FLAG_ESTADO) values ('4','PUBLICO SEGURIDAD','1');
Insert into T_MAE_SECTOR_INST (ID_SECTOR_INST,DESCRIPCION,FLAG_ESTADO) values ('5','COMERCIAL','1');
Insert into T_MAE_SECTOR_INST (ID_SECTOR_INST,DESCRIPCION,FLAG_ESTADO) values ('6','INDUSTRIAL MINERA','1');
Insert into T_MAE_SECTOR_INST (ID_SECTOR_INST,DESCRIPCION,FLAG_ESTADO) values ('7','INDUSTRIAL OTRO','1');
Insert into T_MAE_SECTOR_INST (ID_SECTOR_INST,DESCRIPCION,FLAG_ESTADO) values ('13',null,'1');
Insert into T_MAE_SECTOR_INST (ID_SECTOR_INST,DESCRIPCION,FLAG_ESTADO) values ('9',null,'1');
Insert into T_MAE_SECTOR_INST (ID_SECTOR_INST,DESCRIPCION,FLAG_ESTADO) values ('10',null,'1');
Insert into T_MAE_SECTOR_INST (ID_SECTOR_INST,DESCRIPCION,FLAG_ESTADO) values ('11',null,'1');
Insert into T_MAE_SECTOR_INST (ID_SECTOR_INST,DESCRIPCION,FLAG_ESTADO) values ('12',null,'1');
Insert into T_MAE_SECTOR_INST (ID_SECTOR_INST,DESCRIPCION,FLAG_ESTADO) values ('14',null,'1');
REM INSERTING into T_MAE_TERMINOS
SET DEFINE OFF;
Insert into T_MAE_TERMINOS (ID_TERMINOS,ID_ROL,CONDICIONES_TERMINOS) values ('1','1','El Proyecto Acciones Nacionales Apropiadas de Mitigacin de energa (NAMA por sus siglas en ingls) en los sectores de generacin de energa y su uso final en el Per promueve acciones de sostenibilidad para alcanzar reducciones en emisiones de gases de efecto invernadero (GEI) como parte de los compromisos internacionales asumido por Per dentro del marco de la Convencin de las Naciones Unidas sobre Cambio Climtico (CMNUCC o UNFCCC por sus siglas en ingls). 
En ese sentido, identificar y desarrollar iniciativas en el sector energa (por ejemplo, NAMAs) favorecern a la reduccin de emisiones de GEI y a su vez generarn beneficios sociales, ambientales y econmicos.  De otro lado nuestro pas, para el cumplimiento de sus compromisos, ha priorizado seis sectores para el diseo de iniciativas de reduccin de emisiones de GEI / captura de CO2, los cuales son: Energa, Transporte, Agricultura, Desechos, USCUSS (Uso de Suelo, Cambio de Uso de Suelo y Silvicultura) y Procesos Industriales. En ese sentido, el sector energtico (incluyendo transporte) es la segunda fuente de emisiones, despus de USCUSS, con el 26% de las emisiones totales de GEI del pas y llegando a aumentar 15% entre los aos 1994 y 2000 (SCNCC ) y 50% entre los aos 2000 y 2010 (FBUR ).  Por lo que, tenemos la gran responsabilidad de desarrollar NAMAs ambiciosas y efectivas para poder alcanzar el objetivo de las NDCs.  
En ese contexto, el Ministerio de Energa y Minas suscribi con el Programa de Naciones Unidas para el Desarrollo  PNUD, el Convenio para implementar el Proyecto Acciones Nacionales Apropiadas de Mitigacin (NAMA) en los sectores de generacin de energa y su uso final en el Per, cuyo financiamiento proviene del Fondo Mundial para el Medio Ambiente (GEF por su siglas en ingls), ms el apoyo y cofinanciamiento de PNUD, MINAM, MEF y MEM. 
Recayendo su implementacin en la Direccin General de Eficiencia Energtica quien deber liderar, disear, desarrollar, gestionar y coordinar cuatro (04) NAMAs de energa con sus respectivos sistemas de Monitoreo, Reporte, y Verificacin (MRV), como producto de este proyecto. En ese sentido desde abril del 2016, el Proyecto inici el proceso de diseo conceptual de los mismos enfocndose en maximizar los beneficios sociales, ambientales y econmicos para el pas.  Por tal motivo, se ha elegido desarrollar las siguientes NAMAs a desarrollarse desde 2016 hasta 2020:
1.	NAMA #1 (Eficiencia Energtica): Mejoras en Eficiencia Energtica en los sectores pblicos y privadas;  
2.	NAMA #2 (RER Conectado): La promocin de las RER en sistemas interconectados; 
3.	NAMA #3 (RER Acceso Universal): Promocin del Acceso Universal a la Energa Sostenible; y
4.	NAMA #4 (Transporte Elctrico): Promocin de eficiencia energtica en el sector transporte con la promocin de transporte elctrico.  
');
REM INSERTING into T_MAE_TIPO_COMBUSTIBLE
SET DEFINE OFF;
Insert into T_MAE_TIPO_COMBUSTIBLE (ID_TIPO_COMBUSTIBLE,DESCRIPCION) values ('1','GNV');
Insert into T_MAE_TIPO_COMBUSTIBLE (ID_TIPO_COMBUSTIBLE,DESCRIPCION) values ('2','GLP');
Insert into T_MAE_TIPO_COMBUSTIBLE (ID_TIPO_COMBUSTIBLE,DESCRIPCION) values ('3','GASOLINA');
Insert into T_MAE_TIPO_COMBUSTIBLE (ID_TIPO_COMBUSTIBLE,DESCRIPCION) values ('4','DIESEL');
REM INSERTING into T_MAE_TIPO_FUENTE
SET DEFINE OFF;
Insert into T_MAE_TIPO_FUENTE (ID_TIPO_FUENTE,DESCRIPCION) values ('1','ELECTRICO');
Insert into T_MAE_TIPO_FUENTE (ID_TIPO_FUENTE,DESCRIPCION) values ('1','HIBRIDO');
Insert into T_MAE_TIPO_FUENTE (ID_TIPO_FUENTE,DESCRIPCION) values ('1','HIDROGENO');
REM INSERTING into T_MAE_TIPO_OPCION
SET DEFINE OFF;
Insert into T_MAE_TIPO_OPCION (ID_TIPO_OPCION,DES_TIPO_OPCION,SIGLA) values ('1','TIPO 1','T1 ');
Insert into T_MAE_TIPO_OPCION (ID_TIPO_OPCION,DES_TIPO_OPCION,SIGLA) values ('2','TIPO 2','T2 ');
REM INSERTING into T_MAE_TIPO_VEHICULO
SET DEFINE OFF;
Insert into T_MAE_TIPO_VEHICULO (ID_TIPO_VEHICULO,DESCRIPCION) values ('1','AUTOS');
Insert into T_MAE_TIPO_VEHICULO (ID_TIPO_VEHICULO,DESCRIPCION) values ('2','BUSES 9M');
Insert into T_MAE_TIPO_VEHICULO (ID_TIPO_VEHICULO,DESCRIPCION) values ('3','BUSES 12M');
Insert into T_MAE_TIPO_VEHICULO (ID_TIPO_VEHICULO,DESCRIPCION) values ('4','BUSES 18M');
Insert into T_MAE_TIPO_VEHICULO (ID_TIPO_VEHICULO,DESCRIPCION) values ('5','MOTOTAXI');
Insert into T_MAE_TIPO_VEHICULO (ID_TIPO_VEHICULO,DESCRIPCION) values ('6','MOTO');
REM INSERTING into T_MAE_UBICACION
SET DEFINE OFF;
Insert into T_MAE_UBICACION (ID_UBICACION,DESCRIPCION,FLG_ESTADO) values ('1','AMAZONAS',null);
Insert into T_MAE_UBICACION (ID_UBICACION,DESCRIPCION,FLG_ESTADO) values ('2','ANCASH',null);
Insert into T_MAE_UBICACION (ID_UBICACION,DESCRIPCION,FLG_ESTADO) values ('3','APURIMAC',null);
Insert into T_MAE_UBICACION (ID_UBICACION,DESCRIPCION,FLG_ESTADO) values ('4','AREQUIPA',null);
Insert into T_MAE_UBICACION (ID_UBICACION,DESCRIPCION,FLG_ESTADO) values ('5','AYACUCHO',null);
Insert into T_MAE_UBICACION (ID_UBICACION,DESCRIPCION,FLG_ESTADO) values ('6','CAJAMARCA',null);
Insert into T_MAE_UBICACION (ID_UBICACION,DESCRIPCION,FLG_ESTADO) values ('7','CALLAO',null);
Insert into T_MAE_UBICACION (ID_UBICACION,DESCRIPCION,FLG_ESTADO) values ('8','CUSCO',null);
Insert into T_MAE_UBICACION (ID_UBICACION,DESCRIPCION,FLG_ESTADO) values ('9','HUANCAVELICA',null);
Insert into T_MAE_UBICACION (ID_UBICACION,DESCRIPCION,FLG_ESTADO) values ('10','HUANUCO',null);
Insert into T_MAE_UBICACION (ID_UBICACION,DESCRIPCION,FLG_ESTADO) values ('11','ICA',null);
Insert into T_MAE_UBICACION (ID_UBICACION,DESCRIPCION,FLG_ESTADO) values ('12','JUNIN',null);
Insert into T_MAE_UBICACION (ID_UBICACION,DESCRIPCION,FLG_ESTADO) values ('13','LA LIBERTAD',null);
Insert into T_MAE_UBICACION (ID_UBICACION,DESCRIPCION,FLG_ESTADO) values ('14','LAMBAYEQUE',null);
Insert into T_MAE_UBICACION (ID_UBICACION,DESCRIPCION,FLG_ESTADO) values ('15','LIMA',null);
Insert into T_MAE_UBICACION (ID_UBICACION,DESCRIPCION,FLG_ESTADO) values ('16','LORETO',null);
Insert into T_MAE_UBICACION (ID_UBICACION,DESCRIPCION,FLG_ESTADO) values ('17','MADRE DE DIOS',null);
Insert into T_MAE_UBICACION (ID_UBICACION,DESCRIPCION,FLG_ESTADO) values ('18','MOQUEGUA',null);
Insert into T_MAE_UBICACION (ID_UBICACION,DESCRIPCION,FLG_ESTADO) values ('19','PASCO',null);
Insert into T_MAE_UBICACION (ID_UBICACION,DESCRIPCION,FLG_ESTADO) values ('20','PIURA',null);
Insert into T_MAE_UBICACION (ID_UBICACION,DESCRIPCION,FLG_ESTADO) values ('21','PUNO',null);
Insert into T_MAE_UBICACION (ID_UBICACION,DESCRIPCION,FLG_ESTADO) values ('22','SAN MARTIN','0');
Insert into T_MAE_UBICACION (ID_UBICACION,DESCRIPCION,FLG_ESTADO) values ('23','TACNA1','0');
Insert into T_MAE_UBICACION (ID_UBICACION,DESCRIPCION,FLG_ESTADO) values ('24','TUMBES2','0');
Insert into T_MAE_UBICACION (ID_UBICACION,DESCRIPCION,FLG_ESTADO) values ('25','UCAYALI','0');
REM INSERTING into T_MAE_USUARIO_ROL
SET DEFINE OFF;
Insert into T_MAE_USUARIO_ROL (ID_USUARIO,ID_ROL,FLG_ESTADO,DES_COMENTARIO) values ('1','1','1',null);
Insert into T_MAE_USUARIO_ROL (ID_USUARIO,ID_ROL,FLG_ESTADO,DES_COMENTARIO) values ('21','2','1',null);
Insert into T_MAE_USUARIO_ROL (ID_USUARIO,ID_ROL,FLG_ESTADO,DES_COMENTARIO) values ('22','3','1',null);
Insert into T_MAE_USUARIO_ROL (ID_USUARIO,ID_ROL,FLG_ESTADO,DES_COMENTARIO) values ('23','1','1',null);
Insert into T_MAE_USUARIO_ROL (ID_USUARIO,ID_ROL,FLG_ESTADO,DES_COMENTARIO) values ('24','1','1',null);
Insert into T_MAE_USUARIO_ROL (ID_USUARIO,ID_ROL,FLG_ESTADO,DES_COMENTARIO) values ('26','1','1',null);
Insert into T_MAE_USUARIO_ROL (ID_USUARIO,ID_ROL,FLG_ESTADO,DES_COMENTARIO) values ('27','1','1',null);
Insert into T_MAE_USUARIO_ROL (ID_USUARIO,ID_ROL,FLG_ESTADO,DES_COMENTARIO) values ('28','3','1',null);
Insert into T_MAE_USUARIO_ROL (ID_USUARIO,ID_ROL,FLG_ESTADO,DES_COMENTARIO) values ('29','1','1',null);
Insert into T_MAE_USUARIO_ROL (ID_USUARIO,ID_ROL,FLG_ESTADO,DES_COMENTARIO) values ('41','1','1',null);
Insert into T_MAE_USUARIO_ROL (ID_USUARIO,ID_ROL,FLG_ESTADO,DES_COMENTARIO) values ('44','1','1',null);
Insert into T_MAE_USUARIO_ROL (ID_USUARIO,ID_ROL,FLG_ESTADO,DES_COMENTARIO) values ('49','1','1',null);
Insert into T_MAE_USUARIO_ROL (ID_USUARIO,ID_ROL,FLG_ESTADO,DES_COMENTARIO) values ('56','1','1',null);
Insert into T_MAE_USUARIO_ROL (ID_USUARIO,ID_ROL,FLG_ESTADO,DES_COMENTARIO) values ('57','1','1',null);
Insert into T_MAE_USUARIO_ROL (ID_USUARIO,ID_ROL,FLG_ESTADO,DES_COMENTARIO) values ('58','0','1',null);
Insert into T_MAE_USUARIO_ROL (ID_USUARIO,ID_ROL,FLG_ESTADO,DES_COMENTARIO) values ('61','1','1',null);
Insert into T_MAE_USUARIO_ROL (ID_USUARIO,ID_ROL,FLG_ESTADO,DES_COMENTARIO) values ('45','5','1',null);
Insert into T_MAE_USUARIO_ROL (ID_USUARIO,ID_ROL,FLG_ESTADO,DES_COMENTARIO) values ('48','1','1',null);
Insert into T_MAE_USUARIO_ROL (ID_USUARIO,ID_ROL,FLG_ESTADO,DES_COMENTARIO) values ('60','1','1',null);
Insert into T_MAE_USUARIO_ROL (ID_USUARIO,ID_ROL,FLG_ESTADO,DES_COMENTARIO) values ('62','1','1',null);
Insert into T_MAE_USUARIO_ROL (ID_USUARIO,ID_ROL,FLG_ESTADO,DES_COMENTARIO) values ('83','1','1',null);
Insert into T_MAE_USUARIO_ROL (ID_USUARIO,ID_ROL,FLG_ESTADO,DES_COMENTARIO) values ('84','1','1',null);
Insert into T_MAE_USUARIO_ROL (ID_USUARIO,ID_ROL,FLG_ESTADO,DES_COMENTARIO) values ('102','1','1',null);
Insert into T_MAE_USUARIO_ROL (ID_USUARIO,ID_ROL,FLG_ESTADO,DES_COMENTARIO) values ('22','3','1',null);
Insert into T_MAE_USUARIO_ROL (ID_USUARIO,ID_ROL,FLG_ESTADO,DES_COMENTARIO) values ('25','1','1',null);
Insert into T_MAE_USUARIO_ROL (ID_USUARIO,ID_ROL,FLG_ESTADO,DES_COMENTARIO) values ('30','1','1',null);
Insert into T_MAE_USUARIO_ROL (ID_USUARIO,ID_ROL,FLG_ESTADO,DES_COMENTARIO) values ('82','1','1',null);
Insert into T_MAE_USUARIO_ROL (ID_USUARIO,ID_ROL,FLG_ESTADO,DES_COMENTARIO) values ('35','1','1',null);
Insert into T_MAE_USUARIO_ROL (ID_USUARIO,ID_ROL,FLG_ESTADO,DES_COMENTARIO) values ('40','1','1',null);
Insert into T_MAE_USUARIO_ROL (ID_USUARIO,ID_ROL,FLG_ESTADO,DES_COMENTARIO) values ('42','1','1',null);
Insert into T_MAE_USUARIO_ROL (ID_USUARIO,ID_ROL,FLG_ESTADO,DES_COMENTARIO) values ('46','1','1',null);
Insert into T_MAE_USUARIO_ROL (ID_USUARIO,ID_ROL,FLG_ESTADO,DES_COMENTARIO) values ('47','1','1',null);
Insert into T_MAE_USUARIO_ROL (ID_USUARIO,ID_ROL,FLG_ESTADO,DES_COMENTARIO) values ('50','1','1',null);
Insert into T_MAE_USUARIO_ROL (ID_USUARIO,ID_ROL,FLG_ESTADO,DES_COMENTARIO) values ('81','2','1',null);
Insert into T_MAE_USUARIO_ROL (ID_USUARIO,ID_ROL,FLG_ESTADO,DES_COMENTARIO) values ('101','1','1',null);
Insert into T_MAE_USUARIO_ROL (ID_USUARIO,ID_ROL,FLG_ESTADO,DES_COMENTARIO) values ('103','1','1',null);
Insert into T_MAE_USUARIO_ROL (ID_USUARIO,ID_ROL,FLG_ESTADO,DES_COMENTARIO) values ('31','1','1',null);
Insert into T_MAE_USUARIO_ROL (ID_USUARIO,ID_ROL,FLG_ESTADO,DES_COMENTARIO) values ('32','1','1',null);
Insert into T_MAE_USUARIO_ROL (ID_USUARIO,ID_ROL,FLG_ESTADO,DES_COMENTARIO) values ('33','1','1',null);
Insert into T_MAE_USUARIO_ROL (ID_USUARIO,ID_ROL,FLG_ESTADO,DES_COMENTARIO) values ('34','1','1',null);
Insert into T_MAE_USUARIO_ROL (ID_USUARIO,ID_ROL,FLG_ESTADO,DES_COMENTARIO) values ('36','1','1',null);
Insert into T_MAE_USUARIO_ROL (ID_USUARIO,ID_ROL,FLG_ESTADO,DES_COMENTARIO) values ('37','1','1',null);
Insert into T_MAE_USUARIO_ROL (ID_USUARIO,ID_ROL,FLG_ESTADO,DES_COMENTARIO) values ('38','1','1',null);
Insert into T_MAE_USUARIO_ROL (ID_USUARIO,ID_ROL,FLG_ESTADO,DES_COMENTARIO) values ('43','4','1',null);
Insert into T_MAE_USUARIO_ROL (ID_USUARIO,ID_ROL,FLG_ESTADO,DES_COMENTARIO) values ('51','1','1',null);
Insert into T_MAE_USUARIO_ROL (ID_USUARIO,ID_ROL,FLG_ESTADO,DES_COMENTARIO) values ('52','1','1',null);
Insert into T_MAE_USUARIO_ROL (ID_USUARIO,ID_ROL,FLG_ESTADO,DES_COMENTARIO) values ('53','1','1',null);
Insert into T_MAE_USUARIO_ROL (ID_USUARIO,ID_ROL,FLG_ESTADO,DES_COMENTARIO) values ('54','1','1',null);
Insert into T_MAE_USUARIO_ROL (ID_USUARIO,ID_ROL,FLG_ESTADO,DES_COMENTARIO) values ('55','0','1',null);
Insert into T_MAE_USUARIO_ROL (ID_USUARIO,ID_ROL,FLG_ESTADO,DES_COMENTARIO) values ('59','1','1',null);
Insert into T_MAE_USUARIO_ROL (ID_USUARIO,ID_ROL,FLG_ESTADO,DES_COMENTARIO) values ('121','1','1',null);
Insert into T_MAE_USUARIO_ROL (ID_USUARIO,ID_ROL,FLG_ESTADO,DES_COMENTARIO) values ('122','1','1',null);
Insert into T_MAE_USUARIO_ROL (ID_USUARIO,ID_ROL,FLG_ESTADO,DES_COMENTARIO) values ('123','1','1',null);
--------------------------------------------------------
--  DDL for Index GEND_DETALLE_INICIATIVA_PK
--------------------------------------------------------

  CREATE INDEX "GEND_DETALLE_INICIATIVA_PK" ON "T_GEND_DETALLE_INICIATIVA" ("ID_DETALLE_INICIATIVA") 
  PCTFREE 10 INITRANS 2 MAXTRANS 255 COMPUTE STATISTICS 
  STORAGE(INITIAL 65536 NEXT 1048576 MINEXTENTS 1 MAXEXTENTS 2147483645
  PCTINCREASE 0 FREELISTS 1 FREELIST GROUPS 1
  BUFFER_POOL DEFAULT FLASH_CACHE DEFAULT CELL_FLASH_CACHE DEFAULT)
  TABLESPACE "USERS" ;
--------------------------------------------------------
--  DDL for Index GEND_ENFOQUE_FACTOR_PK
--------------------------------------------------------

  CREATE INDEX "GEND_ENFOQUE_FACTOR_PK" ON "T_GEND_ENFOQUE_FACTOR" ("ID_ENFOQUE_FACTOR") 
  PCTFREE 10 INITRANS 2 MAXTRANS 255 COMPUTE STATISTICS 
  STORAGE(INITIAL 65536 NEXT 1048576 MINEXTENTS 1 MAXEXTENTS 2147483645
  PCTINCREASE 0 FREELISTS 1 FREELIST GROUPS 1
  BUFFER_POOL DEFAULT FLASH_CACHE DEFAULT CELL_FLASH_CACHE DEFAULT)
  TABLESPACE "USERS" ;
--------------------------------------------------------
--  DDL for Index GEND_ENFOQUE_VARIABLE_PK
--------------------------------------------------------

  CREATE INDEX "GEND_ENFOQUE_VARIABLE_PK" ON "T_GEND_ENFOQUE_VARIABLE" ("ID_ENFOQUE_VARIABLE") 
  PCTFREE 10 INITRANS 2 MAXTRANS 255 COMPUTE STATISTICS 
  STORAGE(INITIAL 65536 NEXT 1048576 MINEXTENTS 1 MAXEXTENTS 2147483645
  PCTINCREASE 0 FREELISTS 1 FREELIST GROUPS 1
  BUFFER_POOL DEFAULT FLASH_CACHE DEFAULT CELL_FLASH_CACHE DEFAULT)
  TABLESPACE "USERS" ;
--------------------------------------------------------
--  DDL for Index GEND_ENFOQUE_VARIANTE_PK
--------------------------------------------------------

  CREATE INDEX "GEND_ENFOQUE_VARIANTE_PK" ON "T_GEND_ENFOQUE_VARIANTE" ("ID_ENFOQUE_VARIANTE") 
  PCTFREE 10 INITRANS 2 MAXTRANS 255 COMPUTE STATISTICS 
  STORAGE(INITIAL 65536 NEXT 1048576 MINEXTENTS 1 MAXEXTENTS 2147483645
  PCTINCREASE 0 FREELISTS 1 FREELIST GROUPS 1
  BUFFER_POOL DEFAULT FLASH_CACHE DEFAULT CELL_FLASH_CACHE DEFAULT)
  TABLESPACE "USERS" ;
--------------------------------------------------------
--  DDL for Index GEND_INDICADOR_ENFOQUE_PK
--------------------------------------------------------

  CREATE INDEX "GEND_INDICADOR_ENFOQUE_PK" ON "T_GEND_INDICADOR_ENFOQUE" ("ID_INDICADOR_ENFOQUE") 
  PCTFREE 10 INITRANS 2 MAXTRANS 255 COMPUTE STATISTICS 
  STORAGE(INITIAL 65536 NEXT 1048576 MINEXTENTS 1 MAXEXTENTS 2147483645
  PCTINCREASE 0 FREELISTS 1 FREELIST GROUPS 1
  BUFFER_POOL DEFAULT FLASH_CACHE DEFAULT CELL_FLASH_CACHE DEFAULT)
  TABLESPACE "USERS" ;
--------------------------------------------------------
--  DDL for Index GEND_INDICADOR_PK
--------------------------------------------------------

  CREATE INDEX "GEND_INDICADOR_PK" ON "T_GEND_INDICADOR" ("ID_INDICADOR") 
  PCTFREE 10 INITRANS 2 MAXTRANS 255 COMPUTE STATISTICS 
  STORAGE(INITIAL 65536 NEXT 1048576 MINEXTENTS 1 MAXEXTENTS 2147483645
  PCTINCREASE 0 FREELISTS 1 FREELIST GROUPS 1
  BUFFER_POOL DEFAULT FLASH_CACHE DEFAULT CELL_FLASH_CACHE DEFAULT)
  TABLESPACE "USERS" ;
--------------------------------------------------------
--  DDL for Index GEND_INICIATIVA_ARCHIVO_PK
--------------------------------------------------------

  CREATE INDEX "GEND_INICIATIVA_ARCHIVO_PK" ON "T_GEND_INICIATIVA_ARCHIVO" ("ID_INICIATIVA_ARCHIVO") 
  PCTFREE 10 INITRANS 2 MAXTRANS 255 COMPUTE STATISTICS 
  TABLESPACE "USERS" ;
--------------------------------------------------------
--  DDL for Index GEND_VARIANTE_ATRIBUTO_PK
--------------------------------------------------------

  CREATE UNIQUE INDEX "GEND_VARIANTE_ATRIBUTO_PK" ON "T_GEND_VARIANTE_ATRIBUTO" ("ID_VARIANTE_ATRIBUTO") 
  PCTFREE 10 INITRANS 2 MAXTRANS 255 COMPUTE STATISTICS 
  STORAGE(INITIAL 65536 NEXT 1048576 MINEXTENTS 1 MAXEXTENTS 2147483645
  PCTINCREASE 0 FREELISTS 1 FREELIST GROUPS 1
  BUFFER_POOL DEFAULT FLASH_CACHE DEFAULT CELL_FLASH_CACHE DEFAULT)
  TABLESPACE "USERS" ;
--------------------------------------------------------
--  DDL for Index GENM_FACTOR_PK
--------------------------------------------------------

  CREATE INDEX "GENM_FACTOR_PK" ON "T_GENM_FACTOR" ("ID_FACTOR") 
  PCTFREE 10 INITRANS 2 MAXTRANS 255 COMPUTE STATISTICS 
  STORAGE(INITIAL 65536 NEXT 1048576 MINEXTENTS 1 MAXEXTENTS 2147483645
  PCTINCREASE 0 FREELISTS 1 FREELIST GROUPS 1
  BUFFER_POOL DEFAULT FLASH_CACHE DEFAULT CELL_FLASH_CACHE DEFAULT)
  TABLESPACE "USERS" ;
--------------------------------------------------------
--  DDL for Index GENM_NOTIFICACION_PK
--------------------------------------------------------

  CREATE INDEX "GENM_NOTIFICACION_PK" ON "T_GENM_NOTIFICACION" ("ID_NOTIFICACION") 
  PCTFREE 10 INITRANS 2 MAXTRANS 255 COMPUTE STATISTICS 
  STORAGE(INITIAL 65536 NEXT 1048576 MINEXTENTS 1 MAXEXTENTS 2147483645
  PCTINCREASE 0 FREELISTS 1 FREELIST GROUPS 1
  BUFFER_POOL DEFAULT FLASH_CACHE DEFAULT CELL_FLASH_CACHE DEFAULT)
  TABLESPACE "USERS" ;
--------------------------------------------------------
--  DDL for Index GENM_VARIABLE_PK
--------------------------------------------------------

  CREATE INDEX "GENM_VARIABLE_PK" ON "T_GENM_VARIABLE" ("ID_VARIABLE") 
  PCTFREE 10 INITRANS 2 MAXTRANS 255 COMPUTE STATISTICS 
  STORAGE(INITIAL 65536 NEXT 1048576 MINEXTENTS 1 MAXEXTENTS 2147483645
  PCTINCREASE 0 FREELISTS 1 FREELIST GROUPS 1
  BUFFER_POOL DEFAULT FLASH_CACHE DEFAULT CELL_FLASH_CACHE DEFAULT)
  TABLESPACE "USERS" ;
--------------------------------------------------------
--  DDL for Index ID_VARIANTE_V
--------------------------------------------------------

  CREATE UNIQUE INDEX "ID_VARIANTE_V" ON "T_GENM_VARIANTE" ("ID_VARIANTE") 
  PCTFREE 10 INITRANS 2 MAXTRANS 255 COMPUTE STATISTICS 
  STORAGE(INITIAL 65536 NEXT 1048576 MINEXTENTS 1 MAXEXTENTS 2147483645
  PCTINCREASE 0 FREELISTS 1 FREELIST GROUPS 1
  BUFFER_POOL DEFAULT FLASH_CACHE DEFAULT CELL_FLASH_CACHE DEFAULT)
  TABLESPACE "USERS" ;
--------------------------------------------------------
--  DDL for Index MAE_FAQ_PK
--------------------------------------------------------

  CREATE INDEX "MAE_FAQ_PK" ON "T_MAE_FAQ" ("ID_FAQ") 
  PCTFREE 10 INITRANS 2 MAXTRANS 255 COMPUTE STATISTICS 
  STORAGE(INITIAL 65536 NEXT 1048576 MINEXTENTS 1 MAXEXTENTS 2147483645
  PCTINCREASE 0 FREELISTS 1 FREELIST GROUPS 1
  BUFFER_POOL DEFAULT FLASH_CACHE DEFAULT CELL_FLASH_CACHE DEFAULT)
  TABLESPACE "USERS" ;
--------------------------------------------------------
--  DDL for Index T_GEND_INICIATIVA_ENERG_PK
--------------------------------------------------------

  CREATE UNIQUE INDEX "T_GEND_INICIATIVA_ENERG_PK" ON "T_GEND_INICIATIVA_ENERG" ("ID_INICIATIVA_ENERG") 
  PCTFREE 10 INITRANS 2 MAXTRANS 255 COMPUTE STATISTICS 
  STORAGE(INITIAL 65536 NEXT 1048576 MINEXTENTS 1 MAXEXTENTS 2147483645
  PCTINCREASE 0 FREELISTS 1 FREELIST GROUPS 1
  BUFFER_POOL DEFAULT FLASH_CACHE DEFAULT CELL_FLASH_CACHE DEFAULT)
  TABLESPACE "USERS" ;
--------------------------------------------------------
--  DDL for Index T_GEND_INICIATIVA_GEI_PK
--------------------------------------------------------

  CREATE UNIQUE INDEX "T_GEND_INICIATIVA_GEI_PK" ON "T_GEND_INICIATIVA_GEI" ("ID_INICIATIVA_GEI") 
  PCTFREE 10 INITRANS 2 MAXTRANS 255 COMPUTE STATISTICS 
  STORAGE(INITIAL 65536 NEXT 1048576 MINEXTENTS 1 MAXEXTENTS 2147483645
  PCTINCREASE 0 FREELISTS 1 FREELIST GROUPS 1
  BUFFER_POOL DEFAULT FLASH_CACHE DEFAULT CELL_FLASH_CACHE DEFAULT)
  TABLESPACE "USERS" ;
--------------------------------------------------------
--  DDL for Index T_GEND_INICIATIVA_UBICACION_PK
--------------------------------------------------------

  CREATE UNIQUE INDEX "T_GEND_INICIATIVA_UBICACION_PK" ON "T_GEND_INICIATIVA_UBICACION" ("ID_INICIATIVA_UBICACION") 
  PCTFREE 10 INITRANS 2 MAXTRANS 255 COMPUTE STATISTICS 
  STORAGE(INITIAL 65536 NEXT 1048576 MINEXTENTS 1 MAXEXTENTS 2147483645
  PCTINCREASE 0 FREELISTS 1 FREELIST GROUPS 1
  BUFFER_POOL DEFAULT FLASH_CACHE DEFAULT CELL_FLASH_CACHE DEFAULT)
  TABLESPACE "USERS" ;
--------------------------------------------------------
--  DDL for Index T_GENM_AYUDA_PK
--------------------------------------------------------

  CREATE UNIQUE INDEX "T_GENM_AYUDA_PK" ON "T_GENM_AYUDA" ("ID_AYUDA") 
  PCTFREE 10 INITRANS 2 MAXTRANS 255 COMPUTE STATISTICS 
  TABLESPACE "USERS" ;
--------------------------------------------------------
--  DDL for Index T_GENM_BLOCKCHAIN_PK
--------------------------------------------------------

  CREATE UNIQUE INDEX "T_GENM_BLOCKCHAIN_PK" ON "T_GENM_BLOCKCHAIN" ("ID_BLOCKCHAIN") 
  PCTFREE 10 INITRANS 2 MAXTRANS 255 COMPUTE STATISTICS 
  TABLESPACE "USERS" ;
--------------------------------------------------------
--  DDL for Index T_GENM_ESCENARIO_PK
--------------------------------------------------------

  CREATE UNIQUE INDEX "T_GENM_ESCENARIO_PK" ON "T_GENM_ESCENARIO" ("ID_ESCENARIO") 
  PCTFREE 10 INITRANS 2 MAXTRANS 255 COMPUTE STATISTICS 
  STORAGE(INITIAL 65536 NEXT 1048576 MINEXTENTS 1 MAXEXTENTS 2147483645
  PCTINCREASE 0 FREELISTS 1 FREELIST GROUPS 1
  BUFFER_POOL DEFAULT FLASH_CACHE DEFAULT CELL_FLASH_CACHE DEFAULT)
  TABLESPACE "USERS" ;
--------------------------------------------------------
--  DDL for Index T_GENM_INICIATIVA_PK
--------------------------------------------------------

  CREATE UNIQUE INDEX "T_GENM_INICIATIVA_PK" ON "T_GENM_INICIATIVA" ("ID_INICIATIVA") 
  PCTFREE 10 INITRANS 2 MAXTRANS 255 COMPUTE STATISTICS 
  STORAGE(INITIAL 65536 NEXT 1048576 MINEXTENTS 1 MAXEXTENTS 2147483645
  PCTINCREASE 0 FREELISTS 1 FREELIST GROUPS 1
  BUFFER_POOL DEFAULT FLASH_CACHE DEFAULT CELL_FLASH_CACHE DEFAULT)
  TABLESPACE "USERS" ;
--------------------------------------------------------
--  DDL for Index T_GENM_INSTITUCION_PK
--------------------------------------------------------

  CREATE UNIQUE INDEX "T_GENM_INSTITUCION_PK" ON "T_GENM_INSTITUCION" ("ID_INSTITUCION") 
  PCTFREE 10 INITRANS 2 MAXTRANS 255 COMPUTE STATISTICS 
  STORAGE(INITIAL 65536 NEXT 1048576 MINEXTENTS 1 MAXEXTENTS 2147483645
  PCTINCREASE 0 FREELISTS 1 FREELIST GROUPS 1
  BUFFER_POOL DEFAULT FLASH_CACHE DEFAULT CELL_FLASH_CACHE DEFAULT)
  TABLESPACE "USERS" ;
--------------------------------------------------------
--  DDL for Index T_GENM_USUARIO_PK
--------------------------------------------------------

  CREATE UNIQUE INDEX "T_GENM_USUARIO_PK" ON "T_GENM_USUARIO" ("ID_USUARIO") 
  PCTFREE 10 INITRANS 2 MAXTRANS 255 COMPUTE STATISTICS 
  STORAGE(INITIAL 65536 NEXT 1048576 MINEXTENTS 1 MAXEXTENTS 2147483645
  PCTINCREASE 0 FREELISTS 1 FREELIST GROUPS 1
  BUFFER_POOL DEFAULT FLASH_CACHE DEFAULT CELL_FLASH_CACHE DEFAULT)
  TABLESPACE "USERS" ;
--------------------------------------------------------
--  DDL for Index T_MAE_ENERG_PK
--------------------------------------------------------

  CREATE UNIQUE INDEX "T_MAE_ENERG_PK" ON "T_MAE_ENERG" ("ID_ENERG") 
  PCTFREE 10 INITRANS 2 MAXTRANS 255 COMPUTE STATISTICS 
  STORAGE(INITIAL 65536 NEXT 1048576 MINEXTENTS 1 MAXEXTENTS 2147483645
  PCTINCREASE 0 FREELISTS 1 FREELIST GROUPS 1
  BUFFER_POOL DEFAULT FLASH_CACHE DEFAULT CELL_FLASH_CACHE DEFAULT)
  TABLESPACE "USERS" ;
--------------------------------------------------------
--  DDL for Index T_MAE_ESTADO_PK
--------------------------------------------------------

  CREATE UNIQUE INDEX "T_MAE_ESTADO_PK" ON "T_MAE_ESTADO" ("ID_ESTADO") 
  PCTFREE 10 INITRANS 2 MAXTRANS 255 COMPUTE STATISTICS 
  STORAGE(INITIAL 65536 NEXT 1048576 MINEXTENTS 1 MAXEXTENTS 2147483645
  PCTINCREASE 0 FREELISTS 1 FREELIST GROUPS 1
  BUFFER_POOL DEFAULT FLASH_CACHE DEFAULT CELL_FLASH_CACHE DEFAULT)
  TABLESPACE "USERS" ;
--------------------------------------------------------
--  DDL for Index T_MAE_ESTADO_USUARIO_PK
--------------------------------------------------------

  CREATE UNIQUE INDEX "T_MAE_ESTADO_USUARIO_PK" ON "T_MAE_ESTADO_USUARIO" ("ID_ESTADO_USUARIO") 
  PCTFREE 10 INITRANS 2 MAXTRANS 255 COMPUTE STATISTICS 
  STORAGE(INITIAL 65536 NEXT 1048576 MINEXTENTS 1 MAXEXTENTS 2147483645
  PCTINCREASE 0 FREELISTS 1 FREELIST GROUPS 1
  BUFFER_POOL DEFAULT FLASH_CACHE DEFAULT CELL_FLASH_CACHE DEFAULT)
  TABLESPACE "USERS" ;
--------------------------------------------------------
--  DDL for Index T_MAE_ETAPA_PK
--------------------------------------------------------

  CREATE UNIQUE INDEX "T_MAE_ETAPA_PK" ON "T_MAE_ETAPA" ("ID_ETAPA") 
  PCTFREE 10 INITRANS 2 MAXTRANS 255 COMPUTE STATISTICS 
  STORAGE(INITIAL 65536 NEXT 1048576 MINEXTENTS 1 MAXEXTENTS 2147483645
  PCTINCREASE 0 FREELISTS 1 FREELIST GROUPS 1
  BUFFER_POOL DEFAULT FLASH_CACHE DEFAULT CELL_FLASH_CACHE DEFAULT)
  TABLESPACE "USERS" ;
--------------------------------------------------------
--  DDL for Index T_MAE_GEI_PK
--------------------------------------------------------

  CREATE UNIQUE INDEX "T_MAE_GEI_PK" ON "T_MAE_GEI" ("ID_GEI") 
  PCTFREE 10 INITRANS 2 MAXTRANS 255 COMPUTE STATISTICS 
  STORAGE(INITIAL 65536 NEXT 1048576 MINEXTENTS 1 MAXEXTENTS 2147483645
  PCTINCREASE 0 FREELISTS 1 FREELIST GROUPS 1
  BUFFER_POOL DEFAULT FLASH_CACHE DEFAULT CELL_FLASH_CACHE DEFAULT)
  TABLESPACE "USERS" ;
--------------------------------------------------------
--  DDL for Index T_MAE_LISTA_PK
--------------------------------------------------------

  CREATE UNIQUE INDEX "T_MAE_LISTA_PK" ON "T_MAE_LISTA" ("ID_LISTA") 
  PCTFREE 10 INITRANS 2 MAXTRANS 255 COMPUTE STATISTICS 
  TABLESPACE "USERS" ;
--------------------------------------------------------
--  DDL for Index T_MAE_MEDMIT_PK
--------------------------------------------------------

  CREATE UNIQUE INDEX "T_MAE_MEDMIT_PK" ON "T_MAE_MEDMIT" ("ID_MEDMIT") 
  PCTFREE 10 INITRANS 2 MAXTRANS 255 COMPUTE STATISTICS 
  STORAGE(INITIAL 65536 NEXT 1048576 MINEXTENTS 1 MAXEXTENTS 2147483645
  PCTINCREASE 0 FREELISTS 1 FREELIST GROUPS 1
  BUFFER_POOL DEFAULT FLASH_CACHE DEFAULT CELL_FLASH_CACHE DEFAULT)
  TABLESPACE "USERS" ;
--------------------------------------------------------
--  DDL for Index T_MAE_MONEDA_PK
--------------------------------------------------------

  CREATE UNIQUE INDEX "T_MAE_MONEDA_PK" ON "T_MAE_MONEDA" ("ID_MONEDA") 
  PCTFREE 10 INITRANS 2 MAXTRANS 255 COMPUTE STATISTICS 
  STORAGE(INITIAL 65536 NEXT 1048576 MINEXTENTS 1 MAXEXTENTS 2147483645
  PCTINCREASE 0 FREELISTS 1 FREELIST GROUPS 1
  BUFFER_POOL DEFAULT FLASH_CACHE DEFAULT CELL_FLASH_CACHE DEFAULT)
  TABLESPACE "USERS" ;
--------------------------------------------------------
--  DDL for Index T_MAE_NAMA_PK
--------------------------------------------------------

  CREATE UNIQUE INDEX "T_MAE_NAMA_PK" ON "T_MAE_NAMA" ("ID_NAMA") 
  PCTFREE 10 INITRANS 2 MAXTRANS 255 COMPUTE STATISTICS 
  STORAGE(INITIAL 65536 NEXT 1048576 MINEXTENTS 1 MAXEXTENTS 2147483645
  PCTINCREASE 0 FREELISTS 1 FREELIST GROUPS 1
  BUFFER_POOL DEFAULT FLASH_CACHE DEFAULT CELL_FLASH_CACHE DEFAULT)
  TABLESPACE "USERS" ;
--------------------------------------------------------
--  DDL for Index T_MAE_OPCION_PK
--------------------------------------------------------

  CREATE UNIQUE INDEX "T_MAE_OPCION_PK" ON "T_MAE_OPCION" ("ID_OPCION") 
  PCTFREE 10 INITRANS 2 MAXTRANS 255 COMPUTE STATISTICS 
  STORAGE(INITIAL 65536 NEXT 1048576 MINEXTENTS 1 MAXEXTENTS 2147483645
  PCTINCREASE 0 FREELISTS 1 FREELIST GROUPS 1
  BUFFER_POOL DEFAULT FLASH_CACHE DEFAULT CELL_FLASH_CACHE DEFAULT)
  TABLESPACE "USERS" ;
--------------------------------------------------------
--  DDL for Index T_MAE_PAGINA_PK
--------------------------------------------------------

  CREATE UNIQUE INDEX "T_MAE_PAGINA_PK" ON "T_MAE_PAGINA" ("ID_PAGINA") 
  PCTFREE 10 INITRANS 2 MAXTRANS 255 COMPUTE STATISTICS 
  TABLESPACE "USERS" ;
--------------------------------------------------------
--  DDL for Index T_MAE_PLAZO_PK
--------------------------------------------------------

  CREATE UNIQUE INDEX "T_MAE_PLAZO_PK" ON "T_MAE_PLAZO" ("ID_PLAZO") 
  PCTFREE 10 INITRANS 2 MAXTRANS 255 COMPUTE STATISTICS 
  TABLESPACE "USERS" ;
--------------------------------------------------------
--  DDL for Index T_MAE_ROL_PK
--------------------------------------------------------

  CREATE UNIQUE INDEX "T_MAE_ROL_PK" ON "T_MAE_ROL" ("ID_ROL") 
  PCTFREE 10 INITRANS 2 MAXTRANS 255 COMPUTE STATISTICS 
  STORAGE(INITIAL 65536 NEXT 1048576 MINEXTENTS 1 MAXEXTENTS 2147483645
  PCTINCREASE 0 FREELISTS 1 FREELIST GROUPS 1
  BUFFER_POOL DEFAULT FLASH_CACHE DEFAULT CELL_FLASH_CACHE DEFAULT)
  TABLESPACE "USERS" ;
--------------------------------------------------------
--  DDL for Index T_MAE_SECTOR_INST_PK
--------------------------------------------------------

  CREATE UNIQUE INDEX "T_MAE_SECTOR_INST_PK" ON "T_MAE_SECTOR_INST" ("ID_SECTOR_INST") 
  PCTFREE 10 INITRANS 2 MAXTRANS 255 COMPUTE STATISTICS 
  STORAGE(INITIAL 65536 NEXT 1048576 MINEXTENTS 1 MAXEXTENTS 2147483645
  PCTINCREASE 0 FREELISTS 1 FREELIST GROUPS 1
  BUFFER_POOL DEFAULT FLASH_CACHE DEFAULT CELL_FLASH_CACHE DEFAULT)
  TABLESPACE "USERS" ;
--------------------------------------------------------
--  DDL for Index T_MAE_TERMINOS_PK
--------------------------------------------------------

  CREATE UNIQUE INDEX "T_MAE_TERMINOS_PK" ON "T_MAE_TERMINOS" ("ID_TERMINOS") 
  PCTFREE 10 INITRANS 2 MAXTRANS 255 COMPUTE STATISTICS 
  STORAGE(INITIAL 65536 NEXT 1048576 MINEXTENTS 1 MAXEXTENTS 2147483645
  PCTINCREASE 0 FREELISTS 1 FREELIST GROUPS 1
  BUFFER_POOL DEFAULT FLASH_CACHE DEFAULT CELL_FLASH_CACHE DEFAULT)
  TABLESPACE "USERS" ;
--------------------------------------------------------
--  DDL for Index T_MAE_UBICACION_PK
--------------------------------------------------------

  CREATE UNIQUE INDEX "T_MAE_UBICACION_PK" ON "T_MAE_UBICACION" ("ID_UBICACION") 
  PCTFREE 10 INITRANS 2 MAXTRANS 255 COMPUTE STATISTICS 
  STORAGE(INITIAL 65536 NEXT 1048576 MINEXTENTS 1 MAXEXTENTS 2147483645
  PCTINCREASE 0 FREELISTS 1 FREELIST GROUPS 1
  BUFFER_POOL DEFAULT FLASH_CACHE DEFAULT CELL_FLASH_CACHE DEFAULT)
  TABLESPACE "USERS" ;
--------------------------------------------------------
--  DDL for Trigger TR_GEND_DETALLE_INICIATIVA
--------------------------------------------------------

  CREATE OR REPLACE EDITIONABLE TRIGGER "TR_GEND_DETALLE_INICIATIVA" 
BEFORE INSERT ON T_GEND_DETALLE_INICIATIVA
FOR EACH ROW
BEGIN
SELECT SQ_GEND_DETALLE_INICIATIVA.NEXTVAL INTO:
NEW.ID_DETALLE_INICIATIVA FROM DUAL;
END;
/
ALTER TRIGGER "TR_GEND_DETALLE_INICIATIVA" ENABLE;
--------------------------------------------------------
--  DDL for Trigger TR_GEND_ENFOQUE_FACTOR
--------------------------------------------------------

  CREATE OR REPLACE EDITIONABLE TRIGGER "TR_GEND_ENFOQUE_FACTOR" 
BEFORE INSERT ON T_GEND_ENFOQUE_FACTOR
FOR EACH ROW
BEGIN
SELECT SQ_GEND_ENFOQUE_FACTOR.NEXTVAL INTO:
NEW.ID_ENFOQUE_FACTOR FROM DUAL;
END;
/
ALTER TRIGGER "TR_GEND_ENFOQUE_FACTOR" ENABLE;
--------------------------------------------------------
--  DDL for Trigger TR_GEND_ENFOQUE_VARIABLE
--------------------------------------------------------

  CREATE OR REPLACE EDITIONABLE TRIGGER "TR_GEND_ENFOQUE_VARIABLE" 
BEFORE INSERT ON T_GEND_ENFOQUE_VARIABLE
FOR EACH ROW
BEGIN
SELECT SQ_GEND_ENFOQUE_VARIABLE.NEXTVAL INTO:
NEW.ID_ENFOQUE_VARIABLE FROM DUAL;
END;

/
ALTER TRIGGER "TR_GEND_ENFOQUE_VARIABLE" ENABLE;
--------------------------------------------------------
--  DDL for Trigger TR_GEND_ENFOQUE_VARIANTE
--------------------------------------------------------

  CREATE OR REPLACE EDITIONABLE TRIGGER "TR_GEND_ENFOQUE_VARIANTE" 
BEFORE INSERT ON T_GEND_ENFOQUE_VARIANTE
FOR EACH ROW
BEGIN
SELECT SQ_GEND_ENFOQUE_VARIANTE.NEXTVAL INTO:
NEW.ID_ENFOQUE_VARIANTE FROM DUAL;
END;
/
ALTER TRIGGER "TR_GEND_ENFOQUE_VARIANTE" ENABLE;
--------------------------------------------------------
--  DDL for Trigger TR_GEND_INDICADOR
--------------------------------------------------------

  CREATE OR REPLACE EDITIONABLE TRIGGER "TR_GEND_INDICADOR" 
BEFORE INSERT ON T_GEND_INDICADOR
FOR EACH ROW
BEGIN
SELECT SQ_GEND_INDICADOR.NEXTVAL INTO:
NEW.ID_INDICADOR FROM DUAL;
END;
/
ALTER TRIGGER "TR_GEND_INDICADOR" ENABLE;
--------------------------------------------------------
--  DDL for Trigger TR_GEND_INDICADOR_ENFOQUE
--------------------------------------------------------

  CREATE OR REPLACE EDITIONABLE TRIGGER "TR_GEND_INDICADOR_ENFOQUE" 
BEFORE INSERT ON T_GEND_INDICADOR_ENFOQUE
FOR EACH ROW
BEGIN
SELECT SQ_GEND_INDICADOR_ENFOQUE.NEXTVAL INTO:
NEW.ID_INDICADOR_ENFOQUE FROM DUAL;
END;
/
ALTER TRIGGER "TR_GEND_INDICADOR_ENFOQUE" ENABLE;
--------------------------------------------------------
--  DDL for Trigger TR_GEND_INICIATIVA_ARCHIVO
--------------------------------------------------------

  CREATE OR REPLACE EDITIONABLE TRIGGER "TR_GEND_INICIATIVA_ARCHIVO" 
BEFORE INSERT ON T_GEND_INICIATIVA_ARCHIVO
FOR EACH ROW
BEGIN
SELECT SQ_GEND_INICIATIVA_ARCHIVO.NEXTVAL INTO:
NEW.ID_INICIATIVA_ARCHIVO FROM DUAL;
END;
/
ALTER TRIGGER "TR_GEND_INICIATIVA_ARCHIVO" ENABLE;
--------------------------------------------------------
--  DDL for Trigger TR_GEND_INICIATIVA_ENERG
--------------------------------------------------------

  CREATE OR REPLACE EDITIONABLE TRIGGER "TR_GEND_INICIATIVA_ENERG" 
BEFORE INSERT ON T_GEND_INICIATIVA_ENERG
FOR EACH ROW
BEGIN
SELECT SQ_GEND_INICIATIVA_ENERG.NEXTVAL INTO:
NEW.ID_INICIATIVA_ENERG FROM DUAL;
END;
/
ALTER TRIGGER "TR_GEND_INICIATIVA_ENERG" ENABLE;
--------------------------------------------------------
--  DDL for Trigger TR_GEND_INICIATIVA_GEI
--------------------------------------------------------

  CREATE OR REPLACE EDITIONABLE TRIGGER "TR_GEND_INICIATIVA_GEI" 
BEFORE INSERT ON T_GEND_INICIATIVA_GEI
FOR EACH ROW
BEGIN
SELECT SQ_GEND_INICIATIVA_GEI.NEXTVAL INTO:
NEW.ID_INICIATIVA_GEI FROM DUAL;
END;
/
ALTER TRIGGER "TR_GEND_INICIATIVA_GEI" ENABLE;
--------------------------------------------------------
--  DDL for Trigger TR_GEND_INICIATIVA_UBICACION
--------------------------------------------------------

  CREATE OR REPLACE EDITIONABLE TRIGGER "TR_GEND_INICIATIVA_UBICACION" 
BEFORE INSERT ON T_GEND_INICIATIVA_UBICACION
FOR EACH ROW
BEGIN
SELECT SQ_GEND_INICIATIVA_UBICACION.NEXTVAL INTO:
NEW.ID_INICIATIVA_UBICACION FROM DUAL;
END;
/
ALTER TRIGGER "TR_GEND_INICIATIVA_UBICACION" ENABLE;
--------------------------------------------------------
--  DDL for Trigger TR_GEND_VARIANTE_ATRIBUTO
--------------------------------------------------------

  CREATE OR REPLACE EDITIONABLE TRIGGER "TR_GEND_VARIANTE_ATRIBUTO" 
BEFORE INSERT ON T_GEND_VARIANTE_ATRIBUTO
FOR EACH ROW
BEGIN
SELECT SQ_GEND_VARIANTE_ATRIBUTO.NEXTVAL INTO:
NEW.ID_VARIANTE_ATRIBUTO FROM DUAL;
END;
/
ALTER TRIGGER "TR_GEND_VARIANTE_ATRIBUTO" ENABLE;
--------------------------------------------------------
--  DDL for Trigger TR_GENM_ESCENARIO
--------------------------------------------------------

  CREATE OR REPLACE EDITIONABLE TRIGGER "TR_GENM_ESCENARIO" 
BEFORE INSERT ON T_GENM_ESCENARIO
FOR EACH ROW
BEGIN
SELECT SQ_GENM_ESCENARIO.NEXTVAL INTO:
NEW.ID_ESCENARIO FROM DUAL;
END;
/
ALTER TRIGGER "TR_GENM_ESCENARIO" ENABLE;
--------------------------------------------------------
--  DDL for Trigger TR_GENM_INICIATIVA
--------------------------------------------------------

  CREATE OR REPLACE EDITIONABLE TRIGGER "TR_GENM_INICIATIVA" 
BEFORE INSERT ON T_GENM_INICIATIVA
FOR EACH ROW
BEGIN
SELECT SQ_GENM_INICIATIVA.NEXTVAL INTO:
NEW.id_iniciativa FROM DUAL;
END;
/
ALTER TRIGGER "TR_GENM_INICIATIVA" ENABLE;
--------------------------------------------------------
--  DDL for Trigger TR_GENM_INSTITUCION
--------------------------------------------------------

  CREATE OR REPLACE EDITIONABLE TRIGGER "TR_GENM_INSTITUCION" 
BEFORE INSERT ON T_GENM_INSTITUCION
FOR EACH ROW
BEGIN
SELECT SQ_GENM_INSTITUCION.NEXTVAL INTO:
NEW.ID_INSTITUCION FROM DUAL;
END;
/
ALTER TRIGGER "TR_GENM_INSTITUCION" ENABLE;
--------------------------------------------------------
--  DDL for Trigger TR_GENM_USUARIO
--------------------------------------------------------

  CREATE OR REPLACE EDITIONABLE TRIGGER "TR_GENM_USUARIO" 
BEFORE INSERT ON T_GENM_USUARIO
FOR EACH ROW
BEGIN
SELECT SQ_GENM_USUARIO.NEXTVAL INTO:
NEW.id_usuario FROM DUAL;
END;
/
ALTER TRIGGER "TR_GENM_USUARIO" ENABLE;
--------------------------------------------------------
--  DDL for Trigger TR_MAE_FAQ
--------------------------------------------------------

  CREATE OR REPLACE EDITIONABLE TRIGGER "TR_MAE_FAQ" 
BEFORE INSERT ON T_MAE_FAQ
FOR EACH ROW
BEGIN
SELECT SQ_MAE_FAQ.NEXTVAL INTO:
NEW.ID_FAQ FROM DUAL;
END;
/
ALTER TRIGGER "TR_MAE_FAQ" ENABLE;
--------------------------------------------------------
--  Constraints for Table T_GEND_INICIATIVA_ENERG
--------------------------------------------------------

  ALTER TABLE "T_GEND_INICIATIVA_ENERG" ADD CONSTRAINT "T_GEND_INICIATIVA_ENERG_PK" PRIMARY KEY ("ID_INICIATIVA_ENERG")
  USING INDEX PCTFREE 10 INITRANS 2 MAXTRANS 255 COMPUTE STATISTICS 
  STORAGE(INITIAL 65536 NEXT 1048576 MINEXTENTS 1 MAXEXTENTS 2147483645
  PCTINCREASE 0 FREELISTS 1 FREELIST GROUPS 1
  BUFFER_POOL DEFAULT FLASH_CACHE DEFAULT CELL_FLASH_CACHE DEFAULT)
  TABLESPACE "USERS"  ENABLE;
  ALTER TABLE "T_GEND_INICIATIVA_ENERG" MODIFY ("ID_ENERG" NOT NULL ENABLE);
  ALTER TABLE "T_GEND_INICIATIVA_ENERG" MODIFY ("ID_INICIATIVA" NOT NULL ENABLE);
  ALTER TABLE "T_GEND_INICIATIVA_ENERG" MODIFY ("ID_INICIATIVA_ENERG" NOT NULL ENABLE);
--------------------------------------------------------
--  Constraints for Table T_GEND_INICIATIVA_GEI
--------------------------------------------------------

  ALTER TABLE "T_GEND_INICIATIVA_GEI" ADD CONSTRAINT "T_GEND_INICIATIVA_GEI_PK" PRIMARY KEY ("ID_INICIATIVA_GEI")
  USING INDEX PCTFREE 10 INITRANS 2 MAXTRANS 255 COMPUTE STATISTICS 
  STORAGE(INITIAL 65536 NEXT 1048576 MINEXTENTS 1 MAXEXTENTS 2147483645
  PCTINCREASE 0 FREELISTS 1 FREELIST GROUPS 1
  BUFFER_POOL DEFAULT FLASH_CACHE DEFAULT CELL_FLASH_CACHE DEFAULT)
  TABLESPACE "USERS"  ENABLE;
--------------------------------------------------------
--  Constraints for Table T_GEND_INICIATIVA_UBICACION
--------------------------------------------------------

  ALTER TABLE "T_GEND_INICIATIVA_UBICACION" ADD CONSTRAINT "T_GEND_INICIATIVA_UBICACION_PK" PRIMARY KEY ("ID_INICIATIVA_UBICACION")
  USING INDEX PCTFREE 10 INITRANS 2 MAXTRANS 255 COMPUTE STATISTICS 
  STORAGE(INITIAL 65536 NEXT 1048576 MINEXTENTS 1 MAXEXTENTS 2147483645
  PCTINCREASE 0 FREELISTS 1 FREELIST GROUPS 1
  BUFFER_POOL DEFAULT FLASH_CACHE DEFAULT CELL_FLASH_CACHE DEFAULT)
  TABLESPACE "USERS"  ENABLE;
  ALTER TABLE "T_GEND_INICIATIVA_UBICACION" MODIFY ("ID_UBICACION" NOT NULL ENABLE);
  ALTER TABLE "T_GEND_INICIATIVA_UBICACION" MODIFY ("ID_INICIATIVA" NOT NULL ENABLE);
  ALTER TABLE "T_GEND_INICIATIVA_UBICACION" MODIFY ("ID_INICIATIVA_UBICACION" NOT NULL ENABLE);
--------------------------------------------------------
--  Constraints for Table T_GEND_INI_TIPDOCAVAL
--------------------------------------------------------

  ALTER TABLE "T_GEND_INI_TIPDOCAVAL" MODIFY ("ID_INI_TIPDOCAVAL" NOT NULL ENABLE);
  ALTER TABLE "T_GEND_INI_TIPDOCAVAL" MODIFY ("ID_TIPDOCAVAL" NOT NULL ENABLE);
  ALTER TABLE "T_GEND_INI_TIPDOCAVAL" MODIFY ("ID_GEND_INDICOMPU_TIPDOCAVAL" NOT NULL ENABLE);
--------------------------------------------------------
--  Constraints for Table T_GENM_AYUDA
--------------------------------------------------------

  ALTER TABLE "T_GENM_AYUDA" ADD CONSTRAINT "T_GENM_AYUDA_PK" PRIMARY KEY ("ID_AYUDA")
  USING INDEX PCTFREE 10 INITRANS 2 MAXTRANS 255 COMPUTE STATISTICS 
  TABLESPACE "USERS"  ENABLE;
  ALTER TABLE "T_GENM_AYUDA" MODIFY ("ID_USUARIO" NOT NULL ENABLE);
  ALTER TABLE "T_GENM_AYUDA" MODIFY ("ID_MAEPAGSEC" NOT NULL ENABLE);
  ALTER TABLE "T_GENM_AYUDA" MODIFY ("ID_AYUDA" NOT NULL ENABLE);
--------------------------------------------------------
--  Constraints for Table T_GENM_BLOCKCHAIN
--------------------------------------------------------

  ALTER TABLE "T_GENM_BLOCKCHAIN" ADD CONSTRAINT "T_GENM_BLOCKCHAIN_PK" PRIMARY KEY ("ID_BLOCKCHAIN")
  USING INDEX PCTFREE 10 INITRANS 2 MAXTRANS 255 COMPUTE STATISTICS 
  TABLESPACE "USERS"  ENABLE;
--------------------------------------------------------
--  Constraints for Table T_GENM_ESCENARIO
--------------------------------------------------------

  ALTER TABLE "T_GENM_ESCENARIO" ADD CONSTRAINT "T_GENM_ESCENARIO_PK" PRIMARY KEY ("ID_ESCENARIO")
  USING INDEX PCTFREE 10 INITRANS 2 MAXTRANS 255 COMPUTE STATISTICS 
  STORAGE(INITIAL 65536 NEXT 1048576 MINEXTENTS 1 MAXEXTENTS 2147483645
  PCTINCREASE 0 FREELISTS 1 FREELIST GROUPS 1
  BUFFER_POOL DEFAULT FLASH_CACHE DEFAULT CELL_FLASH_CACHE DEFAULT)
  TABLESPACE "USERS"  ENABLE;
--------------------------------------------------------
--  Constraints for Table T_GENM_INICIATIVA
--------------------------------------------------------

  ALTER TABLE "T_GENM_INICIATIVA" ADD CONSTRAINT "T_GENM_INICIATIVA_PK" PRIMARY KEY ("ID_INICIATIVA")
  USING INDEX PCTFREE 10 INITRANS 2 MAXTRANS 255 COMPUTE STATISTICS 
  STORAGE(INITIAL 65536 NEXT 1048576 MINEXTENTS 1 MAXEXTENTS 2147483645
  PCTINCREASE 0 FREELISTS 1 FREELIST GROUPS 1
  BUFFER_POOL DEFAULT FLASH_CACHE DEFAULT CELL_FLASH_CACHE DEFAULT)
  TABLESPACE "USERS"  ENABLE;
--------------------------------------------------------
--  Constraints for Table T_GENM_INSTITUCION
--------------------------------------------------------

  ALTER TABLE "T_GENM_INSTITUCION" ADD CONSTRAINT "T_GENM_INSTITUCION_PK" PRIMARY KEY ("ID_INSTITUCION")
  USING INDEX PCTFREE 10 INITRANS 2 MAXTRANS 255 COMPUTE STATISTICS 
  STORAGE(INITIAL 65536 NEXT 1048576 MINEXTENTS 1 MAXEXTENTS 2147483645
  PCTINCREASE 0 FREELISTS 1 FREELIST GROUPS 1
  BUFFER_POOL DEFAULT FLASH_CACHE DEFAULT CELL_FLASH_CACHE DEFAULT)
  TABLESPACE "USERS"  ENABLE;
--------------------------------------------------------
--  Constraints for Table T_GENM_NOTIFICACION
--------------------------------------------------------

  ALTER TABLE "T_GENM_NOTIFICACION" MODIFY ("ID_INICIATIVA" NOT NULL ENABLE);
  ALTER TABLE "T_GENM_NOTIFICACION" MODIFY ("ID_NOTIFICACION" NOT NULL ENABLE);
--------------------------------------------------------
--  Constraints for Table T_GENM_USUARIO
--------------------------------------------------------

  ALTER TABLE "T_GENM_USUARIO" ADD CONSTRAINT "T_GENM_USUARIO_PK" PRIMARY KEY ("ID_USUARIO")
  USING INDEX PCTFREE 10 INITRANS 2 MAXTRANS 255 COMPUTE STATISTICS 
  STORAGE(INITIAL 65536 NEXT 1048576 MINEXTENTS 1 MAXEXTENTS 2147483645
  PCTINCREASE 0 FREELISTS 1 FREELIST GROUPS 1
  BUFFER_POOL DEFAULT FLASH_CACHE DEFAULT CELL_FLASH_CACHE DEFAULT)
  TABLESPACE "USERS"  ENABLE;
--------------------------------------------------------
--  Constraints for Table T_GENM_VARIANTE
--------------------------------------------------------

  ALTER TABLE "T_GENM_VARIANTE" ADD CONSTRAINT "ID_VARIANTE_V" PRIMARY KEY ("ID_VARIANTE")
  USING INDEX PCTFREE 10 INITRANS 2 MAXTRANS 255 COMPUTE STATISTICS 
  STORAGE(INITIAL 65536 NEXT 1048576 MINEXTENTS 1 MAXEXTENTS 2147483645
  PCTINCREASE 0 FREELISTS 1 FREELIST GROUPS 1
  BUFFER_POOL DEFAULT FLASH_CACHE DEFAULT CELL_FLASH_CACHE DEFAULT)
  TABLESPACE "USERS"  ENABLE;
--------------------------------------------------------
--  Constraints for Table T_MAE_ENERG
--------------------------------------------------------

  ALTER TABLE "T_MAE_ENERG" ADD CONSTRAINT "T_MAE_ENERG_PK" PRIMARY KEY ("ID_ENERG")
  USING INDEX PCTFREE 10 INITRANS 2 MAXTRANS 255 COMPUTE STATISTICS 
  STORAGE(INITIAL 65536 NEXT 1048576 MINEXTENTS 1 MAXEXTENTS 2147483645
  PCTINCREASE 0 FREELISTS 1 FREELIST GROUPS 1
  BUFFER_POOL DEFAULT FLASH_CACHE DEFAULT CELL_FLASH_CACHE DEFAULT)
  TABLESPACE "USERS"  ENABLE;
--------------------------------------------------------
--  Constraints for Table T_MAE_ESTADO
--------------------------------------------------------

  ALTER TABLE "T_MAE_ESTADO" ADD CONSTRAINT "T_MAE_ESTADO_PK" PRIMARY KEY ("ID_ESTADO")
  USING INDEX PCTFREE 10 INITRANS 2 MAXTRANS 255 COMPUTE STATISTICS 
  STORAGE(INITIAL 65536 NEXT 1048576 MINEXTENTS 1 MAXEXTENTS 2147483645
  PCTINCREASE 0 FREELISTS 1 FREELIST GROUPS 1
  BUFFER_POOL DEFAULT FLASH_CACHE DEFAULT CELL_FLASH_CACHE DEFAULT)
  TABLESPACE "USERS"  ENABLE;
--------------------------------------------------------
--  Constraints for Table T_MAE_ESTADO_USUARIO
--------------------------------------------------------

  ALTER TABLE "T_MAE_ESTADO_USUARIO" ADD CONSTRAINT "T_MAE_ESTADO_USUARIO_PK" PRIMARY KEY ("ID_ESTADO_USUARIO")
  USING INDEX PCTFREE 10 INITRANS 2 MAXTRANS 255 COMPUTE STATISTICS 
  STORAGE(INITIAL 65536 NEXT 1048576 MINEXTENTS 1 MAXEXTENTS 2147483645
  PCTINCREASE 0 FREELISTS 1 FREELIST GROUPS 1
  BUFFER_POOL DEFAULT FLASH_CACHE DEFAULT CELL_FLASH_CACHE DEFAULT)
  TABLESPACE "USERS"  ENABLE;
--------------------------------------------------------
--  Constraints for Table T_MAE_ETAPA
--------------------------------------------------------

  ALTER TABLE "T_MAE_ETAPA" ADD CONSTRAINT "T_MAE_ETAPA_PK" PRIMARY KEY ("ID_ETAPA")
  USING INDEX PCTFREE 10 INITRANS 2 MAXTRANS 255 COMPUTE STATISTICS 
  STORAGE(INITIAL 65536 NEXT 1048576 MINEXTENTS 1 MAXEXTENTS 2147483645
  PCTINCREASE 0 FREELISTS 1 FREELIST GROUPS 1
  BUFFER_POOL DEFAULT FLASH_CACHE DEFAULT CELL_FLASH_CACHE DEFAULT)
  TABLESPACE "USERS"  ENABLE;
--------------------------------------------------------
--  Constraints for Table T_MAE_GEI
--------------------------------------------------------

  ALTER TABLE "T_MAE_GEI" ADD CONSTRAINT "T_MAE_GEI_PK" PRIMARY KEY ("ID_GEI")
  USING INDEX PCTFREE 10 INITRANS 2 MAXTRANS 255 COMPUTE STATISTICS 
  STORAGE(INITIAL 65536 NEXT 1048576 MINEXTENTS 1 MAXEXTENTS 2147483645
  PCTINCREASE 0 FREELISTS 1 FREELIST GROUPS 1
  BUFFER_POOL DEFAULT FLASH_CACHE DEFAULT CELL_FLASH_CACHE DEFAULT)
  TABLESPACE "USERS"  ENABLE;
--------------------------------------------------------
--  Constraints for Table T_MAE_LISTA
--------------------------------------------------------

  ALTER TABLE "T_MAE_LISTA" ADD CONSTRAINT "T_MAE_LISTA_PK" PRIMARY KEY ("ID_LISTA")
  USING INDEX PCTFREE 10 INITRANS 2 MAXTRANS 255 COMPUTE STATISTICS 
  TABLESPACE "USERS"  ENABLE;
--------------------------------------------------------
--  Constraints for Table T_MAE_MEDMIT
--------------------------------------------------------

  ALTER TABLE "T_MAE_MEDMIT" ADD CONSTRAINT "T_MAE_MEDMIT_PK" PRIMARY KEY ("ID_MEDMIT")
  USING INDEX PCTFREE 10 INITRANS 2 MAXTRANS 255 COMPUTE STATISTICS 
  STORAGE(INITIAL 65536 NEXT 1048576 MINEXTENTS 1 MAXEXTENTS 2147483645
  PCTINCREASE 0 FREELISTS 1 FREELIST GROUPS 1
  BUFFER_POOL DEFAULT FLASH_CACHE DEFAULT CELL_FLASH_CACHE DEFAULT)
  TABLESPACE "USERS"  ENABLE;
--------------------------------------------------------
--  Constraints for Table T_MAE_MONEDA
--------------------------------------------------------

  ALTER TABLE "T_MAE_MONEDA" ADD CONSTRAINT "T_MAE_MONEDA_PK" PRIMARY KEY ("ID_MONEDA")
  USING INDEX PCTFREE 10 INITRANS 2 MAXTRANS 255 COMPUTE STATISTICS 
  STORAGE(INITIAL 65536 NEXT 1048576 MINEXTENTS 1 MAXEXTENTS 2147483645
  PCTINCREASE 0 FREELISTS 1 FREELIST GROUPS 1
  BUFFER_POOL DEFAULT FLASH_CACHE DEFAULT CELL_FLASH_CACHE DEFAULT)
  TABLESPACE "USERS"  ENABLE;
--------------------------------------------------------
--  Constraints for Table T_MAE_NAMA
--------------------------------------------------------

  ALTER TABLE "T_MAE_NAMA" MODIFY ("ID_NAMA" NOT NULL ENABLE);
  ALTER TABLE "T_MAE_NAMA" ADD CONSTRAINT "T_MAE_NAMA_PK" PRIMARY KEY ("ID_NAMA")
  USING INDEX PCTFREE 10 INITRANS 2 MAXTRANS 255 COMPUTE STATISTICS 
  STORAGE(INITIAL 65536 NEXT 1048576 MINEXTENTS 1 MAXEXTENTS 2147483645
  PCTINCREASE 0 FREELISTS 1 FREELIST GROUPS 1
  BUFFER_POOL DEFAULT FLASH_CACHE DEFAULT CELL_FLASH_CACHE DEFAULT)
  TABLESPACE "USERS"  ENABLE;
--------------------------------------------------------
--  Constraints for Table T_MAE_OPCION
--------------------------------------------------------

  ALTER TABLE "T_MAE_OPCION" ADD CONSTRAINT "T_MAE_OPCION_PK" PRIMARY KEY ("ID_OPCION")
  USING INDEX PCTFREE 10 INITRANS 2 MAXTRANS 255 COMPUTE STATISTICS 
  STORAGE(INITIAL 65536 NEXT 1048576 MINEXTENTS 1 MAXEXTENTS 2147483645
  PCTINCREASE 0 FREELISTS 1 FREELIST GROUPS 1
  BUFFER_POOL DEFAULT FLASH_CACHE DEFAULT CELL_FLASH_CACHE DEFAULT)
  TABLESPACE "USERS"  ENABLE;
  ALTER TABLE "T_MAE_OPCION" MODIFY ("FLG_ESTADO" NOT NULL ENABLE);
  ALTER TABLE "T_MAE_OPCION" MODIFY ("DES_OPCION" NOT NULL ENABLE);
  ALTER TABLE "T_MAE_OPCION" MODIFY ("ID_OPCION" NOT NULL ENABLE);
--------------------------------------------------------
--  Constraints for Table T_MAE_OPCION_ROL
--------------------------------------------------------

  ALTER TABLE "T_MAE_OPCION_ROL" MODIFY ("FLG_ESTADO" NOT NULL ENABLE);
  ALTER TABLE "T_MAE_OPCION_ROL" MODIFY ("ID_ROL" NOT NULL ENABLE);
  ALTER TABLE "T_MAE_OPCION_ROL" MODIFY ("ID_OPCION" NOT NULL ENABLE);
--------------------------------------------------------
--  Constraints for Table T_MAE_PAGINA
--------------------------------------------------------

  ALTER TABLE "T_MAE_PAGINA" ADD CONSTRAINT "T_MAE_PAGINA_PK" PRIMARY KEY ("ID_PAGINA")
  USING INDEX PCTFREE 10 INITRANS 2 MAXTRANS 255 COMPUTE STATISTICS 
  TABLESPACE "USERS"  ENABLE;
--------------------------------------------------------
--  Constraints for Table T_MAE_PLAZO
--------------------------------------------------------

  ALTER TABLE "T_MAE_PLAZO" MODIFY ("ID_ETAPA" NOT NULL ENABLE);
  ALTER TABLE "T_MAE_PLAZO" MODIFY ("ID_PLAZO" NOT NULL ENABLE);
  ALTER TABLE "T_MAE_PLAZO" ADD CONSTRAINT "T_MAE_PLAZO_PK" PRIMARY KEY ("ID_PLAZO")
  USING INDEX PCTFREE 10 INITRANS 2 MAXTRANS 255 COMPUTE STATISTICS 
  TABLESPACE "USERS"  ENABLE;
--------------------------------------------------------
--  Constraints for Table T_MAE_ROL
--------------------------------------------------------

  ALTER TABLE "T_MAE_ROL" MODIFY ("FLG_ESTADO" NOT NULL ENABLE);
  ALTER TABLE "T_MAE_ROL" ADD CONSTRAINT "T_MAE_ROL_PK" PRIMARY KEY ("ID_ROL")
  USING INDEX PCTFREE 10 INITRANS 2 MAXTRANS 255 COMPUTE STATISTICS 
  STORAGE(INITIAL 65536 NEXT 1048576 MINEXTENTS 1 MAXEXTENTS 2147483645
  PCTINCREASE 0 FREELISTS 1 FREELIST GROUPS 1
  BUFFER_POOL DEFAULT FLASH_CACHE DEFAULT CELL_FLASH_CACHE DEFAULT)
  TABLESPACE "USERS"  ENABLE;
--------------------------------------------------------
--  Constraints for Table T_MAE_SECTOR_INST
--------------------------------------------------------

  ALTER TABLE "T_MAE_SECTOR_INST" ADD CONSTRAINT "T_MAE_SECTOR_INST_PK" PRIMARY KEY ("ID_SECTOR_INST")
  USING INDEX PCTFREE 10 INITRANS 2 MAXTRANS 255 COMPUTE STATISTICS 
  STORAGE(INITIAL 65536 NEXT 1048576 MINEXTENTS 1 MAXEXTENTS 2147483645
  PCTINCREASE 0 FREELISTS 1 FREELIST GROUPS 1
  BUFFER_POOL DEFAULT FLASH_CACHE DEFAULT CELL_FLASH_CACHE DEFAULT)
  TABLESPACE "USERS"  ENABLE;
--------------------------------------------------------
--  Constraints for Table T_MAE_TERMINOS
--------------------------------------------------------

  ALTER TABLE "T_MAE_TERMINOS" ADD CONSTRAINT "T_MAE_TERMINOS_PK" PRIMARY KEY ("ID_TERMINOS")
  USING INDEX PCTFREE 10 INITRANS 2 MAXTRANS 255 COMPUTE STATISTICS 
  STORAGE(INITIAL 65536 NEXT 1048576 MINEXTENTS 1 MAXEXTENTS 2147483645
  PCTINCREASE 0 FREELISTS 1 FREELIST GROUPS 1
  BUFFER_POOL DEFAULT FLASH_CACHE DEFAULT CELL_FLASH_CACHE DEFAULT)
  TABLESPACE "USERS"  ENABLE;
  ALTER TABLE "T_MAE_TERMINOS" MODIFY ("CONDICIONES_TERMINOS" NOT NULL ENABLE);
  ALTER TABLE "T_MAE_TERMINOS" MODIFY ("ID_TERMINOS" NOT NULL ENABLE);
--------------------------------------------------------
--  Constraints for Table T_MAE_TIPO_OPCION
--------------------------------------------------------

  ALTER TABLE "T_MAE_TIPO_OPCION" MODIFY ("DES_TIPO_OPCION" NOT NULL ENABLE);
  ALTER TABLE "T_MAE_TIPO_OPCION" MODIFY ("ID_TIPO_OPCION" NOT NULL ENABLE);
--------------------------------------------------------
--  Constraints for Table T_MAE_UBICACION
--------------------------------------------------------

  ALTER TABLE "T_MAE_UBICACION" ADD CONSTRAINT "T_MAE_UBICACION_PK" PRIMARY KEY ("ID_UBICACION")
  USING INDEX PCTFREE 10 INITRANS 2 MAXTRANS 255 COMPUTE STATISTICS 
  STORAGE(INITIAL 65536 NEXT 1048576 MINEXTENTS 1 MAXEXTENTS 2147483645
  PCTINCREASE 0 FREELISTS 1 FREELIST GROUPS 1
  BUFFER_POOL DEFAULT FLASH_CACHE DEFAULT CELL_FLASH_CACHE DEFAULT)
  TABLESPACE "USERS"  ENABLE;
--------------------------------------------------------
--  Constraints for Table T_MAE_USUARIO_ROL
--------------------------------------------------------

  ALTER TABLE "T_MAE_USUARIO_ROL" MODIFY ("FLG_ESTADO" NOT NULL ENABLE);
  ALTER TABLE "T_MAE_USUARIO_ROL" MODIFY ("ID_ROL" NOT NULL ENABLE);
  ALTER TABLE "T_MAE_USUARIO_ROL" MODIFY ("ID_USUARIO" NOT NULL ENABLE);
--------------------------------------------------------
--  Ref Constraints for Table T_GEND_VARIANTE_ATRIBUTO
--------------------------------------------------------

  ALTER TABLE "T_GEND_VARIANTE_ATRIBUTO" ADD CONSTRAINT "ID_VARIANTE_VA_FK" FOREIGN KEY ("ID_VARIANTE")
	  REFERENCES "T_GENM_VARIANTE" ("ID_VARIANTE") ENABLE;
--------------------------------------------------------
--  Ref Constraints for Table T_GENM_USUARIO
--------------------------------------------------------

  ALTER TABLE "T_GENM_USUARIO" ADD CONSTRAINT "T_USUARIO_INSTITUCION_FK" FOREIGN KEY ("ID_INSTITUCION")
	  REFERENCES "T_GENM_INSTITUCION" ("ID_INSTITUCION") ENABLE;
