--------------------------------------------------------
-- Archivo creado  - jueves-enero-16-2020   
--------------------------------------------------------
REM INSERTING into USERMRV.T_GEND_DETALLE_INICIATIVA
SET DEFINE OFF;
Insert into USERMRV.T_GEND_DETALLE_INICIATIVA (ID_DETALLE_INICIATIVA,ID_INICIATIVA,ID_REMITENTE,ID_DESTINO,DESC_INICIATIVA,ID_ETAPA,ID_ESTADO,OBSERVACIONES,FECHA_DERIVACION,FECHA_RECEPCION) values ('2','72','1',null,'GUARDAR AVANCE','1','0',null,to_date('11/01/20','DD/MM/RR'),null);
Insert into USERMRV.T_GEND_DETALLE_INICIATIVA (ID_DETALLE_INICIATIVA,ID_INICIATIVA,ID_REMITENTE,ID_DESTINO,DESC_INICIATIVA,ID_ETAPA,ID_ESTADO,OBSERVACIONES,FECHA_DERIVACION,FECHA_RECEPCION) values ('4','74','1',null,'GUARDAR AVANCE','1','0',null,to_date('11/01/20','DD/MM/RR'),null);
Insert into USERMRV.T_GEND_DETALLE_INICIATIVA (ID_DETALLE_INICIATIVA,ID_INICIATIVA,ID_REMITENTE,ID_DESTINO,DESC_INICIATIVA,ID_ETAPA,ID_ESTADO,OBSERVACIONES,FECHA_DERIVACION,FECHA_RECEPCION) values ('33','93','82','81','REGISTRO INICIATIVA','1','1',null,to_date('15/01/20','DD/MM/RR'),null);
Insert into USERMRV.T_GEND_DETALLE_INICIATIVA (ID_DETALLE_INICIATIVA,ID_INICIATIVA,ID_REMITENTE,ID_DESTINO,DESC_INICIATIVA,ID_ETAPA,ID_ESTADO,OBSERVACIONES,FECHA_DERIVACION,FECHA_RECEPCION) values ('3','73','1',null,'GUARDAR AVANCE','1','0',null,to_date('11/01/20','DD/MM/RR'),null);
Insert into USERMRV.T_GEND_DETALLE_INICIATIVA (ID_DETALLE_INICIATIVA,ID_INICIATIVA,ID_REMITENTE,ID_DESTINO,DESC_INICIATIVA,ID_ETAPA,ID_ESTADO,OBSERVACIONES,FECHA_DERIVACION,FECHA_RECEPCION) values ('9','46','81',null,null,'2','3',null,to_date('11/01/20','DD/MM/RR'),null);
Insert into USERMRV.T_GEND_DETALLE_INICIATIVA (ID_DETALLE_INICIATIVA,ID_INICIATIVA,ID_REMITENTE,ID_DESTINO,DESC_INICIATIVA,ID_ETAPA,ID_ESTADO,OBSERVACIONES,FECHA_DERIVACION,FECHA_RECEPCION) values ('13','79','82','81','REGISTRO INICIATIVA','1','1',null,to_date('13/01/20','DD/MM/RR'),null);
Insert into USERMRV.T_GEND_DETALLE_INICIATIVA (ID_DETALLE_INICIATIVA,ID_INICIATIVA,ID_REMITENTE,ID_DESTINO,DESC_INICIATIVA,ID_ETAPA,ID_ESTADO,OBSERVACIONES,FECHA_DERIVACION,FECHA_RECEPCION) values ('16','81','81',null,null,'2','3',null,to_date('13/01/20','DD/MM/RR'),null);
Insert into USERMRV.T_GEND_DETALLE_INICIATIVA (ID_DETALLE_INICIATIVA,ID_INICIATIVA,ID_REMITENTE,ID_DESTINO,DESC_INICIATIVA,ID_ETAPA,ID_ESTADO,OBSERVACIONES,FECHA_DERIVACION,FECHA_RECEPCION) values ('22','83','82','81','REGISTRO INICIATIVA','1','1',null,to_date('13/01/20','DD/MM/RR'),null);
Insert into USERMRV.T_GEND_DETALLE_INICIATIVA (ID_DETALLE_INICIATIVA,ID_INICIATIVA,ID_REMITENTE,ID_DESTINO,DESC_INICIATIVA,ID_ETAPA,ID_ESTADO,OBSERVACIONES,FECHA_DERIVACION,FECHA_RECEPCION) values ('23','83','81',null,null,'2','3',null,to_date('13/01/20','DD/MM/RR'),null);
Insert into USERMRV.T_GEND_DETALLE_INICIATIVA (ID_DETALLE_INICIATIVA,ID_INICIATIVA,ID_REMITENTE,ID_DESTINO,DESC_INICIATIVA,ID_ETAPA,ID_ESTADO,OBSERVACIONES,FECHA_DERIVACION,FECHA_RECEPCION) values ('28','88','81','81','REGISTRO INICIATIVA','1','1',null,to_date('14/01/20','DD/MM/RR'),null);
Insert into USERMRV.T_GEND_DETALLE_INICIATIVA (ID_DETALLE_INICIATIVA,ID_INICIATIVA,ID_REMITENTE,ID_DESTINO,DESC_INICIATIVA,ID_ETAPA,ID_ESTADO,OBSERVACIONES,FECHA_DERIVACION,FECHA_RECEPCION) values ('31','91','82','81','REGISTRO INICIATIVA','1','1',null,to_date('14/01/20','DD/MM/RR'),null);
Insert into USERMRV.T_GEND_DETALLE_INICIATIVA (ID_DETALLE_INICIATIVA,ID_INICIATIVA,ID_REMITENTE,ID_DESTINO,DESC_INICIATIVA,ID_ETAPA,ID_ESTADO,OBSERVACIONES,FECHA_DERIVACION,FECHA_RECEPCION) values ('37','2','81',null,null,'2','3',null,to_date('16/01/20','DD/MM/RR'),null);
Insert into USERMRV.T_GEND_DETALLE_INICIATIVA (ID_DETALLE_INICIATIVA,ID_INICIATIVA,ID_REMITENTE,ID_DESTINO,DESC_INICIATIVA,ID_ETAPA,ID_ESTADO,OBSERVACIONES,FECHA_DERIVACION,FECHA_RECEPCION) values ('24','84','82','81','REGISTRO INICIATIVA','1','1',null,to_date('13/01/20','DD/MM/RR'),null);
Insert into USERMRV.T_GEND_DETALLE_INICIATIVA (ID_DETALLE_INICIATIVA,ID_INICIATIVA,ID_REMITENTE,ID_DESTINO,DESC_INICIATIVA,ID_ETAPA,ID_ESTADO,OBSERVACIONES,FECHA_DERIVACION,FECHA_RECEPCION) values ('32','92','81','81','REGISTRO INICIATIVA','1','1',null,to_date('14/01/20','DD/MM/RR'),null);
Insert into USERMRV.T_GEND_DETALLE_INICIATIVA (ID_DETALLE_INICIATIVA,ID_INICIATIVA,ID_REMITENTE,ID_DESTINO,DESC_INICIATIVA,ID_ETAPA,ID_ESTADO,OBSERVACIONES,FECHA_DERIVACION,FECHA_RECEPCION) values ('34','94','1',null,'GUARDAR AVANCE','1','0',null,to_date('16/01/20','DD/MM/RR'),null);
Insert into USERMRV.T_GEND_DETALLE_INICIATIVA (ID_DETALLE_INICIATIVA,ID_INICIATIVA,ID_REMITENTE,ID_DESTINO,DESC_INICIATIVA,ID_ETAPA,ID_ESTADO,OBSERVACIONES,FECHA_DERIVACION,FECHA_RECEPCION) values ('35','95','1','81','REGISTRO INICIATIVA','1','1',null,to_date('16/01/20','DD/MM/RR'),null);
Insert into USERMRV.T_GEND_DETALLE_INICIATIVA (ID_DETALLE_INICIATIVA,ID_INICIATIVA,ID_REMITENTE,ID_DESTINO,DESC_INICIATIVA,ID_ETAPA,ID_ESTADO,OBSERVACIONES,FECHA_DERIVACION,FECHA_RECEPCION) values ('5','75','81',null,'GUARDAR AVANCE','1','0',null,to_date('11/01/20','DD/MM/RR'),null);
Insert into USERMRV.T_GEND_DETALLE_INICIATIVA (ID_DETALLE_INICIATIVA,ID_INICIATIVA,ID_REMITENTE,ID_DESTINO,DESC_INICIATIVA,ID_ETAPA,ID_ESTADO,OBSERVACIONES,FECHA_DERIVACION,FECHA_RECEPCION) values ('10','43','81',null,null,'2','3',null,to_date('11/01/20','DD/MM/RR'),null);
Insert into USERMRV.T_GEND_DETALLE_INICIATIVA (ID_DETALLE_INICIATIVA,ID_INICIATIVA,ID_REMITENTE,ID_DESTINO,DESC_INICIATIVA,ID_ETAPA,ID_ESTADO,OBSERVACIONES,FECHA_DERIVACION,FECHA_RECEPCION) values ('11','36','81',null,null,'2','3',null,to_date('11/01/20','DD/MM/RR'),null);
Insert into USERMRV.T_GEND_DETALLE_INICIATIVA (ID_DETALLE_INICIATIVA,ID_INICIATIVA,ID_REMITENTE,ID_DESTINO,DESC_INICIATIVA,ID_ETAPA,ID_ESTADO,OBSERVACIONES,FECHA_DERIVACION,FECHA_RECEPCION) values ('12','45','81',null,null,'2','3',null,to_date('13/01/20','DD/MM/RR'),null);
Insert into USERMRV.T_GEND_DETALLE_INICIATIVA (ID_DETALLE_INICIATIVA,ID_INICIATIVA,ID_REMITENTE,ID_DESTINO,DESC_INICIATIVA,ID_ETAPA,ID_ESTADO,OBSERVACIONES,FECHA_DERIVACION,FECHA_RECEPCION) values ('15','81','84','81','REGISTRO INICIATIVA','1','1',null,to_date('13/01/20','DD/MM/RR'),null);
Insert into USERMRV.T_GEND_DETALLE_INICIATIVA (ID_DETALLE_INICIATIVA,ID_INICIATIVA,ID_REMITENTE,ID_DESTINO,DESC_INICIATIVA,ID_ETAPA,ID_ESTADO,OBSERVACIONES,FECHA_DERIVACION,FECHA_RECEPCION) values ('17','80','81',null,null,'2','3',null,to_date('13/01/20','DD/MM/RR'),null);
Insert into USERMRV.T_GEND_DETALLE_INICIATIVA (ID_DETALLE_INICIATIVA,ID_INICIATIVA,ID_REMITENTE,ID_DESTINO,DESC_INICIATIVA,ID_ETAPA,ID_ESTADO,OBSERVACIONES,FECHA_DERIVACION,FECHA_RECEPCION) values ('18','79','81',null,null,'1','2',null,to_date('13/01/20','DD/MM/RR'),null);
Insert into USERMRV.T_GEND_DETALLE_INICIATIVA (ID_DETALLE_INICIATIVA,ID_INICIATIVA,ID_REMITENTE,ID_DESTINO,DESC_INICIATIVA,ID_ETAPA,ID_ESTADO,OBSERVACIONES,FECHA_DERIVACION,FECHA_RECEPCION) values ('19','82','82','81','REGISTRO INICIATIVA','1','1',null,to_date('13/01/20','DD/MM/RR'),null);
Insert into USERMRV.T_GEND_DETALLE_INICIATIVA (ID_DETALLE_INICIATIVA,ID_INICIATIVA,ID_REMITENTE,ID_DESTINO,DESC_INICIATIVA,ID_ETAPA,ID_ESTADO,OBSERVACIONES,FECHA_DERIVACION,FECHA_RECEPCION) values ('36','95','81',null,null,'1','2',null,to_date('16/01/20','DD/MM/RR'),null);
Insert into USERMRV.T_GEND_DETALLE_INICIATIVA (ID_DETALLE_INICIATIVA,ID_INICIATIVA,ID_REMITENTE,ID_DESTINO,DESC_INICIATIVA,ID_ETAPA,ID_ESTADO,OBSERVACIONES,FECHA_DERIVACION,FECHA_RECEPCION) values ('1','71','1',null,'GUARDAR AVANCE','1','0',null,to_date('11/01/20','DD/MM/RR'),null);
Insert into USERMRV.T_GEND_DETALLE_INICIATIVA (ID_DETALLE_INICIATIVA,ID_INICIATIVA,ID_REMITENTE,ID_DESTINO,DESC_INICIATIVA,ID_ETAPA,ID_ESTADO,OBSERVACIONES,FECHA_DERIVACION,FECHA_RECEPCION) values ('6','76','81',null,'GUARDAR AVANCE','1','0',null,to_date('11/01/20','DD/MM/RR'),null);
Insert into USERMRV.T_GEND_DETALLE_INICIATIVA (ID_DETALLE_INICIATIVA,ID_INICIATIVA,ID_REMITENTE,ID_DESTINO,DESC_INICIATIVA,ID_ETAPA,ID_ESTADO,OBSERVACIONES,FECHA_DERIVACION,FECHA_RECEPCION) values ('7','77','81',null,'GUARDAR AVANCE','1','0',null,to_date('11/01/20','DD/MM/RR'),null);
Insert into USERMRV.T_GEND_DETALLE_INICIATIVA (ID_DETALLE_INICIATIVA,ID_INICIATIVA,ID_REMITENTE,ID_DESTINO,DESC_INICIATIVA,ID_ETAPA,ID_ESTADO,OBSERVACIONES,FECHA_DERIVACION,FECHA_RECEPCION) values ('8','78','81',null,'GUARDAR AVANCE','1','0',null,to_date('11/01/20','DD/MM/RR'),null);
Insert into USERMRV.T_GEND_DETALLE_INICIATIVA (ID_DETALLE_INICIATIVA,ID_INICIATIVA,ID_REMITENTE,ID_DESTINO,DESC_INICIATIVA,ID_ETAPA,ID_ESTADO,OBSERVACIONES,FECHA_DERIVACION,FECHA_RECEPCION) values ('14','80','84','81','REGISTRO INICIATIVA','1','1',null,to_date('13/01/20','DD/MM/RR'),null);
Insert into USERMRV.T_GEND_DETALLE_INICIATIVA (ID_DETALLE_INICIATIVA,ID_INICIATIVA,ID_REMITENTE,ID_DESTINO,DESC_INICIATIVA,ID_ETAPA,ID_ESTADO,OBSERVACIONES,FECHA_DERIVACION,FECHA_RECEPCION) values ('20','82','81',null,null,'1','2',null,to_date('13/01/20','DD/MM/RR'),null);
Insert into USERMRV.T_GEND_DETALLE_INICIATIVA (ID_DETALLE_INICIATIVA,ID_INICIATIVA,ID_REMITENTE,ID_DESTINO,DESC_INICIATIVA,ID_ETAPA,ID_ESTADO,OBSERVACIONES,FECHA_DERIVACION,FECHA_RECEPCION) values ('21','82','81',null,null,'2','3',null,to_date('13/01/20','DD/MM/RR'),null);
Insert into USERMRV.T_GEND_DETALLE_INICIATIVA (ID_DETALLE_INICIATIVA,ID_INICIATIVA,ID_REMITENTE,ID_DESTINO,DESC_INICIATIVA,ID_ETAPA,ID_ESTADO,OBSERVACIONES,FECHA_DERIVACION,FECHA_RECEPCION) values ('25','85','82','81','REGISTRO INICIATIVA','1','1',null,to_date('13/01/20','DD/MM/RR'),null);
Insert into USERMRV.T_GEND_DETALLE_INICIATIVA (ID_DETALLE_INICIATIVA,ID_INICIATIVA,ID_REMITENTE,ID_DESTINO,DESC_INICIATIVA,ID_ETAPA,ID_ESTADO,OBSERVACIONES,FECHA_DERIVACION,FECHA_RECEPCION) values ('26','86','83','81','REGISTRO INICIATIVA','1','1',null,to_date('13/01/20','DD/MM/RR'),null);
Insert into USERMRV.T_GEND_DETALLE_INICIATIVA (ID_DETALLE_INICIATIVA,ID_INICIATIVA,ID_REMITENTE,ID_DESTINO,DESC_INICIATIVA,ID_ETAPA,ID_ESTADO,OBSERVACIONES,FECHA_DERIVACION,FECHA_RECEPCION) values ('27','87','82','81','REGISTRO INICIATIVA','1','1',null,to_date('14/01/20','DD/MM/RR'),null);
Insert into USERMRV.T_GEND_DETALLE_INICIATIVA (ID_DETALLE_INICIATIVA,ID_INICIATIVA,ID_REMITENTE,ID_DESTINO,DESC_INICIATIVA,ID_ETAPA,ID_ESTADO,OBSERVACIONES,FECHA_DERIVACION,FECHA_RECEPCION) values ('29','89','82','81','REGISTRO INICIATIVA','1','1',null,to_date('14/01/20','DD/MM/RR'),null);
Insert into USERMRV.T_GEND_DETALLE_INICIATIVA (ID_DETALLE_INICIATIVA,ID_INICIATIVA,ID_REMITENTE,ID_DESTINO,DESC_INICIATIVA,ID_ETAPA,ID_ESTADO,OBSERVACIONES,FECHA_DERIVACION,FECHA_RECEPCION) values ('30','90','81','81','REGISTRO INICIATIVA','1','1',null,to_date('14/01/20','DD/MM/RR'),null);
REM INSERTING into USERMRV.T_GEND_ENFOQUE_FACTOR
SET DEFINE OFF;
Insert into USERMRV.T_GEND_ENFOQUE_FACTOR (ID_ENFOQUE_FACTOR,ID_ENFOQUE,ID_FACTOR,FLAG_ESTADO,ORDEN) values ('1','1','1','1',null);
Insert into USERMRV.T_GEND_ENFOQUE_FACTOR (ID_ENFOQUE_FACTOR,ID_ENFOQUE,ID_FACTOR,FLAG_ESTADO,ORDEN) values ('2','2','2','1',null);
Insert into USERMRV.T_GEND_ENFOQUE_FACTOR (ID_ENFOQUE_FACTOR,ID_ENFOQUE,ID_FACTOR,FLAG_ESTADO,ORDEN) values ('3','2','3','1',null);
REM INSERTING into USERMRV.T_GEND_ENFOQUE_VARIABLE
SET DEFINE OFF;
Insert into USERMRV.T_GEND_ENFOQUE_VARIABLE (ID_ENFOQUE_VARIABLE,ID_ENFOQUE,ID_VARIABLE,FLAG_ESTADO,ORDEN) values ('1','1','1','1','3');
Insert into USERMRV.T_GEND_ENFOQUE_VARIABLE (ID_ENFOQUE_VARIABLE,ID_ENFOQUE,ID_VARIABLE,FLAG_ESTADO,ORDEN) values ('2','1','2','1','4');
Insert into USERMRV.T_GEND_ENFOQUE_VARIABLE (ID_ENFOQUE_VARIABLE,ID_ENFOQUE,ID_VARIABLE,FLAG_ESTADO,ORDEN) values ('3','2','3','1','3');
REM INSERTING into USERMRV.T_GEND_ENFOQUE_VARIANTE
SET DEFINE OFF;
Insert into USERMRV.T_GEND_ENFOQUE_VARIANTE (ID_ENFOQUE_VARIANTE,ID_ENFOQUE,ID_VARIANTE,FLAG_ESTADO,ORDEN) values ('1','1','1','1','1');
Insert into USERMRV.T_GEND_ENFOQUE_VARIANTE (ID_ENFOQUE_VARIANTE,ID_ENFOQUE,ID_VARIANTE,FLAG_ESTADO,ORDEN) values ('2','1','2','1','2');
Insert into USERMRV.T_GEND_ENFOQUE_VARIANTE (ID_ENFOQUE_VARIANTE,ID_ENFOQUE,ID_VARIANTE,FLAG_ESTADO,ORDEN) values ('3','1','3','1','5');
Insert into USERMRV.T_GEND_ENFOQUE_VARIANTE (ID_ENFOQUE_VARIANTE,ID_ENFOQUE,ID_VARIANTE,FLAG_ESTADO,ORDEN) values ('4','2','1','1','1');
Insert into USERMRV.T_GEND_ENFOQUE_VARIANTE (ID_ENFOQUE_VARIANTE,ID_ENFOQUE,ID_VARIANTE,FLAG_ESTADO,ORDEN) values ('5','2','2','1','2');
Insert into USERMRV.T_GEND_ENFOQUE_VARIANTE (ID_ENFOQUE_VARIANTE,ID_ENFOQUE,ID_VARIANTE,FLAG_ESTADO,ORDEN) values ('6','2','3','1','5');
REM INSERTING into USERMRV.T_GEND_FACTOR_VALOR
SET DEFINE OFF;
REM INSERTING into USERMRV.T_GEND_INDICADOR
SET DEFINE OFF;
Insert into USERMRV.T_GEND_INDICADOR (ID_INDICADOR,ID_INICIATIVA,ID_MEDMIT,ANNO_BASE,ID_TIPO_VEHICULO_BASE,ID_TIPO_COMBUSTIBLE_BASE,KRV_BASE,CANT_BASE,TOTAL_GEI_BASE,ANNO_INIMIT,ID_TIPO_VEHICULO_INIMIT,ID_TIPO_FUENTE_INIMIT,KRV_INIMIT,CANT_INIMIT,TOTAL_GEI_INIMIT,TOTAL_GEI_REDUCIDO,ID_ADJUNTO,FLG_ESTADO,FECHA_REGISTRO,ID_ETAPA) values ('21','5',null,'2018','1','3','57600','20','206,208','2018','1','1','57600','20','0,0387','206,1693',null,'1',null,null);
Insert into USERMRV.T_GEND_INDICADOR (ID_INDICADOR,ID_INICIATIVA,ID_MEDMIT,ANNO_BASE,ID_TIPO_VEHICULO_BASE,ID_TIPO_COMBUSTIBLE_BASE,KRV_BASE,CANT_BASE,TOTAL_GEI_BASE,ANNO_INIMIT,ID_TIPO_VEHICULO_INIMIT,ID_TIPO_FUENTE_INIMIT,KRV_INIMIT,CANT_INIMIT,TOTAL_GEI_INIMIT,TOTAL_GEI_REDUCIDO,ID_ADJUNTO,FLG_ESTADO,FECHA_REGISTRO,ID_ETAPA) values ('28','46',null,'2018','1','4','57600','20',null,'2018','1','1','57600','20','0,0387',null,null,'0',null,null);
Insert into USERMRV.T_GEND_INDICADOR (ID_INDICADOR,ID_INICIATIVA,ID_MEDMIT,ANNO_BASE,ID_TIPO_VEHICULO_BASE,ID_TIPO_COMBUSTIBLE_BASE,KRV_BASE,CANT_BASE,TOTAL_GEI_BASE,ANNO_INIMIT,ID_TIPO_VEHICULO_INIMIT,ID_TIPO_FUENTE_INIMIT,KRV_INIMIT,CANT_INIMIT,TOTAL_GEI_INIMIT,TOTAL_GEI_REDUCIDO,ID_ADJUNTO,FLG_ESTADO,FECHA_REGISTRO,ID_ETAPA) values ('30','46',null,'2018','1','4','5700','20',null,'2018','1','1','57600','20','0,0387',null,null,'0',null,null);
Insert into USERMRV.T_GEND_INDICADOR (ID_INDICADOR,ID_INICIATIVA,ID_MEDMIT,ANNO_BASE,ID_TIPO_VEHICULO_BASE,ID_TIPO_COMBUSTIBLE_BASE,KRV_BASE,CANT_BASE,TOTAL_GEI_BASE,ANNO_INIMIT,ID_TIPO_VEHICULO_INIMIT,ID_TIPO_FUENTE_INIMIT,KRV_INIMIT,CANT_INIMIT,TOTAL_GEI_INIMIT,TOTAL_GEI_REDUCIDO,ID_ADJUNTO,FLG_ESTADO,FECHA_REGISTRO,ID_ETAPA) values ('3','5',null,'2018','3','1','57600','20','891,648','2018','3','1','57600','20','0,2454','891,4026',null,'1',null,null);
Insert into USERMRV.T_GEND_INDICADOR (ID_INDICADOR,ID_INICIATIVA,ID_MEDMIT,ANNO_BASE,ID_TIPO_VEHICULO_BASE,ID_TIPO_COMBUSTIBLE_BASE,KRV_BASE,CANT_BASE,TOTAL_GEI_BASE,ANNO_INIMIT,ID_TIPO_VEHICULO_INIMIT,ID_TIPO_FUENTE_INIMIT,KRV_INIMIT,CANT_INIMIT,TOTAL_GEI_INIMIT,TOTAL_GEI_REDUCIDO,ID_ADJUNTO,FLG_ESTADO,FECHA_REGISTRO,ID_ETAPA) values ('26','46',null,'2018','1','4','57600','20',null,'2018','1','1','57600','20','0,0387',null,null,'0',null,null);
Insert into USERMRV.T_GEND_INDICADOR (ID_INDICADOR,ID_INICIATIVA,ID_MEDMIT,ANNO_BASE,ID_TIPO_VEHICULO_BASE,ID_TIPO_COMBUSTIBLE_BASE,KRV_BASE,CANT_BASE,TOTAL_GEI_BASE,ANNO_INIMIT,ID_TIPO_VEHICULO_INIMIT,ID_TIPO_FUENTE_INIMIT,KRV_INIMIT,CANT_INIMIT,TOTAL_GEI_INIMIT,TOTAL_GEI_REDUCIDO,ID_ADJUNTO,FLG_ESTADO,FECHA_REGISTRO,ID_ETAPA) values ('27','46',null,'2018','1','3','57600','20','206,208','2018','1','1','57600','20','0,0387','206,1693',null,'0',null,null);
Insert into USERMRV.T_GEND_INDICADOR (ID_INDICADOR,ID_INICIATIVA,ID_MEDMIT,ANNO_BASE,ID_TIPO_VEHICULO_BASE,ID_TIPO_COMBUSTIBLE_BASE,KRV_BASE,CANT_BASE,TOTAL_GEI_BASE,ANNO_INIMIT,ID_TIPO_VEHICULO_INIMIT,ID_TIPO_FUENTE_INIMIT,KRV_INIMIT,CANT_INIMIT,TOTAL_GEI_INIMIT,TOTAL_GEI_REDUCIDO,ID_ADJUNTO,FLG_ESTADO,FECHA_REGISTRO,ID_ETAPA) values ('31','81',null,'2018','31','4','60000','4','230,88','2018','3','1','60000','4','0,0511','230,8289',null,'1',null,null);
Insert into USERMRV.T_GEND_INDICADOR (ID_INDICADOR,ID_INICIATIVA,ID_MEDMIT,ANNO_BASE,ID_TIPO_VEHICULO_BASE,ID_TIPO_COMBUSTIBLE_BASE,KRV_BASE,CANT_BASE,TOTAL_GEI_BASE,ANNO_INIMIT,ID_TIPO_VEHICULO_INIMIT,ID_TIPO_FUENTE_INIMIT,KRV_INIMIT,CANT_INIMIT,TOTAL_GEI_INIMIT,TOTAL_GEI_REDUCIDO,ID_ADJUNTO,FLG_ESTADO,FECHA_REGISTRO,ID_ETAPA) values ('34','83',null,'2018','34','3','20000','2000','3864,584','2018','5','1','20000','2000','0,4484','3864,1356',null,'1',null,null);
Insert into USERMRV.T_GEND_INDICADOR (ID_INDICADOR,ID_INICIATIVA,ID_MEDMIT,ANNO_BASE,ID_TIPO_VEHICULO_BASE,ID_TIPO_COMBUSTIBLE_BASE,KRV_BASE,CANT_BASE,TOTAL_GEI_BASE,ANNO_INIMIT,ID_TIPO_VEHICULO_INIMIT,ID_TIPO_FUENTE_INIMIT,KRV_INIMIT,CANT_INIMIT,TOTAL_GEI_INIMIT,TOTAL_GEI_REDUCIDO,ID_ADJUNTO,FLG_ESTADO,FECHA_REGISTRO,ID_ETAPA) values ('4','5',null,'2018','4','3','57600','30','309,312','2018','1','1','57600','30','0,0581','309,2539',null,'1',null,null);
Insert into USERMRV.T_GEND_INDICADOR (ID_INDICADOR,ID_INICIATIVA,ID_MEDMIT,ANNO_BASE,ID_TIPO_VEHICULO_BASE,ID_TIPO_COMBUSTIBLE_BASE,KRV_BASE,CANT_BASE,TOTAL_GEI_BASE,ANNO_INIMIT,ID_TIPO_VEHICULO_INIMIT,ID_TIPO_FUENTE_INIMIT,KRV_INIMIT,CANT_INIMIT,TOTAL_GEI_INIMIT,TOTAL_GEI_REDUCIDO,ID_ADJUNTO,FLG_ESTADO,FECHA_REGISTRO,ID_ETAPA) values ('33','82',null,'2018','1','3','57600','20','206,208','2018','1','1','57600','20','0,0387','206,1693',null,'1',null,null);
Insert into USERMRV.T_GEND_INDICADOR (ID_INDICADOR,ID_INICIATIVA,ID_MEDMIT,ANNO_BASE,ID_TIPO_VEHICULO_BASE,ID_TIPO_COMBUSTIBLE_BASE,KRV_BASE,CANT_BASE,TOTAL_GEI_BASE,ANNO_INIMIT,ID_TIPO_VEHICULO_INIMIT,ID_TIPO_FUENTE_INIMIT,KRV_INIMIT,CANT_INIMIT,TOTAL_GEI_INIMIT,TOTAL_GEI_REDUCIDO,ID_ADJUNTO,FLG_ESTADO,FECHA_REGISTRO,ID_ETAPA) values ('2','5',null,'2018','1','3','57600','20','206,208','2018','1','1','57600','20','0,0387','206,1693',null,'1',null,null);
Insert into USERMRV.T_GEND_INDICADOR (ID_INDICADOR,ID_INICIATIVA,ID_MEDMIT,ANNO_BASE,ID_TIPO_VEHICULO_BASE,ID_TIPO_COMBUSTIBLE_BASE,KRV_BASE,CANT_BASE,TOTAL_GEI_BASE,ANNO_INIMIT,ID_TIPO_VEHICULO_INIMIT,ID_TIPO_FUENTE_INIMIT,KRV_INIMIT,CANT_INIMIT,TOTAL_GEI_INIMIT,TOTAL_GEI_REDUCIDO,ID_ADJUNTO,FLG_ESTADO,FECHA_REGISTRO,ID_ETAPA) values ('24','46',null,'2018','1','3','57600','20','206,208','2018','1','1','57600','20','0,0387','206,1693',null,'1',null,null);
Insert into USERMRV.T_GEND_INDICADOR (ID_INDICADOR,ID_INICIATIVA,ID_MEDMIT,ANNO_BASE,ID_TIPO_VEHICULO_BASE,ID_TIPO_COMBUSTIBLE_BASE,KRV_BASE,CANT_BASE,TOTAL_GEI_BASE,ANNO_INIMIT,ID_TIPO_VEHICULO_INIMIT,ID_TIPO_FUENTE_INIMIT,KRV_INIMIT,CANT_INIMIT,TOTAL_GEI_INIMIT,TOTAL_GEI_REDUCIDO,ID_ADJUNTO,FLG_ESTADO,FECHA_REGISTRO,ID_ETAPA) values ('29','45',null,'2018','1','3','57600','20','206,208','2018','1','1','57600','20','0,0387','206,1693',null,'1',null,null);
Insert into USERMRV.T_GEND_INDICADOR (ID_INDICADOR,ID_INICIATIVA,ID_MEDMIT,ANNO_BASE,ID_TIPO_VEHICULO_BASE,ID_TIPO_COMBUSTIBLE_BASE,KRV_BASE,CANT_BASE,TOTAL_GEI_BASE,ANNO_INIMIT,ID_TIPO_VEHICULO_INIMIT,ID_TIPO_FUENTE_INIMIT,KRV_INIMIT,CANT_INIMIT,TOTAL_GEI_INIMIT,TOTAL_GEI_REDUCIDO,ID_ADJUNTO,FLG_ESTADO,FECHA_REGISTRO,ID_ETAPA) values ('32','81',null,'2018','1','3','57600','20','206,208','2018','1','1','57600','20','0,0387','206,1693',null,'1',null,null);
Insert into USERMRV.T_GEND_INDICADOR (ID_INDICADOR,ID_INICIATIVA,ID_MEDMIT,ANNO_BASE,ID_TIPO_VEHICULO_BASE,ID_TIPO_COMBUSTIBLE_BASE,KRV_BASE,CANT_BASE,TOTAL_GEI_BASE,ANNO_INIMIT,ID_TIPO_VEHICULO_INIMIT,ID_TIPO_FUENTE_INIMIT,KRV_INIMIT,CANT_INIMIT,TOTAL_GEI_INIMIT,TOTAL_GEI_REDUCIDO,ID_ADJUNTO,FLG_ESTADO,FECHA_REGISTRO,ID_ETAPA) values ('35','83',null,'2018','1','3','57600','20','206,208','2018','1','1','57600','20','0,0387','206,1693',null,'1',null,null);
Insert into USERMRV.T_GEND_INDICADOR (ID_INDICADOR,ID_INICIATIVA,ID_MEDMIT,ANNO_BASE,ID_TIPO_VEHICULO_BASE,ID_TIPO_COMBUSTIBLE_BASE,KRV_BASE,CANT_BASE,TOTAL_GEI_BASE,ANNO_INIMIT,ID_TIPO_VEHICULO_INIMIT,ID_TIPO_FUENTE_INIMIT,KRV_INIMIT,CANT_INIMIT,TOTAL_GEI_INIMIT,TOTAL_GEI_REDUCIDO,ID_ADJUNTO,FLG_ESTADO,FECHA_REGISTRO,ID_ETAPA) values ('37','83',null,'2018','37','3','12500','3000','2415,3638','2018','6','1','12500','3000','2,102','2413,2617',null,'1',null,null);
Insert into USERMRV.T_GEND_INDICADOR (ID_INDICADOR,ID_INICIATIVA,ID_MEDMIT,ANNO_BASE,ID_TIPO_VEHICULO_BASE,ID_TIPO_COMBUSTIBLE_BASE,KRV_BASE,CANT_BASE,TOTAL_GEI_BASE,ANNO_INIMIT,ID_TIPO_VEHICULO_INIMIT,ID_TIPO_FUENTE_INIMIT,KRV_INIMIT,CANT_INIMIT,TOTAL_GEI_INIMIT,TOTAL_GEI_REDUCIDO,ID_ADJUNTO,FLG_ESTADO,FECHA_REGISTRO,ID_ETAPA) values ('1','35','12','2018','1','3','57600','20','206,14','2018','1','1','57600','20','206,1','0,04','1',null,to_date('10/01/19','DD/MM/RR'),'1');
Insert into USERMRV.T_GEND_INDICADOR (ID_INDICADOR,ID_INICIATIVA,ID_MEDMIT,ANNO_BASE,ID_TIPO_VEHICULO_BASE,ID_TIPO_COMBUSTIBLE_BASE,KRV_BASE,CANT_BASE,TOTAL_GEI_BASE,ANNO_INIMIT,ID_TIPO_VEHICULO_INIMIT,ID_TIPO_FUENTE_INIMIT,KRV_INIMIT,CANT_INIMIT,TOTAL_GEI_INIMIT,TOTAL_GEI_REDUCIDO,ID_ADJUNTO,FLG_ESTADO,FECHA_REGISTRO,ID_ETAPA) values ('22','5',null,'2018','1','3','57600','20','206,208','2018','1','1','57600','20','0,0387','206,1693',null,'1',null,null);
Insert into USERMRV.T_GEND_INDICADOR (ID_INDICADOR,ID_INICIATIVA,ID_MEDMIT,ANNO_BASE,ID_TIPO_VEHICULO_BASE,ID_TIPO_COMBUSTIBLE_BASE,KRV_BASE,CANT_BASE,TOTAL_GEI_BASE,ANNO_INIMIT,ID_TIPO_VEHICULO_INIMIT,ID_TIPO_FUENTE_INIMIT,KRV_INIMIT,CANT_INIMIT,TOTAL_GEI_INIMIT,TOTAL_GEI_REDUCIDO,ID_ADJUNTO,FLG_ESTADO,FECHA_REGISTRO,ID_ETAPA) values ('23','5',null,'2018','1','3','57600','20','206,208','2018','1','1','57600','20','0,0387','206,1693',null,'1',null,null);
Insert into USERMRV.T_GEND_INDICADOR (ID_INDICADOR,ID_INICIATIVA,ID_MEDMIT,ANNO_BASE,ID_TIPO_VEHICULO_BASE,ID_TIPO_COMBUSTIBLE_BASE,KRV_BASE,CANT_BASE,TOTAL_GEI_BASE,ANNO_INIMIT,ID_TIPO_VEHICULO_INIMIT,ID_TIPO_FUENTE_INIMIT,KRV_INIMIT,CANT_INIMIT,TOTAL_GEI_INIMIT,TOTAL_GEI_REDUCIDO,ID_ADJUNTO,FLG_ESTADO,FECHA_REGISTRO,ID_ETAPA) values ('25','46',null,'2018','1','1','57600','20','215,424','2018','1','1','57600','20','0,0387','215,3853',null,'0',null,null);
Insert into USERMRV.T_GEND_INDICADOR (ID_INDICADOR,ID_INICIATIVA,ID_MEDMIT,ANNO_BASE,ID_TIPO_VEHICULO_BASE,ID_TIPO_COMBUSTIBLE_BASE,KRV_BASE,CANT_BASE,TOTAL_GEI_BASE,ANNO_INIMIT,ID_TIPO_VEHICULO_INIMIT,ID_TIPO_FUENTE_INIMIT,KRV_INIMIT,CANT_INIMIT,TOTAL_GEI_INIMIT,TOTAL_GEI_REDUCIDO,ID_ADJUNTO,FLG_ESTADO,FECHA_REGISTRO,ID_ETAPA) values ('36','83',null,'2018','6','3','12500','3000','2400','2018','6','1','12500','3000','2,102','2397,898',null,'0',null,null);
Insert into USERMRV.T_GEND_INDICADOR (ID_INDICADOR,ID_INICIATIVA,ID_MEDMIT,ANNO_BASE,ID_TIPO_VEHICULO_BASE,ID_TIPO_COMBUSTIBLE_BASE,KRV_BASE,CANT_BASE,TOTAL_GEI_BASE,ANNO_INIMIT,ID_TIPO_VEHICULO_INIMIT,ID_TIPO_FUENTE_INIMIT,KRV_INIMIT,CANT_INIMIT,TOTAL_GEI_INIMIT,TOTAL_GEI_REDUCIDO,ID_ADJUNTO,FLG_ESTADO,FECHA_REGISTRO,ID_ETAPA) values ('38','83',null,'2018','3','4','60000','20','1153,9322','2018','1','1','0','0','0','1153,9322',null,'1',null,null);
REM INSERTING into USERMRV.T_GEND_INDICADOR_ENFOQUE
SET DEFINE OFF;
Insert into USERMRV.T_GEND_INDICADOR_ENFOQUE (ID_INDICADOR_ENFOQUE,ID_INDICADOR,ID_ENFOQUE,FLAG_ESTADO) values ('1','1','1','1');
Insert into USERMRV.T_GEND_INDICADOR_ENFOQUE (ID_INDICADOR_ENFOQUE,ID_INDICADOR,ID_ENFOQUE,FLAG_ESTADO) values ('2','1','2','0');
REM INSERTING into USERMRV.T_GEND_INICIATIVA_COMP
SET DEFINE OFF;
REM INSERTING into USERMRV.T_GEND_INICIATIVA_ENERG
SET DEFINE OFF;
Insert into USERMRV.T_GEND_INICIATIVA_ENERG (ID_INICIATIVA_ENERG,ID_INICIATIVA,ID_ENERG,FLAG_ESTADO) values ('1','4','1','0');
Insert into USERMRV.T_GEND_INICIATIVA_ENERG (ID_INICIATIVA_ENERG,ID_INICIATIVA,ID_ENERG,FLAG_ESTADO) values ('23','36','1','1');
Insert into USERMRV.T_GEND_INICIATIVA_ENERG (ID_INICIATIVA_ENERG,ID_INICIATIVA,ID_ENERG,FLAG_ESTADO) values ('24','36','2','0');
Insert into USERMRV.T_GEND_INICIATIVA_ENERG (ID_INICIATIVA_ENERG,ID_INICIATIVA,ID_ENERG,FLAG_ESTADO) values ('26','38','2','0');
Insert into USERMRV.T_GEND_INICIATIVA_ENERG (ID_INICIATIVA_ENERG,ID_INICIATIVA,ID_ENERG,FLAG_ESTADO) values ('32','44','1','0');
Insert into USERMRV.T_GEND_INICIATIVA_ENERG (ID_INICIATIVA_ENERG,ID_INICIATIVA,ID_ENERG,FLAG_ESTADO) values ('62','72','1','1');
Insert into USERMRV.T_GEND_INICIATIVA_ENERG (ID_INICIATIVA_ENERG,ID_INICIATIVA,ID_ENERG,FLAG_ESTADO) values ('81','93','1','1');
Insert into USERMRV.T_GEND_INICIATIVA_ENERG (ID_INICIATIVA_ENERG,ID_INICIATIVA,ID_ENERG,FLAG_ESTADO) values ('2','4','2','0');
Insert into USERMRV.T_GEND_INICIATIVA_ENERG (ID_INICIATIVA_ENERG,ID_INICIATIVA,ID_ENERG,FLAG_ESTADO) values ('28','40','1','1');
Insert into USERMRV.T_GEND_INICIATIVA_ENERG (ID_INICIATIVA_ENERG,ID_INICIATIVA,ID_ENERG,FLAG_ESTADO) values ('29','41','1','1');
Insert into USERMRV.T_GEND_INICIATIVA_ENERG (ID_INICIATIVA_ENERG,ID_INICIATIVA,ID_ENERG,FLAG_ESTADO) values ('31','43','1','1');
Insert into USERMRV.T_GEND_INICIATIVA_ENERG (ID_INICIATIVA_ENERG,ID_INICIATIVA,ID_ENERG,FLAG_ESTADO) values ('33','45','1','1');
Insert into USERMRV.T_GEND_INICIATIVA_ENERG (ID_INICIATIVA_ENERG,ID_INICIATIVA,ID_ENERG,FLAG_ESTADO) values ('38','54','2','1');
Insert into USERMRV.T_GEND_INICIATIVA_ENERG (ID_INICIATIVA_ENERG,ID_INICIATIVA,ID_ENERG,FLAG_ESTADO) values ('61','70','1','1');
Insert into USERMRV.T_GEND_INICIATIVA_ENERG (ID_INICIATIVA_ENERG,ID_INICIATIVA,ID_ENERG,FLAG_ESTADO) values ('67','83','1','1');
Insert into USERMRV.T_GEND_INICIATIVA_ENERG (ID_INICIATIVA_ENERG,ID_INICIATIVA,ID_ENERG,FLAG_ESTADO) values ('73','88','1','1');
Insert into USERMRV.T_GEND_INICIATIVA_ENERG (ID_INICIATIVA_ENERG,ID_INICIATIVA,ID_ENERG,FLAG_ESTADO) values ('74','88','2','1');
Insert into USERMRV.T_GEND_INICIATIVA_ENERG (ID_INICIATIVA_ENERG,ID_INICIATIVA,ID_ENERG,FLAG_ESTADO) values ('79','91','1','1');
Insert into USERMRV.T_GEND_INICIATIVA_ENERG (ID_INICIATIVA_ENERG,ID_INICIATIVA,ID_ENERG,FLAG_ESTADO) values ('3','8','2','1');
Insert into USERMRV.T_GEND_INICIATIVA_ENERG (ID_INICIATIVA_ENERG,ID_INICIATIVA,ID_ENERG,FLAG_ESTADO) values ('25','37','2','0');
Insert into USERMRV.T_GEND_INICIATIVA_ENERG (ID_INICIATIVA_ENERG,ID_INICIATIVA,ID_ENERG,FLAG_ESTADO) values ('27','39','1','1');
Insert into USERMRV.T_GEND_INICIATIVA_ENERG (ID_INICIATIVA_ENERG,ID_INICIATIVA,ID_ENERG,FLAG_ESTADO) values ('41','63','1','1');
Insert into USERMRV.T_GEND_INICIATIVA_ENERG (ID_INICIATIVA_ENERG,ID_INICIATIVA,ID_ENERG,FLAG_ESTADO) values ('68','84','2','1');
Insert into USERMRV.T_GEND_INICIATIVA_ENERG (ID_INICIATIVA_ENERG,ID_INICIATIVA,ID_ENERG,FLAG_ESTADO) values ('80','92','1','1');
Insert into USERMRV.T_GEND_INICIATIVA_ENERG (ID_INICIATIVA_ENERG,ID_INICIATIVA,ID_ENERG,FLAG_ESTADO) values ('82','95','1','1');
Insert into USERMRV.T_GEND_INICIATIVA_ENERG (ID_INICIATIVA_ENERG,ID_INICIATIVA,ID_ENERG,FLAG_ESTADO) values ('5','10','2','1');
Insert into USERMRV.T_GEND_INICIATIVA_ENERG (ID_INICIATIVA_ENERG,ID_INICIATIVA,ID_ENERG,FLAG_ESTADO) values ('30','42','1','1');
Insert into USERMRV.T_GEND_INICIATIVA_ENERG (ID_INICIATIVA_ENERG,ID_INICIATIVA,ID_ENERG,FLAG_ESTADO) values ('34','46','1','1');
Insert into USERMRV.T_GEND_INICIATIVA_ENERG (ID_INICIATIVA_ENERG,ID_INICIATIVA,ID_ENERG,FLAG_ESTADO) values ('35','47','1','1');
Insert into USERMRV.T_GEND_INICIATIVA_ENERG (ID_INICIATIVA_ENERG,ID_INICIATIVA,ID_ENERG,FLAG_ESTADO) values ('64','81','1','1');
Insert into USERMRV.T_GEND_INICIATIVA_ENERG (ID_INICIATIVA_ENERG,ID_INICIATIVA,ID_ENERG,FLAG_ESTADO) values ('65','79','1','1');
Insert into USERMRV.T_GEND_INICIATIVA_ENERG (ID_INICIATIVA_ENERG,ID_INICIATIVA,ID_ENERG,FLAG_ESTADO) values ('66','82','1','1');
Insert into USERMRV.T_GEND_INICIATIVA_ENERG (ID_INICIATIVA_ENERG,ID_INICIATIVA,ID_ENERG,FLAG_ESTADO) values ('4','9','1','1');
Insert into USERMRV.T_GEND_INICIATIVA_ENERG (ID_INICIATIVA_ENERG,ID_INICIATIVA,ID_ENERG,FLAG_ESTADO) values ('21','21','1','1');
Insert into USERMRV.T_GEND_INICIATIVA_ENERG (ID_INICIATIVA_ENERG,ID_INICIATIVA,ID_ENERG,FLAG_ESTADO) values ('22','35','1','1');
Insert into USERMRV.T_GEND_INICIATIVA_ENERG (ID_INICIATIVA_ENERG,ID_INICIATIVA,ID_ENERG,FLAG_ESTADO) values ('36','48','1','1');
Insert into USERMRV.T_GEND_INICIATIVA_ENERG (ID_INICIATIVA_ENERG,ID_INICIATIVA,ID_ENERG,FLAG_ESTADO) values ('37','48','2','0');
Insert into USERMRV.T_GEND_INICIATIVA_ENERG (ID_INICIATIVA_ENERG,ID_INICIATIVA,ID_ENERG,FLAG_ESTADO) values ('63','80','1','1');
Insert into USERMRV.T_GEND_INICIATIVA_ENERG (ID_INICIATIVA_ENERG,ID_INICIATIVA,ID_ENERG,FLAG_ESTADO) values ('69','85','1','1');
Insert into USERMRV.T_GEND_INICIATIVA_ENERG (ID_INICIATIVA_ENERG,ID_INICIATIVA,ID_ENERG,FLAG_ESTADO) values ('70','86','1','1');
Insert into USERMRV.T_GEND_INICIATIVA_ENERG (ID_INICIATIVA_ENERG,ID_INICIATIVA,ID_ENERG,FLAG_ESTADO) values ('71','87','1','1');
Insert into USERMRV.T_GEND_INICIATIVA_ENERG (ID_INICIATIVA_ENERG,ID_INICIATIVA,ID_ENERG,FLAG_ESTADO) values ('72','87','2','1');
Insert into USERMRV.T_GEND_INICIATIVA_ENERG (ID_INICIATIVA_ENERG,ID_INICIATIVA,ID_ENERG,FLAG_ESTADO) values ('75','89','1','1');
Insert into USERMRV.T_GEND_INICIATIVA_ENERG (ID_INICIATIVA_ENERG,ID_INICIATIVA,ID_ENERG,FLAG_ESTADO) values ('76','89','2','1');
Insert into USERMRV.T_GEND_INICIATIVA_ENERG (ID_INICIATIVA_ENERG,ID_INICIATIVA,ID_ENERG,FLAG_ESTADO) values ('77','90','1','1');
Insert into USERMRV.T_GEND_INICIATIVA_ENERG (ID_INICIATIVA_ENERG,ID_INICIATIVA,ID_ENERG,FLAG_ESTADO) values ('78','90','2','1');
REM INSERTING into USERMRV.T_GEND_INICIATIVA_GEI
SET DEFINE OFF;
Insert into USERMRV.T_GEND_INICIATIVA_GEI (ID_INICIATIVA_GEI,ID_INICIATIVA,ID_GEI,FLAG_ESTADO) values ('24','36','1','1');
Insert into USERMRV.T_GEND_INICIATIVA_GEI (ID_INICIATIVA_GEI,ID_INICIATIVA,ID_GEI,FLAG_ESTADO) values ('26','38','1','1');
Insert into USERMRV.T_GEND_INICIATIVA_GEI (ID_INICIATIVA_GEI,ID_INICIATIVA,ID_GEI,FLAG_ESTADO) values ('66','72','1','1');
Insert into USERMRV.T_GEND_INICIATIVA_GEI (ID_INICIATIVA_GEI,ID_INICIATIVA,ID_GEI,FLAG_ESTADO) values ('67','72','2','1');
Insert into USERMRV.T_GEND_INICIATIVA_GEI (ID_INICIATIVA_GEI,ID_INICIATIVA,ID_GEI,FLAG_ESTADO) values ('113','93','1','1');
Insert into USERMRV.T_GEND_INICIATIVA_GEI (ID_INICIATIVA_GEI,ID_INICIATIVA,ID_GEI,FLAG_ESTADO) values ('114','93','2','1');
Insert into USERMRV.T_GEND_INICIATIVA_GEI (ID_INICIATIVA_GEI,ID_INICIATIVA,ID_GEI,FLAG_ESTADO) values ('29','40','1','1');
Insert into USERMRV.T_GEND_INICIATIVA_GEI (ID_INICIATIVA_GEI,ID_INICIATIVA,ID_GEI,FLAG_ESTADO) values ('30','41','1','1');
Insert into USERMRV.T_GEND_INICIATIVA_GEI (ID_INICIATIVA_GEI,ID_INICIATIVA,ID_GEI,FLAG_ESTADO) values ('31','41','2','1');
Insert into USERMRV.T_GEND_INICIATIVA_GEI (ID_INICIATIVA_GEI,ID_INICIATIVA,ID_GEI,FLAG_ESTADO) values ('34','43','1','1');
Insert into USERMRV.T_GEND_INICIATIVA_GEI (ID_INICIATIVA_GEI,ID_INICIATIVA,ID_GEI,FLAG_ESTADO) values ('35','43','2','1');
Insert into USERMRV.T_GEND_INICIATIVA_GEI (ID_INICIATIVA_GEI,ID_INICIATIVA,ID_GEI,FLAG_ESTADO) values ('36','45','1','1');
Insert into USERMRV.T_GEND_INICIATIVA_GEI (ID_INICIATIVA_GEI,ID_INICIATIVA,ID_GEI,FLAG_ESTADO) values ('42','54','1','1');
Insert into USERMRV.T_GEND_INICIATIVA_GEI (ID_INICIATIVA_GEI,ID_INICIATIVA,ID_GEI,FLAG_ESTADO) values ('43','54','2','1');
Insert into USERMRV.T_GEND_INICIATIVA_GEI (ID_INICIATIVA_GEI,ID_INICIATIVA,ID_GEI,FLAG_ESTADO) values ('64','69','3','1');
Insert into USERMRV.T_GEND_INICIATIVA_GEI (ID_INICIATIVA_GEI,ID_INICIATIVA,ID_GEI,FLAG_ESTADO) values ('65','70','2','1');
Insert into USERMRV.T_GEND_INICIATIVA_GEI (ID_INICIATIVA_GEI,ID_INICIATIVA,ID_GEI,FLAG_ESTADO) values ('89','83','1','1');
Insert into USERMRV.T_GEND_INICIATIVA_GEI (ID_INICIATIVA_GEI,ID_INICIATIVA,ID_GEI,FLAG_ESTADO) values ('90','83','2','1');
Insert into USERMRV.T_GEND_INICIATIVA_GEI (ID_INICIATIVA_GEI,ID_INICIATIVA,ID_GEI,FLAG_ESTADO) values ('91','83','3','1');
Insert into USERMRV.T_GEND_INICIATIVA_GEI (ID_INICIATIVA_GEI,ID_INICIATIVA,ID_GEI,FLAG_ESTADO) values ('100','88','1','1');
Insert into USERMRV.T_GEND_INICIATIVA_GEI (ID_INICIATIVA_GEI,ID_INICIATIVA,ID_GEI,FLAG_ESTADO) values ('101','88','2','1');
Insert into USERMRV.T_GEND_INICIATIVA_GEI (ID_INICIATIVA_GEI,ID_INICIATIVA,ID_GEI,FLAG_ESTADO) values ('102','88','3','1');
Insert into USERMRV.T_GEND_INICIATIVA_GEI (ID_INICIATIVA_GEI,ID_INICIATIVA,ID_GEI,FLAG_ESTADO) values ('107','91','1','1');
Insert into USERMRV.T_GEND_INICIATIVA_GEI (ID_INICIATIVA_GEI,ID_INICIATIVA,ID_GEI,FLAG_ESTADO) values ('108','91','2','1');
Insert into USERMRV.T_GEND_INICIATIVA_GEI (ID_INICIATIVA_GEI,ID_INICIATIVA,ID_GEI,FLAG_ESTADO) values ('109','91','3','1');
Insert into USERMRV.T_GEND_INICIATIVA_GEI (ID_INICIATIVA_GEI,ID_INICIATIVA,ID_GEI,FLAG_ESTADO) values ('1','8','2','1');
Insert into USERMRV.T_GEND_INICIATIVA_GEI (ID_INICIATIVA_GEI,ID_INICIATIVA,ID_GEI,FLAG_ESTADO) values ('25','37','1','1');
Insert into USERMRV.T_GEND_INICIATIVA_GEI (ID_INICIATIVA_GEI,ID_INICIATIVA,ID_GEI,FLAG_ESTADO) values ('27','39','1','1');
Insert into USERMRV.T_GEND_INICIATIVA_GEI (ID_INICIATIVA_GEI,ID_INICIATIVA,ID_GEI,FLAG_ESTADO) values ('28','39','2','1');
Insert into USERMRV.T_GEND_INICIATIVA_GEI (ID_INICIATIVA_GEI,ID_INICIATIVA,ID_GEI,FLAG_ESTADO) values ('61','63','1','1');
Insert into USERMRV.T_GEND_INICIATIVA_GEI (ID_INICIATIVA_GEI,ID_INICIATIVA,ID_GEI,FLAG_ESTADO) values ('62','63','2','1');
Insert into USERMRV.T_GEND_INICIATIVA_GEI (ID_INICIATIVA_GEI,ID_INICIATIVA,ID_GEI,FLAG_ESTADO) values ('63','68','2','1');
Insert into USERMRV.T_GEND_INICIATIVA_GEI (ID_INICIATIVA_GEI,ID_INICIATIVA,ID_GEI,FLAG_ESTADO) values ('92','84','1','1');
Insert into USERMRV.T_GEND_INICIATIVA_GEI (ID_INICIATIVA_GEI,ID_INICIATIVA,ID_GEI,FLAG_ESTADO) values ('93','84','2','1');
Insert into USERMRV.T_GEND_INICIATIVA_GEI (ID_INICIATIVA_GEI,ID_INICIATIVA,ID_GEI,FLAG_ESTADO) values ('110','92','1','1');
Insert into USERMRV.T_GEND_INICIATIVA_GEI (ID_INICIATIVA_GEI,ID_INICIATIVA,ID_GEI,FLAG_ESTADO) values ('111','92','2','1');
Insert into USERMRV.T_GEND_INICIATIVA_GEI (ID_INICIATIVA_GEI,ID_INICIATIVA,ID_GEI,FLAG_ESTADO) values ('112','92','3','1');
Insert into USERMRV.T_GEND_INICIATIVA_GEI (ID_INICIATIVA_GEI,ID_INICIATIVA,ID_GEI,FLAG_ESTADO) values ('115','95','1','1');
Insert into USERMRV.T_GEND_INICIATIVA_GEI (ID_INICIATIVA_GEI,ID_INICIATIVA,ID_GEI,FLAG_ESTADO) values ('116','95','2','1');
Insert into USERMRV.T_GEND_INICIATIVA_GEI (ID_INICIATIVA_GEI,ID_INICIATIVA,ID_GEI,FLAG_ESTADO) values ('3','10','2','1');
Insert into USERMRV.T_GEND_INICIATIVA_GEI (ID_INICIATIVA_GEI,ID_INICIATIVA,ID_GEI,FLAG_ESTADO) values ('32','42','1','1');
Insert into USERMRV.T_GEND_INICIATIVA_GEI (ID_INICIATIVA_GEI,ID_INICIATIVA,ID_GEI,FLAG_ESTADO) values ('33','42','2','1');
Insert into USERMRV.T_GEND_INICIATIVA_GEI (ID_INICIATIVA_GEI,ID_INICIATIVA,ID_GEI,FLAG_ESTADO) values ('37','46','1','1');
Insert into USERMRV.T_GEND_INICIATIVA_GEI (ID_INICIATIVA_GEI,ID_INICIATIVA,ID_GEI,FLAG_ESTADO) values ('38','46','2','1');
Insert into USERMRV.T_GEND_INICIATIVA_GEI (ID_INICIATIVA_GEI,ID_INICIATIVA,ID_GEI,FLAG_ESTADO) values ('39','47','1','1');
Insert into USERMRV.T_GEND_INICIATIVA_GEI (ID_INICIATIVA_GEI,ID_INICIATIVA,ID_GEI,FLAG_ESTADO) values ('40','47','2','1');
Insert into USERMRV.T_GEND_INICIATIVA_GEI (ID_INICIATIVA_GEI,ID_INICIATIVA,ID_GEI,FLAG_ESTADO) values ('84','81','1','1');
Insert into USERMRV.T_GEND_INICIATIVA_GEI (ID_INICIATIVA_GEI,ID_INICIATIVA,ID_GEI,FLAG_ESTADO) values ('85','79','1','1');
Insert into USERMRV.T_GEND_INICIATIVA_GEI (ID_INICIATIVA_GEI,ID_INICIATIVA,ID_GEI,FLAG_ESTADO) values ('86','82','1','1');
Insert into USERMRV.T_GEND_INICIATIVA_GEI (ID_INICIATIVA_GEI,ID_INICIATIVA,ID_GEI,FLAG_ESTADO) values ('87','82','2','1');
Insert into USERMRV.T_GEND_INICIATIVA_GEI (ID_INICIATIVA_GEI,ID_INICIATIVA,ID_GEI,FLAG_ESTADO) values ('88','82','3','1');
Insert into USERMRV.T_GEND_INICIATIVA_GEI (ID_INICIATIVA_GEI,ID_INICIATIVA,ID_GEI,FLAG_ESTADO) values ('2','9','1','1');
Insert into USERMRV.T_GEND_INICIATIVA_GEI (ID_INICIATIVA_GEI,ID_INICIATIVA,ID_GEI,FLAG_ESTADO) values ('21','21','1','1');
Insert into USERMRV.T_GEND_INICIATIVA_GEI (ID_INICIATIVA_GEI,ID_INICIATIVA,ID_GEI,FLAG_ESTADO) values ('22','35','1','1');
Insert into USERMRV.T_GEND_INICIATIVA_GEI (ID_INICIATIVA_GEI,ID_INICIATIVA,ID_GEI,FLAG_ESTADO) values ('23','35','2','1');
Insert into USERMRV.T_GEND_INICIATIVA_GEI (ID_INICIATIVA_GEI,ID_INICIATIVA,ID_GEI,FLAG_ESTADO) values ('41','48','1','1');
Insert into USERMRV.T_GEND_INICIATIVA_GEI (ID_INICIATIVA_GEI,ID_INICIATIVA,ID_GEI,FLAG_ESTADO) values ('81','80','1','1');
Insert into USERMRV.T_GEND_INICIATIVA_GEI (ID_INICIATIVA_GEI,ID_INICIATIVA,ID_GEI,FLAG_ESTADO) values ('82','80','2','1');
Insert into USERMRV.T_GEND_INICIATIVA_GEI (ID_INICIATIVA_GEI,ID_INICIATIVA,ID_GEI,FLAG_ESTADO) values ('83','80','3','1');
Insert into USERMRV.T_GEND_INICIATIVA_GEI (ID_INICIATIVA_GEI,ID_INICIATIVA,ID_GEI,FLAG_ESTADO) values ('94','85','1','1');
Insert into USERMRV.T_GEND_INICIATIVA_GEI (ID_INICIATIVA_GEI,ID_INICIATIVA,ID_GEI,FLAG_ESTADO) values ('95','86','2','1');
Insert into USERMRV.T_GEND_INICIATIVA_GEI (ID_INICIATIVA_GEI,ID_INICIATIVA,ID_GEI,FLAG_ESTADO) values ('96','86','3','1');
Insert into USERMRV.T_GEND_INICIATIVA_GEI (ID_INICIATIVA_GEI,ID_INICIATIVA,ID_GEI,FLAG_ESTADO) values ('97','87','1','1');
Insert into USERMRV.T_GEND_INICIATIVA_GEI (ID_INICIATIVA_GEI,ID_INICIATIVA,ID_GEI,FLAG_ESTADO) values ('98','87','2','1');
Insert into USERMRV.T_GEND_INICIATIVA_GEI (ID_INICIATIVA_GEI,ID_INICIATIVA,ID_GEI,FLAG_ESTADO) values ('99','87','3','1');
Insert into USERMRV.T_GEND_INICIATIVA_GEI (ID_INICIATIVA_GEI,ID_INICIATIVA,ID_GEI,FLAG_ESTADO) values ('103','89','1','1');
Insert into USERMRV.T_GEND_INICIATIVA_GEI (ID_INICIATIVA_GEI,ID_INICIATIVA,ID_GEI,FLAG_ESTADO) values ('104','89','3','1');
Insert into USERMRV.T_GEND_INICIATIVA_GEI (ID_INICIATIVA_GEI,ID_INICIATIVA,ID_GEI,FLAG_ESTADO) values ('105','90','1','1');
Insert into USERMRV.T_GEND_INICIATIVA_GEI (ID_INICIATIVA_GEI,ID_INICIATIVA,ID_GEI,FLAG_ESTADO) values ('106','90','3','1');
REM INSERTING into USERMRV.T_GEND_INICIATIVA_UBICACION
SET DEFINE OFF;
Insert into USERMRV.T_GEND_INICIATIVA_UBICACION (ID_INICIATIVA_UBICACION,ID_INICIATIVA,ID_UBICACION,FLAG_ESTADO) values ('24','36','2','1');
Insert into USERMRV.T_GEND_INICIATIVA_UBICACION (ID_INICIATIVA_UBICACION,ID_INICIATIVA,ID_UBICACION,FLAG_ESTADO) values ('25','36','7','1');
Insert into USERMRV.T_GEND_INICIATIVA_UBICACION (ID_INICIATIVA_UBICACION,ID_INICIATIVA,ID_UBICACION,FLAG_ESTADO) values ('26','36','11','1');
Insert into USERMRV.T_GEND_INICIATIVA_UBICACION (ID_INICIATIVA_UBICACION,ID_INICIATIVA,ID_UBICACION,FLAG_ESTADO) values ('27','36','15','1');
Insert into USERMRV.T_GEND_INICIATIVA_UBICACION (ID_INICIATIVA_UBICACION,ID_INICIATIVA,ID_UBICACION,FLAG_ESTADO) values ('35','44','7','1');
Insert into USERMRV.T_GEND_INICIATIVA_UBICACION (ID_INICIATIVA_UBICACION,ID_INICIATIVA,ID_UBICACION,FLAG_ESTADO) values ('36','44','15','1');
Insert into USERMRV.T_GEND_INICIATIVA_UBICACION (ID_INICIATIVA_UBICACION,ID_INICIATIVA,ID_UBICACION,FLAG_ESTADO) values ('71','67','1','1');
Insert into USERMRV.T_GEND_INICIATIVA_UBICACION (ID_INICIATIVA_UBICACION,ID_INICIATIVA,ID_UBICACION,FLAG_ESTADO) values ('72','67','2','1');
Insert into USERMRV.T_GEND_INICIATIVA_UBICACION (ID_INICIATIVA_UBICACION,ID_INICIATIVA,ID_UBICACION,FLAG_ESTADO) values ('73','67','3','1');
Insert into USERMRV.T_GEND_INICIATIVA_UBICACION (ID_INICIATIVA_UBICACION,ID_INICIATIVA,ID_UBICACION,FLAG_ESTADO) values ('83','72','2','1');
Insert into USERMRV.T_GEND_INICIATIVA_UBICACION (ID_INICIATIVA_UBICACION,ID_INICIATIVA,ID_UBICACION,FLAG_ESTADO) values ('122','93','2','1');
Insert into USERMRV.T_GEND_INICIATIVA_UBICACION (ID_INICIATIVA_UBICACION,ID_INICIATIVA,ID_UBICACION,FLAG_ESTADO) values ('123','93','3','1');
Insert into USERMRV.T_GEND_INICIATIVA_UBICACION (ID_INICIATIVA_UBICACION,ID_INICIATIVA,ID_UBICACION,FLAG_ESTADO) values ('1','8','3','1');
Insert into USERMRV.T_GEND_INICIATIVA_UBICACION (ID_INICIATIVA_UBICACION,ID_INICIATIVA,ID_UBICACION,FLAG_ESTADO) values ('2','8','4','1');
Insert into USERMRV.T_GEND_INICIATIVA_UBICACION (ID_INICIATIVA_UBICACION,ID_INICIATIVA,ID_UBICACION,FLAG_ESTADO) values ('3','8','8','1');
Insert into USERMRV.T_GEND_INICIATIVA_UBICACION (ID_INICIATIVA_UBICACION,ID_INICIATIVA,ID_UBICACION,FLAG_ESTADO) values ('31','40','15','1');
Insert into USERMRV.T_GEND_INICIATIVA_UBICACION (ID_INICIATIVA_UBICACION,ID_INICIATIVA,ID_UBICACION,FLAG_ESTADO) values ('32','41','15','1');
Insert into USERMRV.T_GEND_INICIATIVA_UBICACION (ID_INICIATIVA_UBICACION,ID_INICIATIVA,ID_UBICACION,FLAG_ESTADO) values ('34','43','15','1');
Insert into USERMRV.T_GEND_INICIATIVA_UBICACION (ID_INICIATIVA_UBICACION,ID_INICIATIVA,ID_UBICACION,FLAG_ESTADO) values ('37','45','7','1');
Insert into USERMRV.T_GEND_INICIATIVA_UBICACION (ID_INICIATIVA_UBICACION,ID_INICIATIVA,ID_UBICACION,FLAG_ESTADO) values ('38','45','15','1');
Insert into USERMRV.T_GEND_INICIATIVA_UBICACION (ID_INICIATIVA_UBICACION,ID_INICIATIVA,ID_UBICACION,FLAG_ESTADO) values ('45','54','1','1');
Insert into USERMRV.T_GEND_INICIATIVA_UBICACION (ID_INICIATIVA_UBICACION,ID_INICIATIVA,ID_UBICACION,FLAG_ESTADO) values ('46','54','2','1');
Insert into USERMRV.T_GEND_INICIATIVA_UBICACION (ID_INICIATIVA_UBICACION,ID_INICIATIVA,ID_UBICACION,FLAG_ESTADO) values ('47','55','11','1');
Insert into USERMRV.T_GEND_INICIATIVA_UBICACION (ID_INICIATIVA_UBICACION,ID_INICIATIVA,ID_UBICACION,FLAG_ESTADO) values ('48','55','15','1');
Insert into USERMRV.T_GEND_INICIATIVA_UBICACION (ID_INICIATIVA_UBICACION,ID_INICIATIVA,ID_UBICACION,FLAG_ESTADO) values ('78','69','1','1');
Insert into USERMRV.T_GEND_INICIATIVA_UBICACION (ID_INICIATIVA_UBICACION,ID_INICIATIVA,ID_UBICACION,FLAG_ESTADO) values ('79','69','2','1');
Insert into USERMRV.T_GEND_INICIATIVA_UBICACION (ID_INICIATIVA_UBICACION,ID_INICIATIVA,ID_UBICACION,FLAG_ESTADO) values ('80','69','3','1');
Insert into USERMRV.T_GEND_INICIATIVA_UBICACION (ID_INICIATIVA_UBICACION,ID_INICIATIVA,ID_UBICACION,FLAG_ESTADO) values ('81','70','2','1');
Insert into USERMRV.T_GEND_INICIATIVA_UBICACION (ID_INICIATIVA_UBICACION,ID_INICIATIVA,ID_UBICACION,FLAG_ESTADO) values ('106','83','7','1');
Insert into USERMRV.T_GEND_INICIATIVA_UBICACION (ID_INICIATIVA_UBICACION,ID_INICIATIVA,ID_UBICACION,FLAG_ESTADO) values ('107','83','15','1');
Insert into USERMRV.T_GEND_INICIATIVA_UBICACION (ID_INICIATIVA_UBICACION,ID_INICIATIVA,ID_UBICACION,FLAG_ESTADO) values ('116','88','7','1');
Insert into USERMRV.T_GEND_INICIATIVA_UBICACION (ID_INICIATIVA_UBICACION,ID_INICIATIVA,ID_UBICACION,FLAG_ESTADO) values ('117','88','15','1');
Insert into USERMRV.T_GEND_INICIATIVA_UBICACION (ID_INICIATIVA_UBICACION,ID_INICIATIVA,ID_UBICACION,FLAG_ESTADO) values ('120','91','1','1');
Insert into USERMRV.T_GEND_INICIATIVA_UBICACION (ID_INICIATIVA_UBICACION,ID_INICIATIVA,ID_UBICACION,FLAG_ESTADO) values ('28','37','15','1');
Insert into USERMRV.T_GEND_INICIATIVA_UBICACION (ID_INICIATIVA_UBICACION,ID_INICIATIVA,ID_UBICACION,FLAG_ESTADO) values ('29','39','13','1');
Insert into USERMRV.T_GEND_INICIATIVA_UBICACION (ID_INICIATIVA_UBICACION,ID_INICIATIVA,ID_UBICACION,FLAG_ESTADO) values ('30','39','15','1');
Insert into USERMRV.T_GEND_INICIATIVA_UBICACION (ID_INICIATIVA_UBICACION,ID_INICIATIVA,ID_UBICACION,FLAG_ESTADO) values ('63','63','20','1');
Insert into USERMRV.T_GEND_INICIATIVA_UBICACION (ID_INICIATIVA_UBICACION,ID_INICIATIVA,ID_UBICACION,FLAG_ESTADO) values ('64','63','21','1');
Insert into USERMRV.T_GEND_INICIATIVA_UBICACION (ID_INICIATIVA_UBICACION,ID_INICIATIVA,ID_UBICACION,FLAG_ESTADO) values ('69','66','2','1');
Insert into USERMRV.T_GEND_INICIATIVA_UBICACION (ID_INICIATIVA_UBICACION,ID_INICIATIVA,ID_UBICACION,FLAG_ESTADO) values ('70','66','3','1');
Insert into USERMRV.T_GEND_INICIATIVA_UBICACION (ID_INICIATIVA_UBICACION,ID_INICIATIVA,ID_UBICACION,FLAG_ESTADO) values ('74','68','3','1');
Insert into USERMRV.T_GEND_INICIATIVA_UBICACION (ID_INICIATIVA_UBICACION,ID_INICIATIVA,ID_UBICACION,FLAG_ESTADO) values ('75','68','4','1');
Insert into USERMRV.T_GEND_INICIATIVA_UBICACION (ID_INICIATIVA_UBICACION,ID_INICIATIVA,ID_UBICACION,FLAG_ESTADO) values ('76','68','5','1');
Insert into USERMRV.T_GEND_INICIATIVA_UBICACION (ID_INICIATIVA_UBICACION,ID_INICIATIVA,ID_UBICACION,FLAG_ESTADO) values ('77','68','6','1');
Insert into USERMRV.T_GEND_INICIATIVA_UBICACION (ID_INICIATIVA_UBICACION,ID_INICIATIVA,ID_UBICACION,FLAG_ESTADO) values ('108','84','1','1');
Insert into USERMRV.T_GEND_INICIATIVA_UBICACION (ID_INICIATIVA_UBICACION,ID_INICIATIVA,ID_UBICACION,FLAG_ESTADO) values ('109','84','2','1');
Insert into USERMRV.T_GEND_INICIATIVA_UBICACION (ID_INICIATIVA_UBICACION,ID_INICIATIVA,ID_UBICACION,FLAG_ESTADO) values ('121','92','1','1');
Insert into USERMRV.T_GEND_INICIATIVA_UBICACION (ID_INICIATIVA_UBICACION,ID_INICIATIVA,ID_UBICACION,FLAG_ESTADO) values ('124','94','1','1');
Insert into USERMRV.T_GEND_INICIATIVA_UBICACION (ID_INICIATIVA_UBICACION,ID_INICIATIVA,ID_UBICACION,FLAG_ESTADO) values ('125','95','1','1');
Insert into USERMRV.T_GEND_INICIATIVA_UBICACION (ID_INICIATIVA_UBICACION,ID_INICIATIVA,ID_UBICACION,FLAG_ESTADO) values ('126','95','2','1');
Insert into USERMRV.T_GEND_INICIATIVA_UBICACION (ID_INICIATIVA_UBICACION,ID_INICIATIVA,ID_UBICACION,FLAG_ESTADO) values ('7','10','1','1');
Insert into USERMRV.T_GEND_INICIATIVA_UBICACION (ID_INICIATIVA_UBICACION,ID_INICIATIVA,ID_UBICACION,FLAG_ESTADO) values ('8','10','2','1');
Insert into USERMRV.T_GEND_INICIATIVA_UBICACION (ID_INICIATIVA_UBICACION,ID_INICIATIVA,ID_UBICACION,FLAG_ESTADO) values ('9','10','3','1');
Insert into USERMRV.T_GEND_INICIATIVA_UBICACION (ID_INICIATIVA_UBICACION,ID_INICIATIVA,ID_UBICACION,FLAG_ESTADO) values ('33','42','15','1');
Insert into USERMRV.T_GEND_INICIATIVA_UBICACION (ID_INICIATIVA_UBICACION,ID_INICIATIVA,ID_UBICACION,FLAG_ESTADO) values ('39','46','7','1');
Insert into USERMRV.T_GEND_INICIATIVA_UBICACION (ID_INICIATIVA_UBICACION,ID_INICIATIVA,ID_UBICACION,FLAG_ESTADO) values ('40','46','11','1');
Insert into USERMRV.T_GEND_INICIATIVA_UBICACION (ID_INICIATIVA_UBICACION,ID_INICIATIVA,ID_UBICACION,FLAG_ESTADO) values ('41','46','15','1');
Insert into USERMRV.T_GEND_INICIATIVA_UBICACION (ID_INICIATIVA_UBICACION,ID_INICIATIVA,ID_UBICACION,FLAG_ESTADO) values ('42','47','7','1');
Insert into USERMRV.T_GEND_INICIATIVA_UBICACION (ID_INICIATIVA_UBICACION,ID_INICIATIVA,ID_UBICACION,FLAG_ESTADO) values ('43','47','15','1');
Insert into USERMRV.T_GEND_INICIATIVA_UBICACION (ID_INICIATIVA_UBICACION,ID_INICIATIVA,ID_UBICACION,FLAG_ESTADO) values ('103','81','15','1');
Insert into USERMRV.T_GEND_INICIATIVA_UBICACION (ID_INICIATIVA_UBICACION,ID_INICIATIVA,ID_UBICACION,FLAG_ESTADO) values ('104','82','7','1');
Insert into USERMRV.T_GEND_INICIATIVA_UBICACION (ID_INICIATIVA_UBICACION,ID_INICIATIVA,ID_UBICACION,FLAG_ESTADO) values ('105','82','15','1');
Insert into USERMRV.T_GEND_INICIATIVA_UBICACION (ID_INICIATIVA_UBICACION,ID_INICIATIVA,ID_UBICACION,FLAG_ESTADO) values ('4','9','3','1');
Insert into USERMRV.T_GEND_INICIATIVA_UBICACION (ID_INICIATIVA_UBICACION,ID_INICIATIVA,ID_UBICACION,FLAG_ESTADO) values ('5','9','5','1');
Insert into USERMRV.T_GEND_INICIATIVA_UBICACION (ID_INICIATIVA_UBICACION,ID_INICIATIVA,ID_UBICACION,FLAG_ESTADO) values ('6','9','7','1');
Insert into USERMRV.T_GEND_INICIATIVA_UBICACION (ID_INICIATIVA_UBICACION,ID_INICIATIVA,ID_UBICACION,FLAG_ESTADO) values ('21','21','1','1');
Insert into USERMRV.T_GEND_INICIATIVA_UBICACION (ID_INICIATIVA_UBICACION,ID_INICIATIVA,ID_UBICACION,FLAG_ESTADO) values ('22','21','2','1');
Insert into USERMRV.T_GEND_INICIATIVA_UBICACION (ID_INICIATIVA_UBICACION,ID_INICIATIVA,ID_UBICACION,FLAG_ESTADO) values ('23','35','7','1');
Insert into USERMRV.T_GEND_INICIATIVA_UBICACION (ID_INICIATIVA_UBICACION,ID_INICIATIVA,ID_UBICACION,FLAG_ESTADO) values ('44','48','15','1');
Insert into USERMRV.T_GEND_INICIATIVA_UBICACION (ID_INICIATIVA_UBICACION,ID_INICIATIVA,ID_UBICACION,FLAG_ESTADO) values ('61','61','2','1');
Insert into USERMRV.T_GEND_INICIATIVA_UBICACION (ID_INICIATIVA_UBICACION,ID_INICIATIVA,ID_UBICACION,FLAG_ESTADO) values ('62','61','4','1');
Insert into USERMRV.T_GEND_INICIATIVA_UBICACION (ID_INICIATIVA_UBICACION,ID_INICIATIVA,ID_UBICACION,FLAG_ESTADO) values ('65','64','1','1');
Insert into USERMRV.T_GEND_INICIATIVA_UBICACION (ID_INICIATIVA_UBICACION,ID_INICIATIVA,ID_UBICACION,FLAG_ESTADO) values ('66','64','2','1');
Insert into USERMRV.T_GEND_INICIATIVA_UBICACION (ID_INICIATIVA_UBICACION,ID_INICIATIVA,ID_UBICACION,FLAG_ESTADO) values ('67','65','1','1');
Insert into USERMRV.T_GEND_INICIATIVA_UBICACION (ID_INICIATIVA_UBICACION,ID_INICIATIVA,ID_UBICACION,FLAG_ESTADO) values ('68','65','2','1');
Insert into USERMRV.T_GEND_INICIATIVA_UBICACION (ID_INICIATIVA_UBICACION,ID_INICIATIVA,ID_UBICACION,FLAG_ESTADO) values ('82','71','2','1');
Insert into USERMRV.T_GEND_INICIATIVA_UBICACION (ID_INICIATIVA_UBICACION,ID_INICIATIVA,ID_UBICACION,FLAG_ESTADO) values ('101','80','7','1');
Insert into USERMRV.T_GEND_INICIATIVA_UBICACION (ID_INICIATIVA_UBICACION,ID_INICIATIVA,ID_UBICACION,FLAG_ESTADO) values ('102','80','15','1');
Insert into USERMRV.T_GEND_INICIATIVA_UBICACION (ID_INICIATIVA_UBICACION,ID_INICIATIVA,ID_UBICACION,FLAG_ESTADO) values ('110','85','1','1');
Insert into USERMRV.T_GEND_INICIATIVA_UBICACION (ID_INICIATIVA_UBICACION,ID_INICIATIVA,ID_UBICACION,FLAG_ESTADO) values ('111','85','2','1');
Insert into USERMRV.T_GEND_INICIATIVA_UBICACION (ID_INICIATIVA_UBICACION,ID_INICIATIVA,ID_UBICACION,FLAG_ESTADO) values ('112','86','7','1');
Insert into USERMRV.T_GEND_INICIATIVA_UBICACION (ID_INICIATIVA_UBICACION,ID_INICIATIVA,ID_UBICACION,FLAG_ESTADO) values ('113','86','15','1');
Insert into USERMRV.T_GEND_INICIATIVA_UBICACION (ID_INICIATIVA_UBICACION,ID_INICIATIVA,ID_UBICACION,FLAG_ESTADO) values ('114','87','7','1');
Insert into USERMRV.T_GEND_INICIATIVA_UBICACION (ID_INICIATIVA_UBICACION,ID_INICIATIVA,ID_UBICACION,FLAG_ESTADO) values ('115','87','15','1');
Insert into USERMRV.T_GEND_INICIATIVA_UBICACION (ID_INICIATIVA_UBICACION,ID_INICIATIVA,ID_UBICACION,FLAG_ESTADO) values ('118','89','15','1');
Insert into USERMRV.T_GEND_INICIATIVA_UBICACION (ID_INICIATIVA_UBICACION,ID_INICIATIVA,ID_UBICACION,FLAG_ESTADO) values ('119','90','15','1');
REM INSERTING into USERMRV.T_GEND_INI_TIPDOCAVAL
SET DEFINE OFF;
REM INSERTING into USERMRV.T_GEND_MEDMIT_GEI
SET DEFINE OFF;
REM INSERTING into USERMRV.T_GEND_VARIABLE_VALOR
SET DEFINE OFF;
REM INSERTING into USERMRV.T_GEND_VARIANTE_ATRIBUTO
SET DEFINE OFF;
Insert into USERMRV.T_GEND_VARIANTE_ATRIBUTO (ID_VARIANTE_ATRIBUTO,ID_VARIANTE,ATRIBUTO,FLAG_ESTADO) values ('1','1','AUTOS','1');
Insert into USERMRV.T_GEND_VARIANTE_ATRIBUTO (ID_VARIANTE_ATRIBUTO,ID_VARIANTE,ATRIBUTO,FLAG_ESTADO) values ('2','1','BUSES 9M','1');
Insert into USERMRV.T_GEND_VARIANTE_ATRIBUTO (ID_VARIANTE_ATRIBUTO,ID_VARIANTE,ATRIBUTO,FLAG_ESTADO) values ('3','1','BUSES 12M','1');
Insert into USERMRV.T_GEND_VARIANTE_ATRIBUTO (ID_VARIANTE_ATRIBUTO,ID_VARIANTE,ATRIBUTO,FLAG_ESTADO) values ('4','1','BUSES 18M','1');
Insert into USERMRV.T_GEND_VARIANTE_ATRIBUTO (ID_VARIANTE_ATRIBUTO,ID_VARIANTE,ATRIBUTO,FLAG_ESTADO) values ('5','1','MOTOTAXI','1');
Insert into USERMRV.T_GEND_VARIANTE_ATRIBUTO (ID_VARIANTE_ATRIBUTO,ID_VARIANTE,ATRIBUTO,FLAG_ESTADO) values ('6','1','MOTO','1');
Insert into USERMRV.T_GEND_VARIANTE_ATRIBUTO (ID_VARIANTE_ATRIBUTO,ID_VARIANTE,ATRIBUTO,FLAG_ESTADO) values ('7','2','GNV','1');
Insert into USERMRV.T_GEND_VARIANTE_ATRIBUTO (ID_VARIANTE_ATRIBUTO,ID_VARIANTE,ATRIBUTO,FLAG_ESTADO) values ('8','2','GLP','1');
Insert into USERMRV.T_GEND_VARIANTE_ATRIBUTO (ID_VARIANTE_ATRIBUTO,ID_VARIANTE,ATRIBUTO,FLAG_ESTADO) values ('9','2','GASOLINA','1');
Insert into USERMRV.T_GEND_VARIANTE_ATRIBUTO (ID_VARIANTE_ATRIBUTO,ID_VARIANTE,ATRIBUTO,FLAG_ESTADO) values ('10','2','DIESEL','1');
Insert into USERMRV.T_GEND_VARIANTE_ATRIBUTO (ID_VARIANTE_ATRIBUTO,ID_VARIANTE,ATRIBUTO,FLAG_ESTADO) values ('11','3','2017','1');
Insert into USERMRV.T_GEND_VARIANTE_ATRIBUTO (ID_VARIANTE_ATRIBUTO,ID_VARIANTE,ATRIBUTO,FLAG_ESTADO) values ('12','3','2018','1');
Insert into USERMRV.T_GEND_VARIANTE_ATRIBUTO (ID_VARIANTE_ATRIBUTO,ID_VARIANTE,ATRIBUTO,FLAG_ESTADO) values ('13','3','2019','1');
Insert into USERMRV.T_GEND_VARIANTE_ATRIBUTO (ID_VARIANTE_ATRIBUTO,ID_VARIANTE,ATRIBUTO,FLAG_ESTADO) values ('14','3','2020','1');
Insert into USERMRV.T_GEND_VARIANTE_ATRIBUTO (ID_VARIANTE_ATRIBUTO,ID_VARIANTE,ATRIBUTO,FLAG_ESTADO) values ('15','3','2021','1');
Insert into USERMRV.T_GEND_VARIANTE_ATRIBUTO (ID_VARIANTE_ATRIBUTO,ID_VARIANTE,ATRIBUTO,FLAG_ESTADO) values ('16','3','2022','1');
Insert into USERMRV.T_GEND_VARIANTE_ATRIBUTO (ID_VARIANTE_ATRIBUTO,ID_VARIANTE,ATRIBUTO,FLAG_ESTADO) values ('17','3','2023','1');
Insert into USERMRV.T_GEND_VARIANTE_ATRIBUTO (ID_VARIANTE_ATRIBUTO,ID_VARIANTE,ATRIBUTO,FLAG_ESTADO) values ('18','3','2024','1');
REM INSERTING into USERMRV.T_GEND_VARIANTE_VALOR
SET DEFINE OFF;
REM INSERTING into USERMRV.T_GENM_AYUDA
SET DEFINE OFF;
REM INSERTING into USERMRV.T_GENM_BLOCKCHAIN
SET DEFINE OFF;
REM INSERTING into USERMRV.T_GENM_ENFOQUE
SET DEFINE OFF;
Insert into USERMRV.T_GENM_ENFOQUE (ID_ENFOQUE,ID_MEDMIT,DESCRIPCION) values ('1','12','ENFOQUE 1 VEHICULOS ELECTRICOS (KRV,Cant)');
Insert into USERMRV.T_GENM_ENFOQUE (ID_ENFOQUE,ID_MEDMIT,DESCRIPCION) values ('2','12','ENFOQUE 2 VEHICULOS ELECTRICOS (Electricidad)');
REM INSERTING into USERMRV.T_GENM_ESCENARIO
SET DEFINE OFF;
Insert into USERMRV.T_GENM_ESCENARIO (ID_ESCENARIO,ID_MEDMIT,ANNO,BAU_EMISION,MIT_EMISION,REDUCCION,VALOR_SOFTWARE,EXPOST,META_ANUAL,FLAG_ESTADO) values ('1','7','2010','317,5','189,2',null,null,null,null,'1');
Insert into USERMRV.T_GENM_ESCENARIO (ID_ESCENARIO,ID_MEDMIT,ANNO,BAU_EMISION,MIT_EMISION,REDUCCION,VALOR_SOFTWARE,EXPOST,META_ANUAL,FLAG_ESTADO) values ('2','7','2011','330,2','199,6',null,null,null,null,'1');
Insert into USERMRV.T_GENM_ESCENARIO (ID_ESCENARIO,ID_MEDMIT,ANNO,BAU_EMISION,MIT_EMISION,REDUCCION,VALOR_SOFTWARE,EXPOST,META_ANUAL,FLAG_ESTADO) values ('3','7','2012','681','411,6',null,null,null,null,'1');
Insert into USERMRV.T_GENM_ESCENARIO (ID_ESCENARIO,ID_MEDMIT,ANNO,BAU_EMISION,MIT_EMISION,REDUCCION,VALOR_SOFTWARE,EXPOST,META_ANUAL,FLAG_ESTADO) values ('4','7','2013','653,8','395,2',null,null,null,null,'1');
Insert into USERMRV.T_GENM_ESCENARIO (ID_ESCENARIO,ID_MEDMIT,ANNO,BAU_EMISION,MIT_EMISION,REDUCCION,VALOR_SOFTWARE,EXPOST,META_ANUAL,FLAG_ESTADO) values ('5','7','2014','734','444',null,null,null,null,'1');
Insert into USERMRV.T_GENM_ESCENARIO (ID_ESCENARIO,ID_MEDMIT,ANNO,BAU_EMISION,MIT_EMISION,REDUCCION,VALOR_SOFTWARE,EXPOST,META_ANUAL,FLAG_ESTADO) values ('6','7','2015','445,7','165,2',null,null,null,null,'1');
Insert into USERMRV.T_GENM_ESCENARIO (ID_ESCENARIO,ID_MEDMIT,ANNO,BAU_EMISION,MIT_EMISION,REDUCCION,VALOR_SOFTWARE,EXPOST,META_ANUAL,FLAG_ESTADO) values ('7','7','2016','387,1','193,5',null,null,null,null,'1');
Insert into USERMRV.T_GENM_ESCENARIO (ID_ESCENARIO,ID_MEDMIT,ANNO,BAU_EMISION,MIT_EMISION,REDUCCION,VALOR_SOFTWARE,EXPOST,META_ANUAL,FLAG_ESTADO) values ('8','7','2017','245,1','50,5',null,null,null,null,'1');
Insert into USERMRV.T_GENM_ESCENARIO (ID_ESCENARIO,ID_MEDMIT,ANNO,BAU_EMISION,MIT_EMISION,REDUCCION,VALOR_SOFTWARE,EXPOST,META_ANUAL,FLAG_ESTADO) values ('9','7','2018','262,3','54',null,null,null,null,'1');
Insert into USERMRV.T_GENM_ESCENARIO (ID_ESCENARIO,ID_MEDMIT,ANNO,BAU_EMISION,MIT_EMISION,REDUCCION,VALOR_SOFTWARE,EXPOST,META_ANUAL,FLAG_ESTADO) values ('10','7','2019','280,6','57,8',null,null,null,null,'1');
Insert into USERMRV.T_GENM_ESCENARIO (ID_ESCENARIO,ID_MEDMIT,ANNO,BAU_EMISION,MIT_EMISION,REDUCCION,VALOR_SOFTWARE,EXPOST,META_ANUAL,FLAG_ESTADO) values ('11','7','2020','300,3','61,8',null,'214,5',null,null,'1');
Insert into USERMRV.T_GENM_ESCENARIO (ID_ESCENARIO,ID_MEDMIT,ANNO,BAU_EMISION,MIT_EMISION,REDUCCION,VALOR_SOFTWARE,EXPOST,META_ANUAL,FLAG_ESTADO) values ('12','7','2021','717,4','68',null,'527,6',null,null,'1');
Insert into USERMRV.T_GENM_ESCENARIO (ID_ESCENARIO,ID_MEDMIT,ANNO,BAU_EMISION,MIT_EMISION,REDUCCION,VALOR_SOFTWARE,EXPOST,META_ANUAL,FLAG_ESTADO) values ('23','7','2022','608,5','74,8',null,'548,4',null,null,'1');
Insert into USERMRV.T_GENM_ESCENARIO (ID_ESCENARIO,ID_MEDMIT,ANNO,BAU_EMISION,MIT_EMISION,REDUCCION,VALOR_SOFTWARE,EXPOST,META_ANUAL,FLAG_ESTADO) values ('24','7','2023','661,9','82,3',null,'572,4',null,null,'1');
Insert into USERMRV.T_GENM_ESCENARIO (ID_ESCENARIO,ID_MEDMIT,ANNO,BAU_EMISION,MIT_EMISION,REDUCCION,VALOR_SOFTWARE,EXPOST,META_ANUAL,FLAG_ESTADO) values ('25','7','2024','740,3','94,7',null,'664,8',null,null,'1');
Insert into USERMRV.T_GENM_ESCENARIO (ID_ESCENARIO,ID_MEDMIT,ANNO,BAU_EMISION,MIT_EMISION,REDUCCION,VALOR_SOFTWARE,EXPOST,META_ANUAL,FLAG_ESTADO) values ('26','7','2025','828,8','108,9',null,'703,1',null,null,'1');
Insert into USERMRV.T_GENM_ESCENARIO (ID_ESCENARIO,ID_MEDMIT,ANNO,BAU_EMISION,MIT_EMISION,REDUCCION,VALOR_SOFTWARE,EXPOST,META_ANUAL,FLAG_ESTADO) values ('27','7','2026','938,2','125,2',null,'824,6',null,null,'1');
Insert into USERMRV.T_GENM_ESCENARIO (ID_ESCENARIO,ID_MEDMIT,ANNO,BAU_EMISION,MIT_EMISION,REDUCCION,VALOR_SOFTWARE,EXPOST,META_ANUAL,FLAG_ESTADO) values ('28','7','2028','1520,1','181,4',null,'1278,3',null,null,'1');
Insert into USERMRV.T_GENM_ESCENARIO (ID_ESCENARIO,ID_MEDMIT,ANNO,BAU_EMISION,MIT_EMISION,REDUCCION,VALOR_SOFTWARE,EXPOST,META_ANUAL,FLAG_ESTADO) values ('29','7','2029','1772,3','219,5',null,'1521,4',null,null,'1');
Insert into USERMRV.T_GENM_ESCENARIO (ID_ESCENARIO,ID_MEDMIT,ANNO,BAU_EMISION,MIT_EMISION,REDUCCION,VALOR_SOFTWARE,EXPOST,META_ANUAL,FLAG_ESTADO) values ('30','7','2027','1479,8','150,2',null,'1023,7',null,null,'1');
Insert into USERMRV.T_GENM_ESCENARIO (ID_ESCENARIO,ID_MEDMIT,ANNO,BAU_EMISION,MIT_EMISION,REDUCCION,VALOR_SOFTWARE,EXPOST,META_ANUAL,FLAG_ESTADO) values ('31','7','2030','2122,2','273,8',null,'1931,7',null,null,'1');
REM INSERTING into USERMRV.T_GENM_FACTOR
SET DEFINE OFF;
Insert into USERMRV.T_GENM_FACTOR (ID_FACTOR,DESCRIPCION,SIGLA,FUNCION) values ('1','Factor Emision Base','F_BAU',null);
Insert into USERMRV.T_GENM_FACTOR (ID_FACTOR,DESCRIPCION,SIGLA,FUNCION) values ('2','Factor Electrico','F_ELE',null);
Insert into USERMRV.T_GENM_FACTOR (ID_FACTOR,DESCRIPCION,SIGLA,FUNCION) values ('3','Factor Emision Base','F_BAU',null);
REM INSERTING into USERMRV.T_GENM_INICIATIVA
SET DEFINE OFF;
Insert into USERMRV.T_GENM_INICIATIVA (ID_INICIATIVA,ID_MEDMIT,ID_USUARIO,NOMBRE_INICIATIVA,DESC_INICIATIVA,ID_ESTADO,PRIVACIDAD_INICIATIVA,INVERSION_INICIATIVA,ID_MONEDA,FECHA_CREA_INICIATIVA,FECHA_IMPLE_INICIATIVA,ID_ETAPA,USUARIO_REGISTRO,FECHA_REGISTRO,IP_REGISTRO,USUARIO_MODIFICA,FECHA_MODIFICA,IP_MODIFICA,FLG_ESTADO) values ('93','11','82','MEJORAR AIRE','MEJORAR AIRE','1','1','3500','2',to_date('15/01/20','DD/MM/RR'),to_date('10/11/19','DD/MM/RR'),'1',null,to_date('15/01/20','DD/MM/RR'),null,null,null,null,null);
Insert into USERMRV.T_GENM_INICIATIVA (ID_INICIATIVA,ID_MEDMIT,ID_USUARIO,NOMBRE_INICIATIVA,DESC_INICIATIVA,ID_ESTADO,PRIVACIDAD_INICIATIVA,INVERSION_INICIATIVA,ID_MONEDA,FECHA_CREA_INICIATIVA,FECHA_IMPLE_INICIATIVA,ID_ETAPA,USUARIO_REGISTRO,FECHA_REGISTRO,IP_REGISTRO,USUARIO_MODIFICA,FECHA_MODIFICA,IP_MODIFICA,FLG_ESTADO) values ('36','12','82','20 Motos Electricas','Adquisicion de Motos para la flota de reparto','3','1','200000','2',null,to_date('01/01/18','DD/MM/RR'),'2',null,null,null,null,null,null,null);
Insert into USERMRV.T_GENM_INICIATIVA (ID_INICIATIVA,ID_MEDMIT,ID_USUARIO,NOMBRE_INICIATIVA,DESC_INICIATIVA,ID_ESTADO,PRIVACIDAD_INICIATIVA,INVERSION_INICIATIVA,ID_MONEDA,FECHA_CREA_INICIATIVA,FECHA_IMPLE_INICIATIVA,ID_ETAPA,USUARIO_REGISTRO,FECHA_REGISTRO,IP_REGISTRO,USUARIO_MODIFICA,FECHA_MODIFICA,IP_MODIFICA,FLG_ESTADO) values ('38','12','32','Implementacin de buses elctricos','La iniciativa contara con 4 buses elctricos que manejen combustible diesel.','1','0','4000','1',null,to_date('02/01/19','DD/MM/RR'),'1',null,null,null,null,null,null,null);
Insert into USERMRV.T_GENM_INICIATIVA (ID_INICIATIVA,ID_MEDMIT,ID_USUARIO,NOMBRE_INICIATIVA,DESC_INICIATIVA,ID_ESTADO,PRIVACIDAD_INICIATIVA,INVERSION_INICIATIVA,ID_MONEDA,FECHA_CREA_INICIATIVA,FECHA_IMPLE_INICIATIVA,ID_ETAPA,USUARIO_REGISTRO,FECHA_REGISTRO,IP_REGISTRO,USUARIO_MODIFICA,FECHA_MODIFICA,IP_MODIFICA,FLG_ESTADO) values ('74','12','1','AHORRAR ENERGIA',null,'0','0','2500','0',to_date('11/01/20','DD/MM/RR'),to_date('01/01/01','DD/MM/RR'),'1',null,to_date('11/01/20','DD/MM/RR'),null,null,null,null,null);
Insert into USERMRV.T_GENM_INICIATIVA (ID_INICIATIVA,ID_MEDMIT,ID_USUARIO,NOMBRE_INICIATIVA,DESC_INICIATIVA,ID_ESTADO,PRIVACIDAD_INICIATIVA,INVERSION_INICIATIVA,ID_MONEDA,FECHA_CREA_INICIATIVA,FECHA_IMPLE_INICIATIVA,ID_ETAPA,USUARIO_REGISTRO,FECHA_REGISTRO,IP_REGISTRO,USUARIO_MODIFICA,FECHA_MODIFICA,IP_MODIFICA,FLG_ESTADO) values ('43','12','25','Implementacin de moto elctrico ','Esta iniciativa contara con la compra de 3000 motos elctricos que manejaran el combustible de gasolina.','3','0','0','1',null,to_date('14/03/18','DD/MM/RR'),'2',null,null,null,null,null,null,null);
Insert into USERMRV.T_GENM_INICIATIVA (ID_INICIATIVA,ID_MEDMIT,ID_USUARIO,NOMBRE_INICIATIVA,DESC_INICIATIVA,ID_ESTADO,PRIVACIDAD_INICIATIVA,INVERSION_INICIATIVA,ID_MONEDA,FECHA_CREA_INICIATIVA,FECHA_IMPLE_INICIATIVA,ID_ETAPA,USUARIO_REGISTRO,FECHA_REGISTRO,IP_REGISTRO,USUARIO_MODIFICA,FECHA_MODIFICA,IP_MODIFICA,FLG_ESTADO) values ('45','12','82','10 Autos Electricos','Reemplazo de la Flota a 10 Autos Electricos (Anteriormente a Gasolina)','3','1','100000','2',null,to_date('01/01/18','DD/MM/RR'),'2',null,null,null,null,null,null,null);
Insert into USERMRV.T_GENM_INICIATIVA (ID_INICIATIVA,ID_MEDMIT,ID_USUARIO,NOMBRE_INICIATIVA,DESC_INICIATIVA,ID_ESTADO,PRIVACIDAD_INICIATIVA,INVERSION_INICIATIVA,ID_MONEDA,FECHA_CREA_INICIATIVA,FECHA_IMPLE_INICIATIVA,ID_ETAPA,USUARIO_REGISTRO,FECHA_REGISTRO,IP_REGISTRO,USUARIO_MODIFICA,FECHA_MODIFICA,IP_MODIFICA,FLG_ESTADO) values ('79','12','82','40 autos','40','5','1','0','0',to_date('13/01/20','DD/MM/RR'),to_date('01/01/18','DD/MM/RR'),'1',null,to_date('13/01/20','DD/MM/RR'),null,null,null,null,null);
Insert into USERMRV.T_GENM_INICIATIVA (ID_INICIATIVA,ID_MEDMIT,ID_USUARIO,NOMBRE_INICIATIVA,DESC_INICIATIVA,ID_ESTADO,PRIVACIDAD_INICIATIVA,INVERSION_INICIATIVA,ID_MONEDA,FECHA_CREA_INICIATIVA,FECHA_IMPLE_INICIATIVA,ID_ETAPA,USUARIO_REGISTRO,FECHA_REGISTRO,IP_REGISTRO,USUARIO_MODIFICA,FECHA_MODIFICA,IP_MODIFICA,FLG_ESTADO) values ('83','12','82','2 Taxis Electricos ByD','2 Taxis Electricos ByD','3','1','60000','2',to_date('13/01/20','DD/MM/RR'),to_date('01/01/18','DD/MM/RR'),'2',null,to_date('13/01/20','DD/MM/RR'),null,null,null,null,null);
Insert into USERMRV.T_GENM_INICIATIVA (ID_INICIATIVA,ID_MEDMIT,ID_USUARIO,NOMBRE_INICIATIVA,DESC_INICIATIVA,ID_ESTADO,PRIVACIDAD_INICIATIVA,INVERSION_INICIATIVA,ID_MONEDA,FECHA_CREA_INICIATIVA,FECHA_IMPLE_INICIATIVA,ID_ETAPA,USUARIO_REGISTRO,FECHA_REGISTRO,IP_REGISTRO,USUARIO_MODIFICA,FECHA_MODIFICA,IP_MODIFICA,FLG_ESTADO) values ('88','12','81','2 Buses Electricos ByD Aeropuerto','2 Buses Electricos ByD Aeropuerto','1','0','200000','2',to_date('14/01/20','DD/MM/RR'),to_date('01/01/01','DD/MM/RR'),'1',null,to_date('14/01/20','DD/MM/RR'),null,null,null,null,null);
Insert into USERMRV.T_GENM_INICIATIVA (ID_INICIATIVA,ID_MEDMIT,ID_USUARIO,NOMBRE_INICIATIVA,DESC_INICIATIVA,ID_ESTADO,PRIVACIDAD_INICIATIVA,INVERSION_INICIATIVA,ID_MONEDA,FECHA_CREA_INICIATIVA,FECHA_IMPLE_INICIATIVA,ID_ETAPA,USUARIO_REGISTRO,FECHA_REGISTRO,IP_REGISTRO,USUARIO_MODIFICA,FECHA_MODIFICA,IP_MODIFICA,FLG_ESTADO) values ('91','12','82','2 Buses para Turismo','2 Buses para Turismo','1','1','100000','2',to_date('14/01/20','DD/MM/RR'),to_date('01/01/18','DD/MM/RR'),'1',null,to_date('14/01/20','DD/MM/RR'),null,null,null,null,null);
Insert into USERMRV.T_GENM_INICIATIVA (ID_INICIATIVA,ID_MEDMIT,ID_USUARIO,NOMBRE_INICIATIVA,DESC_INICIATIVA,ID_ESTADO,PRIVACIDAD_INICIATIVA,INVERSION_INICIATIVA,ID_MONEDA,FECHA_CREA_INICIATIVA,FECHA_IMPLE_INICIATIVA,ID_ETAPA,USUARIO_REGISTRO,FECHA_REGISTRO,IP_REGISTRO,USUARIO_MODIFICA,FECHA_MODIFICA,IP_MODIFICA,FLG_ESTADO) values ('40','12','25','Implementacin de automviles elctricos','En esta medida se compraran 20 vehculos elctricos y manejaran el combustible de gasolina','1','1','80000','1',null,to_date('18/01/18','DD/MM/RR'),'1',null,null,null,null,null,null,null);
Insert into USERMRV.T_GENM_INICIATIVA (ID_INICIATIVA,ID_MEDMIT,ID_USUARIO,NOMBRE_INICIATIVA,DESC_INICIATIVA,ID_ESTADO,PRIVACIDAD_INICIATIVA,INVERSION_INICIATIVA,ID_MONEDA,FECHA_CREA_INICIATIVA,FECHA_IMPLE_INICIATIVA,ID_ETAPA,USUARIO_REGISTRO,FECHA_REGISTRO,IP_REGISTRO,USUARIO_MODIFICA,FECHA_MODIFICA,IP_MODIFICA,FLG_ESTADO) values ('41','12','25','Implementacin de automviles hbridos. ','Esta iniciativa contara con la compra de 20 automviles, estas manejaran el combustible gasolina.','1','0','30000','2',null,to_date('22/01/18','DD/MM/RR'),'1',null,null,null,null,null,null,null);
Insert into USERMRV.T_GENM_INICIATIVA (ID_INICIATIVA,ID_MEDMIT,ID_USUARIO,NOMBRE_INICIATIVA,DESC_INICIATIVA,ID_ESTADO,PRIVACIDAD_INICIATIVA,INVERSION_INICIATIVA,ID_MONEDA,FECHA_CREA_INICIATIVA,FECHA_IMPLE_INICIATIVA,ID_ETAPA,USUARIO_REGISTRO,FECHA_REGISTRO,IP_REGISTRO,USUARIO_MODIFICA,FECHA_MODIFICA,IP_MODIFICA,FLG_ESTADO) values ('73','12','1','REDUCCION CH4',null,'0','0','0','0',to_date('11/01/20','DD/MM/RR'),to_date('01/01/01','DD/MM/RR'),'1',null,to_date('11/01/20','DD/MM/RR'),null,null,null,null,null);
Insert into USERMRV.T_GENM_INICIATIVA (ID_INICIATIVA,ID_MEDMIT,ID_USUARIO,NOMBRE_INICIATIVA,DESC_INICIATIVA,ID_ESTADO,PRIVACIDAD_INICIATIVA,INVERSION_INICIATIVA,ID_MONEDA,FECHA_CREA_INICIATIVA,FECHA_IMPLE_INICIATIVA,ID_ETAPA,USUARIO_REGISTRO,FECHA_REGISTRO,IP_REGISTRO,USUARIO_MODIFICA,FECHA_MODIFICA,IP_MODIFICA,FLG_ESTADO) values ('94','7','1','REDUCIR N2O','REDUCIR N2O','0','0','1200','1',to_date('16/01/20','DD/MM/RR'),to_date('01/01/01','DD/MM/RR'),'1',null,to_date('16/01/20','DD/MM/RR'),null,null,null,null,null);
Insert into USERMRV.T_GENM_INICIATIVA (ID_INICIATIVA,ID_MEDMIT,ID_USUARIO,NOMBRE_INICIATIVA,DESC_INICIATIVA,ID_ESTADO,PRIVACIDAD_INICIATIVA,INVERSION_INICIATIVA,ID_MONEDA,FECHA_CREA_INICIATIVA,FECHA_IMPLE_INICIATIVA,ID_ETAPA,USUARIO_REGISTRO,FECHA_REGISTRO,IP_REGISTRO,USUARIO_MODIFICA,FECHA_MODIFICA,IP_MODIFICA,FLG_ESTADO) values ('95','7','1','REDUCIR CH4 Y CO2','REDUCIR CH4 Y CO2','2','0','300000','1',to_date('16/01/20','DD/MM/RR'),to_date('12/02/20','DD/MM/RR'),'1',null,to_date('16/01/20','DD/MM/RR'),null,null,null,null,null);
Insert into USERMRV.T_GENM_INICIATIVA (ID_INICIATIVA,ID_MEDMIT,ID_USUARIO,NOMBRE_INICIATIVA,DESC_INICIATIVA,ID_ESTADO,PRIVACIDAD_INICIATIVA,INVERSION_INICIATIVA,ID_MONEDA,FECHA_CREA_INICIATIVA,FECHA_IMPLE_INICIATIVA,ID_ETAPA,USUARIO_REGISTRO,FECHA_REGISTRO,IP_REGISTRO,USUARIO_MODIFICA,FECHA_MODIFICA,IP_MODIFICA,FLG_ESTADO) values ('37','12','25','adquisicin de vehculos elctricos','Medida que permitir reducir la contaminacin en el aire','1','1','3000','1',null,to_date('31/01/20','DD/MM/RR'),'1',null,null,null,null,null,null,null);
Insert into USERMRV.T_GENM_INICIATIVA (ID_INICIATIVA,ID_MEDMIT,ID_USUARIO,NOMBRE_INICIATIVA,DESC_INICIATIVA,ID_ESTADO,PRIVACIDAD_INICIATIVA,INVERSION_INICIATIVA,ID_MONEDA,FECHA_CREA_INICIATIVA,FECHA_IMPLE_INICIATIVA,ID_ETAPA,USUARIO_REGISTRO,FECHA_REGISTRO,IP_REGISTRO,USUARIO_MODIFICA,FECHA_MODIFICA,IP_MODIFICA,FLG_ESTADO) values ('39','12','32','Implementacin de buses hbridos','La iniciativa contara con la compra e implementacin de 4 buses hbridos, estas manejaran el combustible diesel. ','1','0','84000','1',null,to_date('31/01/18','DD/MM/RR'),'1',null,null,null,null,null,null,null);
Insert into USERMRV.T_GENM_INICIATIVA (ID_INICIATIVA,ID_MEDMIT,ID_USUARIO,NOMBRE_INICIATIVA,DESC_INICIATIVA,ID_ESTADO,PRIVACIDAD_INICIATIVA,INVERSION_INICIATIVA,ID_MONEDA,FECHA_CREA_INICIATIVA,FECHA_IMPLE_INICIATIVA,ID_ETAPA,USUARIO_REGISTRO,FECHA_REGISTRO,IP_REGISTRO,USUARIO_MODIFICA,FECHA_MODIFICA,IP_MODIFICA,FLG_ESTADO) values ('84','12','82','PROYECTO ENERGIA RENOVABLE','RENOVAR ENERGIA','1','1','30000','1',to_date('13/01/20','DD/MM/RR'),to_date('09/12/19','DD/MM/RR'),'1',null,to_date('13/01/20','DD/MM/RR'),null,null,null,null,null);
Insert into USERMRV.T_GENM_INICIATIVA (ID_INICIATIVA,ID_MEDMIT,ID_USUARIO,NOMBRE_INICIATIVA,DESC_INICIATIVA,ID_ESTADO,PRIVACIDAD_INICIATIVA,INVERSION_INICIATIVA,ID_MONEDA,FECHA_CREA_INICIATIVA,FECHA_IMPLE_INICIATIVA,ID_ETAPA,USUARIO_REGISTRO,FECHA_REGISTRO,IP_REGISTRO,USUARIO_MODIFICA,FECHA_MODIFICA,IP_MODIFICA,FLG_ESTADO) values ('92','12','81','2 Buses para Turismo','2 Buses para Turismo','1','0','100000','2',to_date('14/01/20','DD/MM/RR'),to_date('01/01/01','DD/MM/RR'),'1',null,to_date('14/01/20','DD/MM/RR'),null,null,null,null,null);
Insert into USERMRV.T_GENM_INICIATIVA (ID_INICIATIVA,ID_MEDMIT,ID_USUARIO,NOMBRE_INICIATIVA,DESC_INICIATIVA,ID_ESTADO,PRIVACIDAD_INICIATIVA,INVERSION_INICIATIVA,ID_MONEDA,FECHA_CREA_INICIATIVA,FECHA_IMPLE_INICIATIVA,ID_ETAPA,USUARIO_REGISTRO,FECHA_REGISTRO,IP_REGISTRO,USUARIO_MODIFICA,FECHA_MODIFICA,IP_MODIFICA,FLG_ESTADO) values ('81','12','84','2 Buses Electricos','2 Buses Electricos','3','1','200000','2',to_date('13/01/20','DD/MM/RR'),to_date('01/01/18','DD/MM/RR'),'2',null,to_date('13/01/20','DD/MM/RR'),null,null,null,null,null);
Insert into USERMRV.T_GENM_INICIATIVA (ID_INICIATIVA,ID_MEDMIT,ID_USUARIO,NOMBRE_INICIATIVA,DESC_INICIATIVA,ID_ESTADO,PRIVACIDAD_INICIATIVA,INVERSION_INICIATIVA,ID_MONEDA,FECHA_CREA_INICIATIVA,FECHA_IMPLE_INICIATIVA,ID_ETAPA,USUARIO_REGISTRO,FECHA_REGISTRO,IP_REGISTRO,USUARIO_MODIFICA,FECHA_MODIFICA,IP_MODIFICA,FLG_ESTADO) values ('2','12','1','REDUCCION CO2','PANELES DE CAPTACION DE CO2','3','1','2000','2',null,to_date('22/01/20','DD/MM/RR'),'2',null,null,null,null,null,null,null);
Insert into USERMRV.T_GENM_INICIATIVA (ID_INICIATIVA,ID_MEDMIT,ID_USUARIO,NOMBRE_INICIATIVA,DESC_INICIATIVA,ID_ESTADO,PRIVACIDAD_INICIATIVA,INVERSION_INICIATIVA,ID_MONEDA,FECHA_CREA_INICIATIVA,FECHA_IMPLE_INICIATIVA,ID_ETAPA,USUARIO_REGISTRO,FECHA_REGISTRO,IP_REGISTRO,USUARIO_MODIFICA,FECHA_MODIFICA,IP_MODIFICA,FLG_ESTADO) values ('82','12','82','10 Taxis Electricos Aeropuerto','10 Taxis Electricos Aeropuerto','3','1','200000','1',to_date('13/01/20','DD/MM/RR'),to_date('01/01/18','DD/MM/RR'),'2',null,to_date('13/01/20','DD/MM/RR'),null,null,null,null,null);
Insert into USERMRV.T_GENM_INICIATIVA (ID_INICIATIVA,ID_MEDMIT,ID_USUARIO,NOMBRE_INICIATIVA,DESC_INICIATIVA,ID_ESTADO,PRIVACIDAD_INICIATIVA,INVERSION_INICIATIVA,ID_MONEDA,FECHA_CREA_INICIATIVA,FECHA_IMPLE_INICIATIVA,ID_ETAPA,USUARIO_REGISTRO,FECHA_REGISTRO,IP_REGISTRO,USUARIO_MODIFICA,FECHA_MODIFICA,IP_MODIFICA,FLG_ESTADO) values ('42','12','25','Implementacin de Mototaxis elctricos','Esta iniciativa contara con la compra de 2000 mototaxis y manejara el combustible de gasolina.','1','1','0','1',null,to_date('22/02/18','DD/MM/RR'),'1',null,null,null,null,null,null,null);
Insert into USERMRV.T_GENM_INICIATIVA (ID_INICIATIVA,ID_MEDMIT,ID_USUARIO,NOMBRE_INICIATIVA,DESC_INICIATIVA,ID_ESTADO,PRIVACIDAD_INICIATIVA,INVERSION_INICIATIVA,ID_MONEDA,FECHA_CREA_INICIATIVA,FECHA_IMPLE_INICIATIVA,ID_ETAPA,USUARIO_REGISTRO,FECHA_REGISTRO,IP_REGISTRO,USUARIO_MODIFICA,FECHA_MODIFICA,IP_MODIFICA,FLG_ESTADO) values ('46','12','82','30 Autos Elctricos','Reemplazo a 30 unidades a gasolina','1','1','100000','2',null,to_date('01/01/18','DD/MM/RR'),'2',null,null,null,null,null,null,null);
Insert into USERMRV.T_GENM_INICIATIVA (ID_INICIATIVA,ID_MEDMIT,ID_USUARIO,NOMBRE_INICIATIVA,DESC_INICIATIVA,ID_ESTADO,PRIVACIDAD_INICIATIVA,INVERSION_INICIATIVA,ID_MONEDA,FECHA_CREA_INICIATIVA,FECHA_IMPLE_INICIATIVA,ID_ETAPA,USUARIO_REGISTRO,FECHA_REGISTRO,IP_REGISTRO,USUARIO_MODIFICA,FECHA_MODIFICA,IP_MODIFICA,FLG_ESTADO) values ('75','0','81',null,null,'0',' ','0','0',to_date('11/01/20','DD/MM/RR'),to_date('01/01/01','DD/MM/RR'),'1',null,to_date('11/01/20','DD/MM/RR'),null,null,null,null,null);
Insert into USERMRV.T_GENM_INICIATIVA (ID_INICIATIVA,ID_MEDMIT,ID_USUARIO,NOMBRE_INICIATIVA,DESC_INICIATIVA,ID_ESTADO,PRIVACIDAD_INICIATIVA,INVERSION_INICIATIVA,ID_MONEDA,FECHA_CREA_INICIATIVA,FECHA_IMPLE_INICIATIVA,ID_ETAPA,USUARIO_REGISTRO,FECHA_REGISTRO,IP_REGISTRO,USUARIO_MODIFICA,FECHA_MODIFICA,IP_MODIFICA,FLG_ESTADO) values ('76','0','81',null,null,'0',' ','0','0',to_date('11/01/20','DD/MM/RR'),to_date('01/01/01','DD/MM/RR'),'1',null,to_date('11/01/20','DD/MM/RR'),null,null,null,null,null);
Insert into USERMRV.T_GENM_INICIATIVA (ID_INICIATIVA,ID_MEDMIT,ID_USUARIO,NOMBRE_INICIATIVA,DESC_INICIATIVA,ID_ESTADO,PRIVACIDAD_INICIATIVA,INVERSION_INICIATIVA,ID_MONEDA,FECHA_CREA_INICIATIVA,FECHA_IMPLE_INICIATIVA,ID_ETAPA,USUARIO_REGISTRO,FECHA_REGISTRO,IP_REGISTRO,USUARIO_MODIFICA,FECHA_MODIFICA,IP_MODIFICA,FLG_ESTADO) values ('77','0','81',null,null,'0',' ','0','0',to_date('11/01/20','DD/MM/RR'),to_date('01/01/01','DD/MM/RR'),'1',null,to_date('11/01/20','DD/MM/RR'),null,null,null,null,null);
Insert into USERMRV.T_GENM_INICIATIVA (ID_INICIATIVA,ID_MEDMIT,ID_USUARIO,NOMBRE_INICIATIVA,DESC_INICIATIVA,ID_ESTADO,PRIVACIDAD_INICIATIVA,INVERSION_INICIATIVA,ID_MONEDA,FECHA_CREA_INICIATIVA,FECHA_IMPLE_INICIATIVA,ID_ETAPA,USUARIO_REGISTRO,FECHA_REGISTRO,IP_REGISTRO,USUARIO_MODIFICA,FECHA_MODIFICA,IP_MODIFICA,FLG_ESTADO) values ('78','0','81',null,null,'0',' ','0','0',to_date('11/01/20','DD/MM/RR'),to_date('01/01/01','DD/MM/RR'),'1',null,to_date('11/01/20','DD/MM/RR'),null,null,null,null,null);
Insert into USERMRV.T_GENM_INICIATIVA (ID_INICIATIVA,ID_MEDMIT,ID_USUARIO,NOMBRE_INICIATIVA,DESC_INICIATIVA,ID_ESTADO,PRIVACIDAD_INICIATIVA,INVERSION_INICIATIVA,ID_MONEDA,FECHA_CREA_INICIATIVA,FECHA_IMPLE_INICIATIVA,ID_ETAPA,USUARIO_REGISTRO,FECHA_REGISTRO,IP_REGISTRO,USUARIO_MODIFICA,FECHA_MODIFICA,IP_MODIFICA,FLG_ESTADO) values ('80','12','84','50 taxis Eelctricos','50 taxis Eelctricos','3','1','1500000','2',to_date('13/01/20','DD/MM/RR'),to_date('01/01/18','DD/MM/RR'),'2',null,to_date('13/01/20','DD/MM/RR'),null,null,null,null,null);
Insert into USERMRV.T_GENM_INICIATIVA (ID_INICIATIVA,ID_MEDMIT,ID_USUARIO,NOMBRE_INICIATIVA,DESC_INICIATIVA,ID_ESTADO,PRIVACIDAD_INICIATIVA,INVERSION_INICIATIVA,ID_MONEDA,FECHA_CREA_INICIATIVA,FECHA_IMPLE_INICIATIVA,ID_ETAPA,USUARIO_REGISTRO,FECHA_REGISTRO,IP_REGISTRO,USUARIO_MODIFICA,FECHA_MODIFICA,IP_MODIFICA,FLG_ESTADO) values ('35','12','82','10 Vehiculos Electricos Flota de Transporte','Se han adquirido 10 Vehiculos para reemplazar 5 Camiones de 12m y 5 Autos a Gasolina','0','1','300000','2',null,to_date('01/01/18','DD/MM/RR'),'1',null,null,null,null,null,null,null);
Insert into USERMRV.T_GENM_INICIATIVA (ID_INICIATIVA,ID_MEDMIT,ID_USUARIO,NOMBRE_INICIATIVA,DESC_INICIATIVA,ID_ESTADO,PRIVACIDAD_INICIATIVA,INVERSION_INICIATIVA,ID_MONEDA,FECHA_CREA_INICIATIVA,FECHA_IMPLE_INICIATIVA,ID_ETAPA,USUARIO_REGISTRO,FECHA_REGISTRO,IP_REGISTRO,USUARIO_MODIFICA,FECHA_MODIFICA,IP_MODIFICA,FLG_ESTADO) values ('85','12','82','PROYECTO PANELES SOLARES','IMPLEMENTACION DE PANELES SOLARES','1','0','3500','2',to_date('13/01/20','DD/MM/RR'),to_date('12/09/19','DD/MM/RR'),'1',null,to_date('13/01/20','DD/MM/RR'),null,null,null,null,null);
Insert into USERMRV.T_GENM_INICIATIVA (ID_INICIATIVA,ID_MEDMIT,ID_USUARIO,NOMBRE_INICIATIVA,DESC_INICIATIVA,ID_ESTADO,PRIVACIDAD_INICIATIVA,INVERSION_INICIATIVA,ID_MONEDA,FECHA_CREA_INICIATIVA,FECHA_IMPLE_INICIATIVA,ID_ETAPA,USUARIO_REGISTRO,FECHA_REGISTRO,IP_REGISTRO,USUARIO_MODIFICA,FECHA_MODIFICA,IP_MODIFICA,FLG_ESTADO) values ('86','12','83','Carritos chocones ','Se cambiaran los carros por carritos chocones','1','0','500000','1',to_date('13/01/20','DD/MM/RR'),to_date('21/01/20','DD/MM/RR'),'1',null,to_date('13/01/20','DD/MM/RR'),null,null,null,null,null);
Insert into USERMRV.T_GENM_INICIATIVA (ID_INICIATIVA,ID_MEDMIT,ID_USUARIO,NOMBRE_INICIATIVA,DESC_INICIATIVA,ID_ESTADO,PRIVACIDAD_INICIATIVA,INVERSION_INICIATIVA,ID_MONEDA,FECHA_CREA_INICIATIVA,FECHA_IMPLE_INICIATIVA,ID_ETAPA,USUARIO_REGISTRO,FECHA_REGISTRO,IP_REGISTRO,USUARIO_MODIFICA,FECHA_MODIFICA,IP_MODIFICA,FLG_ESTADO) values ('87','12','82','2 Buses Electricos ByD Aeropuerto','2 Buses Electricos ByD Aeropuerto','1','1','200000','2',to_date('14/01/20','DD/MM/RR'),to_date('01/01/18','DD/MM/RR'),'1',null,to_date('14/01/20','DD/MM/RR'),null,null,null,null,null);
Insert into USERMRV.T_GENM_INICIATIVA (ID_INICIATIVA,ID_MEDMIT,ID_USUARIO,NOMBRE_INICIATIVA,DESC_INICIATIVA,ID_ESTADO,PRIVACIDAD_INICIATIVA,INVERSION_INICIATIVA,ID_MONEDA,FECHA_CREA_INICIATIVA,FECHA_IMPLE_INICIATIVA,ID_ETAPA,USUARIO_REGISTRO,FECHA_REGISTRO,IP_REGISTRO,USUARIO_MODIFICA,FECHA_MODIFICA,IP_MODIFICA,FLG_ESTADO) values ('89','12','82','5 Motos Electricas para flota de reparto','5 Motos Electricas para flota de reparto','1','1','10000','2',to_date('14/01/20','DD/MM/RR'),to_date('01/01/18','DD/MM/RR'),'1',null,to_date('14/01/20','DD/MM/RR'),null,null,null,null,null);
Insert into USERMRV.T_GENM_INICIATIVA (ID_INICIATIVA,ID_MEDMIT,ID_USUARIO,NOMBRE_INICIATIVA,DESC_INICIATIVA,ID_ESTADO,PRIVACIDAD_INICIATIVA,INVERSION_INICIATIVA,ID_MONEDA,FECHA_CREA_INICIATIVA,FECHA_IMPLE_INICIATIVA,ID_ETAPA,USUARIO_REGISTRO,FECHA_REGISTRO,IP_REGISTRO,USUARIO_MODIFICA,FECHA_MODIFICA,IP_MODIFICA,FLG_ESTADO) values ('90','12','81','5 Motos Electricas para flota de reparto','5 Motos Electricas para flota de reparto','1','0','10000','2',to_date('14/01/20','DD/MM/RR'),to_date('01/01/01','DD/MM/RR'),'1',null,to_date('14/01/20','DD/MM/RR'),null,null,null,null,null);
REM INSERTING into USERMRV.T_GENM_INSTITUCION
SET DEFINE OFF;
Insert into USERMRV.T_GENM_INSTITUCION (ID_INSTITUCION,ID_SECTOR_INSTITUCION,RUC_INSTITUCION,NOMBRE_INSTITUCION,DIRECCION_INSTITUCION,FLAG_ESTADO) values ('21','2','20872897192','GLORIA','Av Javier Prado 670',null);
Insert into USERMRV.T_GENM_INSTITUCION (ID_INSTITUCION,ID_SECTOR_INSTITUCION,RUC_INSTITUCION,NOMBRE_INSTITUCION,DIRECCION_INSTITUCION,FLAG_ESTADO) values ('41','2','20521718227','SLV','Av. Bolivar 850 Of 335 Pueblo Libre',null);
Insert into USERMRV.T_GENM_INSTITUCION (ID_INSTITUCION,ID_SECTOR_INSTITUCION,RUC_INSTITUCION,NOMBRE_INSTITUCION,DIRECCION_INSTITUCION,FLAG_ESTADO) values ('42','1','20131368829','Ministerio de Energa y Minas','Av. De Las Artes Sur 260, San Borja 15036',null);
Insert into USERMRV.T_GENM_INSTITUCION (ID_INSTITUCION,ID_SECTOR_INSTITUCION,RUC_INSTITUCION,NOMBRE_INSTITUCION,DIRECCION_INSTITUCION,FLAG_ESTADO) values ('44','2','20164113532','Universidad Cesar Vallejo','Av. Larco Nro. 1770',null);
Insert into USERMRV.T_GENM_INSTITUCION (ID_INSTITUCION,ID_SECTOR_INSTITUCION,RUC_INSTITUCION,NOMBRE_INSTITUCION,DIRECCION_INSTITUCION,FLAG_ESTADO) values ('45','2','20100055237','Alicorp SAC','Av. Argentina Nro. 4793',null);
Insert into USERMRV.T_GENM_INSTITUCION (ID_INSTITUCION,ID_SECTOR_INSTITUCION,RUC_INSTITUCION,NOMBRE_INSTITUCION,DIRECCION_INSTITUCION,FLAG_ESTADO) values ('46','3','20164113532','Universidad Cesar Vallejo S.A.C.','Av. Larco Nro. 1770',null);
Insert into USERMRV.T_GENM_INSTITUCION (ID_INSTITUCION,ID_SECTOR_INSTITUCION,RUC_INSTITUCION,NOMBRE_INSTITUCION,DIRECCION_INSTITUCION,FLAG_ESTADO) values ('47','3','20169004359','Universidad Nacional de Ingenieria Uni','Avenida Tupac Amaru 210 Apartado 1301, Rmac 15333',null);
Insert into USERMRV.T_GENM_INSTITUCION (ID_INSTITUCION,ID_SECTOR_INSTITUCION,RUC_INSTITUCION,NOMBRE_INSTITUCION,DIRECCION_INSTITUCION,FLAG_ESTADO) values ('58','2','102563011297','Lima 20','Av. Caminos del inca 582',null);
Insert into USERMRV.T_GENM_INSTITUCION (ID_INSTITUCION,ID_SECTOR_INSTITUCION,RUC_INSTITUCION,NOMBRE_INSTITUCION,DIRECCION_INSTITUCION,FLAG_ESTADO) values ('61','2','20521718227','SLV','Av Bolivar 850 Pueblo Libre',null);
Insert into USERMRV.T_GENM_INSTITUCION (ID_INSTITUCION,ID_SECTOR_INSTITUCION,RUC_INSTITUCION,NOMBRE_INSTITUCION,DIRECCION_INSTITUCION,FLAG_ESTADO) values ('66','2','20105687205','BANCO DE CRDITO DEL PER','AV LOS JARDINES',null);
Insert into USERMRV.T_GENM_INSTITUCION (ID_INSTITUCION,ID_SECTOR_INSTITUCION,RUC_INSTITUCION,NOMBRE_INSTITUCION,DIRECCION_INSTITUCION,FLAG_ESTADO) values ('73','2','20564789354','Civa transporte','jr caminos del inca 360 ',null);
Insert into USERMRV.T_GENM_INSTITUCION (ID_INSTITUCION,ID_SECTOR_INSTITUCION,RUC_INSTITUCION,NOMBRE_INSTITUCION,DIRECCION_INSTITUCION,FLAG_ESTADO) values ('74','2','2013456789','Grupo  Zuiga','Caminos del inca3156',null);
Insert into USERMRV.T_GENM_INSTITUCION (ID_INSTITUCION,ID_SECTOR_INSTITUCION,RUC_INSTITUCION,NOMBRE_INSTITUCION,DIRECCION_INSTITUCION,FLAG_ESTADO) values ('75','2','2222','BCP',null,null);
Insert into USERMRV.T_GENM_INSTITUCION (ID_INSTITUCION,ID_SECTOR_INSTITUCION,RUC_INSTITUCION,NOMBRE_INSTITUCION,DIRECCION_INSTITUCION,FLAG_ESTADO) values ('78','3','898788788','GLORIA','AV',null);
Insert into USERMRV.T_GENM_INSTITUCION (ID_INSTITUCION,ID_SECTOR_INSTITUCION,RUC_INSTITUCION,NOMBRE_INSTITUCION,DIRECCION_INSTITUCION,FLAG_ESTADO) values ('1','3','20148092282','UNIVERSIDAD NACIONAL MAYOR DE SAN MARCOS','CAL.GERMAN AMEZAGA NRO. 375 OTROS LIMA - LIMA - LIMA',null);
Insert into USERMRV.T_GENM_INSTITUCION (ID_INSTITUCION,ID_SECTOR_INSTITUCION,RUC_INSTITUCION,NOMBRE_INSTITUCION,DIRECCION_INSTITUCION,FLAG_ESTADO) values ('3','1','20131368829','MINISTERIO DE ENERGIA Y MINAS','AV. LAS ARTES NRO. 260 URB. SAN BORJA LIMA - LIMA - SAN BORJA',null);
Insert into USERMRV.T_GENM_INSTITUCION (ID_INSTITUCION,ID_SECTOR_INSTITUCION,RUC_INSTITUCION,NOMBRE_INSTITUCION,DIRECCION_INSTITUCION,FLAG_ESTADO) values ('62','2','20405685987','GRUPO ZUIGA','AV LA MARINA',null);
Insert into USERMRV.T_GENM_INSTITUCION (ID_INSTITUCION,ID_SECTOR_INSTITUCION,RUC_INSTITUCION,NOMBRE_INSTITUCION,DIRECCION_INSTITUCION,FLAG_ESTADO) values ('65','2','20521718227','SLV','Av. Bolivar 850 PL',null);
Insert into USERMRV.T_GENM_INSTITUCION (ID_INSTITUCION,ID_SECTOR_INSTITUCION,RUC_INSTITUCION,NOMBRE_INSTITUCION,DIRECCION_INSTITUCION,FLAG_ESTADO) values ('77','2','2034567895','Grupo Zuiga','Av. royal vidal Mz Q',null);
Insert into USERMRV.T_GENM_INSTITUCION (ID_INSTITUCION,ID_SECTOR_INSTITUCION,RUC_INSTITUCION,NOMBRE_INSTITUCION,DIRECCION_INSTITUCION,FLAG_ESTADO) values ('79','3','20345678923','Colegio Imperio del Tahuantinsuyo','Av. Chinchaysuyo',null);
Insert into USERMRV.T_GENM_INSTITUCION (ID_INSTITUCION,ID_SECTOR_INSTITUCION,RUC_INSTITUCION,NOMBRE_INSTITUCION,DIRECCION_INSTITUCION,FLAG_ESTADO) values ('83','3','2034567854371','Colegio imperio del Tahuantinsuyo','Av. chinchaysuyo 4589',null);
Insert into USERMRV.T_GENM_INSTITUCION (ID_INSTITUCION,ID_SECTOR_INSTITUCION,RUC_INSTITUCION,NOMBRE_INSTITUCION,DIRECCION_INSTITUCION,FLAG_ESTADO) values ('84','5','20521718229','Micromatic','Av. Wilson 1261',null);
Insert into USERMRV.T_GENM_INSTITUCION (ID_INSTITUCION,ID_SECTOR_INSTITUCION,RUC_INSTITUCION,NOMBRE_INSTITUCION,DIRECCION_INSTITUCION,FLAG_ESTADO) values ('102','5','20521718227','Grupo Zuiga','Av. Caminos del Inca 3140 Oficina 502',null);
Insert into USERMRV.T_GENM_INSTITUCION (ID_INSTITUCION,ID_SECTOR_INSTITUCION,RUC_INSTITUCION,NOMBRE_INSTITUCION,DIRECCION_INSTITUCION,FLAG_ESTADO) values ('22','2','20874686431','EL COMERCIO','Av Abancay 430',null);
Insert into USERMRV.T_GENM_INSTITUCION (ID_INSTITUCION,ID_SECTOR_INSTITUCION,RUC_INSTITUCION,NOMBRE_INSTITUCION,DIRECCION_INSTITUCION,FLAG_ESTADO) values ('43','1','20131380951','Municipalidad Metropolitana de Lima','Jr. Camana Nro. 566 Cercado de Lima',null);
Insert into USERMRV.T_GENM_INSTITUCION (ID_INSTITUCION,ID_SECTOR_INSTITUCION,RUC_INSTITUCION,NOMBRE_INSTITUCION,DIRECCION_INSTITUCION,FLAG_ESTADO) values ('48','4','20106897914','Entel Peru S.A.','Av. Republica de Colombia Nro. 791 (Piso 14 Esq. Cdra 34 Paseo D L Republica)',null);
Insert into USERMRV.T_GENM_INSTITUCION (ID_INSTITUCION,ID_SECTOR_INSTITUCION,RUC_INSTITUCION,NOMBRE_INSTITUCION,DIRECCION_INSTITUCION,FLAG_ESTADO) values ('82','5','20521718227','SLV','Av. Bolivar 850 PL',null);
Insert into USERMRV.T_GENM_INSTITUCION (ID_INSTITUCION,ID_SECTOR_INSTITUCION,RUC_INSTITUCION,NOMBRE_INSTITUCION,DIRECCION_INSTITUCION,FLAG_ESTADO) values ('53','4','20531594780','Empresa de Transportes America Express S.A','Av. Cajamarca Sur Nro. 167',null);
Insert into USERMRV.T_GENM_INSTITUCION (ID_INSTITUCION,ID_SECTOR_INSTITUCION,RUC_INSTITUCION,NOMBRE_INSTITUCION,DIRECCION_INSTITUCION,FLAG_ESTADO) values ('57','2','2510023697',null,'Av. Caminos del Inca 4586',null);
Insert into USERMRV.T_GENM_INSTITUCION (ID_INSTITUCION,ID_SECTOR_INSTITUCION,RUC_INSTITUCION,NOMBRE_INSTITUCION,DIRECCION_INSTITUCION,FLAG_ESTADO) values ('59','2','20521718227','Grupo Zniga SAC','Av. Caminos del Inca 3140 Of 502 Santiago de Surco Lima',null);
Insert into USERMRV.T_GENM_INSTITUCION (ID_INSTITUCION,ID_SECTOR_INSTITUCION,RUC_INSTITUCION,NOMBRE_INSTITUCION,DIRECCION_INSTITUCION,FLAG_ESTADO) values ('63','2','20125489201','INTERBANK','AV JAVIER PRADO 741',null);
Insert into USERMRV.T_GENM_INSTITUCION (ID_INSTITUCION,ID_SECTOR_INSTITUCION,RUC_INSTITUCION,NOMBRE_INSTITUCION,DIRECCION_INSTITUCION,FLAG_ESTADO) values ('64','2','20102548632','EDELNOR','AV ARGENTINA 325',null);
Insert into USERMRV.T_GENM_INSTITUCION (ID_INSTITUCION,ID_SECTOR_INSTITUCION,RUC_INSTITUCION,NOMBRE_INSTITUCION,DIRECCION_INSTITUCION,FLAG_ESTADO) values ('67','2','20105248752','MINEM','AV LAS FLORES',null);
Insert into USERMRV.T_GENM_INSTITUCION (ID_INSTITUCION,ID_SECTOR_INSTITUCION,RUC_INSTITUCION,NOMBRE_INSTITUCION,DIRECCION_INSTITUCION,FLAG_ESTADO) values ('81','1','20521718228','MINEM','Av. Las Artes 897 San Borja',null);
Insert into USERMRV.T_GENM_INSTITUCION (ID_INSTITUCION,ID_SECTOR_INSTITUCION,RUC_INSTITUCION,NOMBRE_INSTITUCION,DIRECCION_INSTITUCION,FLAG_ESTADO) values ('101','3','2098787878','BITEL','AV LAS FLORES',null);
Insert into USERMRV.T_GENM_INSTITUCION (ID_INSTITUCION,ID_SECTOR_INSTITUCION,RUC_INSTITUCION,NOMBRE_INSTITUCION,DIRECCION_INSTITUCION,FLAG_ESTADO) values ('103','5','20521718228','Grupo Zuiga S.A.C.','Av. Caminos del Inca 3410 Of 502 Surco',null);
Insert into USERMRV.T_GENM_INSTITUCION (ID_INSTITUCION,ID_SECTOR_INSTITUCION,RUC_INSTITUCION,NOMBRE_INSTITUCION,DIRECCION_INSTITUCION,FLAG_ESTADO) values ('2','2','20198759349','BACKUPS','AV TUPAC AMARU 1239',null);
Insert into USERMRV.T_GENM_INSTITUCION (ID_INSTITUCION,ID_SECTOR_INSTITUCION,RUC_INSTITUCION,NOMBRE_INSTITUCION,DIRECCION_INSTITUCION,FLAG_ESTADO) values ('4','2','20879456768','IBM','Av. Javier Prado 754 ',null);
Insert into USERMRV.T_GENM_INSTITUCION (ID_INSTITUCION,ID_SECTOR_INSTITUCION,RUC_INSTITUCION,NOMBRE_INSTITUCION,DIRECCION_INSTITUCION,FLAG_ESTADO) values ('49','2','20109072177','Cencosud Retail Peru S.A.','Cal. Augusto Angulo Nro. 130 ',null);
Insert into USERMRV.T_GENM_INSTITUCION (ID_INSTITUCION,ID_SECTOR_INSTITUCION,RUC_INSTITUCION,NOMBRE_INSTITUCION,DIRECCION_INSTITUCION,FLAG_ESTADO) values ('50','4','20102427891','TURISMO CIVA S.A.C.','Jr. Sancho de Rivera Nro. 1184',null);
Insert into USERMRV.T_GENM_INSTITUCION (ID_INSTITUCION,ID_SECTOR_INSTITUCION,RUC_INSTITUCION,NOMBRE_INSTITUCION,DIRECCION_INSTITUCION,FLAG_ESTADO) values ('51','4','20102427891','Turismo Civa S.A.C.','Jr. Sancho de Rivera Nro. 1184',null);
Insert into USERMRV.T_GENM_INSTITUCION (ID_INSTITUCION,ID_SECTOR_INSTITUCION,RUC_INSTITUCION,NOMBRE_INSTITUCION,DIRECCION_INSTITUCION,FLAG_ESTADO) values ('68','2','20158748562','ETNA','AV LA MARINA 1205',null);
Insert into USERMRV.T_GENM_INSTITUCION (ID_INSTITUCION,ID_SECTOR_INSTITUCION,RUC_INSTITUCION,NOMBRE_INSTITUCION,DIRECCION_INSTITUCION,FLAG_ESTADO) values ('69','2','2051452144','SODIMAC','AV LAS FLORES',null);
Insert into USERMRV.T_GENM_INSTITUCION (ID_INSTITUCION,ID_SECTOR_INSTITUCION,RUC_INSTITUCION,NOMBRE_INSTITUCION,DIRECCION_INSTITUCION,FLAG_ESTADO) values ('70','2','2015485478544','AIRLINE','AV FAUCCET',null);
Insert into USERMRV.T_GENM_INSTITUCION (ID_INSTITUCION,ID_SECTOR_INSTITUCION,RUC_INSTITUCION,NOMBRE_INSTITUCION,DIRECCION_INSTITUCION,FLAG_ESTADO) values ('56','4','20531594780','Empresa de Transportes America Express S.A',null,null);
Insert into USERMRV.T_GENM_INSTITUCION (ID_INSTITUCION,ID_SECTOR_INSTITUCION,RUC_INSTITUCION,NOMBRE_INSTITUCION,DIRECCION_INSTITUCION,FLAG_ESTADO) values ('60','2','20906789901','GRUPO ZUIGA','Av Caminos del Inca',null);
Insert into USERMRV.T_GENM_INSTITUCION (ID_INSTITUCION,ID_SECTOR_INSTITUCION,RUC_INSTITUCION,NOMBRE_INSTITUCION,DIRECCION_INSTITUCION,FLAG_ESTADO) values ('71','2','2098827373','BCP','AV LOS JARDINES',null);
Insert into USERMRV.T_GENM_INSTITUCION (ID_INSTITUCION,ID_SECTOR_INSTITUCION,RUC_INSTITUCION,NOMBRE_INSTITUCION,DIRECCION_INSTITUCION,FLAG_ESTADO) values ('72','1','20986539871','BANCO DE LA NACION','AV ABANCAY',null);
Insert into USERMRV.T_GENM_INSTITUCION (ID_INSTITUCION,ID_SECTOR_INSTITUCION,RUC_INSTITUCION,NOMBRE_INSTITUCION,DIRECCION_INSTITUCION,FLAG_ESTADO) values ('76','3','8888888','MINEM','AV',null);
REM INSERTING into USERMRV.T_GENM_NOTIFICACION
SET DEFINE OFF;
Insert into USERMRV.T_GENM_NOTIFICACION (ID_NOTIFICACION,ID_INICIATIVA,ID_ETAPA,ID_ESTADO,FECHA_REGISTRO,ID_ROL,ID_USUARIO,FLG_VISTO,FECHA_VISTO,ID_USUARIO_VISTO,DESCRIPCION,ID_ESTADO_NOTIFICACION) values ('12','93','1','1',to_date('15/01/20','DD/MM/RR'),'2',null,'0',null,null,'La iniciativa de la entidad SLV ha sido registrado correctamente y requiere su revisin','0');
Insert into USERMRV.T_GENM_NOTIFICACION (ID_NOTIFICACION,ID_INICIATIVA,ID_ETAPA,ID_ESTADO,FECHA_REGISTRO,ID_ROL,ID_USUARIO,FLG_VISTO,FECHA_VISTO,ID_USUARIO_VISTO,DESCRIPCION,ID_ESTADO_NOTIFICACION) values ('1','83','1','1',to_date('13/01/20','DD/MM/RR'),'2',null,'0',null,null,'La iniciativa de la entidad MINEM ha sido registrado correctamente y requiere su revisin','0');
Insert into USERMRV.T_GENM_NOTIFICACION (ID_NOTIFICACION,ID_INICIATIVA,ID_ETAPA,ID_ESTADO,FECHA_REGISTRO,ID_ROL,ID_USUARIO,FLG_VISTO,FECHA_VISTO,ID_USUARIO_VISTO,DESCRIPCION,ID_ESTADO_NOTIFICACION) values ('2','83','2','3',to_date('13/01/20','DD/MM/RR'),'2','0','0',null,null,'La iniciativa de la entidad MINEM ha sido registrado correctamente y requiere su revisin','0');
Insert into USERMRV.T_GENM_NOTIFICACION (ID_NOTIFICACION,ID_INICIATIVA,ID_ETAPA,ID_ESTADO,FECHA_REGISTRO,ID_ROL,ID_USUARIO,FLG_VISTO,FECHA_VISTO,ID_USUARIO_VISTO,DESCRIPCION,ID_ESTADO_NOTIFICACION) values ('7','88','1','1',to_date('14/01/20','DD/MM/RR'),'2',null,'0',null,null,'La iniciativa de la entidad MINEM ha sido registrado correctamente y requiere su revisin','0');
Insert into USERMRV.T_GENM_NOTIFICACION (ID_NOTIFICACION,ID_INICIATIVA,ID_ETAPA,ID_ESTADO,FECHA_REGISTRO,ID_ROL,ID_USUARIO,FLG_VISTO,FECHA_VISTO,ID_USUARIO_VISTO,DESCRIPCION,ID_ESTADO_NOTIFICACION) values ('10','91','1','1',to_date('14/01/20','DD/MM/RR'),'2',null,'0',null,null,'La iniciativa de la entidad SLV ha sido registrado correctamente y requiere su revisin','0');
Insert into USERMRV.T_GENM_NOTIFICACION (ID_NOTIFICACION,ID_INICIATIVA,ID_ETAPA,ID_ESTADO,FECHA_REGISTRO,ID_ROL,ID_USUARIO,FLG_VISTO,FECHA_VISTO,ID_USUARIO_VISTO,DESCRIPCION,ID_ESTADO_NOTIFICACION) values ('15','2','2','3',to_date('16/01/20','DD/MM/RR'),'2','81','0',null,null,'Se aprob su iniciativa','3');
Insert into USERMRV.T_GENM_NOTIFICACION (ID_NOTIFICACION,ID_INICIATIVA,ID_ETAPA,ID_ESTADO,FECHA_REGISTRO,ID_ROL,ID_USUARIO,FLG_VISTO,FECHA_VISTO,ID_USUARIO_VISTO,DESCRIPCION,ID_ESTADO_NOTIFICACION) values ('3','84','1','1',to_date('13/01/20','DD/MM/RR'),'2',null,'0',null,null,'La iniciativa de la entidad MINEM ha sido registrado correctamente y requiere su revisin','0');
Insert into USERMRV.T_GENM_NOTIFICACION (ID_NOTIFICACION,ID_INICIATIVA,ID_ETAPA,ID_ESTADO,FECHA_REGISTRO,ID_ROL,ID_USUARIO,FLG_VISTO,FECHA_VISTO,ID_USUARIO_VISTO,DESCRIPCION,ID_ESTADO_NOTIFICACION) values ('11','92','1','1',to_date('14/01/20','DD/MM/RR'),'2',null,'0',null,null,'La iniciativa de la entidad MINEM ha sido registrado correctamente y requiere su revisin','0');
Insert into USERMRV.T_GENM_NOTIFICACION (ID_NOTIFICACION,ID_INICIATIVA,ID_ETAPA,ID_ESTADO,FECHA_REGISTRO,ID_ROL,ID_USUARIO,FLG_VISTO,FECHA_VISTO,ID_USUARIO_VISTO,DESCRIPCION,ID_ESTADO_NOTIFICACION) values ('13','95','1','1',to_date('16/01/20','DD/MM/RR'),'2',null,'0',null,null,'La iniciativa de la entidad IBM ha sido registrado correctamente y requiere su revisin','0');
Insert into USERMRV.T_GENM_NOTIFICACION (ID_NOTIFICACION,ID_INICIATIVA,ID_ETAPA,ID_ESTADO,FECHA_REGISTRO,ID_ROL,ID_USUARIO,FLG_VISTO,FECHA_VISTO,ID_USUARIO_VISTO,DESCRIPCION,ID_ESTADO_NOTIFICACION) values ('14','95','1','2',to_date('16/01/20','DD/MM/RR'),'2','81','0',null,null,'REDUCIR CH4 Y CO2','2');
Insert into USERMRV.T_GENM_NOTIFICACION (ID_NOTIFICACION,ID_INICIATIVA,ID_ETAPA,ID_ESTADO,FECHA_REGISTRO,ID_ROL,ID_USUARIO,FLG_VISTO,FECHA_VISTO,ID_USUARIO_VISTO,DESCRIPCION,ID_ESTADO_NOTIFICACION) values ('4','85','1','1',to_date('13/01/20','DD/MM/RR'),'2',null,'0',null,null,'La iniciativa de la entidad MINEM ha sido registrado correctamente y requiere su revisin','0');
Insert into USERMRV.T_GENM_NOTIFICACION (ID_NOTIFICACION,ID_INICIATIVA,ID_ETAPA,ID_ESTADO,FECHA_REGISTRO,ID_ROL,ID_USUARIO,FLG_VISTO,FECHA_VISTO,ID_USUARIO_VISTO,DESCRIPCION,ID_ESTADO_NOTIFICACION) values ('5','86','1','1',to_date('13/01/20','DD/MM/RR'),'2',null,'0',null,null,'La iniciativa de la entidad MINEM ha sido registrado correctamente y requiere su revisin','0');
Insert into USERMRV.T_GENM_NOTIFICACION (ID_NOTIFICACION,ID_INICIATIVA,ID_ETAPA,ID_ESTADO,FECHA_REGISTRO,ID_ROL,ID_USUARIO,FLG_VISTO,FECHA_VISTO,ID_USUARIO_VISTO,DESCRIPCION,ID_ESTADO_NOTIFICACION) values ('6','87','1','1',to_date('14/01/20','DD/MM/RR'),'2',null,'0',null,null,'La iniciativa de la entidad SLV ha sido registrado correctamente y requiere su revisin','0');
Insert into USERMRV.T_GENM_NOTIFICACION (ID_NOTIFICACION,ID_INICIATIVA,ID_ETAPA,ID_ESTADO,FECHA_REGISTRO,ID_ROL,ID_USUARIO,FLG_VISTO,FECHA_VISTO,ID_USUARIO_VISTO,DESCRIPCION,ID_ESTADO_NOTIFICACION) values ('8','89','1','1',to_date('14/01/20','DD/MM/RR'),'2',null,'0',null,null,'La iniciativa de la entidad SLV ha sido registrado correctamente y requiere su revisin','0');
Insert into USERMRV.T_GENM_NOTIFICACION (ID_NOTIFICACION,ID_INICIATIVA,ID_ETAPA,ID_ESTADO,FECHA_REGISTRO,ID_ROL,ID_USUARIO,FLG_VISTO,FECHA_VISTO,ID_USUARIO_VISTO,DESCRIPCION,ID_ESTADO_NOTIFICACION) values ('9','90','1','1',to_date('14/01/20','DD/MM/RR'),'2',null,'0',null,null,'La iniciativa de la entidad MINEM ha sido registrado correctamente y requiere su revisin','0');
REM INSERTING into USERMRV.T_GENM_USUARIO
SET DEFINE OFF;
Insert into USERMRV.T_GENM_USUARIO (ID_USUARIO,NOMBRES_USUARIO,APELLIDOS_USUARIO,ID_INSTITUCION,PASSWORD_USUARIO,EMAIL_USUARIO,ID_ESTADO_USUARIO,TELEFONO_USUARIO,CELULAR_USUARIO,FLG_ESTADO,ID_TERMINOS,FLG_TERMINOS,ANEXO_USUARIO) values ('21','Juan                ','Soto','21','AM/7xrAR+mLWasFnuUiaPPfgwfBlmoIYzFBB3qvhxHcsLlrW7owvabG86ZYk5UxR4Q==','juancarlos@gmail.com','1','7895643','980786529','1','1','1','101');
Insert into USERMRV.T_GENM_USUARIO (ID_USUARIO,NOMBRES_USUARIO,APELLIDOS_USUARIO,ID_INSTITUCION,PASSWORD_USUARIO,EMAIL_USUARIO,ID_ESTADO_USUARIO,TELEFONO_USUARIO,CELULAR_USUARIO,FLG_ESTADO,ID_TERMINOS,FLG_TERMINOS,ANEXO_USUARIO) values ('24','Carlos Wilfredo     ','Benites Porras','42','AGpeQg8EpwAH0RtE+JODre9cd5v6DcDVRysV3XalORDnw0PNq0atmS6lYkbxgsQr+g==','webmaster@minem.gob.pe','0','01-4111100','9756483654','1','1','1','5421 ');
Insert into USERMRV.T_GENM_USUARIO (ID_USUARIO,NOMBRES_USUARIO,APELLIDOS_USUARIO,ID_INSTITUCION,PASSWORD_USUARIO,EMAIL_USUARIO,ID_ESTADO_USUARIO,TELEFONO_USUARIO,CELULAR_USUARIO,FLG_ESTADO,ID_TERMINOS,FLG_TERMINOS,ANEXO_USUARIO) values ('27','Pedro               ','Martinez Peralta','45','AGiB0Fe+0nPJ4sn8jSOfgWzsYMWwLMedmCQiYdoVXbm4NZkFLgqBYU2yiQFSYgAKHg==','admin@alicorp.com','0','+511 01 315 0800','923647589','1','1','1','44086');
Insert into USERMRV.T_GENM_USUARIO (ID_USUARIO,NOMBRES_USUARIO,APELLIDOS_USUARIO,ID_INSTITUCION,PASSWORD_USUARIO,EMAIL_USUARIO,ID_ESTADO_USUARIO,TELEFONO_USUARIO,CELULAR_USUARIO,FLG_ESTADO,ID_TERMINOS,FLG_TERMINOS,ANEXO_USUARIO) values ('28','Orleans             ','Rivero Muoz','46','ANKObIERUdJGN8ewJ1hEOeDCPpX2Hea4wHJ/TlryTpEX4BCfRQD4VzLAYalLIgTRBg==','administrador@ucv.edu.pe','1','(511) 200 9030','967845637','1','1','1','8181');
Insert into USERMRV.T_GENM_USUARIO (ID_USUARIO,NOMBRES_USUARIO,APELLIDOS_USUARIO,ID_INSTITUCION,PASSWORD_USUARIO,EMAIL_USUARIO,ID_ESTADO_USUARIO,TELEFONO_USUARIO,CELULAR_USUARIO,FLG_ESTADO,ID_TERMINOS,FLG_TERMINOS,ANEXO_USUARIO) values ('29','Veronica Melissa    ','Cardenas Vega','47','ANAI89PJluGinoq9YX1gxAFT2P0eNpouMBy0nEmxaHQiWvTEI0Z8OSiFVKSLaz3vRA==','rector@uni.edu.pe','0','(01) 4811070','9654327865','1','1','1','9060');
Insert into USERMRV.T_GENM_USUARIO (ID_USUARIO,NOMBRES_USUARIO,APELLIDOS_USUARIO,ID_INSTITUCION,PASSWORD_USUARIO,EMAIL_USUARIO,ID_ESTADO_USUARIO,TELEFONO_USUARIO,CELULAR_USUARIO,FLG_ESTADO,ID_TERMINOS,FLG_TERMINOS,ANEXO_USUARIO) values ('49','Mario               ','Gonzales Rivera','66','AFoaPBdW55KcXv8DagIMDnVxukmX2C3odtxaaesnxKLVRn9YihNYAwttnfEF8ybRMg==','jskmbr40@gmail.com','0','3256985','935248681','1','1','1','92');
Insert into USERMRV.T_GENM_USUARIO (ID_USUARIO,NOMBRES_USUARIO,APELLIDOS_USUARIO,ID_INSTITUCION,PASSWORD_USUARIO,EMAIL_USUARIO,ID_ESTADO_USUARIO,TELEFONO_USUARIO,CELULAR_USUARIO,FLG_ESTADO,ID_TERMINOS,FLG_TERMINOS,ANEXO_USUARIO) values ('58','juan                ','potter','75','AK66F5QFB/ud69Iq2zAZp0hgO/2qgMsSLaMyhPREHmHyXCqg6GK+jqKM5vC/lONhnw==','jskmbr67@gmail.com','0','888','999','1','1','1','8888');
Insert into USERMRV.T_GENM_USUARIO (ID_USUARIO,NOMBRES_USUARIO,APELLIDOS_USUARIO,ID_INSTITUCION,PASSWORD_USUARIO,EMAIL_USUARIO,ID_ESTADO_USUARIO,TELEFONO_USUARIO,CELULAR_USUARIO,FLG_ESTADO,ID_TERMINOS,FLG_TERMINOS,ANEXO_USUARIO) values ('61','Mario               ','perez','78','AIRtlm83baw2SLKIZ7ey3risEgDx3erqdmcQc1sEMi5kFIIhFBBDTneTDRH94lXvMw==','jskmbr46@gmail.com','0','9999','9999','1','1','1','0000');
Insert into USERMRV.T_GENM_USUARIO (ID_USUARIO,NOMBRES_USUARIO,APELLIDOS_USUARIO,ID_INSTITUCION,PASSWORD_USUARIO,EMAIL_USUARIO,ID_ESTADO_USUARIO,TELEFONO_USUARIO,CELULAR_USUARIO,FLG_ESTADO,ID_TERMINOS,FLG_TERMINOS,ANEXO_USUARIO) values ('45','juan                ','soto','62','ANe8SfisHt+KdJML+WsTiMHWw1cUAS4ECZRGHmvIm2fXLiaEQE13ndXzbDI5Ju4INA==','jskmbr@gmail.com','1','9513578','929856359','1','1','1','100');
Insert into USERMRV.T_GENM_USUARIO (ID_USUARIO,NOMBRES_USUARIO,APELLIDOS_USUARIO,ID_INSTITUCION,PASSWORD_USUARIO,EMAIL_USUARIO,ID_ESTADO_USUARIO,TELEFONO_USUARIO,CELULAR_USUARIO,FLG_ESTADO,ID_TERMINOS,FLG_TERMINOS,ANEXO_USUARIO) values ('83','Alfredo             ','Trelles Jimnez','83','AE/jqW5ks7yRotAoEYWqfMgDVHHjlnhDu/jVJUdWrBRIcCS4qkv+o1vFkMJuJYRmVw==','alfredotrelles97@gmail.com','1','1234567','984390531','1','1','1','1234');
Insert into USERMRV.T_GENM_USUARIO (ID_USUARIO,NOMBRES_USUARIO,APELLIDOS_USUARIO,ID_INSTITUCION,PASSWORD_USUARIO,EMAIL_USUARIO,ID_ESTADO_USUARIO,TELEFONO_USUARIO,CELULAR_USUARIO,FLG_ESTADO,ID_TERMINOS,FLG_TERMINOS,ANEXO_USUARIO) values ('22','Carlos              ','Castillo','22','AG5mgpjX61/bs5+d6SsZArxSn7CbAGrXzy6A9X7UdevCYgjonIUB0qMBsgkVk7BnKg==','carlos@gmail.com','1','8976665','990765476','1','1','1',null);
Insert into USERMRV.T_GENM_USUARIO (ID_USUARIO,NOMBRES_USUARIO,APELLIDOS_USUARIO,ID_INSTITUCION,PASSWORD_USUARIO,EMAIL_USUARIO,ID_ESTADO_USUARIO,TELEFONO_USUARIO,CELULAR_USUARIO,FLG_ESTADO,ID_TERMINOS,FLG_TERMINOS,ANEXO_USUARIO) values ('25','Marcos              ','Velazques Horna','43','AJF2kmUQtDgSqGNDNHZ+0HfKKgQDsHSDlBqOYMQ9AejbxN1MbXfWJfNd02Wa7so3gg==','webmaster@munlima.gob.pe','1','(01)-3151300','95342871576','1','1','1','1490');
Insert into USERMRV.T_GENM_USUARIO (ID_USUARIO,NOMBRES_USUARIO,APELLIDOS_USUARIO,ID_INSTITUCION,PASSWORD_USUARIO,EMAIL_USUARIO,ID_ESTADO_USUARIO,TELEFONO_USUARIO,CELULAR_USUARIO,FLG_ESTADO,ID_TERMINOS,FLG_TERMINOS,ANEXO_USUARIO) values ('30','Rosa                ','Bonilla','48','AAq9pv1uBeLGNGIGTtHnACINCoq3bLDTj9KoXArGmp7GQkBmcsJ7mzTToNkSx09slg==','rosa.bonilla@entel.pe','0','01 702-8917','9678453678','1','1','1',null);
Insert into USERMRV.T_GENM_USUARIO (ID_USUARIO,NOMBRES_USUARIO,APELLIDOS_USUARIO,ID_INSTITUCION,PASSWORD_USUARIO,EMAIL_USUARIO,ID_ESTADO_USUARIO,TELEFONO_USUARIO,CELULAR_USUARIO,FLG_ESTADO,ID_TERMINOS,FLG_TERMINOS,ANEXO_USUARIO) values ('46','jose                ','perez','63','ACRgYp7QoSnNqdSMzbch7kygdPmFFxf+mlPrW+SvpnvUMmGTtBLrXkJtvmjlzaeaEQ==','jskm@gmail.com','0','3925685','926585489','1','1','1','100');
Insert into USERMRV.T_GENM_USUARIO (ID_USUARIO,NOMBRES_USUARIO,APELLIDOS_USUARIO,ID_INSTITUCION,PASSWORD_USUARIO,EMAIL_USUARIO,ID_ESTADO_USUARIO,TELEFONO_USUARIO,CELULAR_USUARIO,FLG_ESTADO,ID_TERMINOS,FLG_TERMINOS,ANEXO_USUARIO) values ('47','raul                ','soza perez','64','AICmnhAmLQ6f0dlNYHbfcibk628UwGhFT59SS7Lm386GW9jLzJKB6nVP2/MuC+cFGQ==','jskmbr4@gmail.com','0','5861452','909252568','1','1','1','201');
Insert into USERMRV.T_GENM_USUARIO (ID_USUARIO,NOMBRES_USUARIO,APELLIDOS_USUARIO,ID_INSTITUCION,PASSWORD_USUARIO,EMAIL_USUARIO,ID_ESTADO_USUARIO,TELEFONO_USUARIO,CELULAR_USUARIO,FLG_ESTADO,ID_TERMINOS,FLG_TERMINOS,ANEXO_USUARIO) values ('50','Manuel              ','Tejada Robles','67','APdR7o1mfgfNblYK0uvxHJ/4KVss3F1vJUy/OFIAwrVs2/MWnu5cGMJ1/v1yHF0sXA==','jskmbr47@gmail.com','0','1472589','985214567','1','1','1','100');
Insert into USERMRV.T_GENM_USUARIO (ID_USUARIO,NOMBRES_USUARIO,APELLIDOS_USUARIO,ID_INSTITUCION,PASSWORD_USUARIO,EMAIL_USUARIO,ID_ESTADO_USUARIO,TELEFONO_USUARIO,CELULAR_USUARIO,FLG_ESTADO,ID_TERMINOS,FLG_TERMINOS,ANEXO_USUARIO) values ('81','Alfonso             ','Cordova','81','AMIV8EiRgQt5IkRtxP7AP8QkVSwW7M9gCz42ha3R9zj2DStwLU+VRla5EZtHoww3lA==','alfonso@gmail.com','1','93578701','965488888','1','1','1','565');
Insert into USERMRV.T_GENM_USUARIO (ID_USUARIO,NOMBRES_USUARIO,APELLIDOS_USUARIO,ID_INSTITUCION,PASSWORD_USUARIO,EMAIL_USUARIO,ID_ESTADO_USUARIO,TELEFONO_USUARIO,CELULAR_USUARIO,FLG_ESTADO,ID_TERMINOS,FLG_TERMINOS,ANEXO_USUARIO) values ('101','Davida              ','Lima2019','101','ADp8RFP0xzallOcaE/f583DApUzGGukN/moczMllYm2cLWDwHj+f+ykFG/ekXtNocA==','d.alcala.r@gmail.com','0','676767676','87556787','1','1','1','767');
Insert into USERMRV.T_GENM_USUARIO (ID_USUARIO,NOMBRES_USUARIO,APELLIDOS_USUARIO,ID_INSTITUCION,PASSWORD_USUARIO,EMAIL_USUARIO,ID_ESTADO_USUARIO,TELEFONO_USUARIO,CELULAR_USUARIO,FLG_ESTADO,ID_TERMINOS,FLG_TERMINOS,ANEXO_USUARIO) values ('103','Anibal              ','Flavio2019','103','AJF2hrmB8eFw1l8EH3UixrAJHnFTy4IZgbJKfnRQwYCsPsFJ11xRI3sDPZ12vKypAA==','anibal.roman@gmail.com','0','963353610','963353610','1','1','1','101');
Insert into USERMRV.T_GENM_USUARIO (ID_USUARIO,NOMBRES_USUARIO,APELLIDOS_USUARIO,ID_INSTITUCION,PASSWORD_USUARIO,EMAIL_USUARIO,ID_ESTADO_USUARIO,TELEFONO_USUARIO,CELULAR_USUARIO,FLG_ESTADO,ID_TERMINOS,FLG_TERMINOS,ANEXO_USUARIO) values ('1','Juan                ','Soto','4','ADHFjMXtDwuYP8nnm0KNPXHd+rYzGxZH8eBSGha0ObXqZ4aP0F04ET9aNfDGhljrEw==','juan@gmail.com','1','99999','9999998','1','1','1',null);
Insert into USERMRV.T_GENM_USUARIO (ID_USUARIO,NOMBRES_USUARIO,APELLIDOS_USUARIO,ID_INSTITUCION,PASSWORD_USUARIO,EMAIL_USUARIO,ID_ESTADO_USUARIO,TELEFONO_USUARIO,CELULAR_USUARIO,FLG_ESTADO,ID_TERMINOS,FLG_TERMINOS,ANEXO_USUARIO) values ('31','Maycol              ','Pedraza Rivaguero','49','AIGBXZq+xQfmmGASLy1qDzCUqrIaSSbLledHBoMe5uZraKmPh27lLM56Gz/t2O/5zQ==','Maycol@cencosud.com','0','01-626 0000','964784352','1','1','1','4985 ');
Insert into USERMRV.T_GENM_USUARIO (ID_USUARIO,NOMBRES_USUARIO,APELLIDOS_USUARIO,ID_INSTITUCION,PASSWORD_USUARIO,EMAIL_USUARIO,ID_ESTADO_USUARIO,TELEFONO_USUARIO,CELULAR_USUARIO,FLG_ESTADO,ID_TERMINOS,FLG_TERMINOS,ANEXO_USUARIO) values ('32','Bertha              ','Barrientos Vega','50','AJ0nFH/nJMFY5asVXpUF9TtUKDfD+0zjnp8qOM0mfT7m+im/fQkVGOPP5SYVsdgk0w==','bertha@transporteciva.com','1','511 418 - 1111','9876543567','1','1','1',null);
Insert into USERMRV.T_GENM_USUARIO (ID_USUARIO,NOMBRES_USUARIO,APELLIDOS_USUARIO,ID_INSTITUCION,PASSWORD_USUARIO,EMAIL_USUARIO,ID_ESTADO_USUARIO,TELEFONO_USUARIO,CELULAR_USUARIO,FLG_ESTADO,ID_TERMINOS,FLG_TERMINOS,ANEXO_USUARIO) values ('33','Elmer Carlos        ','Melquiedes Meza','51','AAj+wou5Z9bMfCpH+m3sIwFVLORv7EnWP1FDruhfIbXQrVj2cko4Gf8w0eR4HCxBjQ==','elmer@transporteciva.com','0','01 - 4181100','9674321789','1','1','1','4020');
Insert into USERMRV.T_GENM_USUARIO (ID_USUARIO,NOMBRES_USUARIO,APELLIDOS_USUARIO,ID_INSTITUCION,PASSWORD_USUARIO,EMAIL_USUARIO,ID_ESTADO_USUARIO,TELEFONO_USUARIO,CELULAR_USUARIO,FLG_ESTADO,ID_TERMINOS,FLG_TERMINOS,ANEXO_USUARIO) values ('43','juan carlos         ','soto castaeda','60','AFQCiUWrGh9BjtmvFpv5xc2szcvzhZTkSSgJVlKHjRSzG/zKxXjgFyDRnPbfp80Xkw==','juancarlossotoc1990@gmail.com','1','7773344','999011122','1','1','1','100');
Insert into USERMRV.T_GENM_USUARIO (ID_USUARIO,NOMBRES_USUARIO,APELLIDOS_USUARIO,ID_INSTITUCION,PASSWORD_USUARIO,EMAIL_USUARIO,ID_ESTADO_USUARIO,TELEFONO_USUARIO,CELULAR_USUARIO,FLG_ESTADO,ID_TERMINOS,FLG_TERMINOS,ANEXO_USUARIO) values ('51','David               ','Zuiga Rosales','68','AFg69Bue9H3Wom+X/+zLxTISFI7NU+hVBskOC+iFZDTxjhqXdhDpgMZ82HI5oZUx9g==','jskmbr48@gmail.com','0','1478596','987456512','1','1','1','101');
Insert into USERMRV.T_GENM_USUARIO (ID_USUARIO,NOMBRES_USUARIO,APELLIDOS_USUARIO,ID_INSTITUCION,PASSWORD_USUARIO,EMAIL_USUARIO,ID_ESTADO_USUARIO,TELEFONO_USUARIO,CELULAR_USUARIO,FLG_ESTADO,ID_TERMINOS,FLG_TERMINOS,ANEXO_USUARIO) values ('38','Martha              ','Perez Alvela','56','ANc5ietRXXhc96me0EiGTdsxyx3UriJxCVqqR6HPFM0fY9xdE7Ugn4DcXg0PmeCKpg==','martha@Americaexpress.com','0','7676676','987654321','1','1','1','2345');
Insert into USERMRV.T_GENM_USUARIO (ID_USUARIO,NOMBRES_USUARIO,APELLIDOS_USUARIO,ID_INSTITUCION,PASSWORD_USUARIO,EMAIL_USUARIO,ID_ESTADO_USUARIO,TELEFONO_USUARIO,CELULAR_USUARIO,FLG_ESTADO,ID_TERMINOS,FLG_TERMINOS,ANEXO_USUARIO) values ('52','Luis                ','Moreno','69','AGqn9qCtrFibO/DdEFDdhFcpCFeshxlzUOgr29UynvXTkm9XFf2fsfnehxiG1tFI4A==','jskmbr49@gmail.com','0','111212','222222','1','1','1','101');
Insert into USERMRV.T_GENM_USUARIO (ID_USUARIO,NOMBRES_USUARIO,APELLIDOS_USUARIO,ID_INSTITUCION,PASSWORD_USUARIO,EMAIL_USUARIO,ID_ESTADO_USUARIO,TELEFONO_USUARIO,CELULAR_USUARIO,FLG_ESTADO,ID_TERMINOS,FLG_TERMINOS,ANEXO_USUARIO) values ('53','Maria               ','Gonzales','70','AJtifGaEeo1Jja0FBdIXnl4G/sKVk/yohr9WhFngiZMPJsd1xdVb6Gn+EqeGM+ahTQ==','jskmbr50@gmail.com','0','122','122222','1','1','1','12');
Insert into USERMRV.T_GENM_USUARIO (ID_USUARIO,NOMBRES_USUARIO,APELLIDOS_USUARIO,ID_INSTITUCION,PASSWORD_USUARIO,EMAIL_USUARIO,ID_ESTADO_USUARIO,TELEFONO_USUARIO,CELULAR_USUARIO,FLG_ESTADO,ID_TERMINOS,FLG_TERMINOS,ANEXO_USUARIO) values ('54','Manuel              ','Soto','71','AJfRmQKl7Sv4fguQDO/0e8MaGA4QFwSdK2Y7DlRsVPaQ7nXnxf7vvgm223DG2XMKww==','jskmbr39@gmail.com','0','778888','998263537','1','1','1','100');
Insert into USERMRV.T_GENM_USUARIO (ID_USUARIO,NOMBRES_USUARIO,APELLIDOS_USUARIO,ID_INSTITUCION,PASSWORD_USUARIO,EMAIL_USUARIO,ID_ESTADO_USUARIO,TELEFONO_USUARIO,CELULAR_USUARIO,FLG_ESTADO,ID_TERMINOS,FLG_TERMINOS,ANEXO_USUARIO) values ('55','juan                ','soto','72','ALjmS8dXYXZjJrp1E5Dn5HaFIxixgdMKmLx4i6tvjUqKjjIOxgc8QLMnJ8yQOmDsHg==','jskmbr36@gmail.com','0','989787','767678','1','1','1','87');
REM INSERTING into USERMRV.T_GENM_VARIABLE
SET DEFINE OFF;
Insert into USERMRV.T_GENM_VARIABLE (ID_VARIABLE,DESCRIPCION,SIGLA) values ('1','Kilometros Recorridos Vehiculo (base)','KRV');
Insert into USERMRV.T_GENM_VARIABLE (ID_VARIABLE,DESCRIPCION,SIGLA) values ('2','Numero de Vehiculos','N');
Insert into USERMRV.T_GENM_VARIABLE (ID_VARIABLE,DESCRIPCION,SIGLA) values ('3','Consumo de Electricidad','E');
REM INSERTING into USERMRV.T_GENM_VARIANTE
SET DEFINE OFF;
Insert into USERMRV.T_GENM_VARIANTE (ID_VARIANTE,DESCRIPCION,SIGLA) values ('1','Tipo de Vehiculos','TipoVeh');
Insert into USERMRV.T_GENM_VARIANTE (ID_VARIANTE,DESCRIPCION,SIGLA) values ('2','Tipo de Combustible','TipoCombus');
Insert into USERMRV.T_GENM_VARIANTE (ID_VARIANTE,DESCRIPCION,SIGLA) values ('3','Ao Iniciativa','Anno');
Insert into USERMRV.T_GENM_VARIANTE (ID_VARIANTE,DESCRIPCION,SIGLA) values ('4','Tipo de Vehiculos','Tipo_Vehic');
Insert into USERMRV.T_GENM_VARIANTE (ID_VARIANTE,DESCRIPCION,SIGLA) values ('5','Tipo de Combustible','Tipo_Combus');
Insert into USERMRV.T_GENM_VARIANTE (ID_VARIANTE,DESCRIPCION,SIGLA) values ('6','Ao Iniciativa','Ao');
REM INSERTING into USERMRV.T_MAE_ENERG
SET DEFINE OFF;
Insert into USERMRV.T_MAE_ENERG (ID_ENERG,DESCRIPCION,FLAG_ESTADO) values ('1','COMBUSTIBLES FOSILES',null);
Insert into USERMRV.T_MAE_ENERG (ID_ENERG,DESCRIPCION,FLAG_ESTADO) values ('2','ELECTRICIDAD',null);
REM INSERTING into USERMRV.T_MAE_ESTADO
SET DEFINE OFF;
Insert into USERMRV.T_MAE_ESTADO (ID_ESTADO,DESCRIPCION) values ('5','CORREGIDO');
Insert into USERMRV.T_MAE_ESTADO (ID_ESTADO,DESCRIPCION) values ('0','INCOMPLETO');
Insert into USERMRV.T_MAE_ESTADO (ID_ESTADO,DESCRIPCION) values ('1','COMPLETO');
Insert into USERMRV.T_MAE_ESTADO (ID_ESTADO,DESCRIPCION) values ('2','OBSERVADO');
Insert into USERMRV.T_MAE_ESTADO (ID_ESTADO,DESCRIPCION) values ('3','APROBADO');
Insert into USERMRV.T_MAE_ESTADO (ID_ESTADO,DESCRIPCION) values ('4','RECHAZADO');
REM INSERTING into USERMRV.T_MAE_ESTADO_USUARIO
SET DEFINE OFF;
Insert into USERMRV.T_MAE_ESTADO_USUARIO (ID_ESTADO_USUARIO,DESCRIPCION) values ('0','REGISTRADO');
Insert into USERMRV.T_MAE_ESTADO_USUARIO (ID_ESTADO_USUARIO,DESCRIPCION) values ('1','APROBADO');
Insert into USERMRV.T_MAE_ESTADO_USUARIO (ID_ESTADO_USUARIO,DESCRIPCION) values ('2','NO APROBADO');
REM INSERTING into USERMRV.T_MAE_ETAPA
SET DEFINE OFF;
Insert into USERMRV.T_MAE_ETAPA (ID_ETAPA,DESCRIPCION) values ('1','Registro de Iniciativa Mitigacin');
Insert into USERMRV.T_MAE_ETAPA (ID_ETAPA,DESCRIPCION) values ('2','Aprobacin de Iniciativa Mitigacin');
Insert into USERMRV.T_MAE_ETAPA (ID_ETAPA,DESCRIPCION) values ('3','Registro de Detalle de Indicadores');
Insert into USERMRV.T_MAE_ETAPA (ID_ETAPA,DESCRIPCION) values ('4','Aprobacin de Detalle de Indicadores');
REM INSERTING into USERMRV.T_MAE_FAQ
SET DEFINE OFF;
Insert into USERMRV.T_MAE_FAQ (ID_FAQ,ID_MEDMIT,PREGUNTA,RESPUESTA) values ('1',null,'Como registro una nueva Iniciativa?','Usted, debera primero Registrarse como usuario de una Institucion');
Insert into USERMRV.T_MAE_FAQ (ID_FAQ,ID_MEDMIT,PREGUNTA,RESPUESTA) values ('2',null,'Que significa GEI?','Son las siglas de Gases de Efecto Invernadero');
REM INSERTING into USERMRV.T_MAE_F_BAU
SET DEFINE OFF;
Insert into USERMRV.T_MAE_F_BAU (ID_F_BAU,ID_TIPO_VEHICULO,ID_TIPO_COMBUSTIBLE,ANNO,FACTOR) values ('1','1','1','2018','187,3581');
Insert into USERMRV.T_MAE_F_BAU (ID_F_BAU,ID_TIPO_VEHICULO,ID_TIPO_COMBUSTIBLE,ANNO,FACTOR) values ('2','1','2','2018','174,6961');
Insert into USERMRV.T_MAE_F_BAU (ID_F_BAU,ID_TIPO_VEHICULO,ID_TIPO_COMBUSTIBLE,ANNO,FACTOR) values ('3','1','3','2018','178,9341');
Insert into USERMRV.T_MAE_F_BAU (ID_F_BAU,ID_TIPO_VEHICULO,ID_TIPO_COMBUSTIBLE,ANNO,FACTOR) values ('4','2','1','2018','773,781');
Insert into USERMRV.T_MAE_F_BAU (ID_F_BAU,ID_TIPO_VEHICULO,ID_TIPO_COMBUSTIBLE,ANNO,FACTOR) values ('5','2','4','2018','595,4578');
Insert into USERMRV.T_MAE_F_BAU (ID_F_BAU,ID_TIPO_VEHICULO,ID_TIPO_COMBUSTIBLE,ANNO,FACTOR) values ('6','3','1','2018','1315,4277');
Insert into USERMRV.T_MAE_F_BAU (ID_F_BAU,ID_TIPO_VEHICULO,ID_TIPO_COMBUSTIBLE,ANNO,FACTOR) values ('7','3','4','2018','961,6102');
Insert into USERMRV.T_MAE_F_BAU (ID_F_BAU,ID_TIPO_VEHICULO,ID_TIPO_COMBUSTIBLE,ANNO,FACTOR) values ('8','4','1','2018','1897,9984');
Insert into USERMRV.T_MAE_F_BAU (ID_F_BAU,ID_TIPO_VEHICULO,ID_TIPO_COMBUSTIBLE,ANNO,FACTOR) values ('9','4','4','2018','1555,1723');
Insert into USERMRV.T_MAE_F_BAU (ID_F_BAU,ID_TIPO_VEHICULO,ID_TIPO_COMBUSTIBLE,ANNO,FACTOR) values ('10','5','3','2018','96,6146');
Insert into USERMRV.T_MAE_F_BAU (ID_F_BAU,ID_TIPO_VEHICULO,ID_TIPO_COMBUSTIBLE,ANNO,FACTOR) values ('11','6','3','2018','64,4097');
REM INSERTING into USERMRV.T_MAE_F_MIT
SET DEFINE OFF;
Insert into USERMRV.T_MAE_F_MIT (ID_F_MIT,ID_TIPO_VEHICULO,ID_TIPO_FUENTE,ANNO,FACTOR) values ('1','1','1','2018','0,03');
Insert into USERMRV.T_MAE_F_MIT (ID_F_MIT,ID_TIPO_VEHICULO,ID_TIPO_FUENTE,ANNO,FACTOR) values ('2','1','1','2019','0,03');
Insert into USERMRV.T_MAE_F_MIT (ID_F_MIT,ID_TIPO_VEHICULO,ID_TIPO_FUENTE,ANNO,FACTOR) values ('3','3','1','2018','0,2');
Insert into USERMRV.T_MAE_F_MIT (ID_F_MIT,ID_TIPO_VEHICULO,ID_TIPO_FUENTE,ANNO,FACTOR) values ('4','3','1','2019','0,2');
Insert into USERMRV.T_MAE_F_MIT (ID_F_MIT,ID_TIPO_VEHICULO,ID_TIPO_FUENTE,ANNO,FACTOR) values ('5','4','1','2018','0,13');
Insert into USERMRV.T_MAE_F_MIT (ID_F_MIT,ID_TIPO_VEHICULO,ID_TIPO_FUENTE,ANNO,FACTOR) values ('6','4','1','2019','0,13');
Insert into USERMRV.T_MAE_F_MIT (ID_F_MIT,ID_TIPO_VEHICULO,ID_TIPO_FUENTE,ANNO,FACTOR) values ('7','5','1','2018','0,01');
Insert into USERMRV.T_MAE_F_MIT (ID_F_MIT,ID_TIPO_VEHICULO,ID_TIPO_FUENTE,ANNO,FACTOR) values ('8','5','1','2019','0,01');
Insert into USERMRV.T_MAE_F_MIT (ID_F_MIT,ID_TIPO_VEHICULO,ID_TIPO_FUENTE,ANNO,FACTOR) values ('9','6','1','2018','0,005');
Insert into USERMRV.T_MAE_F_MIT (ID_F_MIT,ID_TIPO_VEHICULO,ID_TIPO_FUENTE,ANNO,FACTOR) values ('10','6','1','2019','0,005');
Insert into USERMRV.T_MAE_F_MIT (ID_F_MIT,ID_TIPO_VEHICULO,ID_TIPO_FUENTE,ANNO,FACTOR) values ('11','2','1','2018','0,19');
Insert into USERMRV.T_MAE_F_MIT (ID_F_MIT,ID_TIPO_VEHICULO,ID_TIPO_FUENTE,ANNO,FACTOR) values ('12','2','1','2019','0,19');
REM INSERTING into USERMRV.T_MAE_F_PER
SET DEFINE OFF;
Insert into USERMRV.T_MAE_F_PER (ID_F_PER,ANNO,FACTOR) values ('1','2010','0,104');
Insert into USERMRV.T_MAE_F_PER (ID_F_PER,ANNO,FACTOR) values ('3','2011','0,108');
Insert into USERMRV.T_MAE_F_PER (ID_F_PER,ANNO,FACTOR) values ('4','2012','0,109');
Insert into USERMRV.T_MAE_F_PER (ID_F_PER,ANNO,FACTOR) values ('5','2013','0,109');
Insert into USERMRV.T_MAE_F_PER (ID_F_PER,ANNO,FACTOR) values ('6','2014','0,058');
Insert into USERMRV.T_MAE_F_PER (ID_F_PER,ANNO,FACTOR) values ('7','2015','0,113');
Insert into USERMRV.T_MAE_F_PER (ID_F_PER,ANNO,FACTOR) values ('8','2016','0,109');
Insert into USERMRV.T_MAE_F_PER (ID_F_PER,ANNO,FACTOR) values ('9','2017','0,108');
Insert into USERMRV.T_MAE_F_PER (ID_F_PER,ANNO,FACTOR) values ('10','2018','0,108');
REM INSERTING into USERMRV.T_MAE_F_REN
SET DEFINE OFF;
Insert into USERMRV.T_MAE_F_REN (ID_F_REN,ID_TIPO_VEHICULO,ID_TIPO_FUENTE,FACTOR) values ('1','1','1','0,1629');
Insert into USERMRV.T_MAE_F_REN (ID_F_REN,ID_TIPO_VEHICULO,ID_TIPO_FUENTE,FACTOR) values ('2','2','1','1,1');
Insert into USERMRV.T_MAE_F_REN (ID_F_REN,ID_TIPO_VEHICULO,ID_TIPO_FUENTE,FACTOR) values ('3','3','1','1,1765');
Insert into USERMRV.T_MAE_F_REN (ID_F_REN,ID_TIPO_VEHICULO,ID_TIPO_FUENTE,FACTOR) values ('4','4','1','0,76');
Insert into USERMRV.T_MAE_F_REN (ID_F_REN,ID_TIPO_VEHICULO,ID_TIPO_FUENTE,FACTOR) values ('5','5','1','0,0543');
Insert into USERMRV.T_MAE_F_REN (ID_F_REN,ID_TIPO_VEHICULO,ID_TIPO_FUENTE,FACTOR) values ('6','6','1','0,0271');
REM INSERTING into USERMRV.T_MAE_GEI
SET DEFINE OFF;
Insert into USERMRV.T_MAE_GEI (ID_GEI,DESCRIPCION,FLAG_ESTADO,AR2,AR4,AR5) values ('1','CO2','1','1','1','1');
Insert into USERMRV.T_MAE_GEI (ID_GEI,DESCRIPCION,FLAG_ESTADO,AR2,AR4,AR5) values ('2','CH4','1','21','25','30');
Insert into USERMRV.T_MAE_GEI (ID_GEI,DESCRIPCION,FLAG_ESTADO,AR2,AR4,AR5) values ('3','N2O','1','310','298','265');
REM INSERTING into USERMRV.T_MAE_LISTA
SET DEFINE OFF;
REM INSERTING into USERMRV.T_MAE_MEDMIT
SET DEFINE OFF;
Insert into USERMRV.T_MAE_MEDMIT (ID_MEDMIT,NUMERO_MEDMIT,NOMBRE_MEDMIT,DESCRIPCION_MEDMIT,ID_NAMA,OBJETIVO_MEDMIT,IPSC_MEDMIT,FLAG_ESTADO) values ('1','1.1','1.1 Etiquetado de Eficiencia Energtico','Esta medida propone que los equipos que requieran suministros energticos incluyan en sus etiquetas, envases, empaques y publicidad, una etiqueta de eficiencia energtica a travs de la cual el consumidor pueda conocer el consumo de energa y la eficiencia energtica del producto para la toma de decisin de consumo, reduciendo as las emisiones de GEI debido a la reduccin del consumo de energa asociada a la mejora de eficiencia de los nuevos equipos a ser adquiridos por los consumidores. La medida se enmarca en el Reglamento Tcnico sobre el etiquetado de eficiencia energtica para equipos energticos, aprobado mediante Decreto Supremo N009-2017-EM.','1','Dar cumplimiento al Reglamento Tcnico sobre el etiquetado de eficiencia energtica para equipos energticos, aprobado mediante Decreto Supremo N009-2017-EM. Puede incluir aparatos de refrigeracin, calderas, motores elctricos, lavadoras, secadoras, equipos de aire acondicionado y calentadores de agua. No incluye luminarias. ','Energa - Combustin estacionaria','1');
Insert into USERMRV.T_MAE_MEDMIT (ID_MEDMIT,NUMERO_MEDMIT,NOMBRE_MEDMIT,DESCRIPCION_MEDMIT,ID_NAMA,OBJETIVO_MEDMIT,IPSC_MEDMIT,FLAG_ESTADO) values ('2','1.2','1.2 Eficiencia energtica en el sector industrial','Esta medida de mitigacin, propuesta por el Ministerio de Energa y Minas, propone la implementacin de medidas de eficiencia energtica en empresas del sector industrial fomentando la competitividad de la economa nacional y reduciendo el impacto ambiental negativo del uso y consumo de los energticos como la reduccin de emisiones de GEI. Esta medida se enmarca en la Ley de Promocin del Uso Eficiente de la Energa, Ley N27345, y su Reglamento aprobado por Decreto Supremo N053-2007-EM. As, se prev considerar el recambio de motores y calderas, una vez que se viabilice el Fondo de Financiamiento a la Eficiencia Energtica (FOFEE)','1','Fomentar la competitividad de la economa nacional y reducir el impacto ambiental negativo del uso y consumo de los energticos mediante la Ley de Promocin del Uso Eficiente de la Energa  Ley N27345 y su Reglamento, aprobado por Decreto Supremo N053-2007-EM.','Energa - Combustin estacionaria','1');
Insert into USERMRV.T_MAE_MEDMIT (ID_MEDMIT,NUMERO_MEDMIT,NOMBRE_MEDMIT,DESCRIPCION_MEDMIT,ID_NAMA,OBJETIVO_MEDMIT,IPSC_MEDMIT,FLAG_ESTADO) values ('3','1.3','1.3 Eficiencia energtica en el sector comercial','Medida que propone promover la racionalizacin del consumo de energa en el sector comercial de servicios.','1','Promover la racionalizacin del consumo de energa en el sector comercial de servicios, a travs de: a) reemplazo de lmparas de baja eficiencia por lmparas LED de 10W y b) instalacin de sensores de ocupacin hotelera, con el objetivo de controlar las unidades de aire acondicionado.','Energa - Combustin estacionaria','1');
Insert into USERMRV.T_MAE_MEDMIT (ID_MEDMIT,NUMERO_MEDMIT,NOMBRE_MEDMIT,DESCRIPCION_MEDMIT,ID_NAMA,OBJETIVO_MEDMIT,IPSC_MEDMIT,FLAG_ESTADO) values ('4','1.4','1.4 Auditoras energticas en el sector pblico','Medida que propone implementar acciones que contribuyan a reducir el consumo de energa sin que estas acciones afecten la calidad de los servicios prestados y recibidos en las entidades del sector pblico cuya facturacin mensual por consumo de energa elctrica sea mayor de cuatro (4) unidades impositivas tributarias (UIT), reduciendo as las emisiones de GEI debido a la reduccin del consumo energtico. Asimismo, prev que en un futuro las auditoras energticas puedan desarrollarse para el sector privado, bajo el mecanismo de un fondo de eficiencia energtica.','1','Implementar acciones que contribuyan a reducir el consumo de energa sin que estas acciones afecten la calidad de los servicios prestados y recibidos en las entidades del sector pblico. Incluye todo equipo que consuma electricidad (con y sin fichas de homologacin) con excepcin de lmparas con fichas.','Energa - Combustin estacionaria','1');
Insert into USERMRV.T_MAE_MEDMIT (ID_MEDMIT,NUMERO_MEDMIT,NOMBRE_MEDMIT,DESCRIPCION_MEDMIT,ID_NAMA,OBJETIVO_MEDMIT,IPSC_MEDMIT,FLAG_ESTADO) values ('5','1.5','1.5 Transformacin del mercado de iluminacin en el sector residencial','Medida que promueve la sustitucin de lmparas de baja eficiencia por tecnologas ms eficientes de iluminacin, reduciendo las emisiones de GEI debido al menor uso de energa, y generando la transformacin hacia un mercado de iluminacin ms eficiente, cuyo principal objetivo es promover el uso de lmparas que permitan un uso eficiente de la energa en el pas, sin menoscabar la calidad de la iluminacin, considerando los beneficios econmicos, ambientales y sociales que se tendran en el pas. La medida de mitigacin propone dos fases: i) el programa de distribucin de un milln y medio de lmparas energticamente ms eficientes a hogares de menores ingresos como meta al 2019, en el marco del Programa Anual de Promociones 2018, aprobado mediante Resolucin Ministerial N 021-2018-MINEM/DM, de acuerdo a lo establecido en el Plan de Acceso Universal a la Energa 2013-2022, aprobado con Resolucin Ministerial N 203-2013-MINEM-DM; y ii) la Estrategia de Iluminacin del Per, cuyo objetivo es incrementar la participacin de las lmparas eficientes en el mercado de iluminacin nacional, reduciendo el consumo de energa y por ende tambin reduciendo las emisiones de gases de efecto invernadero (como el CO2).','1','Promover el uso de lmparas que permitan un uso eficiente de la energa en el pas, sin menoscabar la calidad de la iluminacin, considerando los beneficios econmicos, ambientales y sociales que se tendran en el pas. Aplica para lmparas LED.','Energa - Combustin estacionaria','1');
Insert into USERMRV.T_MAE_MEDMIT (ID_MEDMIT,NUMERO_MEDMIT,NOMBRE_MEDMIT,DESCRIPCION_MEDMIT,ID_NAMA,OBJETIVO_MEDMIT,IPSC_MEDMIT,FLAG_ESTADO) values ('6','1.6','1.6 Reemplazo de lmparas de baja eficiencia por lmparas LED en el sector pblico','Reemplazo de lmparas de baja eficiencia por lmparas LED en el sector pblico reduciendo as el consumo de energa y por ende reduciendo tambin las emisiones de GEI, con el objetivo de impulsar el uso de lmparas y otros equipos de iluminacin LED en todas las instituciones pblicas. La medida se implementa a travs de las fichas de homologacin de tecnologa LED, aprobadas por el MINEM, y que son instrumentos que permiten el reemplazo de luminarias menos eficientes por lmparas y otros equipos de iluminacin LED en los procesos de compras pblicas, lo que permite adems la inclusin de estas tecnologas en la implementacin de nuevos establecimientos estatales.'',''1'',''Impulsar el uso de lmparas eficientes en el sector pblico a travs de las Fichas de Homologacin de lmparas de tecnologa LED. Aplica para lmparas LED. ','1','Impulsar el uso de lmparas eficientes en el sector pblico a travs de las Fichas de Homologacin de lmparas de tecnologa LED. Aplica para lmparas LED.Impulsar el uso de lmparas eficientes en el sector pblico a travs de las Fichas de Homologacin de lmparas de tecnologa LED. Aplica para lmparas LED. ','Energa - Combustin estacionaria','1');
Insert into USERMRV.T_MAE_MEDMIT (ID_MEDMIT,NUMERO_MEDMIT,NOMBRE_MEDMIT,DESCRIPCION_MEDMIT,ID_NAMA,OBJETIVO_MEDMIT,IPSC_MEDMIT,FLAG_ESTADO) values ('7','1.7','1.7 Lamparas de Alumbrado Pblico','Medida que promueve la implementacin de lmparas de alta eficiencia en el alumbrado pblico reduciendo las emisiones de GEI debido al menor uso de energa, en el marco del Plan de Acceso Universal a la Energa (RM N203-2013-MINEM/DM) y en donde se incluye el reemplazo de 100,000 lmparas de vapor de sodio de alta presin (VSAP) en alumbrado pblico por lmparas LED o de induccin, priorizando zonas vulnerables. Adems, contempla una segunda fase a travs de la implementacin de las fichas de homologacin de alumbrado pblico.','1','Reemplazo de lmparas de alumbrado pblico de vapor de sodio de alta presin por lmparas LED consiste en la implementacin de lmparas de alta eficiencia en el alumbrado pblico. Aplica para lmparas LED con fichas de homologacin, 100,000 de FISE. ','Energa - Combustin estacionaria','1');
Insert into USERMRV.T_MAE_MEDMIT (ID_MEDMIT,NUMERO_MEDMIT,NOMBRE_MEDMIT,DESCRIPCION_MEDMIT,ID_NAMA,OBJETIVO_MEDMIT,IPSC_MEDMIT,FLAG_ESTADO) values ('8','2.1','2.1 Medida de Coccin limpia (mbito rural)','Implementacin y sostenibilidad de tecnologas de coccin limpia (cocinas mejoradas y cocinas a gas licuado de petrleos) en zonas rurales, reemplazando aquellas cocinas o tecnologas convencionales (fogn abierto) poco eficientes en el mbito rural, con lo cual se reducir los consumos de combustibles empleados en cocinas tradicionales, tales como lea y carbn vegetal, reduciendo as emisiones de gases de efecto invernadero (GEI) y los efectos nocivos a la salud asociados a las emisiones gaseosas y del material particulado restante de la combustin.','2','Reduccin de las emisiones de gases de efecto invernadero (GEI) generadas por la coccin y calentamiento de alimentos a travs del uso de cocinas o tecnologas convencionales (fogn abierto) poco eficientes en el mbito rural. Incluye: cocinas mejoradas y a gas licuado de petrleo (GLP).','Energa - Combustin estacionaria','1');
Insert into USERMRV.T_MAE_MEDMIT (ID_MEDMIT,NUMERO_MEDMIT,NOMBRE_MEDMIT,DESCRIPCION_MEDMIT,ID_NAMA,OBJETIVO_MEDMIT,IPSC_MEDMIT,FLAG_ESTADO) values ('10','3.1','3.1 Combinacin de energas renovables','Aumentar la participacin de los Recursos Energticos de fuentes Renovables (RER) en la matriz energtica nacional en un 6.8% en el ao 2030, reduciendo la proporcin de la energa producida en base a la quema de combustibles fsiles, lo cual generar la reduccin de emisiones de gases de efecto invernadero (GEI). Asimismo, la medida incluye la implementacin de las centrales hidroelctricas con una capacidad instalada menor a 20 MW.','3','Aumentar la participacin de los Recursos Energticos Renovables (RER) y dar cumplimiento al Decreto Legislativo N 1002, Ley de Promocin de la Inversin en Generacin de Electricidad con el uso de Energas Renovables (2008).','Energa - Combustin estacionaria','1');
Insert into USERMRV.T_MAE_MEDMIT (ID_MEDMIT,NUMERO_MEDMIT,NOMBRE_MEDMIT,DESCRIPCION_MEDMIT,ID_NAMA,OBJETIVO_MEDMIT,IPSC_MEDMIT,FLAG_ESTADO) values ('9','2.2','2.2 Electrificacin Rural','En elaboracin','2','En elaboracin','Energa - Combustin estacionaria','1');
Insert into USERMRV.T_MAE_MEDMIT (ID_MEDMIT,NUMERO_MEDMIT,NOMBRE_MEDMIT,DESCRIPCION_MEDMIT,ID_NAMA,OBJETIVO_MEDMIT,IPSC_MEDMIT,FLAG_ESTADO) values ('11','3.2','3.2 Generacin Distribuida','Medida que abarca toda instalacin de generacin elctrica que inyecte energa elctrica a la red elctrica est conectada directamente a la Red de Distribucin.','3','Promover el uso e implementacin de sistemas de generacin elctrica con tecnologas limpias.','Energa - Combustin estacionaria','1');
Insert into USERMRV.T_MAE_MEDMIT (ID_MEDMIT,NUMERO_MEDMIT,NOMBRE_MEDMIT,DESCRIPCION_MEDMIT,ID_NAMA,OBJETIVO_MEDMIT,IPSC_MEDMIT,FLAG_ESTADO) values ('12','4.1','4.1 Promocin de vehculos elctricos a nivel nacional','Medida que propone reemplazar la matriz energtica utilizada en el transporte, la cual utiliza predominantemente combustibles fsiles (gasolina, disel, gas licuado de petrleo y gas natural vehicular), mediante una mayor participacin de vehculos elctricos en el parque vehicular, contribuyendo al cumplimiento del Plan Energtico Nacional 2014-2025 y reduciendo las emisiones de gases de efecto invernadero (GEI) gracias al reemplazo o al desplazamiento de vehculos que consumen gasolina o disel por nuevos vehculos elctricos. La meta trazada para esta medida de mitigacin en una primera etapa se da bajo 2 acciones: i) la introduccin de mnibus elctricos y ii) introduccin de vehculos livianos elctricos.','4','Reemplazar la matriz energtica utilizada de manera predominante en el transporte (gasolina, disel, GLP, GNV), a vehculos elctricos. ','Energa - Combustin mvil','1');
REM INSERTING into USERMRV.T_MAE_MONEDA
SET DEFINE OFF;
Insert into USERMRV.T_MAE_MONEDA (ID_MONEDA,DESCRIPCION) values ('1','SOLES');
Insert into USERMRV.T_MAE_MONEDA (ID_MONEDA,DESCRIPCION) values ('2','DOLARES');
REM INSERTING into USERMRV.T_MAE_NAMA
SET DEFINE OFF;
Insert into USERMRV.T_MAE_NAMA (ID_NAMA,DESCRIPCION_NAMA,FLG_ESTADO) values ('1','EFICIENCIA ENERGETICA','1');
Insert into USERMRV.T_MAE_NAMA (ID_NAMA,DESCRIPCION_NAMA,FLG_ESTADO) values ('2','ACCESO UNIVERSAL A LA ENERGIA SOSTENIBLE','1');
Insert into USERMRV.T_MAE_NAMA (ID_NAMA,DESCRIPCION_NAMA,FLG_ESTADO) values ('3','RED CONECTADO','1');
Insert into USERMRV.T_MAE_NAMA (ID_NAMA,DESCRIPCION_NAMA,FLG_ESTADO) values ('4','TRANSPORTE ELECTRICO','1');
REM INSERTING into USERMRV.T_MAE_OPCION
SET DEFINE OFF;
Insert into USERMRV.T_MAE_OPCION (ID_OPCION,DES_OPCION,FLG_ESTADO,DES_URL,DES_URLIMAGEN,DES_URLLABEL,DES_FUNCION_INI,NUM_ORDEN,NUM_NIVEL,ID_OPCION_PADRE,ID_TIPO_OPCION) values ('9','NUEVA INICIATIVA','1',null,null,null,null,null,null,null,null);
Insert into USERMRV.T_MAE_OPCION (ID_OPCION,DES_OPCION,FLG_ESTADO,DES_URL,DES_URLIMAGEN,DES_URLLABEL,DES_FUNCION_INI,NUM_ORDEN,NUM_NIVEL,ID_OPCION_PADRE,ID_TIPO_OPCION) values ('8','CREDENCIALES','1',null,null,null,null,null,null,null,'1');
Insert into USERMRV.T_MAE_OPCION (ID_OPCION,DES_OPCION,FLG_ESTADO,DES_URL,DES_URLIMAGEN,DES_URLLABEL,DES_FUNCION_INI,NUM_ORDEN,NUM_NIVEL,ID_OPCION_PADRE,ID_TIPO_OPCION) values ('1','INICIO','1',null,null,null,null,null,null,null,'1');
Insert into USERMRV.T_MAE_OPCION (ID_OPCION,DES_OPCION,FLG_ESTADO,DES_URL,DES_URLIMAGEN,DES_URLLABEL,DES_FUNCION_INI,NUM_ORDEN,NUM_NIVEL,ID_OPCION_PADRE,ID_TIPO_OPCION) values ('2','ACCIONES DE MITIGACION','1',null,null,null,null,null,null,null,'1');
Insert into USERMRV.T_MAE_OPCION (ID_OPCION,DES_OPCION,FLG_ESTADO,DES_URL,DES_URLIMAGEN,DES_URLLABEL,DES_FUNCION_INI,NUM_ORDEN,NUM_NIVEL,ID_OPCION_PADRE,ID_TIPO_OPCION) values ('3','REPORTES','1',null,null,null,null,null,null,null,'1');
Insert into USERMRV.T_MAE_OPCION (ID_OPCION,DES_OPCION,FLG_ESTADO,DES_URL,DES_URLIMAGEN,DES_URLLABEL,DES_FUNCION_INI,NUM_ORDEN,NUM_NIVEL,ID_OPCION_PADRE,ID_TIPO_OPCION) values ('4','ACCIONES Y RESULTADOS','1',null,null,null,null,null,null,null,'1');
Insert into USERMRV.T_MAE_OPCION (ID_OPCION,DES_OPCION,FLG_ESTADO,DES_URL,DES_URLIMAGEN,DES_URLLABEL,DES_FUNCION_INI,NUM_ORDEN,NUM_NIVEL,ID_OPCION_PADRE,ID_TIPO_OPCION) values ('5','NOTIFICACIONES','1',null,null,null,null,null,null,null,'1');
Insert into USERMRV.T_MAE_OPCION (ID_OPCION,DES_OPCION,FLG_ESTADO,DES_URL,DES_URLIMAGEN,DES_URLLABEL,DES_FUNCION_INI,NUM_ORDEN,NUM_NIVEL,ID_OPCION_PADRE,ID_TIPO_OPCION) values ('6','MANTENIMIENTO DE TABLAS','1',null,null,null,null,null,null,null,'1');
Insert into USERMRV.T_MAE_OPCION (ID_OPCION,DES_OPCION,FLG_ESTADO,DES_URL,DES_URLIMAGEN,DES_URLLABEL,DES_FUNCION_INI,NUM_ORDEN,NUM_NIVEL,ID_OPCION_PADRE,ID_TIPO_OPCION) values ('7','CAMBIO DE CLAVES','1',null,null,null,null,null,null,null,'1');
REM INSERTING into USERMRV.T_MAE_OPCION_ROL
SET DEFINE OFF;
Insert into USERMRV.T_MAE_OPCION_ROL (ID_OPCION,ID_ROL,FLG_ESTADO) values ('9','1','1');
Insert into USERMRV.T_MAE_OPCION_ROL (ID_OPCION,ID_ROL,FLG_ESTADO) values ('7','1','1');
Insert into USERMRV.T_MAE_OPCION_ROL (ID_OPCION,ID_ROL,FLG_ESTADO) values ('1','6','1');
Insert into USERMRV.T_MAE_OPCION_ROL (ID_OPCION,ID_ROL,FLG_ESTADO) values ('2','6','1');
Insert into USERMRV.T_MAE_OPCION_ROL (ID_OPCION,ID_ROL,FLG_ESTADO) values ('3','6','1');
Insert into USERMRV.T_MAE_OPCION_ROL (ID_OPCION,ID_ROL,FLG_ESTADO) values ('4','6','1');
Insert into USERMRV.T_MAE_OPCION_ROL (ID_OPCION,ID_ROL,FLG_ESTADO) values ('1','1','1');
Insert into USERMRV.T_MAE_OPCION_ROL (ID_OPCION,ID_ROL,FLG_ESTADO) values ('2','1','1');
Insert into USERMRV.T_MAE_OPCION_ROL (ID_OPCION,ID_ROL,FLG_ESTADO) values ('3','1','1');
Insert into USERMRV.T_MAE_OPCION_ROL (ID_OPCION,ID_ROL,FLG_ESTADO) values ('4','1','1');
Insert into USERMRV.T_MAE_OPCION_ROL (ID_OPCION,ID_ROL,FLG_ESTADO) values ('5','1','1');
Insert into USERMRV.T_MAE_OPCION_ROL (ID_OPCION,ID_ROL,FLG_ESTADO) values ('1','2','1');
Insert into USERMRV.T_MAE_OPCION_ROL (ID_OPCION,ID_ROL,FLG_ESTADO) values ('2','2','1');
Insert into USERMRV.T_MAE_OPCION_ROL (ID_OPCION,ID_ROL,FLG_ESTADO) values ('3','2','1');
Insert into USERMRV.T_MAE_OPCION_ROL (ID_OPCION,ID_ROL,FLG_ESTADO) values ('4','2','1');
Insert into USERMRV.T_MAE_OPCION_ROL (ID_OPCION,ID_ROL,FLG_ESTADO) values ('5','2','1');
Insert into USERMRV.T_MAE_OPCION_ROL (ID_OPCION,ID_ROL,FLG_ESTADO) values ('7','2','1');
Insert into USERMRV.T_MAE_OPCION_ROL (ID_OPCION,ID_ROL,FLG_ESTADO) values ('1','3','1');
Insert into USERMRV.T_MAE_OPCION_ROL (ID_OPCION,ID_ROL,FLG_ESTADO) values ('2','3','1');
Insert into USERMRV.T_MAE_OPCION_ROL (ID_OPCION,ID_ROL,FLG_ESTADO) values ('3','3','1');
Insert into USERMRV.T_MAE_OPCION_ROL (ID_OPCION,ID_ROL,FLG_ESTADO) values ('4','3','1');
Insert into USERMRV.T_MAE_OPCION_ROL (ID_OPCION,ID_ROL,FLG_ESTADO) values ('5','3','1');
Insert into USERMRV.T_MAE_OPCION_ROL (ID_OPCION,ID_ROL,FLG_ESTADO) values ('6','3','1');
Insert into USERMRV.T_MAE_OPCION_ROL (ID_OPCION,ID_ROL,FLG_ESTADO) values ('7','3','1');
Insert into USERMRV.T_MAE_OPCION_ROL (ID_OPCION,ID_ROL,FLG_ESTADO) values ('1','4','1');
Insert into USERMRV.T_MAE_OPCION_ROL (ID_OPCION,ID_ROL,FLG_ESTADO) values ('2','4','1');
Insert into USERMRV.T_MAE_OPCION_ROL (ID_OPCION,ID_ROL,FLG_ESTADO) values ('3','4','1');
Insert into USERMRV.T_MAE_OPCION_ROL (ID_OPCION,ID_ROL,FLG_ESTADO) values ('4','4','1');
Insert into USERMRV.T_MAE_OPCION_ROL (ID_OPCION,ID_ROL,FLG_ESTADO) values ('5','4','1');
Insert into USERMRV.T_MAE_OPCION_ROL (ID_OPCION,ID_ROL,FLG_ESTADO) values ('7','4','1');
Insert into USERMRV.T_MAE_OPCION_ROL (ID_OPCION,ID_ROL,FLG_ESTADO) values ('1','5','1');
Insert into USERMRV.T_MAE_OPCION_ROL (ID_OPCION,ID_ROL,FLG_ESTADO) values ('2','5','1');
Insert into USERMRV.T_MAE_OPCION_ROL (ID_OPCION,ID_ROL,FLG_ESTADO) values ('3','5','1');
Insert into USERMRV.T_MAE_OPCION_ROL (ID_OPCION,ID_ROL,FLG_ESTADO) values ('4','5','1');
Insert into USERMRV.T_MAE_OPCION_ROL (ID_OPCION,ID_ROL,FLG_ESTADO) values ('5','5','1');
Insert into USERMRV.T_MAE_OPCION_ROL (ID_OPCION,ID_ROL,FLG_ESTADO) values ('7','5','1');
REM INSERTING into USERMRV.T_MAE_PAGINA
SET DEFINE OFF;
REM INSERTING into USERMRV.T_MAE_PLAZO
SET DEFINE OFF;
REM INSERTING into USERMRV.T_MAE_ROL
SET DEFINE OFF;
Insert into USERMRV.T_MAE_ROL (ID_ROL,DESCRIPCION_ROL,FLG_ESTADO) values ('1','USUARIO ADMINISTRADO','1');
Insert into USERMRV.T_MAE_ROL (ID_ROL,DESCRIPCION_ROL,FLG_ESTADO) values ('2','ESPECIALISTA MRV','1');
Insert into USERMRV.T_MAE_ROL (ID_ROL,DESCRIPCION_ROL,FLG_ESTADO) values ('3','ADMINISTRADOR MINEM','1');
Insert into USERMRV.T_MAE_ROL (ID_ROL,DESCRIPCION_ROL,FLG_ESTADO) values ('4','EVALUADOR MRV','1');
Insert into USERMRV.T_MAE_ROL (ID_ROL,DESCRIPCION_ROL,FLG_ESTADO) values ('5','VERIFICADOR','1');
Insert into USERMRV.T_MAE_ROL (ID_ROL,DESCRIPCION_ROL,FLG_ESTADO) values ('6','VISITANTE','1');
REM INSERTING into USERMRV.T_MAE_SECTOR_INST
SET DEFINE OFF;
Insert into USERMRV.T_MAE_SECTOR_INST (ID_SECTOR_INST,DESCRIPCION,FLAG_ESTADO) values ('8',null,'1');
Insert into USERMRV.T_MAE_SECTOR_INST (ID_SECTOR_INST,DESCRIPCION,FLAG_ESTADO) values ('1','PUBLICO ADMINISTRATIVO','0');
Insert into USERMRV.T_MAE_SECTOR_INST (ID_SECTOR_INST,DESCRIPCION,FLAG_ESTADO) values ('2','PUBLICO SALUD','1');
Insert into USERMRV.T_MAE_SECTOR_INST (ID_SECTOR_INST,DESCRIPCION,FLAG_ESTADO) values ('3','PUBLICO EDUCATIVO','1');
Insert into USERMRV.T_MAE_SECTOR_INST (ID_SECTOR_INST,DESCRIPCION,FLAG_ESTADO) values ('4','PUBLICO SEGURIDAD','1');
Insert into USERMRV.T_MAE_SECTOR_INST (ID_SECTOR_INST,DESCRIPCION,FLAG_ESTADO) values ('5','COMERCIAL','1');
Insert into USERMRV.T_MAE_SECTOR_INST (ID_SECTOR_INST,DESCRIPCION,FLAG_ESTADO) values ('6','INDUSTRIAL MINERA','1');
Insert into USERMRV.T_MAE_SECTOR_INST (ID_SECTOR_INST,DESCRIPCION,FLAG_ESTADO) values ('7','INDUSTRIAL OTRO','1');
Insert into USERMRV.T_MAE_SECTOR_INST (ID_SECTOR_INST,DESCRIPCION,FLAG_ESTADO) values ('13',null,'1');
Insert into USERMRV.T_MAE_SECTOR_INST (ID_SECTOR_INST,DESCRIPCION,FLAG_ESTADO) values ('9',null,'1');
Insert into USERMRV.T_MAE_SECTOR_INST (ID_SECTOR_INST,DESCRIPCION,FLAG_ESTADO) values ('10',null,'1');
Insert into USERMRV.T_MAE_SECTOR_INST (ID_SECTOR_INST,DESCRIPCION,FLAG_ESTADO) values ('11',null,'1');
Insert into USERMRV.T_MAE_SECTOR_INST (ID_SECTOR_INST,DESCRIPCION,FLAG_ESTADO) values ('12',null,'1');
Insert into USERMRV.T_MAE_SECTOR_INST (ID_SECTOR_INST,DESCRIPCION,FLAG_ESTADO) values ('14',null,'1');
REM INSERTING into USERMRV.T_MAE_TERMINOS
SET DEFINE OFF;
Insert into USERMRV.T_MAE_TERMINOS (ID_TERMINOS,ID_ROL,CONDICIONES_TERMINOS) values ('1','1','El Proyecto Acciones Nacionales Apropiadas de Mitigacin de energa (NAMA por sus siglas en ingls) en los sectores de generacin de energa y su uso final en el Per promueve acciones de sostenibilidad para alcanzar reducciones en emisiones de gases de efecto invernadero (GEI) como parte de los compromisos internacionales asumido por Per dentro del marco de la Convencin de las Naciones Unidas sobre Cambio Climtico (CMNUCC o UNFCCC por sus siglas en ingls). 
En ese sentido, identificar y desarrollar iniciativas en el sector energa (por ejemplo, NAMAs) favorecern a la reduccin de emisiones de GEI y a su vez generarn beneficios sociales, ambientales y econmicos.  De otro lado nuestro pas, para el cumplimiento de sus compromisos, ha priorizado seis sectores para el diseo de iniciativas de reduccin de emisiones de GEI / captura de CO2, los cuales son: Energa, Transporte, Agricultura, Desechos, USCUSS (Uso de Suelo, Cambio de Uso de Suelo y Silvicultura) y Procesos Industriales. En ese sentido, el sector energtico (incluyendo transporte) es la segunda fuente de emisiones, despus de USCUSS, con el 26% de las emisiones totales de GEI del pas y llegando a aumentar 15% entre los aos 1994 y 2000 (SCNCC ) y 50% entre los aos 2000 y 2010 (FBUR ).  Por lo que, tenemos la gran responsabilidad de desarrollar NAMAs ambiciosas y efectivas para poder alcanzar el objetivo de las NDCs.  
En ese contexto, el Ministerio de Energa y Minas suscribi con el Programa de Naciones Unidas para el Desarrollo  PNUD, el Convenio para implementar el Proyecto Acciones Nacionales Apropiadas de Mitigacin (NAMA) en los sectores de generacin de energa y su uso final en el Per, cuyo financiamiento proviene del Fondo Mundial para el Medio Ambiente (GEF por su siglas en ingls), ms el apoyo y cofinanciamiento de PNUD, MINAM, MEF y MEM. 
Recayendo su implementacin en la Direccin General de Eficiencia Energtica quien deber liderar, disear, desarrollar, gestionar y coordinar cuatro (04) NAMAs de energa con sus respectivos sistemas de Monitoreo, Reporte, y Verificacin (MRV), como producto de este proyecto. En ese sentido desde abril del 2016, el Proyecto inici el proceso de diseo conceptual de los mismos enfocndose en maximizar los beneficios sociales, ambientales y econmicos para el pas.  Por tal motivo, se ha elegido desarrollar las siguientes NAMAs a desarrollarse desde 2016 hasta 2020:
1.	NAMA #1 (Eficiencia Energtica): Mejoras en Eficiencia Energtica en los sectores pblicos y privadas;  
2.	NAMA #2 (RER Conectado): La promocin de las RER en sistemas interconectados; 
3.	NAMA #3 (RER Acceso Universal): Promocin del Acceso Universal a la Energa Sostenible; y
4.	NAMA #4 (Transporte Elctrico): Promocin de eficiencia energtica en el sector transporte con la promocin de transporte elctrico.  
');
REM INSERTING into USERMRV.T_MAE_TIPO_COMBUSTIBLE
SET DEFINE OFF;
Insert into USERMRV.T_MAE_TIPO_COMBUSTIBLE (ID_TIPO_COMBUSTIBLE,DESCRIPCION) values ('1','GNV');
Insert into USERMRV.T_MAE_TIPO_COMBUSTIBLE (ID_TIPO_COMBUSTIBLE,DESCRIPCION) values ('2','GLP');
Insert into USERMRV.T_MAE_TIPO_COMBUSTIBLE (ID_TIPO_COMBUSTIBLE,DESCRIPCION) values ('3','GASOLINA');
Insert into USERMRV.T_MAE_TIPO_COMBUSTIBLE (ID_TIPO_COMBUSTIBLE,DESCRIPCION) values ('4','DIESEL');
REM INSERTING into USERMRV.T_MAE_TIPO_FUENTE
SET DEFINE OFF;
Insert into USERMRV.T_MAE_TIPO_FUENTE (ID_TIPO_FUENTE,DESCRIPCION) values ('1','ELECTRICO');
Insert into USERMRV.T_MAE_TIPO_FUENTE (ID_TIPO_FUENTE,DESCRIPCION) values ('1','HIBRIDO');
Insert into USERMRV.T_MAE_TIPO_FUENTE (ID_TIPO_FUENTE,DESCRIPCION) values ('1','HIDROGENO');
REM INSERTING into USERMRV.T_MAE_TIPO_OPCION
SET DEFINE OFF;
Insert into USERMRV.T_MAE_TIPO_OPCION (ID_TIPO_OPCION,DES_TIPO_OPCION,SIGLA) values ('1','TIPO 1','T1 ');
Insert into USERMRV.T_MAE_TIPO_OPCION (ID_TIPO_OPCION,DES_TIPO_OPCION,SIGLA) values ('2','TIPO 2','T2 ');
REM INSERTING into USERMRV.T_MAE_TIPO_VEHICULO
SET DEFINE OFF;
Insert into USERMRV.T_MAE_TIPO_VEHICULO (ID_TIPO_VEHICULO,DESCRIPCION) values ('1','AUTOS');
Insert into USERMRV.T_MAE_TIPO_VEHICULO (ID_TIPO_VEHICULO,DESCRIPCION) values ('2','BUSES 9M');
Insert into USERMRV.T_MAE_TIPO_VEHICULO (ID_TIPO_VEHICULO,DESCRIPCION) values ('3','BUSES 12M');
Insert into USERMRV.T_MAE_TIPO_VEHICULO (ID_TIPO_VEHICULO,DESCRIPCION) values ('4','BUSES 18M');
Insert into USERMRV.T_MAE_TIPO_VEHICULO (ID_TIPO_VEHICULO,DESCRIPCION) values ('5','MOTOTAXI');
Insert into USERMRV.T_MAE_TIPO_VEHICULO (ID_TIPO_VEHICULO,DESCRIPCION) values ('6','MOTO');
REM INSERTING into USERMRV.T_MAE_UBICACION
SET DEFINE OFF;
Insert into USERMRV.T_MAE_UBICACION (ID_UBICACION,DESCRIPCION,FLG_ESTADO) values ('1','AMAZONAS',null);
Insert into USERMRV.T_MAE_UBICACION (ID_UBICACION,DESCRIPCION,FLG_ESTADO) values ('2','ANCASH',null);
Insert into USERMRV.T_MAE_UBICACION (ID_UBICACION,DESCRIPCION,FLG_ESTADO) values ('3','APURIMAC',null);
Insert into USERMRV.T_MAE_UBICACION (ID_UBICACION,DESCRIPCION,FLG_ESTADO) values ('4','AREQUIPA',null);
Insert into USERMRV.T_MAE_UBICACION (ID_UBICACION,DESCRIPCION,FLG_ESTADO) values ('5','AYACUCHO',null);
Insert into USERMRV.T_MAE_UBICACION (ID_UBICACION,DESCRIPCION,FLG_ESTADO) values ('6','CAJAMARCA',null);
Insert into USERMRV.T_MAE_UBICACION (ID_UBICACION,DESCRIPCION,FLG_ESTADO) values ('7','CALLAO',null);
Insert into USERMRV.T_MAE_UBICACION (ID_UBICACION,DESCRIPCION,FLG_ESTADO) values ('8','CUSCO',null);
Insert into USERMRV.T_MAE_UBICACION (ID_UBICACION,DESCRIPCION,FLG_ESTADO) values ('9','HUANCAVELICA',null);
Insert into USERMRV.T_MAE_UBICACION (ID_UBICACION,DESCRIPCION,FLG_ESTADO) values ('10','HUANUCO',null);
Insert into USERMRV.T_MAE_UBICACION (ID_UBICACION,DESCRIPCION,FLG_ESTADO) values ('11','ICA',null);
Insert into USERMRV.T_MAE_UBICACION (ID_UBICACION,DESCRIPCION,FLG_ESTADO) values ('12','JUNIN',null);
Insert into USERMRV.T_MAE_UBICACION (ID_UBICACION,DESCRIPCION,FLG_ESTADO) values ('13','LA LIBERTAD',null);
Insert into USERMRV.T_MAE_UBICACION (ID_UBICACION,DESCRIPCION,FLG_ESTADO) values ('14','LAMBAYEQUE',null);
Insert into USERMRV.T_MAE_UBICACION (ID_UBICACION,DESCRIPCION,FLG_ESTADO) values ('15','LIMA',null);
Insert into USERMRV.T_MAE_UBICACION (ID_UBICACION,DESCRIPCION,FLG_ESTADO) values ('16','LORETO',null);
Insert into USERMRV.T_MAE_UBICACION (ID_UBICACION,DESCRIPCION,FLG_ESTADO) values ('17','MADRE DE DIOS',null);
Insert into USERMRV.T_MAE_UBICACION (ID_UBICACION,DESCRIPCION,FLG_ESTADO) values ('18','MOQUEGUA',null);
Insert into USERMRV.T_MAE_UBICACION (ID_UBICACION,DESCRIPCION,FLG_ESTADO) values ('19','PASCO',null);
Insert into USERMRV.T_MAE_UBICACION (ID_UBICACION,DESCRIPCION,FLG_ESTADO) values ('20','PIURA',null);
Insert into USERMRV.T_MAE_UBICACION (ID_UBICACION,DESCRIPCION,FLG_ESTADO) values ('21','PUNO',null);
Insert into USERMRV.T_MAE_UBICACION (ID_UBICACION,DESCRIPCION,FLG_ESTADO) values ('22','SAN MARTIN','0');
Insert into USERMRV.T_MAE_UBICACION (ID_UBICACION,DESCRIPCION,FLG_ESTADO) values ('23','TACNA1','0');
Insert into USERMRV.T_MAE_UBICACION (ID_UBICACION,DESCRIPCION,FLG_ESTADO) values ('24','TUMBES2','0');
Insert into USERMRV.T_MAE_UBICACION (ID_UBICACION,DESCRIPCION,FLG_ESTADO) values ('25','UCAYALI','0');
REM INSERTING into USERMRV.T_MAE_USUARIO_ROL
SET DEFINE OFF;
Insert into USERMRV.T_MAE_USUARIO_ROL (ID_USUARIO,ID_ROL,FLG_ESTADO,DES_COMENTARIO) values ('1','1','1',null);
Insert into USERMRV.T_MAE_USUARIO_ROL (ID_USUARIO,ID_ROL,FLG_ESTADO,DES_COMENTARIO) values ('21','2','1',null);
Insert into USERMRV.T_MAE_USUARIO_ROL (ID_USUARIO,ID_ROL,FLG_ESTADO,DES_COMENTARIO) values ('22','3','1',null);
Insert into USERMRV.T_MAE_USUARIO_ROL (ID_USUARIO,ID_ROL,FLG_ESTADO,DES_COMENTARIO) values ('23','1','1',null);
Insert into USERMRV.T_MAE_USUARIO_ROL (ID_USUARIO,ID_ROL,FLG_ESTADO,DES_COMENTARIO) values ('24','1','1',null);
Insert into USERMRV.T_MAE_USUARIO_ROL (ID_USUARIO,ID_ROL,FLG_ESTADO,DES_COMENTARIO) values ('26','1','1',null);
Insert into USERMRV.T_MAE_USUARIO_ROL (ID_USUARIO,ID_ROL,FLG_ESTADO,DES_COMENTARIO) values ('27','1','1',null);
Insert into USERMRV.T_MAE_USUARIO_ROL (ID_USUARIO,ID_ROL,FLG_ESTADO,DES_COMENTARIO) values ('28','3','1',null);
Insert into USERMRV.T_MAE_USUARIO_ROL (ID_USUARIO,ID_ROL,FLG_ESTADO,DES_COMENTARIO) values ('29','1','1',null);
Insert into USERMRV.T_MAE_USUARIO_ROL (ID_USUARIO,ID_ROL,FLG_ESTADO,DES_COMENTARIO) values ('41','1','1',null);
Insert into USERMRV.T_MAE_USUARIO_ROL (ID_USUARIO,ID_ROL,FLG_ESTADO,DES_COMENTARIO) values ('44','1','1',null);
Insert into USERMRV.T_MAE_USUARIO_ROL (ID_USUARIO,ID_ROL,FLG_ESTADO,DES_COMENTARIO) values ('49','1','1',null);
Insert into USERMRV.T_MAE_USUARIO_ROL (ID_USUARIO,ID_ROL,FLG_ESTADO,DES_COMENTARIO) values ('56','1','1',null);
Insert into USERMRV.T_MAE_USUARIO_ROL (ID_USUARIO,ID_ROL,FLG_ESTADO,DES_COMENTARIO) values ('57','1','1',null);
Insert into USERMRV.T_MAE_USUARIO_ROL (ID_USUARIO,ID_ROL,FLG_ESTADO,DES_COMENTARIO) values ('58','1','1',null);
Insert into USERMRV.T_MAE_USUARIO_ROL (ID_USUARIO,ID_ROL,FLG_ESTADO,DES_COMENTARIO) values ('61','1','1',null);
Insert into USERMRV.T_MAE_USUARIO_ROL (ID_USUARIO,ID_ROL,FLG_ESTADO,DES_COMENTARIO) values ('45','5','1',null);
Insert into USERMRV.T_MAE_USUARIO_ROL (ID_USUARIO,ID_ROL,FLG_ESTADO,DES_COMENTARIO) values ('48','1','1',null);
Insert into USERMRV.T_MAE_USUARIO_ROL (ID_USUARIO,ID_ROL,FLG_ESTADO,DES_COMENTARIO) values ('60','1','1',null);
Insert into USERMRV.T_MAE_USUARIO_ROL (ID_USUARIO,ID_ROL,FLG_ESTADO,DES_COMENTARIO) values ('62','1','1',null);
Insert into USERMRV.T_MAE_USUARIO_ROL (ID_USUARIO,ID_ROL,FLG_ESTADO,DES_COMENTARIO) values ('83','1','1',null);
Insert into USERMRV.T_MAE_USUARIO_ROL (ID_USUARIO,ID_ROL,FLG_ESTADO,DES_COMENTARIO) values ('84','1','1',null);
Insert into USERMRV.T_MAE_USUARIO_ROL (ID_USUARIO,ID_ROL,FLG_ESTADO,DES_COMENTARIO) values ('102','1','1',null);
Insert into USERMRV.T_MAE_USUARIO_ROL (ID_USUARIO,ID_ROL,FLG_ESTADO,DES_COMENTARIO) values ('22','3','1',null);
Insert into USERMRV.T_MAE_USUARIO_ROL (ID_USUARIO,ID_ROL,FLG_ESTADO,DES_COMENTARIO) values ('25','1','1',null);
Insert into USERMRV.T_MAE_USUARIO_ROL (ID_USUARIO,ID_ROL,FLG_ESTADO,DES_COMENTARIO) values ('30','1','1',null);
Insert into USERMRV.T_MAE_USUARIO_ROL (ID_USUARIO,ID_ROL,FLG_ESTADO,DES_COMENTARIO) values ('82','1','1',null);
Insert into USERMRV.T_MAE_USUARIO_ROL (ID_USUARIO,ID_ROL,FLG_ESTADO,DES_COMENTARIO) values ('35','1','1',null);
Insert into USERMRV.T_MAE_USUARIO_ROL (ID_USUARIO,ID_ROL,FLG_ESTADO,DES_COMENTARIO) values ('40','1','1',null);
Insert into USERMRV.T_MAE_USUARIO_ROL (ID_USUARIO,ID_ROL,FLG_ESTADO,DES_COMENTARIO) values ('42','1','1',null);
Insert into USERMRV.T_MAE_USUARIO_ROL (ID_USUARIO,ID_ROL,FLG_ESTADO,DES_COMENTARIO) values ('46','1','1',null);
Insert into USERMRV.T_MAE_USUARIO_ROL (ID_USUARIO,ID_ROL,FLG_ESTADO,DES_COMENTARIO) values ('47','1','1',null);
Insert into USERMRV.T_MAE_USUARIO_ROL (ID_USUARIO,ID_ROL,FLG_ESTADO,DES_COMENTARIO) values ('50','1','1',null);
Insert into USERMRV.T_MAE_USUARIO_ROL (ID_USUARIO,ID_ROL,FLG_ESTADO,DES_COMENTARIO) values ('81','2','1',null);
Insert into USERMRV.T_MAE_USUARIO_ROL (ID_USUARIO,ID_ROL,FLG_ESTADO,DES_COMENTARIO) values ('101','1','1',null);
Insert into USERMRV.T_MAE_USUARIO_ROL (ID_USUARIO,ID_ROL,FLG_ESTADO,DES_COMENTARIO) values ('103','1','1',null);
Insert into USERMRV.T_MAE_USUARIO_ROL (ID_USUARIO,ID_ROL,FLG_ESTADO,DES_COMENTARIO) values ('31','1','1',null);
Insert into USERMRV.T_MAE_USUARIO_ROL (ID_USUARIO,ID_ROL,FLG_ESTADO,DES_COMENTARIO) values ('32','1','1',null);
Insert into USERMRV.T_MAE_USUARIO_ROL (ID_USUARIO,ID_ROL,FLG_ESTADO,DES_COMENTARIO) values ('33','1','1',null);
Insert into USERMRV.T_MAE_USUARIO_ROL (ID_USUARIO,ID_ROL,FLG_ESTADO,DES_COMENTARIO) values ('34','1','1',null);
Insert into USERMRV.T_MAE_USUARIO_ROL (ID_USUARIO,ID_ROL,FLG_ESTADO,DES_COMENTARIO) values ('36','1','1',null);
Insert into USERMRV.T_MAE_USUARIO_ROL (ID_USUARIO,ID_ROL,FLG_ESTADO,DES_COMENTARIO) values ('37','1','1',null);
Insert into USERMRV.T_MAE_USUARIO_ROL (ID_USUARIO,ID_ROL,FLG_ESTADO,DES_COMENTARIO) values ('38','1','1',null);
Insert into USERMRV.T_MAE_USUARIO_ROL (ID_USUARIO,ID_ROL,FLG_ESTADO,DES_COMENTARIO) values ('43','4','1',null);
Insert into USERMRV.T_MAE_USUARIO_ROL (ID_USUARIO,ID_ROL,FLG_ESTADO,DES_COMENTARIO) values ('51','1','1',null);
Insert into USERMRV.T_MAE_USUARIO_ROL (ID_USUARIO,ID_ROL,FLG_ESTADO,DES_COMENTARIO) values ('52','1','1',null);
Insert into USERMRV.T_MAE_USUARIO_ROL (ID_USUARIO,ID_ROL,FLG_ESTADO,DES_COMENTARIO) values ('53','1','1',null);
Insert into USERMRV.T_MAE_USUARIO_ROL (ID_USUARIO,ID_ROL,FLG_ESTADO,DES_COMENTARIO) values ('54','1','1',null);
Insert into USERMRV.T_MAE_USUARIO_ROL (ID_USUARIO,ID_ROL,FLG_ESTADO,DES_COMENTARIO) values ('55','1','1',null);
Insert into USERMRV.T_MAE_USUARIO_ROL (ID_USUARIO,ID_ROL,FLG_ESTADO,DES_COMENTARIO) values ('59','1','1',null);
